1.466401613470225129e-06
8.786364560364745557e-07
3.148159422039498168e-08
1.122547104159821174e-07
1.447059538861594774e-08
1.794348776229526266e-07
1.899235968494394911e-07
1.258477766441501444e-07
0.000000000000000000e+00
8.723709470359608531e-06
1.785288183953070984e-08
4.484953919359213614e-08
1.481575218065245281e-08
1.081694449567294214e-06
6.641453182965051383e-06
1.948888339597942831e-08
0.000000000000000000e+00
1.424409674655180424e-06
1.365200091640872415e-06
2.611103354865917936e-06
1.816314636471361155e-07
2.673500603123102337e-05
2.744123506204232399e-08
3.083641502144018887e-07
1.713125463709275209e-08
3.118242375421687029e-06
1.818442569856415503e-07
9.624700396670959890e-07
2.076870515566042741e-07
5.674799922417150810e-06
4.070474460604600608e-06
1.557253381179179996e-05
1.423427846702907118e-07
5.391544618760235608e-06
3.948315861634910107e-05
1.383837968660373008e-07
2.268298703711479902e-05
2.968378566947649233e-06
1.631612889241296216e-07
2.921401119237998500e-06
6.428035703720524907e-07
1.868759568424138706e-06
4.510613962338538840e-07
6.990494938463598373e-08
7.354340709753159899e-07
1.051250546879600734e-05
5.332505566002510022e-07
0.000000000000000000e+00
2.727954097281326540e-06
1.116691166203054308e-07
2.507597173462272622e-06
2.856009132301551290e-06
4.919383513879438397e-07
2.710592525545507669e-06
6.578586635441752151e-06
6.792127805965719745e-06
3.711872409439820331e-07
1.696740582701750100e-05
3.992456640844466165e-06
1.864379191829357296e-05
2.813936134771211073e-06
1.874751615105196834e-05
6.188203769852407277e-06
3.339057366247288883e-05
2.321538204341777600e-06
2.755063288617520811e-09
8.339215185060311342e-08
1.924589469126658514e-06
6.897802791172580328e-07
1.981000650630448945e-06
4.527324563241563737e-06
1.662390559431514703e-06
2.011753622355172411e-06
3.876298706018133089e-06
2.926215529441833496e-06
8.014592822291888297e-06
7.741610716038849205e-06
2.450843794576940127e-06
2.330684037588071078e-05
4.761114382745290641e-07
1.193760965634282911e-07
5.244836756901349872e-06
8.243507181759923697e-06
9.841994142334442586e-06
4.673211515182629228e-05
2.623605951157514937e-06
1.649019907290494302e-07
3.131881669560243608e-07
8.863690709404181689e-06
8.460767276119440794e-06
8.323781344188319054e-07
7.364895964201423340e-07
1.182536379928933457e-05
1.219566343024780508e-06
1.623898788238875568e-05
4.166924554738216102e-06
3.973915227106772363e-06
6.369680704665370286e-06
2.447734232191578485e-06
1.498488302331679733e-07
1.029388499773631338e-06
2.888407152568106540e-06
2.928746425823192112e-06
1.621090291337168310e-06
5.923321623413357884e-06
3.779468897846527398e-06
2.404076894890749827e-06
3.856549938063835725e-06
2.719408030316117220e-06
1.686356540631095413e-06
2.060370292156221694e-07
4.112897386221447960e-06
1.336741661361884326e-05
1.335755882792000193e-06
3.003691290359711275e-06
2.033055352512747049e-05
2.359657401029835455e-06
2.233150553365703672e-06
1.069481004378758371e-05
2.463930059093399905e-06
4.595244718075264245e-06
2.145344069504062645e-06
8.442152648058254272e-06
6.076501449570059776e-06
1.068413530447287485e-05
3.053287400689441711e-06
7.536477369285421446e-06
5.418824457592563704e-06
6.064102763048140332e-06
7.622390057804295793e-06
4.987550255464157090e-06
3.224618694730452262e-06
1.447907197871245444e-05
2.516680297048878856e-06
2.487749725332832895e-06
2.245347104690154083e-06
8.756724128033965826e-06
2.042612834429746727e-07
9.139499752564006485e-07
5.649224021908594295e-06
2.127344714608625509e-06
5.226149369264021516e-06
6.102080988057423383e-06
5.182549557503079996e-06
1.094660001399461180e-05
1.614326151866407599e-06
1.270933353225700557e-06
1.249703359462728258e-06
2.550101498854928650e-06
9.865731044556014240e-06
3.271287823736201972e-06
5.198162398301064968e-06
1.239620761595006115e-08
2.282120714625079927e-09
3.022655681306218867e-09
2.666933824002626352e-06
1.073975795407022815e-06
1.287535997107625008e-05
2.595938440208556131e-06
5.694062110705999658e-07
2.123342213167234149e-08
5.147893222812172098e-09
1.244486702489666641e-05
1.131143179122773290e-09
1.808983114415241289e-07
1.078953673072646779e-07
2.428949846944306046e-05
1.762513079484051559e-06
3.771122464968357235e-06
1.184537268272833899e-06
9.372510545446743890e-10
5.461334922074456699e-07
3.186712262959190411e-07
3.611923204971390078e-07
8.864334688496455783e-08
4.143926616961834952e-06
1.004144412064533753e-08
8.421266670666227583e-07
3.411549869269947521e-07
1.354985488433158025e-05
3.884220589611686592e-08
8.301159759582787956e-09
2.548578059702322207e-08
3.725151742628440843e-09
6.671263008684036322e-08
4.530661712465189339e-08
4.989507033315021545e-06
4.645872877517831512e-07
1.672585625556166633e-07
4.671702299674507231e-06
0.000000000000000000e+00
1.770732751538162120e-06
5.476114438351942226e-06
7.736286988802021369e-08
7.987907935103066848e-08
4.664561856770887971e-07
3.077015264807414496e-08
8.535645861229568254e-07
3.504704295664851088e-07
6.648190719715785235e-06
2.297404307682882063e-06
6.762464295206882525e-07
4.153320389832515502e-07
2.862442897821892984e-06
1.225645149816045887e-07
1.153755192717653699e-06
7.227642413454304915e-07
1.037721730767771078e-07
4.151472499103192604e-09
4.648460283362965129e-09
7.528209167162458471e-09
2.032657930861603290e-10
1.223798928862152025e-08
6.948296105147022672e-11
2.621315388751099817e-06
5.708102790435987117e-08
8.017909181035065558e-08
3.972702415921958163e-06
2.900844151554338168e-07
1.968986907741054893e-06
1.424246761416725349e-06
1.975674877030542120e-06
7.607529823872027919e-07
2.412505182292079553e-06
1.266325966753356624e-06
1.392708242065054947e-07
9.593625804882321972e-08
5.162863772056880407e-07
8.260403205895272549e-07
6.192872774590796325e-07
1.538292053737677634e-07
4.714185024567996152e-07
5.932197382207959890e-06
9.190785590362793300e-07
2.886763468268327415e-06
2.248642886115703732e-06
1.917187688604826690e-07
1.996993859165741014e-08
5.760291355016988746e-09
4.144394161187392456e-09
3.011487024195957929e-07
4.479118231870415912e-08
1.567412141412205528e-06
8.440037504442443606e-07
1.491881903348257765e-06
1.250340915248671081e-07
1.537454608069310780e-07
2.482865468778072682e-09
2.197509047618950717e-06
4.322006930124189239e-08
6.630151094810798895e-09
6.953909448270678695e-09
5.865142682637269900e-08
3.066238818405508937e-09
0.000000000000000000e+00
1.005937065201578662e-06
8.719165833781516994e-08
2.323801709280814976e-05
7.383223419310525060e-07
5.732237582378729712e-07
5.870461450285802130e-08
7.672461066476898850e-08
1.119671022564716623e-08
6.870190816243848531e-08
0.000000000000000000e+00
0.000000000000000000e+00
2.914623564720386639e-06
1.050656010193051770e-05
3.519509391480823979e-06
8.863904810141320922e-08
0.000000000000000000e+00
0.000000000000000000e+00
2.929099025550385704e-07
3.127234435851278249e-07
9.612845985884632682e-08
1.899840935948304832e-05
1.319030388913233764e-06
7.453716222016737447e-08
1.497742041500771393e-09
3.807899773278222710e-09
3.784827740105356497e-08
3.893209310490419739e-08
1.538291911629130482e-07
1.740692852081338060e-07
3.689995198286055711e-09
9.452020321987220086e-08
3.980828466865204973e-07
3.169354840792948380e-06
1.260469062458469125e-08
1.972128700344910612e-07
1.576221256982535124e-05
8.592541007601539604e-07
4.382281204584614898e-08
4.261004505679011345e-06
7.406997610814869404e-07
7.324786821527595748e-08
1.242320422534248792e-06
2.132685352762564435e-07
2.571441939380747499e-07
8.612053292722521292e-09
9.302671060140710324e-07
2.823393288053921424e-07
0.000000000000000000e+00
7.459413087218536020e-10
8.837295695229840931e-07
8.002680260688066483e-07
6.855960918983328156e-07
2.043785229943750892e-07
0.000000000000000000e+00
5.358084465001411445e-08
3.350894228759671023e-09
1.978641606115161267e-08
1.680680372651011112e-09
6.914854111528256908e-07
2.880888132494874299e-07
2.621363591970293783e-06
9.873357242895508534e-09
0.000000000000000000e+00
8.351038331966265105e-07
7.155801995395449921e-07
1.140967583523888607e-06
2.667750038654048694e-07
4.194335101459500947e-09
1.225178607455745805e-07
3.988835942436708137e-06
5.777077927149321113e-09
0.000000000000000000e+00
3.742061938094565221e-10
4.756587259180378169e-06
2.570842525528860278e-07
7.975339144650206435e-07
1.183429620965625872e-08
2.683616440180003337e-09
1.065193828253541142e-06
1.407062518410384655e-05
5.853615547835033794e-08
3.415699945108485736e-09
2.676528367828723276e-07
3.475348364645469701e-08
3.659406218048388837e-07
2.663685094717038737e-08
1.188513842897975792e-09
1.718433928488138918e-08
1.779128069756552577e-06
0.000000000000000000e+00
6.391709916897525545e-07
1.356173697786289267e-06
1.467020780410166481e-07
9.774851150723407045e-09
1.259961646127294443e-08
5.246223508947878145e-07
7.016521976765943691e-07
1.174405838355596643e-06
9.835372338784509338e-07
3.411838065403571818e-07
6.236909939616452903e-06
4.429668649663653923e-07
4.284835085854865611e-06
0.000000000000000000e+00
1.330931581833283417e-06
2.608345539556466974e-07
1.442054440303763840e-06
0.000000000000000000e+00
0.000000000000000000e+00
0.000000000000000000e+00
1.221182355237715456e-08
0.000000000000000000e+00
0.000000000000000000e+00
1.619252842921525826e-09
1.899542354522054666e-07
2.933056908460685008e-09
0.000000000000000000e+00
1.107845150727371220e-06
9.065237804861681070e-07
1.473940898222281248e-07
1.591015674762275012e-08
1.001532079492051253e-09
1.821840317495215800e-10
1.774038693724833138e-09
2.263676712743745156e-08
5.026806775276781991e-06
1.984822830536359106e-07
1.545203190289612394e-06
7.824762178643140942e-06
1.103420785852904373e-07
7.979314986528152076e-09
4.644677886744830175e-08
7.643522081934861490e-08
1.855243226600578055e-06
0.000000000000000000e+00
6.961980769659703583e-09
2.519190275052096695e-06
7.909041754849965855e-10
2.419289213406727868e-10
1.691483078047895106e-07
1.327346978996502003e-07
2.975282953343594272e-08
1.176170716377100689e-08
4.629314265258699379e-09
1.852512099276282242e-08
2.164485977118602023e-06
1.043899374053580686e-06
1.872457573881547432e-06
7.406330269077443518e-07
2.625784816245868569e-07
4.441248620423721150e-06
9.217104889103211462e-06
2.201880761276697740e-06
2.821120915541541763e-06
3.295487545074138325e-07
9.176563253276981413e-06
1.949527188571664738e-07
4.259392483163537690e-07
7.758309266137075610e-07
2.024057010885371710e-07
1.304211405539490443e-08
0.000000000000000000e+00
5.222887011768762022e-07
1.068240635504480451e-06
4.405248148486862192e-07
3.644698836069437675e-07
8.751509312787675299e-07
1.510228912593447603e-06
2.130861673776962562e-07
1.197128540297853760e-06
4.439742497197585180e-06
2.553370904934126884e-06
5.490900321092340164e-07
4.136248676900322607e-09
5.129358555677754339e-07
8.672299856016252306e-08
2.338198523688106434e-09
3.044437733024096815e-07
1.456380438469295768e-08
3.692211123507149750e-07
3.910134296347678173e-07
5.271548957352933940e-07
0.000000000000000000e+00
2.082122385616003157e-08
2.617348968669830356e-07
0.000000000000000000e+00
2.299816088680017856e-07
3.803789727641060381e-09
2.992226768583350349e-07
7.239265755742962938e-07
2.317436553767038276e-08
7.753948807476263028e-07
8.071029261591533555e-11
4.161399669300180904e-09
0.000000000000000000e+00
0.000000000000000000e+00
0.000000000000000000e+00
0.000000000000000000e+00
0.000000000000000000e+00
0.000000000000000000e+00
1.059657431246030512e-10
0.000000000000000000e+00
8.711012355888669845e-09
0.000000000000000000e+00
1.666072790840189555e-07
1.010520165323214314e-07
0.000000000000000000e+00
0.000000000000000000e+00
9.375086484908479179e-09
0.000000000000000000e+00
7.776699817441112828e-08
3.360105154115444748e-07
0.000000000000000000e+00
2.951650859492338519e-12
0.000000000000000000e+00
1.511744951443461105e-09
2.601355504339153413e-07
0.000000000000000000e+00
5.483185304910875857e-06
3.449783321229915600e-07
3.214477573010299238e-09
5.030260652461038262e-08
7.743901548652731837e-13
1.677271484368247911e-06
3.863956692384817870e-07
0.000000000000000000e+00
0.000000000000000000e+00
1.145128658563976387e-09
2.858612457856679612e-09
7.903149707999546081e-07
1.783406133881726419e-07
9.728169381162388163e-09
8.126122885698805476e-09
1.123183778872771654e-06
1.446877149646752514e-06
4.283984722519562638e-08
1.650505851102934685e-06
9.314994997566827806e-08
4.503577955006221600e-08
4.312089174618449761e-07
1.235632538509889855e-07
1.682926381363358814e-06
1.717268816037176293e-07
7.207524799213160804e-09
2.096250728556015019e-09
5.484275220624112990e-07
4.323234659153740722e-09
1.309417825723357964e-06
4.224807980790501460e-06
2.752172101327943210e-10
4.711418114311527461e-06
3.405624227070802590e-07
1.744990413499181159e-06
2.819927829023072263e-07
1.761637768993296049e-08
1.002225758384156507e-06
1.736288055553814047e-07
1.789060913304219014e-11
0.000000000000000000e+00
2.174173005187185481e-06
1.625393110771256033e-06
4.952995823259698227e-06
0.000000000000000000e+00
4.072061983606545255e-06
0.000000000000000000e+00
2.789872155517514329e-08
3.514169177876169670e-09
1.723445031132087024e-08
0.000000000000000000e+00
0.000000000000000000e+00
0.000000000000000000e+00
1.765494772598685813e-07
5.535619607144326437e-07
4.262831225787522271e-07
6.338240723380295094e-07
7.757345876768795279e-09
6.892728610097265118e-09
9.207765572227799566e-08
4.527130670339829521e-08
1.537227234393867548e-08
4.392429753252713454e-10
2.859312644432066008e-07
2.934363692475017160e-06
2.811258354995516129e-07
1.582532831889693625e-06
9.821123967412859201e-07
1.729135874484200031e-07
4.191302593881118810e-07
0.000000000000000000e+00
7.223815714496595319e-07
0.000000000000000000e+00
1.991776343857054599e-06
0.000000000000000000e+00
2.895745865316712297e-09
7.865302364962190040e-08
4.326022917666705325e-06
0.000000000000000000e+00
0.000000000000000000e+00
0.000000000000000000e+00
0.000000000000000000e+00
0.000000000000000000e+00
2.868947301948310269e-10
2.710898394653327159e-09
1.497745705236752656e-09
0.000000000000000000e+00
0.000000000000000000e+00
0.000000000000000000e+00
0.000000000000000000e+00
0.000000000000000000e+00
0.000000000000000000e+00
4.422235022616405331e-09
0.000000000000000000e+00
3.416503204789478332e-06
0.000000000000000000e+00
1.875377790838683723e-07
0.000000000000000000e+00
0.000000000000000000e+00
3.097821661413036054e-07
1.016386249830247834e-06
0.000000000000000000e+00
2.233410754115539021e-07
3.821996941155703098e-08
0.000000000000000000e+00
7.234536525402290863e-08
9.235651354799756518e-09
1.080741094483528286e-05
1.155797662022450822e-07
3.948867117742338451e-07
3.472456766573372988e-10
3.490545075202078351e-10
5.364760369275245466e-08
0.000000000000000000e+00
1.810821892433978064e-08
1.174744397758331615e-06
0.000000000000000000e+00
2.210598371021887942e-11
3.275823132753430400e-07
7.306604743462230545e-07
1.662503876787013724e-07
2.937633780675241724e-07
2.820449708451633342e-06
4.237213317992427619e-07
7.909037549325148575e-07
1.084977441223600181e-08
1.264296844993850755e-08
2.884457330765144434e-07
7.873111371736740693e-07
8.695622000232106075e-08
0.000000000000000000e+00
1.078282730304636061e-05
5.046705808808837901e-08
0.000000000000000000e+00
6.356750681391076796e-09
4.436869573964941083e-07
1.682948891357227694e-08
1.000234561843171832e-07
4.434368428007928742e-10
4.406027755976538174e-07
9.818215858103940263e-07
1.210187576816679211e-07
4.998505573894362897e-07
5.290913759381510317e-05
7.222279219121219285e-09
1.127296229697094532e-07
4.472395573884568876e-07
2.084324796092218435e-10
0.000000000000000000e+00
1.953237187990453094e-06
1.250160266863531433e-06
4.877388732893450651e-07
1.469138921628143635e-09
1.073939188245276455e-06
0.000000000000000000e+00
1.672766103411049698e-08
3.136906912004633341e-07
3.238125323434815073e-09
5.959943223388108891e-07
0.000000000000000000e+00
2.242626528925484308e-08
1.294068056267860811e-06
2.374379137748405810e-09
1.981832831177143817e-08
3.050636721013688657e-08
1.038857178059515718e-07
9.513677241557161324e-07
0.000000000000000000e+00
0.000000000000000000e+00
4.275065066394745372e-07
1.209046786243561655e-06
0.000000000000000000e+00
1.997527254715691925e-09
1.904293966958903184e-08
1.383376790897727915e-08
3.630150558819877915e-06
1.246012431010967703e-07
6.574239819201466162e-07
5.620825049845734611e-07
3.757232605039462214e-07
5.050115987614844926e-07
0.000000000000000000e+00
2.356757704546907917e-06
3.358308617862348910e-07
8.192279210561537184e-08
0.000000000000000000e+00
4.734212666335224640e-08
0.000000000000000000e+00
0.000000000000000000e+00
0.000000000000000000e+00
0.000000000000000000e+00
1.574124723902059486e-07
0.000000000000000000e+00
0.000000000000000000e+00
5.046417062004593390e-09
5.240116118798709977e-10
0.000000000000000000e+00
2.919448505167565600e-08
1.973956109679875226e-08
0.000000000000000000e+00
0.000000000000000000e+00
0.000000000000000000e+00
0.000000000000000000e+00
1.874428612325118593e-09
4.419896004748125051e-09
0.000000000000000000e+00
0.000000000000000000e+00
0.000000000000000000e+00
0.000000000000000000e+00
0.000000000000000000e+00
2.353933226117987942e-08
0.000000000000000000e+00
0.000000000000000000e+00
5.178597348276525736e-06
1.957864315116353282e-09
0.000000000000000000e+00
1.416129158382517517e-10
0.000000000000000000e+00
6.689381826241458384e-10
0.000000000000000000e+00
0.000000000000000000e+00
4.118992819712730125e-06
3.814656679423933383e-07
2.991989234146785748e-08
0.000000000000000000e+00
5.521288315435413097e-09
1.185496444122691173e-06
2.063094797222220222e-07
0.000000000000000000e+00
5.669412495024062082e-09
4.686234955642021305e-09
4.318597177643823670e-07
5.526146651391172782e-09
0.000000000000000000e+00
4.579487900002732204e-09
0.000000000000000000e+00
0.000000000000000000e+00
3.588470676163524331e-08
1.148247505966537574e-07
4.686476628990021709e-08
4.845556759391911328e-06
3.401277126613422297e-07
1.707436581455112901e-06
4.483630107188218972e-07
6.048252032542222878e-08
1.301242207318864530e-07
3.702478124978370033e-06
3.785526203614608676e-08
7.389557765691279201e-08
3.506604784320188628e-08
1.034283858558637803e-08
6.311324796115513891e-07
2.345165967199136503e-06
0.000000000000000000e+00
4.373296633275458589e-06
2.908530234435602324e-07
9.136010135080141481e-07
3.381652504685916938e-07
7.743003038740425836e-07
2.290211575939338218e-08
1.021965090330922976e-07
7.183297157098422758e-08
4.179315965302521363e-06
2.307404542989388574e-07
4.590032460782822454e-07
4.471047088117074964e-09
4.381637666028836975e-07
0.000000000000000000e+00
1.595639673723781016e-06
4.818340926249220502e-07
6.691139020631453604e-08
2.663551413206732832e-06
1.335140609182161597e-10
0.000000000000000000e+00
0.000000000000000000e+00
0.000000000000000000e+00
2.280147555211442523e-06
2.302257939845731016e-08
9.877537010538617324e-09
3.399373560419860496e-10
3.592712261024644249e-08
8.692224895412437036e-08
5.998865848511059085e-09
0.000000000000000000e+00
1.730183640802351874e-08
6.168709631992896902e-08
7.314749268516607117e-07
0.000000000000000000e+00
1.325748844038798779e-08
8.603205969848204404e-08
7.535069102004854358e-08
5.248579526551111485e-08
2.370962981501634204e-08
0.000000000000000000e+00
0.000000000000000000e+00
2.726858738810733485e-09
0.000000000000000000e+00
0.000000000000000000e+00
4.319266722063730413e-09
1.166298275734334311e-07
0.000000000000000000e+00
0.000000000000000000e+00
0.000000000000000000e+00
4.419012356038365397e-08
1.543561722883168841e-07
3.560779004985192842e-09
3.285402385699853767e-07
0.000000000000000000e+00
9.668074341107057990e-09
8.270137463739501982e-09
1.055878229294648918e-07
1.724311893269714346e-08
4.122133034911712457e-08
1.375050961982537956e-09
0.000000000000000000e+00
0.000000000000000000e+00
8.609537758275109809e-07
5.429142291291100264e-08
9.834920092544052750e-06
0.000000000000000000e+00
8.440552079491681070e-08
0.000000000000000000e+00
2.113265534786634703e-10
0.000000000000000000e+00
6.253498136395098037e-15
7.527420109454396879e-08
4.996412371838232502e-06
0.000000000000000000e+00
1.127425441893592506e-08
7.227577043522614986e-07
3.397796177750933566e-08
1.245743064259841049e-08
2.445605673528916668e-07
1.722313413665688131e-06
2.193283776819043851e-08
9.757857100112232729e-08
7.230297249805062165e-09
2.312539066906538210e-07
2.180191813749843277e-07
2.561685030766369664e-10
0.000000000000000000e+00
5.213125859881984070e-07
3.092759754963481100e-07
1.736758463266596664e-06
5.719313378449442098e-08
3.418840606173034757e-06
3.659523031274147797e-07
5.807703473692527041e-07
7.121499834283895325e-09
1.978699856408638880e-06
5.908426192746674133e-09
5.211134634919289965e-07
1.799187771212018561e-06
1.069196969183394685e-06
1.710525452836009208e-06
1.040216011460870504e-05
0.000000000000000000e+00
6.362586191244190559e-06
4.738046470720291836e-07
3.728860747287399136e-06
5.342640179151203483e-07
6.027102244843263179e-06
2.914127783526510029e-08
5.619040166493505239e-07
1.710187689241138287e-06
6.086672832417150403e-11
1.226673589371785056e-07
1.362939769933291245e-07
6.727466939082660247e-08
8.264648272415797692e-07
3.576147946660057642e-07
1.157967943754556472e-07
4.461221294604911236e-07
7.702796622766072687e-09
8.182412081225720613e-09
0.000000000000000000e+00
1.965892579391947947e-06
5.549745107913395259e-09
9.876761630778219114e-10
0.000000000000000000e+00
0.000000000000000000e+00
2.215985261955211172e-07
2.533091389977926156e-07
0.000000000000000000e+00
4.246339102564888890e-08
3.942101329812430777e-07
0.000000000000000000e+00
4.911359155812533572e-06
5.971763528123119613e-08
0.000000000000000000e+00
1.083206679908244041e-08
2.367725215890459367e-08
2.194502712882240303e-06
5.634895927641991875e-08
1.954673081172586535e-07
5.153036113370035309e-07
0.000000000000000000e+00
0.000000000000000000e+00
0.000000000000000000e+00
0.000000000000000000e+00
0.000000000000000000e+00
0.000000000000000000e+00
0.000000000000000000e+00
0.000000000000000000e+00
0.000000000000000000e+00
0.000000000000000000e+00
6.103949012903342464e-10
0.000000000000000000e+00
1.895886327929474646e-07
3.786259838989280979e-08
6.700521737457165727e-08
4.287047872253424430e-08
2.308759761149303813e-08
2.066092292807297781e-07
6.977975886002241168e-07
4.513455831300916543e-09
3.592601771629233554e-08
8.329217315861114912e-09
5.021205140565143665e-08
7.964801262971832330e-09
9.214127061341059743e-08
9.961554496840108186e-07
8.922798997446079738e-07
8.229563697170760861e-09
0.000000000000000000e+00
2.111948333549662493e-06
2.898258060213265708e-07
6.249569395322396304e-08
0.000000000000000000e+00
0.000000000000000000e+00
5.805498304312095570e-10
0.000000000000000000e+00
8.047965707191906404e-07
4.986121737715620839e-09
6.295120869026504806e-08
1.666613291817498066e-09
6.122999884894397837e-09
4.636746542274750027e-10
0.000000000000000000e+00
4.937168895935428736e-08
2.002073784534985634e-10
1.658209392019216466e-08
0.000000000000000000e+00
9.432458369929008768e-08
0.000000000000000000e+00
7.482028330230150459e-10
7.242503580369430427e-13
0.000000000000000000e+00
0.000000000000000000e+00
0.000000000000000000e+00
0.000000000000000000e+00
9.729138383818281000e-09
6.045782541264088650e-09
0.000000000000000000e+00
0.000000000000000000e+00
6.031107835369198256e-10
0.000000000000000000e+00
0.000000000000000000e+00
1.943000427218066761e-09
0.000000000000000000e+00
8.344139601490496716e-09
0.000000000000000000e+00
0.000000000000000000e+00
0.000000000000000000e+00
0.000000000000000000e+00
0.000000000000000000e+00
0.000000000000000000e+00
3.453051178325949877e-08
0.000000000000000000e+00
0.000000000000000000e+00
3.845736229468599277e-10
0.000000000000000000e+00
1.681220829219398638e-09
6.056757317907113247e-09
5.948896841800888069e-08
0.000000000000000000e+00
1.589678111368897362e-10
1.269540117476708474e-08
9.667068034957537748e-09
0.000000000000000000e+00
0.000000000000000000e+00
2.567195067637584316e-10
2.893558985306299292e-06
3.193791453526273472e-09
1.099309656638070010e-06
1.627998003073116706e-08
3.652214445537538268e-06
1.440401704161375918e-11
3.522298452907079991e-09
2.111890928802040435e-08
2.886953780034673400e-06
3.692703920421536168e-10
6.680630804112297483e-07
8.555998647352680564e-07
5.673467251554598079e-10
6.173947326715278905e-07
1.294060552936571185e-06
1.717439062076664413e-07
2.701395487747504376e-06
3.255768660892499611e-06
4.392266873765038326e-06
8.193163125724822748e-07
3.201264462404651567e-06
5.887962402084667701e-07
3.526048786284263770e-08
1.131985505331556396e-09
3.150680925045890035e-07
7.449984877894166857e-07
4.154879320594773162e-07
4.606937609175076886e-10
3.322154498164309189e-07
9.792476163283936330e-08
5.738341997130191885e-07
4.289802646439966338e-08
3.011782823136854859e-08
2.466033821590940533e-09
6.151063303150294814e-07
1.295878860219090711e-06
3.171143556079947246e-11
1.482967171284599317e-08
1.366775279620924266e-07
0.000000000000000000e+00
0.000000000000000000e+00
9.156759794848312595e-09
2.251838715494614007e-09
1.152963502448756117e-08
6.515274435514584184e-07
4.658867513995801346e-09
6.322543599779351098e-10
9.520625399161986024e-10
2.648280705841443705e-09
0.000000000000000000e+00
0.000000000000000000e+00
5.357871032174443826e-06
2.883254968111259586e-09
0.000000000000000000e+00
0.000000000000000000e+00
7.148590053240866382e-11
4.591792901464941679e-07
1.061199341734209156e-07
6.402069629984907806e-07
0.000000000000000000e+00
0.000000000000000000e+00
1.130762896650594485e-07
0.000000000000000000e+00
7.513600408515230811e-09
0.000000000000000000e+00
1.048113205115441815e-07
0.000000000000000000e+00
0.000000000000000000e+00
4.465403833364689490e-07
0.000000000000000000e+00
8.397089246159339382e-09
1.017277099890634418e-06
0.000000000000000000e+00
2.109984507114859298e-06
0.000000000000000000e+00
1.412161676483947303e-08
9.591222749349981314e-08
5.607271980068162520e-09
0.000000000000000000e+00
1.159820186558135902e-07
2.256985176529724413e-08
5.365902211451611947e-07
1.564602614134713576e-10
0.000000000000000000e+00
6.348724923554982524e-08
0.000000000000000000e+00
0.000000000000000000e+00
0.000000000000000000e+00
4.579456458486674819e-07
0.000000000000000000e+00
2.772734148948075017e-07
0.000000000000000000e+00
2.266052412380759051e-08
0.000000000000000000e+00
0.000000000000000000e+00
8.146568752920302359e-09
0.000000000000000000e+00
0.000000000000000000e+00
1.475866846269158206e-12
0.000000000000000000e+00
0.000000000000000000e+00
0.000000000000000000e+00
7.919645099718763959e-07
4.605109040767274564e-07
0.000000000000000000e+00
2.061808288544852985e-07
0.000000000000000000e+00
6.681428299515346225e-09
7.969432402887832723e-08
6.981069304856646340e-07
2.373550159973092377e-06
9.361861508239144314e-09
3.376622359496650461e-08
0.000000000000000000e+00
0.000000000000000000e+00
0.000000000000000000e+00
4.058220870462037055e-09
1.718170605791158323e-10
0.000000000000000000e+00
4.483613338379655033e-07
0.000000000000000000e+00
0.000000000000000000e+00
4.081642259734508116e-07
4.978850824954861309e-07
3.365327128079798058e-09
0.000000000000000000e+00
2.915156560590048684e-09
0.000000000000000000e+00
0.000000000000000000e+00
1.312662312180634672e-09
0.000000000000000000e+00
0.000000000000000000e+00
6.000915764303726974e-09
1.424916149517230224e-07
1.948095018633466680e-08
1.948740191437536851e-07
1.447082009775613187e-08
2.884084260301733593e-08
1.645817482298639334e-09
3.529526892975809460e-08
2.384777246788871707e-07
2.357642188144382089e-07
2.558380840511631504e-09
2.963948020351381274e-07
6.138106414255162235e-07
6.808517638567934682e-11
9.647861816119984724e-07
3.882225385609672230e-08
9.810283785327555961e-08
1.009415655062184669e-06
1.145199206575853168e-07
0.000000000000000000e+00
3.522290171531494707e-06
0.000000000000000000e+00
5.654944601474198862e-08
5.508363898343304754e-08
2.624807704521003870e-09
6.142424240351829212e-07
1.189313366012356710e-06
7.233668384287739173e-07
3.235302585835597711e-07
1.031354941005702130e-06
6.054131631572090555e-07
1.706427497083495837e-07
8.418901416007429361e-07
2.793776729959063232e-07
1.989217480513616465e-06
7.749596875328279566e-07
6.628579853895644192e-07
4.885081352767883800e-07
7.185821004895842634e-08
0.000000000000000000e+00
3.268653927079867572e-06
1.301027374722707464e-08
1.715574904359584707e-11
0.000000000000000000e+00
3.285053026047535241e-06
1.929709924297640100e-06
6.298013204286689870e-07
0.000000000000000000e+00
0.000000000000000000e+00
3.386414482164923356e-10
2.943275134725809039e-08
0.000000000000000000e+00
2.132047143277304713e-07
4.924380014870166633e-09
2.867889179469784722e-06
6.948774171178229153e-06
0.000000000000000000e+00
6.639314431566845087e-09
0.000000000000000000e+00
1.305812080687474008e-08
4.619313642706401879e-08
0.000000000000000000e+00
3.222297380034433445e-07
1.177642943162027223e-07
8.998017442252148612e-09
7.265845258785930127e-09
0.000000000000000000e+00
1.494900857323955279e-06
3.591842983041715343e-07
0.000000000000000000e+00
0.000000000000000000e+00
2.537537646674081770e-08
1.817828554351308412e-08
0.000000000000000000e+00
0.000000000000000000e+00
0.000000000000000000e+00
4.805174924626953725e-08
0.000000000000000000e+00
0.000000000000000000e+00
0.000000000000000000e+00
0.000000000000000000e+00
0.000000000000000000e+00
0.000000000000000000e+00
9.848530879708050634e-08
4.266735409430566506e-09
8.572535570294803620e-09
1.237713309620858126e-08
5.022606046622968279e-07
5.823785613756626844e-07
5.772947453408505680e-09
0.000000000000000000e+00
2.443692892484250478e-06
8.903326715881121345e-07
2.616520333731386927e-09
1.800114279859599264e-09
2.322268377596969913e-09
0.000000000000000000e+00
0.000000000000000000e+00
3.036317419713441268e-09
5.070065611789686955e-08
3.592391717432974474e-09
0.000000000000000000e+00
0.000000000000000000e+00
9.971180325862860627e-09
0.000000000000000000e+00
1.692581150791738764e-07
0.000000000000000000e+00
0.000000000000000000e+00
0.000000000000000000e+00
0.000000000000000000e+00
1.108784772441140376e-06
0.000000000000000000e+00
3.527567571381950984e-07
0.000000000000000000e+00
2.512224039907806628e-10
9.339415640852166689e-08
0.000000000000000000e+00
0.000000000000000000e+00
0.000000000000000000e+00
0.000000000000000000e+00
0.000000000000000000e+00
0.000000000000000000e+00
8.330810032930457965e-07
3.975508988673936983e-08
0.000000000000000000e+00
1.264967522729421034e-06
2.310952096351570617e-09
0.000000000000000000e+00
1.603219956791690493e-08
2.431195689212017896e-09
8.334951218103014980e-08
1.135335239155210729e-07
6.071029012844064709e-09
0.000000000000000000e+00
0.000000000000000000e+00
3.464507791761661792e-09
0.000000000000000000e+00
0.000000000000000000e+00
5.245907264139759718e-09
3.189311215123780130e-08
5.262260072136371036e-10
0.000000000000000000e+00
1.000920346605482791e-09
0.000000000000000000e+00
5.331594055135724375e-10
0.000000000000000000e+00
4.913905513603822328e-07
0.000000000000000000e+00
0.000000000000000000e+00
0.000000000000000000e+00
0.000000000000000000e+00
1.148784889437592938e-08
0.000000000000000000e+00
0.000000000000000000e+00
4.032504052897678548e-10
0.000000000000000000e+00
7.348743565671611577e-06
0.000000000000000000e+00
0.000000000000000000e+00
0.000000000000000000e+00
0.000000000000000000e+00
0.000000000000000000e+00
7.360496283581596799e-07
0.000000000000000000e+00
0.000000000000000000e+00
0.000000000000000000e+00
0.000000000000000000e+00
1.881203637310591148e-09
8.562543563073177211e-09
0.000000000000000000e+00
0.000000000000000000e+00
1.281599338653904852e-06
1.973517100850585848e-06
0.000000000000000000e+00
5.218969700848674620e-09
5.587613927104939648e-09
0.000000000000000000e+00
0.000000000000000000e+00
1.257013104716264706e-10
0.000000000000000000e+00
6.430587173866797457e-10
8.921029248654122057e-09
0.000000000000000000e+00
2.222695059117540950e-07
0.000000000000000000e+00
1.298993890230804027e-08
6.538825036983553218e-10
0.000000000000000000e+00
0.000000000000000000e+00
5.454874774102336232e-09
5.098633693023657543e-08
1.720911313896067441e-06
6.461736035134890699e-08
8.895323171630165060e-13
9.828638347642026929e-09
1.237583887814253103e-06
1.236182711750188901e-08
1.066258846549317241e-06
3.208755217087855272e-08
3.420676421228563413e-06
2.758590511575675919e-08
3.017876226696358799e-11
4.223666110192425549e-07
1.322674592074690736e-08
1.093227197657142824e-08
5.502910198629251681e-07
8.863481504306491843e-09
6.077864327380666509e-07
8.887336377938481746e-08
4.894402660937657856e-09
1.288928501708141994e-07
1.927050305994271184e-07
6.455024958995636553e-08
3.721215762197971344e-07
2.103196194980228029e-08
3.146958171482139299e-12
1.794718400560668670e-06
1.573801228005322628e-06
8.770429715809768823e-09
3.308677776203694521e-07
0.000000000000000000e+00
2.382555067015346140e-06
5.686065378540661186e-07
4.222444658807944506e-06
1.504355040538030153e-08
8.873411388776730746e-06
1.361739350613788702e-06
1.905498550058837282e-07
0.000000000000000000e+00
3.806253062066389248e-06
2.585387903764058137e-08
7.668234616176050622e-07
3.796379388631976326e-08
4.250526330906723160e-07
2.946658241853583604e-07
9.068566697578717140e-08
2.882222105426990311e-08
2.896914281791396206e-07
1.821203170493390644e-07
7.573252673864772078e-07
3.345573134083679179e-07
1.428926310609313077e-08
3.624988664796546800e-07
2.375606982241151854e-06
3.956463601184623258e-09
1.410914364896598272e-06
5.687478932259182329e-08
0.000000000000000000e+00
7.417730074621431413e-08
1.802357041391644543e-09
2.837081014561704251e-09
4.076467519098514458e-08
2.338970350734825843e-09
1.961274392670020461e-06
0.000000000000000000e+00
1.277555043088796083e-06
0.000000000000000000e+00
1.583122752890631091e-06
6.294614607327275735e-09
7.037257443442967997e-09
1.300977903184730167e-08
0.000000000000000000e+00
3.285965419763670070e-07
7.750499264602694893e-08
0.000000000000000000e+00
0.000000000000000000e+00
1.592746627920860192e-07
0.000000000000000000e+00
0.000000000000000000e+00
0.000000000000000000e+00
0.000000000000000000e+00
2.535566423489399313e-08
8.015728525379017810e-08
0.000000000000000000e+00
0.000000000000000000e+00
0.000000000000000000e+00
5.394467095243271615e-09
0.000000000000000000e+00
0.000000000000000000e+00
0.000000000000000000e+00
2.015110034392364469e-08
4.610891579659437411e-08
3.694672727760917041e-07
2.391282123426208273e-07
2.257470896438462660e-06
1.225251139658212196e-06
4.936423465551342815e-07
3.742029974773686263e-08
6.480646561612957157e-07
1.283117967432190198e-07
5.027490033171488903e-07
9.210590512509497785e-09
2.062909345568186836e-07
1.289731077491751421e-08
0.000000000000000000e+00
0.000000000000000000e+00
1.928317949762003991e-08
0.000000000000000000e+00
4.102836612673854688e-07
0.000000000000000000e+00
0.000000000000000000e+00
1.488725853704409019e-08
0.000000000000000000e+00
0.000000000000000000e+00
0.000000000000000000e+00
1.157765510129138420e-07
8.962123843048175331e-08
0.000000000000000000e+00
0.000000000000000000e+00
0.000000000000000000e+00
0.000000000000000000e+00
0.000000000000000000e+00
2.647308861014607828e-07
8.535472062476401334e-08
0.000000000000000000e+00
0.000000000000000000e+00
3.362466145517828409e-07
2.877596383399350088e-09
0.000000000000000000e+00
2.574001655375468545e-06
0.000000000000000000e+00
1.233944280087939660e-09
1.549050665516915615e-08
4.175797554961668823e-11
9.620515939445795084e-09
0.000000000000000000e+00
7.789706160110654309e-07
0.000000000000000000e+00
1.138948917400739447e-07
0.000000000000000000e+00
0.000000000000000000e+00
3.725876069893274689e-07
0.000000000000000000e+00
0.000000000000000000e+00
2.432433063859207323e-07
9.226230304193450138e-07
2.115449682094094896e-08
9.073758633348916192e-09
6.129313168123928790e-10
1.595253529274032189e-08
2.477980931558931843e-09
0.000000000000000000e+00
1.229896451349077324e-08
2.143981703284225659e-07
1.641834330712299561e-07
1.256801169802201912e-07
1.339552682111389004e-06
4.682996177507448010e-07
4.931459329782228451e-07
3.759109645784519671e-08
1.952042936181896948e-07
5.115914092357343179e-08
3.448005827522138134e-06
2.384433912538952427e-07
6.808162567040199065e-08
7.842230864696375647e-09
1.674105476467957487e-08
9.448636006936794729e-08
1.420374076133157359e-07
2.490346275862975745e-07
6.459314363382873125e-07
7.810822921783255879e-07
2.762551787327538477e-08
2.715328051294818579e-08
6.611284675273054745e-08
9.547881063554086722e-08
1.350623165308206808e-06
1.098182877967701643e-09
7.809355828669595212e-09
7.963983250647288514e-08
3.443670038905111142e-06
5.713665132134337910e-07
9.937901950252125971e-07
1.200180150817686808e-07
1.075987938747857697e-06
3.132328743049583863e-07
3.134473347543575983e-09
0.000000000000000000e+00
7.785161848516963801e-09
8.924497807427655971e-10
3.855749941550357107e-09
0.000000000000000000e+00
1.325009790775766305e-08
3.366635894508362981e-07
6.825669629506592173e-07
1.507720526205957867e-07
8.178554722348962969e-09
0.000000000000000000e+00
2.217007555316286016e-08
7.954350422778588836e-08
6.330064916681976683e-09
0.000000000000000000e+00
7.479196817428146460e-09
0.000000000000000000e+00
6.467851676461577881e-08
6.680630715294455513e-09
6.482375400351791939e-12
6.479225489464113252e-10
0.000000000000000000e+00
0.000000000000000000e+00
3.772887779973643774e-09
1.708568753144845687e-08
0.000000000000000000e+00
1.135220476650156129e-11
0.000000000000000000e+00
1.304766183984895633e-09
0.000000000000000000e+00
9.893438068786508666e-09
2.650455632746684387e-09
1.117612780099364045e-09
1.843674768409186981e-09
0.000000000000000000e+00
0.000000000000000000e+00
2.313023772515521159e-09
0.000000000000000000e+00
1.514492176113435562e-08
5.976199136253912414e-12
5.794935087344299518e-10
0.000000000000000000e+00
2.987541236620927521e-08
9.913262211114215461e-09
0.000000000000000000e+00
1.188856213474309698e-08
2.341894178581327424e-10
5.550918391605819124e-09
0.000000000000000000e+00
1.879048472375188794e-09
9.671181189219169028e-09
3.795528780159429516e-09
0.000000000000000000e+00
6.605093139100404187e-10
0.000000000000000000e+00
0.000000000000000000e+00
0.000000000000000000e+00
2.705408164160871820e-08
3.760060565127787413e-07
6.871987423551217944e-09
0.000000000000000000e+00
0.000000000000000000e+00
1.242967839765185545e-09
1.401424309932508550e-08
5.616061571345198900e-07
0.000000000000000000e+00
0.000000000000000000e+00
1.978949448755429330e-09
1.580904495313006919e-06
6.051740886192646940e-09
0.000000000000000000e+00
0.000000000000000000e+00
0.000000000000000000e+00
2.473053370977140730e-07
0.000000000000000000e+00
1.626030581292070565e-07
0.000000000000000000e+00
0.000000000000000000e+00
7.959304326732308255e-10
2.278922295317897806e-07
0.000000000000000000e+00
9.057203875784125557e-09
9.442883879273722414e-07
0.000000000000000000e+00
0.000000000000000000e+00
6.890173320783787858e-09
3.099555279106880334e-09
1.519779289083089679e-06
0.000000000000000000e+00
7.856004735629085189e-09
0.000000000000000000e+00
1.987160436200952063e-09
3.432394279911932244e-08
9.755815710832393961e-09
0.000000000000000000e+00
1.900561708012560302e-09
0.000000000000000000e+00
0.000000000000000000e+00
2.075023486369786951e-10
0.000000000000000000e+00
0.000000000000000000e+00
5.412050363418074994e-09
0.000000000000000000e+00
0.000000000000000000e+00
0.000000000000000000e+00
0.000000000000000000e+00
2.444187963135391328e-09
4.813768050837552437e-09
0.000000000000000000e+00
1.871470090009097476e-07
0.000000000000000000e+00
2.583476089057512581e-06
0.000000000000000000e+00
0.000000000000000000e+00
0.000000000000000000e+00
2.210751720577164292e-10
8.862090505878938984e-10
5.387339463425178110e-10
4.147439938151364913e-07
7.718156669334064190e-10
6.375326933039104915e-09
0.000000000000000000e+00
0.000000000000000000e+00
5.413985371127694179e-10
0.000000000000000000e+00
0.000000000000000000e+00
0.000000000000000000e+00
0.000000000000000000e+00
0.000000000000000000e+00
0.000000000000000000e+00
1.975132835063675429e-10
0.000000000000000000e+00
0.000000000000000000e+00
0.000000000000000000e+00
0.000000000000000000e+00
0.000000000000000000e+00
3.116587210527654861e-09
0.000000000000000000e+00
4.935768238567561639e-09
5.511605494917803938e-12
2.799042420065234182e-07
9.240399556631473388e-10
1.630210300085366271e-09
2.782454622263230704e-08
1.506464172962296288e-06
6.427037391176781966e-08
2.345856273677782156e-06
1.025645257612950445e-08
9.898066082314471714e-07
0.000000000000000000e+00
7.462411844016969553e-08
8.297391218548000325e-09
8.616898981017584447e-07
1.385280711474479176e-06
5.109745302434021141e-07
7.861100925765640568e-08
8.194694601115770638e-06
1.108388048010056082e-08
3.093736600234819889e-09
1.789357725101581309e-06
8.493402958720253082e-08
0.000000000000000000e+00
2.154571916435088497e-07
2.647816756962129148e-07
3.991335688624531031e-06
6.694865217760082032e-10
2.698987033866728780e-09
2.865148474029410863e-08
4.734982610443694284e-07
2.689853317860979587e-07
1.579928266437491402e-06
0.000000000000000000e+00
0.000000000000000000e+00
9.559960290062008426e-07
1.615388378617410581e-09
4.697056965596857481e-08
0.000000000000000000e+00
3.619706312463222275e-09
5.942758889432298020e-07
2.478995156707242131e-06
2.893976835949274573e-09
1.197731762658804655e-07
0.000000000000000000e+00
0.000000000000000000e+00
1.269750526944335434e-07
0.000000000000000000e+00
1.084187374544853810e-06
8.486966684984054154e-09
0.000000000000000000e+00
0.000000000000000000e+00
0.000000000000000000e+00
0.000000000000000000e+00
6.527705487258117500e-09
0.000000000000000000e+00
1.030147927849611733e-06
0.000000000000000000e+00
0.000000000000000000e+00
8.489287051105520732e-10
3.038214790862525660e-09
1.490546353011268366e-09
0.000000000000000000e+00
0.000000000000000000e+00
2.621759254139988116e-09
3.986764056662650546e-07
0.000000000000000000e+00
3.638806163053232012e-07
1.405306870871925184e-09
4.465460534675003146e-08
7.012994842625630554e-07
1.104800873008571216e-08
2.073671794278197922e-07
3.941478254887442745e-09
6.133037686595343985e-07
3.544142757050394721e-10
1.147157924208386248e-09
3.876595044971509196e-09
2.354531716264318675e-07
2.730872125655814386e-11
5.243783007813362929e-08
0.000000000000000000e+00
3.304199802656171414e-09
4.314403057037452527e-09
1.223535718963830732e-06
0.000000000000000000e+00
4.504843442720840585e-10
9.252382682234383537e-08
1.721501587115259468e-11
0.000000000000000000e+00
0.000000000000000000e+00
5.058558905091103952e-09
3.081793238379759714e-07
4.856860300606058445e-07
8.404938398598460481e-07
1.823195930228393991e-06
3.353716238052584231e-08
5.595243806055805180e-07
0.000000000000000000e+00
0.000000000000000000e+00
0.000000000000000000e+00
0.000000000000000000e+00
0.000000000000000000e+00
0.000000000000000000e+00
6.803752512496430427e-07
0.000000000000000000e+00
0.000000000000000000e+00
0.000000000000000000e+00
0.000000000000000000e+00
8.725475311895103392e-13
1.059523356161662377e-06
0.000000000000000000e+00
0.000000000000000000e+00
8.095614845160525874e-09
0.000000000000000000e+00
3.281925176068511973e-09
8.030384357482489577e-09
0.000000000000000000e+00
3.839466078403575011e-09
0.000000000000000000e+00
0.000000000000000000e+00
0.000000000000000000e+00
0.000000000000000000e+00
0.000000000000000000e+00
0.000000000000000000e+00
0.000000000000000000e+00
1.441162633675219240e-09
6.576881261821654334e-09
6.264931684540897550e-09
2.466345738749708971e-10
0.000000000000000000e+00
0.000000000000000000e+00
5.694148264012710570e-09
0.000000000000000000e+00
7.886108432941796309e-11
0.000000000000000000e+00
6.180014833212510439e-10
2.664281018027736536e-10
7.553352943112656703e-10
2.481080341176777893e-10
0.000000000000000000e+00
8.548337038227771245e-10
0.000000000000000000e+00
0.000000000000000000e+00
0.000000000000000000e+00
2.060957449145917053e-08
3.299260953326665913e-08
1.350431855229317080e-08
2.470100746165826422e-08
1.777615068476734450e-07
2.157471001851263281e-08
1.140100991392500873e-08
6.723140444364616997e-08
1.042417920871230308e-07
1.529328486071790394e-08
3.079678734252411232e-08
3.535173789259715704e-07
2.253073887459322577e-07
4.095304717566250474e-08
6.525742435314896284e-08
2.190741525964767789e-07
2.252362776289373869e-07
2.316015088044132142e-11
4.152847736804687884e-07
6.539165724461781792e-07
1.015255080005772470e-07
2.532126245569088496e-06
4.519330687458023021e-09
6.038643363126539043e-09
1.368424136671819724e-06
9.160800118479528464e-09
7.747277663838758599e-08
4.828641522180987522e-07
2.562063627919997089e-08
8.397900614909303840e-07
5.648140843916849008e-10
1.058558041222568136e-07
1.801862140382581856e-06
3.129626975351129659e-07
1.068806909643171821e-08
3.138084423426334979e-07
1.494136768087628298e-06
6.820683129404869760e-09
1.012054724469635403e-07
0.000000000000000000e+00
9.438070946998777799e-07
2.221164777438389137e-06
1.723078781878939481e-07
1.638083624300179508e-08
6.776313057343941182e-07
7.158221706049516797e-06
4.582540924502609414e-08
1.385286509503202979e-06
6.820732323831180111e-06
3.088194944211863913e-07
2.613045246846468217e-08
2.377525509800193504e-09
5.834504577251209412e-07
6.193407564580866165e-09
1.463713630300844670e-07
8.150363584036313114e-08
0.000000000000000000e+00
0.000000000000000000e+00
1.471350929982406797e-09
1.613595645988397109e-10
2.748534067009700266e-09
6.432905763631424634e-08
4.399221325002145022e-07
4.561624393772945041e-07
3.767641487684159074e-08
0.000000000000000000e+00
2.190801984269796776e-09
2.675054899814455212e-10
1.042990493971274191e-08
0.000000000000000000e+00
6.276692943174566608e-07
1.472610847486066632e-06
2.294695207183394814e-07
3.931261538525632204e-09
9.225898267573029443e-09
9.981454773821951676e-09
0.000000000000000000e+00
0.000000000000000000e+00
1.296700258279770424e-08
0.000000000000000000e+00
1.155765190219426586e-07
8.398711948132131511e-09
1.427015718036273029e-06
0.000000000000000000e+00
1.136269247581367381e-07
0.000000000000000000e+00
0.000000000000000000e+00
2.874010895936862653e-08
5.325604490735713625e-08
0.000000000000000000e+00
0.000000000000000000e+00
0.000000000000000000e+00
3.708202029883977957e-07
0.000000000000000000e+00
9.725513727687484788e-09
1.847673680721584333e-09
0.000000000000000000e+00
3.284709615414271866e-09
0.000000000000000000e+00
0.000000000000000000e+00
0.000000000000000000e+00
0.000000000000000000e+00
1.255254478138567720e-08
0.000000000000000000e+00
0.000000000000000000e+00
2.322242309560351714e-08
7.075692565194913186e-07
0.000000000000000000e+00
0.000000000000000000e+00
0.000000000000000000e+00
1.807510670914780349e-06
1.225954804340290138e-08
8.502634329943248304e-08
3.218805888494102874e-09
5.301147325553756673e-07
1.965205553844384667e-09
0.000000000000000000e+00
0.000000000000000000e+00
0.000000000000000000e+00
0.000000000000000000e+00
0.000000000000000000e+00
0.000000000000000000e+00
0.000000000000000000e+00
8.053695488285939064e-09
6.835231824986465199e-10
3.480538168787461473e-07
8.560152195968839806e-07
2.240844132472830097e-08
0.000000000000000000e+00
0.000000000000000000e+00
2.587412284427159648e-09
0.000000000000000000e+00
4.086947669179608056e-09
3.951120106648886576e-07
9.006344114936837286e-09
4.126661323766711575e-08
4.794738472924109374e-08
7.778011479331325972e-08
1.664909774490297423e-07
1.149946839973381429e-07
2.194096238028464541e-09
1.474398914069752209e-08
4.759651783814433657e-09
1.386679144843583344e-07
1.749621247881805175e-08
3.386052105369685705e-09
0.000000000000000000e+00
2.575437196838947784e-09
5.838143302128173673e-09
1.338124011596164564e-08
0.000000000000000000e+00
1.749248035309847182e-08
0.000000000000000000e+00
4.955368382297820062e-08
1.546957537357229739e-05
9.505723852498704218e-08
2.301753987410393165e-08
0.000000000000000000e+00
0.000000000000000000e+00
7.843419780328986235e-07
5.824178028746018754e-09
3.363707576364838303e-11
0.000000000000000000e+00
3.198057356712524779e-07
1.254487746321641950e-11
9.881260254474000249e-10
0.000000000000000000e+00
3.703611861638478331e-09
0.000000000000000000e+00
2.323193548647850548e-08
0.000000000000000000e+00
0.000000000000000000e+00
0.000000000000000000e+00
5.045504569700653974e-10
1.873515202532871626e-06
0.000000000000000000e+00
0.000000000000000000e+00
1.318770370684063664e-10
0.000000000000000000e+00
2.375610597127320034e-09
3.497942770991357975e-07
0.000000000000000000e+00
1.084152841286656344e-12
3.682775195912313393e-09
0.000000000000000000e+00
2.065607684897940999e-09
3.018626681949854174e-09
0.000000000000000000e+00
2.238862872872005028e-09
0.000000000000000000e+00
0.000000000000000000e+00
0.000000000000000000e+00
0.000000000000000000e+00
2.543846244762448805e-09
0.000000000000000000e+00
6.087854526048985804e-11
0.000000000000000000e+00
0.000000000000000000e+00
2.318552787983207963e-06
1.310155653300171252e-06
6.289229759204317816e-08
1.943444800645011128e-07
1.370611215634198743e-07
2.676726573724863556e-08
3.192387794115347788e-07
3.078456245475535979e-07
3.579793030894506956e-07
3.919101345672970638e-06
3.630524858522221621e-08
9.251752430827764329e-07
2.337454816370154731e-07
4.381653866403212305e-07
0.000000000000000000e+00
3.369365458638640121e-06
2.597669457315987529e-08
1.476964143876102753e-06
2.778344878606731072e-07
4.674432715900955770e-12
3.250226541240408551e-07
3.653515712187527242e-09
1.690430195822045789e-08
3.178760152877657674e-07
5.830514169247180689e-07
2.075793901212819037e-07
2.282152991028851829e-07
1.241991753886395600e-07
6.423162091095946380e-08
9.667837730376049876e-07
1.206400952469266485e-06
2.250521546898198721e-09
1.938437890203204006e-06
2.143226041084744793e-08
2.637873564026449458e-08
7.533448864727176897e-10
3.457265407291743031e-08
0.000000000000000000e+00
5.041640438463446117e-09
9.085063368274859386e-08
0.000000000000000000e+00
1.501023194627748580e-09
6.073401781492293594e-09
5.723077567409973199e-09
1.227700163752842855e-08
2.614134186895711309e-10
2.221182285211398266e-06
2.687903304376959568e-07
7.272365110111422837e-06
1.734811583276041347e-08
0.000000000000000000e+00
1.033502314840006875e-07
0.000000000000000000e+00
0.000000000000000000e+00
0.000000000000000000e+00
2.729596063066885847e-11
8.728844036465233103e-11
0.000000000000000000e+00
4.231335424265125766e-07
2.022539291601788136e-08
0.000000000000000000e+00
0.000000000000000000e+00
0.000000000000000000e+00
0.000000000000000000e+00
0.000000000000000000e+00
0.000000000000000000e+00
6.997281087883777673e-10
0.000000000000000000e+00
1.306221975028165616e-06
2.329038004122985228e-11
0.000000000000000000e+00
0.000000000000000000e+00
0.000000000000000000e+00
0.000000000000000000e+00
0.000000000000000000e+00
0.000000000000000000e+00
0.000000000000000000e+00
3.147092400013207225e-07
0.000000000000000000e+00
0.000000000000000000e+00
0.000000000000000000e+00
4.397232356012636956e-09
0.000000000000000000e+00
1.226187436031977995e-07
1.435870800037264416e-08
1.610460344636521768e-06
1.446066448806959670e-06
0.000000000000000000e+00
0.000000000000000000e+00
1.535168735244951677e-06
3.554489688695205984e-11
9.189415806076794979e-08
0.000000000000000000e+00
0.000000000000000000e+00
0.000000000000000000e+00
9.640721110315553233e-09
2.573756763268875147e-10
4.804219799758868703e-10
6.557851861543895211e-08
0.000000000000000000e+00
0.000000000000000000e+00
1.872417101367318537e-06
0.000000000000000000e+00
0.000000000000000000e+00
1.169147344626253471e-05
9.444955040294189530e-09
0.000000000000000000e+00
3.624824884695954097e-08
1.136975598114986497e-07
2.687554285785154207e-07
0.000000000000000000e+00
3.801106651657448765e-11
3.656051887901412556e-07
0.000000000000000000e+00
0.000000000000000000e+00
0.000000000000000000e+00
0.000000000000000000e+00
2.199314650397354853e-07
1.590595566369756853e-08
0.000000000000000000e+00
0.000000000000000000e+00
2.702723804759443738e-07
4.250026441887655437e-10
1.795425674799844273e-08
0.000000000000000000e+00
5.137590619597176556e-07
0.000000000000000000e+00
7.165930515640184240e-09
0.000000000000000000e+00
2.070995833491906524e-06
9.908928122470683775e-10
7.727435580306973861e-09
1.548601069600863411e-08
1.303273489128287110e-09
0.000000000000000000e+00
0.000000000000000000e+00
6.840518602946321636e-12
1.795848447727621533e-07
0.000000000000000000e+00
5.092656962801811460e-08
0.000000000000000000e+00
0.000000000000000000e+00
1.630386776696468587e-07
2.775731900328537449e-06
0.000000000000000000e+00
4.156594179960393376e-09
1.787681640053051524e-06
1.253544912316328919e-08
9.594599781337365130e-09
2.788179358503839467e-07
2.172057023130946618e-08
0.000000000000000000e+00
3.224182307803857839e-07
1.897412857942981645e-07
3.167831152950384421e-08
2.456189633903704816e-07
2.248229158396952698e-08
2.398983411922017694e-08
6.187183654304817537e-09
2.551618472068639676e-08
4.536875319871569445e-09
3.411279081433349347e-08
6.061169788296183469e-09
5.499543220821578871e-08
2.172765301011736483e-09
2.734396105097403051e-07
8.879603115019563120e-07
5.672213809759796277e-09
5.323173354554455727e-06
1.210626123793190345e-07
1.121245418289618101e-06
3.536757553490588180e-10
7.176696499300305732e-07
1.937317392730619758e-06
5.128848670210572891e-07
4.468004988211760065e-07
3.600030851202973281e-08
1.401204574591474739e-08
1.441431418669480991e-08
8.020491215621206038e-11
3.062146447518898640e-07
8.923580097075500817e-09
5.451834113046061248e-07
4.073775130564172287e-07
0.000000000000000000e+00
1.710169783564197132e-09
2.847487508006452117e-07
6.339939204735856038e-07
4.488190938900515903e-07
1.514854830020340160e-06
4.118690810628322652e-08
3.443340404474248828e-11
1.981305253195841942e-08
1.509875914962321986e-06
0.000000000000000000e+00
4.770060968439793214e-07
1.857091774581931531e-06
1.232848378940332168e-09
2.700863088733740369e-09
6.014243547625142128e-10
2.693098508643743116e-07
3.829421757473028265e-08
3.314746521709821536e-08
0.000000000000000000e+00
9.494154369349416811e-07
0.000000000000000000e+00
4.493229610602611501e-08
6.025276633181420038e-08
1.387101917771360604e-07
5.019020363761228509e-07
1.237834990064357044e-08
0.000000000000000000e+00
1.286198347827394173e-08
1.904496144122802548e-10
6.098093052742115106e-08
3.539051274259463753e-10
9.256913457988957816e-09
6.136902541697963898e-09
1.505190994066651911e-07
6.878644764896080233e-09
3.747590779368259462e-11
8.372963975489255972e-07
1.876998908301175106e-06
0.000000000000000000e+00
4.398255537552131500e-09
4.849803336703928380e-10
0.000000000000000000e+00
1.954353123778673762e-08
4.854937856180185918e-07
0.000000000000000000e+00
1.703758245596986853e-10
9.993765814897415112e-09
6.741696267908992013e-08
3.869854481308721006e-08
0.000000000000000000e+00
5.545397030459753296e-09
0.000000000000000000e+00
3.414156179992744455e-10
8.134283007166231982e-07
1.054495086805218307e-07
3.041402907300039260e-09
1.804086879886313000e-09
0.000000000000000000e+00
9.761625108239968540e-08
8.205979007414043735e-09
9.887142320141872887e-12
2.531739928812726248e-09
3.146905999673599297e-11
0.000000000000000000e+00
1.656746788369911627e-11
1.238738223108271086e-09
0.000000000000000000e+00
1.803194891181192361e-07
1.700022096429165686e-07
1.088610535049383543e-08
0.000000000000000000e+00
2.308028790309890610e-08
0.000000000000000000e+00
0.000000000000000000e+00
1.625826001605545912e-10
0.000000000000000000e+00
0.000000000000000000e+00
0.000000000000000000e+00
0.000000000000000000e+00
0.000000000000000000e+00
7.313165184541503550e-08
0.000000000000000000e+00
5.646844769557901600e-08
1.966448735402082093e-06
8.113532956599556201e-09
5.771729050252361048e-08
1.184478506388586538e-07
5.171639561041274646e-09
0.000000000000000000e+00
3.903996681486887610e-09
4.982743107007081562e-09
1.678470908927920391e-07
0.000000000000000000e+00
8.639340620675284299e-08
2.323112084923195653e-07
0.000000000000000000e+00
0.000000000000000000e+00
0.000000000000000000e+00
0.000000000000000000e+00
2.354928255954291672e-06
0.000000000000000000e+00
0.000000000000000000e+00
7.021984660404712031e-10
1.647673109061997820e-09
0.000000000000000000e+00
6.007518482675777705e-09
0.000000000000000000e+00
7.168769577958755690e-09
6.378996886269305833e-09
0.000000000000000000e+00
0.000000000000000000e+00
0.000000000000000000e+00
0.000000000000000000e+00
0.000000000000000000e+00
8.197720974267852512e-11
1.060157206467238211e-08
0.000000000000000000e+00
1.525536141855354799e-08
2.410398991514739464e-08
0.000000000000000000e+00
9.079570983949736274e-10
1.056178362546233984e-07
0.000000000000000000e+00
3.762092415371398602e-09
6.845240108077632613e-08
8.983976584886477212e-08
0.000000000000000000e+00
0.000000000000000000e+00
0.000000000000000000e+00
0.000000000000000000e+00
0.000000000000000000e+00
5.611358133705834916e-08
0.000000000000000000e+00
1.122859250024532685e-09
0.000000000000000000e+00
5.347848741621419322e-07
0.000000000000000000e+00
0.000000000000000000e+00
4.623263549774492276e-09
5.710517214652099938e-08
3.261513654706504894e-07
6.622517048526788130e-06
2.753676824340800522e-07
6.906811123030820454e-09
4.401001341136634437e-09
1.157454150302328344e-07
8.024359843261663627e-09
1.473636643822828773e-07
6.053349466128565837e-07
8.998497236234470620e-08
7.131249191161259660e-08
4.570005671666876879e-07
2.374145324779419752e-10
1.174466524034301074e-09
1.072482902486626699e-08
1.518318248905359269e-10
9.367705500196166213e-10
1.358985059596307110e-06
8.670148190503823571e-07
7.189041895117043168e-08
2.011477363339508884e-06
1.970239971171849902e-09
3.839949727080238517e-07
9.233527862306800671e-07
9.247984849025669973e-07
4.532587070116278483e-07
1.420126409357180819e-06
0.000000000000000000e+00
6.785192567804188002e-07
2.710504887204479019e-08
1.142936412179551553e-06
1.977378261130979809e-09
1.220769831888901535e-07
6.467707436286218581e-08
5.416907811195414979e-08
0.000000000000000000e+00
7.241407615765638184e-07
1.419996351614827290e-07
4.406802531775610987e-07
3.505042514007072896e-07
0.000000000000000000e+00
6.569142385615123203e-08
6.483480063934621285e-08
6.204694358302731416e-08
1.592379135217925068e-07
1.077667945992288878e-07
5.000798708465481468e-08
0.000000000000000000e+00
0.000000000000000000e+00
2.722417846712232858e-08
6.019823928227197030e-08
4.999202829480964283e-08
4.185508259979542345e-06
0.000000000000000000e+00
5.878164621719861316e-09
3.009975602097370029e-11
4.442875649601774057e-07
1.163853013963489502e-08
4.194884866137726931e-07
3.634525569395918865e-08
4.712938732609472936e-07
0.000000000000000000e+00
3.212059596080507617e-08
0.000000000000000000e+00
0.000000000000000000e+00
3.688961101033783052e-07
9.898625030757557397e-09
1.044778855430195108e-06
1.802501174097415060e-06
0.000000000000000000e+00
0.000000000000000000e+00
6.063713499315781519e-06
2.369957030623481842e-07
0.000000000000000000e+00
0.000000000000000000e+00
0.000000000000000000e+00
3.509164958614974239e-09
1.817039158025224310e-10
0.000000000000000000e+00
0.000000000000000000e+00
0.000000000000000000e+00
0.000000000000000000e+00
0.000000000000000000e+00
0.000000000000000000e+00
0.000000000000000000e+00
0.000000000000000000e+00
0.000000000000000000e+00
0.000000000000000000e+00
0.000000000000000000e+00
7.450696060118389141e-09
0.000000000000000000e+00
9.053117366875085281e-09
0.000000000000000000e+00
0.000000000000000000e+00
0.000000000000000000e+00
0.000000000000000000e+00
1.505076419050510594e-08
3.267155761932372116e-06
1.106858888988426770e-07
0.000000000000000000e+00
2.279798572146773949e-09
1.263789350947064349e-10
0.000000000000000000e+00
0.000000000000000000e+00
0.000000000000000000e+00
1.396001536591029435e-08
2.254637898602140922e-08
0.000000000000000000e+00
0.000000000000000000e+00
1.423812734380192069e-09
0.000000000000000000e+00
3.399789605396108527e-08
0.000000000000000000e+00
0.000000000000000000e+00
0.000000000000000000e+00
0.000000000000000000e+00
9.295677561027559932e-10
3.097487266678911055e-10
0.000000000000000000e+00
0.000000000000000000e+00
0.000000000000000000e+00
0.000000000000000000e+00
4.373069906193904899e-09
1.130110560687569432e-09
1.867536383315382409e-07
0.000000000000000000e+00
0.000000000000000000e+00
0.000000000000000000e+00
0.000000000000000000e+00
6.340780345226448844e-08
4.324476332584481497e-10
7.726465867108345265e-08
0.000000000000000000e+00
2.187342973414274638e-09
0.000000000000000000e+00
3.750630084287109867e-10
2.728271386587266534e-09
4.458798912310157903e-07
1.489368095519694180e-08
0.000000000000000000e+00
1.151167566604271997e-06
0.000000000000000000e+00
7.411638858201285984e-09
1.721966391698970256e-08
0.000000000000000000e+00
0.000000000000000000e+00
0.000000000000000000e+00
2.901108020481046879e-09
0.000000000000000000e+00
3.830925354719738607e-09
7.266208468248436247e-11
2.609310323364866235e-09
0.000000000000000000e+00
2.572405621847906332e-09
0.000000000000000000e+00
1.238957338500767946e-06
5.268739222685780987e-09
6.433544363915189024e-09
6.207034441985115336e-09
1.087155283130414318e-06
0.000000000000000000e+00
7.081899511263145541e-09
1.327611443002751912e-08
8.563400655248187832e-08
7.986671768378528213e-09
1.582086042617447674e-06
2.931028006969427224e-07
9.205641582354928687e-09
1.144414341069932561e-06
5.056933760627657648e-10
4.128060595576243941e-07
7.734232809752938920e-09
1.265577687092900305e-08
2.734303805596027814e-08
4.404788001011183951e-08
9.120734034695487935e-07
5.377804424000487415e-09
1.659816639687505813e-08
3.706589524199443986e-08
9.818270640948867367e-09
1.032079168794552970e-07
7.537605739571517915e-08
2.030019913945579901e-06
1.457207599031562495e-08
1.676998863331391476e-06
5.036123518209478789e-09
5.082794132249546237e-07
1.497006785200483137e-08
3.833195023617008701e-07
7.000836799164744662e-09
3.522635836361587280e-07
7.101655707941745277e-09
1.285280063711979892e-06
9.023239933014792769e-10
5.972133010345714865e-08
7.411666302914454718e-08
6.197625879167389940e-08
6.097415017336516030e-09
0.000000000000000000e+00
1.565610205034317914e-06
5.022783966524002608e-08
1.442179211608163314e-07
9.811590189201524481e-07
0.000000000000000000e+00
6.141333219744637972e-09
8.340372836812548485e-09
5.896444443820314518e-10
8.195477185779509455e-09
0.000000000000000000e+00
0.000000000000000000e+00
1.197910215466890804e-09
1.837136665017169435e-07
7.506875476792629343e-08
0.000000000000000000e+00
6.376109809025365394e-07
6.220188364380874191e-09
8.460926181896866183e-08
2.682942756848660792e-09
0.000000000000000000e+00
3.076216330555325840e-07
8.937080409054942720e-09
0.000000000000000000e+00
1.482817566511585028e-07
3.097330392165531521e-08
0.000000000000000000e+00
2.252942437053206959e-07
2.302556936228938866e-07
0.000000000000000000e+00
0.000000000000000000e+00
0.000000000000000000e+00
0.000000000000000000e+00
0.000000000000000000e+00
0.000000000000000000e+00
0.000000000000000000e+00
0.000000000000000000e+00
0.000000000000000000e+00
0.000000000000000000e+00
7.968665727275947575e-09
0.000000000000000000e+00
0.000000000000000000e+00
0.000000000000000000e+00
0.000000000000000000e+00
0.000000000000000000e+00
0.000000000000000000e+00
0.000000000000000000e+00
0.000000000000000000e+00
1.526123560857683970e-09
0.000000000000000000e+00
0.000000000000000000e+00
5.847619610754861696e-10
1.695126705669736111e-08
0.000000000000000000e+00
6.038105571093410617e-10
0.000000000000000000e+00
1.550468056166209863e-07
2.401874965585193422e-08
1.235368585206231273e-09
5.780228296003997457e-09
1.547601602425174860e-09
8.482612834370684141e-09
5.652913728226849344e-07
2.400970622318254755e-08
5.562232618938622863e-11
7.275987172761233523e-07
0.000000000000000000e+00
0.000000000000000000e+00
5.301885042108267498e-10
4.984129220453326070e-10
1.198534249624572112e-08
8.690364872165901033e-09
0.000000000000000000e+00
1.690677042809340946e-09
1.344553979265583621e-08
0.000000000000000000e+00
1.552068511045945343e-06
3.719074700980762316e-11
6.273139785406556257e-09
0.000000000000000000e+00
0.000000000000000000e+00
0.000000000000000000e+00
2.801606280300461549e-09
4.541145059988593857e-08
1.190292198138820368e-09
3.760744604619503662e-09
6.187474355101585388e-08
0.000000000000000000e+00
6.540194608106730811e-09
1.832218231356819160e-06
8.755910663182930875e-09
0.000000000000000000e+00
8.259983808045490150e-09
6.304107458277030673e-09
0.000000000000000000e+00
0.000000000000000000e+00
7.970501592069467733e-09
1.169707797288310758e-08
2.837500915120472200e-06
1.489750900418584934e-07
7.621146380643040175e-09
4.313955344059650088e-07
6.097004234817404722e-09
4.294219024814083241e-07
8.184733246707764920e-08
9.703679637595996610e-09
2.649985475500216126e-08
4.098630768112343503e-09
5.546243073695222847e-07
5.085622660772060044e-07
4.432061473380599637e-07
4.013739562935825234e-09
3.886408194375690073e-06
0.000000000000000000e+00
9.970585468366266468e-11
0.000000000000000000e+00
8.657228534048044821e-08
4.356549787587482570e-09
2.275042199073595839e-08
1.389104209437164172e-08
1.195910392937094002e-08
7.929821799201874910e-10
1.599478991920477711e-06
2.967039058887621650e-08
1.586669213793356903e-06
1.103280055758659728e-06
4.759810394716623705e-07
1.501604970144398976e-06
5.766014055552659556e-06
2.227805140364580438e-08
4.145814216371945804e-07
1.643081048996464233e-07
2.628604818255553255e-07
1.433261687111553329e-08
2.455978119542123750e-06
4.383063867408054648e-08
1.652493182291436824e-07
1.350588718196377158e-06
8.775237425595605600e-09
6.356664528084365884e-08
0.000000000000000000e+00
3.955111651521292515e-07
1.339514899001414960e-08
3.363091138908202993e-07
1.077344577993244457e-07
7.715740935054782312e-08
9.695113334373672842e-08
0.000000000000000000e+00
1.223133949679322541e-06
4.254158980643296672e-08
3.561191761036752723e-06
0.000000000000000000e+00
0.000000000000000000e+00
2.773268477085366612e-07
0.000000000000000000e+00
0.000000000000000000e+00
9.738457817931589489e-10
0.000000000000000000e+00
1.072264907975295500e-07
0.000000000000000000e+00
3.069006507261384797e-11
2.306113628947059624e-07
0.000000000000000000e+00
0.000000000000000000e+00
0.000000000000000000e+00
0.000000000000000000e+00
0.000000000000000000e+00
7.325969164639900555e-08
0.000000000000000000e+00
0.000000000000000000e+00
0.000000000000000000e+00
0.000000000000000000e+00
3.592858774936757982e-06
0.000000000000000000e+00
0.000000000000000000e+00
1.217440281919834888e-08
1.134155325210883802e-09
6.534314422879106132e-09
0.000000000000000000e+00
0.000000000000000000e+00
2.240978574263863266e-06
2.223114137223092257e-07
2.821481936976510951e-11
0.000000000000000000e+00
0.000000000000000000e+00
0.000000000000000000e+00
0.000000000000000000e+00
6.255510953678822261e-08
0.000000000000000000e+00
3.305556717236868280e-09
2.594477367320879857e-12
4.925547614220704418e-07
5.193838248374049726e-09
2.253876862923220870e-09
3.169954965187571361e-08
2.089422821427433519e-07
4.703407441297713376e-09
0.000000000000000000e+00
3.122418092971201986e-07
0.000000000000000000e+00
2.177603430908447990e-09
5.806795684293319937e-07
0.000000000000000000e+00
0.000000000000000000e+00
5.713437362109274886e-11
0.000000000000000000e+00
0.000000000000000000e+00
0.000000000000000000e+00
3.529829761816927203e-09
6.207037994698794137e-09
0.000000000000000000e+00
0.000000000000000000e+00
1.706402201762102777e-07
2.889316874643554911e-07
2.986796143744641086e-09
9.435035863702978531e-09
5.434119376701573856e-09
3.188785901997448491e-10
0.000000000000000000e+00
0.000000000000000000e+00
0.000000000000000000e+00
2.934504266249859938e-07
8.329350862368301023e-07
1.081865239754842278e-11
2.533666929593891837e-07
3.907543657533096848e-07
0.000000000000000000e+00
0.000000000000000000e+00
1.606043866786421859e-07
8.413432617260241386e-09
0.000000000000000000e+00
0.000000000000000000e+00
2.688562480285261458e-12
1.072778754718228811e-08
0.000000000000000000e+00
9.500372044612959144e-09
4.417827170755117550e-08
0.000000000000000000e+00
1.688600903548831411e-08
1.059933794067546842e-07
1.235133328947313203e-08
1.395725313102502696e-08
1.006425165428481705e-08
6.440765787374402862e-08
6.153379672468872741e-07
3.600880518206395209e-07
1.025007065891259117e-07
4.290238848625449464e-07
2.426661538379448757e-09
7.893222004895505961e-07
4.558359023576485924e-08
1.038264258568233345e-06
0.000000000000000000e+00
3.725300246060214704e-07
2.151004174777426670e-08
0.000000000000000000e+00
0.000000000000000000e+00
5.982549282634863630e-07
7.156717742873297539e-07
0.000000000000000000e+00
4.795722485795295142e-09
1.632920856309283408e-07
0.000000000000000000e+00
1.523240939604875166e-06
4.534067787886897349e-09
0.000000000000000000e+00
0.000000000000000000e+00
3.744927994375757407e-07
3.688420946446058224e-08
2.138201864454458700e-07
2.629465356562832312e-08
6.797657992052563714e-10
8.425838871062296676e-08
1.137114011839912564e-07
1.762138346350639040e-08
1.186076681314318648e-09
1.814851316339627374e-06
0.000000000000000000e+00
8.043881116748252680e-09
6.501863047958522657e-09
9.354460317467783170e-09
7.559047832117471444e-11
1.182147784106746258e-07
1.009544448038468545e-07
3.096745082586949138e-09
3.118147162695095176e-07
7.483948571973542130e-09
2.777316820967712374e-09
3.775148194051780592e-09
4.849829338127165101e-07
2.073922544809647661e-08
6.669802044001471586e-09
5.428168492471741047e-08
4.461214064832574877e-09
2.551985067711370903e-09
2.888910557885537855e-06
1.643176439358740026e-08
0.000000000000000000e+00
0.000000000000000000e+00
2.203550231172357599e-09
1.823177967708033975e-06
2.975063182475423673e-07
1.332024934797004789e-09
1.884031242127548467e-08
1.885454423700139159e-07
2.453146485947854671e-08
3.779691155614273157e-07
1.082884537595418806e-08
6.595636818929051515e-07
1.100367285289394204e-06
8.716640742534309538e-09
0.000000000000000000e+00
0.000000000000000000e+00
1.844886377000420907e-08
4.693522903664870682e-09
1.748431031955988146e-06
6.529075591288346914e-08
0.000000000000000000e+00
9.622421748289866628e-10
2.296083145836291806e-08
0.000000000000000000e+00
1.598946086645014475e-09
3.050179442354306047e-09
2.165538681708767399e-08
2.482485772503650878e-09
6.176533062784983485e-09
6.060606665414525196e-07
2.011316801997509174e-08
0.000000000000000000e+00
0.000000000000000000e+00
2.082969174921345257e-08
2.689074563022586517e-08
8.651231269141135272e-07
0.000000000000000000e+00
9.217077767686987499e-09
4.619810922701361733e-10
0.000000000000000000e+00
5.066815370047272893e-11
9.994840510785252263e-09
0.000000000000000000e+00
0.000000000000000000e+00
9.307624004861736466e-09
8.915728599845351710e-09
3.207554000184131837e-09
0.000000000000000000e+00
0.000000000000000000e+00
0.000000000000000000e+00
2.090442649205215275e-06
1.787155978760779362e-10
7.651321354273932229e-09
4.709765022425926873e-08
3.166099049600745730e-10
1.013240069624998796e-08
3.171592322104288542e-09
7.265787758115038741e-07
3.009811564425035613e-07
1.057223713019084244e-07
3.726819670646364102e-07
5.044738515813662616e-10
0.000000000000000000e+00
0.000000000000000000e+00
6.291012596193468198e-06
5.214041038925643079e-07
0.000000000000000000e+00
0.000000000000000000e+00
0.000000000000000000e+00
3.125403935655413079e-08
6.423301474045572945e-11
3.968893125261274690e-08
2.262735332436704994e-09
0.000000000000000000e+00
0.000000000000000000e+00
9.794868915946608467e-09
1.259130244513073649e-09
5.513939083101604410e-09
0.000000000000000000e+00
5.405502434552289515e-11
3.046120689020881400e-09
0.000000000000000000e+00
0.000000000000000000e+00
3.749387587959063239e-06
0.000000000000000000e+00
1.449249076301839523e-08
0.000000000000000000e+00
0.000000000000000000e+00
3.496885483400546946e-07
0.000000000000000000e+00
0.000000000000000000e+00
1.869504551166301098e-10
4.337621817285253201e-08
0.000000000000000000e+00
1.268791205433217328e-08
2.052929160001326636e-09
0.000000000000000000e+00
2.557695211180543993e-07
0.000000000000000000e+00
1.373952340788520132e-10
1.912622726862878153e-09
1.011902295289246467e-08
0.000000000000000000e+00
3.640130419313436505e-09
0.000000000000000000e+00
0.000000000000000000e+00
6.319182954683810749e-10
1.153815532006774447e-08
2.112032944368014142e-11
1.414657724296830565e-09
4.634273125248000724e-07
0.000000000000000000e+00
2.340163840486297886e-09
9.119378141519973724e-09
3.120686926649796078e-07
2.713977096391317900e-07
1.753160319140079082e-07
3.106430312982411124e-06
2.203413259849185124e-06
2.194087983298231848e-06
3.464348310444620438e-07
1.033750208989658859e-06
2.297033461218234152e-07
1.301610552673082566e-07
8.659034733682346996e-07
3.614304375787469326e-07
1.599539018570794724e-06
4.325457325649040285e-08
1.740194193189381622e-07
1.007314320844443500e-08
9.265981475437001791e-07
1.933487283167778514e-06
7.320842883018485736e-07
4.167823135503567755e-07
1.391412638440669980e-06
2.719985559451743029e-06
1.155836343968985602e-06
1.055897485002788017e-07
0.000000000000000000e+00
9.035638015575386817e-08
2.931276981144037563e-07
0.000000000000000000e+00
0.000000000000000000e+00
5.270427436698810197e-07
4.363962489151163027e-06
2.784237551622936735e-07
3.703224749074252031e-08
0.000000000000000000e+00
0.000000000000000000e+00
2.203264330091769807e-06
2.569749995018355548e-06
0.000000000000000000e+00
0.000000000000000000e+00
1.014860572468023747e-06
0.000000000000000000e+00
1.315609210905677173e-06
0.000000000000000000e+00
3.258189735788619146e-07
5.309769335326564033e-07
5.188646845510902494e-09
5.386754931002712965e-11
0.000000000000000000e+00
0.000000000000000000e+00
0.000000000000000000e+00
0.000000000000000000e+00
0.000000000000000000e+00
7.777074984005594160e-09
1.149951344814326148e-06
1.768185042827497000e-09
1.391294262020892347e-07
0.000000000000000000e+00
1.386436849770689150e-07
0.000000000000000000e+00
2.385237110047455644e-07
0.000000000000000000e+00
8.397247341918046004e-08
0.000000000000000000e+00
2.013290725244587520e-07
8.517188803125463892e-07
0.000000000000000000e+00
8.019624964106242260e-09
2.004509092046191654e-08
0.000000000000000000e+00
0.000000000000000000e+00
1.482489864201852470e-08
0.000000000000000000e+00
0.000000000000000000e+00
5.616408088826574385e-06
0.000000000000000000e+00
1.593326359738966858e-08
2.345628691280410294e-10
1.527444482007922488e-07
1.290532303244162904e-08
2.312155231720680604e-07
1.491817783971782774e-06
2.105731766732787946e-07
4.058595948208676418e-08
2.991957046560855815e-07
1.031210672408633400e-06
8.344498780843423447e-08
0.000000000000000000e+00
1.011010340334905777e-06
0.000000000000000000e+00
5.303075340634677559e-06
5.559443749802994716e-08
1.245860232756967889e-07
1.310313564317766577e-06
1.103416913394994481e-09
0.000000000000000000e+00
1.636577394492633175e-06
5.283900463837198913e-07
1.574187535879900679e-06
2.072667176777898135e-10
7.721113433944992721e-06
3.292105930086108856e-06
3.164773488606442697e-06
1.328830080637999345e-06
1.361058252768998500e-07
2.881419050027034245e-06
1.209566113935522935e-09
1.799272411062702304e-07
3.218311235286819283e-07
4.947706688795960872e-09
4.414303944599851093e-08
4.845730927627300844e-07
2.518987400890182471e-07
4.805961140164072276e-08
0.000000000000000000e+00
1.913297325017992989e-07
1.629166348493527039e-07
6.467949333455180749e-06
3.091347733352733940e-10
3.328496367416278190e-09
6.376862593526766432e-09
1.163993374575511552e-06
0.000000000000000000e+00
6.773835821149987169e-07
0.000000000000000000e+00
0.000000000000000000e+00
6.027383960827137344e-07
5.322958784859110892e-08
2.982726755362818949e-06
1.404406702931737527e-06
4.486245188672910444e-07
1.313186104995311965e-11
1.257696169432165334e-08
1.503067892372200731e-07
3.024166801424144069e-07
1.010314676364032493e-08
1.777986868845005120e-09
6.996407453385700137e-09
1.649187169050492230e-07
0.000000000000000000e+00
1.521902731838054024e-06
3.499074097135235206e-08
3.840041244984604418e-06
8.263282325060572475e-06
2.424605405337842967e-09
2.656126980582484975e-06
3.385852309634174162e-08
4.369485750999047013e-08
5.651687843055697158e-06
9.999531158655372565e-08
1.842843317945153103e-07
2.589031655730877901e-09
0.000000000000000000e+00
3.027367029062588699e-06
0.000000000000000000e+00
2.671547463251044974e-07
1.663020867681552772e-07
7.428821646726646577e-08
1.748983458060848761e-10
4.309193002427491592e-07
1.127171387338421482e-07
5.457819725052104332e-07
1.563450723551795818e-06
3.888169430865673348e-07
1.602798647581948899e-06
1.972672123429219937e-07
3.674263382436038228e-07
2.686912921490147710e-06
4.553111665472897585e-08
1.429057494561902786e-08
1.646269765842589550e-06
1.951043770986871095e-08
3.379417194082634524e-06
1.106515583160216920e-06
2.185626954087638296e-06
1.195756112792878412e-06
6.221685453056124970e-06
1.687073677203443367e-06
4.407845616283267987e-12
3.341688259439479225e-09
1.846286790119222587e-09
3.526760110617033206e-06
8.479842108499724418e-07
3.346406174387084320e-08
1.835722116538818227e-07
1.502392166230492876e-08
1.409922447237477172e-06
1.295114415711395850e-08
8.987822042172410875e-08
7.434448612286814750e-09
1.309143349281782776e-10
2.480996101894561434e-07
1.514402327984498697e-07
4.557852207653922960e-06
3.580471741315705003e-08
3.350665451762324665e-07
7.909033428177281166e-08
3.990898722605606963e-09
6.379578962878440507e-07
2.518131303475001914e-08
4.728199655801290646e-06
4.773648143441278080e-08
9.407732370902976982e-09
2.076937562378589064e-06
7.415251843667647336e-07
1.264825414182269014e-06
0.000000000000000000e+00
8.261906714324140921e-09
8.892819636230342439e-08
5.741375730394793209e-08
2.418742724330513738e-06
1.953825687905919040e-07
7.075809715928471633e-09
1.275679437640064862e-06
3.748108383661019616e-07
0.000000000000000000e+00
1.130496229961863719e-06
6.475690206286799366e-09
6.580407330147863831e-07
6.749296233010682045e-08
3.555681304945323973e-10
0.000000000000000000e+00
0.000000000000000000e+00
0.000000000000000000e+00
4.177350945155922091e-07
0.000000000000000000e+00
9.405625611691448285e-09
1.871443231493685744e-07
1.084475265145101730e-08
6.914044892170068124e-09
7.083224772941321135e-06
0.000000000000000000e+00
2.917834365234739380e-07
0.000000000000000000e+00
2.027917922475808155e-08
1.102182878298663127e-08
3.279427929214762116e-08
1.948307726706843823e-06
0.000000000000000000e+00
0.000000000000000000e+00
0.000000000000000000e+00
3.745958849776798161e-07
0.000000000000000000e+00
6.915066741441933118e-09
5.876313935004873201e-06
0.000000000000000000e+00
2.299686130413647334e-08
8.642599595987121575e-07
1.049636377814522348e-09
0.000000000000000000e+00
5.449674134183624119e-08
1.402553628793157259e-10
0.000000000000000000e+00
2.639527174608247151e-08
2.368504965488682501e-06
0.000000000000000000e+00
3.943147319773743220e-08
1.065609023243041520e-08
5.865172170160803944e-08
0.000000000000000000e+00
6.918837243574671447e-06
8.193594691618955039e-10
2.397580978197311197e-08
1.940055938121076906e-07
0.000000000000000000e+00
9.545847667880025256e-09
1.501536871728603728e-06
1.260680537740199725e-08
1.253067011930397712e-06
1.294106777294246058e-08
5.082035059444933722e-08
2.283279172843322158e-06
5.942087568655551877e-07
3.580311158657423221e-07
1.179929611794250377e-07
1.267441618324482988e-08
1.058098746398172807e-06
5.235321623331401497e-06
1.353566494799451903e-05
2.172071589257029700e-08
8.978614687293884344e-07
0.000000000000000000e+00
6.114389883293824823e-09
5.764150268205980865e-11
4.452502810892156049e-09
5.656918133922772540e-08
9.118913624206470558e-08
9.061206895921714022e-08
8.052442268535742187e-09
1.558109232746573980e-07
5.617034162241907325e-07
3.482042779112681785e-11
2.305604152041951238e-09
2.140486401458474575e-07
1.085627232555452792e-08
8.434984266614264925e-08
3.812435700467631250e-09
3.383100022347207414e-09
0.000000000000000000e+00
0.000000000000000000e+00
3.522208080752875503e-09
0.000000000000000000e+00
0.000000000000000000e+00
0.000000000000000000e+00
0.000000000000000000e+00
0.000000000000000000e+00
4.841548957301711198e-07
3.160598671669845317e-09
0.000000000000000000e+00
0.000000000000000000e+00
0.000000000000000000e+00
0.000000000000000000e+00
3.698571049426391255e-08
2.055574128689841018e-07
0.000000000000000000e+00
9.453687255245313281e-08
1.244270720235363115e-06
0.000000000000000000e+00
3.236266650219477015e-07
0.000000000000000000e+00
0.000000000000000000e+00
1.724790877233317588e-06
9.709769699384196429e-08
3.766197380628000246e-07
2.167141843756326125e-08
0.000000000000000000e+00
1.479006778160041335e-10
0.000000000000000000e+00
0.000000000000000000e+00
0.000000000000000000e+00
2.588916458989842795e-07
8.181614497004829900e-09
1.903632806943278410e-09
1.917047143251693342e-07
0.000000000000000000e+00
0.000000000000000000e+00
0.000000000000000000e+00
0.000000000000000000e+00
0.000000000000000000e+00
0.000000000000000000e+00
1.107458569293839901e-09
8.903398338588885963e-07
8.243057791901264864e-09
2.561365874953480670e-08
2.291088776473770849e-06
6.010945075018980788e-10
0.000000000000000000e+00
2.404417728030239232e-06
2.327543491276173881e-08
2.758983974615603074e-08
0.000000000000000000e+00
1.924760681504267268e-06
2.643118257594778697e-08
1.041480346408718560e-09
6.036037802914506756e-08
8.103312154617015040e-08
1.185340048337479857e-09
1.227077017773581247e-08
9.766888808826479362e-08
9.567097336571350752e-09
5.813132020193734206e-08
2.212980518834228860e-07
4.361545080655560014e-08
2.039433155687220278e-08
3.667345538360677892e-07
1.879419073702592868e-06
3.908520511686219834e-07
1.229428781002184223e-10
2.048706448931625346e-07
8.380722533729567658e-07
1.238904587808065116e-07
2.738212572239717701e-07
4.797753945240401663e-07
1.259786301943677245e-07
3.500225531638534449e-08
1.119216221923124976e-07
2.648837371665990759e-09
6.513224093396274839e-08
2.735110001594875939e-06
4.678815557213056309e-09
1.867645238462500856e-08
9.129034594934637425e-08
2.692194689402072072e-09
0.000000000000000000e+00
9.804240086452864489e-09
1.172235783997166436e-06
9.545810826239176095e-07
0.000000000000000000e+00
9.481602170069436397e-10
3.616704589148866944e-06
0.000000000000000000e+00
7.919989997162701911e-09
0.000000000000000000e+00
3.579420763344387524e-06
0.000000000000000000e+00
0.000000000000000000e+00
1.121967585504535236e-08
2.343529530435262132e-07
9.088049424121891207e-09
0.000000000000000000e+00
1.706142249702224944e-08
5.826390037100281916e-09
0.000000000000000000e+00
0.000000000000000000e+00
0.000000000000000000e+00
3.784351676472397230e-08
1.905694979598138161e-08
0.000000000000000000e+00
9.802917020351742394e-07
7.951120650773191301e-09
1.512326548436249141e-07
0.000000000000000000e+00
3.617373955933089746e-09
2.049557501493382006e-08
8.417990748910142429e-09
0.000000000000000000e+00
2.985675280342547921e-07
6.681903030880675942e-09
0.000000000000000000e+00
0.000000000000000000e+00
1.277437822189142480e-09
1.002070693090217901e-08
0.000000000000000000e+00
0.000000000000000000e+00
0.000000000000000000e+00
0.000000000000000000e+00
9.167352033045972348e-08
1.675200778095131682e-08
9.304382153629831009e-09
0.000000000000000000e+00
0.000000000000000000e+00
3.445661533874044835e-08
9.324490485296266229e-11
7.528798029454719654e-09
5.351969321054639295e-07
2.706434720778361225e-08
1.511184244407104416e-08
5.958151305662795494e-09
0.000000000000000000e+00
7.653405909024968423e-09
1.735256027757259290e-08
1.356394302431951360e-10
3.787878621874796181e-10
1.629216939136313158e-07
1.848163222462062549e-08
0.000000000000000000e+00
1.262096205323359754e-09
0.000000000000000000e+00
4.634735546460433397e-07
0.000000000000000000e+00
5.751362941452953237e-09
1.046346742583637024e-08
2.195736072962972685e-07
0.000000000000000000e+00
3.817661187177634474e-10
6.524711011479666922e-07
4.038924306115632135e-09
1.203096189783536829e-06
2.407211496802119655e-08
2.832742211467120796e-06
9.055507916855276562e-07
6.591925227894535055e-08
2.309787561216580798e-07
6.298221499889677943e-09
3.518709036143263802e-06
1.048868583097828378e-07
7.051946795399999246e-07
3.341233778542118671e-08
7.133691326544067124e-08
4.434632927541315439e-08
0.000000000000000000e+00
1.331141845639649546e-07
6.159399617899907753e-06
1.963941969052029890e-07
7.520413625172750471e-09
8.650912519669873291e-08
3.198178788466066180e-08
6.884157954800684820e-08
4.706755818428831617e-12
8.955582870839862153e-07
3.496722058571322123e-07
2.484639871624949592e-08
6.090542566811185665e-12
4.682091159224910371e-09
0.000000000000000000e+00
1.467086341300216645e-09
4.615312132472126905e-09
8.381382343713994487e-08
0.000000000000000000e+00
8.678691446051267633e-12
0.000000000000000000e+00
4.088742677765822009e-09
1.056883824901433400e-08
2.908643104149177816e-09
5.276957040223351214e-07
1.422580897525449473e-08
3.997871544925146736e-08
0.000000000000000000e+00
0.000000000000000000e+00
0.000000000000000000e+00
1.781524247235211078e-06
5.768537647554694558e-09
0.000000000000000000e+00
0.000000000000000000e+00
0.000000000000000000e+00
0.000000000000000000e+00
1.794644219899055315e-07
1.020605182588951720e-07
0.000000000000000000e+00
0.000000000000000000e+00
0.000000000000000000e+00
0.000000000000000000e+00
5.124043855886384335e-09
0.000000000000000000e+00
0.000000000000000000e+00
5.584081114173855553e-11
7.163720283642760478e-07
2.616356464812952254e-09
1.270804617092835542e-08
1.522366122053142590e-09
5.890937586627842393e-07
0.000000000000000000e+00
2.027910062096793808e-09
0.000000000000000000e+00
5.941480085702721681e-10
1.758325396394866402e-08
0.000000000000000000e+00
8.044015231689627399e-09
0.000000000000000000e+00
0.000000000000000000e+00
1.270824441235163249e-07
6.724609757924326914e-09
1.532080795563217634e-09
0.000000000000000000e+00
0.000000000000000000e+00
4.103365147667403789e-10
4.363764349868404224e-10
0.000000000000000000e+00
0.000000000000000000e+00
5.422137738797516704e-10
0.000000000000000000e+00
0.000000000000000000e+00
5.658658874807542816e-09
7.442447991223843928e-09
1.530269422289620707e-08
5.285776794039520610e-08
3.508561619014471944e-08
0.000000000000000000e+00
0.000000000000000000e+00
5.025214591114490759e-07
0.000000000000000000e+00
0.000000000000000000e+00
2.584219487289374229e-07
0.000000000000000000e+00
2.198597428559878608e-07
0.000000000000000000e+00
0.000000000000000000e+00
9.750120710805276758e-10
4.802413133830896186e-09
0.000000000000000000e+00
0.000000000000000000e+00
0.000000000000000000e+00
8.603056600442471336e-10
1.601919308313881629e-08
0.000000000000000000e+00
5.277908332601555230e-09
3.980428573413519189e-07
1.044910220571182435e-07
1.871567434363896609e-08
0.000000000000000000e+00
3.597399711452453630e-07
2.121276565958396532e-06
9.169752068771686027e-09
5.023305220674956217e-07
1.585329867381801705e-09
5.264767537482839543e-07
1.208389051043923246e-07
6.072087188613295439e-08
3.710223517305877294e-10
0.000000000000000000e+00
2.547724875512358267e-07
1.105393465650195139e-07
2.495810447200597082e-09
6.436904897988426910e-10
0.000000000000000000e+00
2.635274221063355071e-09
1.379733362227852922e-06
2.458845926867070375e-07
0.000000000000000000e+00
1.077189093479091753e-08
3.818701941327162785e-07
6.612883396428514970e-08
3.801447601148311151e-09
4.520628493764888844e-08
1.203609940603200812e-07
3.352034028125672194e-08
3.586165808755481521e-10
2.158803136254050514e-09
8.891622655937680975e-07
2.182591742894146591e-06
1.252073843716061674e-06
7.750698500785802025e-07
1.691741545073455200e-06
4.681216069002402946e-06
0.000000000000000000e+00
1.436105791577380053e-12
2.176552271748732892e-09
1.673954784564557485e-06
1.116554049218621003e-08
2.619657735181135649e-08
7.887342334811364708e-09
2.944948676031344803e-07
0.000000000000000000e+00
7.040654281809111126e-08
1.133069645220530219e-06
6.079422831817282713e-08
1.241436279997287784e-06
2.088509063469246030e-07
2.315564870514208451e-06
2.079334308291436173e-06
5.765551147618452887e-09
8.419338826115563279e-08
0.000000000000000000e+00
2.633753638292546384e-06
1.833055840450015239e-08
4.232809089899092214e-07
3.628328748561671091e-09
7.293495514204551000e-07
4.233429081068607047e-06
2.511422536599638988e-08
1.717073985219030874e-07
2.894872181968821678e-07
1.408175904771269416e-07
1.387882377912319498e-07
7.850280212551297154e-07
1.779813601388013922e-06
5.263895275220420444e-08
5.686762278855894692e-07
0.000000000000000000e+00
1.064811499418283347e-06
7.047244139357644599e-07
4.657363206206355244e-07
8.152156993901371607e-08
0.000000000000000000e+00
0.000000000000000000e+00
2.833603396368289395e-08
6.151596121384272919e-09
2.053105463417637111e-09
0.000000000000000000e+00
3.964341033224627608e-07
7.105061428092085407e-09
1.715340403052323381e-07
0.000000000000000000e+00
3.044649421468648143e-09
4.002438935835073153e-10
8.390940138269797899e-07
3.980020757410329679e-10
0.000000000000000000e+00
0.000000000000000000e+00
1.656449311049357220e-09
0.000000000000000000e+00
9.541486711839297641e-09
0.000000000000000000e+00
1.034924235199241593e-08
0.000000000000000000e+00
5.600107044756441610e-09
0.000000000000000000e+00
6.837200583476032989e-09
0.000000000000000000e+00
8.445771300102933310e-07
0.000000000000000000e+00
8.422635033866754384e-09
0.000000000000000000e+00
2.328155446207347268e-08
0.000000000000000000e+00
0.000000000000000000e+00
3.099135115203210944e-10
3.486916710926379892e-08
5.963678262332905433e-08
5.876486852685047779e-09
1.421815909452561755e-07
3.111818713819047844e-08
1.202448096648822684e-08
3.302178086528329004e-09
1.397584981077670818e-08
0.000000000000000000e+00
0.000000000000000000e+00
2.822111788702841295e-08
3.355383796588284895e-06
3.130801867756716206e-11
7.896841514032360010e-10
1.765261572472809348e-07
1.142905770024071899e-08
0.000000000000000000e+00
5.650520051858620718e-10
8.691716679720684624e-09
4.713065937522742388e-09
7.202068108558279391e-11
2.610587124252106150e-08
1.517249548221855093e-09
2.167023893662189948e-07
1.704396481727599166e-07
1.891077801019491744e-07
5.040922887444843070e-11
7.863215856218630506e-09
5.339702013884561893e-08
5.532002589347939647e-08
5.248703516258501622e-08
9.805310341448603140e-09
0.000000000000000000e+00
1.744570283790380927e-07
7.036824456463364186e-09
6.153623530735785607e-07
0.000000000000000000e+00
8.743177848380412343e-10
1.523697932270806632e-07
8.585061550547834486e-09
5.409869459072069731e-07
1.280927719449209690e-08
1.171204303318518214e-06
3.160993173878523521e-06
0.000000000000000000e+00
3.461240627444794882e-09
1.167421828540682327e-06
2.965913836305844598e-06
7.345654466917039827e-07
6.075860881082917331e-08
3.764235714243113762e-07
1.416040795731987600e-08
2.980769977511954494e-06
0.000000000000000000e+00
8.926464567515779436e-10
1.071674304853331705e-09
1.130289319917210378e-06
3.870478337830718374e-08
0.000000000000000000e+00
1.232688647337387700e-12
1.570700902675525867e-07
1.315306576543662231e-06
1.393192832210843335e-07
7.426921744269066039e-09
5.382084964367095381e-07
0.000000000000000000e+00
3.850252028314571362e-07
3.408575643959466106e-10
1.138538152645196533e-08
1.165518256129871588e-06
1.018608575265034233e-08
2.083019623455584224e-08
8.236978210618417506e-09
8.358336245350983518e-09
0.000000000000000000e+00
1.769340798318808083e-07
0.000000000000000000e+00
9.561938441038364545e-07
5.701776899513788521e-07
0.000000000000000000e+00
0.000000000000000000e+00
3.482728629933262710e-07
0.000000000000000000e+00
4.886483218058401690e-09
0.000000000000000000e+00
5.568717487136609634e-09
4.697694322430834291e-08
5.232657258602557704e-07
7.565577675450185779e-07
0.000000000000000000e+00
2.449240144031250566e-09
6.045457894288119860e-07
0.000000000000000000e+00
0.000000000000000000e+00
0.000000000000000000e+00
0.000000000000000000e+00
7.907670074303041474e-10
0.000000000000000000e+00
2.286898421743899235e-07
0.000000000000000000e+00
3.086159665599552682e-07
4.401738529224985541e-09
4.345031889840811345e-09
2.080594539970864743e-13
4.439703005232331634e-08
8.563473263833998317e-10
4.534115589649445610e-07
1.507847002812923165e-08
1.019578448335778376e-07
0.000000000000000000e+00
0.000000000000000000e+00
4.449632218239685244e-09
9.006241974418571772e-09
1.994003628880136603e-09
6.185050804852210149e-10
1.695799625167637714e-07
5.495458754722903905e-09
2.121865009030443616e-06
3.631217326827140823e-09
3.869218545560215716e-08
8.101991966213972773e-08
0.000000000000000000e+00
0.000000000000000000e+00
6.084675430173547284e-09
0.000000000000000000e+00
2.272215056109416764e-07
3.245196333878652695e-10
6.851536671348412710e-09
1.321833087430945852e-09
3.544724735959903228e-09
0.000000000000000000e+00
5.411628437035354011e-11
0.000000000000000000e+00
0.000000000000000000e+00
0.000000000000000000e+00
0.000000000000000000e+00
0.000000000000000000e+00
0.000000000000000000e+00
1.488235135127524700e-08
8.292300179846279207e-09
1.162631879658704293e-09
1.807569205425352266e-09
4.881049786575886174e-09
5.345528961697709747e-07
2.394092177837592317e-07
1.330968757429218385e-08
8.303439713586158177e-09
2.545709065771006863e-08
0.000000000000000000e+00
7.327082052199784812e-09
4.796075203650218555e-10
7.076245811532544394e-09
0.000000000000000000e+00
0.000000000000000000e+00
0.000000000000000000e+00
0.000000000000000000e+00
0.000000000000000000e+00
2.077775747011401108e-07
8.598027151363041298e-11
2.947391841701119120e-08
2.723287252592854202e-06
0.000000000000000000e+00
2.975419910455912031e-10
1.446662452053715242e-07
9.096871878000456491e-08
8.746127377889933996e-09
2.642369452132697916e-07
1.499843591545868549e-07
1.107802205524421879e-07
6.080057914914505091e-07
4.984478962910543487e-08
8.227396541826692555e-09
3.487144510927464580e-07
1.196844095829874277e-06
1.617368816653197428e-08
1.219851355926948600e-06
2.111523542680515675e-07
2.074341125535283936e-07
4.149451982016216789e-08
1.403335936345229129e-08
4.877220760590716964e-08
4.009285021311370656e-06
3.163656288052152377e-07
2.554155331679908159e-09
0.000000000000000000e+00
4.063550385069447657e-09
4.578062373639113503e-07
3.172680962393314985e-08
0.000000000000000000e+00
2.758206163466780936e-10
8.869150747159437742e-09
1.937803517648717389e-08
7.147488378933530839e-09
6.111424113441898953e-07
2.022817398028564639e-06
2.426913603414959653e-08
2.319409986739628948e-06
3.129291314962756587e-07
1.378865817969199270e-06
1.251568590987517382e-07
3.306536200398113579e-08
0.000000000000000000e+00
0.000000000000000000e+00
4.909155677523813210e-07
0.000000000000000000e+00
0.000000000000000000e+00
0.000000000000000000e+00
1.915688052633868210e-09
0.000000000000000000e+00
0.000000000000000000e+00
6.719876211036535096e-08
0.000000000000000000e+00
9.919431498417452531e-09
1.966891760574185355e-09
0.000000000000000000e+00
4.934133102096893708e-09
7.876663765671310102e-10
8.814752732178021688e-07
0.000000000000000000e+00
0.000000000000000000e+00
8.968590314850644063e-09
1.468784560643143777e-08
5.807405112356889276e-10
8.184122712862063054e-09
8.361349834729026043e-09
8.676905416393765336e-09
1.549896637698111590e-07
7.057720381453691516e-07
4.982932955144292464e-10
0.000000000000000000e+00
1.782685501439118525e-07
0.000000000000000000e+00
0.000000000000000000e+00
0.000000000000000000e+00
0.000000000000000000e+00
0.000000000000000000e+00
4.433526878955262873e-10
4.729639790923556575e-09
0.000000000000000000e+00
0.000000000000000000e+00
0.000000000000000000e+00
2.277749189261157881e-08
0.000000000000000000e+00
0.000000000000000000e+00
0.000000000000000000e+00
0.000000000000000000e+00
0.000000000000000000e+00
0.000000000000000000e+00
0.000000000000000000e+00
6.266965613122010836e-09
9.189421668054365000e-09
4.658597507756212508e-09
3.427032546632347021e-10
0.000000000000000000e+00
0.000000000000000000e+00
3.419517611291666981e-07
0.000000000000000000e+00
3.006197601962412591e-08
0.000000000000000000e+00
1.591135001532961724e-10
0.000000000000000000e+00
2.252760339382930965e-10
4.859746494112471282e-10
0.000000000000000000e+00
3.182945249591284664e-07
8.440751209093377838e-09
4.322266988765477436e-10
3.032608617559162667e-07
3.265481662850788780e-09
0.000000000000000000e+00
8.154509956170841178e-09
1.395354860302122635e-12
0.000000000000000000e+00
2.489407346928373954e-09
1.300741403476024516e-09
0.000000000000000000e+00
1.609162403326536150e-08
6.352415260479915560e-10
3.079484667267706755e-09
0.000000000000000000e+00
7.066353191476082429e-07
0.000000000000000000e+00
0.000000000000000000e+00
1.730290222212715889e-07
1.408717698048178590e-09
0.000000000000000000e+00
0.000000000000000000e+00
0.000000000000000000e+00
0.000000000000000000e+00
0.000000000000000000e+00
5.816875314756941862e-10
0.000000000000000000e+00
3.495798850394749024e-08
0.000000000000000000e+00
2.482697158967539508e-09
0.000000000000000000e+00
0.000000000000000000e+00
1.694786422312688501e-09
1.525606169172633031e-10
0.000000000000000000e+00
0.000000000000000000e+00
0.000000000000000000e+00
2.414646704806955313e-09
0.000000000000000000e+00
0.000000000000000000e+00
7.063959877109948771e-13
1.329734988786412941e-08
1.406826564964713810e-11
0.000000000000000000e+00
1.240239697608558345e-07
3.108982014055072796e-07
1.016977702050780863e-08
1.159000007078248018e-09
0.000000000000000000e+00
1.185500586586840654e-08
2.599063499142406641e-11
1.646222536066943576e-08
0.000000000000000000e+00
5.595168328653699064e-09
4.259722852228975398e-10
6.840812805108953398e-09
0.000000000000000000e+00
2.232408480296044218e-09
6.504293992293241899e-09
2.979756459353666287e-07
3.327918193463119678e-06
5.806354952397896341e-09
3.178076894982950762e-07
1.658150381445011590e-07
6.667465690668450407e-09
2.051522187684895471e-06
0.000000000000000000e+00
7.054409678630690905e-08
2.994866932226614153e-08
2.423440292886880343e-08
1.270150278287474066e-06
6.295582111182085328e-11
1.413874315403518267e-07
3.386028879504010547e-07
5.284432518237736076e-07
3.853340899695467670e-07
7.032661528683092911e-07
3.084495119765051641e-06
4.567651501474756515e-07
6.637988008151296526e-06
0.000000000000000000e+00
2.262722489376756130e-07
3.039569037355249748e-06
2.990408809466771345e-09
1.632657671279957867e-07
1.250838181476865429e-06
5.873382065146870445e-07
4.605208232533186674e-07
5.399068570000054024e-08
5.046790096940867443e-09
1.517475367585063850e-09
2.212711507354470086e-07
2.307660285083557028e-09
3.258591174670755208e-10
3.360537164098786889e-07
8.296819897779528219e-10
3.088128153194702463e-07
1.915976932664875676e-09
1.074622446139983367e-06
8.169649277078860905e-07
6.193324075809414353e-09
0.000000000000000000e+00
2.380140973201605448e-09
2.320531988786456168e-09
9.605030548698323400e-09
5.395297193899750710e-06
0.000000000000000000e+00
8.529266324330819771e-07
5.502638487087097019e-07
1.116852033078430395e-07
1.208283833875611890e-06
5.790928625515334716e-08
3.710354246067026907e-09
2.232779960920083795e-09
0.000000000000000000e+00
4.174409866664063884e-07
0.000000000000000000e+00
5.400229952101653907e-07
5.748849840614411733e-09
3.584983403470687335e-07
3.205642826742405305e-07
5.271028058473348210e-10
1.420499131654651137e-07
0.000000000000000000e+00
1.301497377426130697e-06
1.475011401907977415e-07
0.000000000000000000e+00
0.000000000000000000e+00
6.128708491814904846e-07
3.660310312625369988e-07
1.884313434175055590e-07
0.000000000000000000e+00
3.237108914255770742e-10
8.189317002305074311e-10
0.000000000000000000e+00
7.088237108376915785e-09
1.471260357988057876e-08
2.403406640372196534e-10
2.964268048799567623e-07
0.000000000000000000e+00
0.000000000000000000e+00
6.295152843449614011e-07
2.681365962597936914e-10
6.814779296426820565e-11
1.797967463801342092e-08
0.000000000000000000e+00
0.000000000000000000e+00
2.353195860393952898e-09
0.000000000000000000e+00
0.000000000000000000e+00
0.000000000000000000e+00
0.000000000000000000e+00
8.473921297991182655e-08
8.580742338892832777e-09
0.000000000000000000e+00
0.000000000000000000e+00
2.625247752519044298e-08
0.000000000000000000e+00
1.921809156257836548e-09
2.498568907327580746e-09
5.837153871368627733e-09
0.000000000000000000e+00
3.374508450448843178e-09
2.085958961117739818e-08
0.000000000000000000e+00
0.000000000000000000e+00
0.000000000000000000e+00
8.877484702907167957e-08
5.244105594215398014e-09
0.000000000000000000e+00
4.059756975038908422e-09
0.000000000000000000e+00
0.000000000000000000e+00
0.000000000000000000e+00
0.000000000000000000e+00
1.136844787197333062e-07
0.000000000000000000e+00
0.000000000000000000e+00
0.000000000000000000e+00
0.000000000000000000e+00
2.056794179416954194e-10
0.000000000000000000e+00
0.000000000000000000e+00
0.000000000000000000e+00
1.528578708054340041e-09
2.524209818943745631e-08
0.000000000000000000e+00
0.000000000000000000e+00
0.000000000000000000e+00
0.000000000000000000e+00
1.726587449402128271e-11
3.877941079366564736e-09
6.778140115154540624e-12
1.596989207541810174e-08
6.765088933491369971e-09
2.833279722835868597e-06
9.526859656716624158e-08
3.061187570096990385e-08
9.310577979704248719e-07
1.949197692141524385e-09
2.015865874227529275e-08
3.112057356702280231e-06
1.781004357326310128e-07
4.206218040536668923e-09
1.147078609875507027e-08
8.967952567218162585e-07
2.477411726431455463e-06
6.254870399402534531e-09
6.025452137237152783e-08
1.498354293971715379e-07
3.198206144361392944e-08
1.858327402549930785e-13
1.068108588242466794e-07
2.872961424316144985e-09
3.145846392271778313e-07
6.693769591947784647e-07
6.640495939791435376e-07
7.713089189564925618e-07
6.345397878249059431e-07
1.327265408690436743e-07
1.181781783543556230e-09
4.633871064640970872e-09
1.694874498525678064e-07
2.415125095467374194e-07
3.976676321570948858e-09
2.686281419528313563e-09
0.000000000000000000e+00
0.000000000000000000e+00
5.462220897811675968e-08
2.958982463496795390e-07
9.524522504023025249e-09
1.872790637846843964e-11
2.739637960935681349e-10
2.355835562184438459e-07
0.000000000000000000e+00
6.330383683916807058e-08
6.956595299811851874e-09
0.000000000000000000e+00
1.739885213680736342e-08
5.475111475305993736e-09
1.660932363867217987e-10
2.943184007619947806e-08
0.000000000000000000e+00
0.000000000000000000e+00
3.763477810642124055e-12
8.680070209265977610e-07
1.383969561175035778e-07
5.366277036955580115e-06
5.184039508776550065e-08
5.564732532548077870e-07
0.000000000000000000e+00
5.348151432826853124e-08
5.406501557558840432e-08
9.453345661825096613e-09
6.196314017437032362e-10
3.884862709302439043e-10
1.355989276419222733e-08
8.051666213759745006e-07
0.000000000000000000e+00
1.001418752366589615e-07
6.996729240427157492e-08
6.469721114399362705e-08
7.866413653800918837e-08
1.238702740380404066e-08
6.184545497944782255e-08
0.000000000000000000e+00
1.588902698301808414e-08
7.980962379861011868e-08
9.263749234378337860e-07
0.000000000000000000e+00
0.000000000000000000e+00
0.000000000000000000e+00
1.827835882650674648e-09
3.111223065843660152e-07
7.297364934544248172e-10
0.000000000000000000e+00
0.000000000000000000e+00
0.000000000000000000e+00
1.560933810651476961e-06
0.000000000000000000e+00
1.585631181910684973e-08
1.325610021057910259e-11
2.857866937891473391e-12
6.709202580168494023e-07
7.709508764719430474e-08
2.184416425521362726e-09
0.000000000000000000e+00
4.277450571521512757e-08
0.000000000000000000e+00
7.115796285539488508e-10
2.789495301414035566e-09
0.000000000000000000e+00
7.310735128385204007e-08
0.000000000000000000e+00
3.615092817113585433e-12
0.000000000000000000e+00
1.801679694324320735e-09
8.217163838253327413e-09
8.293771429634944070e-07
5.142320458340066125e-10
1.496350847673966200e-07
2.836583057330699376e-08
3.508446511091278808e-08
7.978139393571836990e-08
7.042237371024384629e-07
1.890628453793397057e-07
5.270838343562900263e-08
5.765611987840202346e-08
1.952720083409076324e-07
2.442021695969742723e-07
4.241155870943202899e-09
1.012347894402410020e-07
6.688942733035219135e-08
1.764423842587348190e-07
1.823595141559053445e-08
3.538554551596462261e-07
9.297306813316197349e-10
8.229874559617655905e-09
3.780320128043967998e-07
0.000000000000000000e+00
1.932594614117988385e-06
4.199588147457689047e-06
4.318814035286777653e-07
0.000000000000000000e+00
7.641563826155106653e-09
5.005353500564524438e-07
0.000000000000000000e+00
1.252584809208201477e-07
3.557001377885171678e-07
5.226541688330144098e-08
2.181152609637138085e-07
3.578229780032415874e-06
3.634469081248425937e-08
1.937831029863446020e-06
4.858083357817122305e-08
9.974556292036140803e-09
1.530819027095731144e-08
1.139241021519410424e-06
1.434635009900375735e-06
4.523862884298068820e-08
0.000000000000000000e+00
4.296919442481339502e-08
1.697797671340595116e-07
3.045354191044680192e-09
1.670979372647707351e-07
1.070505817324374220e-08
6.699983146063459571e-07
1.500469082316158165e-08
9.847015007835580036e-07
4.414906484839775658e-08
2.096523985528619960e-06
5.205393449614348356e-08
1.633249507859702021e-10
7.814525559979301761e-08
1.856213742712498060e-07
0.000000000000000000e+00
1.317084326046824572e-07
1.575516800356169256e-10
9.005071319734270219e-07
0.000000000000000000e+00
5.126625524098926689e-07
9.466867112450927380e-08
0.000000000000000000e+00
1.056872811489029118e-09
7.583465411187262362e-09
1.139562613161615445e-07
8.715413390980586428e-10
2.511517607217683690e-07
0.000000000000000000e+00
0.000000000000000000e+00
2.491963302375665990e-09
0.000000000000000000e+00
0.000000000000000000e+00
4.727628777345671551e-08
0.000000000000000000e+00
0.000000000000000000e+00
0.000000000000000000e+00
1.767689639109448763e-07
0.000000000000000000e+00
0.000000000000000000e+00
8.422548489761538804e-07
0.000000000000000000e+00
8.621775515749163787e-10
1.465380421450390713e-07
0.000000000000000000e+00
1.535071447733571404e-07
9.418135391570103820e-07
0.000000000000000000e+00
0.000000000000000000e+00
0.000000000000000000e+00
0.000000000000000000e+00
0.000000000000000000e+00
0.000000000000000000e+00
0.000000000000000000e+00
8.616785063253473709e-11
0.000000000000000000e+00
0.000000000000000000e+00
9.191191644580820608e-13
5.378220180318749044e-08
0.000000000000000000e+00
0.000000000000000000e+00
1.303706809174798309e-09
1.375047531837481074e-06
0.000000000000000000e+00
1.311061339492880506e-07
0.000000000000000000e+00
0.000000000000000000e+00
0.000000000000000000e+00
0.000000000000000000e+00
0.000000000000000000e+00
0.000000000000000000e+00
0.000000000000000000e+00
0.000000000000000000e+00
0.000000000000000000e+00
0.000000000000000000e+00
0.000000000000000000e+00
0.000000000000000000e+00
1.595368503970462370e-09
0.000000000000000000e+00
0.000000000000000000e+00
4.328502889450192015e-09
0.000000000000000000e+00
0.000000000000000000e+00
0.000000000000000000e+00
0.000000000000000000e+00
0.000000000000000000e+00
2.587683400889773111e-09
8.946281937483036018e-09
0.000000000000000000e+00
3.007179172342944184e-09
0.000000000000000000e+00
2.749208360963706355e-10
6.304841235760250129e-07
1.785192793590795191e-08
0.000000000000000000e+00
0.000000000000000000e+00
8.956613442023808602e-07
0.000000000000000000e+00
4.616699555981540470e-08
0.000000000000000000e+00
0.000000000000000000e+00
2.778808266157284379e-06
0.000000000000000000e+00
1.186770060002118043e-08
0.000000000000000000e+00
2.545417487898049558e-10
4.109311113609237509e-09
2.645225011255192271e-11
7.844762173192521004e-09
0.000000000000000000e+00
0.000000000000000000e+00
0.000000000000000000e+00
0.000000000000000000e+00
0.000000000000000000e+00
0.000000000000000000e+00
7.953863701004593167e-08
1.242647373889127493e-10
0.000000000000000000e+00
0.000000000000000000e+00
0.000000000000000000e+00
0.000000000000000000e+00
1.040623601511470042e-06
0.000000000000000000e+00
0.000000000000000000e+00
0.000000000000000000e+00
0.000000000000000000e+00
9.871405026729007659e-09
4.906280937078122406e-11
1.176821695647589650e-10
6.405536101539155425e-09
0.000000000000000000e+00
0.000000000000000000e+00
0.000000000000000000e+00
0.000000000000000000e+00
0.000000000000000000e+00
0.000000000000000000e+00
0.000000000000000000e+00
0.000000000000000000e+00
0.000000000000000000e+00
8.982368182586242256e-10
0.000000000000000000e+00
0.000000000000000000e+00
0.000000000000000000e+00
0.000000000000000000e+00
0.000000000000000000e+00
0.000000000000000000e+00
0.000000000000000000e+00
0.000000000000000000e+00
5.799968949560252440e-09
0.000000000000000000e+00
0.000000000000000000e+00
4.798645855674799066e-11
2.954864686266489571e-10
0.000000000000000000e+00
0.000000000000000000e+00
7.839751417493268093e-12
0.000000000000000000e+00
0.000000000000000000e+00
3.210869436998109450e-08
0.000000000000000000e+00
0.000000000000000000e+00
0.000000000000000000e+00
5.185922358208472360e-09
0.000000000000000000e+00
0.000000000000000000e+00
0.000000000000000000e+00
0.000000000000000000e+00
0.000000000000000000e+00
0.000000000000000000e+00
4.637404238394537970e-09
7.997706941154092419e-10
0.000000000000000000e+00
0.000000000000000000e+00
4.697527089536635003e-12
2.697851837762943461e-11
0.000000000000000000e+00
9.101422948631920917e-10
0.000000000000000000e+00
0.000000000000000000e+00
0.000000000000000000e+00
0.000000000000000000e+00
2.143244159924506675e-07
6.544164515842609831e-11
0.000000000000000000e+00
0.000000000000000000e+00
0.000000000000000000e+00
0.000000000000000000e+00
0.000000000000000000e+00
0.000000000000000000e+00
0.000000000000000000e+00
0.000000000000000000e+00
0.000000000000000000e+00
0.000000000000000000e+00
0.000000000000000000e+00
0.000000000000000000e+00
0.000000000000000000e+00
0.000000000000000000e+00
0.000000000000000000e+00
0.000000000000000000e+00
0.000000000000000000e+00
0.000000000000000000e+00
2.379525243512148336e-09
0.000000000000000000e+00
0.000000000000000000e+00
9.240848974911841651e-09
8.179993571388877172e-09
7.907744459245691360e-10
0.000000000000000000e+00
4.831996136545058107e-09
0.000000000000000000e+00
2.465934956230597663e-10
1.929650439436159104e-09
0.000000000000000000e+00
2.577257873781491071e-07
7.484733259843778796e-07
0.000000000000000000e+00
6.572773827429045923e-07
6.063965773961399464e-09
1.413588393006648403e-07
2.372281414864119142e-06
6.158801966194005217e-07
3.156286084049497731e-06
1.907790192490210757e-06
4.484003568450134480e-07
5.452625941870792303e-07
3.182843322235839878e-09
1.580835942149860784e-07
3.106675094954880478e-08
3.292598860227258228e-09
4.619246851689240430e-07
9.513926357840318815e-08
5.161206217962899245e-08
9.406589356331096496e-07
1.006615901744112307e-09
2.611186999956771615e-08
5.932023761090476910e-09
3.616787864757498028e-07
1.223758772539440542e-06
1.878950968148274114e-07
6.381495154528238345e-07
0.000000000000000000e+00
5.155441229476309672e-08
5.833114546938134026e-10
4.600686622779903701e-07
1.152520994196493120e-07
2.935773011358833173e-07
3.101901597801770549e-07
7.549942893092520535e-09
8.198090881705866195e-07
9.609230078311270518e-11
1.737074151186845938e-09
1.302749069509445690e-06
2.650145631832856452e-07
1.213130013111296535e-10
6.610478830992860821e-10
1.794241256902751047e-06
0.000000000000000000e+00
1.223699428010149859e-06
5.198397268202370469e-09
5.481300391352306178e-08
2.016189526443668001e-08
0.000000000000000000e+00
3.122091740692667372e-08
0.000000000000000000e+00
1.107825511326154810e-07
8.720070776568888959e-10
2.724220315997172293e-08
4.931271835317829755e-09
0.000000000000000000e+00
0.000000000000000000e+00
0.000000000000000000e+00
7.877182239823810050e-10
0.000000000000000000e+00
0.000000000000000000e+00
4.876177239765411286e-09
0.000000000000000000e+00
0.000000000000000000e+00
0.000000000000000000e+00
0.000000000000000000e+00
0.000000000000000000e+00
6.551684972322391332e-09
9.385394683647518832e-09
1.927489279296423774e-10
1.421555789749007204e-10
9.615241935989615740e-09
8.432213149944800534e-08
7.214180808290393543e-09
0.000000000000000000e+00
3.808330859556008363e-07
0.000000000000000000e+00
1.874745549912404385e-07
3.559233903160929913e-07
3.562470762830116655e-09
0.000000000000000000e+00
0.000000000000000000e+00
7.430815962550241238e-09
0.000000000000000000e+00
4.143996701344576650e-09
0.000000000000000000e+00
0.000000000000000000e+00
5.567927452432286373e-09
0.000000000000000000e+00
0.000000000000000000e+00
0.000000000000000000e+00
0.000000000000000000e+00
0.000000000000000000e+00
2.212808251520967384e-13
0.000000000000000000e+00
0.000000000000000000e+00
0.000000000000000000e+00
0.000000000000000000e+00
2.815577282433423534e-08
0.000000000000000000e+00
5.445925828351239062e-12
2.150511363652185537e-06
0.000000000000000000e+00
3.890881217216701771e-08
0.000000000000000000e+00
0.000000000000000000e+00
0.000000000000000000e+00
0.000000000000000000e+00
1.982751740570165566e-10
5.019728188671024327e-09
0.000000000000000000e+00
1.457878040511673134e-09
1.270377651962917298e-07
8.828892283929690166e-09
2.690910383407185691e-09
1.058299337053369982e-09
0.000000000000000000e+00
0.000000000000000000e+00
0.000000000000000000e+00
2.030977122591259842e-11
0.000000000000000000e+00
0.000000000000000000e+00
0.000000000000000000e+00
1.891452772184720743e-09
0.000000000000000000e+00
0.000000000000000000e+00
0.000000000000000000e+00
8.389437478051320340e-10
0.000000000000000000e+00
3.990321850722011732e-09
2.852574425560305826e-07
0.000000000000000000e+00
1.418208994685699054e-09
1.869428833956021663e-09
0.000000000000000000e+00
1.134491722787345225e-09
0.000000000000000000e+00
0.000000000000000000e+00
5.672763647712741886e-11
4.885015947309057083e-09
8.893322744896181575e-10
8.609207569065802090e-09
2.619810368642561116e-09
9.613650320261513116e-09
0.000000000000000000e+00
4.867401148800354349e-09
2.832443435352161032e-08
5.840831818204605952e-07
2.375238850049754546e-08
0.000000000000000000e+00
2.723652592351299973e-08
1.308333796856686604e-08
1.661788395779240091e-08
1.547387341815920081e-06
2.042683244773968454e-10
2.620555505927768536e-08
3.217250243991998104e-09
9.273444590007784427e-08
8.060950307253733627e-08
3.743646725951066401e-09
8.085492275711203547e-10
2.088357042850930156e-09
4.305059864151417059e-09
0.000000000000000000e+00
2.421253668671852211e-07
5.722854634626628467e-09
3.147135330117123431e-11
2.962468670375528745e-06
2.631020379340043291e-07
1.532600379938742208e-09
3.453603085290524177e-06
7.783754654155927710e-07
2.215919039372238331e-06
7.344231889305774530e-09
3.456282229308271781e-07
2.836629562352754874e-07
4.643350148825220458e-09
4.227462113703950308e-07
4.972425244886835571e-07
2.070971731882309541e-06
5.647477152592728089e-08
0.000000000000000000e+00
1.550694150864728726e-08
8.336381585039021047e-10
2.941715706583636347e-07
1.539066971645297599e-07
1.574308683416347776e-08
5.645138756449341599e-08
7.933775414414867555e-09
5.472594821753773431e-09
9.220472918514133198e-08
2.671284278221719433e-07
1.438970457456889562e-06
2.421292037979583256e-07
2.883969727918156423e-06
2.577584439222846413e-07
5.372300826422815589e-09
4.916320506254123757e-08
4.393447028405716992e-08
1.379099590081978022e-08
5.419357185232342999e-10
5.358514076903020396e-09
0.000000000000000000e+00
0.000000000000000000e+00
2.160128076411638176e-09
2.174662540710414760e-06
1.125967060033872258e-06
0.000000000000000000e+00
0.000000000000000000e+00
0.000000000000000000e+00
6.088082926680726814e-09
0.000000000000000000e+00
0.000000000000000000e+00
1.277676020539075807e-10
0.000000000000000000e+00
0.000000000000000000e+00
0.000000000000000000e+00
0.000000000000000000e+00
0.000000000000000000e+00
0.000000000000000000e+00
0.000000000000000000e+00
0.000000000000000000e+00
3.566114159525568539e-08
9.866513828171719069e-09
0.000000000000000000e+00
0.000000000000000000e+00
0.000000000000000000e+00
8.942042661885807320e-09
0.000000000000000000e+00
0.000000000000000000e+00
0.000000000000000000e+00
0.000000000000000000e+00
0.000000000000000000e+00
0.000000000000000000e+00
0.000000000000000000e+00
0.000000000000000000e+00
1.724681339965172810e-07
0.000000000000000000e+00
0.000000000000000000e+00
0.000000000000000000e+00
0.000000000000000000e+00
3.940352044651262986e-09
0.000000000000000000e+00
0.000000000000000000e+00
0.000000000000000000e+00
0.000000000000000000e+00
0.000000000000000000e+00
0.000000000000000000e+00
0.000000000000000000e+00
8.786712690778131218e-09
0.000000000000000000e+00
0.000000000000000000e+00
0.000000000000000000e+00
1.395608406618009667e-09
0.000000000000000000e+00
3.708992002415811839e-09
6.945286568083020029e-10
2.434367818437976894e-09
0.000000000000000000e+00
0.000000000000000000e+00
7.461933154706557048e-11
4.000121567315773063e-09
0.000000000000000000e+00
0.000000000000000000e+00
0.000000000000000000e+00
0.000000000000000000e+00
0.000000000000000000e+00
0.000000000000000000e+00
1.898919244069929846e-08
4.646536044816684807e-09
0.000000000000000000e+00
1.962023876700413894e-09
0.000000000000000000e+00
3.930295022769314528e-08
0.000000000000000000e+00
5.090905830229530693e-08
1.062716803446051017e-09
0.000000000000000000e+00
0.000000000000000000e+00
1.131830740241923650e-10
7.518422329155782791e-09
0.000000000000000000e+00
0.000000000000000000e+00
0.000000000000000000e+00
0.000000000000000000e+00
0.000000000000000000e+00
0.000000000000000000e+00
0.000000000000000000e+00
0.000000000000000000e+00
0.000000000000000000e+00
0.000000000000000000e+00
0.000000000000000000e+00
0.000000000000000000e+00
0.000000000000000000e+00
1.576847652451363047e-09
8.386084188183318133e-11
0.000000000000000000e+00
3.599006509480418003e-11
0.000000000000000000e+00
0.000000000000000000e+00
6.172728550524197999e-09
8.300974352337675555e-10
0.000000000000000000e+00
0.000000000000000000e+00
0.000000000000000000e+00
0.000000000000000000e+00
2.814564953443256939e-14
0.000000000000000000e+00
0.000000000000000000e+00
0.000000000000000000e+00
0.000000000000000000e+00
0.000000000000000000e+00
2.083872004732256755e-06
0.000000000000000000e+00
0.000000000000000000e+00
3.307757651782594621e-06
3.368222020738720346e-11
3.183366903414253102e-10
0.000000000000000000e+00
0.000000000000000000e+00
0.000000000000000000e+00
0.000000000000000000e+00
0.000000000000000000e+00
0.000000000000000000e+00
0.000000000000000000e+00
0.000000000000000000e+00
8.021418196335616813e-09
6.215071834958507679e-08
0.000000000000000000e+00
0.000000000000000000e+00
0.000000000000000000e+00
0.000000000000000000e+00
3.394289738167799442e-09
2.995833803254299710e-09
1.708186925242216603e-09
3.228014078260343922e-09
9.250262777982243279e-09
1.164330587499762260e-08
2.977314839114342249e-09
1.394943804911008556e-08
2.962527503314049682e-07
1.133912164164030401e-08
1.885742006990653863e-09
7.749391102152003441e-07
1.076233857588704268e-08
3.639049594994503423e-08
9.514203611615812406e-07
1.599703978172328789e-06
3.306369933397945715e-07
2.836112178439265108e-10
2.742166138602897263e-08
6.635269000909715942e-10
4.261499597646434268e-09
1.154274542614075472e-07
3.668038539572648915e-09
4.460825042684746222e-09
8.260290940143022453e-08
1.405612266580646974e-07
5.519423584843252684e-09
0.000000000000000000e+00
1.007177957035310101e-06
1.352323231174068496e-08
1.309454205511428881e-06
1.316190036959596910e-07
1.512131007075367961e-06
1.041186581396402744e-09
1.337546962076885393e-08
1.300123471992264967e-06
8.709188250577426516e-07
1.293554277026487398e-07
2.756785910662529204e-10
3.308276674829357944e-08
2.485681989128352143e-07
6.004134522896720227e-09
9.561056231177644804e-07
0.000000000000000000e+00
1.730016492729191668e-06
2.690021816409426947e-12
0.000000000000000000e+00
9.275376555706316140e-07
2.056624648361093932e-09
0.000000000000000000e+00
8.202599843798452639e-08
6.613700698210323026e-09
1.659373225493254722e-07
9.708629988836037228e-08
1.043459292304760311e-07
3.818985128134499973e-10
1.717229913822393428e-09
0.000000000000000000e+00
3.035095952341748671e-09
5.713085116099136940e-09
4.133543995976651786e-07
0.000000000000000000e+00
2.025902006153046386e-07
0.000000000000000000e+00
1.287277928696539675e-08
1.100794788655434786e-09
1.039386120282870252e-06
0.000000000000000000e+00
3.216738519995487877e-08
0.000000000000000000e+00
0.000000000000000000e+00
5.840705696869008534e-09
0.000000000000000000e+00
0.000000000000000000e+00
0.000000000000000000e+00
0.000000000000000000e+00
0.000000000000000000e+00
0.000000000000000000e+00
0.000000000000000000e+00
0.000000000000000000e+00
0.000000000000000000e+00
0.000000000000000000e+00
2.341018767726410488e-10
0.000000000000000000e+00
0.000000000000000000e+00
0.000000000000000000e+00
0.000000000000000000e+00
3.233843060002072889e-08
7.655876821388574172e-09
0.000000000000000000e+00
0.000000000000000000e+00
0.000000000000000000e+00
0.000000000000000000e+00
0.000000000000000000e+00
5.530076951920648298e-10
0.000000000000000000e+00
4.594015763359493576e-07
0.000000000000000000e+00
5.524048418692473206e-08
7.097998633298630011e-09
0.000000000000000000e+00
0.000000000000000000e+00
8.770130399682329880e-09
2.510888198747895927e-12
0.000000000000000000e+00
3.949993754304159665e-08
6.139013066785992123e-07
0.000000000000000000e+00
0.000000000000000000e+00
7.456148409801244270e-08
1.575387287289231608e-08
0.000000000000000000e+00
4.988992552412696568e-10
0.000000000000000000e+00
1.455766664548718836e-06
1.128963589280829183e-08
7.670321338082430884e-07
0.000000000000000000e+00
0.000000000000000000e+00
9.692829872065544805e-10
4.041589729553152210e-09
3.618210797640131204e-08
5.782897005701670423e-08
4.905949868572179184e-09
2.340589766447465081e-08
7.035809268529646943e-09
2.737132476227088773e-08
2.633136375607136870e-07
4.714450163589845033e-09
1.553526942643657094e-07
0.000000000000000000e+00
2.422697953363694978e-08
1.892204409159603529e-06
3.015547633822279749e-08
2.003931513172574341e-06
2.612627667986089364e-06
7.513629611821670551e-07
1.321431568612752017e-06
1.759960399638771378e-09
4.541836915450403467e-07
2.315008451603262074e-08
1.970401513062824961e-07
2.056654466287000105e-06
0.000000000000000000e+00
9.741022211073868675e-09
5.234402919995773118e-07
4.122999858191533917e-11
7.761666864780636388e-09
1.479113809210730324e-08
1.834243050780060003e-07
2.567968948596899281e-09
1.481037656958505977e-06
1.196919541257557285e-08
2.545309882862056838e-07
3.072226639755371025e-10
6.036836364131659138e-09
4.440665009042277234e-07
2.156447820311768737e-08
3.905863081854477059e-07
0.000000000000000000e+00
3.115025037914165296e-07
7.793000023070817406e-09
1.995331331272609532e-07
6.655561151092115324e-07
2.239343359633494401e-07
5.450952578200940479e-09
9.552792334943660535e-09
5.572419858879129606e-09
3.156041259444464231e-07
0.000000000000000000e+00
1.635115580711499206e-07
4.971078659821159818e-09
7.586335726283977010e-11
9.227958912561007310e-07
0.000000000000000000e+00
2.688173708520480432e-06
0.000000000000000000e+00
3.039661123693804257e-06
7.591064665746216633e-09
2.614204049677937292e-06
5.117583246061485625e-09
0.000000000000000000e+00
3.625355793346329847e-09
5.895103294406567329e-10
1.416274102439274429e-07
6.430992627315390564e-09
0.000000000000000000e+00
0.000000000000000000e+00
0.000000000000000000e+00
4.292670752192861983e-08
2.055369577647070400e-06
0.000000000000000000e+00
0.000000000000000000e+00
0.000000000000000000e+00
0.000000000000000000e+00
0.000000000000000000e+00
0.000000000000000000e+00
0.000000000000000000e+00
0.000000000000000000e+00
0.000000000000000000e+00
0.000000000000000000e+00
0.000000000000000000e+00
0.000000000000000000e+00
0.000000000000000000e+00
0.000000000000000000e+00
0.000000000000000000e+00
0.000000000000000000e+00
0.000000000000000000e+00
0.000000000000000000e+00
0.000000000000000000e+00
6.171432254120645666e-09
0.000000000000000000e+00
0.000000000000000000e+00
0.000000000000000000e+00
0.000000000000000000e+00
2.987759692429925451e-11
0.000000000000000000e+00
1.454722831084609425e-08
1.256340920186005405e-09
0.000000000000000000e+00
0.000000000000000000e+00
0.000000000000000000e+00
0.000000000000000000e+00
0.000000000000000000e+00
0.000000000000000000e+00
2.282217193005919853e-10
0.000000000000000000e+00
0.000000000000000000e+00
0.000000000000000000e+00
0.000000000000000000e+00
2.497059199413342867e-07
0.000000000000000000e+00
0.000000000000000000e+00
0.000000000000000000e+00
0.000000000000000000e+00
0.000000000000000000e+00
0.000000000000000000e+00
0.000000000000000000e+00
0.000000000000000000e+00
0.000000000000000000e+00
0.000000000000000000e+00
2.956246358820635578e-09
0.000000000000000000e+00
0.000000000000000000e+00
2.747364113986350276e-09
0.000000000000000000e+00
0.000000000000000000e+00
2.633921303285546855e-09
0.000000000000000000e+00
0.000000000000000000e+00
5.092369192993828619e-09
4.022181698815074924e-09
0.000000000000000000e+00
2.464554081649250605e-11
0.000000000000000000e+00
0.000000000000000000e+00
1.714624886517412961e-09
0.000000000000000000e+00
2.238294185413769455e-12
0.000000000000000000e+00
0.000000000000000000e+00
0.000000000000000000e+00
1.089164047840540661e-08
0.000000000000000000e+00
7.226968801177235946e-09
0.000000000000000000e+00
0.000000000000000000e+00
1.235839874880184652e-08
0.000000000000000000e+00
0.000000000000000000e+00
3.330447251315149515e-09
0.000000000000000000e+00
8.022680436647888769e-11
4.793435426364567320e-09
0.000000000000000000e+00
0.000000000000000000e+00
4.122381369597860612e-07
1.712823993749168494e-09
1.461292331583763371e-08
0.000000000000000000e+00
0.000000000000000000e+00
0.000000000000000000e+00
4.720288604431743806e-10
0.000000000000000000e+00
0.000000000000000000e+00
0.000000000000000000e+00
0.000000000000000000e+00
0.000000000000000000e+00
0.000000000000000000e+00
1.940059490834755707e-07
0.000000000000000000e+00
0.000000000000000000e+00
0.000000000000000000e+00
0.000000000000000000e+00
0.000000000000000000e+00
0.000000000000000000e+00
0.000000000000000000e+00
0.000000000000000000e+00
0.000000000000000000e+00
0.000000000000000000e+00
0.000000000000000000e+00
0.000000000000000000e+00
0.000000000000000000e+00
0.000000000000000000e+00
0.000000000000000000e+00
0.000000000000000000e+00
0.000000000000000000e+00
0.000000000000000000e+00
0.000000000000000000e+00
7.209886576653445900e-10
0.000000000000000000e+00
0.000000000000000000e+00
0.000000000000000000e+00
0.000000000000000000e+00
1.101077007348294501e-10
0.000000000000000000e+00
2.332992687925639075e-09
0.000000000000000000e+00
3.307281670750228386e-10
0.000000000000000000e+00
1.057486898048409785e-08
0.000000000000000000e+00
0.000000000000000000e+00
1.630474644187529520e-09
0.000000000000000000e+00
0.000000000000000000e+00
0.000000000000000000e+00
0.000000000000000000e+00
1.878217720241437405e-10
0.000000000000000000e+00
0.000000000000000000e+00
0.000000000000000000e+00
2.652414110571044148e-08
0.000000000000000000e+00
2.290046818842483844e-09
1.821935597945412155e-07
6.349512915448940475e-09
7.088694964352271199e-09
5.946839792159153149e-06
1.621871632551119546e-07
4.172829193294091965e-09
3.610790599850588478e-07
5.883957321373145533e-09
1.844346719792611111e-08
7.913229183031944558e-08
3.617165234004460217e-09
0.000000000000000000e+00
2.619068573128657818e-10
1.084415113261627539e-09
1.554936943648499437e-06
1.159533439931692556e-06
3.400847958801023196e-07
3.821445716312155128e-06
5.652884382811862451e-09
5.840979255822276173e-09
5.426944227338026394e-08
1.745568283695320133e-06
2.234131324385657535e-09
4.449700554687296972e-07
3.566898840290377848e-06
2.705350787834959192e-08
1.666322759774629958e-06
1.895862460077335498e-11
9.677298962174063490e-09
1.225207757471480363e-08
1.937153215614273449e-10
6.671881891406883369e-08
0.000000000000000000e+00
4.089719229938282297e-09
0.000000000000000000e+00
2.096094817716220859e-07
3.277052185168827236e-09
6.895730848555103876e-07
2.108224350649834378e-08
1.845728547777980566e-06
0.000000000000000000e+00
1.857428211238243421e-09
1.106977151721366681e-06
0.000000000000000000e+00
0.000000000000000000e+00
0.000000000000000000e+00
9.479914524490595795e-07
5.852381246285176530e-09
0.000000000000000000e+00
4.197155760721216211e-07
4.208795978399848536e-09
2.331066610850029974e-07
8.465605674246035051e-07
4.124310226671923374e-09
3.941043047461789683e-09
1.078811806110024918e-06
2.580295621612549439e-08
0.000000000000000000e+00
0.000000000000000000e+00
4.989160640178624817e-09
0.000000000000000000e+00
0.000000000000000000e+00
5.246051387075567618e-06
4.427876731938340527e-09
0.000000000000000000e+00
0.000000000000000000e+00
9.575906290137936594e-09
0.000000000000000000e+00
0.000000000000000000e+00
0.000000000000000000e+00
9.355387575737950101e-09
0.000000000000000000e+00
0.000000000000000000e+00
0.000000000000000000e+00
2.305163421256750667e-10
0.000000000000000000e+00
0.000000000000000000e+00
0.000000000000000000e+00
0.000000000000000000e+00
0.000000000000000000e+00
2.642347141090795049e-08
0.000000000000000000e+00
0.000000000000000000e+00
0.000000000000000000e+00
0.000000000000000000e+00
0.000000000000000000e+00
0.000000000000000000e+00
0.000000000000000000e+00
0.000000000000000000e+00
6.166096279403010527e-13
4.302006306744488029e-09
4.259559318597894162e-07
0.000000000000000000e+00
0.000000000000000000e+00
6.296916321701928609e-10
0.000000000000000000e+00
0.000000000000000000e+00
0.000000000000000000e+00
0.000000000000000000e+00
0.000000000000000000e+00
0.000000000000000000e+00
0.000000000000000000e+00
0.000000000000000000e+00
0.000000000000000000e+00
8.932324324639751012e-10
3.074100263233958685e-08
0.000000000000000000e+00
1.123317616702479427e-08
0.000000000000000000e+00
0.000000000000000000e+00
1.154479734033486693e-09
0.000000000000000000e+00
0.000000000000000000e+00
0.000000000000000000e+00
0.000000000000000000e+00
2.452445357903343393e-09
5.357154719831669354e-08
0.000000000000000000e+00
0.000000000000000000e+00
0.000000000000000000e+00
0.000000000000000000e+00
0.000000000000000000e+00
1.580922344146529213e-06
0.000000000000000000e+00
0.000000000000000000e+00
0.000000000000000000e+00
0.000000000000000000e+00
3.902125012000823290e-10
0.000000000000000000e+00
0.000000000000000000e+00
5.983367135087291899e-09
4.979964884910259570e-09
9.958880387017643443e-10
0.000000000000000000e+00
0.000000000000000000e+00
0.000000000000000000e+00
0.000000000000000000e+00
5.729221541628248815e-08
7.119555789358855691e-08
0.000000000000000000e+00
8.560993580708498030e-10
0.000000000000000000e+00
0.000000000000000000e+00
0.000000000000000000e+00
0.000000000000000000e+00
0.000000000000000000e+00
0.000000000000000000e+00
0.000000000000000000e+00
9.924334687383407072e-10
8.835155718145415449e-09
1.208011326525593176e-06
2.423657663452871702e-10
3.272474913273981656e-08
5.245160306088791913e-09
2.784361186058958992e-09
9.969060101866489276e-07
5.644379630354023902e-09
1.325825005338288065e-10
4.144177268017301685e-08
2.025300318564404733e-07
7.667263162147719413e-06
1.393861914777971833e-08
9.000086897970049904e-09
5.862148810820144718e-08
9.970943892767536454e-07
2.867986381716036703e-07
5.177096227271249518e-07
1.772013114020865032e-08
1.491228886152384803e-06
1.198007453240279574e-07
4.332181049448990962e-07
9.745529716553846811e-09
9.321332328227072139e-08
6.090016313464730047e-08
1.349902390757051762e-06
8.753117413107247557e-07
1.113193206947471481e-06
1.887416516410667100e-07
1.290409001875048034e-09
2.733529982229532251e-12
2.264647136485109513e-08
1.438713468360219849e-07
2.372856897636665963e-06
2.085757788705677740e-09
5.854917048964125570e-07
9.461002647981331393e-09
2.164208012800372671e-08
1.593810594613387366e-08
8.790213001930169412e-10
8.872040879737141950e-09
6.842318267530345111e-09
0.000000000000000000e+00
5.169883010580633709e-08
2.956757896299677668e-07
3.190915087714074616e-09
2.315398006658142549e-07
0.000000000000000000e+00
2.067944571138013998e-08
5.132619662617798895e-09
0.000000000000000000e+00
0.000000000000000000e+00
0.000000000000000000e+00
7.954052705372305354e-08
8.558584951856573753e-09
0.000000000000000000e+00
9.999183703257585876e-07
1.193729826098888225e-08
1.014853978631435893e-07
0.000000000000000000e+00
0.000000000000000000e+00
6.033050503617687355e-09
4.051500523960527289e-10
4.660839181269693654e-08
0.000000000000000000e+00
4.667957576032222278e-09
3.489377453647080074e-09
1.178093473469532526e-11
0.000000000000000000e+00
2.614460470340418397e-07
0.000000000000000000e+00
0.000000000000000000e+00
0.000000000000000000e+00
0.000000000000000000e+00
0.000000000000000000e+00
0.000000000000000000e+00
0.000000000000000000e+00
0.000000000000000000e+00
0.000000000000000000e+00
0.000000000000000000e+00
0.000000000000000000e+00
0.000000000000000000e+00
0.000000000000000000e+00
0.000000000000000000e+00
0.000000000000000000e+00
9.182200777502202982e-09
0.000000000000000000e+00
0.000000000000000000e+00
0.000000000000000000e+00
0.000000000000000000e+00
0.000000000000000000e+00
0.000000000000000000e+00
0.000000000000000000e+00
1.385890247007637299e-08
0.000000000000000000e+00
3.543593038557446562e-06
0.000000000000000000e+00
5.819595028100366108e-09
0.000000000000000000e+00
0.000000000000000000e+00
0.000000000000000000e+00
0.000000000000000000e+00
0.000000000000000000e+00
0.000000000000000000e+00
0.000000000000000000e+00
0.000000000000000000e+00
0.000000000000000000e+00
0.000000000000000000e+00
0.000000000000000000e+00
0.000000000000000000e+00
0.000000000000000000e+00
0.000000000000000000e+00
2.808966774459076277e-11
0.000000000000000000e+00
0.000000000000000000e+00
0.000000000000000000e+00
0.000000000000000000e+00
0.000000000000000000e+00
0.000000000000000000e+00
0.000000000000000000e+00
0.000000000000000000e+00
0.000000000000000000e+00
0.000000000000000000e+00
0.000000000000000000e+00
0.000000000000000000e+00
0.000000000000000000e+00
1.605237898161249177e-08
0.000000000000000000e+00
0.000000000000000000e+00
0.000000000000000000e+00
0.000000000000000000e+00
0.000000000000000000e+00
0.000000000000000000e+00
0.000000000000000000e+00
4.337984138569339621e-10
0.000000000000000000e+00
0.000000000000000000e+00
0.000000000000000000e+00
0.000000000000000000e+00
0.000000000000000000e+00
3.935395653797968407e-08
0.000000000000000000e+00
0.000000000000000000e+00
0.000000000000000000e+00
0.000000000000000000e+00
0.000000000000000000e+00
0.000000000000000000e+00
6.319898826490089050e-09
0.000000000000000000e+00
4.266349440070794918e-14
1.180349329388263868e-08
4.368207129346046713e-09
5.374720668527288581e-09
0.000000000000000000e+00
9.259497169011865481e-09
0.000000000000000000e+00
0.000000000000000000e+00
5.780091072438153788e-09
0.000000000000000000e+00
0.000000000000000000e+00
6.994018697525916650e-09
0.000000000000000000e+00
4.741220038795290748e-08
0.000000000000000000e+00
8.249640082169662492e-09
0.000000000000000000e+00
1.487065404148779635e-08
0.000000000000000000e+00
4.139153134019579738e-06
0.000000000000000000e+00
0.000000000000000000e+00
9.420229041268157744e-10
6.998873480767997535e-09
0.000000000000000000e+00
0.000000000000000000e+00
1.743272748377933112e-09
0.000000000000000000e+00
5.395891289339260766e-09
0.000000000000000000e+00
3.210818277921134722e-10
0.000000000000000000e+00
9.426480707119822000e-10
0.000000000000000000e+00
3.780479485016030594e-09
3.147301308459304892e-09
0.000000000000000000e+00
0.000000000000000000e+00
0.000000000000000000e+00
0.000000000000000000e+00
0.000000000000000000e+00
0.000000000000000000e+00
0.000000000000000000e+00
4.896458793979263646e-09
3.036181084326017299e-09
0.000000000000000000e+00
0.000000000000000000e+00
1.814669190025597345e-06
0.000000000000000000e+00
0.000000000000000000e+00
0.000000000000000000e+00
0.000000000000000000e+00
0.000000000000000000e+00
0.000000000000000000e+00
3.731047826249778154e-08
1.066062238486154001e-10
0.000000000000000000e+00
0.000000000000000000e+00
1.236370916757323357e-08
4.618672999612272179e-09
0.000000000000000000e+00
4.679915122096645064e-09
0.000000000000000000e+00
1.891538176090890033e-10
0.000000000000000000e+00
2.532675624777880330e-09
0.000000000000000000e+00
0.000000000000000000e+00
0.000000000000000000e+00
3.103453938280154034e-09
4.685657195580006373e-09
0.000000000000000000e+00
0.000000000000000000e+00
0.000000000000000000e+00
0.000000000000000000e+00
0.000000000000000000e+00
0.000000000000000000e+00
1.540692795565234974e-09
0.000000000000000000e+00
0.000000000000000000e+00
0.000000000000000000e+00
0.000000000000000000e+00
0.000000000000000000e+00
0.000000000000000000e+00
0.000000000000000000e+00
0.000000000000000000e+00
1.807919439156258079e-11
6.038374777972421725e-08
2.478699023811259394e-09
4.440318945864163425e-10
1.351426561768676038e-07
8.911965387881082279e-09
3.116748192866225509e-09
4.136980091828945660e-09
9.475530049485314521e-08
1.293183515826967778e-07
6.015732356701164463e-10
5.713675754748237523e-09
6.359127269206510391e-08
8.057821219153993297e-07
4.792108983936449462e-12
1.981592959054978564e-06
3.076106125377009448e-08
1.391436011549673779e-11
2.352324113275017226e-09
5.717393225523892397e-09
5.196892161052346637e-08
3.231609468912211014e-08
1.243447513843420893e-07
3.474514009838003403e-09
7.233729775180108845e-07
3.285276477527077077e-07
6.478797533182589774e-13
9.263589006991423958e-09
1.855134286188331316e-07
4.392354071569570806e-07
5.639344546892743892e-10
1.003575889058083703e-08
5.413287151867507419e-09
5.131440161676437128e-07
0.000000000000000000e+00
0.000000000000000000e+00
4.696969480022517018e-09
1.764395030079413118e-08
0.000000000000000000e+00
2.336342731723561883e-06
0.000000000000000000e+00
2.762222663932334399e-07
4.505844586333296320e-09
0.000000000000000000e+00
8.296516945671683629e-11
1.545099714839182070e-09
0.000000000000000000e+00
1.458639360407687491e-07
0.000000000000000000e+00
0.000000000000000000e+00
1.793186243048694450e-06
6.859317114304985807e-09
0.000000000000000000e+00
1.961643874892615713e-06
1.600700215931283310e-06
4.602747349924385389e-10
0.000000000000000000e+00
0.000000000000000000e+00
6.916250754329666961e-07
1.407378249496105127e-07
0.000000000000000000e+00
0.000000000000000000e+00
0.000000000000000000e+00
0.000000000000000000e+00
0.000000000000000000e+00
0.000000000000000000e+00
0.000000000000000000e+00
1.015436512652456713e-09
0.000000000000000000e+00
0.000000000000000000e+00
0.000000000000000000e+00
0.000000000000000000e+00
0.000000000000000000e+00
0.000000000000000000e+00
0.000000000000000000e+00
0.000000000000000000e+00
8.030991982543866925e-10
8.793188044364796951e-07
0.000000000000000000e+00
0.000000000000000000e+00
0.000000000000000000e+00
0.000000000000000000e+00
0.000000000000000000e+00
0.000000000000000000e+00
0.000000000000000000e+00
0.000000000000000000e+00
1.334180499412696008e-08
6.148048292686780769e-09
0.000000000000000000e+00
0.000000000000000000e+00
2.759371575677960209e-08
0.000000000000000000e+00
0.000000000000000000e+00
0.000000000000000000e+00
0.000000000000000000e+00
0.000000000000000000e+00
0.000000000000000000e+00
0.000000000000000000e+00
7.629745368831208907e-08
0.000000000000000000e+00
0.000000000000000000e+00
0.000000000000000000e+00
0.000000000000000000e+00
0.000000000000000000e+00
0.000000000000000000e+00
0.000000000000000000e+00
0.000000000000000000e+00
0.000000000000000000e+00
7.756308373352283070e-10
0.000000000000000000e+00
0.000000000000000000e+00
0.000000000000000000e+00
0.000000000000000000e+00
2.195455595099815582e-09
0.000000000000000000e+00
3.543005888673178561e-08
0.000000000000000000e+00
0.000000000000000000e+00
0.000000000000000000e+00
2.467507727033080300e-07
0.000000000000000000e+00
0.000000000000000000e+00
0.000000000000000000e+00
0.000000000000000000e+00
5.282676074358505502e-09
0.000000000000000000e+00
1.945317762874765322e-06
0.000000000000000000e+00
0.000000000000000000e+00
0.000000000000000000e+00
0.000000000000000000e+00
0.000000000000000000e+00
1.330072230132373079e-08
0.000000000000000000e+00
0.000000000000000000e+00
0.000000000000000000e+00
0.000000000000000000e+00
0.000000000000000000e+00
0.000000000000000000e+00
0.000000000000000000e+00
4.397091135643904636e-09
1.801926108324636289e-10
4.884827209394870806e-09
0.000000000000000000e+00
0.000000000000000000e+00
3.028345907374330181e-10
0.000000000000000000e+00
1.308306761538258201e-11
1.698187770959869169e-11
6.089613862059195526e-07
6.939066210520650202e-09
6.766737783436838072e-07
7.795615715455728179e-12
1.137903327119715868e-09
4.707650091972936934e-08
5.831616931573080365e-07
1.619773684069514275e-06
1.852549225134225708e-08
1.474300237447323525e-08
1.315073916430264944e-08
1.385793146901903583e-09
7.551627732027554885e-07
4.459024705028014068e-09
0.000000000000000000e+00
2.882026173267604463e-08
7.140951163719932993e-10
2.090500004214845831e-07
4.156060242621606449e-07
1.113627803306371788e-07
1.250751863191013058e-10
2.190096211052150466e-07
4.164463689448894002e-07
2.044379016297170892e-06
1.145227884080668446e-06
3.555605019300855929e-07
9.973436476684582885e-08
1.350288130197441205e-06
1.888803780047965120e-09
3.618880271005764371e-07
6.343277618725551292e-07
1.303542944697255734e-07
3.082769524098694092e-07
2.252396136270817806e-08
2.410598110014205986e-10
0.000000000000000000e+00
4.773390173795633018e-06
1.420460193912731484e-06
6.203807743077049963e-07
0.000000000000000000e+00
3.676533424368244596e-07
4.933542019358583275e-09
2.923044029046195647e-09
1.481996192431722648e-10
1.626269892085474567e-07
2.049793806913058347e-10
6.183601044540409930e-07
0.000000000000000000e+00
2.365849951502241311e-07
0.000000000000000000e+00
9.287176583328005108e-11
6.837427690697950311e-07
3.034323981410125270e-06
3.061667672860091116e-12
1.113470982083697436e-09
3.111948672085418366e-07
7.092664418451022357e-06
4.999712928110966459e-06
7.281862224317592336e-09
1.084398491002502851e-06
5.906068523131580150e-09
1.463676957413895252e-09
5.785797085877675272e-08
1.334858223955848189e-09
2.447739566591167204e-09
8.538489026932438719e-09
7.796675305371536524e-09
1.009050176747905425e-08
9.681905055458628340e-09
2.999770210010410665e-09
8.094133363556466065e-09
1.949505076481727883e-06
1.652725623024764445e-09
2.995212966538929322e-08
4.517347562682516582e-08
2.363937312566122273e-08
1.093851906830423104e-07
7.084242970023524322e-09
2.132634335794136859e-06
6.724197199048376206e-09
3.201780145900556818e-06
4.689118426881577761e-08
0.000000000000000000e+00
9.154480835604772437e-07
2.506394594092853367e-07
1.329223664470191579e-08
8.141105567460726888e-09
0.000000000000000000e+00
0.000000000000000000e+00
0.000000000000000000e+00
1.073405292117968202e-05
1.436867052007073653e-07
1.050100451038815663e-08
0.000000000000000000e+00
0.000000000000000000e+00
0.000000000000000000e+00
0.000000000000000000e+00
0.000000000000000000e+00
2.507163010534441128e-08
0.000000000000000000e+00
2.029846957185554857e-09
0.000000000000000000e+00
0.000000000000000000e+00
0.000000000000000000e+00
0.000000000000000000e+00
0.000000000000000000e+00
3.487419917291845195e-07
1.664318034499956411e-07
4.003688935938498616e-09
0.000000000000000000e+00
1.519452230702711404e-09
0.000000000000000000e+00
5.455947160726282164e-08
1.208021599419240033e-10
0.000000000000000000e+00
0.000000000000000000e+00
6.392613158823223785e-07
7.598552009824288689e-09
0.000000000000000000e+00
2.982447000476895482e-08
2.378719721196631554e-10
0.000000000000000000e+00
9.278235298115777852e-12
3.105328971741982969e-08
6.375666217195430363e-09
4.590832602957561903e-08
3.021961569871223219e-09
0.000000000000000000e+00
0.000000000000000000e+00
0.000000000000000000e+00
0.000000000000000000e+00
7.341024144125185558e-08
1.591699515246514096e-11
9.405148881924674242e-11
6.805618568694882242e-12
0.000000000000000000e+00
5.467368779932257894e-09
0.000000000000000000e+00
0.000000000000000000e+00
0.000000000000000000e+00
0.000000000000000000e+00
0.000000000000000000e+00
0.000000000000000000e+00
1.471969879318635321e-09
9.633267517017429782e-10
0.000000000000000000e+00
0.000000000000000000e+00
0.000000000000000000e+00
4.011010901194822509e-08
2.100921108194597764e-07
1.983187125631502568e-08
1.671394556979066692e-06
3.264629526711360086e-07
5.664571034458276699e-08
1.966365744010545313e-06
3.470898718660464510e-06
1.364577872919880974e-08
5.687137871746017481e-08
2.261798526248526287e-09
8.187511113533219032e-09
1.252097270310059685e-08
5.230743909123702906e-07
4.605125525358744198e-07
5.136606162636780937e-08
3.269933301908167778e-08
6.034645849695152720e-08
2.178627589444204204e-08
4.530097896804363700e-07
7.403392601190716960e-07
0.000000000000000000e+00
8.230985599766427185e-07
3.623755184811727759e-10
1.319823028644862006e-09
1.567124883194992435e-07
1.570806603012897540e-06
4.731348646203059616e-09
6.661736495772174749e-09
7.211482799807100719e-11
3.259415493062078895e-08
9.243835030758873472e-09
2.609278482168519986e-08
1.969597860806970857e-06
5.942725920249358751e-07
0.000000000000000000e+00
9.749506801881580031e-08
8.712603971616772469e-08
5.808882178826024756e-06
1.607955574245423236e-10
8.688386969879502431e-07
2.417694133782788413e-07
7.215597008780605393e-10
3.974799156480912643e-09
0.000000000000000000e+00
0.000000000000000000e+00
0.000000000000000000e+00
0.000000000000000000e+00
1.138837113501267595e-08
0.000000000000000000e+00
4.611742383531236555e-07
0.000000000000000000e+00
0.000000000000000000e+00
0.000000000000000000e+00
3.324723274467089595e-10
0.000000000000000000e+00
0.000000000000000000e+00
0.000000000000000000e+00
7.086495279473581377e-11
2.965419243494693546e-09
7.905959442666699033e-09
0.000000000000000000e+00
6.488659209935576655e-07
2.508581928850617260e-06
1.816661665543506388e-08
1.466101906544281519e-07
2.129675991113799682e-09
3.402204384883589228e-08
4.329493492605251959e-07
6.972885824296781720e-09
0.000000000000000000e+00
1.880773936591140227e-08
7.105994370704138419e-08
2.231317994955128725e-12
2.549135569296367976e-09
3.112221851758745217e-12
0.000000000000000000e+00
0.000000000000000000e+00
1.011131456341018975e-11
1.409119043671580584e-09
8.799510453627590323e-09
0.000000000000000000e+00
1.783202030480879330e-09
0.000000000000000000e+00
1.636259838733167271e-07
3.534694315021624789e-07
0.000000000000000000e+00
0.000000000000000000e+00
1.889652843922728920e-11
4.817382048827312246e-09
0.000000000000000000e+00
5.639115840949671110e-09
0.000000000000000000e+00
0.000000000000000000e+00
0.000000000000000000e+00
0.000000000000000000e+00
0.000000000000000000e+00
0.000000000000000000e+00
0.000000000000000000e+00
0.000000000000000000e+00
5.645957923405831025e-09
2.468807913658110920e-08
6.068329838626596029e-09
3.315822141303215176e-07
5.204945523473725189e-07
2.847023381491453620e-07
1.284378328136881464e-07
6.675020980395629522e-09
3.410521856039849808e-07
1.039298869187632590e-08
9.167126222564547788e-07
1.158545160251378547e-06
4.315567821322474629e-06
3.037801565852760177e-09
1.169239567389013246e-06
4.158785941399401054e-06
6.158666678857116494e-07
1.217310341417032760e-08
1.489732515125297141e-08
0.000000000000000000e+00
7.470278617915937502e-09
4.173095646820002003e-08
4.179879109500461709e-09
1.166005532127201150e-07
1.120840877888440446e-07
4.529501040906325215e-08
2.735760915584251052e-07
3.804550896546743388e-09
4.390963681544235442e-08
3.976200346755831561e-08
1.901495210177017725e-07
1.202579980041917906e-10
4.230965444662615482e-08
7.066519369658408323e-09
4.608509129866433796e-08
7.388130143226590008e-07
4.125999112147837877e-06
2.259304210383561440e-08
1.951058337112954177e-08
1.844954766738737817e-07
7.742268621768744197e-07
2.738177566630195514e-11
5.451346839213666584e-13
0.000000000000000000e+00
8.762907066639513687e-10
1.169656229649262968e-07
1.120526516018571783e-08
1.095826519303955138e-06
5.678270298403731431e-09
5.606584085882104773e-10
2.463113560224883258e-06
4.685615806465648348e-08
1.638376656565299072e-10
5.308913131329973112e-08
3.313541885319182256e-09
2.841172772605204955e-07
1.350680456368991145e-08
2.166676837944692124e-09
5.551036297291034316e-10
1.301202852063698678e-12
6.120853868196718395e-07
0.000000000000000000e+00
5.095005306543498591e-09
0.000000000000000000e+00
0.000000000000000000e+00
0.000000000000000000e+00
1.527667734535498312e-07
2.296161483172909357e-07
0.000000000000000000e+00
2.618945726950983044e-09
3.611370313905126750e-09
0.000000000000000000e+00
2.767532514269532840e-08
0.000000000000000000e+00
0.000000000000000000e+00
6.884323777711642833e-09
0.000000000000000000e+00
1.237358731032145442e-07
0.000000000000000000e+00
0.000000000000000000e+00
0.000000000000000000e+00
1.496371637710325331e-10
0.000000000000000000e+00
0.000000000000000000e+00
0.000000000000000000e+00
0.000000000000000000e+00
0.000000000000000000e+00
0.000000000000000000e+00
0.000000000000000000e+00
0.000000000000000000e+00
0.000000000000000000e+00
0.000000000000000000e+00
0.000000000000000000e+00
4.569500333673204295e-07
0.000000000000000000e+00
0.000000000000000000e+00
0.000000000000000000e+00
0.000000000000000000e+00
0.000000000000000000e+00
0.000000000000000000e+00
0.000000000000000000e+00
0.000000000000000000e+00
0.000000000000000000e+00
0.000000000000000000e+00
1.296973639597354122e-08
0.000000000000000000e+00
0.000000000000000000e+00
0.000000000000000000e+00
0.000000000000000000e+00
0.000000000000000000e+00
0.000000000000000000e+00
0.000000000000000000e+00
0.000000000000000000e+00
0.000000000000000000e+00
0.000000000000000000e+00
3.913384338805059315e-10
0.000000000000000000e+00
0.000000000000000000e+00
0.000000000000000000e+00
0.000000000000000000e+00
0.000000000000000000e+00
4.334612668799309176e-08
0.000000000000000000e+00
0.000000000000000000e+00
5.555418791658439659e-09
0.000000000000000000e+00
0.000000000000000000e+00
3.184128960498355809e-09
4.257264265561389038e-07
4.328932767805326876e-09
2.680224930884378409e-08
4.627489225139669315e-10
0.000000000000000000e+00
0.000000000000000000e+00
2.516011399222861655e-09
1.541301114516002713e-10
3.223864064594295087e-09
3.874721932195512863e-10
1.930849924391964123e-11
1.784759895429033350e-09
4.106388118430004397e-08
0.000000000000000000e+00
4.041539991561649003e-09
0.000000000000000000e+00
7.430263071483977910e-09
3.525100211732024036e-09
8.452866850916507246e-09
8.543446483599836938e-07
1.255695547541790802e-08
0.000000000000000000e+00
7.658539402655151207e-08
0.000000000000000000e+00
0.000000000000000000e+00
0.000000000000000000e+00
0.000000000000000000e+00
2.918092471219241313e-13
0.000000000000000000e+00
0.000000000000000000e+00
0.000000000000000000e+00
0.000000000000000000e+00
0.000000000000000000e+00
6.951327846671517818e-10
2.384547073686071883e-11
0.000000000000000000e+00
0.000000000000000000e+00
0.000000000000000000e+00
0.000000000000000000e+00
0.000000000000000000e+00
0.000000000000000000e+00
0.000000000000000000e+00
0.000000000000000000e+00
1.287357997981075641e-09
0.000000000000000000e+00
9.399431103243593988e-14
0.000000000000000000e+00
0.000000000000000000e+00
0.000000000000000000e+00
0.000000000000000000e+00
2.757833073019355652e-09
0.000000000000000000e+00
9.481336826766550985e-10
7.966229276235026191e-08
3.435637996318519072e-09
3.499818056890147133e-12
3.180299401606134779e-08
2.166302238038042560e-06
0.000000000000000000e+00
9.041911397389412741e-08
9.638030462610913673e-08
5.670905078858368142e-09
1.090850076934657409e-08
6.121622320165442943e-09
1.023033879832269122e-09
9.119793986656077323e-08
1.822470267143216915e-06
2.656445019511011196e-07
4.886144324700580910e-07
0.000000000000000000e+00
6.254860181797994301e-06
1.599659924522711663e-07
2.390524445061714687e-09
2.731900705654766170e-09
1.149373152209420823e-09
7.476860020005915430e-09
7.415964375923067564e-08
6.426321252916977755e-09
4.557455746123650897e-09
7.382256472787673829e-10
7.255933631711286580e-09
4.294805080462538172e-07
1.981005581797035120e-09
8.743257495780198951e-08
3.245797852713394605e-09
8.122534644883216970e-09
1.200956205593683990e-07
1.008685224235250644e-08
3.887247856937392498e-09
1.830331143537478056e-06
0.000000000000000000e+00
7.985712091596042228e-10
1.003393190757151388e-08
1.140003601907786310e-14
2.146179589601615589e-08
6.545688790993153816e-08
0.000000000000000000e+00
1.924554515753129635e-09
0.000000000000000000e+00
5.316745307903936180e-11
2.133234318080212688e-07
9.212669689617758451e-12
6.912057037844476781e-10
1.274832461817254625e-09
7.149036207465542248e-08
9.112112024922680575e-07
3.930841216970293317e-07
7.457091832918649743e-09
0.000000000000000000e+00
4.086433413874601683e-09
0.000000000000000000e+00
0.000000000000000000e+00
1.031191465550307385e-09
9.893151402262656546e-12
0.000000000000000000e+00
1.627951817795292300e-08
2.126603337870847099e-09
1.367328877677209675e-06
1.469405985776717216e-10
0.000000000000000000e+00
2.015348110617765087e-09
8.575668175581085961e-09
1.393584057041152846e-07
8.302880050159444636e-10
0.000000000000000000e+00
0.000000000000000000e+00
2.491357463441090658e-06
0.000000000000000000e+00
0.000000000000000000e+00
1.121686743488226057e-08
0.000000000000000000e+00
0.000000000000000000e+00
0.000000000000000000e+00
0.000000000000000000e+00
0.000000000000000000e+00
0.000000000000000000e+00
0.000000000000000000e+00
0.000000000000000000e+00
0.000000000000000000e+00
1.714438155886455206e-07
0.000000000000000000e+00
0.000000000000000000e+00
0.000000000000000000e+00
2.756591470642888453e-07
0.000000000000000000e+00
2.691660228038017522e-08
1.504258717588413674e-09
7.575299498796539410e-09
0.000000000000000000e+00
8.730017597713413124e-09
2.756747052856667324e-09
1.959713502586168943e-10
2.935866216802196504e-09
4.759518557051478638e-09
1.806000682336161844e-08
0.000000000000000000e+00
4.896638650109252922e-09
5.938488367718264271e-09
6.389331730360936490e-09
2.802447607308522493e-09
0.000000000000000000e+00
0.000000000000000000e+00
8.842312659851359058e-09
0.000000000000000000e+00
0.000000000000000000e+00
4.649037599335770210e-09
4.104992790132655500e-09
1.016261876429780386e-06
0.000000000000000000e+00
1.475866651112767158e-10
0.000000000000000000e+00
7.042960437075862501e-09
0.000000000000000000e+00
0.000000000000000000e+00
9.443636095340934844e-09
7.125464107637924371e-11
0.000000000000000000e+00
0.000000000000000000e+00
1.146016348485545677e-08
0.000000000000000000e+00
7.114763000970469875e-09
0.000000000000000000e+00
0.000000000000000000e+00
0.000000000000000000e+00
0.000000000000000000e+00
0.000000000000000000e+00
0.000000000000000000e+00
0.000000000000000000e+00
0.000000000000000000e+00
7.292983355000615120e-07
0.000000000000000000e+00
1.510633751422574278e-08
1.602545318668546770e-09
0.000000000000000000e+00
1.335262567181416671e-08
0.000000000000000000e+00
8.204493084917885426e-09
1.248546794840876828e-07
0.000000000000000000e+00
9.292852043429888909e-10
0.000000000000000000e+00
7.140441571351630046e-10
0.000000000000000000e+00
0.000000000000000000e+00
0.000000000000000000e+00
4.779389772835429540e-09
9.032760317495558411e-09
0.000000000000000000e+00
0.000000000000000000e+00
0.000000000000000000e+00
0.000000000000000000e+00
0.000000000000000000e+00
0.000000000000000000e+00
0.000000000000000000e+00
6.391167040042944336e-10
0.000000000000000000e+00
0.000000000000000000e+00
0.000000000000000000e+00
0.000000000000000000e+00
0.000000000000000000e+00
7.659577833107888978e-12
0.000000000000000000e+00
0.000000000000000000e+00
0.000000000000000000e+00
0.000000000000000000e+00
0.000000000000000000e+00
0.000000000000000000e+00
6.257282052501977887e-07
0.000000000000000000e+00
9.837842753768200055e-07
2.866631820808152042e-09
2.230857498730642874e-09
2.133031173912058875e-08
5.683971959768996385e-09
0.000000000000000000e+00
1.905292146275883169e-09
1.798715759671054570e-10
9.803422784671056434e-08
4.970336675569342333e-08
1.831059250889666146e-07
1.367969844068284146e-07
0.000000000000000000e+00
1.081131841829119367e-07
6.430653343159065116e-08
1.204401627319384716e-07
6.299105237417279568e-09
6.392038010005762771e-10
0.000000000000000000e+00
8.569634246669011191e-07
2.707271073987271848e-10
1.055713183539808142e-09
5.662872393230600210e-09
0.000000000000000000e+00
1.149411446021986194e-06
1.081130989177836454e-07
8.046145012485794723e-07
8.110567364383314271e-07
1.659556005506601650e-06
2.927508546690660296e-08
3.278588778243829438e-08
1.511782876661982300e-08
3.671968897833721712e-07
1.871342014680976718e-08
4.411228005096745619e-08
3.833308392930945274e-10
1.385934211839412455e-07
7.805502022506516369e-09
0.000000000000000000e+00
2.903120275732362643e-06
8.534565740757338315e-13
9.825372444538515992e-07
4.220245557462476427e-07
2.947616595250224236e-10
7.546916094725020230e-06
9.732186612154691829e-08
3.792976244199053326e-08
1.388871879726139014e-07
0.000000000000000000e+00
3.212726440438018471e-08
2.070005677978770109e-07
6.464472068756776935e-09
2.461793435770687211e-08
3.509591506301035224e-10
6.297722343617806473e-09
0.000000000000000000e+00
0.000000000000000000e+00
7.720716894255019724e-06
5.797923474659683052e-09
6.976416244697247748e-08
0.000000000000000000e+00
0.000000000000000000e+00
0.000000000000000000e+00
2.913095009660082724e-08
0.000000000000000000e+00
0.000000000000000000e+00
2.126824827364259818e-10
0.000000000000000000e+00
0.000000000000000000e+00
0.000000000000000000e+00
0.000000000000000000e+00
0.000000000000000000e+00
2.573960955487564206e-07
0.000000000000000000e+00
0.000000000000000000e+00
0.000000000000000000e+00
0.000000000000000000e+00
0.000000000000000000e+00
0.000000000000000000e+00
0.000000000000000000e+00
0.000000000000000000e+00
0.000000000000000000e+00
0.000000000000000000e+00
0.000000000000000000e+00
0.000000000000000000e+00
0.000000000000000000e+00
0.000000000000000000e+00
0.000000000000000000e+00
0.000000000000000000e+00
0.000000000000000000e+00
0.000000000000000000e+00
0.000000000000000000e+00
0.000000000000000000e+00
0.000000000000000000e+00
2.300350604445000613e-10
0.000000000000000000e+00
0.000000000000000000e+00
0.000000000000000000e+00
0.000000000000000000e+00
0.000000000000000000e+00
5.737133790262305411e-08
0.000000000000000000e+00
0.000000000000000000e+00
0.000000000000000000e+00
0.000000000000000000e+00
0.000000000000000000e+00
0.000000000000000000e+00
0.000000000000000000e+00
0.000000000000000000e+00
0.000000000000000000e+00
0.000000000000000000e+00
1.822734602141551363e-10
0.000000000000000000e+00
0.000000000000000000e+00
0.000000000000000000e+00
0.000000000000000000e+00
0.000000000000000000e+00
0.000000000000000000e+00
0.000000000000000000e+00
0.000000000000000000e+00
0.000000000000000000e+00
0.000000000000000000e+00
0.000000000000000000e+00
0.000000000000000000e+00
0.000000000000000000e+00
0.000000000000000000e+00
0.000000000000000000e+00
0.000000000000000000e+00
0.000000000000000000e+00
0.000000000000000000e+00
0.000000000000000000e+00
0.000000000000000000e+00
0.000000000000000000e+00
0.000000000000000000e+00
7.068397867016074088e-09
7.027684857663363260e-12
6.074325931137991574e-09
3.246873325757348994e-10
1.070017408011381121e-09
8.349653433936676805e-13
0.000000000000000000e+00
0.000000000000000000e+00
4.515843926420791063e-16
0.000000000000000000e+00
0.000000000000000000e+00
0.000000000000000000e+00
0.000000000000000000e+00
0.000000000000000000e+00
4.859261326650710089e-10
0.000000000000000000e+00
0.000000000000000000e+00
0.000000000000000000e+00
1.170695068664073801e-10
0.000000000000000000e+00
0.000000000000000000e+00
0.000000000000000000e+00
4.922044993804775004e-09
0.000000000000000000e+00
8.677088381148223561e-09
0.000000000000000000e+00
2.923448505498527084e-08
0.000000000000000000e+00
0.000000000000000000e+00
1.287400134414307118e-11
0.000000000000000000e+00
0.000000000000000000e+00
0.000000000000000000e+00
0.000000000000000000e+00
0.000000000000000000e+00
0.000000000000000000e+00
0.000000000000000000e+00
0.000000000000000000e+00
0.000000000000000000e+00
9.755099483754747780e-08
0.000000000000000000e+00
0.000000000000000000e+00
0.000000000000000000e+00
0.000000000000000000e+00
0.000000000000000000e+00
0.000000000000000000e+00
0.000000000000000000e+00
0.000000000000000000e+00
5.519473802451102529e-07
0.000000000000000000e+00
0.000000000000000000e+00
0.000000000000000000e+00
1.992354947688568245e-09
1.139625172008607024e-09
0.000000000000000000e+00
0.000000000000000000e+00
1.114806913449228887e-09
0.000000000000000000e+00
0.000000000000000000e+00
0.000000000000000000e+00
0.000000000000000000e+00
0.000000000000000000e+00
0.000000000000000000e+00
5.982572304219502257e-08
4.205625625530728939e-09
0.000000000000000000e+00
5.327367436080976404e-09
3.693535290949512273e-07
1.937930704798418446e-08
1.709798169713394600e-08
2.827658773796315472e-09
8.027772224750151508e-08
2.360216555530314508e-08
7.891268083426439262e-09
3.949329396846223972e-08
5.338551432032545563e-07
0.000000000000000000e+00
1.001360150354457801e-08
0.000000000000000000e+00
1.183173647945068296e-08
0.000000000000000000e+00
0.000000000000000000e+00
0.000000000000000000e+00
1.010530809253396001e-06
8.379762448385008611e-07
2.017524991515529109e-07
1.498918322795361746e-07
4.465099401329553075e-09
1.186103437689212114e-09
3.718920709161466220e-07
1.628082628712945734e-07
1.089298762302348678e-09
2.805957706186745781e-07
2.040588364948803246e-09
1.184439355483846157e-07
2.727642254285456147e-07
2.161146639423350280e-08
1.145227468413168026e-08
7.198863033464064642e-12
3.993266481372437227e-11
4.165782684140140191e-06
1.902765660588556784e-07
3.856310826222397736e-09
3.980106910717040591e-09
5.150849080592934115e-09
4.292784794301951479e-09
0.000000000000000000e+00
1.936882654263172299e-08
7.246131472626871073e-11
1.719658797583178966e-07
6.416485121008008718e-06
2.645177119120489806e-06
0.000000000000000000e+00
3.284865712771534163e-08
8.285258559226349462e-07
0.000000000000000000e+00
1.205750055355281347e-09
1.230864299373024551e-09
2.780873864516308913e-10
1.037619767885189503e-07
4.046027068937974036e-09
1.026537503889812797e-07
0.000000000000000000e+00
3.318451957667889474e-09
1.863594967232984345e-08
8.120696861624310259e-07
0.000000000000000000e+00
0.000000000000000000e+00
1.031526934980320220e-07
2.005918844361076481e-07
0.000000000000000000e+00
6.977498578919494321e-09
1.170776586789656903e-09
0.000000000000000000e+00
0.000000000000000000e+00
0.000000000000000000e+00
0.000000000000000000e+00
2.874902226002173933e-11
2.136926330331689883e-10
0.000000000000000000e+00
0.000000000000000000e+00
0.000000000000000000e+00
0.000000000000000000e+00
0.000000000000000000e+00
0.000000000000000000e+00
0.000000000000000000e+00
0.000000000000000000e+00
0.000000000000000000e+00
0.000000000000000000e+00
6.971567767521946735e-09
0.000000000000000000e+00
0.000000000000000000e+00
0.000000000000000000e+00
0.000000000000000000e+00
0.000000000000000000e+00
3.557833494483020331e-08
0.000000000000000000e+00
0.000000000000000000e+00
4.958694788115280971e-09
2.073250300327345030e-07
1.648825104227924498e-10
0.000000000000000000e+00
7.218888153914804207e-09
3.039218654521391727e-09
9.571603065694489487e-09
4.535724684728847933e-09
1.360959400731331925e-10
8.124938943865345209e-09
0.000000000000000000e+00
0.000000000000000000e+00
0.000000000000000000e+00
4.649619800289883642e-09
0.000000000000000000e+00
2.083654138118617993e-09
1.922668274589867110e-10
5.026955207654282276e-08
0.000000000000000000e+00
5.935476554697061147e-10
5.756179977112196866e-09
0.000000000000000000e+00
0.000000000000000000e+00
0.000000000000000000e+00
0.000000000000000000e+00
0.000000000000000000e+00
0.000000000000000000e+00
0.000000000000000000e+00
0.000000000000000000e+00
0.000000000000000000e+00
0.000000000000000000e+00
0.000000000000000000e+00
0.000000000000000000e+00
0.000000000000000000e+00
9.028876313266209763e-09
2.641329501784639433e-07
0.000000000000000000e+00
0.000000000000000000e+00
1.759227608033597789e-08
3.417920835246945899e-09
4.205710890659020151e-09
9.134738104821238380e-11
7.252419322867353912e-07
6.015102638201597074e-09
9.023009006625670736e-09
0.000000000000000000e+00
3.193677912349812686e-06
8.163947851080877172e-10
2.650839121542958310e-07
1.219083713976942818e-07
0.000000000000000000e+00
0.000000000000000000e+00
5.131196090246703534e-08
6.366868837703876238e-11
6.339442304437170606e-09
7.933445900221158809e-09
8.114949423543293960e-08
0.000000000000000000e+00
0.000000000000000000e+00
2.342658831366861705e-07
1.447168301638157573e-06
0.000000000000000000e+00
1.384693693040617291e-09
1.691013018501053011e-08
2.210993415019402164e-07
5.586105800148288836e-08
7.675917679250687797e-09
2.157634071409120224e-07
0.000000000000000000e+00
1.258974577922344906e-07
2.096563456177591434e-08
7.549733282985471305e-09
8.467956114088792674e-09
1.012117412102497838e-08
2.173504611846510670e-07
3.060214339711819775e-07
9.272484930988866836e-07
2.393023779134750839e-09
1.297669200539530721e-06
2.068747484429422911e-08
1.102367761518507905e-07
8.762315673038756358e-08
8.607608847910341865e-09
0.000000000000000000e+00
5.208499864045590400e-12
1.373917202229790746e-09
5.817762716020524749e-09
1.954178208141144069e-10
1.243473590761823289e-08
1.213351530360284869e-09
0.000000000000000000e+00
5.834276173288799328e-09
1.504521840445249836e-09
2.761222894775983150e-08
0.000000000000000000e+00
0.000000000000000000e+00
0.000000000000000000e+00
2.497440032556141887e-09
3.472000686954856974e-09
2.252662909540958935e-07
3.081534032389754429e-07
5.538994152232135093e-09
0.000000000000000000e+00
1.618028044880759353e-09
0.000000000000000000e+00
1.025787597086491587e-07
2.056648362724899926e-08
0.000000000000000000e+00
0.000000000000000000e+00
0.000000000000000000e+00
0.000000000000000000e+00
0.000000000000000000e+00
7.703551574422817794e-08
0.000000000000000000e+00
7.430689841214643820e-09
0.000000000000000000e+00
0.000000000000000000e+00
0.000000000000000000e+00
0.000000000000000000e+00
0.000000000000000000e+00
1.875925859096128079e-09
7.455243888898621663e-08
0.000000000000000000e+00
0.000000000000000000e+00
0.000000000000000000e+00
1.625510420710796211e-10
0.000000000000000000e+00
0.000000000000000000e+00
0.000000000000000000e+00
0.000000000000000000e+00
0.000000000000000000e+00
2.264341780744416610e-08
0.000000000000000000e+00
0.000000000000000000e+00
0.000000000000000000e+00
0.000000000000000000e+00
0.000000000000000000e+00
0.000000000000000000e+00
0.000000000000000000e+00
0.000000000000000000e+00
0.000000000000000000e+00
0.000000000000000000e+00
0.000000000000000000e+00
0.000000000000000000e+00
0.000000000000000000e+00
2.145035885026125300e-12
0.000000000000000000e+00
0.000000000000000000e+00
0.000000000000000000e+00
7.330901041768811410e-08
8.554327246557136277e-10
1.069448742896383919e-07
2.373395924237797772e-09
3.585103325320915246e-09
0.000000000000000000e+00
0.000000000000000000e+00
1.466361580770847439e-11
0.000000000000000000e+00
0.000000000000000000e+00
0.000000000000000000e+00
2.472378923812357243e-08
0.000000000000000000e+00
0.000000000000000000e+00
2.002321086713720888e-10
0.000000000000000000e+00
4.218046356641025341e-09
0.000000000000000000e+00
2.314772373779305781e-09
6.067772915230307262e-07
0.000000000000000000e+00
7.420683090231250389e-08
0.000000000000000000e+00
1.555289674826099144e-09
0.000000000000000000e+00
1.168361962733399650e-09
0.000000000000000000e+00
7.201346363672200823e-08
0.000000000000000000e+00
0.000000000000000000e+00
0.000000000000000000e+00
0.000000000000000000e+00
0.000000000000000000e+00
0.000000000000000000e+00
0.000000000000000000e+00
3.693515715497142082e-09
4.946381970682978135e-09
0.000000000000000000e+00
0.000000000000000000e+00
1.072630606557822830e-08
9.388963206902189995e-08
0.000000000000000000e+00
0.000000000000000000e+00
0.000000000000000000e+00
3.318361141424475136e-09
0.000000000000000000e+00
0.000000000000000000e+00
0.000000000000000000e+00
0.000000000000000000e+00
4.381351459414872807e-08
0.000000000000000000e+00
2.381114860838806635e-09
2.350817540630600888e-09
7.005636348811350445e-11
3.036456419636124338e-08
4.377460616211692468e-09
3.068980847231728148e-09
4.337465941972595829e-10
8.828266118143801577e-09
1.220920893274524133e-07
9.944292287400458008e-07
5.711106698669254911e-09
9.051668747872554377e-09
5.043779793822977808e-08
2.930140396983915707e-08
1.235672044685998117e-07
0.000000000000000000e+00
6.448420890592387877e-07
0.000000000000000000e+00
1.437205576770850257e-09
0.000000000000000000e+00
8.901150039264393854e-09
0.000000000000000000e+00
6.283560338715687976e-08
3.385029287983343238e-07
2.479492167140051606e-09
0.000000000000000000e+00
8.226980874326272897e-09
4.544388332305970835e-07
1.332922749952558661e-08
0.000000000000000000e+00
3.620887696342833806e-07
3.054134083413373446e-07
3.100651517224523035e-13
3.073750143300912896e-10
2.365980300567116501e-09
5.140501357914217806e-09
4.371675021985765852e-09
5.306836747820398159e-09
1.481695299787588738e-08
1.453868065937058418e-07
3.226859348615107592e-07
7.737436993199287016e-13
1.257599024917510633e-10
1.420677686603255552e-09
2.719111602544899142e-09
4.192839497818567907e-08
2.099411346989654703e-07
1.963964147561059193e-12
3.327490958326961845e-07
0.000000000000000000e+00
5.617891134929164920e-12
4.664570241175169940e-08
1.124945541164379392e-07
0.000000000000000000e+00
1.654281689411618572e-08
1.186287335031011025e-08
2.138153831765521318e-08
1.217621559135295684e-07
1.325843186350539327e-07
1.184153802569198888e-06
0.000000000000000000e+00
4.472779835396067938e-08
0.000000000000000000e+00
1.763443577829093556e-07
1.136969718373848082e-08
4.514258064580722873e-11
0.000000000000000000e+00
2.904241569456900152e-10
0.000000000000000000e+00
0.000000000000000000e+00
1.148600716760483920e-07
1.247708047991125113e-09
6.297261823107191958e-09
0.000000000000000000e+00
2.340377136533788871e-07
6.624884463235503063e-08
0.000000000000000000e+00
0.000000000000000000e+00
3.974964801756186716e-10
0.000000000000000000e+00
0.000000000000000000e+00
0.000000000000000000e+00
0.000000000000000000e+00
2.041277440412159194e-07
0.000000000000000000e+00
3.867648104005638743e-07
0.000000000000000000e+00
0.000000000000000000e+00
9.953919466454408393e-09
0.000000000000000000e+00
0.000000000000000000e+00
0.000000000000000000e+00
0.000000000000000000e+00
0.000000000000000000e+00
0.000000000000000000e+00
0.000000000000000000e+00
0.000000000000000000e+00
1.593503213825897546e-07
0.000000000000000000e+00
0.000000000000000000e+00
0.000000000000000000e+00
0.000000000000000000e+00
0.000000000000000000e+00
0.000000000000000000e+00
2.944689603268102474e-09
0.000000000000000000e+00
1.693742646136087160e-10
0.000000000000000000e+00
0.000000000000000000e+00
0.000000000000000000e+00
7.120116052306002530e-09
5.160176730356624830e-09
0.000000000000000000e+00
0.000000000000000000e+00
0.000000000000000000e+00
1.940421850976647988e-10
0.000000000000000000e+00
2.738872240115597378e-09
0.000000000000000000e+00
0.000000000000000000e+00
0.000000000000000000e+00
0.000000000000000000e+00
2.570080606667524137e-11
0.000000000000000000e+00
4.082358451285017509e-09
1.595774845597475178e-09
5.101020938980127539e-09
1.234423674389972803e-09
2.789639452771552897e-08
0.000000000000000000e+00
0.000000000000000000e+00
0.000000000000000000e+00
0.000000000000000000e+00
2.048846869939779936e-09
0.000000000000000000e+00
0.000000000000000000e+00
1.379679360979935154e-06
0.000000000000000000e+00
0.000000000000000000e+00
0.000000000000000000e+00
0.000000000000000000e+00
0.000000000000000000e+00
2.068006654809551037e-09
1.631332935403406736e-07
9.302043935122128460e-08
2.924365674061846221e-07
3.026686123952515572e-10
6.909259013809787575e-07
3.479690841023952430e-11
1.674969468679066154e-10
9.184526750249943916e-11
6.532116181290348322e-09
1.220676892899064114e-09
1.749570210929363157e-10
1.522430324030210613e-07
1.174659036706771076e-08
0.000000000000000000e+00
5.577340367324268300e-09
5.495047972203792597e-08
1.172699128915155597e-07
8.268212781104011810e-09
5.238863991507969331e-07
8.260942152560346585e-09
1.895749960567627568e-06
5.178958417673129588e-07
0.000000000000000000e+00
1.504795399398517475e-08
7.702511961582558797e-10
0.000000000000000000e+00
2.079833549828435935e-08
7.539679103274465888e-09
1.047340347781755554e-08
2.928063347340525979e-10
1.294776352106508099e-11
6.040204780788371863e-09
2.095978324234692991e-08
2.837015067314041517e-08
8.896816616754676943e-09
1.646485969786226633e-08
2.175773090584698366e-07
1.293797566859211656e-07
2.612049172512342921e-07
1.439017012216936564e-07
4.069813930307475403e-11
2.714456741159665398e-06
4.978734295946196653e-07
6.274160568864317611e-08
4.549356091843037575e-08
0.000000000000000000e+00
5.534083769020980981e-08
2.137519317102487548e-08
2.916986208134630942e-09
5.295004879002362941e-09
1.082663381168913475e-08
2.508829810565771368e-10
2.649585217895378264e-09
1.734612879999986035e-07
3.053165942290547719e-09
9.011278528925359410e-11
0.000000000000000000e+00
0.000000000000000000e+00
1.580874453566138982e-08
0.000000000000000000e+00
6.627010051829529402e-09
2.291311375302029774e-06
8.313016053307364928e-09
3.352344790652495021e-10
2.684986668555211509e-07
1.625961409956744319e-08
3.413824515519081615e-06
0.000000000000000000e+00
1.265942684014476072e-09
3.607384613246722438e-09
2.388246045370578940e-08
0.000000000000000000e+00
0.000000000000000000e+00
2.270444277030492231e-08
0.000000000000000000e+00
3.076957568737270776e-07
0.000000000000000000e+00
0.000000000000000000e+00
0.000000000000000000e+00
0.000000000000000000e+00
0.000000000000000000e+00
0.000000000000000000e+00
0.000000000000000000e+00
2.001996568523622955e-09
2.500471163457973489e-09
0.000000000000000000e+00
0.000000000000000000e+00
1.029774102789815515e-05
1.563156359907225124e-08
0.000000000000000000e+00
0.000000000000000000e+00
0.000000000000000000e+00
0.000000000000000000e+00
0.000000000000000000e+00
0.000000000000000000e+00
0.000000000000000000e+00
0.000000000000000000e+00
1.219461722712367191e-07
0.000000000000000000e+00
0.000000000000000000e+00
0.000000000000000000e+00
0.000000000000000000e+00
0.000000000000000000e+00
1.786567338513123104e-07
0.000000000000000000e+00
0.000000000000000000e+00
0.000000000000000000e+00
0.000000000000000000e+00
0.000000000000000000e+00
0.000000000000000000e+00
3.406036119812938523e-09
0.000000000000000000e+00
0.000000000000000000e+00
3.265814729758176327e-09
0.000000000000000000e+00
0.000000000000000000e+00
0.000000000000000000e+00
0.000000000000000000e+00
0.000000000000000000e+00
0.000000000000000000e+00
0.000000000000000000e+00
0.000000000000000000e+00
1.999713248324042070e-07
6.902215687887292006e-09
1.814272843070341423e-09
2.715228042404760345e-10
0.000000000000000000e+00
2.570262058743111311e-10
6.389047957355842300e-09
0.000000000000000000e+00
4.859669111567654909e-09
3.668928272304583516e-09
8.800527417918146966e-09
0.000000000000000000e+00
0.000000000000000000e+00
0.000000000000000000e+00
0.000000000000000000e+00
0.000000000000000000e+00
0.000000000000000000e+00
0.000000000000000000e+00
0.000000000000000000e+00
4.671886433271765782e-09
4.194763147946645176e-10
2.817767494889267255e-07
0.000000000000000000e+00
0.000000000000000000e+00
0.000000000000000000e+00
9.906405695758735419e-10
0.000000000000000000e+00
0.000000000000000000e+00
0.000000000000000000e+00
0.000000000000000000e+00
0.000000000000000000e+00
0.000000000000000000e+00
0.000000000000000000e+00
0.000000000000000000e+00
0.000000000000000000e+00
0.000000000000000000e+00
0.000000000000000000e+00
0.000000000000000000e+00
0.000000000000000000e+00
0.000000000000000000e+00
0.000000000000000000e+00
0.000000000000000000e+00
0.000000000000000000e+00
0.000000000000000000e+00
0.000000000000000000e+00
2.064862947293022444e-09
0.000000000000000000e+00
0.000000000000000000e+00
9.253543487020010616e-10
0.000000000000000000e+00
0.000000000000000000e+00
7.731003059952001877e-10
0.000000000000000000e+00
0.000000000000000000e+00
0.000000000000000000e+00
0.000000000000000000e+00
1.593647103170781065e-09
6.100176506151910871e-07
0.000000000000000000e+00
0.000000000000000000e+00
0.000000000000000000e+00
1.691265936187846819e-07
1.165666617453098297e-06
8.585025135232626781e-09
0.000000000000000000e+00
0.000000000000000000e+00
0.000000000000000000e+00
9.633223996274864476e-09
0.000000000000000000e+00
3.247289548369280965e-09
0.000000000000000000e+00
0.000000000000000000e+00
0.000000000000000000e+00
0.000000000000000000e+00
0.000000000000000000e+00
0.000000000000000000e+00
0.000000000000000000e+00
3.873249720953708675e-09
2.515263108904264300e-09
0.000000000000000000e+00
3.175916862829808451e-09
4.293818633982482424e-09
3.137444437584235857e-08
0.000000000000000000e+00
1.811866923162597232e-07
0.000000000000000000e+00
4.458752464464588172e-11
3.035703457499039359e-07
2.030314938394894853e-08
7.504615595621544344e-09
0.000000000000000000e+00
0.000000000000000000e+00
0.000000000000000000e+00
0.000000000000000000e+00
0.000000000000000000e+00
3.026308803555366467e-08
8.589133848602159560e-09
0.000000000000000000e+00
0.000000000000000000e+00
8.187889255495406360e-10
0.000000000000000000e+00
0.000000000000000000e+00
0.000000000000000000e+00
0.000000000000000000e+00
2.298613743789701402e-09
0.000000000000000000e+00
0.000000000000000000e+00
0.000000000000000000e+00
0.000000000000000000e+00
1.112858277751982428e-10
2.248583896857780928e-08
0.000000000000000000e+00
1.988600644153848407e-07
7.573611182642991935e-11
2.583226788033243793e-08
2.285590198880527169e-06
3.899247147387541190e-09
1.039808239511330612e-10
4.538223130623464385e-09
2.961161094106046221e-08
4.254246732671163045e-08
2.333200743720453829e-09
5.319586993124403307e-09
8.864989808898826595e-08
0.000000000000000000e+00
0.000000000000000000e+00
2.398958898197633971e-08
1.835056662180534204e-09
3.576391236492781900e-06
5.403657521441118661e-09
7.138813845619651488e-11
1.731978898078523343e-07
2.210833072169293700e-09
1.735410393166603171e-08
9.561635039290194982e-09
2.759465711488218176e-10
2.436621798551641405e-06
1.840203722736077907e-08
6.116426032320987360e-09
2.593786518900742522e-07
9.982548121456602530e-09
1.121897099665147834e-07
3.574567086772617586e-09
7.000598434281357640e-10
1.410623582387415809e-07
1.179138919837896538e-07
4.716714556707302108e-07
2.891906447644032596e-08
9.237128284489415364e-10
4.771796469071887259e-08
4.283217691636309610e-08
4.920727381119149868e-09
4.671562976454879390e-07
3.737778442314265703e-08
0.000000000000000000e+00
6.189794454769526055e-09
8.521251260162898689e-08
1.073051265620961203e-07
0.000000000000000000e+00
1.604298222046551814e-10
5.936092506431123184e-09
7.854834649378972244e-08
2.231097617766408803e-08
0.000000000000000000e+00
7.074602876855351496e-07
4.921601615137660701e-08
1.445718128545436798e-10
4.234790573764968258e-10
9.001571044109368813e-09
0.000000000000000000e+00
4.856572921596580272e-09
5.595928234680691560e-11
0.000000000000000000e+00
0.000000000000000000e+00
5.596943797314679614e-09
5.564928642343147658e-07
1.322663667480128424e-08
2.804874554840353085e-09
2.020523526269357717e-09
1.008892613896250623e-08
0.000000000000000000e+00
2.094950213304969111e-09
1.548705995446653105e-06
4.456841118383181310e-09
8.869497136743120791e-09
8.108941784712442313e-08
1.050323855666945860e-10
7.746031087663141079e-07
5.743059432461450342e-07
8.005892476736775620e-11
9.112436361036202470e-10
9.655398258701097802e-08
0.000000000000000000e+00
8.937906414985263837e-09
0.000000000000000000e+00
1.848504638246595277e-07
4.229436800784469597e-09
4.451430157814684208e-08
0.000000000000000000e+00
0.000000000000000000e+00
0.000000000000000000e+00
0.000000000000000000e+00
2.037196411563968468e-09
0.000000000000000000e+00
0.000000000000000000e+00
0.000000000000000000e+00
0.000000000000000000e+00
0.000000000000000000e+00
7.608930374658484652e-09
0.000000000000000000e+00
0.000000000000000000e+00
2.692613687571565606e-09
6.924403805896872655e-08
0.000000000000000000e+00
0.000000000000000000e+00
0.000000000000000000e+00
0.000000000000000000e+00
0.000000000000000000e+00
0.000000000000000000e+00
3.905711032370362545e-10
0.000000000000000000e+00
0.000000000000000000e+00
0.000000000000000000e+00
0.000000000000000000e+00
0.000000000000000000e+00
0.000000000000000000e+00
0.000000000000000000e+00
0.000000000000000000e+00
2.079793004483576624e-09
0.000000000000000000e+00
6.970203081380077492e-09
8.069184431747089548e-09
4.294518352043752429e-10
0.000000000000000000e+00
3.094705824935317651e-09
0.000000000000000000e+00
0.000000000000000000e+00
0.000000000000000000e+00
0.000000000000000000e+00
0.000000000000000000e+00
0.000000000000000000e+00
7.994025885693645250e-09
2.893896788869199099e-10
0.000000000000000000e+00
1.512253433588739426e-09
1.187951959025213000e-10
0.000000000000000000e+00
0.000000000000000000e+00
0.000000000000000000e+00
0.000000000000000000e+00
1.050767561849852427e-08
5.566107006416132208e-07
1.465589871685324397e-09
8.497190719936043024e-07
0.000000000000000000e+00
0.000000000000000000e+00
2.200972737398387835e-09
0.000000000000000000e+00
1.334072834424659959e-07
2.208361937761083027e-09
8.942770968189961422e-09
4.193527036039368383e-13
0.000000000000000000e+00
0.000000000000000000e+00
0.000000000000000000e+00
0.000000000000000000e+00
1.547134642621017520e-10
3.527431999827967957e-07
7.702129600772877893e-09
1.025904907692165580e-06
6.846587439213180915e-07
8.841571457196550909e-07
7.852202656977169681e-07
8.890410185813379940e-07
2.591004211183189909e-08
1.549429562430759688e-08
6.327516643978015054e-07
2.714795925840007840e-07
1.777911984301994153e-10
8.169514842393255094e-09
1.175134570985392202e-06
9.180749493964412977e-09
3.062556288568885066e-07
5.572895443728409504e-12
1.832222729092336522e-08
7.013509772946235898e-09
3.305314066892606206e-07
2.261286340399237815e-07
5.265796403364220168e-07
2.859921366393791686e-08
6.122633067207061686e-08
1.631088792919399566e-07
1.460343668213681667e-07
6.331598711994956830e-08
7.193831308427434124e-09
9.192445418193528894e-07
5.274985710457258392e-07
1.420525705952968565e-07
2.242673247110360535e-08
6.081894809994992102e-08
2.219501560318803968e-08
9.449212257095496170e-07
0.000000000000000000e+00
1.425417366363035399e-07
2.691033529345077113e-08
6.443948308287872351e-08
1.177904670503215900e-12
4.962586899637244642e-06
4.754126052830542903e-07
0.000000000000000000e+00
0.000000000000000000e+00
3.541397575190785574e-07
3.081103372437610233e-08
0.000000000000000000e+00
3.613837691318622092e-07
0.000000000000000000e+00
1.852710873606611131e-08
0.000000000000000000e+00
0.000000000000000000e+00
0.000000000000000000e+00
0.000000000000000000e+00
0.000000000000000000e+00
0.000000000000000000e+00
4.889174647360050585e-07
0.000000000000000000e+00
1.940249774179392261e-07
0.000000000000000000e+00
8.678791019178788702e-09
0.000000000000000000e+00
0.000000000000000000e+00
0.000000000000000000e+00
0.000000000000000000e+00
0.000000000000000000e+00
0.000000000000000000e+00
0.000000000000000000e+00
0.000000000000000000e+00
7.861979511858407932e-09
8.642180304718749539e-09
2.800267573377368535e-09
0.000000000000000000e+00
0.000000000000000000e+00
0.000000000000000000e+00
0.000000000000000000e+00
9.759610897219772596e-09
0.000000000000000000e+00
0.000000000000000000e+00
9.999843619823423069e-09
8.628323833193007886e-09
7.018960079818725717e-09
0.000000000000000000e+00
3.059845354869139555e-08
0.000000000000000000e+00
0.000000000000000000e+00
2.336092741472839407e-08
4.695451805147854429e-10
9.847121340555986535e-09
2.363014317552369903e-07
9.210118001590217318e-09
6.594150363525841385e-07
1.243273118234355934e-06
3.520183895489026327e-07
9.996452945415512659e-07
2.606807072424999205e-07
6.867346087346959393e-07
2.148139628843637183e-06
2.941575871773238759e-07
7.806246458130772226e-07
4.682986514126241673e-07
1.324853087680821773e-06
7.822610541552421637e-07
6.281012474573799409e-07
2.882981107177329250e-07
3.611708280004677363e-06
2.916131620622763876e-07
8.927969474825658835e-08
1.365823862897741492e-07
5.578979767051350791e-07
5.973055294816731475e-07
6.685911557724466547e-08
2.595231940460962505e-08
2.504939175196341239e-06
3.888886368486055289e-08
2.074240512683900306e-07
6.598980689886957407e-06
4.051117912240442820e-07
1.186609551950823516e-06
1.945363834465752007e-07
1.944323001212833191e-11
0.000000000000000000e+00
1.743660882347342067e-09
3.909557335646240972e-07
2.636526915011927485e-06
1.545343707221036311e-06
1.618434907868504524e-06
3.354497494001407176e-06
3.544853370840428397e-07
4.443472334969555959e-06
1.780431034603680018e-06
2.232562337667332031e-06
4.038005840811820235e-07
2.462048314555431716e-06
2.936127998509618919e-07
3.593824260406108806e-07
4.506545678850670811e-07
2.004272118938388303e-06
3.946360891404765425e-07
1.043580027726420667e-06
3.237940973122022115e-07
1.286646352127718274e-06
7.798855676810489967e-07
3.020803944764338667e-07
8.791707273303472903e-07
3.219409450139210094e-07
5.015079409531608690e-07
1.871101858341717161e-06
4.851682433582027443e-07
2.180297087761573493e-06
9.006243999465368688e-07
4.556848978154448560e-07
3.663298002720694058e-06
3.272690491940011270e-06
6.932007750037882943e-07
1.462508521399286110e-06
0.000000000000000000e+00
4.249753828844404779e-07
4.069085957070228687e-09
3.688230663101421669e-06
1.548688821628729784e-08
2.352669241645344300e-07
0.000000000000000000e+00
1.700750317468191497e-06
1.361028353130677715e-06
5.271914460536208935e-07
4.099474892882426502e-07
7.215252821879403200e-07
6.926869104972865898e-07
4.364500512110680575e-07
4.359455033409176394e-06
8.311671990668401122e-07
1.226047515956452116e-06
6.842312245680659544e-07
1.003535771815222688e-06
2.483639036654494703e-07
1.531570433144224808e-06
1.166109086625510827e-06
1.540188009130361024e-06
1.118475552175368648e-06
2.265557213831925765e-06
5.388660895278007956e-08
0.000000000000000000e+00
1.933393832587171346e-06
0.000000000000000000e+00
0.000000000000000000e+00
0.000000000000000000e+00
2.541007049217114400e-08
0.000000000000000000e+00
0.000000000000000000e+00
8.678068752487888560e-08
0.000000000000000000e+00
2.251681962661677971e-06
3.202185610007290961e-07
1.203223263246400165e-07
4.939484199439903023e-08
0.000000000000000000e+00
2.243192085416012560e-07
4.557431054763583234e-07
7.962018457874364685e-07
5.739431685469753575e-07
4.586862814903724939e-06
1.536289801151724532e-06
1.097193717214395292e-06
1.214624376189021859e-06
6.280044431150599848e-07
4.351862799012451433e-07
5.047662057222623844e-07
1.676713168308197055e-06
6.112075539022043813e-07
6.856426466583798174e-07
4.169877740878291661e-07
6.387484177139413077e-07
3.392653127320954809e-07
3.161235042625776259e-07
2.284903644067526329e-07
0.000000000000000000e+00
2.814436461662239708e-09
0.000000000000000000e+00
4.728885301119589712e-07
0.000000000000000000e+00
0.000000000000000000e+00
0.000000000000000000e+00
1.651841557759325951e-06
3.746982201846549287e-06
8.452566930827742908e-07
4.905061814497457817e-07
1.338297295205848059e-07
0.000000000000000000e+00
6.144290409793029539e-09
0.000000000000000000e+00
0.000000000000000000e+00
0.000000000000000000e+00
0.000000000000000000e+00
0.000000000000000000e+00
1.019690571979481319e-07
0.000000000000000000e+00
0.000000000000000000e+00
0.000000000000000000e+00
7.718181649352118257e-08
0.000000000000000000e+00
8.018243846663608565e-08
0.000000000000000000e+00
1.442575836563264602e-07
1.650586334278614231e-09
1.271806581826240290e-06
2.843999311608058633e-07
3.225269210815895349e-06
1.354690311927697621e-06
1.973399321286706254e-06
2.698547234558645869e-07
9.366274298372445628e-07
4.517066827247617766e-06
6.126483071966504212e-07
9.734176273923367262e-07
2.897660635881038615e-07
9.272861802855913993e-07
1.184434722745209001e-06
9.476855211687507108e-07
4.977645176040823571e-07
0.000000000000000000e+00
5.709720767299586441e-07
1.501060324926584144e-07
0.000000000000000000e+00
0.000000000000000000e+00
0.000000000000000000e+00
0.000000000000000000e+00
1.762677892536146373e-09
4.079798600287176669e-06
2.724416617638780735e-06
7.243142974289185076e-09
0.000000000000000000e+00
0.000000000000000000e+00
3.788366322032832301e-12
0.000000000000000000e+00
4.457725935935741290e-06
1.153762923422618769e-06
9.726221605887985788e-07
9.127001021624892019e-07
4.250146332651638659e-07
1.393872935295803472e-06
1.136778564614360221e-06
8.121278938233444933e-07
1.098878783523105085e-06
0.000000000000000000e+00
2.758999926300020888e-07
1.468784489588870201e-06
5.090523700346238911e-07
9.943853456206852570e-07
0.000000000000000000e+00
0.000000000000000000e+00
9.437290486857818905e-07
0.000000000000000000e+00
0.000000000000000000e+00
1.033892900181854202e-07
0.000000000000000000e+00
1.804900051638469449e-08
4.220833034196402878e-06
0.000000000000000000e+00
3.642436013251426630e-06
5.869856600781986344e-09
0.000000000000000000e+00
9.635838793542461644e-09
6.912732053443448876e-10
2.486727934680743601e-09
0.000000000000000000e+00
0.000000000000000000e+00
1.068770416168263182e-06
5.189965008867147844e-07
4.419574452185770497e-06
1.239066250491305254e-06
3.601178150347550400e-06
1.175247120954736602e-06
3.118259428447345272e-06
2.579946340119931847e-06
2.485151753717218526e-06
5.061847787146689370e-06
3.026824515472981147e-07
1.459378495383134577e-06
7.583455499116098508e-07
3.198669446646817960e-06
3.964294137404067442e-06
1.166367269433976617e-06
5.860510299271481927e-09
0.000000000000000000e+00
2.372087010371615179e-06
6.387772373273037374e-07
0.000000000000000000e+00
8.477662163386412431e-07
2.558962535204045707e-07
8.502205162130849203e-08
0.000000000000000000e+00
6.407561841115239076e-07
4.521949759084264997e-10
8.710472343409492169e-07
5.917567250435240567e-06
9.886152838589623570e-07
4.585668307299783919e-07
2.406758994766278192e-06
1.951892045326530933e-06
7.614332844241289422e-07
0.000000000000000000e+00
0.000000000000000000e+00
0.000000000000000000e+00
0.000000000000000000e+00
2.540201382572604416e-09
0.000000000000000000e+00
0.000000000000000000e+00
0.000000000000000000e+00
0.000000000000000000e+00
0.000000000000000000e+00
0.000000000000000000e+00
0.000000000000000000e+00
1.376368907735070479e-09
0.000000000000000000e+00
5.990543172629259061e-09
0.000000000000000000e+00
9.026428042513412464e-12
4.374494100289894050e-09
2.984949787343538219e-11
6.012101927410640201e-09
0.000000000000000000e+00
7.103793464927066204e-13
4.262444175395785351e-09
0.000000000000000000e+00
6.561590382148096978e-09
0.000000000000000000e+00
0.000000000000000000e+00
0.000000000000000000e+00
0.000000000000000000e+00
6.953972120360418785e-11
1.877548116979710358e-09
0.000000000000000000e+00
1.713516550871929667e-09
2.044683469648589380e-06
2.140224523827782832e-06
5.667718028234958183e-07
1.969845015992177650e-06
5.067770985078823287e-07
9.001221769722178578e-06
7.465685598617710639e-07
0.000000000000000000e+00
4.563255515677155927e-06
5.605818387266481295e-06
0.000000000000000000e+00
0.000000000000000000e+00
5.957525139876906906e-09
0.000000000000000000e+00
0.000000000000000000e+00
0.000000000000000000e+00
0.000000000000000000e+00
3.916122537361843570e-09
4.657401404983829707e-06
0.000000000000000000e+00
2.959834318971843459e-06
6.756065928925636399e-09
0.000000000000000000e+00
1.235291477996725007e-07
0.000000000000000000e+00
1.216539868842403394e-09
0.000000000000000000e+00
1.065115995402265980e-08
0.000000000000000000e+00
0.000000000000000000e+00
0.000000000000000000e+00
4.484031368434671094e-09
0.000000000000000000e+00
0.000000000000000000e+00
1.573539179844374303e-06
0.000000000000000000e+00
0.000000000000000000e+00
0.000000000000000000e+00
0.000000000000000000e+00
0.000000000000000000e+00
0.000000000000000000e+00
7.815943448008511041e-10
