6.332900284178322181e-07
1.751480340317357332e-06
2.321891770407091826e-06
4.704055811544094468e-07
0.000000000000000000e+00
2.431510210954002105e-06
3.037579745068796910e-06
0.000000000000000000e+00
5.369721293391194195e-06
5.690859552487381734e-07
9.428874570005518763e-09
3.736162170753232203e-06
8.816138574729848187e-08
7.925561362753796857e-07
4.906840445073612500e-07
9.750909839567611925e-07
2.406337671345681883e-07
0.000000000000000000e+00
7.788381484880035899e-13
2.245483443630291731e-07
2.306448732269927859e-05
3.509290081638027914e-06
8.654235898575279862e-06
5.281816356728086248e-06
4.772584460965845210e-08
1.342346308774722274e-06
1.149316517512488645e-06
5.402897045314603020e-07
3.801246975854155608e-06
9.392639185534790158e-06
9.072317880054470152e-06
7.612849231009022333e-07
8.682905558998754714e-07
2.078663925431101234e-07
2.374870291532715783e-06
2.819741098392114509e-07
1.052383822752744891e-06
3.199876061898976332e-07
3.498806336210691370e-06
7.701110916968900710e-06
1.329761562374187633e-05
4.632245236280141398e-06
1.859203166532097384e-06
6.044555789230798837e-07
1.812759364838711917e-05
5.354780114430468529e-06
4.911873929813737050e-06
1.837422701100877021e-06
7.142586582631338388e-06
3.637623194663319737e-06
7.704676136199850589e-06
6.773617769795237109e-06
4.845356215810170397e-06
1.510612037236569449e-06
3.715841785378870554e-06
1.884544531094434205e-06
2.765827957773581147e-06
8.489775609632488340e-06
2.386302639934001490e-06
1.977521833396167494e-06
3.841838406515307724e-06
4.821121819986728951e-06
2.266136334583279677e-06
2.038089633060735650e-06
2.028505377893452533e-06
2.026238234975608066e-06
1.119618787015497219e-06
2.882293301809113473e-06
1.560706323289196007e-06
1.506312059973424766e-06
5.002232683182228357e-06
1.908666945382719859e-06
2.292422504979185760e-05
6.546525128214852884e-06
4.007750249002128839e-06
3.812048987583693815e-07
3.087328650508425198e-07
2.672759137567481957e-06
4.122250629734480754e-06
6.986307198530994356e-06
3.639478052264166763e-07
3.857261674511391902e-07
3.346238827361958101e-06
5.498504378920188174e-06
3.730237267518532462e-06
4.005396476713940501e-06
9.858390512818004936e-06
3.686650188683415763e-06
2.972807919832121115e-07
2.082556420646142215e-06
1.857962274698365945e-06
1.278899048884341028e-07
6.346829195535974577e-06
1.144466568803181872e-05
1.083628831111127511e-05
2.726898856053594500e-06
2.512162211587565253e-08
1.178167963189480361e-06
1.495772494308766909e-06
1.005879379789575978e-08
7.766035196254961193e-06
9.179365406453143805e-06
2.194247599618392996e-06
4.446543243830092251e-06
4.084918998614739394e-07
5.808532478113193065e-06
3.701470632222481072e-07
2.471549578331178054e-06
3.932455001631751657e-06
6.592348654521629214e-06
4.262432412360794842e-06
5.710575351258739829e-06
7.895825547166168690e-06
2.586835762485861778e-06
2.586627260825480334e-06
3.285656021034810692e-06
2.095048512273933738e-05
8.295589282170112710e-08
6.081697279114450794e-07
4.069371186687931186e-07
2.440671096337609924e-06
5.231134764471789822e-06
1.214009444083785638e-06
6.304559519776375964e-06
2.617382278913282789e-06
3.592619350456516258e-06
4.380483005661517382e-06
1.075369527825387195e-05
6.297682830336270854e-06
2.618402277221321128e-06
3.849417680612532422e-06
1.176132855107425712e-06
2.665141437319107354e-06
4.308761162974406034e-06
3.466509042482357472e-06
9.114216481975745410e-06
6.931179541425080970e-08
4.007094503322150558e-06
1.061298689819523133e-06
2.279868567711673677e-06
7.434967756125843152e-06
3.359501832278510847e-08
8.154779607139062136e-07
1.080053425539517775e-05
1.122919456975068897e-06
4.022026587335858494e-06
0.000000000000000000e+00
3.234562200304935686e-06
2.354448952246457338e-06
2.277597104693995789e-06
5.832594496268939110e-08
4.278986125427763909e-06
2.094959427267895080e-06
8.696194527146872133e-06
8.647431570807384560e-08
3.153324712457106216e-07
1.143710505857598037e-06
5.848668820362945553e-07
9.200966388789311168e-08
1.643210794100014027e-06
1.024350012812647037e-06
2.287353026986238547e-06
2.975514689751435071e-06
9.239151381734700408e-07
1.228467908731545322e-06
2.749014811342931353e-07
8.830153888084169012e-07
4.309893938625464216e-06
5.445299962048011366e-07
7.859517836550367065e-07
2.091976284646079876e-06
1.170872678812884260e-07
1.876712872217467520e-06
2.388726443314226344e-07
2.576890892669325694e-06
1.470593588237534277e-06
4.423364146077801706e-07
3.202205789420986548e-07
1.991277898127918888e-08
3.293898544143303297e-06
1.157390627781751391e-07
1.006319223506579874e-07
2.958622857818227203e-08
1.790157284631277435e-06
5.304053729560109787e-07
1.296491154789691791e-05
0.000000000000000000e+00
1.100388473673774570e-07
1.054304519243487448e-07
2.302983359570021094e-09
2.299984025455614756e-08
1.444495183022809215e-06
9.524747497380303685e-07
1.207601030728255864e-06
2.958230425065266900e-07
2.212285181713014026e-07
4.046118533551634755e-07
2.272717438245308585e-06
4.523170815673438483e-08
2.669801801857829560e-07
1.504718852629594039e-06
4.497810550674330443e-07
1.642414304114936385e-06
1.492914407208445482e-06
2.890420546464156359e-06
4.085260570718673989e-06
3.609457621678302530e-07
2.427178458219714230e-07
7.690457692888230667e-08
1.632934640838357154e-06
9.327424663752026390e-07
5.814980497120814107e-08
1.716730139378341846e-06
6.429107770600239746e-07
2.384358879226056160e-07
1.854920924415637273e-06
5.822562911816930864e-07
3.567598241716041230e-06
5.077269094044822850e-08
1.300027270190184936e-05
0.000000000000000000e+00
5.437930212792707607e-07
1.647935619075724389e-07
1.995188995351782069e-06
1.909016411616448750e-08
1.430190934570418904e-07
6.797599780838936567e-07
8.119947665363724809e-07
1.173885266325669363e-06
7.936987458379007876e-07
2.942326204902201425e-07
8.694275948073482141e-07
1.218366151078953408e-06
3.862676862809166778e-07
1.728763550090661738e-07
9.582985285305767320e-07
8.800036994216497988e-06
1.853279854913125746e-06
6.157786742733151186e-07
6.563146115468043718e-08
4.948072884758403234e-08
2.041308277966891183e-07
6.355277548664162168e-08
8.408350709032674786e-07
6.749461078925378388e-08
2.874847915279588051e-08
3.741298996828845702e-06
3.393640213289472740e-08
4.462780509584263200e-07
1.188003739827081517e-08
7.191551958385389298e-07
4.152932575607337640e-08
9.236005666934943292e-07
1.529650216980371624e-05
4.276928393665002659e-06
1.751386321302561555e-06
1.180451249638281297e-06
6.895929800521116704e-07
6.238581562456602114e-08
4.483947435574009432e-08
2.233057614375866251e-07
5.269762937132327352e-07
5.521742991732025985e-07
8.713607826393854339e-07
2.370738457102561370e-06
3.064146312681259587e-06
2.940386593763832934e-06
2.821000407493556850e-06
5.054037046647863463e-07
6.003635348861280363e-07
2.397954231014853832e-11
8.548963705834466964e-07
8.457371905024047010e-07
3.583848183552618138e-06
6.068711968509887811e-07
1.609263676982664037e-06
2.597138575310964370e-07
2.362378154430189170e-06
7.596616669047762116e-09
2.018093567812684341e-07
2.584299920727062272e-07
1.533627255412284285e-06
0.000000000000000000e+00
2.391235476295605622e-08
7.740288197055633646e-07
0.000000000000000000e+00
0.000000000000000000e+00
0.000000000000000000e+00
0.000000000000000000e+00
6.463523760658063111e-08
0.000000000000000000e+00
1.284832791270673624e-07
2.801537846153223654e-08
9.910318112815730274e-07
4.771972612616082188e-07
0.000000000000000000e+00
1.232568592968164012e-06
8.313026000905665569e-07
8.700158673491387162e-07
8.989146067506226245e-07
0.000000000000000000e+00
8.136579481288208626e-07
3.852092504530446604e-06
1.531524702613751288e-07
0.000000000000000000e+00
2.821824818965978920e-05
4.265728819063951960e-07
4.139268185099354014e-06
1.273031784876366146e-06
2.683143520698649809e-07
1.898160189739428461e-05
0.000000000000000000e+00
2.974973540403880179e-06
2.787125765735254390e-07
0.000000000000000000e+00
6.221680450835265219e-07
2.978546262966119684e-06
1.564824174238310661e-06
7.988568313521682285e-07
9.156605074167600833e-07
2.764258510978834238e-07
5.545019234887149651e-07
1.870920186775038019e-06
1.329188194176822435e-06
1.695462401585245971e-06
7.788208336023672018e-07
2.114158633048646152e-06
3.462750726157537429e-07
4.579966912388044875e-07
5.058101351096411236e-07
1.712781113383243792e-06
1.583438006491633132e-06
4.532279547220241511e-07
1.006701779715513112e-07
1.044414034367946442e-06
3.229107647939599701e-08
4.184267368145810906e-07
0.000000000000000000e+00
7.754534294690529350e-07
4.423847315138118574e-07
1.157831206910486799e-06
0.000000000000000000e+00
7.573649263292736578e-09
4.193036673427741334e-08
0.000000000000000000e+00
7.927532408302795375e-09
0.000000000000000000e+00
0.000000000000000000e+00
1.259687223864602856e-06
0.000000000000000000e+00
3.312661874588229693e-06
0.000000000000000000e+00
0.000000000000000000e+00
0.000000000000000000e+00
1.348784639532141227e-08
1.479938127602054010e-08
2.427395395798725986e-09
0.000000000000000000e+00
0.000000000000000000e+00
3.021820127457885974e-09
0.000000000000000000e+00
7.597467543973834836e-08
1.946301040334219579e-07
4.043561148137087002e-07
4.303214495848806109e-08
1.006351226351398509e-06
1.028837282035510725e-08
0.000000000000000000e+00
4.918592644287400617e-09
0.000000000000000000e+00
1.492889722953805176e-08
0.000000000000000000e+00
5.787014288216596469e-06
0.000000000000000000e+00
2.006401473408914171e-06
4.706759227701695636e-06
1.500898292761121411e-06
2.067668987137949443e-07
3.128344133074278943e-06
9.940054951584897935e-06
2.369360032616896206e-07
1.611974653314973693e-06
4.831042019759479444e-07
3.248165512559353374e-06
2.781971716103726067e-06
1.503656903878436424e-06
2.364132114962558262e-06
1.186916009920935267e-09
0.000000000000000000e+00
7.969961188791785389e-07
2.209262447649962269e-06
0.000000000000000000e+00
7.413452749460702762e-06
3.925755009959175368e-08
3.288191763317627192e-08
8.083095508482074365e-07
1.122486770199770945e-09
1.097610947908833623e-06
8.967149938143847976e-07
1.577126795382355340e-06
4.043081958116090391e-07
3.057056801480939612e-06
0.000000000000000000e+00
3.218567030671692919e-07
1.351182277176121715e-07
1.398170326183389989e-07
6.286320797244115965e-08
0.000000000000000000e+00
3.329882076741341734e-07
0.000000000000000000e+00
0.000000000000000000e+00
0.000000000000000000e+00
1.398433255417330656e-06
1.054862991622940172e-06
1.950598971234285273e-06
0.000000000000000000e+00
2.157908738809055649e-06
1.532121927994012367e-06
4.583750126130325953e-07
1.852637865340511780e-07
1.367827517917419300e-09
1.575270829334840528e-07
2.921168061220669188e-06
2.763776194569800282e-07
2.379337082913934864e-08
0.000000000000000000e+00
5.613213782673653895e-10
3.678712667820605020e-09
7.415243086228429092e-09
3.460008315414597746e-07
0.000000000000000000e+00
5.830569307363475673e-07
0.000000000000000000e+00
0.000000000000000000e+00
0.000000000000000000e+00
2.551056240918114781e-06
0.000000000000000000e+00
1.182793312182184309e-06
9.967319556380971335e-07
1.474707431725619244e-07
0.000000000000000000e+00
0.000000000000000000e+00
5.141364667338166328e-09
5.725511982745956630e-06
4.409135669902752852e-07
9.222564045785475173e-08
2.803272764140274376e-06
0.000000000000000000e+00
6.131944019216462038e-07
0.000000000000000000e+00
9.646611260905046947e-07
2.109060703858745001e-09
8.551359314878936857e-06
1.630493102311447728e-06
1.301880956816603430e-06
0.000000000000000000e+00
4.329227522248402238e-06
5.916195178201633098e-08
2.543249877362541156e-07
1.959972628640116454e-08
1.650485046411631629e-07
1.400752012159500737e-06
4.412442535794980358e-07
1.533679778731311671e-07
1.369713004351069685e-06
2.451022318439299852e-08
2.661605265075195348e-07
9.073314686247613281e-07
0.000000000000000000e+00
0.000000000000000000e+00
0.000000000000000000e+00
5.433129217635723762e-07
0.000000000000000000e+00
7.316970140891498886e-08
0.000000000000000000e+00
1.950226202751537130e-09
0.000000000000000000e+00
1.217193670299820951e-07
0.000000000000000000e+00
4.138662745845067548e-07
0.000000000000000000e+00
3.539510316841187887e-06
4.790342131855140906e-07
0.000000000000000000e+00
8.227602279475831892e-07
1.077182560038636439e-06
1.499258388548696530e-07
7.132272799026395660e-07
0.000000000000000000e+00
0.000000000000000000e+00
0.000000000000000000e+00
0.000000000000000000e+00
0.000000000000000000e+00
1.153223365690791979e-06
7.960107240023717168e-09
0.000000000000000000e+00
2.183144545142567949e-07
0.000000000000000000e+00
0.000000000000000000e+00
1.788998389429252711e-07
3.806185588928201469e-07
8.428412634486903698e-09
2.337936280127905775e-07
1.580314346938394010e-06
3.430706101426039822e-07
0.000000000000000000e+00
3.559944516950963589e-08
1.930113512571551837e-06
8.114250604762673902e-09
0.000000000000000000e+00
0.000000000000000000e+00
1.405648752950128255e-08
6.039487132625254162e-09
0.000000000000000000e+00
4.918988771862586873e-09
0.000000000000000000e+00
4.458417635078149033e-09
3.318386987416488410e-08
0.000000000000000000e+00
5.191795793280107318e-08
3.900500900044789887e-08
3.551894423026169534e-08
0.000000000000000000e+00
4.837102274279914127e-09
2.699483303558736225e-09
0.000000000000000000e+00
4.875606141041544106e-09
2.885401251262464939e-09
3.231185701224603690e-07
6.740524138848513758e-09
1.415206838828453328e-06
7.755269848530588206e-08
9.581007276437958353e-08
4.361338881153642433e-07
4.472007333333749557e-07
2.903127324316301383e-06
0.000000000000000000e+00
0.000000000000000000e+00
0.000000000000000000e+00
2.004423777179908939e-06
1.228114433615701273e-05
1.180522031063446775e-05
1.562616773753688904e-07
9.069809152606467251e-07
1.329469455413345713e-06
1.864367220605345210e-07
5.340914981388777960e-07
1.224167135660536587e-06
1.095654397431644611e-06
4.174394689471228048e-06
1.101417410609428771e-07
1.101181865692524298e-07
1.497761331847868860e-06
6.405672934306494426e-07
4.470653038879390806e-07
9.414454993361687229e-09
3.435912887539416261e-08
4.035168998939298035e-08
0.000000000000000000e+00
1.807665545028314114e-10
1.277807200494862627e-06
1.812298933145939372e-07
4.298275655401084805e-07
1.439131551705941092e-06
3.069045249048940605e-07
6.051915875104896259e-07
2.657176034759345384e-09
1.782166009434149601e-06
4.430365052598972397e-08
3.637235934661475767e-08
3.061758889089105651e-06
1.261006900676875375e-06
6.377525618717072575e-09
2.824354226049763383e-07
5.928046107328555081e-07
3.811862825386924669e-07
3.393721499378443696e-07
2.283766207256121561e-07
2.395020715084683616e-07
1.031411969165674236e-07
6.020048903820907071e-10
0.000000000000000000e+00
0.000000000000000000e+00
1.935728377588930016e-08
1.338067704637069255e-06
0.000000000000000000e+00
0.000000000000000000e+00
3.798719490077928640e-07
3.463056330588187848e-08
1.101295010047520506e-11
0.000000000000000000e+00
4.605284118497365853e-07
0.000000000000000000e+00
0.000000000000000000e+00
0.000000000000000000e+00
8.822469226288376376e-07
0.000000000000000000e+00
0.000000000000000000e+00
2.055059233896372461e-09
4.262631421170226531e-07
0.000000000000000000e+00
1.524861659163434524e-06
5.119572765721613905e-09
0.000000000000000000e+00
5.672958991453924682e-09
0.000000000000000000e+00
1.803141742584557505e-07
0.000000000000000000e+00
1.139787173087825067e-06
1.780188085831468925e-08
5.369791722387162736e-09
4.953769234816718381e-07
0.000000000000000000e+00
4.439801859490444258e-10
2.859623918993747793e-06
1.729830056973469254e-09
1.185879000331624411e-06
1.739348931550921407e-07
3.291945827044173711e-09
1.227635237910362775e-07
0.000000000000000000e+00
3.617134325395454653e-08
1.334363197713628324e-08
0.000000000000000000e+00
7.231331089485593111e-10
8.972167506726691499e-07
3.915562047041021287e-06
7.773492143314797431e-07
0.000000000000000000e+00
1.096430082725419197e-06
7.875150345171277877e-07
2.809299303407897241e-06
6.532670795422745869e-07
1.668937876786458219e-08
4.450176338544054033e-11
9.785588872546213679e-07
5.631355293189699296e-07
3.911200110451318324e-07
2.108020140667576925e-07
0.000000000000000000e+00
2.730658934524399228e-07
4.477569461869279621e-07
4.077489847986726090e-07
0.000000000000000000e+00
9.750543483733054018e-09
1.909276534206583165e-06
2.350148633922799490e-06
3.617661059607257812e-09
8.485407079206197523e-07
2.630535256287203083e-08
1.444758090940467810e-08
2.237101597302171285e-07
3.209844123830407625e-07
7.135162860549826291e-08
7.671790314134341315e-08
1.754889467520115431e-06
1.862140948105661664e-07
0.000000000000000000e+00
5.745535602841300715e-08
1.964724563596753626e-11
9.492447929915215354e-07
1.286971041736251209e-06
0.000000000000000000e+00
0.000000000000000000e+00
0.000000000000000000e+00
0.000000000000000000e+00
7.979966021309792268e-09
0.000000000000000000e+00
5.984290840643780029e-09
5.151369553146878388e-09
0.000000000000000000e+00
0.000000000000000000e+00
1.943669076354126446e-06
1.328752205154160038e-06
0.000000000000000000e+00
0.000000000000000000e+00
1.984117758979664359e-09
1.154705131511946092e-07
1.341562150258823749e-08
3.052019792448845692e-07
1.795133641735446872e-08
0.000000000000000000e+00
1.106048941323933832e-07
3.496806186831236118e-07
3.879972965137312713e-08
0.000000000000000000e+00
0.000000000000000000e+00
5.557841973313770723e-07
1.750607196981945890e-07
1.094186245609307662e-06
1.876605537631803600e-08
1.242975713466876186e-06
1.117059666988495792e-09
9.956453439485812851e-09
1.094718982130871154e-06
8.436242637799296062e-07
1.006488787425041664e-06
6.809016781517129857e-07
6.662800160484039225e-07
9.036470487444603350e-07
1.650410723641471122e-07
5.551624440158775542e-07
5.671055802736191254e-08
1.965985120477853343e-06
6.367047262756386772e-07
7.818545668669685256e-07
2.619623273858451284e-07
1.482693960497272201e-06
1.349277880535737495e-07
1.240815890923840925e-06
2.290031716256635264e-06
9.093581070374057163e-07
6.168278332552290522e-08
3.063084648147196276e-07
7.815964977453404572e-07
0.000000000000000000e+00
2.350855766053427942e-06
3.818769869212701451e-07
0.000000000000000000e+00
9.562302238919073716e-07
0.000000000000000000e+00
0.000000000000000000e+00
0.000000000000000000e+00
9.138241239270428196e-07
0.000000000000000000e+00
0.000000000000000000e+00
1.905735587115486851e-07
1.441102028820751002e-07
0.000000000000000000e+00
0.000000000000000000e+00
0.000000000000000000e+00
3.636256407091309484e-09
0.000000000000000000e+00
1.346071965002693105e-08
0.000000000000000000e+00
1.195036588796938304e-06
0.000000000000000000e+00
1.456522227272216696e-06
4.615111208750022342e-07
3.531316110638726968e-07
0.000000000000000000e+00
4.111496764380717650e-06
2.597805859316792976e-10
7.427372050727854003e-09
1.204219657324756554e-08
0.000000000000000000e+00
0.000000000000000000e+00
0.000000000000000000e+00
2.336501978561500437e-07
4.336932306614471599e-07
0.000000000000000000e+00
0.000000000000000000e+00
0.000000000000000000e+00
0.000000000000000000e+00
0.000000000000000000e+00
3.506017520749082905e-08
0.000000000000000000e+00
1.381275183121033479e-07
0.000000000000000000e+00
0.000000000000000000e+00
6.476892622231389396e-07
0.000000000000000000e+00
1.494489794140463346e-07
0.000000000000000000e+00
7.719235917136302305e-09
0.000000000000000000e+00
0.000000000000000000e+00
0.000000000000000000e+00
6.896527793287532404e-09
0.000000000000000000e+00
1.768209358488093130e-06
0.000000000000000000e+00
2.957524657176691107e-06
0.000000000000000000e+00
1.868634358359599901e-09
3.757500088852339104e-09
0.000000000000000000e+00
3.219386357500297891e-08
2.996784687070430664e-08
0.000000000000000000e+00
0.000000000000000000e+00
0.000000000000000000e+00
0.000000000000000000e+00
5.705564944946672767e-07
1.669858473718477399e-09
4.867018787990673445e-09
0.000000000000000000e+00
0.000000000000000000e+00
0.000000000000000000e+00
1.999465439439518377e-06
5.420431989477947354e-06
1.266982696535023933e-08
3.667948703878209926e-06
5.389256330090574920e-06
2.098394816130166873e-06
2.917213066666590748e-07
1.521765625511761755e-06
2.148175042293587467e-07
0.000000000000000000e+00
5.053965992374287453e-07
2.066685711454852026e-09
8.446151582575112116e-07
1.032897444019909017e-06
2.251395159191815765e-07
1.807960501309935353e-07
7.259420176097819422e-09
2.753740773187018931e-07
0.000000000000000000e+00
6.351178249985878210e-09
2.026746869887574576e-06
7.268039894370303955e-07
1.895033818755109678e-08
0.000000000000000000e+00
9.137509096035500988e-07
2.701931123283429770e-07
1.044411419570678845e-06
0.000000000000000000e+00
9.598446126801718492e-08
1.025305991220193391e-07
1.762287666906559025e-07
3.713039120611938415e-07
0.000000000000000000e+00
0.000000000000000000e+00
0.000000000000000000e+00
0.000000000000000000e+00
4.774330708556817626e-09
0.000000000000000000e+00
3.586663765986486396e-08
1.105740011553280056e-06
0.000000000000000000e+00
7.429779902423661042e-09
9.659798516636897148e-10
9.134838308000325924e-08
9.590461758079982246e-09
6.394291744982183445e-07
0.000000000000000000e+00
3.870187725851792493e-09
5.282312827148416545e-07
1.360145507334209469e-08
0.000000000000000000e+00
3.938083921184443170e-07
1.494485264708078631e-11
4.205013937053081463e-08
0.000000000000000000e+00
0.000000000000000000e+00
0.000000000000000000e+00
1.632594948119958644e-09
1.269315902385770300e-10
0.000000000000000000e+00
0.000000000000000000e+00
0.000000000000000000e+00
0.000000000000000000e+00
0.000000000000000000e+00
0.000000000000000000e+00
0.000000000000000000e+00
1.513954259735328378e-07
1.180858522076277950e-08
5.680377279659865053e-10
0.000000000000000000e+00
0.000000000000000000e+00
7.981885232766217086e-07
1.254519474969129078e-06
0.000000000000000000e+00
1.292820073217626486e-08
0.000000000000000000e+00
1.388674917279786314e-07
5.103842681819514837e-08
0.000000000000000000e+00
0.000000000000000000e+00
1.960088688579553207e-11
4.085192184533070758e-09
1.136446403648960768e-08
1.168911989424259446e-08
1.241271174734492888e-08
0.000000000000000000e+00
1.100579272161894551e-08
4.763993217693496263e-07
0.000000000000000000e+00
0.000000000000000000e+00
0.000000000000000000e+00
0.000000000000000000e+00
0.000000000000000000e+00
3.268371528974967077e-07
9.701621728197551420e-09
1.068343014054562445e-08
4.525670192379038781e-06
0.000000000000000000e+00
0.000000000000000000e+00
1.322558915717308992e-07
2.156730083413549437e-08
6.263509533255273709e-08
4.203664616397873033e-07
2.238617611283189035e-07
2.616348240280785831e-07
2.063242590111258323e-07
1.220668764290167019e-05
5.517537147170514800e-07
3.162437451464938931e-06
6.860894075089163380e-08
0.000000000000000000e+00
1.224655648002226371e-06
2.762959411484189332e-06
8.303064191750308964e-07
1.651790284995513503e-06
7.641857990847711335e-08
1.726116011013800744e-06
0.000000000000000000e+00
0.000000000000000000e+00
8.992955145004088990e-07
5.187792240235467034e-08
2.812218781400588341e-06
4.529034413280896842e-06
0.000000000000000000e+00
1.329950372053190222e-08
2.742378228504094295e-06
3.061275037907762453e-07
6.590733647726665367e-08
1.457016651329468004e-06
1.570613932244668831e-07
2.322655205944101908e-07
1.325329290757792933e-09
2.290346827749090153e-07
3.526563929767689842e-08
1.126233151182987058e-08
7.854472983126470353e-07
3.072515539770392934e-07
0.000000000000000000e+00
0.000000000000000000e+00
0.000000000000000000e+00
1.431105101090679455e-08
1.235396407395228380e-08
0.000000000000000000e+00
3.640680290573072853e-07
4.752086724124637840e-09
9.506867399977636524e-07
1.439941570424707606e-07
3.900416434277076405e-09
9.216333474171278795e-09
2.400569485416781390e-07
3.500355916230546427e-08
1.008139406621921808e-06
0.000000000000000000e+00
6.287296461238156553e-09
0.000000000000000000e+00
9.170199746222351678e-07
0.000000000000000000e+00
0.000000000000000000e+00
0.000000000000000000e+00
0.000000000000000000e+00
6.479424285998902633e-08
0.000000000000000000e+00
1.243070002487911552e-08
0.000000000000000000e+00
8.903501793611212634e-07
1.395482343014009530e-07
3.015465779299120186e-07
3.096177181305392878e-08
5.203877506687604182e-08
1.202005137201922480e-06
5.144891623842795525e-09
0.000000000000000000e+00
0.000000000000000000e+00
5.628205457242074772e-09
1.618954343030054588e-06
0.000000000000000000e+00
2.209831336585921235e-06
0.000000000000000000e+00
2.025636121061324957e-07
0.000000000000000000e+00
0.000000000000000000e+00
0.000000000000000000e+00
0.000000000000000000e+00
0.000000000000000000e+00
0.000000000000000000e+00
0.000000000000000000e+00
0.000000000000000000e+00
3.965752171097847167e-09
0.000000000000000000e+00
7.010010705243985285e-08
0.000000000000000000e+00
0.000000000000000000e+00
0.000000000000000000e+00
0.000000000000000000e+00
8.292380115904052218e-09
0.000000000000000000e+00
0.000000000000000000e+00
0.000000000000000000e+00
0.000000000000000000e+00
0.000000000000000000e+00
7.190236317455855897e-08
0.000000000000000000e+00
0.000000000000000000e+00
0.000000000000000000e+00
0.000000000000000000e+00
0.000000000000000000e+00
0.000000000000000000e+00
0.000000000000000000e+00
2.628519624181535619e-09
2.549529369844094617e-07
0.000000000000000000e+00
0.000000000000000000e+00
1.288876632088431506e-07
4.419717640757880872e-07
0.000000000000000000e+00
0.000000000000000000e+00
9.829091984769888768e-10
3.856620764963736292e-07
4.233409356402262347e-08
0.000000000000000000e+00
1.296574083653467824e-07
0.000000000000000000e+00
0.000000000000000000e+00
2.636862950211593670e-09
4.888555622528656386e-07
0.000000000000000000e+00
8.095668135865707882e-09
2.942083243695492456e-09
6.114420969538514328e-09
0.000000000000000000e+00
2.829179095442668768e-07
2.786040198543560109e-08
1.803791320753589389e-07
4.270898159575153841e-07
7.059405060516610320e-09
1.889564600787707604e-06
9.476453897150349803e-07
2.372098037994874176e-07
2.738509465416427702e-06
3.504688038447056897e-06
0.000000000000000000e+00
1.209176936356470833e-08
1.614600591892667580e-06
1.105223432773527747e-07
3.523387022141832858e-07
1.436507091057137586e-07
1.367238837701734155e-07
3.144857885217788862e-07
1.174274455451040922e-08
2.604927431093528867e-06
6.318414875750022475e-07
2.647219998763716831e-09
9.638267783884657547e-07
6.444069100552951568e-08
1.037012225424405187e-06
8.009128009689447936e-07
5.849610218433554110e-08
1.572622522871824913e-06
8.303419463118189014e-07
0.000000000000000000e+00
9.207516526998915651e-09
0.000000000000000000e+00
1.234927253790374380e-06
0.000000000000000000e+00
1.437595784636869212e-07
1.535513050043846306e-08
0.000000000000000000e+00
0.000000000000000000e+00
0.000000000000000000e+00
0.000000000000000000e+00
3.565511497161111265e-10
9.808432954727663855e-10
0.000000000000000000e+00
8.452069266695616534e-09
3.213652632894081762e-08
1.547958504488633480e-06
9.645811926972669426e-10
9.612734608310802287e-09
1.408457905860416304e-09
0.000000000000000000e+00
0.000000000000000000e+00
3.006903170899022371e-09
3.419585681285752798e-08
0.000000000000000000e+00
0.000000000000000000e+00
0.000000000000000000e+00
8.047125632515417237e-09
0.000000000000000000e+00
0.000000000000000000e+00
8.918719629491533851e-08
7.903706773504381999e-07
0.000000000000000000e+00
0.000000000000000000e+00
0.000000000000000000e+00
4.180522594765534450e-11
1.944450156443622291e-09
0.000000000000000000e+00
2.816010180595185375e-07
7.313893934934867502e-09
0.000000000000000000e+00
0.000000000000000000e+00
1.829013598353412817e-07
2.454420000574941696e-10
0.000000000000000000e+00
0.000000000000000000e+00
7.458327289100452617e-09
5.446154816013404343e-08
6.292052434631045799e-10
2.928900322274330392e-08
1.582296738078525777e-09
0.000000000000000000e+00
0.000000000000000000e+00
0.000000000000000000e+00
0.000000000000000000e+00
0.000000000000000000e+00
0.000000000000000000e+00
0.000000000000000000e+00
0.000000000000000000e+00
0.000000000000000000e+00
0.000000000000000000e+00
3.781259305668527304e-09
5.160646310287120286e-07
7.068503293794492492e-08
0.000000000000000000e+00
8.439631216106135980e-08
4.394002661722851144e-10
5.989467144473792359e-09
6.006575237194056172e-09
0.000000000000000000e+00
4.808700992953163222e-09
0.000000000000000000e+00
0.000000000000000000e+00
0.000000000000000000e+00
1.189332632378636845e-09
1.564701051393058151e-06
2.052675540653581265e-07
0.000000000000000000e+00
4.637534090079498128e-08
5.495667476651533434e-09
1.747612055069680537e-09
0.000000000000000000e+00
4.004229836596095993e-09
9.142736701051035197e-08
0.000000000000000000e+00
8.493553638189155208e-10
0.000000000000000000e+00
9.181439054373186082e-06
0.000000000000000000e+00
7.674919402234081645e-07
2.216376415731247107e-08
5.129558303451631218e-06
0.000000000000000000e+00
0.000000000000000000e+00
6.291684826464916114e-07
1.044297093244495045e-07
0.000000000000000000e+00
2.059460030068294145e-06
1.034692832035943866e-05
3.479204702117044690e-09
3.299403772416553693e-08
8.850752664102401468e-08
3.544140554367913865e-06
0.000000000000000000e+00
2.976466895177054539e-08
7.328564493036537897e-07
2.216439440871909028e-07
1.319042297609485104e-07
9.991873639592085965e-08
0.000000000000000000e+00
2.796726448650588281e-06
0.000000000000000000e+00
1.457998024534390424e-07
1.520400360277562868e-06
4.230506363001040881e-07
1.227187226504611317e-06
0.000000000000000000e+00
7.405565494167376528e-09
0.000000000000000000e+00
0.000000000000000000e+00
6.981532152394720470e-08
2.353350794237485388e-07
2.624289052732819982e-08
3.908424517362618644e-08
1.766516248835614533e-07
5.026146254749619402e-07
1.249360707333835308e-06
3.784005642160082061e-08
0.000000000000000000e+00
0.000000000000000000e+00
1.212612005474511534e-06
1.632411397167743417e-07
2.972045498594866331e-09
8.327917910833093629e-09
4.005948994745267555e-07
0.000000000000000000e+00
6.541631591971963644e-07
1.906283131347663584e-07
5.639983413630034192e-08
0.000000000000000000e+00
2.892140971155754414e-10
0.000000000000000000e+00
5.155469384732214166e-09
4.652688119222148089e-07
0.000000000000000000e+00
1.432241769627751182e-09
6.392515849995561439e-09
2.987911029705969668e-09
0.000000000000000000e+00
6.078903602713126020e-09
7.601307916438315715e-10
0.000000000000000000e+00
1.843695085490537622e-09
0.000000000000000000e+00
0.000000000000000000e+00
1.357156520498392638e-07
4.595636085014120908e-07
1.633207347140341881e-08
3.062655240526623857e-09
0.000000000000000000e+00
0.000000000000000000e+00
2.969536012642493006e-07
8.537651297046977561e-07
7.830729814584103110e-11
0.000000000000000000e+00
4.432406512933084741e-07
0.000000000000000000e+00
2.384090080909118115e-08
1.415628503309562802e-07
2.289722544901451329e-08
2.417195332782284822e-08
1.773348827782683657e-07
5.929602480136964004e-07
3.770872059050134339e-09
0.000000000000000000e+00
4.277385912132558587e-08
0.000000000000000000e+00
2.213428190733779388e-10
0.000000000000000000e+00
0.000000000000000000e+00
3.856473540508886799e-07
0.000000000000000000e+00
3.060441455815521294e-09
0.000000000000000000e+00
7.864369599985820969e-09
8.823354269438254960e-10
2.463468717905925587e-07
1.813397210170819562e-10
0.000000000000000000e+00
5.792184154529422813e-08
8.061738082654201776e-11
0.000000000000000000e+00
2.623289807601736356e-09
7.603772611552983562e-10
0.000000000000000000e+00
1.272692173870382248e-08
9.200733508407665795e-09
4.748920190422722953e-08
6.748998202965594828e-06
7.526508305488732731e-09
1.824839637265540659e-05
3.667362946657704015e-08
1.039226276589033660e-06
5.603915269603021443e-07
1.088604335564014036e-06
7.880694283812772483e-07
9.704142030386719853e-06
7.011454272287664935e-06
3.743790166765847971e-09
1.035333929699788769e-09
1.166534843832778279e-06
1.586674791553832620e-08
1.217459413282995229e-07
1.379473815177334473e-07
9.357909789287077729e-07
6.957399278917364427e-08
2.925955311372518963e-10
2.368860094748015399e-07
1.786504166823021933e-09
2.967772843476268463e-06
1.978416008796557435e-08
6.612870606659271289e-07
2.243424823689110781e-08
5.675182990216853796e-08
6.465515411946398672e-08
7.083210817881990806e-08
4.272131263860501349e-06
1.556670810032301233e-07
1.253267214451625478e-07
8.729243177185708191e-07
0.000000000000000000e+00
0.000000000000000000e+00
4.881298210079876299e-08
1.170866568145356723e-07
9.352285168517937564e-09
1.581825927132740617e-06
0.000000000000000000e+00
2.152852829340190510e-08
0.000000000000000000e+00
4.617639888238045387e-07
8.663188566515600542e-08
0.000000000000000000e+00
3.834839557015357059e-09
0.000000000000000000e+00
3.661290520540205762e-06
2.806284555845195428e-07
1.299130469867293414e-09
1.811259409123522346e-08
0.000000000000000000e+00
2.211722582856623376e-09
2.922654562809157142e-09
0.000000000000000000e+00
0.000000000000000000e+00
2.934997356263124857e-09
0.000000000000000000e+00
3.970932880292821210e-07
0.000000000000000000e+00
0.000000000000000000e+00
3.301895731055992655e-06
7.686528080697030418e-10
7.367103815880682305e-09
9.246506493809647509e-08
0.000000000000000000e+00
4.494279670641532221e-10
9.215882528224028647e-07
0.000000000000000000e+00
0.000000000000000000e+00
0.000000000000000000e+00
2.593161241293273633e-09
9.384155674752037157e-10
1.112238523504061050e-09
0.000000000000000000e+00
8.212182933675649110e-09
0.000000000000000000e+00
4.160570998834600687e-09
0.000000000000000000e+00
0.000000000000000000e+00
2.045558886720755254e-07
3.351165787535137497e-06
8.119174665921491396e-09
1.666159960223012604e-06
3.680009399431583006e-07
9.464729089359025238e-08
1.038469310543632673e-10
9.389768962364541949e-09
0.000000000000000000e+00
0.000000000000000000e+00
0.000000000000000000e+00
0.000000000000000000e+00
0.000000000000000000e+00
0.000000000000000000e+00
0.000000000000000000e+00
7.626822728923343675e-09
7.159576403958922697e-11
4.626581926459039096e-07
0.000000000000000000e+00
7.838290017048166192e-09
0.000000000000000000e+00
0.000000000000000000e+00
4.538699693856784734e-10
9.697597391777890152e-09
0.000000000000000000e+00
0.000000000000000000e+00
0.000000000000000000e+00
0.000000000000000000e+00
0.000000000000000000e+00
4.953895427206589375e-08
0.000000000000000000e+00
9.624372978578321636e-07
6.720820011629768942e-10
9.122395283611695049e-09
0.000000000000000000e+00
8.474604351604853036e-10
0.000000000000000000e+00
0.000000000000000000e+00
3.428674011374255315e-10
0.000000000000000000e+00
0.000000000000000000e+00
1.074630873176829482e-08
0.000000000000000000e+00
2.739756723713071551e-07
6.381893058460264001e-08
3.275438587024837034e-08
1.865122500888105606e-09
3.127861347707039386e-08
4.633660068975586910e-07
0.000000000000000000e+00
3.005699227287550457e-07
2.836015482898801565e-06
1.599032550814172282e-08
8.889197822270489269e-09
6.281798050622455776e-07
1.044342184286506381e-06
3.167222928368573776e-07
0.000000000000000000e+00
2.078840225294698030e-06
1.159738189926429186e-06
0.000000000000000000e+00
0.000000000000000000e+00
2.973778236992075108e-07
3.633645206946312101e-08
7.428471917592105456e-07
6.231687734725710470e-07
1.057862618836225010e-06
9.811806478410289856e-09
6.679522925878700335e-07
0.000000000000000000e+00
2.016172260255189030e-07
7.285358378794626333e-07
1.393858042320061941e-07
0.000000000000000000e+00
0.000000000000000000e+00
5.080292339698644355e-06
2.221383077483096713e-09
0.000000000000000000e+00
2.608705244711018167e-06
0.000000000000000000e+00
1.834199849781725788e-07
1.269512353019308648e-07
2.787352286759414710e-06
0.000000000000000000e+00
1.171297947522020877e-09
6.510350431199185550e-06
5.566151983771305822e-09
3.539595070378709352e-07
1.053738927225822408e-07
0.000000000000000000e+00
0.000000000000000000e+00
4.891489879810251296e-08
8.916070726172620198e-08
0.000000000000000000e+00
0.000000000000000000e+00
0.000000000000000000e+00
0.000000000000000000e+00
2.910639551600979757e-08
0.000000000000000000e+00
3.308440099658582767e-08
0.000000000000000000e+00
0.000000000000000000e+00
0.000000000000000000e+00
0.000000000000000000e+00
2.972270785051023267e-08
1.919799963445711910e-08
1.428865470387563619e-08
5.421366608970856760e-07
1.207964999139221618e-07
3.946645392716163769e-07
5.806263025931457378e-09
3.183553758390189614e-07
0.000000000000000000e+00
3.002334665325179230e-07
8.262095008149117348e-08
0.000000000000000000e+00
2.028910301987707498e-07
0.000000000000000000e+00
0.000000000000000000e+00
4.412387397678685375e-07
0.000000000000000000e+00
7.614407877554185688e-07
1.518961198598844931e-06
0.000000000000000000e+00
1.987518760682149832e-10
0.000000000000000000e+00
2.323562284800573252e-07
5.829503990639750555e-09
0.000000000000000000e+00
0.000000000000000000e+00
0.000000000000000000e+00
0.000000000000000000e+00
2.035443230852251872e-06
0.000000000000000000e+00
0.000000000000000000e+00
7.961094977693150554e-11
0.000000000000000000e+00
0.000000000000000000e+00
0.000000000000000000e+00
1.154646867007613764e-08
0.000000000000000000e+00
1.677049567661015317e-06
0.000000000000000000e+00
0.000000000000000000e+00
3.440757367911828624e-08
0.000000000000000000e+00
0.000000000000000000e+00
2.421975153765743016e-08
1.482172606870335585e-09
0.000000000000000000e+00
0.000000000000000000e+00
7.177744691944099031e-07
0.000000000000000000e+00
7.744605454718112014e-07
0.000000000000000000e+00
1.099011548433281860e-09
0.000000000000000000e+00
0.000000000000000000e+00
0.000000000000000000e+00
1.753505229906693330e-09
1.662758108977868687e-08
6.913749075465602800e-07
2.603369182452297537e-07
5.694904547937085226e-09
8.977355605566117447e-07
2.365769091738911811e-08
4.114203022709261859e-07
1.908823179519458790e-07
5.564886578213190660e-07
1.433111407322940067e-07
2.725347947318823572e-08
6.041458959771262016e-07
2.419084523808123777e-07
6.618201808805679320e-08
1.048416038429422770e-06
5.453069320537906606e-07
7.127360479586286601e-09
0.000000000000000000e+00
5.884458573746087495e-07
0.000000000000000000e+00
1.097427457352750935e-06
4.239560169594369654e-08
4.167346219219325576e-07
6.392050977410690393e-08
1.692931732577562798e-06
2.851382987500983290e-06
1.583112378966688993e-07
7.644173365406459197e-07
3.033802045138145331e-07
1.863675265667552594e-06
1.415534001125706709e-07
6.519832709273032378e-07
0.000000000000000000e+00
6.212491143742226996e-07
4.115682727956482267e-08
1.041656805256252483e-08
0.000000000000000000e+00
1.543747600862843683e-07
9.421979711987660266e-07
2.578363300642649847e-09
7.444239003007169231e-08
0.000000000000000000e+00
1.303655267292924691e-06
8.704638787548901746e-09
0.000000000000000000e+00
7.532633183870984794e-09
0.000000000000000000e+00
4.035360348098038230e-07
7.801533996598664089e-08
0.000000000000000000e+00
0.000000000000000000e+00
6.944179631318547763e-08
0.000000000000000000e+00
1.277927879073104123e-07
0.000000000000000000e+00
0.000000000000000000e+00
0.000000000000000000e+00
0.000000000000000000e+00
1.240883062969544426e-09
5.033657046737971541e-09
0.000000000000000000e+00
6.767723714773410393e-09
0.000000000000000000e+00
0.000000000000000000e+00
0.000000000000000000e+00
7.226320875020064705e-09
4.555432042252505198e-06
0.000000000000000000e+00
8.584651212117933028e-09
0.000000000000000000e+00
0.000000000000000000e+00
9.972079162423597154e-09
8.681901420004578540e-09
9.343290585661634395e-09
2.182941605255450668e-09
0.000000000000000000e+00
4.755662814659444848e-07
0.000000000000000000e+00
1.319859734394412953e-06
3.287579097843718046e-09
0.000000000000000000e+00
0.000000000000000000e+00
2.544338961740777449e-08
0.000000000000000000e+00
3.442673346398805734e-08
1.110907188461851547e-08
0.000000000000000000e+00
2.230066797892504837e-09
1.432669733958391589e-07
0.000000000000000000e+00
4.038996621602564119e-07
3.237535111111355945e-07
0.000000000000000000e+00
0.000000000000000000e+00
9.410457302294616966e-09
2.903124595832196064e-06
7.809339876985177398e-07
7.252344946806488224e-09
0.000000000000000000e+00
0.000000000000000000e+00
1.339717528026085347e-07
8.619510794005691423e-08
6.080822601006730110e-08
5.155069402462686412e-07
5.857936002939823084e-07
2.676714530025492422e-07
2.098099685099441558e-06
0.000000000000000000e+00
3.280347527834237553e-06
3.179069096859166166e-08
1.095730226552404929e-06
1.689181203801126685e-06
2.219186626462033018e-06
4.150493566612567520e-07
9.937391496350755915e-07
6.855159426777390763e-07
3.930597358703380451e-06
9.844670785241760314e-07
3.048923247206403175e-08
3.958870919973378477e-08
1.908478679979452863e-06
1.189926379652206379e-07
7.098964194263146510e-10
1.033423728813431808e-07
9.096281416987039847e-08
1.114927705714308104e-08
3.331544595752689020e-09
9.770052322721767268e-09
3.034805828860953625e-08
9.281346251555078197e-07
2.584052527510038999e-09
1.225955372774478747e-07
3.177171947754686698e-07
6.900874609527818393e-07
0.000000000000000000e+00
0.000000000000000000e+00
2.835234056419722037e-07
1.517335022072074935e-07
3.547600329056876944e-07
3.265317332079575863e-07
0.000000000000000000e+00
5.134386071858898504e-08
2.432963379372932167e-11
3.262328992018059814e-12
0.000000000000000000e+00
0.000000000000000000e+00
0.000000000000000000e+00
6.606234448369718848e-10
3.625304856313960045e-08
0.000000000000000000e+00
1.110416064653563240e-10
1.623617720269976417e-07
0.000000000000000000e+00
1.963668871951540496e-08
2.667644105613931060e-09
0.000000000000000000e+00
6.103784838673576019e-11
0.000000000000000000e+00
0.000000000000000000e+00
9.934429812119560665e-08
0.000000000000000000e+00
0.000000000000000000e+00
2.141451904691393793e-09
0.000000000000000000e+00
8.353970315511105582e-07
3.784379032367723994e-07
1.059573037309746724e-06
0.000000000000000000e+00
1.534136262471008649e-09
1.906881124114079284e-07
0.000000000000000000e+00
0.000000000000000000e+00
0.000000000000000000e+00
0.000000000000000000e+00
0.000000000000000000e+00
0.000000000000000000e+00
0.000000000000000000e+00
0.000000000000000000e+00
9.019209379346193600e-09
0.000000000000000000e+00
4.661957486717938082e-10
3.786909985592501471e-08
0.000000000000000000e+00
0.000000000000000000e+00
0.000000000000000000e+00
8.834176696836948395e-07
2.033942791968001984e-07
0.000000000000000000e+00
0.000000000000000000e+00
8.907597326412997063e-09
0.000000000000000000e+00
0.000000000000000000e+00
0.000000000000000000e+00
0.000000000000000000e+00
0.000000000000000000e+00
8.964977205039303954e-09
0.000000000000000000e+00
1.311110686685879045e-08
0.000000000000000000e+00
0.000000000000000000e+00
3.653523705793304543e-09
1.138431571234832518e-06
0.000000000000000000e+00
1.196061703012674116e-07
2.368966534049832262e-08
8.539315388134127716e-08
0.000000000000000000e+00
1.467337938265700359e-06
4.002550735293652906e-09
1.461849086226152394e-09
0.000000000000000000e+00
0.000000000000000000e+00
0.000000000000000000e+00
0.000000000000000000e+00
3.567688793282286497e-07
2.627498076890333323e-07
9.718584159656984411e-09
5.835780712004634552e-07
5.248924708212143742e-07
1.050667833624174818e-06
6.635235649810056202e-08
0.000000000000000000e+00
0.000000000000000000e+00
9.611003406462259591e-07
1.151359242612670641e-06
1.354695655209070537e-06
0.000000000000000000e+00
4.150474524067249149e-07
9.171206443170376588e-07
4.232376340951304883e-06
0.000000000000000000e+00
0.000000000000000000e+00
8.564196832594461739e-06
1.293401282964623533e-06
3.334502594043442514e-07
8.586516742070671171e-07
4.990364024792803832e-11
5.501734676727210172e-07
1.104426019082893617e-06
1.437724272967955130e-09
0.000000000000000000e+00
3.794862664108222816e-07
2.732912491865135962e-07
5.871226171905163937e-09
0.000000000000000000e+00
1.606808552878646879e-08
3.320031112252763705e-07
1.892520202773084748e-07
7.880718300157241174e-08
3.626125177902395080e-08
0.000000000000000000e+00
1.110339766796641925e-07
1.873737147661813651e-07
0.000000000000000000e+00
4.707421794591937214e-07
0.000000000000000000e+00
0.000000000000000000e+00
5.595642846856208052e-07
3.842166584888673242e-10
3.835367806459544227e-06
4.289146602332039038e-07
0.000000000000000000e+00
1.756377976391831908e-08
8.490298455399170052e-07
1.556672799551961361e-07
2.667397414057859351e-10
4.339435974998195888e-07
0.000000000000000000e+00
4.288837618382501660e-10
0.000000000000000000e+00
0.000000000000000000e+00
0.000000000000000000e+00
0.000000000000000000e+00
0.000000000000000000e+00
2.880103266988953692e-09
0.000000000000000000e+00
6.650167279076413251e-07
4.789159069318316142e-10
0.000000000000000000e+00
0.000000000000000000e+00
0.000000000000000000e+00
1.497716262122139597e-08
3.255924196921000657e-09
0.000000000000000000e+00
2.301202357557485811e-07
2.221926962420184282e-07
0.000000000000000000e+00
4.469147540930862306e-07
1.977309239009628072e-06
2.424440310733189108e-07
1.400169313825472273e-08
8.589710276396544941e-09
3.465637776756125277e-09
0.000000000000000000e+00
0.000000000000000000e+00
0.000000000000000000e+00
0.000000000000000000e+00
0.000000000000000000e+00
4.222842520107406017e-09
2.254813011859368999e-07
0.000000000000000000e+00
2.568908257671864703e-06
9.956635516061851376e-10
3.443862226504279533e-07
0.000000000000000000e+00
1.412537784517553519e-07
0.000000000000000000e+00
0.000000000000000000e+00
0.000000000000000000e+00
0.000000000000000000e+00
0.000000000000000000e+00
0.000000000000000000e+00
1.658447104091465008e-06
0.000000000000000000e+00
0.000000000000000000e+00
2.333448207991750678e-07
0.000000000000000000e+00
2.261494046251755208e-06
4.262606978500116384e-07
7.460137680936895777e-07
8.319828452840738464e-07
0.000000000000000000e+00
2.979416422022040933e-06
3.104333734516018239e-10
1.077395666015945608e-07
0.000000000000000000e+00
0.000000000000000000e+00
9.736831785289723484e-09
3.904675693888748356e-09
0.000000000000000000e+00
3.696549413234606618e-07
0.000000000000000000e+00
0.000000000000000000e+00
1.591041076665078435e-08
0.000000000000000000e+00
0.000000000000000000e+00
0.000000000000000000e+00
6.357144144431003951e-09
0.000000000000000000e+00
1.054682797985151410e-06
2.996275938471626432e-08
5.754669132329581771e-07
2.216669736654353073e-09
0.000000000000000000e+00
1.706730699879699387e-06
1.765623437677277252e-06
1.147903674336703261e-07
4.132551723046162806e-08
8.068613510658906307e-07
6.709496069845499733e-09
3.759742384090714040e-08
8.426293902630277444e-07
0.000000000000000000e+00
7.730024549346126150e-07
1.214184703712817281e-05
0.000000000000000000e+00
1.088225900502948207e-07
1.313765551458345726e-06
3.445946106239716755e-08
9.222061407854198478e-07
1.357674195290314856e-09
0.000000000000000000e+00
2.686111429284210317e-06
4.058681213336967630e-07
0.000000000000000000e+00
2.174636790641670814e-07
3.867174655169947073e-06
6.086044322728412226e-06
1.179162509856723773e-07
5.695501847924333561e-09
0.000000000000000000e+00
2.776783674107718980e-07
0.000000000000000000e+00
4.605155027093132958e-06
0.000000000000000000e+00
3.911955843705072766e-07
1.735668178071136936e-07
0.000000000000000000e+00
3.199602582881766466e-09
5.859700280552715412e-09
1.061503684951503601e-08
2.750375038829133700e-08
0.000000000000000000e+00
0.000000000000000000e+00
1.708313313031339931e-08
7.963615544781532662e-09
1.321026957157300785e-06
0.000000000000000000e+00
5.583739266512566246e-07
2.148556710324101005e-08
5.815558257182829038e-09
0.000000000000000000e+00
0.000000000000000000e+00
0.000000000000000000e+00
1.225944004090706585e-07
4.529721664425778727e-08
5.959066129435086623e-07
0.000000000000000000e+00
0.000000000000000000e+00
0.000000000000000000e+00
0.000000000000000000e+00
9.835900094401495153e-09
8.986162924884411041e-10
0.000000000000000000e+00
0.000000000000000000e+00
0.000000000000000000e+00
0.000000000000000000e+00
6.715221156916584277e-10
6.081137815527881685e-10
5.593696528194413986e-07
0.000000000000000000e+00
1.488244151914841495e-06
2.307016302438569255e-06
2.302682986510262708e-07
1.948746728430705843e-07
5.296996619108540472e-07
1.029808203156790114e-07
3.731352080649230629e-07
2.622107047045574291e-07
2.517658117540122475e-07
3.461732900333913676e-09
1.877730028354562819e-06
1.887639200504054315e-07
0.000000000000000000e+00
0.000000000000000000e+00
0.000000000000000000e+00
0.000000000000000000e+00
1.009007113972337777e-10
0.000000000000000000e+00
0.000000000000000000e+00
0.000000000000000000e+00
0.000000000000000000e+00
2.068980187175384344e-08
0.000000000000000000e+00
0.000000000000000000e+00
0.000000000000000000e+00
9.359386154983440065e-09
0.000000000000000000e+00
1.093986234934618551e-08
2.452934033669862401e-08
0.000000000000000000e+00
0.000000000000000000e+00
0.000000000000000000e+00
1.980165142967393876e-09
0.000000000000000000e+00
0.000000000000000000e+00
0.000000000000000000e+00
0.000000000000000000e+00
0.000000000000000000e+00
3.405477499995868129e-08
1.669984385443967767e-06
1.210214918501151260e-06
3.965085966228798497e-07
1.791176373444614001e-06
0.000000000000000000e+00
3.631646734447713243e-07
0.000000000000000000e+00
5.237476671027252451e-06
0.000000000000000000e+00
5.406996592682844494e-07
1.727847302390728146e-05
1.235084482686943375e-06
1.082147438324909672e-08
1.911492830686256639e-07
2.595491377377356912e-09
0.000000000000000000e+00
1.020196993550825937e-08
1.656787731008080300e-06
0.000000000000000000e+00
7.457376796082826331e-06
0.000000000000000000e+00
5.477088507177541032e-07
1.696262188488617539e-06
5.525845381271210499e-07
2.670959702300024219e-07
4.085697185018943856e-07
2.355176320634200238e-07
1.747712758515262976e-06
1.140232484431180637e-06
6.005747081871959381e-07
3.030353923350048717e-07
2.061274244624655694e-06
0.000000000000000000e+00
0.000000000000000000e+00
5.359627408552114503e-09
4.038563474750844762e-07
4.106634676759313152e-08
7.760081643937155604e-07
9.561105116517865099e-07
1.744567157402343582e-06
4.516156195677467622e-07
1.777286684045975562e-06
6.103158511905348860e-07
9.645154813719969411e-11
7.696828951964107546e-09
0.000000000000000000e+00
7.302927684804672026e-08
2.154555431843618862e-06
1.483802805068989983e-07
2.053232783794101124e-08
0.000000000000000000e+00
7.900544574113155250e-07
1.372200699734094087e-07
0.000000000000000000e+00
3.109580370974640573e-09
3.030200090847756655e-09
0.000000000000000000e+00
0.000000000000000000e+00
2.107220325342495926e-06
0.000000000000000000e+00
2.830179468560345413e-08
0.000000000000000000e+00
2.490597417192930152e-08
1.848501463008744850e-09
1.548962018205202185e-06
2.667210310391965322e-07
1.322179485896413098e-07
2.539568697557115229e-07
9.034446080136149249e-09
4.678694653925674629e-10
3.234333689761115238e-07
0.000000000000000000e+00
4.237635664594563423e-08
4.260093167118839119e-09
2.523053099778849173e-09
3.256199476719956465e-10
0.000000000000000000e+00
0.000000000000000000e+00
0.000000000000000000e+00
0.000000000000000000e+00
3.069329679306065373e-09
0.000000000000000000e+00
7.935780921286550438e-09
0.000000000000000000e+00
0.000000000000000000e+00
0.000000000000000000e+00
2.823522038397641154e-07
1.382551999995484948e-06
7.248979194685034599e-11
1.319984050951461541e-07
0.000000000000000000e+00
0.000000000000000000e+00
0.000000000000000000e+00
0.000000000000000000e+00
3.388665845704963431e-06
0.000000000000000000e+00
5.114033641007154074e-10
3.257392577893369889e-09
3.229683215977274813e-06
1.018016781983988039e-08
0.000000000000000000e+00
2.511835894836167427e-08
0.000000000000000000e+00
6.365232820826349780e-07
3.199233162831660593e-07
2.534787313379638363e-07
3.755812372219224926e-07
0.000000000000000000e+00
2.787511220958549529e-06
4.409778568970068591e-07
3.776509629460633732e-07
0.000000000000000000e+00
1.421364856923901243e-07
6.347747785184765235e-07
1.118649493037082721e-07
5.520627155419788323e-07
1.175201987280161120e-06
5.067483925813576207e-07
4.905055561721383128e-07
2.402530951961523442e-10
7.176890637339283785e-09
0.000000000000000000e+00
3.552258704075939022e-06
9.633735089664696716e-07
2.639411036398087163e-07
3.235363976727967383e-08
1.074701572179037612e-06
0.000000000000000000e+00
3.542395932143449500e-09
3.607723044751764974e-07
3.863052882024931023e-07
6.657022932898826184e-09
4.199633565349358832e-07
1.608924662832578178e-06
7.305693117132250336e-08
0.000000000000000000e+00
0.000000000000000000e+00
0.000000000000000000e+00
0.000000000000000000e+00
0.000000000000000000e+00
7.134917012763253297e-08
0.000000000000000000e+00
0.000000000000000000e+00
0.000000000000000000e+00
0.000000000000000000e+00
2.511539864968881375e-09
0.000000000000000000e+00
0.000000000000000000e+00
0.000000000000000000e+00
0.000000000000000000e+00
9.721496780912275426e-07
4.948454535025348378e-09
0.000000000000000000e+00
1.134669332714111079e-06
0.000000000000000000e+00
9.746202067617559806e-08
4.844665681957849301e-07
0.000000000000000000e+00
3.048967585073114606e-07
0.000000000000000000e+00
5.661729929329339939e-08
1.414741518601658754e-06
1.406698402206529863e-08
1.452092988074582536e-06
0.000000000000000000e+00
6.683095854498333210e-09
2.697305045984421668e-09
0.000000000000000000e+00
0.000000000000000000e+00
0.000000000000000000e+00
4.216350824037817802e-09
0.000000000000000000e+00
2.013333322281596338e-08
0.000000000000000000e+00
0.000000000000000000e+00
0.000000000000000000e+00
0.000000000000000000e+00
0.000000000000000000e+00
0.000000000000000000e+00
0.000000000000000000e+00
7.219254882784298388e-08
2.694291234561774218e-09
0.000000000000000000e+00
0.000000000000000000e+00
0.000000000000000000e+00
0.000000000000000000e+00
0.000000000000000000e+00
9.994115401923409081e-08
0.000000000000000000e+00
6.429675636354659218e-07
0.000000000000000000e+00
0.000000000000000000e+00
5.583530082731158473e-09
1.412688366286829478e-08
0.000000000000000000e+00
1.732724719261113933e-08
1.498555661783029791e-06
2.197357140687472565e-08
1.210436693099836702e-07
0.000000000000000000e+00
1.718266986472372082e-07
0.000000000000000000e+00
5.960815840921895870e-09
8.264429141036089277e-09
9.117308685802072432e-09
4.919605999020859599e-06
1.430821470194132417e-07
4.816319574274530169e-07
1.219547584696556441e-06
3.215256356270401739e-06
9.549711421641404741e-07
1.660668203840032220e-06
5.170184635971963871e-07
2.250095121780759655e-06
4.385917691251961514e-07
2.073083180675894255e-07
3.855040517919405829e-07
1.258733163922443055e-06
3.135284316613251576e-07
0.000000000000000000e+00
4.723850111076899339e-07
1.323001583841687534e-06
4.172649369138525799e-06
0.000000000000000000e+00
1.140440872404724360e-06
6.301206667558290064e-09
5.350243554858025163e-07
2.188588013041226077e-07
2.293437795231056953e-08
3.199960929123335518e-06
5.683741619577631354e-07
2.818937616666516988e-07
1.893500552796467673e-06
1.374549810861935839e-06
2.109575660824702936e-07
1.296078721679805312e-06
0.000000000000000000e+00
0.000000000000000000e+00
9.733504668929526815e-09
2.169682602470857091e-06
0.000000000000000000e+00
2.532259713916573673e-06
7.871666873882077198e-09
8.319194222394798999e-08
0.000000000000000000e+00
2.474776863437000429e-07
1.712137134290969698e-07
3.817131528194295242e-06
2.030031871769200080e-11
0.000000000000000000e+00
0.000000000000000000e+00
0.000000000000000000e+00
6.417996701202355325e-06
4.299728004752978450e-07
3.235218315467136563e-09
0.000000000000000000e+00
0.000000000000000000e+00
0.000000000000000000e+00
5.254081770544871688e-06
1.068723776143087889e-08
0.000000000000000000e+00
0.000000000000000000e+00
4.429632554092677310e-07
0.000000000000000000e+00
0.000000000000000000e+00
0.000000000000000000e+00
0.000000000000000000e+00
0.000000000000000000e+00
1.150589276632807412e-10
6.531573717438732274e-07
6.593861012760271478e-09
1.237225859540558304e-07
0.000000000000000000e+00
0.000000000000000000e+00
0.000000000000000000e+00
1.442946029328595614e-08
1.893282863818512851e-09
0.000000000000000000e+00
0.000000000000000000e+00
0.000000000000000000e+00
1.730274732381076319e-07
0.000000000000000000e+00
9.011899493316377630e-08
1.939595648536851513e-07
5.574861816626253130e-08
9.123170485736409319e-08
1.465992795601778198e-06
4.898688530374784023e-07
5.707410082322894596e-07
1.235673563471095804e-09
9.514197699900250882e-06
2.341225808777380735e-06
4.528824604221881600e-07
2.195864908571820706e-06
1.368436528537131380e-07
5.930413067289919127e-07
1.401240297127515078e-06
1.831269514696032275e-06
3.062283440158353187e-06
3.629475600064324681e-07
6.102268201857441454e-08
7.806170287949498743e-07
2.049727527264622040e-06
1.310833113166154362e-07
4.055647480072366307e-07
5.820185720040171873e-07
2.636951705881074304e-07
3.861231562041211873e-06
1.061670573676565255e-08
4.695831989920407068e-08
1.181129505312128458e-06
5.874140640571567928e-08
1.695111791377712507e-06
1.607802346370590385e-06
6.342450546981126536e-07
4.003025537713256199e-07
1.422021227881486993e-06
3.386914841030375101e-06
7.788502216499182396e-07
5.614303466572323487e-10
7.872645113593534916e-08
0.000000000000000000e+00
2.778023677763030719e-08
6.457743211285560392e-07
2.006498561968328431e-06
2.007230932576931082e-06
1.686231257735926192e-06
0.000000000000000000e+00
0.000000000000000000e+00
5.884657525712100323e-07
5.476675557503085656e-09
3.583776617688272381e-07
0.000000000000000000e+00
0.000000000000000000e+00
0.000000000000000000e+00
0.000000000000000000e+00
0.000000000000000000e+00
0.000000000000000000e+00
4.525815455735937576e-08
5.143955306152747653e-08
0.000000000000000000e+00
0.000000000000000000e+00
0.000000000000000000e+00
9.522204358347607922e-09
1.980723936867434531e-06
6.287730891507692377e-10
0.000000000000000000e+00
0.000000000000000000e+00
5.360338946047704667e-07
3.982437135618965840e-07
2.016198322962736711e-06
4.697862152625020826e-07
3.532018581609008834e-06
1.314814085162652191e-06
4.039208434392094205e-08
7.437382691932725720e-07
4.069370902470836882e-07
0.000000000000000000e+00
5.012895485378976446e-07
6.427482190929367789e-08
2.255775299886408902e-08
5.666252491209888831e-06
1.014815893540799152e-06
2.551180671162001090e-07
1.120343426919134799e-06
0.000000000000000000e+00
0.000000000000000000e+00
0.000000000000000000e+00
7.666860710742184892e-07
5.772212574584045797e-08
1.940551186407901696e-07
1.599572208021982078e-08
2.607897329198749503e-07
0.000000000000000000e+00
2.845729625278181629e-07
3.464808742137392983e-07
0.000000000000000000e+00
1.914920133572195482e-08
4.167650224928820535e-09
1.220683316205395386e-06
7.828790415942421532e-08
0.000000000000000000e+00
5.297691174632745970e-09
2.393377940279606264e-08
0.000000000000000000e+00
9.728212262416491285e-07
0.000000000000000000e+00
1.451303251087665558e-05
8.218692073569400236e-07
4.683868155552772805e-07
6.392183422576636076e-07
2.430776468997919437e-09
8.950877941060753074e-07
1.948123085071529204e-08
2.130375833075959235e-06
9.788712063141247199e-09
4.730626699256390566e-07
0.000000000000000000e+00
3.170868467350373976e-06
0.000000000000000000e+00
1.583765479873378013e-10
2.224733201480755262e-12
8.961654529571205785e-09
0.000000000000000000e+00
1.034138676914153621e-06
9.773713145477813669e-07
1.530554754936019890e-06
0.000000000000000000e+00
2.221542727554037810e-09
0.000000000000000000e+00
1.771537805339562510e-09
9.655661870056064799e-08
0.000000000000000000e+00
0.000000000000000000e+00
5.211304099361768749e-08
0.000000000000000000e+00
3.863333688514103414e-07
1.264100824016622937e-08
0.000000000000000000e+00
0.000000000000000000e+00
1.661898494376146118e-07
0.000000000000000000e+00
0.000000000000000000e+00
1.703598115909699118e-07
2.026400025556540641e-08
1.682805759628536180e-06
4.950141487825021613e-07
1.820973693611449562e-06
1.643204313950263895e-06
4.408132099342765287e-07
1.401061808792292140e-06
8.762426091379893478e-07
6.080869496827290277e-08
0.000000000000000000e+00
2.855025513781583868e-07
0.000000000000000000e+00
1.268468963644409087e-06
3.553818714863155037e-07
1.201644721504635527e-07
2.740177365012641530e-07
2.929814115759654669e-07
1.809330797186703421e-06
1.271785777134937234e-06
1.678287731010641437e-07
0.000000000000000000e+00
2.723388092817913275e-08
3.341700221426435746e-06
7.143881930460338481e-09
4.735885852369392524e-07
1.047608506610231416e-07
7.335622171922295820e-07
3.440077378513706208e-08
9.755349310580641031e-07
1.247069917553744745e-06
2.110576360792038031e-06
1.470548909310309682e-06
6.312552613962907344e-07
0.000000000000000000e+00
7.819274969733669423e-07
3.085004607328301063e-07
0.000000000000000000e+00
2.724928549469041172e-07
1.747910005178709980e-06
0.000000000000000000e+00
0.000000000000000000e+00
7.939779038679262158e-07
0.000000000000000000e+00
1.004681848826294299e-08
0.000000000000000000e+00
1.090832938643870875e-06
1.762063584465067834e-05
5.894438714904026710e-09
1.814530463661867543e-07
5.823423521178483497e-07
5.318657514408187126e-09
7.860608661758305971e-07
2.512756935857396456e-08
0.000000000000000000e+00
0.000000000000000000e+00
0.000000000000000000e+00
2.243813357338808601e-09
2.637241358627306909e-08
3.826781380666943733e-07
1.165569063488192114e-08
7.180185779276371250e-09
1.006196570507711385e-09
6.325280565988578019e-08
1.331794674541697532e-09
5.129639291112653154e-08
0.000000000000000000e+00
4.864073144261737980e-09
1.455273945794033352e-07
0.000000000000000000e+00
4.434078437753896651e-09
1.449167785771976469e-09
8.645568705389905517e-09
1.923120862556970678e-08
7.650815803117438918e-08
3.007294026247109286e-06
0.000000000000000000e+00
6.179456590871268418e-08
2.993430143760633655e-06
4.765861927324976932e-09
2.035135594269377179e-06
0.000000000000000000e+00
6.323499292193446308e-06
3.023464387297281064e-06
1.082260965290515742e-07
0.000000000000000000e+00
8.514303431184089277e-07
0.000000000000000000e+00
6.889488304295809940e-07
4.327784779434296070e-07
4.160023650001676288e-07
9.108892413678404409e-07
6.163800208014436066e-07
3.064685188292060047e-06
0.000000000000000000e+00
3.067692375680053374e-07
2.257439177810738329e-07
1.128361937219324318e-08
5.222784238867461681e-06
3.292171584234893089e-07
4.540902320826489813e-09
1.030673857371766644e-08
0.000000000000000000e+00
6.325598747025651392e-07
1.426043922947428655e-06
8.607594281784258783e-06
7.922404847704456188e-07
9.122551603013562271e-09
4.772919393047914127e-09
5.287958515509671997e-09
0.000000000000000000e+00
1.122498815675498918e-06
0.000000000000000000e+00
1.596533820702461526e-07
1.732102106188904145e-08
1.497745756751100998e-06
6.097982119257494560e-09
3.307175404643203365e-07
0.000000000000000000e+00
6.797589158225036954e-09
8.450917334812402260e-07
1.861018006366066402e-08
0.000000000000000000e+00
2.829166533047100529e-06
0.000000000000000000e+00
1.064818455631666438e-08
8.090131018434476573e-07
1.393246140679593736e-08
3.364017686635634163e-08
5.263407132360953256e-08
1.313505435973638669e-06
1.602804289291270834e-08
0.000000000000000000e+00
0.000000000000000000e+00
0.000000000000000000e+00
0.000000000000000000e+00
1.337358046527015176e-08
1.011191397282118487e-08
7.297102477821226785e-09
0.000000000000000000e+00
0.000000000000000000e+00
3.334654152808980143e-08
3.929831460247612540e-10
1.694514217831510905e-08
9.566175407371702022e-09
4.967571953784499783e-08
2.706079360592639205e-09
0.000000000000000000e+00
0.000000000000000000e+00
3.515880919735536736e-09
5.036558832216542214e-07
2.277493749147652125e-08
2.902271134530565178e-08
3.940485715503427855e-09
1.898654744536543149e-07
1.288251623432490334e-11
8.307545584784747916e-08
4.092836292102219886e-09
4.553743693236356194e-08
0.000000000000000000e+00
0.000000000000000000e+00
0.000000000000000000e+00
3.974137641193919990e-08
8.495322667556592933e-09
0.000000000000000000e+00
2.757053607638226822e-08
0.000000000000000000e+00
2.326927130980038783e-07
1.708836634861654602e-06
2.508840282189339632e-07
7.233517862914595753e-06
6.307648618530947715e-06
6.033814656802860554e-07
1.900695281165099004e-07
0.000000000000000000e+00
0.000000000000000000e+00
1.630765211757534416e-07
5.382036647461063694e-07
1.462433942833740730e-07
1.470335746489581652e-07
9.776024607888178508e-12
1.934236451006654534e-07
9.057693972636116087e-08
1.011276026474661194e-06
1.611257061995274853e-06
0.000000000000000000e+00
1.161387288561854803e-07
4.912334588880185038e-06
1.785394516673477483e-07
4.145846332903602161e-07
0.000000000000000000e+00
6.261334988266753498e-07
6.075975420571921859e-07
1.093243966465706762e-07
1.571773045050406381e-09
3.213122656831046697e-09
1.511635474571448867e-07
0.000000000000000000e+00
3.317102255095960572e-07
1.880339084436855046e-07
1.406698743267043028e-06
9.955980431186617352e-07
5.191466243559261784e-07
1.769947402863181196e-06
1.636770718960178783e-08
4.600455270065140212e-07
0.000000000000000000e+00
1.623840062414672047e-09
3.599193121317512123e-07
0.000000000000000000e+00
2.137801828894225764e-07
8.960340380781417480e-08
0.000000000000000000e+00
2.342818277156766271e-07
2.778225280053447932e-06
0.000000000000000000e+00
1.893972353173012380e-06
2.421716160938558460e-09
2.556130880293494556e-07
0.000000000000000000e+00
2.704690871269121999e-07
7.819026315303290176e-09
0.000000000000000000e+00
3.044254182071881587e-09
4.441675083288743053e-10
1.273110683541744947e-08
2.680157429324481200e-09
0.000000000000000000e+00
3.767501033369313745e-10
0.000000000000000000e+00
3.093879286097944714e-07
1.762159840268395783e-08
0.000000000000000000e+00
5.509984024598679753e-09
1.257976500745883186e-09
1.819316679529947578e-07
2.868148385459790006e-09
0.000000000000000000e+00
0.000000000000000000e+00
2.899851192506019970e-11
4.113642315672905170e-09
5.993730844977562811e-09
1.995606346838485479e-09
1.371114308312826324e-06
9.385416888108011335e-09
4.692278920970238687e-08
0.000000000000000000e+00
0.000000000000000000e+00
3.531645420551399184e-09
0.000000000000000000e+00
5.167854144616512713e-09
0.000000000000000000e+00
0.000000000000000000e+00
5.227549504382977830e-10
0.000000000000000000e+00
6.675333708017205936e-08
9.862867500487482175e-08
3.936116765856922939e-09
1.074682121071646179e-08
1.500738422421932228e-09
1.749593678823657683e-07
6.152443887685876689e-08
9.327641237177886069e-07
3.201765519378341196e-10
6.503798317680775654e-07
7.760720563965151086e-07
0.000000000000000000e+00
0.000000000000000000e+00
8.726068699616007507e-06
8.419183927799167577e-07
0.000000000000000000e+00
8.358488230442162603e-06
1.322728024888419895e-07
2.066238735665137938e-08
1.953946366484160535e-06
0.000000000000000000e+00
0.000000000000000000e+00
4.829691079066833481e-06
7.362441920122364536e-06
2.259795110148843378e-06
7.487959408081223955e-08
1.794293780221778434e-08
3.639775059127714485e-07
7.998387445695698261e-07
9.128837774596831878e-08
8.979252896779144066e-09
4.177330126253764320e-08
2.582373426207595912e-08
7.589470385482854908e-08
1.052734091899765190e-06
2.365219415878527798e-06
2.258510534147717408e-07
3.458006858636508696e-07
1.390310160331864608e-07
8.978400956038967706e-08
2.861279142507555662e-07
3.643945092335343361e-07
2.327493149323345278e-07
7.385226012956991326e-07
7.609148724441183731e-07
0.000000000000000000e+00
0.000000000000000000e+00
9.471035067321054157e-10
0.000000000000000000e+00
0.000000000000000000e+00
3.195319564497367537e-09
5.037065875512780622e-06
1.504805027252587024e-06
1.139176788456097711e-06
1.356684578013300779e-07
9.836865046963794157e-07
2.100060783050139435e-07
5.718024112866260111e-06
0.000000000000000000e+00
4.523989793892013722e-10
7.664174184185412741e-09
3.620990840502713581e-09
0.000000000000000000e+00
0.000000000000000000e+00
0.000000000000000000e+00
3.291258376947325814e-09
0.000000000000000000e+00
0.000000000000000000e+00
3.051589869684789846e-09
0.000000000000000000e+00
3.526451353152992851e-09
9.693753355577428010e-09
1.976111896340171370e-08
3.052447709706029855e-06
1.022867550659611879e-07
0.000000000000000000e+00
0.000000000000000000e+00
7.351803166244508247e-09
0.000000000000000000e+00
1.486626786117994925e-07
1.561113727177598776e-08
4.835045253059888637e-09
7.846034044689531584e-09
1.939609806100861533e-09
1.102159963295434864e-08
2.761971927611739375e-06
4.309372059196903137e-07
1.640082625264938088e-09
1.008148615255777258e-06
1.844497319325455464e-07
1.905563493664885755e-07
6.469789468610542826e-07
0.000000000000000000e+00
1.586969119671266526e-06
1.453455524824676104e-07
3.731083779712207615e-07
8.660451555897452636e-08
6.035866473297346602e-09
1.288382804887078237e-07
4.263302741946972674e-07
2.427417378214613564e-08
2.708406782403471880e-06
1.276066825539601268e-07
8.978222609812291921e-08
4.809998088717293285e-08
5.177109301257587504e-07
1.876562834013384418e-07
1.447725139769318048e-07
2.233397822237748187e-08
3.576388740711422543e-09
3.307338758418154612e-08
3.505725132413317624e-08
0.000000000000000000e+00
6.589300483028637245e-07
2.933809923888475168e-07
4.584799171425402164e-07
0.000000000000000000e+00
0.000000000000000000e+00
3.632193878999601111e-09
1.687107555881084409e-06
0.000000000000000000e+00
7.458204720478534000e-09
7.192872519823367838e-09
2.098487072998977965e-08
1.219245746142405551e-06
8.022801125662226696e-07
1.031589931699272711e-06
0.000000000000000000e+00
0.000000000000000000e+00
3.694431205403247986e-09
8.892731884202476067e-09
6.265177709963154484e-09
0.000000000000000000e+00
3.367564715972548584e-07
0.000000000000000000e+00
1.657395841903053224e-06
0.000000000000000000e+00
1.366827632409695070e-06
3.625838074228227015e-09
4.804174835726371384e-08
0.000000000000000000e+00
0.000000000000000000e+00
4.350497739835645916e-09
2.395590627202182077e-06
7.209037367061910118e-09
1.605506977364612453e-10
3.112977964292440447e-08
5.954444048938967171e-09
5.056566720895716571e-09
0.000000000000000000e+00
4.914952000945049804e-09
1.059156105043257412e-07
0.000000000000000000e+00
0.000000000000000000e+00
0.000000000000000000e+00
2.403630361413888750e-08
7.718916172905210260e-09
0.000000000000000000e+00
8.656845795762535545e-10
0.000000000000000000e+00
5.416564419213898418e-10
1.125317226069455501e-06
1.392006598877060242e-08
2.247570591862313449e-07
6.079397429914479289e-09
0.000000000000000000e+00
0.000000000000000000e+00
1.179032778964028694e-06
1.010744465901325384e-08
0.000000000000000000e+00
2.195349225075915456e-06
3.505613506149529712e-07
1.243891318836176652e-07
0.000000000000000000e+00
7.319663097860029666e-08
0.000000000000000000e+00
1.697822767710022163e-06
3.822199801106762607e-07
6.447479563576052897e-07
3.587970143215102325e-09
9.029588909470476210e-06
3.892041604558471590e-07
5.389321700022264849e-08
1.429415306120063178e-06
7.154476122650521575e-08
6.609546403524291236e-07
8.787069738502850669e-09
8.475572244037721248e-09
1.702640815892664250e-06
1.621542367047368316e-07
0.000000000000000000e+00
1.057057588127463532e-07
0.000000000000000000e+00
1.436773345631081611e-06
0.000000000000000000e+00
7.134692623367300257e-07
3.557075967108858094e-09
0.000000000000000000e+00
6.217666737029503565e-07
8.658094685642936383e-09
4.181074597653378078e-09
1.493250806561263744e-06
0.000000000000000000e+00
4.646502702598809265e-07
7.069289154060243163e-09
7.147745506586034026e-09
2.297527714745228877e-07
0.000000000000000000e+00
7.861992168400888659e-10
5.892693888398525814e-09
6.763453352931492191e-09
0.000000000000000000e+00
9.892863062077594805e-08
0.000000000000000000e+00
3.492939826266194814e-10
8.066761481018147606e-09
9.943331633621710353e-07
1.014942441202038026e-08
4.776703033115836661e-09
0.000000000000000000e+00
0.000000000000000000e+00
1.368103408339038651e-08
1.364357672173355240e-06
1.474695476844090081e-09
8.885398666835797599e-11
2.494268347419392740e-09
0.000000000000000000e+00
2.102484408794680348e-09
0.000000000000000000e+00
2.409834962691093097e-07
0.000000000000000000e+00
0.000000000000000000e+00
0.000000000000000000e+00
0.000000000000000000e+00
0.000000000000000000e+00
0.000000000000000000e+00
4.465185166058205368e-11
1.875850941246426373e-08
1.405955263322766768e-08
5.065105224133503725e-09
6.241625882807966263e-09
0.000000000000000000e+00
0.000000000000000000e+00
0.000000000000000000e+00
1.777308633599261611e-09
0.000000000000000000e+00
2.897608375462823460e-08
4.400682040994752242e-09
5.139472403214995211e-09
3.961663885831967491e-09
1.147229085063372622e-07
1.329557790086255409e-06
3.755661892590467232e-10
2.142016342077113222e-09
3.985329044553509448e-08
0.000000000000000000e+00
4.171435197264372619e-09
5.435358385597055531e-09
1.722103903922800328e-09
4.924563423713834709e-09
0.000000000000000000e+00
4.094648176078408142e-09
6.022280896189613486e-09
0.000000000000000000e+00
1.945736549657794967e-08
0.000000000000000000e+00
9.322191907301657920e-09
2.963705947323092005e-09
4.322648017307528789e-09
6.810646269173048495e-09
0.000000000000000000e+00
7.676494995223492879e-10
0.000000000000000000e+00
0.000000000000000000e+00
0.000000000000000000e+00
4.453788005065462130e-09
0.000000000000000000e+00
1.676795250205032062e-06
7.926359124610371509e-09
1.708741925732226719e-09
1.112988798346314923e-10
2.792786280014780687e-10
0.000000000000000000e+00
4.516323426351220860e-10
5.138827585682292920e-09
1.722951337157496710e-09
6.061344204333352081e-10
1.402739435718558525e-08
3.890379129956045290e-09
2.079558081291565941e-09
0.000000000000000000e+00
7.209392638429790168e-09
1.022082074086938519e-06
0.000000000000000000e+00
4.189340927496232325e-07
3.850419489026535302e-06
9.394972799725564983e-09
9.565397363076044712e-10
1.239696900690034909e-09
2.223927708655537572e-07
3.992348865722306073e-06
1.668330696702469140e-06
3.137980684186914004e-07
1.124764548876555637e-05
3.277485518538014730e-07
4.457722297956934199e-06
9.864153582839207957e-08
1.846066588484518434e-08
3.903686547346296720e-07
9.187473892779962625e-08
5.309823691845849680e-09
5.165187758393585682e-06
6.684231266262941062e-07
3.148699079247307964e-07
9.556447189140726550e-09
3.020814176579733612e-08
1.274607974721675419e-09
7.414081792944671179e-09
0.000000000000000000e+00
0.000000000000000000e+00
0.000000000000000000e+00
5.841583856636134442e-07
0.000000000000000000e+00
7.129972612318624670e-09
0.000000000000000000e+00
3.228866063409441267e-08
2.278565318647451932e-07
6.035467947640427155e-08
5.282196298139751889e-07
1.390578430182642933e-09
2.236383352283155546e-06
1.889920184794391389e-07
0.000000000000000000e+00
0.000000000000000000e+00
0.000000000000000000e+00
0.000000000000000000e+00
0.000000000000000000e+00
1.172901953339078318e-08
0.000000000000000000e+00
0.000000000000000000e+00
0.000000000000000000e+00
9.615475846658227965e-07
0.000000000000000000e+00
4.752652493777986820e-09
0.000000000000000000e+00
1.758221657155445428e-08
1.023474425210224581e-07
9.626706543031104957e-08
2.658950393197301310e-07
2.640780483176285998e-09
0.000000000000000000e+00
1.242392357880817144e-07
0.000000000000000000e+00
5.992145113431490699e-10
4.042566281725612498e-09
0.000000000000000000e+00
3.710347300511784852e-07
0.000000000000000000e+00
2.065118692370915277e-12
2.114940400588238845e-07
0.000000000000000000e+00
0.000000000000000000e+00
0.000000000000000000e+00
8.250601979398197727e-09
5.490788934636725571e-10
0.000000000000000000e+00
1.748820088742775170e-09
3.437239826098448248e-09
0.000000000000000000e+00
0.000000000000000000e+00
1.462183707445774417e-09
5.220835763708464583e-09
0.000000000000000000e+00
0.000000000000000000e+00
0.000000000000000000e+00
1.123844928230255391e-08
7.150839920200269262e-09
1.448504788337245941e-10
3.705249995711312749e-10
3.593348119057537815e-10
0.000000000000000000e+00
1.184019566835559090e-07
7.216685560251789866e-08
6.715379186061909422e-07
1.262895676923392330e-09
1.260895032828557305e-06
3.875271659126156010e-07
2.385170994045893167e-08
2.923683268818422221e-07
8.596959446549590211e-07
7.955314345053920988e-07
1.810865228435432073e-06
8.796664019428135362e-07
4.518732410474513017e-08
2.372162555275281193e-07
0.000000000000000000e+00
2.808455690228583990e-07
5.853757656382185814e-08
2.913654384428809863e-07
0.000000000000000000e+00
1.810188905437826179e-07
1.887303202607881758e-09
2.510642715947142278e-08
0.000000000000000000e+00
1.439863073215974509e-08
2.266062226752296738e-09
3.151662610889616190e-07
2.296951890912168892e-07
1.644718423676749808e-07
0.000000000000000000e+00
5.631809241180008030e-09
1.538979832460540820e-09
7.241219464049208909e-07
4.997548330720746890e-07
2.813998889905633405e-06
0.000000000000000000e+00
5.279690640236367472e-07
1.046025204232137185e-07
3.905207179855096911e-08
3.850519902925952920e-09
1.054062881422623832e-08
0.000000000000000000e+00
9.130841860383043240e-09
1.603993382559565362e-08
6.531040241952723591e-08
0.000000000000000000e+00
0.000000000000000000e+00
0.000000000000000000e+00
0.000000000000000000e+00
1.095061463729507523e-07
3.721519092891867331e-09
0.000000000000000000e+00
0.000000000000000000e+00
0.000000000000000000e+00
6.822608034084964856e-10
9.464140759973815875e-08
5.978856965072054663e-09
1.564175988733040867e-07
1.347143552266061306e-07
1.664236606302438304e-07
1.229484158926652526e-08
0.000000000000000000e+00
6.534614183095754925e-09
9.283843027674265613e-09
1.212357991775547816e-09
1.331239900537184440e-07
2.257049573017866351e-06
0.000000000000000000e+00
9.357970398582438065e-09
5.911061506935766374e-08
7.283484482201174615e-09
4.347354476408327173e-09
1.784171810292889404e-09
4.115581209163110543e-09
3.786938762573299755e-09
0.000000000000000000e+00
0.000000000000000000e+00
5.990927309795779365e-09
9.045255637829541229e-07
1.408397221069890293e-08
2.256816244994297449e-08
1.493637924454560562e-08
1.975838515022587671e-08
1.171259896182164084e-06
2.088227546437337878e-08
1.627820878091768009e-09
4.443964840561420715e-08
2.733430903845146531e-07
5.077449571899705916e-08
7.787005529280577321e-07
3.987252512160921469e-06
7.948458460305118933e-07
1.756617280079808552e-06
1.205195161446681595e-07
6.752446552127366886e-06
7.030807296359853353e-07
1.633070269235759042e-06
3.077783958360669203e-06
0.000000000000000000e+00
2.281558275640804823e-11
6.230214353308838326e-07
5.401550495776064054e-08
0.000000000000000000e+00
4.894405991606731732e-10
2.375631993345450610e-06
8.714717315838615974e-12
6.646757810813141987e-07
4.426715882743792463e-09
1.194134284787651268e-07
2.174502924390253611e-06
3.614842682964081177e-07
2.413222122132907543e-10
6.974713695484524578e-09
0.000000000000000000e+00
4.481366744357728749e-08
1.679902993600990158e-06
0.000000000000000000e+00
0.000000000000000000e+00
0.000000000000000000e+00
1.138572329750786594e-07
4.041865508952469099e-08
2.647068413352826610e-06
0.000000000000000000e+00
1.137672178685988911e-08
0.000000000000000000e+00
0.000000000000000000e+00
0.000000000000000000e+00
2.835292889358242974e-06
3.070593779241903576e-09
0.000000000000000000e+00
1.340916213621312636e-07
5.075614595284605457e-08
0.000000000000000000e+00
5.606795028256783553e-09
4.999074008082970977e-07
1.336507460258928859e-09
5.737537556171901088e-09
0.000000000000000000e+00
3.215415915747144027e-07
0.000000000000000000e+00
7.665484957897206186e-08
3.187024688600104128e-08
7.077848973580103120e-09
0.000000000000000000e+00
1.694248352723803919e-10
0.000000000000000000e+00
3.458516528720423366e-10
0.000000000000000000e+00
0.000000000000000000e+00
0.000000000000000000e+00
0.000000000000000000e+00
0.000000000000000000e+00
0.000000000000000000e+00
6.243662808991246038e-10
0.000000000000000000e+00
0.000000000000000000e+00
1.725306342237331592e-09
1.939664429073673091e-07
0.000000000000000000e+00
3.230588019320634885e-09
8.270160667400716648e-10
5.929398638748750727e-11
0.000000000000000000e+00
6.129165797119640047e-08
0.000000000000000000e+00
1.325844145583232603e-08
5.142301515159708458e-11
1.513070224667956154e-10
3.402794490625637991e-09
2.503189044933407104e-10
6.666878604733028624e-09
0.000000000000000000e+00
0.000000000000000000e+00
0.000000000000000000e+00
1.200610943996593960e-09
1.220873402374422767e-09
0.000000000000000000e+00
0.000000000000000000e+00
0.000000000000000000e+00
6.262659835165607092e-10
1.402831961705430786e-09
0.000000000000000000e+00
1.514931236012984073e-10
0.000000000000000000e+00
0.000000000000000000e+00
0.000000000000000000e+00
0.000000000000000000e+00
0.000000000000000000e+00
0.000000000000000000e+00
0.000000000000000000e+00
0.000000000000000000e+00
1.976142804949176934e-09
1.562388413089976780e-10
6.234486260581206807e-09
1.561591602694534231e-07
1.502886259885372056e-09
0.000000000000000000e+00
6.185718604001522181e-11
0.000000000000000000e+00
1.663718308009265456e-06
0.000000000000000000e+00
0.000000000000000000e+00
0.000000000000000000e+00
0.000000000000000000e+00
0.000000000000000000e+00
0.000000000000000000e+00
5.132703151389250706e-10
1.684613408770019305e-07
7.159530301947825137e-09
0.000000000000000000e+00
0.000000000000000000e+00
0.000000000000000000e+00
6.333668589597607479e-10
0.000000000000000000e+00
6.775745760023710318e-07
0.000000000000000000e+00
8.087457814553999924e-09
5.159513705166318687e-09
0.000000000000000000e+00
0.000000000000000000e+00
1.106096991776439609e-09
0.000000000000000000e+00
0.000000000000000000e+00
7.566186788210416125e-09
3.911163393155447920e-09
2.010398375551503136e-10
0.000000000000000000e+00
0.000000000000000000e+00
1.164629903627201202e-08
8.994147648877515167e-09
1.465558674418332430e-09
0.000000000000000000e+00
0.000000000000000000e+00
0.000000000000000000e+00
0.000000000000000000e+00
0.000000000000000000e+00
0.000000000000000000e+00
6.525125578749069177e-11
1.703280738674095574e-09
8.416034091851543053e-09
8.980924448565019702e-09
0.000000000000000000e+00
0.000000000000000000e+00
0.000000000000000000e+00
0.000000000000000000e+00
0.000000000000000000e+00
0.000000000000000000e+00
0.000000000000000000e+00
9.502413078621430031e-09
0.000000000000000000e+00
0.000000000000000000e+00
0.000000000000000000e+00
0.000000000000000000e+00
5.607480701996792050e-09
9.350229618343419702e-11
5.247511106198921027e-11
2.308422182295544189e-07
7.874793178652694792e-11
1.463107253130147001e-07
4.713891055274643804e-09
9.960945135389920324e-08
2.564885015488016506e-08
1.289189526687550824e-06
2.413122590638749898e-09
4.688912667916156352e-06
9.067392170436505694e-09
4.761337493164319312e-07
1.002482749590249966e-10
1.286328625837995787e-07
1.213858695336966775e-06
3.272252115493756719e-06
2.654452373462845571e-07
3.793764449255832005e-07
1.653911851917655440e-07
4.311138557255844717e-09
3.832803088243963430e-07
2.398209346665680641e-07
4.079554969393939245e-07
1.045297312249338084e-12
7.481709474177478114e-09
4.356837113306255560e-09
1.390552313296211651e-07
2.167618688708738972e-11
4.175219601165736094e-06
5.804827285516012125e-09
1.140464931381757197e-07
2.649443331392831169e-07
1.500068606219429057e-06
3.059301718622009503e-07
4.993602420455545143e-09
0.000000000000000000e+00
0.000000000000000000e+00
9.283446615881985053e-07
0.000000000000000000e+00
5.073565123581147418e-09
0.000000000000000000e+00
0.000000000000000000e+00
5.366876720813706925e-08
0.000000000000000000e+00
0.000000000000000000e+00
1.682726860963157378e-06
9.353370700182495057e-08
0.000000000000000000e+00
0.000000000000000000e+00
0.000000000000000000e+00
0.000000000000000000e+00
0.000000000000000000e+00
5.610697240143736053e-09
6.320798551229245277e-09
0.000000000000000000e+00
1.490463660047680605e-06
0.000000000000000000e+00
0.000000000000000000e+00
7.507931165662284911e-09
3.893798350418364862e-08
0.000000000000000000e+00
2.109179941811589742e-09
4.587878077444429437e-09
0.000000000000000000e+00
0.000000000000000000e+00
4.198275949107710403e-09
3.573230515030445531e-06
0.000000000000000000e+00
5.616437874778057449e-07
1.331113281821671990e-07
0.000000000000000000e+00
0.000000000000000000e+00
0.000000000000000000e+00
7.165598669978123780e-11
0.000000000000000000e+00
0.000000000000000000e+00
0.000000000000000000e+00
5.696622618067692656e-10
0.000000000000000000e+00
0.000000000000000000e+00
2.545368261053226888e-06
0.000000000000000000e+00
4.864142510996316560e-07
1.228090606986143030e-08
0.000000000000000000e+00
0.000000000000000000e+00
0.000000000000000000e+00
0.000000000000000000e+00
0.000000000000000000e+00
0.000000000000000000e+00
0.000000000000000000e+00
1.508845457465213258e-06
8.490151359730191416e-10
2.176416273869108409e-07
1.487453005211136770e-06
2.605844201752915978e-06
7.339543373063861509e-08
9.372464404577840469e-08
1.145140728908700112e-07
0.000000000000000000e+00
8.560668334212095942e-07
0.000000000000000000e+00
7.761357068147844984e-08
0.000000000000000000e+00
1.252322423539453666e-08
0.000000000000000000e+00
7.188271666791479220e-08
1.211056033234569895e-09
1.869748984972829930e-06
5.024480742576997727e-06
1.822634914105947246e-07
1.311883238486188930e-06
1.427629792161155819e-09
1.274132870321409428e-07
1.711700406303862110e-06
3.326432249650679296e-07
8.440236342721618712e-06
1.020378817884193268e-06
1.181746522860294135e-08
9.479579432536411332e-08
1.696950903351535089e-06
1.900743455962583539e-07
5.894204946343961637e-08
3.840872579985443735e-07
0.000000000000000000e+00
0.000000000000000000e+00
3.759963192351278849e-06
7.816616687250643736e-09
1.859387865899009284e-09
6.247985311347292736e-07
0.000000000000000000e+00
5.404035050560196396e-07
5.755020904274488203e-09
4.400863673481580918e-09
1.259477189208269010e-09
7.431069981578275474e-09
6.438631294791719029e-10
2.754617922651192430e-10
0.000000000000000000e+00
3.523278613304370310e-10
1.589137044177846292e-09
3.999298225920711047e-09
0.000000000000000000e+00
5.504596778393988643e-09
2.015747464778616660e-11
1.141538641391548481e-09
6.247306032491906080e-07
7.056596018628624734e-07
3.269266102279289044e-08
0.000000000000000000e+00
0.000000000000000000e+00
4.301926139760325896e-07
1.495192858413929571e-09
1.211415745494548446e-09
3.692127492627150787e-08
1.589644540445078746e-07
1.465514742449158803e-06
0.000000000000000000e+00
2.719139580165119696e-09
0.000000000000000000e+00
8.640760884581766277e-10
0.000000000000000000e+00
0.000000000000000000e+00
4.913358053748595466e-10
2.739859450429094068e-10
0.000000000000000000e+00
0.000000000000000000e+00
2.452097636052030794e-09
7.576915483920032557e-11
4.714063805977275479e-09
1.221362316838892070e-10
0.000000000000000000e+00
3.715176832841393662e-09
5.046874917979948805e-09
2.912445618008518977e-09
0.000000000000000000e+00
5.103589217902992914e-10
3.887822355719272593e-11
0.000000000000000000e+00
0.000000000000000000e+00
0.000000000000000000e+00
8.765076664474236168e-09
7.261244494571883479e-09
0.000000000000000000e+00
0.000000000000000000e+00
3.678740645440825574e-09
6.029562182874315113e-09
7.616516199959733058e-07
6.347694370134604469e-09
6.445953548706029324e-09
0.000000000000000000e+00
3.416516375365219460e-11
0.000000000000000000e+00
1.302732255403782347e-09
0.000000000000000000e+00
0.000000000000000000e+00
0.000000000000000000e+00
0.000000000000000000e+00
9.682699086965840252e-09
4.850753576590705052e-09
0.000000000000000000e+00
7.385299038986659070e-09
7.370852261878724221e-10
7.740787566490325844e-08
0.000000000000000000e+00
0.000000000000000000e+00
4.799079533768235706e-07
7.355777853490508278e-08
6.214264089976495598e-07
3.245324720069220348e-08
0.000000000000000000e+00
7.287096082109201234e-08
1.524928516793977451e-09
5.605401838693069294e-06
9.330501171689320472e-08
1.294782805416616611e-06
1.508993932475277688e-06
2.816826054186094552e-06
0.000000000000000000e+00
1.258431097994616721e-06
2.656470243778130680e-08
1.473183175448866677e-07
7.078035224594714236e-08
1.099182782127172686e-06
1.037997154895720087e-08
6.770655431864724960e-07
1.230703219334827736e-07
5.487010668048242223e-08
5.059762608894402547e-10
1.717592454042460304e-06
1.293997513585054548e-07
6.910914152058467153e-08
2.615319072418742508e-09
5.894326591260323767e-07
1.690328055303780275e-08
1.708152785884209379e-10
1.738200872125617025e-08
3.541093113179627494e-11
1.689005699745393940e-07
0.000000000000000000e+00
8.412808938373927958e-08
0.000000000000000000e+00
0.000000000000000000e+00
0.000000000000000000e+00
0.000000000000000000e+00
2.542325319154770114e-07
3.282810134841440686e-11
2.751281691359963588e-08
1.204777362318054656e-07
0.000000000000000000e+00
0.000000000000000000e+00
0.000000000000000000e+00
0.000000000000000000e+00
0.000000000000000000e+00
0.000000000000000000e+00
2.183700109625874575e-09
0.000000000000000000e+00
8.790515693135603215e-08
1.874019384118241760e-09
2.140405719330829015e-08
0.000000000000000000e+00
0.000000000000000000e+00
0.000000000000000000e+00
1.373756308709062068e-08
9.356929098203181638e-08
3.588707997437268205e-09
0.000000000000000000e+00
0.000000000000000000e+00
0.000000000000000000e+00
2.478625305002424284e-09
0.000000000000000000e+00
0.000000000000000000e+00
1.776546980636339867e-07
5.177985684667874011e-08
0.000000000000000000e+00
1.417389400293345147e-10
4.747059634269135131e-08
1.203834543161974580e-08
1.580222708241763030e-08
5.202011266192130279e-07
1.151483974837219648e-08
3.046329084099852480e-06
5.963712368384221918e-08
3.073474985626489797e-08
9.918894150473533955e-09
7.377865784974346752e-08
1.102326478985560243e-07
6.505528116207415223e-09
0.000000000000000000e+00
0.000000000000000000e+00
1.526729761280876119e-06
0.000000000000000000e+00
1.392404328726115637e-06
2.245007735268700344e-08
1.800030076992698014e-06
0.000000000000000000e+00
6.027386922902167044e-11
3.705894471295323456e-07
2.911485630363586097e-08
1.739227606378790369e-08
8.502495374429486219e-10
0.000000000000000000e+00
6.557447029820195894e-09
2.647209953465790022e-07
1.490177048424357054e-08
1.523751166132569779e-06
5.056356258137384430e-07
7.273145627428867499e-12
1.039728772411763202e-06
2.325078263254454214e-08
1.205380272040201817e-06
0.000000000000000000e+00
0.000000000000000000e+00
7.340864982552375295e-08
2.464296475213068049e-11
8.292672504239817499e-08
0.000000000000000000e+00
6.723560659338545520e-07
0.000000000000000000e+00
3.997131514665852592e-09
0.000000000000000000e+00
0.000000000000000000e+00
2.383389841043026536e-07
0.000000000000000000e+00
0.000000000000000000e+00
0.000000000000000000e+00
0.000000000000000000e+00
0.000000000000000000e+00
0.000000000000000000e+00
0.000000000000000000e+00
3.004595239275431595e-09
4.498608632275136188e-07
0.000000000000000000e+00
0.000000000000000000e+00
0.000000000000000000e+00
0.000000000000000000e+00
0.000000000000000000e+00
0.000000000000000000e+00
0.000000000000000000e+00
0.000000000000000000e+00
2.773544727219245942e-09
0.000000000000000000e+00
0.000000000000000000e+00
0.000000000000000000e+00
0.000000000000000000e+00
0.000000000000000000e+00
0.000000000000000000e+00
0.000000000000000000e+00
0.000000000000000000e+00
1.196047372253872254e-09
3.201035880806557543e-08
7.376608834874787135e-08
5.396449065386832444e-09
4.378529094850591719e-09
6.365070248648407869e-09
0.000000000000000000e+00
0.000000000000000000e+00
1.993725184945560613e-09
3.255273952618153999e-07
0.000000000000000000e+00
0.000000000000000000e+00
3.430490336242542071e-09
1.179645778393023647e-06
2.832117873552419951e-09
0.000000000000000000e+00
3.734985210002150779e-09
3.731871256462682140e-09
1.446194204390849336e-07
0.000000000000000000e+00
4.752653270934104057e-10
0.000000000000000000e+00
0.000000000000000000e+00
0.000000000000000000e+00
0.000000000000000000e+00
0.000000000000000000e+00
0.000000000000000000e+00
0.000000000000000000e+00
0.000000000000000000e+00
0.000000000000000000e+00
0.000000000000000000e+00
0.000000000000000000e+00
5.877097475348591615e-09
9.339189838142303302e-11
0.000000000000000000e+00
1.006984646778619208e-07
7.651679290177071380e-09
0.000000000000000000e+00
2.785183596643037163e-06
0.000000000000000000e+00
0.000000000000000000e+00
4.798872410560761637e-09
0.000000000000000000e+00
0.000000000000000000e+00
1.250787251549922985e-10
5.409820147406207980e-09
0.000000000000000000e+00
9.234024211934865889e-09
0.000000000000000000e+00
0.000000000000000000e+00
0.000000000000000000e+00
6.765141336018132279e-09
3.408398896453945781e-09
0.000000000000000000e+00
0.000000000000000000e+00
0.000000000000000000e+00
7.226219067568706578e-10
7.057477380278953660e-10
9.018936708571345662e-10
1.285731798805755943e-10
5.224172205942068103e-09
5.772862188280214468e-09
0.000000000000000000e+00
0.000000000000000000e+00
2.858089942492370028e-07
4.402103513712063432e-06
1.828234896805724929e-09
4.753937048462830717e-07
0.000000000000000000e+00
2.057834933566482505e-07
1.855423533925204538e-06
0.000000000000000000e+00
2.940120680250402074e-07
0.000000000000000000e+00
7.091139764270337764e-07
2.830737599879284971e-08
0.000000000000000000e+00
7.360024767422146397e-08
2.601921664791007061e-07
0.000000000000000000e+00
8.102592374825690058e-09
0.000000000000000000e+00
4.556846420200599823e-07
0.000000000000000000e+00
4.978282390766253229e-07
2.779542285225033993e-07
6.107232820795616135e-06
0.000000000000000000e+00
5.728704763896530494e-07
0.000000000000000000e+00
0.000000000000000000e+00
0.000000000000000000e+00
1.731536031002178788e-06
0.000000000000000000e+00
0.000000000000000000e+00
0.000000000000000000e+00
0.000000000000000000e+00
0.000000000000000000e+00
0.000000000000000000e+00
0.000000000000000000e+00
0.000000000000000000e+00
2.538878440816461080e-09
3.223958700004914135e-08
0.000000000000000000e+00
0.000000000000000000e+00
0.000000000000000000e+00
0.000000000000000000e+00
0.000000000000000000e+00
0.000000000000000000e+00
4.431438827001699110e-10
1.687850859077855148e-09
0.000000000000000000e+00
0.000000000000000000e+00
9.318968636762292590e-07
8.349471336543956568e-09
1.518846829640096985e-06
1.241516400796172093e-08
3.105189705365773989e-07
3.861382769088095301e-09
0.000000000000000000e+00
0.000000000000000000e+00
0.000000000000000000e+00
1.756792933349515806e-08
0.000000000000000000e+00
0.000000000000000000e+00
5.767743687101756223e-07
1.286412185663721175e-07
8.282244223778434389e-09
0.000000000000000000e+00
2.956207012516642862e-08
1.108812419658988802e-08
2.192795722777418632e-09
0.000000000000000000e+00
4.970728273434588118e-09
7.694058723473062855e-09
3.922723035287845050e-09
0.000000000000000000e+00
0.000000000000000000e+00
0.000000000000000000e+00
0.000000000000000000e+00
9.050607374661012727e-09
0.000000000000000000e+00
0.000000000000000000e+00
0.000000000000000000e+00
0.000000000000000000e+00
0.000000000000000000e+00
0.000000000000000000e+00
0.000000000000000000e+00
7.949386149341819419e-10
0.000000000000000000e+00
0.000000000000000000e+00
0.000000000000000000e+00
0.000000000000000000e+00
0.000000000000000000e+00
0.000000000000000000e+00
0.000000000000000000e+00
0.000000000000000000e+00
0.000000000000000000e+00
0.000000000000000000e+00
0.000000000000000000e+00
0.000000000000000000e+00
0.000000000000000000e+00
0.000000000000000000e+00
1.481979552409029566e-07
4.028744626793923089e-07
4.147446475144533906e-08
1.868680499228503322e-08
5.832071678923966829e-07
6.305094188974180724e-07
1.934730375907633970e-09
4.496244514484715182e-07
0.000000000000000000e+00
1.792037323866679799e-06
0.000000000000000000e+00
3.694596018011253591e-11
1.891238277096363163e-09
4.674125477777124615e-07
3.093648786034464138e-07
0.000000000000000000e+00
0.000000000000000000e+00
5.430685900975618097e-10
2.067293507934664376e-06
2.269447804792434908e-06
0.000000000000000000e+00
9.771700604233046761e-08
2.628683581917812262e-08
8.248186986747896299e-07
0.000000000000000000e+00
0.000000000000000000e+00
1.787355046189986751e-07
1.735698589300227468e-07
5.237974392002797686e-07
0.000000000000000000e+00
5.387891022223811888e-09
0.000000000000000000e+00
1.468058940190530848e-06
0.000000000000000000e+00
3.641222434680457809e-08
1.902736016745620873e-06
2.525158748767353245e-08
4.287269206315613701e-09
0.000000000000000000e+00
0.000000000000000000e+00
2.171436541686944111e-08
0.000000000000000000e+00
7.295025916675967892e-09
0.000000000000000000e+00
0.000000000000000000e+00
8.391327099843692849e-08
4.699435979249599882e-11
0.000000000000000000e+00
2.361054640687143547e-08
0.000000000000000000e+00
0.000000000000000000e+00
5.241917619969171938e-07
3.829647994280094281e-07
3.833463324554031715e-09
1.002396055049814549e-09
0.000000000000000000e+00
0.000000000000000000e+00
2.426363110430429515e-09
0.000000000000000000e+00
0.000000000000000000e+00
1.029221934345514455e-07
4.364351990915338320e-09
1.377201073182732216e-07
4.291911825937688718e-10
4.882754645052500564e-09
9.666691058729526276e-11
0.000000000000000000e+00
1.070176725015414831e-09
0.000000000000000000e+00
0.000000000000000000e+00
0.000000000000000000e+00
0.000000000000000000e+00
0.000000000000000000e+00
0.000000000000000000e+00
0.000000000000000000e+00
9.082320832909385189e-12
4.421513377650398979e-09
0.000000000000000000e+00
0.000000000000000000e+00
4.127895358863042929e-09
7.592561024338806419e-10
0.000000000000000000e+00
0.000000000000000000e+00
0.000000000000000000e+00
1.509946514488547109e-07
0.000000000000000000e+00
0.000000000000000000e+00
0.000000000000000000e+00
0.000000000000000000e+00
0.000000000000000000e+00
1.604832277735113166e-06
4.971175138201999744e-10
1.247818545380141586e-06
9.166363668100530049e-09
0.000000000000000000e+00
4.253027441336598713e-08
8.140211775753414258e-07
0.000000000000000000e+00
1.413080894963059109e-06
6.085966219870897476e-07
5.652202972328268515e-08
0.000000000000000000e+00
8.636674664330712403e-08
2.395791227627341868e-07
1.086485895029909443e-06
2.243954213554388843e-07
6.060194124302142882e-08
1.982022990176801613e-09
0.000000000000000000e+00
4.712430552444857312e-07
0.000000000000000000e+00
2.458413916883728234e-07
6.587625445142464287e-10
9.527525435260031372e-09
0.000000000000000000e+00
0.000000000000000000e+00
0.000000000000000000e+00
0.000000000000000000e+00
0.000000000000000000e+00
0.000000000000000000e+00
0.000000000000000000e+00
0.000000000000000000e+00
0.000000000000000000e+00
0.000000000000000000e+00
0.000000000000000000e+00
0.000000000000000000e+00
0.000000000000000000e+00
0.000000000000000000e+00
0.000000000000000000e+00
0.000000000000000000e+00
7.344453365476510953e-07
5.164914052002700373e-10
8.782513418736925814e-07
2.489620101187028922e-07
2.670861931619583629e-07
1.354564005850988906e-06
2.377775976114548939e-09
0.000000000000000000e+00
0.000000000000000000e+00
0.000000000000000000e+00
9.258804833933709233e-10
0.000000000000000000e+00
0.000000000000000000e+00
0.000000000000000000e+00
1.980238195642414212e-10
0.000000000000000000e+00
0.000000000000000000e+00
6.843384170451827231e-08
0.000000000000000000e+00
0.000000000000000000e+00
0.000000000000000000e+00
0.000000000000000000e+00
0.000000000000000000e+00
0.000000000000000000e+00
0.000000000000000000e+00
1.154895956645418664e-09
3.715894036915301513e-09
0.000000000000000000e+00
0.000000000000000000e+00
2.899417251428504372e-12
0.000000000000000000e+00
0.000000000000000000e+00
0.000000000000000000e+00
2.706471775582031114e-07
0.000000000000000000e+00
1.775541704773786478e-07
0.000000000000000000e+00
0.000000000000000000e+00
2.208337956943751124e-09
0.000000000000000000e+00
0.000000000000000000e+00
0.000000000000000000e+00
0.000000000000000000e+00
1.517356129632219108e-09
8.121209815747931771e-10
0.000000000000000000e+00
0.000000000000000000e+00
4.535989717169286450e-08
0.000000000000000000e+00
0.000000000000000000e+00
0.000000000000000000e+00
6.018059366397210397e-07
0.000000000000000000e+00
0.000000000000000000e+00
1.022055926114262547e-06
2.012386630667606369e-07
2.078147360862203641e-07
0.000000000000000000e+00
8.346044069185154513e-07
1.020890465497359401e-07
5.993784384372702334e-07
3.989303820617351448e-07
3.544057562976377085e-06
1.754994855218683369e-06
4.476603692182834493e-07
5.774133569502737373e-06
2.275269110896260827e-07
9.245160867976665031e-07
1.806405580673242639e-09
1.038054975310842565e-07
0.000000000000000000e+00
8.475404911223449744e-08
1.734301768863133475e-08
0.000000000000000000e+00
9.289049671679094899e-07
9.356249108805059223e-08
5.329104713069909849e-09
8.113676841503547621e-09
0.000000000000000000e+00
0.000000000000000000e+00
1.126603965673211860e-08
0.000000000000000000e+00
1.386507975098538736e-08
1.130238047153397929e-06
4.792777872353326529e-07
1.683443784372684604e-08
1.143141119541724038e-07
1.646659031351305202e-09
6.908252458970309817e-08
0.000000000000000000e+00
0.000000000000000000e+00
1.294241087634873111e-06
5.498907440504297028e-10
6.277424413614340892e-11
0.000000000000000000e+00
0.000000000000000000e+00
3.409229293538373895e-06
0.000000000000000000e+00
7.130807944122352637e-09
8.384883898315820261e-09
5.820315323035174515e-07
8.490328440302619128e-08
0.000000000000000000e+00
1.269642382339952746e-07
5.567692440422433720e-08
5.009566393709974363e-06
1.898855202853155788e-06
7.151428604856846505e-08
3.188020400557434186e-06
3.027143691269884584e-07
3.501821481677325210e-07
4.399892929995985469e-07
6.367635592141596135e-07
0.000000000000000000e+00
1.224578340952575672e-07
8.036561780500051100e-07
2.675069943336438882e-09
1.487730969529366121e-07
1.120662091125268489e-06
0.000000000000000000e+00
9.469207640222521150e-09
6.404727059816650581e-08
4.965146445101709105e-07
1.412942651768389624e-06
2.854084613090890343e-08
1.094271451229644754e-09
4.350031446165303350e-09
7.359294045272690710e-07
0.000000000000000000e+00
0.000000000000000000e+00
6.150603582000258029e-08
3.874955822880110645e-08
0.000000000000000000e+00
8.863685785343022872e-09
1.549558305669052061e-06
3.844900220428826287e-08
0.000000000000000000e+00
0.000000000000000000e+00
3.620505839574406082e-10
0.000000000000000000e+00
5.772126243641650944e-08
0.000000000000000000e+00
0.000000000000000000e+00
0.000000000000000000e+00
0.000000000000000000e+00
0.000000000000000000e+00
0.000000000000000000e+00
0.000000000000000000e+00
0.000000000000000000e+00
6.312311029432748910e-07
0.000000000000000000e+00
1.506249347471566580e-08
4.102890527324376535e-10
0.000000000000000000e+00
6.264668228617154000e-10
9.706381476348724391e-09
0.000000000000000000e+00
7.578136794299250578e-13
1.391428270380856702e-07
4.158826338862553484e-10
0.000000000000000000e+00
0.000000000000000000e+00
0.000000000000000000e+00
7.082932906854466637e-09
0.000000000000000000e+00
0.000000000000000000e+00
0.000000000000000000e+00
6.173312416812848369e-10
5.589585239107464076e-09
1.630010015851723892e-11
8.227157843876398147e-10
0.000000000000000000e+00
3.249244571179588092e-07
6.163702437333995476e-09
3.533846211212221533e-07
2.871705646612099372e-06
1.375100424638731056e-07
0.000000000000000000e+00
0.000000000000000000e+00
0.000000000000000000e+00
8.095033194877032656e-07
0.000000000000000000e+00
0.000000000000000000e+00
6.687765221613517497e-07
1.531709358459920622e-06
1.666436332925513852e-06
4.323232758451922564e-07
6.685766607006371487e-09
2.066215756713063456e-06
9.456879723757083411e-08
0.000000000000000000e+00
0.000000000000000000e+00
0.000000000000000000e+00
1.135952857111988124e-06
1.265304490516427904e-06
1.786268910564103862e-08
4.923304572912456933e-07
3.065204055019421503e-07
4.151681309849664103e-08
0.000000000000000000e+00
0.000000000000000000e+00
0.000000000000000000e+00
8.340129653561234591e-08
3.180905849831106025e-08
0.000000000000000000e+00
0.000000000000000000e+00
6.044357974133163225e-07
0.000000000000000000e+00
4.927221652906155214e-08
2.510323611204512417e-07
0.000000000000000000e+00
0.000000000000000000e+00
0.000000000000000000e+00
0.000000000000000000e+00
0.000000000000000000e+00
0.000000000000000000e+00
0.000000000000000000e+00
0.000000000000000000e+00
0.000000000000000000e+00
0.000000000000000000e+00
0.000000000000000000e+00
0.000000000000000000e+00
0.000000000000000000e+00
8.759012359860207653e-08
0.000000000000000000e+00
0.000000000000000000e+00
0.000000000000000000e+00
2.659182429809447967e-09
0.000000000000000000e+00
0.000000000000000000e+00
2.849985358821527370e-09
0.000000000000000000e+00
4.744997568195685744e-07
0.000000000000000000e+00
0.000000000000000000e+00
2.584834746244268899e-08
2.060552972693585616e-08
0.000000000000000000e+00
2.501869156290581486e-09
1.426111339242197573e-06
0.000000000000000000e+00
0.000000000000000000e+00
4.657379122363636270e-07
0.000000000000000000e+00
0.000000000000000000e+00
6.029134969054439352e-09
0.000000000000000000e+00
0.000000000000000000e+00
9.068089390495970292e-09
0.000000000000000000e+00
0.000000000000000000e+00
0.000000000000000000e+00
1.966361101723990146e-10
0.000000000000000000e+00
0.000000000000000000e+00
0.000000000000000000e+00
0.000000000000000000e+00
0.000000000000000000e+00
1.305476189372711815e-06
0.000000000000000000e+00
0.000000000000000000e+00
3.549456195628408750e-08
3.510879878376726992e-06
6.255535200949680075e-09
0.000000000000000000e+00
2.648394570314849261e-07
3.122283658285596175e-07
5.847783199897094164e-07
1.646048630732366291e-08
7.451644989941996755e-08
4.819299306291213725e-07
0.000000000000000000e+00
1.521276317362207919e-06
2.182782452564424602e-07
0.000000000000000000e+00
4.116148488719773013e-07
1.842128881435201038e-06
1.234364845004165545e-06
3.691303334107942646e-07
1.438578181023331126e-07
0.000000000000000000e+00
1.055305602903899853e-07
0.000000000000000000e+00
5.190883598515938502e-07
0.000000000000000000e+00
9.706774051210231846e-08
0.000000000000000000e+00
0.000000000000000000e+00
2.717094957915833220e-06
0.000000000000000000e+00
0.000000000000000000e+00
4.365419044916052371e-06
6.314386347128220223e-09
4.517556051464310940e-10
0.000000000000000000e+00
5.746233568970637862e-07
0.000000000000000000e+00
4.034917289175155020e-09
4.601958369931935522e-09
8.814635688025873606e-10
8.811568932287627831e-07
0.000000000000000000e+00
0.000000000000000000e+00
0.000000000000000000e+00
1.117342107725960432e-09
2.594728432114834504e-09
0.000000000000000000e+00
2.158048459932615515e-07
6.657717932512241532e-09
1.426202445031776733e-08
0.000000000000000000e+00
0.000000000000000000e+00
0.000000000000000000e+00
0.000000000000000000e+00
0.000000000000000000e+00
0.000000000000000000e+00
0.000000000000000000e+00
0.000000000000000000e+00
1.704519014822380996e-08
0.000000000000000000e+00
0.000000000000000000e+00
1.324697418425557771e-08
1.025653446617980080e-07
1.184973924539534096e-10
0.000000000000000000e+00
1.535517490935944807e-08
0.000000000000000000e+00
0.000000000000000000e+00
0.000000000000000000e+00
3.978409601756993652e-09
2.672742027698404854e-10
0.000000000000000000e+00
0.000000000000000000e+00
7.971899584902075730e-09
9.492582719872189045e-09
0.000000000000000000e+00
3.760355138382465157e-09
0.000000000000000000e+00
0.000000000000000000e+00
2.158210277158900681e-09
9.627895281028031604e-08
6.737165686443447044e-11
0.000000000000000000e+00
0.000000000000000000e+00
0.000000000000000000e+00
0.000000000000000000e+00
0.000000000000000000e+00
0.000000000000000000e+00
0.000000000000000000e+00
0.000000000000000000e+00
7.032816551344467371e-09
0.000000000000000000e+00
0.000000000000000000e+00
6.508220629086736153e-10
0.000000000000000000e+00
0.000000000000000000e+00
0.000000000000000000e+00
6.186832024468458258e-07
1.024477910505083855e-06
3.808355018009024207e-07
1.609415676284697838e-07
8.152712211995094549e-07
8.094411327874695417e-07
9.140413936847835430e-08
8.751348445912299212e-08
8.018272268373038969e-09
4.828516466659493744e-07
1.772444647940574214e-06
5.248546841585266520e-08
9.632439912365953205e-08
1.920315753523027524e-06
2.950169573523453437e-06
0.000000000000000000e+00
0.000000000000000000e+00
4.714137560313247377e-07
1.435248897507790389e-08
0.000000000000000000e+00
8.284528263402535231e-08
4.076300896826978715e-08
7.420923964218673063e-08
1.891722334335099731e-08
9.914175791436719010e-08
0.000000000000000000e+00
1.063158038050460164e-06
7.070795504660054576e-07
0.000000000000000000e+00
9.058027217179187573e-09
0.000000000000000000e+00
0.000000000000000000e+00
9.325947871730022598e-07
0.000000000000000000e+00
1.577835064381361008e-06
0.000000000000000000e+00
1.752052867232123390e-07
1.678036459784593148e-10
5.545337966594843238e-09
1.448841402407197165e-07
0.000000000000000000e+00
6.769387823624128941e-07
0.000000000000000000e+00
1.230605728430589352e-09
0.000000000000000000e+00
1.859389016090062796e-07
0.000000000000000000e+00
0.000000000000000000e+00
0.000000000000000000e+00
5.187429374942098548e-10
2.693801084974190019e-11
0.000000000000000000e+00
0.000000000000000000e+00
0.000000000000000000e+00
1.701293272926562850e-10
1.215999390069555375e-08
0.000000000000000000e+00
0.000000000000000000e+00
0.000000000000000000e+00
0.000000000000000000e+00
0.000000000000000000e+00
0.000000000000000000e+00
0.000000000000000000e+00
0.000000000000000000e+00
0.000000000000000000e+00
0.000000000000000000e+00
0.000000000000000000e+00
0.000000000000000000e+00
9.094781816543218156e-09
6.809589003786697958e-10
0.000000000000000000e+00
0.000000000000000000e+00
2.520348818535467217e-09
0.000000000000000000e+00
0.000000000000000000e+00
5.247195531410397962e-07
0.000000000000000000e+00
0.000000000000000000e+00
0.000000000000000000e+00
5.496197275078884559e-09
0.000000000000000000e+00
1.151920572817211053e-10
0.000000000000000000e+00
4.668560791287745815e-07
0.000000000000000000e+00
0.000000000000000000e+00
0.000000000000000000e+00
0.000000000000000000e+00
0.000000000000000000e+00
6.158730747607421563e-10
0.000000000000000000e+00
0.000000000000000000e+00
8.626221870144945569e-08
0.000000000000000000e+00
5.927482060741340320e-09
0.000000000000000000e+00
0.000000000000000000e+00
0.000000000000000000e+00
1.340828448270769968e-09
0.000000000000000000e+00
0.000000000000000000e+00
0.000000000000000000e+00
6.614743863764260823e-09
0.000000000000000000e+00
0.000000000000000000e+00
0.000000000000000000e+00
0.000000000000000000e+00
0.000000000000000000e+00
0.000000000000000000e+00
1.768063029317090695e-09
3.217268895738811807e-09
0.000000000000000000e+00
4.625123894985705419e-10
0.000000000000000000e+00
0.000000000000000000e+00
1.042738229095618863e-09
1.232370294701468083e-08
1.626692114342631612e-10
0.000000000000000000e+00
0.000000000000000000e+00
3.867438813642820605e-09
1.275810707079827466e-10
0.000000000000000000e+00
0.000000000000000000e+00
3.084714535361854360e-06
5.622366721497185083e-12
0.000000000000000000e+00
1.819675077285864973e-09
0.000000000000000000e+00
1.063261970557505265e-05
1.220279841618321370e-06
0.000000000000000000e+00
1.678166050567142520e-08
1.128848481357636047e-08
5.186433895687514450e-07
8.520482879248447716e-07
2.059400827647550614e-07
7.095331966411322355e-08
3.561843868737923913e-07
6.465417641265958082e-07
0.000000000000000000e+00
5.487221415023668669e-07
0.000000000000000000e+00
5.985061193314322736e-07
0.000000000000000000e+00
7.077340491434824798e-09
1.087161649593326729e-06
5.143835437593224924e-07
2.013067756934106001e-08
4.676255230151582509e-06
1.690408311105784378e-07
1.282434283211841830e-07
8.450847133190109162e-09
0.000000000000000000e+00
0.000000000000000000e+00
3.346721086927573197e-07
1.815559436124658532e-08
1.447423958467197735e-09
0.000000000000000000e+00
0.000000000000000000e+00
8.791186445478160749e-09
9.892097523334086873e-07
2.362265938415930577e-09
0.000000000000000000e+00
2.657079889445412846e-08
0.000000000000000000e+00
0.000000000000000000e+00
0.000000000000000000e+00
4.873714765096792689e-09
0.000000000000000000e+00
1.288249791286943946e-07
1.186315117251979245e-07
2.187503866935003316e-07
1.878720183867699234e-07
0.000000000000000000e+00
0.000000000000000000e+00
0.000000000000000000e+00
4.234700590188822389e-09
0.000000000000000000e+00
3.289690084784524515e-06
1.566207441516809240e-10
0.000000000000000000e+00
9.308132042917804938e-09
3.761822995329566766e-07
9.831833125417688279e-08
5.049839302273539943e-08
0.000000000000000000e+00
0.000000000000000000e+00
0.000000000000000000e+00
4.747305659691392066e-09
9.976447472581639886e-07
1.446744022359780502e-07
6.310675644272123463e-07
9.122187380472546181e-12
1.958531129275797866e-06
9.093282571370764344e-09
0.000000000000000000e+00
2.370845066934634815e-07
2.520736153144298441e-08
8.313600687870348338e-07
5.725583378080045804e-06
1.942341185667828540e-07
2.041534571617376059e-06
8.008728968889045063e-07
0.000000000000000000e+00
1.647082257250076509e-07
0.000000000000000000e+00
0.000000000000000000e+00
1.865647902832279215e-07
0.000000000000000000e+00
0.000000000000000000e+00
0.000000000000000000e+00
0.000000000000000000e+00
6.593039891811258713e-09
3.274288840060535222e-09
0.000000000000000000e+00
0.000000000000000000e+00
0.000000000000000000e+00
1.488508303282287670e-07
0.000000000000000000e+00
0.000000000000000000e+00
3.837431261644042024e-09
8.509251969712749997e-09
0.000000000000000000e+00
0.000000000000000000e+00
0.000000000000000000e+00
0.000000000000000000e+00
0.000000000000000000e+00
0.000000000000000000e+00
0.000000000000000000e+00
0.000000000000000000e+00
0.000000000000000000e+00
0.000000000000000000e+00
0.000000000000000000e+00
0.000000000000000000e+00
0.000000000000000000e+00
8.637314863335632253e-09
0.000000000000000000e+00
1.015387738334538881e-07
0.000000000000000000e+00
0.000000000000000000e+00
0.000000000000000000e+00
0.000000000000000000e+00
0.000000000000000000e+00
0.000000000000000000e+00
0.000000000000000000e+00
0.000000000000000000e+00
0.000000000000000000e+00
0.000000000000000000e+00
0.000000000000000000e+00
4.302238842956995768e-10
0.000000000000000000e+00
1.226749368754553871e-09
0.000000000000000000e+00
0.000000000000000000e+00
0.000000000000000000e+00
0.000000000000000000e+00
1.587554265825019684e-08
0.000000000000000000e+00
0.000000000000000000e+00
0.000000000000000000e+00
1.798937532271338569e-08
0.000000000000000000e+00
7.874249696726565162e-09
8.386585870212570626e-10
0.000000000000000000e+00
6.834214971718211018e-09
0.000000000000000000e+00
1.244048093707039726e-11
4.175743750778337926e-09
3.772312595629045973e-07
4.246421880793604942e-09
1.305022845343728477e-08
7.480749353305782279e-10
0.000000000000000000e+00
0.000000000000000000e+00
0.000000000000000000e+00
2.201875126672803162e-08
0.000000000000000000e+00
0.000000000000000000e+00
0.000000000000000000e+00
2.934283649391744575e-10
5.098093058819586076e-09
0.000000000000000000e+00
9.712866955169374705e-09
4.519124559010379016e-07
0.000000000000000000e+00
0.000000000000000000e+00
4.384144602909145760e-09
2.376800125603040215e-07
0.000000000000000000e+00
0.000000000000000000e+00
3.069536944622086594e-07
9.440793178328021895e-07
5.819277362206776161e-07
1.537830598863365594e-06
5.245161105449369643e-07
4.476034405342943501e-07
5.620319853960609180e-08
3.874404796988528688e-07
6.594849999430607568e-09
1.628988677282450226e-08
1.579487047820293810e-06
7.601967695336497854e-07
1.215672796206490602e-06
0.000000000000000000e+00
1.239070854808232980e-07
1.706996783923386829e-07
5.012896622247353662e-07
0.000000000000000000e+00
4.569487899175328494e-09
3.990407719811628340e-07
0.000000000000000000e+00
0.000000000000000000e+00
0.000000000000000000e+00
1.428929635949316435e-06
6.020506475579168182e-07
6.371020933038096246e-10
4.692579750553704798e-06
0.000000000000000000e+00
0.000000000000000000e+00
4.294936850612884882e-09
0.000000000000000000e+00
2.442835622673555918e-08
0.000000000000000000e+00
0.000000000000000000e+00
0.000000000000000000e+00
0.000000000000000000e+00
1.878453019799053436e-07
1.005184735447528510e-08
3.485512767298359904e-09
0.000000000000000000e+00
0.000000000000000000e+00
7.631335563473840011e-09
1.269915514967578929e-07
7.614958263957305462e-08
0.000000000000000000e+00
9.348962493049839395e-09
0.000000000000000000e+00
1.723337916814671189e-08
9.744258733235255932e-09
3.967234079027548432e-07
2.859755314499334844e-11
1.571353664076013956e-06
5.320504214978427626e-07
1.042226017489156220e-06
5.916150769280648092e-08
0.000000000000000000e+00
7.941223234553262955e-10
0.000000000000000000e+00
6.085422388224515089e-09
1.328717691428948910e-09
0.000000000000000000e+00
1.126715645227704954e-07
4.437067104845482390e-07
0.000000000000000000e+00
0.000000000000000000e+00
0.000000000000000000e+00
1.797459958652325440e-08
0.000000000000000000e+00
0.000000000000000000e+00
1.021148277047245756e-09
0.000000000000000000e+00
0.000000000000000000e+00
1.674067329204831367e-09
9.080626028890037560e-08
4.586269426454236964e-07
0.000000000000000000e+00
1.150878574662783649e-06
9.420590529884975695e-09
0.000000000000000000e+00
0.000000000000000000e+00
3.237901182728819549e-07
3.196512352587888017e-07
3.329778337501920760e-07
1.567341456620852114e-07
1.372299891500006197e-07
5.303846819515456446e-07
5.262937520456034690e-06
0.000000000000000000e+00
9.462835848239592451e-09
0.000000000000000000e+00
0.000000000000000000e+00
9.792795481189386919e-07
6.558405374335052329e-08
0.000000000000000000e+00
0.000000000000000000e+00
0.000000000000000000e+00
3.463365372269322506e-09
0.000000000000000000e+00
0.000000000000000000e+00
1.604095328788801567e-11
8.797132977633737028e-08
0.000000000000000000e+00
2.253963344855947071e-07
0.000000000000000000e+00
0.000000000000000000e+00
0.000000000000000000e+00
1.073822253339073995e-09
0.000000000000000000e+00
1.107653760379356811e-10
0.000000000000000000e+00
4.897621752597558498e-10
0.000000000000000000e+00
0.000000000000000000e+00
0.000000000000000000e+00
5.454384055525451913e-09
0.000000000000000000e+00
0.000000000000000000e+00
0.000000000000000000e+00
0.000000000000000000e+00
0.000000000000000000e+00
0.000000000000000000e+00
0.000000000000000000e+00
6.826583742736147542e-11
3.422255590024292360e-09
0.000000000000000000e+00
7.594478290684492094e-08
1.988088058624271071e-07
3.877747076330706477e-06
5.465416563765757019e-09
0.000000000000000000e+00
1.295858004235483918e-10
2.138252019889819167e-09
2.998926333930285182e-07
1.199207417812431231e-06
2.051784662171485252e-07
0.000000000000000000e+00
9.305496178058092482e-07
2.287571163606116897e-07
0.000000000000000000e+00
9.024286669045977760e-07
3.262856296259997180e-08
5.402206966209632810e-07
1.230091811521560885e-06
1.755732981223445677e-08
1.370299287373200059e-06
1.560196416505732486e-09
1.068095500933452513e-09
2.538920398365007713e-07
1.843440884385927347e-07
4.253064914139237374e-11
2.068687194878293667e-07
1.105263436329551041e-07
4.096650485507780104e-08
6.267462548947833056e-09
1.279206230719864834e-06
1.112179148776704096e-07
3.796494141283801582e-08
8.801910666988987941e-07
0.000000000000000000e+00
9.970143821647070581e-09
2.039372617446133518e-07
2.399516176865290618e-07
0.000000000000000000e+00
0.000000000000000000e+00
0.000000000000000000e+00
0.000000000000000000e+00
0.000000000000000000e+00
0.000000000000000000e+00
0.000000000000000000e+00
0.000000000000000000e+00
0.000000000000000000e+00
2.128499545506201684e-07
4.990941548932426031e-10
3.024860584233124428e-09
0.000000000000000000e+00
0.000000000000000000e+00
3.669414327944764409e-09
5.237697564552945551e-08
0.000000000000000000e+00
2.273774946104367700e-09
0.000000000000000000e+00
0.000000000000000000e+00
0.000000000000000000e+00
0.000000000000000000e+00
0.000000000000000000e+00
1.677897265572880769e-09
0.000000000000000000e+00
8.280278507299954072e-07
0.000000000000000000e+00
2.197432280581779196e-07
0.000000000000000000e+00
1.432169511872416479e-07
1.139320304766044956e-09
0.000000000000000000e+00
0.000000000000000000e+00
2.659714937180979177e-08
0.000000000000000000e+00
0.000000000000000000e+00
0.000000000000000000e+00
1.648768034101522062e-06
9.736513817415470839e-10
0.000000000000000000e+00
0.000000000000000000e+00
0.000000000000000000e+00
1.176320586077084229e-11
1.314962446485878900e-06
0.000000000000000000e+00
0.000000000000000000e+00
1.895329091894382145e-06
7.294733563867339399e-07
2.135450813511852175e-06
9.683289192707889015e-08
1.551900936647143681e-06
5.271078684643271117e-09
5.838200536345539149e-07
0.000000000000000000e+00
0.000000000000000000e+00
0.000000000000000000e+00
0.000000000000000000e+00
0.000000000000000000e+00
0.000000000000000000e+00
0.000000000000000000e+00
0.000000000000000000e+00
0.000000000000000000e+00
2.580071489788338113e-09
0.000000000000000000e+00
5.002436864742776379e-07
7.632983312078067684e-08
0.000000000000000000e+00
9.339441220390654053e-09
0.000000000000000000e+00
0.000000000000000000e+00
5.159865867909729786e-09
1.858890209405217320e-05
2.817007498379098251e-07
6.025389325259311590e-07
0.000000000000000000e+00
1.199755104153155116e-07
4.219683660267037340e-07
7.545741453895971063e-08
6.983956080119924081e-09
2.770849771849270837e-09
0.000000000000000000e+00
3.729934405782842077e-07
3.731214746949262917e-06
0.000000000000000000e+00
3.027594175364356488e-05
2.410012484688195400e-06
4.959812258675810881e-07
1.159426301455823705e-05
2.225972224323413684e-07
3.172092419845284894e-07
0.000000000000000000e+00
2.478032667951879375e-09
7.047125993864256088e-09
0.000000000000000000e+00
5.625441872325609438e-07
1.668953331090961001e-07
6.041395295142137911e-07
2.046232054908614373e-07
1.687860844867827836e-06
8.792477501629036851e-07
3.750537302948941942e-08
1.110614711308244296e-08
7.963037091940350365e-07
5.342656983486904210e-09
1.263436644194371183e-08
8.135657481034286320e-09
2.526160614024774986e-09
0.000000000000000000e+00
9.243025544947158778e-08
3.805165516013175875e-09
6.851677767372166272e-07
2.139716173132910626e-07
3.506241625927941641e-07
0.000000000000000000e+00
1.324584218309610151e-06
0.000000000000000000e+00
9.215914836824268264e-11
6.434583610825939104e-06
0.000000000000000000e+00
5.490164434185373921e-10
3.707260987084737280e-07
3.263661483288160525e-07
7.387071843112380520e-09
7.841998161950414215e-09
1.340172639530123888e-09
1.273738661211609724e-07
0.000000000000000000e+00
1.812406935641774908e-08
3.258571723563363776e-07
1.328282905888045207e-07
1.256000103921905975e-07
4.422466393094737214e-09
5.533615308195294347e-07
2.673585584034299245e-07
1.424786066905880944e-08
1.449726028113218490e-08
3.055476149871338976e-10
5.995435685690608807e-07
1.801710447502102852e-09
0.000000000000000000e+00
1.080054090607518447e-08
5.067334996056160890e-08
4.648893536796094850e-06
4.582914936435145137e-09
4.480954718388829860e-09
9.383157584252899142e-10
3.512222406243381556e-07
6.598414259428864170e-09
5.514900180969561916e-08
5.944695544712885749e-07
5.097587063573882915e-08
1.552635686685732708e-09
0.000000000000000000e+00
6.288546501309610903e-07
2.468271702582569560e-07
0.000000000000000000e+00
1.545690224702411797e-06
1.165127940794263850e-07
0.000000000000000000e+00
1.675359739827797512e-09
1.778028604348946828e-06
1.135161028287257068e-06
0.000000000000000000e+00
1.674688746788888238e-06
8.431952664977870882e-07
1.242704996684551588e-07
6.916707206983119249e-09
5.806801151031493191e-10
2.978758217864196922e-08
1.623313750087618246e-07
0.000000000000000000e+00
0.000000000000000000e+00
0.000000000000000000e+00
6.115043049703672295e-08
0.000000000000000000e+00
5.513101530851827192e-09
0.000000000000000000e+00
3.520054860928212292e-07
4.197815428597095888e-09
0.000000000000000000e+00
0.000000000000000000e+00
3.101493803114863113e-06
0.000000000000000000e+00
2.266183173560420983e-06
1.973314965653116815e-06
0.000000000000000000e+00
4.484919102765161369e-09
4.438511211901641218e-07
0.000000000000000000e+00
0.000000000000000000e+00
3.510772339510026541e-09
4.143576107229485217e-12
1.267694642592687160e-06
0.000000000000000000e+00
4.615839316102210432e-06
2.460311634422396310e-07
9.262236631002451759e-07
0.000000000000000000e+00
6.236845138118951581e-07
5.327458438841858879e-06
1.316816792495956179e-06
1.251995399798033759e-06
1.972274787931382889e-07
0.000000000000000000e+00
9.896601760317480512e-09
2.914656427321915544e-08
1.090162626837809512e-07
8.386030536655653123e-09
2.275478891533566639e-06
0.000000000000000000e+00
9.119228252529865131e-07
0.000000000000000000e+00
0.000000000000000000e+00
3.809783066799354856e-08
8.434594356288016570e-09
0.000000000000000000e+00
2.261485434473797795e-07
7.195559703632170567e-08
0.000000000000000000e+00
0.000000000000000000e+00
0.000000000000000000e+00
0.000000000000000000e+00
0.000000000000000000e+00
0.000000000000000000e+00
8.486360059123398969e-09
1.589942826285550836e-06
2.331503434760406890e-09
4.399416386746679564e-09
9.385466626099514542e-09
0.000000000000000000e+00
2.128064657824779715e-08
0.000000000000000000e+00
1.026351670319058940e-09
4.181411661363654275e-09
1.843655783595465891e-09
5.794152457383461297e-06
2.007454480423831455e-10
4.685822204919531941e-06
6.079059858166147023e-06
5.927238362346542999e-06
3.104967390754609369e-06
9.927862265612930059e-07
1.107114400156206102e-07
2.997078354383120313e-07
0.000000000000000000e+00
1.252209091973099930e-08
0.000000000000000000e+00
0.000000000000000000e+00
0.000000000000000000e+00
6.518704687152876431e-09
5.191979468577301304e-08
0.000000000000000000e+00
0.000000000000000000e+00
0.000000000000000000e+00
2.388374866768572247e-07
0.000000000000000000e+00
8.076263213752099546e-09
0.000000000000000000e+00
2.423564404718803189e-10
0.000000000000000000e+00
0.000000000000000000e+00
0.000000000000000000e+00
2.238945597810015897e-07
2.571930963313207030e-06
0.000000000000000000e+00
0.000000000000000000e+00
0.000000000000000000e+00
0.000000000000000000e+00
9.538562828481644829e-09
0.000000000000000000e+00
8.051753042082054890e-08
1.392403987665602472e-07
0.000000000000000000e+00
6.391752016554619331e-09
8.256746696133632213e-06
1.285874532186426222e-06
0.000000000000000000e+00
5.775742124569660518e-07
0.000000000000000000e+00
5.314407403034238087e-08
4.482054549725944526e-08
3.012409877101163147e-08
1.499462769061210565e-06
7.794190537424583454e-07
9.411387935642778757e-08
3.991320909335627221e-07
0.000000000000000000e+00
1.278344484489934985e-06
2.844008406555076363e-07
9.722404215040114650e-09
2.697798436201992445e-06
2.782703631964977831e-06
8.418890047323657200e-07
3.812765783095528604e-07
2.586623359945861012e-08
1.845013912316062488e-06
4.892677907264442183e-07
0.000000000000000000e+00
2.447233526936543058e-10
0.000000000000000000e+00
6.169919686271896353e-09
5.852645035275827468e-09
0.000000000000000000e+00
9.713340354267074872e-09
0.000000000000000000e+00
1.910523961257126757e-09
1.587302023153824848e-08
2.810712773637646933e-10
1.947797727552824654e-06
4.381439655531949029e-09
0.000000000000000000e+00
0.000000000000000000e+00
0.000000000000000000e+00
1.455719882414996391e-07
0.000000000000000000e+00
0.000000000000000000e+00
2.058601467069820501e-07
4.452102757568354718e-07
2.016040951957620564e-07
0.000000000000000000e+00
8.833761739879264496e-07
0.000000000000000000e+00
4.517045582019818539e-08
0.000000000000000000e+00
0.000000000000000000e+00
2.154968203882390299e-09
3.122950431588833453e-07
2.528211417995862575e-09
5.853924900378615348e-09
0.000000000000000000e+00
0.000000000000000000e+00
0.000000000000000000e+00
0.000000000000000000e+00
0.000000000000000000e+00
0.000000000000000000e+00
0.000000000000000000e+00
0.000000000000000000e+00
0.000000000000000000e+00
0.000000000000000000e+00
2.834691713360371068e-06
1.534817073434169288e-07
0.000000000000000000e+00
2.264220256620319560e-06
9.057133354417601367e-08
0.000000000000000000e+00
0.000000000000000000e+00
5.808563585674164642e-08
0.000000000000000000e+00
6.356148105624015443e-07
7.476589125587906892e-09
7.915002681047056399e-11
6.670816787845978979e-07
0.000000000000000000e+00
4.772770978433982236e-08
4.676869593822630122e-07
2.485001759922056408e-09
6.683254696326912381e-07
4.542002329799288418e-09
3.188419805955078346e-10
1.724484036458306946e-06
3.799478420773994003e-08
5.133741183271922637e-07
6.266990926206972290e-09
1.771672373251931276e-07
5.271133574069608585e-08
0.000000000000000000e+00
4.997817271146232088e-09
5.773005682385701220e-07
0.000000000000000000e+00
0.000000000000000000e+00
2.321909420288648107e-07
2.189069846281199716e-06
7.031513860056293197e-07
0.000000000000000000e+00
3.058540869460557587e-07
6.553753095772663073e-09
1.511635105089226272e-06
0.000000000000000000e+00
2.398043363882607082e-08
1.138122485144776874e-08
0.000000000000000000e+00
0.000000000000000000e+00
1.430067584351490950e-07
0.000000000000000000e+00
0.000000000000000000e+00
2.290945877447825296e-09
3.267798032169366707e-09
1.711915842861344572e-06
7.238565302714050631e-09
7.658128353682513989e-09
8.694446052004423109e-08
4.373335471541395236e-09
0.000000000000000000e+00
0.000000000000000000e+00
0.000000000000000000e+00
0.000000000000000000e+00
9.170090797816499162e-10
1.917596526013198854e-09
2.816145927564406293e-10
6.418172660005438956e-08
2.099747931083584263e-09
1.878086131057443708e-08
1.236014952610275941e-07
0.000000000000000000e+00
2.755869421555701138e-10
1.152370600721042138e-06
1.076987700798781589e-06
0.000000000000000000e+00
2.167972610322976834e-07
4.635278401110554114e-06
6.072146874203099287e-08
2.566430907791072968e-07
0.000000000000000000e+00
4.537857307695958298e-07
4.558779131969004084e-09
3.994915005023358390e-06
1.455184701626421884e-06
2.242388319473320735e-07
2.926126008162555081e-08
6.386253938867048063e-12
6.831416499153419863e-07
2.036324175946901960e-08
1.519696070317877457e-06
2.896725970202851386e-09
1.362164994134218432e-07
1.447508557461674172e-09
1.226658582709205803e-06
0.000000000000000000e+00
6.724776735467230537e-09
1.244403904365753988e-07
9.096263298147277965e-09
2.323346279808902182e-07
2.912986296621511428e-09
1.295351694352575578e-06
2.015619656958733685e-06
9.910160514436938684e-08
3.906894363581159269e-09
3.850492813484152066e-09
0.000000000000000000e+00
0.000000000000000000e+00
3.949208959852512635e-09
7.207261898400929567e-09
0.000000000000000000e+00
5.235615829768391905e-10
6.922433182232623494e-10
5.707406991461994039e-09
9.453847837903595064e-08
2.505982088507607841e-08
9.198606676363851875e-07
0.000000000000000000e+00
9.093257176573388278e-06
0.000000000000000000e+00
0.000000000000000000e+00
3.088465927447714421e-09
1.900057222670170631e-09
0.000000000000000000e+00
6.184354788274504244e-07
8.479580770881511853e-08
1.129400857280415948e-07
3.332243977638427168e-06
8.094290251392521895e-07
8.905685717763844877e-07
3.118054223705257755e-07
0.000000000000000000e+00
1.263384632466113544e-07
1.549130246303320746e-08
5.439431447484821547e-07
2.392338501522317529e-06
1.573388743736359174e-07
7.319995720678207363e-09
1.273906349297249108e-07
7.694211934250461127e-10
1.873795127949051675e-07
8.089474867745138909e-09
0.000000000000000000e+00
6.720449086117241677e-09
0.000000000000000000e+00
5.334760189157350396e-09
0.000000000000000000e+00
0.000000000000000000e+00
4.875509148405399173e-06
0.000000000000000000e+00
0.000000000000000000e+00
0.000000000000000000e+00
6.990711565180163234e-09
0.000000000000000000e+00
0.000000000000000000e+00
0.000000000000000000e+00
0.000000000000000000e+00
0.000000000000000000e+00
0.000000000000000000e+00
1.841219727793941274e-07
0.000000000000000000e+00
0.000000000000000000e+00
0.000000000000000000e+00
7.394192202969662731e-11
2.695850653822162712e-09
0.000000000000000000e+00
7.410346114511412452e-08
0.000000000000000000e+00
0.000000000000000000e+00
0.000000000000000000e+00
2.404763336016912945e-06
2.880276497307932004e-07
0.000000000000000000e+00
1.210920430594342179e-07
1.691332585096461116e-07
3.427794808885664679e-06
0.000000000000000000e+00
0.000000000000000000e+00
0.000000000000000000e+00
0.000000000000000000e+00
0.000000000000000000e+00
8.574962961915844062e-09
1.492717593976067292e-08
1.873122528195381165e-07
4.410707958868442802e-07
1.797214849830197636e-06
0.000000000000000000e+00
6.734568631927562166e-12
0.000000000000000000e+00
1.907407067847088911e-06
1.718933617667062208e-07
2.877400788747763727e-07
1.855628624980454333e-06
0.000000000000000000e+00
1.119130274673807435e-06
0.000000000000000000e+00
2.033245394272853446e-08
0.000000000000000000e+00
6.008293240711282124e-08
0.000000000000000000e+00
8.095577896938266349e-08
1.392222657159436494e-06
3.748069854481173024e-09
4.423448066170898585e-11
0.000000000000000000e+00
2.038738289300567885e-09
0.000000000000000000e+00
0.000000000000000000e+00
9.811201095999422250e-08
0.000000000000000000e+00
8.519956296026975906e-09
0.000000000000000000e+00
0.000000000000000000e+00
0.000000000000000000e+00
0.000000000000000000e+00
3.023100987320503918e-07
8.552590458066333667e-08
5.810685710372354151e-09
5.374336087271558426e-09
3.511366486463884939e-08
1.362031525786733255e-05
1.278622363543036045e-07
0.000000000000000000e+00
9.914856491377577186e-07
1.306964634295582073e-07
3.862838582335825777e-07
1.676813887740991049e-08
1.798378832518210402e-07
1.205387678560043696e-09
7.158475341384473722e-07
6.254139872652331178e-09
6.710351829752880803e-09
1.528211441836901940e-07
2.784040553649447247e-09
7.650690037053209380e-08
2.624339003887143917e-07
0.000000000000000000e+00
1.134722324991344067e-07
3.848083451885031536e-08
1.568192146805813536e-06
2.216450134540082217e-09
0.000000000000000000e+00
1.133253602070283250e-09
2.921474617778585525e-07
6.210512992765870877e-09
8.538007705283234827e-07
9.558353414318432328e-11
9.252528188063990910e-10
0.000000000000000000e+00
1.687098105662698799e-08
6.017340514752334002e-10
0.000000000000000000e+00
3.000066861602590507e-09
0.000000000000000000e+00
4.611053761038874654e-09
0.000000000000000000e+00
3.772781531630187146e-10
5.464652286235605061e-09
0.000000000000000000e+00
1.247410796878511974e-08
6.165390420420635564e-10
4.622831450973308165e-09
1.145696537641072155e-09
6.132276020309745945e-09
6.089165793810025207e-08
8.347134894393093418e-07
6.395410423465364147e-08
3.289620508439838886e-06
2.061057671198796015e-07
8.648243010611622594e-09
1.293181867367820814e-06
5.079939455754356459e-07
0.000000000000000000e+00
8.035996756916574668e-08
4.162896871662269405e-08
1.854438096415833570e-07
7.423101304644685872e-13
1.353748899646234349e-07
8.968933151720648311e-09
2.241955741055789986e-07
2.796981846131529892e-07
2.678591896898563363e-11
9.286195989943735185e-08
4.269177793503331486e-07
0.000000000000000000e+00
8.954550168027708423e-08
2.610409310932482185e-08
5.037676942265534308e-07
3.868099796022761439e-08
0.000000000000000000e+00
8.610819279830650430e-10
0.000000000000000000e+00
0.000000000000000000e+00
0.000000000000000000e+00
0.000000000000000000e+00
4.719795734797749276e-11
0.000000000000000000e+00
0.000000000000000000e+00
0.000000000000000000e+00
0.000000000000000000e+00
0.000000000000000000e+00
2.031868575613771100e-07
0.000000000000000000e+00
5.586670681623218115e-08
0.000000000000000000e+00
4.845583045920420773e-09
0.000000000000000000e+00
3.707844342670796323e-08
0.000000000000000000e+00
1.860530915109848138e-06
0.000000000000000000e+00
0.000000000000000000e+00
0.000000000000000000e+00
0.000000000000000000e+00
2.421362665927517810e-09
5.191557761463627685e-07
7.698906401287786139e-09
6.429601739910140168e-09
0.000000000000000000e+00
0.000000000000000000e+00
3.586265950872302710e-09
1.148735577771731187e-06
1.475646911330841249e-07
0.000000000000000000e+00
3.463302311601523797e-09
1.462893894910166637e-08
8.770957293791070697e-10
0.000000000000000000e+00
3.904220875483588316e-07
1.007169814215558290e-07
0.000000000000000000e+00
5.023384019864352013e-08
6.927102162990195211e-07
9.689067326235090150e-08
7.330240414660238457e-09
1.481591084484534804e-06
2.040641930989295361e-07
2.428003256227384554e-07
0.000000000000000000e+00
4.118150265242093155e-09
2.432965162668665471e-09
1.549315697957354132e-08
9.679381946625653654e-06
1.633649304721984663e-08
1.862230547544641013e-08
8.876060775264704716e-08
9.527878486181862172e-10
0.000000000000000000e+00
0.000000000000000000e+00
3.122589077975135297e-06
0.000000000000000000e+00
1.470739050546399085e-07
0.000000000000000000e+00
0.000000000000000000e+00
0.000000000000000000e+00
5.336327824068121117e-09
0.000000000000000000e+00
2.692861471587093547e-07
0.000000000000000000e+00
0.000000000000000000e+00
1.374084263261465821e-06
0.000000000000000000e+00
0.000000000000000000e+00
9.618504037689490360e-08
0.000000000000000000e+00
0.000000000000000000e+00
5.195335273100454287e-09
8.160881748153769877e-09
0.000000000000000000e+00
0.000000000000000000e+00
7.056871531574415712e-09
5.152622772897075265e-09
2.465530890560785338e-09
6.013103348578852092e-09
0.000000000000000000e+00
2.668135046235420305e-09
0.000000000000000000e+00
0.000000000000000000e+00
3.678265692030890932e-09
7.108140920308869681e-08
4.285754418020815137e-09
0.000000000000000000e+00
1.509453784187542169e-09
4.941939302227638109e-09
0.000000000000000000e+00
0.000000000000000000e+00
2.606276083838565683e-08
8.727958800136548234e-09
1.060187826418257373e-09
5.967394134387404847e-09
4.827031148124660831e-07
1.573233276985774864e-08
4.162351956438214984e-07
3.088222513270011405e-07
0.000000000000000000e+00
2.910509806497429963e-07
5.327738676896842662e-07
1.249115939572220668e-06
0.000000000000000000e+00
5.461375849336036481e-07
3.055216666325577535e-07
2.539690768799118814e-08
7.920708355868555373e-08
5.565182981115412986e-09
1.011910129022908222e-07
0.000000000000000000e+00
1.731060073062451465e-09
7.660754253180357409e-10
1.727054055322696513e-08
0.000000000000000000e+00
0.000000000000000000e+00
6.701026222799555399e-07
2.752156280649842302e-09
5.249586099154157637e-09
6.766605054053798085e-09
0.000000000000000000e+00
0.000000000000000000e+00
1.569927965405781833e-09
0.000000000000000000e+00
0.000000000000000000e+00
0.000000000000000000e+00
4.301762945857490195e-09
3.121218483670418209e-08
1.073143174323831772e-08
1.259834014888383535e-09
9.509154352826953982e-09
2.195039261465581149e-09
1.504387309170240883e-10
4.752118343276379164e-08
2.557065315045292664e-08
0.000000000000000000e+00
2.015339504168878193e-07
2.354957359784748405e-06
0.000000000000000000e+00
8.157049080637079896e-08
0.000000000000000000e+00
3.217283506273815874e-08
0.000000000000000000e+00
0.000000000000000000e+00
1.853728832656997838e-07
0.000000000000000000e+00
1.500981672286627600e-09
1.727259046901963302e-08
8.923965566509650671e-08
0.000000000000000000e+00
0.000000000000000000e+00
8.869443512971031396e-10
9.380587862040101754e-09
1.830779616796007758e-08
0.000000000000000000e+00
0.000000000000000000e+00
0.000000000000000000e+00
0.000000000000000000e+00
2.412379851435275668e-09
0.000000000000000000e+00
0.000000000000000000e+00
0.000000000000000000e+00
0.000000000000000000e+00
0.000000000000000000e+00
7.934355394922931737e-10
0.000000000000000000e+00
7.558315751055033616e-09
0.000000000000000000e+00
4.044506951572657272e-08
0.000000000000000000e+00
1.892053802521331818e-08
8.069619639172742609e-07
0.000000000000000000e+00
0.000000000000000000e+00
0.000000000000000000e+00
0.000000000000000000e+00
0.000000000000000000e+00
0.000000000000000000e+00
0.000000000000000000e+00
0.000000000000000000e+00
3.860577351133542834e-07
5.803337330689828377e-07
6.189264354361512233e-07
2.503493856664817940e-09
1.496805225542630069e-06
4.929608621750958264e-06
1.164497547279097489e-07
1.320037540608609561e-06
4.710226448878529482e-07
8.860513958097726572e-07
9.562942437923993566e-09
0.000000000000000000e+00
3.990865934611065313e-06
6.879955435579176992e-06
2.563245686815207591e-07
0.000000000000000000e+00
4.453717394881095970e-09
0.000000000000000000e+00
0.000000000000000000e+00
6.621544645923904682e-09
5.813950654243171812e-09
0.000000000000000000e+00
0.000000000000000000e+00
0.000000000000000000e+00
0.000000000000000000e+00
6.710291131639678497e-07
1.637853075386885848e-09
6.330106216978492739e-09
0.000000000000000000e+00
4.394521369022186263e-08
4.307716849893949984e-09
1.852370368204958595e-09
1.876244049014985649e-08
0.000000000000000000e+00
0.000000000000000000e+00
6.956315079520436484e-09
0.000000000000000000e+00
0.000000000000000000e+00
3.895608002846273621e-10
4.355926535026810598e-07
1.663473470081555661e-09
6.167759445535603291e-12
8.216521507620200282e-08
0.000000000000000000e+00
0.000000000000000000e+00
4.130157833515113452e-07
0.000000000000000000e+00
0.000000000000000000e+00
7.201985230409491123e-09
3.427046424420154835e-09
0.000000000000000000e+00
0.000000000000000000e+00
2.639922342950740131e-07
0.000000000000000000e+00
0.000000000000000000e+00
1.702550100901589758e-08
0.000000000000000000e+00
6.364733962982427329e-06
1.624016761070379289e-07
6.456463665927003603e-07
1.239290895682643168e-06
0.000000000000000000e+00
0.000000000000000000e+00
2.910483772211591713e-06
8.386250271996686934e-08
7.771698733449738938e-07
6.992057137722440530e-07
5.506608431460335851e-07
4.563099620380484112e-10
3.751686335817794316e-06
2.508169849591013190e-08
4.029591771370633069e-09
2.259536557858154993e-08
1.537086724567870988e-08
1.552252015812882746e-08
5.343573139526824889e-09
7.745456969132646918e-07
0.000000000000000000e+00
0.000000000000000000e+00
6.986347500514966669e-09
0.000000000000000000e+00
1.010811843116243836e-06
2.319471015255203383e-08
0.000000000000000000e+00
0.000000000000000000e+00
1.480233549955300987e-06
1.866881405021558749e-08
0.000000000000000000e+00
2.930375785581418313e-06
5.238983469268987392e-09
3.914012447481240997e-10
5.398904656672698366e-10
0.000000000000000000e+00
0.000000000000000000e+00
1.371798816762748174e-06
1.558584039607069371e-09
3.052109454060314420e-09
6.677791652975884062e-10
4.183642321464731140e-09
0.000000000000000000e+00
1.838733254544422380e-07
8.128175466026732465e-09
0.000000000000000000e+00
6.060533408458468330e-09
0.000000000000000000e+00
0.000000000000000000e+00
2.521046305048457725e-08
2.281420208305462438e-08
1.029499543392375926e-07
2.678322275073696801e-08
0.000000000000000000e+00
4.160439459610643098e-07
8.823461939755361527e-06
0.000000000000000000e+00
4.434089900806625906e-11
0.000000000000000000e+00
1.490316776653344277e-07
1.985814606086933054e-07
8.817011831752097351e-08
5.273197989374978079e-10
0.000000000000000000e+00
0.000000000000000000e+00
0.000000000000000000e+00
0.000000000000000000e+00
0.000000000000000000e+00
0.000000000000000000e+00
1.470984756224424927e-07
0.000000000000000000e+00
7.263074142116465737e-09
0.000000000000000000e+00
4.847838241950341853e-10
0.000000000000000000e+00
0.000000000000000000e+00
0.000000000000000000e+00
6.038140543118686310e-10
0.000000000000000000e+00
1.683004171582069830e-07
0.000000000000000000e+00
1.016449840962607709e-10
0.000000000000000000e+00
0.000000000000000000e+00
2.707819246605680519e-10
0.000000000000000000e+00
9.081777108121968922e-09
3.137081421300536022e-07
0.000000000000000000e+00
0.000000000000000000e+00
6.904662086526514031e-07
0.000000000000000000e+00
6.685108928650151938e-07
0.000000000000000000e+00
0.000000000000000000e+00
5.597350916097809659e-10
1.106045699472701926e-09
7.903972476519527390e-10
0.000000000000000000e+00
2.390458978766135667e-13
0.000000000000000000e+00
0.000000000000000000e+00
1.636602203584913706e-12
1.326937759671409367e-08
8.203503512049792334e-07
0.000000000000000000e+00
6.295121579569240566e-08
0.000000000000000000e+00
0.000000000000000000e+00
5.133936156198615208e-06
0.000000000000000000e+00
2.869065429678130386e-09
4.192954961013128923e-08
0.000000000000000000e+00
4.938545572485963930e-09
0.000000000000000000e+00
5.551671833359250741e-08
1.042517849825230769e-09
2.709552304747120388e-10
3.700512340998329819e-09
0.000000000000000000e+00
0.000000000000000000e+00
5.357932764127326664e-07
2.739871440837760019e-09
5.650473144935830305e-12
0.000000000000000000e+00
0.000000000000000000e+00
0.000000000000000000e+00
1.807984972401754931e-06
7.520304934338639669e-10
0.000000000000000000e+00
0.000000000000000000e+00
2.889491952373646200e-06
3.476229526455654195e-09
2.998410764121217653e-07
0.000000000000000000e+00
1.043202431105783035e-07
7.342625618633746853e-09
1.282158407223121799e-10
2.670017238415312022e-06
0.000000000000000000e+00
2.590876957420107374e-10
0.000000000000000000e+00
8.032953469072623420e-11
5.140422842941916315e-08
0.000000000000000000e+00
1.151788775466400239e-09
0.000000000000000000e+00
0.000000000000000000e+00
0.000000000000000000e+00
6.434240162889182102e-07
0.000000000000000000e+00
0.000000000000000000e+00
0.000000000000000000e+00
0.000000000000000000e+00
0.000000000000000000e+00
0.000000000000000000e+00
0.000000000000000000e+00
0.000000000000000000e+00
1.432041418780727327e-08
8.840246867869439029e-10
0.000000000000000000e+00
3.285588023871355290e-09
0.000000000000000000e+00
0.000000000000000000e+00
3.763562688163801795e-07
0.000000000000000000e+00
6.947991227496119748e-12
5.082458898186814622e-10
2.964189440776698881e-12
9.708036458055957496e-11
8.693048059171815112e-09
0.000000000000000000e+00
5.183890721127681900e-07
0.000000000000000000e+00
0.000000000000000000e+00
1.019646589384137769e-09
0.000000000000000000e+00
0.000000000000000000e+00
0.000000000000000000e+00
2.571454160715802573e-09
1.997207164095016196e-07
7.112202382586474414e-09
7.334310794249176979e-07
0.000000000000000000e+00
2.070975142487441190e-07
0.000000000000000000e+00
3.071224057293875376e-07
3.860304520486579349e-09
1.514799009783018846e-06
2.690830847029701545e-08
7.245228861307850821e-09
9.423792590723678586e-08
2.467656834426179557e-08
5.967562088926570141e-08
1.764273974913521670e-06
0.000000000000000000e+00
1.341256279374647420e-07
0.000000000000000000e+00
8.855564033183327410e-07
7.096129905903580948e-09
0.000000000000000000e+00
0.000000000000000000e+00
0.000000000000000000e+00
5.966883431796077275e-09
0.000000000000000000e+00
0.000000000000000000e+00
5.539898211281979457e-07
0.000000000000000000e+00
0.000000000000000000e+00
0.000000000000000000e+00
1.446673510152596265e-11
5.424692917088691502e-10
4.159021571581433818e-09
9.792682220677306759e-09
1.394728155190705365e-08
0.000000000000000000e+00
0.000000000000000000e+00
0.000000000000000000e+00
0.000000000000000000e+00
4.893544200967880897e-07
0.000000000000000000e+00
8.209388724367272516e-09
9.578841719815045508e-09
4.036757843550731195e-07
6.790582094025332527e-13
3.766456924125805017e-09
2.825604283884786128e-08
0.000000000000000000e+00
4.111887392355129123e-06
0.000000000000000000e+00
0.000000000000000000e+00
1.753369502921486855e-07
2.649464425630299047e-09
0.000000000000000000e+00
1.327287613150929246e-08
0.000000000000000000e+00
6.700403787363029551e-07
5.732388341783689611e-09
0.000000000000000000e+00
1.114371261934365975e-08
0.000000000000000000e+00
0.000000000000000000e+00
0.000000000000000000e+00
0.000000000000000000e+00
1.309314896086322122e-11
0.000000000000000000e+00
0.000000000000000000e+00
0.000000000000000000e+00
1.134575072780918958e-10
4.249759513186290860e-07
0.000000000000000000e+00
0.000000000000000000e+00
0.000000000000000000e+00
0.000000000000000000e+00
2.356589448027079925e-07
6.127739649031127556e-09
8.013461422207157625e-11
4.341916159944503306e-09
0.000000000000000000e+00
0.000000000000000000e+00
0.000000000000000000e+00
0.000000000000000000e+00
0.000000000000000000e+00
3.900706424531108496e-09
3.289846173260002615e-09
0.000000000000000000e+00
0.000000000000000000e+00
0.000000000000000000e+00
5.455724205738476940e-10
6.177890643499495127e-09
2.332398052473649841e-09
4.315282353672955651e-08
0.000000000000000000e+00
2.801645582195533279e-09
6.462533406192960683e-07
0.000000000000000000e+00
2.038625795952597741e-10
0.000000000000000000e+00
1.432958356417657342e-07
1.770497078723565210e-06
1.755720973051211331e-07
1.681313199775047451e-09
7.819859343394242046e-12
2.960373706173413666e-07
0.000000000000000000e+00
1.589557463432811346e-08
8.631604231368328328e-08
7.182353556345333345e-07
0.000000000000000000e+00
0.000000000000000000e+00
1.728618670426840254e-08
0.000000000000000000e+00
2.297863899158869572e-09
0.000000000000000000e+00
0.000000000000000000e+00
0.000000000000000000e+00
2.441025515054207062e-08
0.000000000000000000e+00
8.188954581100915675e-08
0.000000000000000000e+00
0.000000000000000000e+00
0.000000000000000000e+00
6.139357910939224894e-10
0.000000000000000000e+00
3.280873572819587025e-09
3.905601175802075886e-09
0.000000000000000000e+00
0.000000000000000000e+00
0.000000000000000000e+00
0.000000000000000000e+00
0.000000000000000000e+00
0.000000000000000000e+00
5.989980178533471644e-10
5.608518094391001796e-08
0.000000000000000000e+00
0.000000000000000000e+00
0.000000000000000000e+00
1.098516566599982980e-08
1.473510535809907651e-09
0.000000000000000000e+00
3.409059146086690362e-10
6.487100108643062413e-06
5.317818185801570507e-09
1.098054447368213005e-08
0.000000000000000000e+00
2.311740701088638161e-07
0.000000000000000000e+00
3.815741251855797600e-07
0.000000000000000000e+00
0.000000000000000000e+00
1.647736525001164409e-07
0.000000000000000000e+00
0.000000000000000000e+00
0.000000000000000000e+00
0.000000000000000000e+00
0.000000000000000000e+00
0.000000000000000000e+00
0.000000000000000000e+00
0.000000000000000000e+00
0.000000000000000000e+00
1.214504607993660557e-10
0.000000000000000000e+00
5.452764906266338585e-09
2.574715267655847128e-07
9.500882303115076866e-10
2.476544125329382950e-07
1.468835790774392080e-07
4.553982524413413557e-09
0.000000000000000000e+00
4.767727901366924925e-08
0.000000000000000000e+00
0.000000000000000000e+00
0.000000000000000000e+00
0.000000000000000000e+00
0.000000000000000000e+00
0.000000000000000000e+00
0.000000000000000000e+00
0.000000000000000000e+00
0.000000000000000000e+00
6.275619135465149157e-09
8.812587992679254967e-09
4.622319238478667103e-08
7.851798500269069336e-08
1.414337702954071574e-06
4.246924234507787332e-08
4.481627222108208741e-11
0.000000000000000000e+00
0.000000000000000000e+00
0.000000000000000000e+00
2.785738217880862067e-07
1.288942712562857196e-07
4.867607472647250688e-08
0.000000000000000000e+00
1.098585684644604044e-07
7.081344399750832963e-09
1.739838967340645581e-10
9.649379961729209754e-08
8.293966402561636642e-09
5.174669373553264506e-11
1.557763425807934254e-06
6.064553872420219705e-07
0.000000000000000000e+00
0.000000000000000000e+00
1.618539045011857525e-06
0.000000000000000000e+00
3.990931196629077249e-11
5.578707273912186793e-09
0.000000000000000000e+00
0.000000000000000000e+00
0.000000000000000000e+00
3.506556538468430517e-07
4.041059042947381386e-09
8.814731700113043189e-08
2.193860648702639082e-09
0.000000000000000000e+00
0.000000000000000000e+00
0.000000000000000000e+00
0.000000000000000000e+00
2.347320116058426720e-09
0.000000000000000000e+00
5.116195245236099254e-10
1.405027538758929495e-09
2.382934738420772192e-08
1.001200100603227838e-08
2.075520058042457094e-07
2.367274873904534616e-06
4.576009349221976663e-09
2.098285634133389976e-08
0.000000000000000000e+00
2.712212499034194479e-08
0.000000000000000000e+00
0.000000000000000000e+00
5.026479232839164979e-09
4.072066989158074080e-11
0.000000000000000000e+00
2.312152247441190411e-09
1.981127262240534037e-09
0.000000000000000000e+00
7.858920412218139973e-07
2.519264130640408439e-09
0.000000000000000000e+00
1.777253601176198572e-06
7.738891127928582137e-08
4.706612628524453612e-07
7.282533687202885631e-08
0.000000000000000000e+00
4.528886279331345577e-07
0.000000000000000000e+00
5.883521225769072771e-09
1.320012849026497292e-10
0.000000000000000000e+00
0.000000000000000000e+00
6.459529799940355588e-07
8.250372607321310170e-10
3.332673372824501712e-07
8.196981866603891831e-07
0.000000000000000000e+00
0.000000000000000000e+00
0.000000000000000000e+00
0.000000000000000000e+00
0.000000000000000000e+00
0.000000000000000000e+00
0.000000000000000000e+00
0.000000000000000000e+00
5.128099056506130182e-10
0.000000000000000000e+00
7.837264348609096487e-08
6.227831761407287559e-08
3.865050075546605512e-07
6.175318478796043564e-09
6.083758830044416754e-09
1.406341851861725445e-07
1.230836543797408922e-09
7.334916674039959616e-09
0.000000000000000000e+00
0.000000000000000000e+00
2.260166638734517619e-06
1.147634449694123759e-07
0.000000000000000000e+00
9.381302401578750505e-10
8.885935542934930709e-09
4.874399994747591336e-09
7.114318578693712425e-10
6.724357876075615081e-11
0.000000000000000000e+00
0.000000000000000000e+00
7.292491499555353585e-09
5.534008362673148440e-09
0.000000000000000000e+00
2.397137066623145074e-08
0.000000000000000000e+00
5.461156860064875218e-09
6.478221621364355087e-07
0.000000000000000000e+00
5.788173940146634777e-09
1.023321427595647037e-08
4.396665786998710246e-08
4.599986169750991394e-08
5.083246601422786171e-10
9.583235396348754875e-07
2.082887640142416785e-09
1.905758892917219782e-07
9.955139148587477393e-07
1.067901621354394592e-06
5.420612865236762445e-07
2.496112472272216110e-07
0.000000000000000000e+00
0.000000000000000000e+00
0.000000000000000000e+00
0.000000000000000000e+00
4.856893838223186322e-07
7.151272995997715043e-08
1.358352808011886736e-08
8.741084245311725454e-11
8.222606595609249780e-09
1.201052812760394772e-09
1.528314008680808911e-08
7.188318273954052984e-10
3.876741150321549867e-09
4.406987130778361461e-08
2.386757159911212511e-06
3.701272399680988201e-09
8.023669124668231234e-07
7.575716153951361775e-06
3.981785994255915284e-07
0.000000000000000000e+00
1.462004547647666186e-06
4.303312373110657063e-09
1.088198814613861032e-06
3.677648852118409195e-09
7.218017294974288234e-09
4.581007431170291966e-07
6.314287981368238434e-11
1.563969931339670438e-06
0.000000000000000000e+00
1.129752194573008239e-10
1.046181068886653520e-06
0.000000000000000000e+00
3.323654880205140216e-07
2.220643668948696359e-09
4.154237398523719094e-09
8.043502752741460426e-09
0.000000000000000000e+00
1.896554067570832558e-06
5.854475570998829426e-09
2.139214583252169177e-09
4.219852522968636777e-10
7.736276508296668908e-09
8.114404295156418812e-07
3.078874669881770387e-06
0.000000000000000000e+00
2.407180232921746210e-09
0.000000000000000000e+00
4.473419039641157724e-07
2.272764199062748958e-10
7.384605993365767063e-08
1.505803084000945091e-05
4.571067080405555316e-09
1.976018992877470737e-08
3.585517299731222352e-11
2.547086763726724712e-09
0.000000000000000000e+00
5.982994100151017847e-10
8.658619599088979157e-09
1.011223602631616814e-07
0.000000000000000000e+00
4.246365108429017710e-07
0.000000000000000000e+00
3.236753920443646848e-11
6.036028121769732024e-09
5.103311551124534162e-08
0.000000000000000000e+00
0.000000000000000000e+00
1.401216422891593538e-07
4.569540834609142621e-08
0.000000000000000000e+00
7.896658438255599322e-09
0.000000000000000000e+00
1.011563668384951598e-07
6.766830429327796992e-10
2.765752293854006894e-09
1.534192586340188402e-12
6.302596489149436820e-07
0.000000000000000000e+00
4.587863315919094021e-07
0.000000000000000000e+00
3.476459369267104194e-07
1.383425729528653392e-08
3.664276215786799185e-09
0.000000000000000000e+00
0.000000000000000000e+00
0.000000000000000000e+00
0.000000000000000000e+00
0.000000000000000000e+00
7.499170173730362876e-10
1.102800162300354714e-08
2.262344533932036938e-09
1.413673289540895439e-09
2.771334095541533316e-07
9.260893421014770865e-07
2.816166443153633736e-06
0.000000000000000000e+00
0.000000000000000000e+00
8.458537195110693574e-07
8.221473990488448180e-07
3.934764833957160590e-07
2.102680807247736539e-10
0.000000000000000000e+00
2.844405116775305942e-06
7.582747798551281448e-07
1.196162169314618495e-09
0.000000000000000000e+00
0.000000000000000000e+00
5.347697040747334540e-08
2.051156343441107310e-06
1.912511216062284802e-08
0.000000000000000000e+00
0.000000000000000000e+00
0.000000000000000000e+00
1.400146665275769919e-09
1.675321392724526959e-08
0.000000000000000000e+00
4.095896954936506518e-08
0.000000000000000000e+00
2.348787297989929357e-08
3.951691404657786677e-11
5.779317007181816734e-07
2.135706154149374925e-06
0.000000000000000000e+00
3.931994285721884808e-09
4.193375924277376043e-10
5.207895270586959668e-08
0.000000000000000000e+00
8.807379270336923582e-10
4.791052106156712398e-07
1.401317831550841220e-06
0.000000000000000000e+00
3.924986113901240969e-09
2.735116311214369489e-08
5.494192212296411526e-09
3.942840220982901656e-10
2.987341531479614787e-06
8.164428161316905630e-11
2.518510200388845988e-07
5.609908024228893453e-11
0.000000000000000000e+00
2.845941926565842550e-09
7.345951069659406585e-10
6.040277185093145818e-07
0.000000000000000000e+00
1.067056576431468784e-08
0.000000000000000000e+00
0.000000000000000000e+00
0.000000000000000000e+00
0.000000000000000000e+00
0.000000000000000000e+00
6.763759330397078884e-09
6.931296092638206119e-10
0.000000000000000000e+00
0.000000000000000000e+00
1.722461107078743225e-08
6.907610927697760417e-09
2.951862043687469850e-08
7.035633871055324562e-07
2.202528159855887679e-09
0.000000000000000000e+00
2.414820983176468872e-07
3.335152709560418316e-10
1.155534445906880592e-09
1.257932369380654336e-10
0.000000000000000000e+00
0.000000000000000000e+00
8.549152497039358423e-09
4.419586048243218102e-07
6.514576433858110249e-09
5.203388013796939049e-07
8.485733005159090681e-09
0.000000000000000000e+00
9.277735024681987852e-09
2.237946050698269573e-09
0.000000000000000000e+00
3.369574411160591865e-11
8.774410642509167246e-10
0.000000000000000000e+00
1.665738409428740852e-07
5.241849407866538968e-07
8.671403151083723060e-08
1.096068331207789015e-06
4.102169441466685385e-06
3.266868331408545600e-09
6.873997371314999327e-09
0.000000000000000000e+00
3.529791736678333791e-10
3.092528544357264764e-08
4.489876914703927469e-08
0.000000000000000000e+00
1.098280133504658806e-09
2.312655844605160382e-08
7.372727139909329708e-08
0.000000000000000000e+00
0.000000000000000000e+00
0.000000000000000000e+00
0.000000000000000000e+00
1.844546293483517729e-09
5.065783525992628711e-08
0.000000000000000000e+00
0.000000000000000000e+00
9.675346079873747840e-10
9.090647345999514073e-09
3.158660604185570264e-07
5.653572610064827586e-10
9.201038153605622938e-09
2.475024407644355051e-09
0.000000000000000000e+00
0.000000000000000000e+00
0.000000000000000000e+00
2.450680653964809608e-07
0.000000000000000000e+00
0.000000000000000000e+00
1.575133690145946730e-09
7.420851932948835383e-09
0.000000000000000000e+00
2.793195790218305774e-07
2.783899777369924777e-10
0.000000000000000000e+00
1.880287527455948293e-06
0.000000000000000000e+00
4.925397312227630664e-10
1.070709565453853429e-08
5.510610856518383116e-10
1.058847800550211105e-07
5.620286813723396335e-08
3.947281945748670751e-10
2.695908385419443221e-08
1.041456742893742682e-12
0.000000000000000000e+00
7.826373575881007127e-07
0.000000000000000000e+00
0.000000000000000000e+00
5.155533985834459543e-11
0.000000000000000000e+00
0.000000000000000000e+00
0.000000000000000000e+00
0.000000000000000000e+00
0.000000000000000000e+00
1.984466990734290448e-07
0.000000000000000000e+00
0.000000000000000000e+00
4.062865044396346548e-10
1.057702189721787533e-11
0.000000000000000000e+00
8.030870968234182783e-10
3.210954446331015788e-06
0.000000000000000000e+00
2.042885416386752695e-09
6.268669139330995677e-09
4.519990071116808394e-08
4.801293584932864178e-08
3.998738562493997506e-10
3.049013841405212588e-08
2.754276806626876350e-07
0.000000000000000000e+00
2.459126562825986184e-06
0.000000000000000000e+00
8.397790018932482781e-09
4.089641472693195112e-11
1.017894435406674347e-09
6.234615934630483025e-09
3.085432709326596523e-08
3.284251988588948734e-06
1.987121009960901574e-07
2.318571766871113660e-14
6.762977289298532924e-09
0.000000000000000000e+00
0.000000000000000000e+00
8.816853358517562356e-10
1.293933138413194683e-07
4.742172876603945042e-09
0.000000000000000000e+00
2.930117659616371384e-08
2.568369161792816158e-08
0.000000000000000000e+00
0.000000000000000000e+00
0.000000000000000000e+00
9.317102644956776203e-09
0.000000000000000000e+00
1.417876593912126282e-09
0.000000000000000000e+00
0.000000000000000000e+00
6.404707164620049298e-07
1.351736411692172624e-08
0.000000000000000000e+00
0.000000000000000000e+00
0.000000000000000000e+00
0.000000000000000000e+00
1.328186952781473806e-11
9.240586109626747202e-07
0.000000000000000000e+00
0.000000000000000000e+00
0.000000000000000000e+00
0.000000000000000000e+00
2.414701105735161946e-09
1.800554039199653289e-09
2.030303249966891599e-07
0.000000000000000000e+00
0.000000000000000000e+00
0.000000000000000000e+00
8.435447895749348390e-09
0.000000000000000000e+00
3.528635375005251262e-07
0.000000000000000000e+00
8.156681552407007985e-09
0.000000000000000000e+00
0.000000000000000000e+00
0.000000000000000000e+00
0.000000000000000000e+00
6.174533329073028654e-09
4.399311990255228011e-07
0.000000000000000000e+00
0.000000000000000000e+00
1.331504364543434349e-07
1.139617011869376029e-10
5.086743612991995178e-07
2.569001544827642647e-08
2.201262228052058845e-10
0.000000000000000000e+00
0.000000000000000000e+00
0.000000000000000000e+00
0.000000000000000000e+00
1.340837330054966969e-09
2.055486225671643297e-09
1.728842136117236805e-07
0.000000000000000000e+00
8.027162046175817522e-09
1.951417250012354998e-09
2.473388576618162915e-06
3.632567135980480089e-09
1.114171879756931105e-10
1.265554505636146132e-08
6.740784375125485894e-09
2.550740868523249105e-12
7.969067610247293487e-07
0.000000000000000000e+00
1.324855929851764813e-06
9.468966055692362715e-08
0.000000000000000000e+00
1.139069549793703118e-08
1.067853028224874379e-09
1.528217978830070933e-07
4.227750878271763213e-07
1.784723036024615794e-09
2.564893393161571389e-12
0.000000000000000000e+00
5.295567984120452820e-09
0.000000000000000000e+00
0.000000000000000000e+00
0.000000000000000000e+00
1.696535946393851191e-06
0.000000000000000000e+00
0.000000000000000000e+00
5.825508825330061313e-11
0.000000000000000000e+00
0.000000000000000000e+00
9.229545128164318157e-09
1.252961623343651354e-10
0.000000000000000000e+00
0.000000000000000000e+00
0.000000000000000000e+00
0.000000000000000000e+00
0.000000000000000000e+00
0.000000000000000000e+00
6.159789475365662348e-13
1.067323673886733104e-09
2.134208587634134346e-09
0.000000000000000000e+00
0.000000000000000000e+00
7.266617529921859386e-09
7.048753580818356568e-09
5.854670526161953603e-09
0.000000000000000000e+00
9.185857074989201010e-10
7.144701275052511846e-09
2.121106845720532874e-08
0.000000000000000000e+00
0.000000000000000000e+00
2.123068908177483394e-11
6.454963785706979706e-10
3.951964515636063879e-07
0.000000000000000000e+00
6.836693433598384217e-09
0.000000000000000000e+00
1.167137231306014655e-08
4.318312200879415030e-12
9.752140428531674843e-09
0.000000000000000000e+00
0.000000000000000000e+00
5.099034527944468209e-09
3.745078345218644245e-07
5.375158984577410592e-09
0.000000000000000000e+00
2.911734395261156294e-11
8.918381588784995984e-10
0.000000000000000000e+00
0.000000000000000000e+00
2.672214290393593733e-14
1.607658783875365316e-09
6.594466750442506964e-09
0.000000000000000000e+00
1.195307416414215229e-12
0.000000000000000000e+00
0.000000000000000000e+00
0.000000000000000000e+00
1.098749535799470323e-08
9.280559432056634250e-09
0.000000000000000000e+00
5.641628035846224520e-07
5.681537231794209220e-07
0.000000000000000000e+00
0.000000000000000000e+00
0.000000000000000000e+00
5.474623776535736397e-07
1.155813151854090393e-07
0.000000000000000000e+00
0.000000000000000000e+00
6.948465625100652687e-08
0.000000000000000000e+00
3.999694464518199766e-10
6.710537547860440100e-08
2.913510286361997714e-07
0.000000000000000000e+00
1.438367827621966910e-11
2.083547334663649053e-09
2.153332161469734274e-07
0.000000000000000000e+00
4.854226517636561766e-06
2.448884970362996683e-07
9.884008704830193892e-07
0.000000000000000000e+00
0.000000000000000000e+00
0.000000000000000000e+00
2.221742988695041277e-06
5.284808146654995653e-10
4.339732484481828578e-08
3.002234905125078512e-09
9.996608874018875213e-09
0.000000000000000000e+00
8.251810346138199748e-11
0.000000000000000000e+00
2.362102735631310679e-09
1.156188886852760334e-06
2.380938224355588773e-10
2.761571806786378147e-07
6.067409241694576849e-09
0.000000000000000000e+00
8.016922681264304629e-10
3.097940237672958119e-10
1.952894379542158276e-08
2.448682892008946510e-07
6.217314219014724586e-09
8.828915376568602369e-09
2.928934463852783665e-07
2.645889196628559148e-08
2.581183622396565625e-08
3.841042683916384703e-08
9.261774458479976602e-09
1.210244260363424473e-08
0.000000000000000000e+00
1.847344265115680173e-06
0.000000000000000000e+00
1.663439053167792281e-09
0.000000000000000000e+00
8.325564126998585834e-10
3.161424233510956583e-09
0.000000000000000000e+00
7.988692374283345998e-09
1.153741635562255397e-07
3.903122092197008897e-08
2.530402332112657859e-09
2.292746557941427454e-06
1.182012510980712250e-06
1.746659067380917918e-10
4.568273759275598422e-09
0.000000000000000000e+00
3.647762270020393771e-08
4.033148925941532070e-09
0.000000000000000000e+00
4.653040175384148824e-09
8.498390435818237165e-09
0.000000000000000000e+00
0.000000000000000000e+00
0.000000000000000000e+00
3.058393316379692806e-09
3.539165618349215947e-07
0.000000000000000000e+00
1.786798833891545257e-11
0.000000000000000000e+00
5.471344138641143218e-06
0.000000000000000000e+00
7.856283401608266104e-10
4.097584280771116028e-07
2.780294217075152119e-09
8.466722434263829200e-09
1.853306912380503491e-07
1.102999469537735422e-08
0.000000000000000000e+00
1.260491444554645568e-07
8.137601703595009894e-09
0.000000000000000000e+00
5.320558660315555244e-09
3.097675715935110929e-08
0.000000000000000000e+00
0.000000000000000000e+00
0.000000000000000000e+00
4.354878626600111602e-07
3.490091993185728825e-09
9.017507629494048160e-09
4.102030271013745732e-09
1.611979172366773128e-07
1.314598541135580945e-09
0.000000000000000000e+00
0.000000000000000000e+00
3.299201356554704034e-09
1.060328031599055976e-06
0.000000000000000000e+00
1.574149308680716786e-07
0.000000000000000000e+00
6.486157531071512494e-07
0.000000000000000000e+00
1.877625237511892919e-07
0.000000000000000000e+00
1.600345744812159410e-09
0.000000000000000000e+00
9.707312287332570122e-09
2.545292865363535384e-10
1.424743101274827950e-09
9.724201888161587704e-09
0.000000000000000000e+00
1.808750260678948507e-09
2.438114377056876947e-09
0.000000000000000000e+00
9.454540261799593281e-09
1.094566770554195045e-09
4.105697559708687550e-09
0.000000000000000000e+00
4.290771826731543115e-08
0.000000000000000000e+00
7.938059098933081259e-09
2.430227352689939835e-09
1.288295772144953943e-11
0.000000000000000000e+00
0.000000000000000000e+00
4.115062068876795820e-08
2.662942782949428988e-11
1.405986154168203939e-06
9.558217328731188900e-09
2.024455767468680278e-07
3.722289321217431279e-08
0.000000000000000000e+00
1.507747171558548871e-08
5.287082558425026946e-07
7.870807894327924714e-10
0.000000000000000000e+00
9.489356216363376006e-07
1.928153459118675528e-08
1.626582479818949878e-10
0.000000000000000000e+00
0.000000000000000000e+00
0.000000000000000000e+00
5.786505496985228092e-09
2.282578407175606117e-06
9.073094275890980498e-09
9.566888614642721222e-09
5.978693096153619990e-10
0.000000000000000000e+00
9.274635504041839340e-10
7.795820100575667766e-10
0.000000000000000000e+00
0.000000000000000000e+00
7.020698689075288712e-08
2.920812036677489232e-09
8.987070998500712449e-08
0.000000000000000000e+00
6.492767283816647250e-07
2.442891755549680965e-08
0.000000000000000000e+00
1.633214992580178659e-06
3.268973003400788002e-08
0.000000000000000000e+00
2.421356726234336065e-10
0.000000000000000000e+00
2.386081054961408654e-10
1.932588533648527118e-09
5.716342066364177299e-09
1.004669858417628348e-08
3.947590982988913311e-07
1.954827268946246477e-07
5.478323350516234314e-10
0.000000000000000000e+00
4.772082728976556609e-09
4.225207423519394823e-12
5.119360491079305575e-11
0.000000000000000000e+00
0.000000000000000000e+00
1.509400826549267549e-09
0.000000000000000000e+00
6.086798176596630583e-09
0.000000000000000000e+00
0.000000000000000000e+00
0.000000000000000000e+00
1.184648379393138384e-08
0.000000000000000000e+00
1.688377579966982012e-07
0.000000000000000000e+00
1.083352074715548952e-08
0.000000000000000000e+00
0.000000000000000000e+00
1.179420578978351841e-07
0.000000000000000000e+00
2.399552911924729415e-08
2.042346025632468809e-08
6.110000283499061879e-10
3.624766691245895345e-07
7.151554903828127863e-09
4.461200853178581838e-11
3.600459708152925487e-09
1.520163976920230198e-07
1.336897526016400661e-06
9.121340553974732757e-07
2.648560304407965305e-08
1.020661066775119252e-08
3.902493972418596968e-07
4.959029524798097555e-07
1.512481029308787583e-09
4.389659746806273688e-09
0.000000000000000000e+00
0.000000000000000000e+00
0.000000000000000000e+00
0.000000000000000000e+00
0.000000000000000000e+00
0.000000000000000000e+00
7.071814800418962932e-10
2.126344043062999845e-06
0.000000000000000000e+00
0.000000000000000000e+00
3.607953935613750218e-09
0.000000000000000000e+00
2.036194990395756577e-09
0.000000000000000000e+00
7.906352550435258308e-08
3.128024061993528449e-09
8.490828484752910299e-09
0.000000000000000000e+00
1.827233120366145158e-07
2.476866711731418036e-09
0.000000000000000000e+00
1.988234998862026259e-07
4.393863406448872411e-08
0.000000000000000000e+00
1.438812291532087784e-09
8.962537201111231422e-13
1.139481469181191642e-07
3.210050003588094114e-10
0.000000000000000000e+00
0.000000000000000000e+00
0.000000000000000000e+00
2.081999683767321585e-09
1.452146936031795121e-08
1.503596649854443967e-06
0.000000000000000000e+00
7.824397130207216833e-08
1.246540477950475179e-06
4.322369406839499106e-10
1.238928848401599225e-09
6.252995490285684355e-07
4.078839002663592339e-11
0.000000000000000000e+00
0.000000000000000000e+00
3.285826499777044774e-09
0.000000000000000000e+00
1.836651275510803316e-09
9.403384737538544869e-09
3.264373438227607949e-09
0.000000000000000000e+00
0.000000000000000000e+00
1.617070438442169689e-06
4.245682277970175278e-11
0.000000000000000000e+00
0.000000000000000000e+00
2.579778310973779298e-07
2.668424770035926485e-08
2.890462313942521178e-10
2.297261936234917812e-09
4.024376387690153933e-09
4.005924036931673982e-09
2.520144448681094218e-08
7.676089625041626618e-11
6.051180445609816161e-09
1.537512200888713210e-10
1.366706499084102688e-07
1.419801165525313991e-08
6.977018074394436553e-09
4.657388298807962901e-13
4.160922273399592086e-09
0.000000000000000000e+00
4.932357455800229218e-08
1.085584844240372604e-09
1.256382220482521461e-09
0.000000000000000000e+00
2.074669964713393711e-07
0.000000000000000000e+00
1.352654543929077136e-09
0.000000000000000000e+00
0.000000000000000000e+00
3.162547841384366620e-07
3.186459707205102632e-10
6.301730248736703288e-09
3.477129695284020272e-09
2.616973233671160415e-06
0.000000000000000000e+00
1.197839827327129569e-09
3.317477137443347601e-08
3.092711420293881019e-09
1.948717226696317084e-06
2.443433455567856072e-09
1.054240375553128217e-11
1.632668755746635725e-07
0.000000000000000000e+00
1.491655576835171360e-09
2.968238277389900759e-07
1.793734050181683415e-08
6.990321708144620061e-07
1.974141468963352963e-06
5.077513165474556445e-08
4.884148641082219910e-09
1.166271999863965902e-06
0.000000000000000000e+00
1.149372330644382600e-08
4.497548999893297150e-09
1.240302509586399538e-07
1.577729375097647324e-12
4.491693239572214225e-09
4.460781610760022886e-07
9.965107210518908687e-07
0.000000000000000000e+00
0.000000000000000000e+00
0.000000000000000000e+00
1.213630174135005291e-08
4.426110145061556977e-09
4.617344284696400791e-09
4.353967408832204455e-09
0.000000000000000000e+00
0.000000000000000000e+00
0.000000000000000000e+00
4.189600701920426218e-07
3.054054622045332401e-12
8.939966100740548427e-09
1.128835378949588630e-06
4.364986239124846179e-07
6.162160115508186209e-09
0.000000000000000000e+00
2.402369414511440482e-10
1.580796778199999864e-11
3.307208396030603126e-10
0.000000000000000000e+00
0.000000000000000000e+00
0.000000000000000000e+00
0.000000000000000000e+00
0.000000000000000000e+00
0.000000000000000000e+00
1.182254849574349009e-09
0.000000000000000000e+00
3.340676624219440782e-10
0.000000000000000000e+00
2.771555651648327512e-09
2.327278252778341994e-06
1.694891227366213116e-09
0.000000000000000000e+00
0.000000000000000000e+00
0.000000000000000000e+00
2.037765085560749867e-07
8.377110560786604765e-09
0.000000000000000000e+00
2.454853820221813976e-10
2.398842235962206360e-09
1.991329989792234301e-09
1.838094654260657990e-08
3.045161234283000340e-09
3.405508097742426799e-09
2.143548186173127590e-11
1.807525151775735139e-08
1.310227446538192453e-07
1.486069578504611854e-07
0.000000000000000000e+00
2.259704201534873391e-09
3.630201490523177199e-06
3.235716555805012717e-11
0.000000000000000000e+00
2.163366616514394991e-06
0.000000000000000000e+00
5.782913037322146010e-10
0.000000000000000000e+00
6.614462311205215883e-10
9.257939304063711461e-09
0.000000000000000000e+00
0.000000000000000000e+00
3.865212150344632391e-08
0.000000000000000000e+00
4.621130855753108335e-08
1.508708891151400167e-07
0.000000000000000000e+00
5.859641660777015204e-09
3.122021894341742154e-07
7.596391293773763209e-10
0.000000000000000000e+00
2.516212932457406737e-12
0.000000000000000000e+00
0.000000000000000000e+00
7.429920234613973662e-09
4.201003633852451458e-08
1.446661741510979482e-07
1.238377194567874540e-06
2.828073775162920356e-09
1.431048346489660616e-08
5.940976777196738112e-08
2.058997807807827485e-07
0.000000000000000000e+00
8.596919087722199038e-08
0.000000000000000000e+00
3.653314308849076042e-07
0.000000000000000000e+00
6.756901260729364367e-09
2.989906544570430924e-09
2.710565549790544537e-09
4.974356482279063130e-10
0.000000000000000000e+00
1.332032528722493225e-08
1.656204972277919296e-06
3.478891130725969560e-06
1.347981282151522464e-09
1.399116285938362125e-06
1.769816293517578742e-07
9.051391316461376846e-07
1.859053710973057605e-08
8.262452979579393286e-07
1.162930090004010708e-07
1.129139491240493953e-06
4.013547538761486067e-07
2.589412986253591953e-07
0.000000000000000000e+00
3.541261776263127103e-06
8.086159937192860525e-07
2.523484226912842132e-06
6.110069534770445898e-06
4.442303236373845721e-07
0.000000000000000000e+00
3.938699144612201053e-09
0.000000000000000000e+00
2.557318623530591140e-07
2.151341220724134473e-07
9.323463814325805288e-07
3.345653851738461526e-07
3.929848730876983609e-07
1.477745627198601142e-06
3.233390089008025825e-07
1.181493930468846543e-10
1.250314085154968780e-06
5.480015943248872645e-07
3.581739065339206718e-07
1.712192840841453290e-07
3.840613658212532755e-07
2.633057874845690094e-06
5.826387150520417890e-10
1.342582322649832349e-06
3.579637031236870826e-09
2.764942905741918366e-07
6.923481343790172104e-09
1.658051917985403634e-09
8.544411684852093458e-07
1.757150158709919197e-07
0.000000000000000000e+00
0.000000000000000000e+00
1.253562942338248831e-08
1.054324229698977433e-06
5.693034381692996249e-07
7.201736025308491662e-07
6.725011303387873340e-07
1.750089722918346524e-06
3.555540843080962077e-06
2.906529061874607578e-08
2.481654348684969591e-07
6.370933558486058246e-09
1.294355456593621057e-06
1.420620634462466114e-07
3.652561364475559458e-09
1.435942408534174319e-06
4.826409494285144319e-09
3.543576383435720345e-07
0.000000000000000000e+00
1.323969286204373930e-06
4.190731601738661993e-07
0.000000000000000000e+00
2.042474847030462115e-07
1.056300334312254563e-05
4.651398285204777494e-06
0.000000000000000000e+00
0.000000000000000000e+00
0.000000000000000000e+00
0.000000000000000000e+00
0.000000000000000000e+00
0.000000000000000000e+00
0.000000000000000000e+00
0.000000000000000000e+00
0.000000000000000000e+00
0.000000000000000000e+00
0.000000000000000000e+00
0.000000000000000000e+00
0.000000000000000000e+00
0.000000000000000000e+00
