1.765387082741654012e-06
1.149307536252308637e-06
5.368626261770259589e-06
2.299508672365391249e-08
1.382764125423818768e-08
1.483972145166490009e-08
1.435653906867173646e-08
1.357868484319624258e-08
8.220712999218449113e-08
4.268916331540140163e-09
3.825831740300600359e-08
2.466572937009914313e-07
1.218971874550334178e-06
7.697554451624455396e-07
3.125032890238799155e-06
1.396981929246976506e-06
5.149381195224123076e-06
4.674802482895756839e-07
1.726434106785745826e-08
4.556261956167872995e-06
4.103131630017742282e-07
7.697909495618660003e-06
2.228494849987328053e-06
1.508512741565937176e-05
1.205763133782511431e-08
1.475149701946065761e-06
0.000000000000000000e+00
4.417340164764027577e-07
1.028483438858529553e-06
9.121583389060106128e-06
6.742107871104963124e-06
1.777447550921351649e-06
1.596806100678804796e-07
1.569867436046479270e-08
6.187443002403369974e-09
4.132070444029523060e-06
7.224370506264676806e-07
7.224748969747452065e-06
2.282715649926103652e-05
8.407737936977355275e-07
6.112161088367429329e-08
2.117644157806353178e-07
6.930451036168960854e-06
0.000000000000000000e+00
1.949826810232480057e-06
4.946659373672446236e-06
4.670368070947006345e-06
6.821091119491029531e-06
1.972150812434847467e-06
1.386798317071225028e-06
3.423946282055112533e-06
2.701002813410013914e-06
6.329039479169296101e-06
2.691514850994281005e-07
9.746764590090606362e-06
5.921923275309382007e-06
1.849222030614328105e-06
3.262048949181917123e-06
1.195778622786747292e-05
4.081200444261412486e-08
3.496672107416998188e-08
4.663758318201871589e-06
3.504753465222165687e-08
6.223988748388364911e-06
6.062703960196813568e-06
5.076358775113476440e-06
0.000000000000000000e+00
3.976975051500630798e-07
3.610022758948616683e-05
2.203509211540222168e-06
1.276304556085960940e-05
3.065459566187200835e-07
1.208721187140326947e-05
3.301092510810121894e-05
7.752621968393214047e-06
4.426218538355897181e-07
7.779186489642597735e-06
1.535186925138987135e-06
6.425063929782481864e-06
1.319980128755560145e-05
1.219038040289888158e-06
1.923414629345643334e-06
9.743475857248995453e-07
1.758911139404517598e-06
4.060445917275501415e-06
5.650401817547390237e-06
1.038626123772701249e-05
2.962871576528414153e-06
1.691128431957622524e-06
6.090178885642671958e-06
2.088272958644665778e-05
1.580148250468482729e-06
2.693908209039364010e-05
4.919476850773207843e-06
1.657093548601551447e-06
9.710466656542848796e-06
1.867539708655385766e-06
1.475288939900565310e-07
1.239986249856883660e-05
1.539517688797786832e-05
2.773629830699064769e-06
4.089678895979886875e-06
3.085566504523740150e-06
1.740292191243497655e-06
5.203198725212132558e-06
1.208311914524529129e-06
1.804967155294434633e-06
6.481853233708534390e-06
2.506475993868662044e-06
2.611205900393542834e-06
6.823907824582420290e-06
5.945597877143882215e-06
1.700911752777756192e-06
4.628552687790943310e-06
2.313282152499596123e-07
1.139989080911618657e-06
1.486374356929331952e-09
1.022395645122742280e-05
3.150409710883650405e-09
6.579433442510662644e-09
3.215318656657473184e-06
1.049248155027271423e-08
5.838908805344544817e-07
2.720609927564510144e-06
8.420288821753274533e-08
1.282722791984269861e-06
2.406175481084460444e-09
2.688199174372130074e-08
1.005676324439264135e-07
1.970718358279555105e-06
1.017588324714324699e-08
1.411548922192196187e-08
9.170798165314408834e-08
6.463889690166979562e-07
1.015269731396983843e-06
3.592477870739685386e-09
2.558292422349950357e-08
4.024614383979496779e-07
1.005992180580506101e-05
1.700531049309006448e-09
3.978586793351723827e-09
4.670931019745694357e-08
2.263980150019051507e-06
2.267390755150699988e-07
1.786043299034645315e-06
1.062283558894705493e-06
3.680572035591467284e-06
7.101386017893673852e-06
2.654423347792089771e-09
3.527489056409649493e-08
1.125250226330365422e-09
1.841918759737382061e-07
7.681025593342383218e-09
4.349922448909637751e-07
2.844728452799927254e-09
5.302361842041136697e-06
1.104527314055303577e-08
1.314725395218374615e-08
5.420478732531819333e-09
2.991104565808200277e-06
1.631514834343761322e-08
9.212299545424684766e-08
4.670042983434541384e-07
9.812590178626123816e-06
6.367061189394007670e-08
1.073922373251434692e-08
5.435958314592426177e-07
4.401921103180939099e-07
2.807875603139109444e-07
1.704479359432298224e-06
8.178502071132243145e-07
2.481649744368041866e-06
2.133231873813201673e-06
1.274559281227993779e-06
3.886186277668457478e-06
3.085076372144612833e-08
3.996275310669261671e-09
1.299736823057173751e-06
8.870854628639790462e-08
1.059818455217964583e-08
7.486997901651193388e-07
1.262673432478322866e-08
1.288988737968566056e-08
7.208657559765185852e-10
4.737214509553666630e-10
1.809434158062117604e-09
1.704232886368117761e-06
8.059631850798609776e-10
4.093851373454526765e-07
9.638762321628746577e-07
3.998133706772932783e-06
2.894757500371269998e-08
7.016334166110027581e-06
2.610893545806902694e-07
1.810565208870684728e-07
7.444524641186944791e-08
7.983620889717712998e-06
2.728499566728714854e-06
1.311441224061127286e-06
1.278713881447401945e-07
2.016615326283499599e-06
1.789920929695654195e-06
1.190057190569859813e-07
1.852383320510853082e-06
6.796295110689243302e-06
1.415514589098165743e-06
5.500403858604840934e-06
0.000000000000000000e+00
7.248011115734698251e-06
8.238909998681265279e-08
7.890838560342672281e-08
6.741876035221139318e-08
2.008705202172222926e-08
6.076353198380957110e-09
5.649774537097584926e-10
1.454425046176766045e-06
3.820658900366424859e-09
3.316562668942424352e-08
2.036945012662272347e-08
1.721138453980586291e-09
1.544524685925807717e-08
8.902665626919770148e-07
4.155749138590181246e-06
4.057946171087678522e-06
3.783724196182447486e-07
3.250203462812351063e-06
1.237021596267595669e-08
4.816304510768532054e-08
1.479750267208146397e-06
9.756530516824568622e-07
2.754328543019823883e-09
2.307191380168660544e-06
2.579509228439746948e-08
9.266933034268731717e-07
4.371103923261898672e-09
9.971897974025978328e-09
1.220747947172640124e-09
5.577815098689598017e-09
3.944586751458700746e-06
1.728885536067537032e-06
1.249654530965926824e-07
9.152513769095094176e-08
1.782917813386575290e-08
0.000000000000000000e+00
5.550768946704920381e-07
3.154123930926289177e-07
1.380053618049714714e-06
1.531696547374394868e-08
3.278148197338737191e-09
1.692817932053003460e-06
2.943547769973520190e-06
1.872209338671382284e-07
2.330919414816889912e-06
4.188697033669086522e-08
3.233037304539720935e-08
2.780803015411947854e-06
2.900645768022513948e-06
1.374515363750106189e-06
2.001704402232462598e-08
2.212027538917027414e-06
1.683398181739903521e-06
1.346456656392547302e-06
0.000000000000000000e+00
1.055883647183009089e-08
0.000000000000000000e+00
2.625664023980789352e-07
6.674340369272613316e-08
3.712361603902536444e-06
5.188949671719456092e-06
1.189339027263258686e-08
7.291506065598696296e-09
1.094763946163368473e-09
2.490665673704484107e-09
3.208391108344699205e-09
1.433815288720552417e-09
1.551683567413419951e-06
2.101553917555065709e-07
3.058828967894555717e-09
1.856316345083541819e-08
4.466760827881444129e-08
7.184169135143747553e-06
1.189026647807622794e-06
1.650410013098735362e-06
6.302666166746462295e-10
5.897909431951120496e-07
3.450184067332884297e-06
1.087971668312093243e-05
4.068237746679415068e-09
2.338940475965500809e-06
1.909957063617184758e-06
5.038274366597761400e-07
4.357651128827910725e-09
2.696850209815693233e-08
1.217489511873282026e-06
6.204678548726860754e-09
9.522798904981755186e-07
1.177396224960602922e-08
2.764922157894034171e-07
1.398047061229590327e-06
1.878452593473411980e-07
2.529718869936914416e-07
7.771839283243764385e-10
1.026649442792404443e-06
3.012662318724323995e-06
0.000000000000000000e+00
2.891792291848105378e-06
2.873560788430040702e-06
3.665367032112953893e-08
2.649058394865733135e-08
1.610346744840285282e-09
1.746537009239546023e-06
5.899864596869974775e-09
5.489320109575146489e-10
0.000000000000000000e+00
3.267660417805018369e-07
1.391656478944014452e-08
1.783054415227525169e-07
1.298706280294936732e-07
2.943697730017902359e-09
1.201822819041353796e-08
0.000000000000000000e+00
2.338412201652317890e-07
0.000000000000000000e+00
3.286146110781373864e-08
1.801687865565781976e-08
2.734731019415903575e-08
1.161181550912715466e-08
1.349513001347446561e-10
2.802936771573172337e-09
1.226785002472752240e-06
4.139273642067564651e-06
0.000000000000000000e+00
6.030302035497925317e-09
9.537797218683863321e-09
2.041553671006113291e-06
7.004027358092912436e-10
2.426197021065945592e-09
2.040303570538526401e-06
1.275332465411338490e-06
2.182199487776870228e-08
7.654973188664371264e-08
1.021475792839510177e-09
2.903445874835597351e-06
7.351578119596524630e-07
2.406823114142753184e-07
1.196792254631873220e-05
1.311346863985818345e-06
3.128879768610204337e-07
4.524035368547174585e-09
1.661298085764428833e-07
1.147344391938531771e-05
4.575700245368352626e-07
1.902001031339750625e-06
3.095696143873283290e-09
1.545175898343131848e-08
9.635463982249348192e-08
9.723073191025832784e-08
2.615843186504207551e-07
7.706958058406598866e-07
3.430817230309912702e-08
2.491311192898137961e-07
0.000000000000000000e+00
2.319634262448744266e-08
1.856953701917518629e-07
4.064474978804355487e-09
2.478674105077516288e-06
3.084353181748156203e-07
3.432203854458748538e-09
1.319322251447374583e-08
1.805332772164547350e-07
1.673996194995197584e-07
1.083891106645751279e-06
5.578591810717625776e-08
1.476547311085596448e-07
2.217669825554935414e-09
0.000000000000000000e+00
0.000000000000000000e+00
3.236575096821070474e-08
1.119919261327595450e-06
0.000000000000000000e+00
0.000000000000000000e+00
0.000000000000000000e+00
0.000000000000000000e+00
9.939106426770649705e-09
6.101153644522128161e-07
6.110222106059381986e-09
0.000000000000000000e+00
0.000000000000000000e+00
4.079825885128229856e-06
7.284779002247887547e-08
5.254180450720014051e-07
3.287605521151704124e-09
8.751902669246192090e-08
0.000000000000000000e+00
8.250075893556640949e-07
3.356944944243878126e-07
4.008445051578712892e-13
2.542026322771562263e-06
3.966826866985684319e-09
1.226344693350256421e-06
2.204327671506689512e-07
3.788001379234628985e-08
1.313297293137338784e-08
0.000000000000000000e+00
1.701510043972120911e-08
3.072240517543178839e-10
5.167231642566605387e-10
3.224692335379586439e-08
1.504609485891705845e-07
5.345265208234195597e-07
6.843125177624642674e-09
6.905062946316320449e-06
1.020503681559148390e-08
6.774742544735090632e-09
3.921168172382749617e-06
2.219172074546804652e-06
1.337766479991842061e-05
5.766993922406982165e-07
5.898779136259690858e-07
1.289896317757666111e-05
4.540950158116174862e-06
2.101242291274729723e-09
1.062784690475382376e-06
5.337214403766665782e-08
0.000000000000000000e+00
1.405284599798051204e-08
2.581007265689549968e-06
7.184459036579937674e-07
3.042778118356181949e-08
4.797059318661922589e-07
1.176975139571823092e-08
4.855701174477644599e-09
2.989718950630049221e-06
1.362372586299898103e-06
1.846491137769135094e-08
4.375196205330666999e-09
8.593938005674317537e-09
5.150833981559799213e-09
2.461634096562193008e-07
9.438268833150686987e-09
1.168189669442654122e-06
0.000000000000000000e+00
3.807599853189458372e-07
4.945403020428784657e-07
3.756103872376570507e-09
5.109324661134451162e-07
4.542453080347286232e-10
0.000000000000000000e+00
7.007688509474974126e-07
0.000000000000000000e+00
0.000000000000000000e+00
4.467791914208874005e-09
8.257994288385361870e-09
2.077112526421842631e-08
7.057831402645931007e-11
7.769337457830260973e-07
1.202032073877035145e-08
8.410076191012194613e-09
2.065023181785363704e-06
4.567799749555234712e-10
4.967842581748982411e-09
4.068362500220246147e-07
2.175835902562539559e-07
1.150517370263060002e-08
2.747886140852529024e-09
3.079254351501248266e-10
0.000000000000000000e+00
0.000000000000000000e+00
0.000000000000000000e+00
1.887680678436254311e-09
0.000000000000000000e+00
9.439922621368168620e-09
9.929582489576205262e-09
0.000000000000000000e+00
8.378815419263219155e-10
0.000000000000000000e+00
4.271032594260759652e-08
4.560314792456665600e-09
1.100716140456370340e-08
1.061483168030008528e-08
0.000000000000000000e+00
3.535114103669911856e-07
0.000000000000000000e+00
1.009701833254439407e-07
4.042455259423149982e-08
2.829316940733406227e-07
0.000000000000000000e+00
3.630568734536154807e-09
0.000000000000000000e+00
8.408223038713913411e-06
1.731754739608959426e-10
3.347834081068867818e-06
5.827283100501290392e-09
2.405786458936631789e-09
3.112280069217376877e-07
9.254555521920337924e-08
1.646320413328794530e-08
5.624324117547985225e-09
5.271363434644626977e-08
1.731534915450083645e-08
5.311681547937041614e-07
1.768092161569256859e-08
2.625585859838963643e-11
7.748540724605845753e-07
2.177073454845412925e-08
1.725937082142081636e-08
3.847209839591414493e-08
3.457020891772799587e-09
8.759604597230463696e-09
3.363834821357158944e-06
1.561346493872406427e-06
2.405447219189227326e-07
5.756043037763447501e-07
1.306412542589896475e-07
7.470043328794417903e-06
2.010811158470460214e-06
3.961908703331573633e-07
1.938249624799937010e-06
7.637336096877334057e-09
1.668400841481343377e-06
7.358655125244695228e-07
8.509069317208517447e-12
5.220616472456640622e-08
1.314905034632829484e-06
6.248754291782177006e-11
5.991013836137426551e-07
7.105471322432777015e-09
2.790432240828977228e-08
7.191900852632215901e-09
1.255780375686299521e-06
1.147626917941124702e-07
7.872223051208493416e-08
1.800517734906748046e-09
1.773805934135452844e-06
2.377646701745561586e-08
3.438871631900042303e-09
1.438329718439490534e-06
1.608035091749115963e-07
9.753314600402518408e-09
2.418397079817502515e-11
8.031694420651547262e-09
1.003385818876267876e-09
5.119182233670471760e-08
1.687461121946398634e-06
6.055359769163715100e-09
0.000000000000000000e+00
3.033202844449078839e-08
2.199044502049218863e-08
1.307641148140525900e-11
9.093803932103128318e-09
7.959242793731391430e-07
1.205913918056467082e-06
1.103434215110610239e-06
0.000000000000000000e+00
1.170582095255667809e-06
2.786330055570829245e-09
1.301160523325961549e-06
4.592239033485157051e-09
3.748497512390258635e-09
1.689139494942537567e-08
8.796422434897976927e-07
2.535605680975550058e-08
1.146053136835689656e-06
1.579359576453498448e-08
6.128250902293075342e-07
1.184670637144336069e-07
8.079877211741859355e-09
0.000000000000000000e+00
1.937978368005133234e-06
7.611696872800166602e-08
0.000000000000000000e+00
2.685488098563837411e-08
5.944741143792953153e-09
7.707022575687005883e-09
3.804330184209447907e-09
0.000000000000000000e+00
0.000000000000000000e+00
0.000000000000000000e+00
1.409521019013482146e-06
3.006538074057374388e-10
1.909920932519071357e-08
4.893437832720337610e-08
2.239904484113708349e-09
3.436840501080951071e-08
5.166293171043889743e-09
0.000000000000000000e+00
0.000000000000000000e+00
8.276728191702886761e-10
2.999282955329363176e-08
4.136684879085805733e-07
4.048396284872524120e-09
9.541961532022469328e-08
0.000000000000000000e+00
3.199442044632405668e-09
1.176663317892234772e-06
1.682551320492109426e-09
2.975160562357359595e-09
5.197289265623794563e-09
2.106822734049274004e-07
3.100965928481969058e-09
1.200113874944008785e-08
6.580931994903949089e-07
4.101539161638356745e-07
4.420818555672667571e-08
1.796400184161939251e-08
2.000140320035370678e-08
3.894423272754465870e-08
3.431917150464869337e-08
5.260825730601936812e-08
9.360975994354703289e-09
8.009523639884719159e-07
7.019671649510783595e-11
0.000000000000000000e+00
3.202864263585070148e-06
5.166691519065125249e-09
3.086066513446894533e-08
3.156390221192850731e-06
1.616107965674018487e-06
3.783152990877169941e-08
1.946349073023156961e-07
1.142208772009212225e-09
3.075544441344391089e-08
7.401264156214892864e-06
6.985579670271135910e-09
1.933518234409348224e-07
8.179343424785656680e-09
2.869761139834281494e-08
8.296267672847079666e-09
3.596326223487267271e-06
2.394667797389615771e-09
3.137072610570612596e-07
1.239409073150454788e-07
0.000000000000000000e+00
7.525508549655057777e-10
1.257299242496401348e-08
1.214654932191194803e-09
3.352605290274368599e-06
6.131510854601174287e-10
4.457400564206182025e-07
2.620233772177016363e-07
2.125679188225149119e-09
2.488476184225874022e-06
2.095282836123146808e-09
1.079873790388319321e-08
4.568902589596746111e-09
1.174651487190203625e-08
1.386773931244533742e-07
0.000000000000000000e+00
2.606172833097275543e-09
0.000000000000000000e+00
4.366842887293387321e-08
6.458371615281066624e-08
0.000000000000000000e+00
0.000000000000000000e+00
2.606692248718900373e-07
2.778977221951084431e-11
2.067785526138621321e-11
2.774790708315322263e-08
2.389110465017552087e-09
3.899560524749795531e-13
2.607076794447493739e-06
1.916689695846685026e-09
5.576237693816210594e-09
2.607860665193584282e-07
4.259728029865073040e-06
5.626069423669832759e-07
3.532385619564593071e-07
1.520762964446475962e-07
1.130779949676252727e-07
0.000000000000000000e+00
1.837440549934399314e-06
1.110597693809722841e-07
3.361334321994036145e-08
7.943937174736959150e-10
3.860090203033905709e-08
2.011643545074548456e-07
0.000000000000000000e+00
0.000000000000000000e+00
3.604454290595526800e-09
1.314309201916330494e-06
5.762083588045641136e-10
3.625025835063411250e-09
0.000000000000000000e+00
0.000000000000000000e+00
6.526414825236415140e-11
5.515097711850103224e-09
3.761731903750842321e-08
0.000000000000000000e+00
3.571012427983077941e-07
1.459231270928285085e-06
1.219248133565997705e-07
2.734096282708264880e-10
7.262902723681463613e-09
0.000000000000000000e+00
4.556034660652130697e-09
0.000000000000000000e+00
2.093585749207704794e-07
1.346841482785521293e-08
2.722339615957025671e-07
8.568786569185249391e-09
0.000000000000000000e+00
0.000000000000000000e+00
1.411747607704683105e-09
1.058596353686880320e-06
5.386468160395452287e-09
4.614831823346321471e-07
1.833444152055108134e-08
0.000000000000000000e+00
2.419022315791607980e-08
0.000000000000000000e+00
2.726533807617670391e-07
0.000000000000000000e+00
1.680162953210384558e-10
2.027162963713635691e-06
3.117197167057383922e-08
1.114845549210485842e-08
9.495846597928903066e-08
5.868470154268834449e-08
2.622796557716355892e-07
4.812973977696977101e-11
7.764728415793342720e-09
2.293270426889648661e-06
4.821976631319557782e-07
2.447776203950979834e-08
3.282109446445247158e-06
0.000000000000000000e+00
1.687236874658992747e-07
4.007254574389662594e-06
7.120880773925364338e-09
4.099467219020880293e-07
5.196107544236383546e-09
1.360935808492058641e-08
7.051657462397997733e-07
9.995615890545650473e-09
1.145483338405028917e-06
6.461803536694787908e-07
1.417977818496396480e-10
4.568080385070061311e-06
2.334891405553207733e-06
6.177646127980551682e-08
2.995826662299805321e-06
0.000000000000000000e+00
1.589847755667506135e-07
1.995900320017618412e-11
1.097714402931160294e-06
5.547940418182406574e-07
5.078055664853309281e-07
1.668067739046819042e-06
3.569313733464696270e-08
2.384992292547849502e-08
4.815188390239200089e-07
8.000060347512771841e-08
1.345904934169084299e-06
2.724615866256385743e-09
3.528577963152201846e-08
6.591406087608220332e-09
2.564589749454171397e-06
2.591149694808336790e-08
2.581221902886454700e-10
8.099821968698961427e-08
6.259324170088120809e-10
8.697027169546345249e-07
1.484452005762193494e-09
1.911517756525427103e-06
0.000000000000000000e+00
1.026809357540514611e-07
3.449542163025398622e-08
7.665382995014624612e-09
6.918417483348093810e-08
3.529520453682266634e-09
5.640807376749989999e-09
1.617230971362459968e-08
3.667399184337227780e-08
8.036558085677825147e-08
1.187039018191171635e-07
2.111497865442402144e-09
1.117905767955562624e-07
1.277943173505491359e-08
3.924727991488907719e-07
7.735545182185887825e-07
5.030297067776245967e-09
1.787862835556097707e-08
1.238570916939352173e-07
1.716593672762556366e-10
0.000000000000000000e+00
2.119533519362448715e-06
1.399789084643998649e-08
7.008855273937797392e-09
1.180606634676450994e-08
6.199737754286616109e-07
2.195567477825122182e-10
1.779514349209421198e-07
3.755541211347690478e-09
0.000000000000000000e+00
1.266832470037115854e-07
1.668745558403017526e-10
4.334021141971788893e-09
1.137262195527455333e-08
2.975387758397118887e-07
2.082576600059837801e-07
5.782155199085536879e-09
7.076582875242820592e-09
0.000000000000000000e+00
0.000000000000000000e+00
0.000000000000000000e+00
0.000000000000000000e+00
3.380093360760838550e-08
4.490130720569140976e-07
3.427675698830512374e-09
0.000000000000000000e+00
3.698796546824922871e-10
1.468855614916719787e-08
0.000000000000000000e+00
2.280713488289620727e-06
9.939941492120851763e-07
9.716456111918958527e-11
0.000000000000000000e+00
5.881888114345201757e-07
2.839638968410440611e-09
0.000000000000000000e+00
0.000000000000000000e+00
3.470300047325736159e-09
9.473547279981175961e-09
1.478757472028746633e-08
0.000000000000000000e+00
7.591972384091150161e-09
0.000000000000000000e+00
2.570673984791937983e-08
0.000000000000000000e+00
0.000000000000000000e+00
3.097323997280909680e-08
4.266419662002363111e-09
4.474380421726209534e-09
8.141287111129713594e-08
1.458943984289362561e-06
9.498801745166929322e-09
6.462867567502694754e-12
0.000000000000000000e+00
2.019980849254920940e-09
0.000000000000000000e+00
0.000000000000000000e+00
0.000000000000000000e+00
1.235251761988465091e-10
5.998819663233234678e-09
0.000000000000000000e+00
5.334864283668139251e-08
5.325134999623060139e-09
0.000000000000000000e+00
8.189637412669981131e-08
1.343110866969254857e-08
3.661076108940619633e-09
1.178988551231441306e-08
1.205527344616541541e-09
2.070491689210030017e-08
4.570373732804000610e-07
5.887052623165800469e-09
1.067518198283323727e-07
6.647143724336501691e-09
1.842014007991110702e-08
2.306687292730202898e-06
0.000000000000000000e+00
7.190601447604194618e-09
5.312368323018290539e-10
3.187029051332501695e-06
7.116382221283856779e-07
8.553874830674601526e-10
0.000000000000000000e+00
4.555934296490704583e-08
3.813790527829041821e-08
3.521968849895529274e-08
3.864035534206777811e-06
1.975074752635919140e-07
1.060817339748609811e-06
3.514510808599879965e-06
6.513945494113215773e-10
2.527281424136162968e-07
3.212264118701568805e-06
3.756491651074611582e-07
3.846126048756559612e-07
1.850614353315904737e-06
1.069610711113000434e-08
2.378517827139603469e-09
5.902503517063451000e-07
1.532780942170575145e-07
1.252977431011326193e-12
1.157685119324014522e-06
9.135117551295479643e-08
1.753071501298109069e-06
1.819018180526654760e-08
7.416851985908579081e-07
3.565954784789937548e-07
3.540125748102695979e-09
0.000000000000000000e+00
2.133894394518165427e-09
3.242217883059339556e-10
6.418809928021573796e-11
0.000000000000000000e+00
7.089479368005413562e-07
2.403536143447126960e-07
2.835034074166742357e-08
2.341646876402592170e-08
2.730432981934427517e-07
4.610687831529958203e-09
1.310997621573051219e-08
4.078292370479630335e-09
4.034048117773636477e-08
4.552914156796816769e-10
7.583265571042829833e-09
1.285797452510450967e-06
8.407419760381174001e-10
0.000000000000000000e+00
6.164228016913853025e-10
0.000000000000000000e+00
0.000000000000000000e+00
6.389896611835865770e-09
0.000000000000000000e+00
0.000000000000000000e+00
6.670679980613769544e-11
0.000000000000000000e+00
0.000000000000000000e+00
0.000000000000000000e+00
5.861781460225756746e-08
7.033609961126785493e-08
3.196674470018479042e-06
4.992260755898314528e-07
3.532185388621655875e-08
6.214944505700259469e-07
2.310795643722940440e-08
0.000000000000000000e+00
7.156637504834861829e-09
1.100865709702247841e-08
1.342994604414116111e-09
4.030785305531026097e-07
9.957336715160636231e-07
3.261857450809202419e-09
2.467722692856000322e-09
3.038022722279265508e-09
8.074120927403782844e-09
2.355076356153062989e-09
0.000000000000000000e+00
0.000000000000000000e+00
7.630723608542666625e-09
5.167913208481422771e-09
0.000000000000000000e+00
4.995701488041959237e-07
8.262918349544179364e-09
0.000000000000000000e+00
8.568323828228585626e-09
3.326720232621482864e-08
1.120310866298268593e-08
1.205684725391620304e-06
0.000000000000000000e+00
0.000000000000000000e+00
6.000463770305941580e-08
0.000000000000000000e+00
0.000000000000000000e+00
0.000000000000000000e+00
1.556866413565671792e-09
4.140082943138168048e-09
0.000000000000000000e+00
4.961072441744818207e-09
2.801089804549405926e-09
0.000000000000000000e+00
4.766314418702677358e-07
6.329919255421145863e-09
2.475631163179059513e-06
1.191713305814801060e-08
0.000000000000000000e+00
5.097792410424517584e-09
0.000000000000000000e+00
6.076693037648794871e-10
3.223045830225146346e-09
1.851949704700928123e-08
2.218507183515683323e-10
2.416402855587307386e-09
1.949443003468331881e-06
4.581332177622243762e-06
3.829108585762242001e-09
0.000000000000000000e+00
4.791552044025593204e-09
6.449130296459770761e-08
8.900476466955353771e-10
0.000000000000000000e+00
0.000000000000000000e+00
0.000000000000000000e+00
4.459465401396300877e-07
0.000000000000000000e+00
5.114227263902648701e-08
1.450722764140266463e-09
1.845688490931252090e-09
0.000000000000000000e+00
2.988620622090820689e-07
1.452122244671727458e-08
1.317452870353008620e-06
1.169393840427801479e-06
8.909893267627921887e-07
2.095667213097840431e-07
1.000525617911307563e-08
6.368477443174924701e-07
1.550432102703780401e-06
0.000000000000000000e+00
8.704799938641372137e-07
1.933239524021246325e-08
1.217471776726597454e-07
1.112643758460762911e-06
5.193223273636249360e-07
1.147245676236252621e-08
2.237858041098661488e-07
7.166329965002660174e-07
3.999489308625925332e-06
3.267852211052968414e-09
1.971891606444842182e-06
1.561321141707594506e-06
5.893056709282973316e-07
4.612630277733842377e-09
5.170684769240097012e-09
3.078687768720556051e-06
3.168992152025040809e-11
9.233466435887294210e-09
3.134331683085633813e-10
5.586393285739177372e-07
1.935983462431067892e-08
6.713788414103305513e-10
2.134572696377290413e-07
2.086394943034974858e-06
1.002156793106223631e-07
1.191072462880526928e-09
2.102848561946757400e-08
8.561851672084230813e-09
0.000000000000000000e+00
5.655807822080305414e-09
1.380081737778482420e-08
8.679401730660174508e-08
2.173919000370005961e-08
9.789411059557551198e-09
1.037888495147853973e-07
1.042848563059806111e-08
2.009469881159020588e-06
0.000000000000000000e+00
3.463078002141628531e-08
7.836646886971720960e-10
1.599208410141272907e-08
6.890758186273160391e-07
3.483027342099376256e-07
2.452571550293214386e-07
5.844200678950528527e-10
2.784367758579264773e-08
7.080543262816263450e-09
2.274391519563323527e-08
4.298996998386428459e-07
0.000000000000000000e+00
8.764920345072368946e-09
0.000000000000000000e+00
6.134646213240557699e-08
1.042699082631770580e-07
7.185298755985058961e-08
0.000000000000000000e+00
5.046521533991210617e-11
4.177301005103828402e-10
1.295243379217936308e-07
1.266872118321771268e-06
2.789750851661665365e-06
0.000000000000000000e+00
4.482207494049816887e-09
6.699192311998558580e-10
6.413731057364202570e-08
0.000000000000000000e+00
8.652401572994961043e-10
2.134647736351524827e-10
0.000000000000000000e+00
1.295188223338072930e-08
1.935258751473156735e-06
5.473767146213504020e-07
2.746464389247194049e-08
1.528201352130054147e-07
3.857070169033249840e-06
0.000000000000000000e+00
5.680111048178559940e-09
8.678203933243366919e-09
1.417598286934662610e-05
1.000103111437056214e-08
7.391105327769764699e-07
1.084309246834891383e-07
1.718811262207964319e-07
1.145324475260167674e-07
6.525636422338720877e-07
7.802810481072341986e-12
5.943279202114126747e-09
7.694340276032107795e-09
0.000000000000000000e+00
8.662168511364143342e-06
0.000000000000000000e+00
1.529676069367269520e-06
3.775346701928583570e-09
8.859766609248254099e-08
9.284213155213993929e-12
6.245746586586164995e-09
9.531605504875528823e-10
5.861906071658040673e-09
0.000000000000000000e+00
6.597659085727514139e-10
0.000000000000000000e+00
4.676604930864414200e-06
1.555595119384634017e-08
5.775310008004908013e-09
0.000000000000000000e+00
3.326592690200413927e-08
7.305884230923709310e-10
1.038716277435014490e-07
1.797413551329896109e-09
4.916667517562700596e-09
0.000000000000000000e+00
1.171107988362507513e-09
4.563526090350933373e-07
8.757375269397016382e-09
1.143641156886587851e-06
7.870095828366174828e-07
2.550877287177399921e-10
0.000000000000000000e+00
2.356333010655742299e-11
3.831759443073678995e-08
0.000000000000000000e+00
9.318049478679313324e-07
1.021012576529756188e-05
1.548086991931540979e-08
3.279970144376420649e-07
4.572571654648527328e-09
0.000000000000000000e+00
2.467139381678862264e-08
8.817663044169421482e-09
0.000000000000000000e+00
0.000000000000000000e+00
9.051390192915675925e-10
3.414880609398096567e-07
9.283310120622445538e-09
8.748240354350400594e-09
5.690350413090072834e-10
8.987869648535706801e-08
6.856805612187599763e-08
4.125911168273432850e-09
5.232660100773500744e-07
4.209043336089735021e-09
2.703356649647048471e-09
2.306339830226988852e-08
5.273878400657849852e-08
1.130983573460753178e-08
0.000000000000000000e+00
0.000000000000000000e+00
5.838154493176261894e-07
4.200761960504451054e-09
6.680470221454015700e-08
1.192226477542135399e-06
1.834144882195687387e-06
1.981164956532666110e-07
7.610152010784076992e-07
2.700868435567826964e-06
6.649205186448625682e-09
8.003644893506134395e-07
1.669471849652381934e-08
4.597016811658249935e-08
1.238868474473520109e-08
7.428895720806849567e-09
1.268363813977657628e-08
5.742943454123405900e-09
1.144982888945378363e-06
4.509931557095114840e-07
7.141879088123914698e-09
2.446075086481869221e-06
3.575416185341850905e-09
2.873866606023511849e-06
7.410816404984643668e-10
3.872077414257546479e-08
2.026787342401803471e-06
9.313030204793903977e-07
5.764761112914129626e-07
6.752019885425397661e-07
1.082291234411059122e-08
4.800385156045194890e-08
1.216129064118831593e-08
3.945696107621188276e-07
1.361061322313616984e-06
1.665960382979392307e-07
4.496196197578683496e-07
8.333809198290964559e-10
2.813411015267774928e-07
4.893556226903683637e-09
5.629030019882463876e-10
6.401592145266477019e-07
0.000000000000000000e+00
1.075244426829158328e-06
2.501912899077751717e-09
9.022969038596784230e-09
3.774046852811352437e-09
1.030766292632601111e-12
3.717459950980384065e-10
0.000000000000000000e+00
1.904688629039696934e-09
5.289501814331742935e-07
5.624079335575515870e-07
3.080596222559961461e-09
0.000000000000000000e+00
2.200348880876390467e-08
1.682091010479780380e-06
9.672068017607671209e-07
7.152907954832699033e-08
2.434556449770752806e-07
9.544465662258971861e-09
9.401290412824891973e-09
1.653818060276535107e-08
7.449059591380091661e-09
1.362666353088570759e-07
7.160608772593946014e-10
3.555088889939383989e-09
3.841505602508732409e-08
1.490131218417900527e-08
0.000000000000000000e+00
1.608665769481376628e-07
9.763599706502645859e-08
3.667016201802653086e-08
6.174082134435820990e-09
0.000000000000000000e+00
7.788167444289229024e-09
4.410023848322452977e-07
9.175774806635672576e-09
1.373710212249079632e-08
0.000000000000000000e+00
1.209753719422224094e-07
3.452591954555828124e-07
6.996823120886119796e-09
0.000000000000000000e+00
5.874188673260505311e-07
0.000000000000000000e+00
1.554172457396418849e-09
0.000000000000000000e+00
4.908756068289221730e-07
2.055525527566715027e-08
2.400247467448934913e-06
4.347392668080374278e-09
1.047983346325054299e-06
6.249668338398350897e-09
3.094357214905585352e-09
5.281590442773875793e-11
3.439523776904707120e-09
7.627805942433951714e-09
3.651521751635300461e-08
2.685738031971141027e-08
2.569994194345781580e-06
1.297854601567394184e-09
2.692037170959338255e-08
2.167637447314518795e-08
9.778573506480370270e-09
2.953474798061961337e-09
4.879863695350650232e-07
1.183926769954268821e-07
9.583429800841258839e-07
6.901887394938910347e-10
2.440781798895841348e-09
2.871042514840382864e-09
1.506310098875474068e-08
0.000000000000000000e+00
1.959648727734020213e-07
2.046553149170904362e-08
0.000000000000000000e+00
0.000000000000000000e+00
2.982782376648174250e-08
1.973180133063578978e-06
2.268190080201293313e-10
4.206863302158581064e-09
0.000000000000000000e+00
4.975086120850846783e-09
0.000000000000000000e+00
4.540401903341262368e-07
0.000000000000000000e+00
0.000000000000000000e+00
3.036840223735737254e-10
4.815604484065261204e-07
6.345518333006339162e-09
0.000000000000000000e+00
0.000000000000000000e+00
9.283168012075293518e-09
0.000000000000000000e+00
4.530472524910678089e-11
0.000000000000000000e+00
8.770369430699531677e-10
1.949955752422738442e-09
4.987615653817556449e-09
0.000000000000000000e+00
7.170637417175385053e-09
0.000000000000000000e+00
3.696530370689288247e-08
2.098755203405744396e-06
5.435691363686601107e-08
5.961145466137907079e-11
6.434069943495046573e-10
0.000000000000000000e+00
3.919657098894191449e-10
0.000000000000000000e+00
0.000000000000000000e+00
0.000000000000000000e+00
1.993032583413878456e-07
2.265130483181110321e-08
0.000000000000000000e+00
7.919852329507648392e-09
1.723774567530256263e-09
1.819415285098102686e-09
0.000000000000000000e+00
0.000000000000000000e+00
3.139049020717266103e-09
9.105726839209182799e-09
4.364638428455691610e-09
0.000000000000000000e+00
2.794163345143374499e-09
0.000000000000000000e+00
0.000000000000000000e+00
1.183685526484623551e-05
5.174979300875785782e-14
0.000000000000000000e+00
0.000000000000000000e+00
2.055746790574630722e-06
1.196146541815323872e-07
0.000000000000000000e+00
5.591841212293502394e-09
5.930902879924815352e-09
7.373596844217900070e-09
0.000000000000000000e+00
1.619014255993533880e-05
1.033198859801132130e-09
1.323820636445205423e-10
1.464485477331578522e-10
4.268773778903778293e-09
0.000000000000000000e+00
0.000000000000000000e+00
4.837194200746353090e-09
2.630873723319382407e-07
3.485301476757740602e-06
0.000000000000000000e+00
6.432288923718942897e-09
3.336173837187317304e-10
4.247801541623630328e-07
6.846028099971590564e-07
0.000000000000000000e+00
2.232615869957044197e-08
1.145642691824377835e-08
8.168838938615863299e-09
5.027289695647141343e-09
7.537225314990791958e-07
9.717427751354534848e-09
5.361781685309097156e-09
6.399940275514381938e-07
2.256238531117560342e-06
9.323356531254489710e-10
7.509910915359796491e-09
1.056358200912654866e-06
1.514377174771652790e-07
1.419847080796898808e-06
9.419463431470376236e-09
2.113432344685861608e-07
4.610474775290640537e-07
3.729882180891763710e-08
5.997202947582991328e-07
8.398140494136896450e-07
9.789138033511335379e-08
4.193730251955685162e-09
3.441020908212522045e-07
5.823266064908239059e-07
4.979366394763928838e-07
1.208417529596772511e-06
5.973605965436945553e-08
5.051634616393130273e-06
2.468490301055226155e-09
6.697582044523642253e-09
1.249909620248956799e-09
0.000000000000000000e+00
1.130411419580923393e-06
7.980032705745543353e-07
0.000000000000000000e+00
7.844819016611381812e-09
1.417506823031544627e-08
2.479911813679791521e-07
0.000000000000000000e+00
2.874986876122420654e-06
1.551888573203541455e-08
2.548842758187674917e-06
2.815781044773757458e-06
1.756318823709079879e-08
2.247390682441618992e-07
0.000000000000000000e+00
4.589804369903305314e-10
1.899632673385553971e-09
6.451244303207204212e-07
9.936027254298096523e-07
8.853075605941285176e-09
7.600425533382804133e-08
9.533781764048399054e-08
9.848758963926229626e-08
2.605110580589098390e-07
3.617789090526457585e-08
3.109814201707195025e-07
4.062129391968483105e-06
3.339121867895755713e-09
3.289218852842168417e-08
0.000000000000000000e+00
1.288081374895000408e-08
0.000000000000000000e+00
2.641773910738720588e-08
4.088283134251469164e-08
4.815062792928870294e-10
7.059534112840992748e-08
9.938796807773542241e-08
1.560083973117798450e-07
3.769886802729160991e-07
5.708492167855183652e-08
3.345871846249792725e-08
6.877248779346700758e-07
5.849152557857451029e-07
5.392110313806597333e-09
3.773253638428286649e-06
1.559391837879786635e-09
7.419402550112863537e-07
0.000000000000000000e+00
0.000000000000000000e+00
7.689702208324433741e-09
3.312573326752499270e-08
2.067806462946464308e-06
1.246883396532894039e-08
1.036073093985123705e-08
2.372254570559562126e-08
6.426976995044242358e-08
4.400933839576737228e-09
4.080717701526737073e-07
0.000000000000000000e+00
0.000000000000000000e+00
0.000000000000000000e+00
4.730210001469004055e-09
3.710766360853767765e-09
3.995548070179211209e-07
4.234251171908454126e-09
7.068477714256005129e-08
2.694239356060279533e-07
3.085548205827848278e-10
0.000000000000000000e+00
0.000000000000000000e+00
0.000000000000000000e+00
2.863473298475582851e-07
4.668680020358806360e-08
2.051606884378998075e-09
3.035542306406568969e-08
2.082031613781509805e-08
0.000000000000000000e+00
6.264217877055555661e-12
2.456878700485276568e-09
2.019241840400809451e-08
2.549838395982106931e-10
4.836656075646317277e-11
1.065789319909526967e-06
6.258686902071985969e-09
0.000000000000000000e+00
1.053279685692132261e-08
6.537281649343640311e-08
3.213292387727051391e-08
2.386774724527640501e-07
2.744438565294160526e-10
2.471257642966406820e-10
1.162411322752632259e-08
4.711948053959247318e-10
4.656138798964093439e-07
2.000715312533429824e-06
0.000000000000000000e+00
1.334506691819115076e-07
4.060146441275946927e-09
0.000000000000000000e+00
2.871859861031111905e-09
0.000000000000000000e+00
5.162203997599590366e-09
5.694042126691556405e-09
1.376875218284112634e-07
5.359374455338183907e-08
0.000000000000000000e+00
2.435405210832186640e-09
6.245492301104604849e-08
1.016120299013323347e-09
4.578186008075135760e-08
0.000000000000000000e+00
3.532926839966421539e-09
0.000000000000000000e+00
0.000000000000000000e+00
8.811186447132968169e-09
6.923220219334780268e-09
1.781210201556859829e-08
8.891854719195180223e-08
1.808159488803084969e-08
7.847253957748989706e-10
3.869420197588624433e-07
3.848537133421814360e-08
5.566064942286175210e-07
1.948606751511761104e-07
1.631016433023546597e-10
1.614523792436983740e-10
0.000000000000000000e+00
0.000000000000000000e+00
0.000000000000000000e+00
0.000000000000000000e+00
0.000000000000000000e+00
0.000000000000000000e+00
0.000000000000000000e+00
8.902092076823464595e-07
1.788171033467733650e-08
1.262028762744060728e-11
5.771892963579716707e-10
0.000000000000000000e+00
0.000000000000000000e+00
1.338664401551170613e-09
0.000000000000000000e+00
0.000000000000000000e+00
4.543556997305131517e-08
2.121013809031069286e-09
1.709422292606177507e-07
0.000000000000000000e+00
5.057788499129856064e-08
0.000000000000000000e+00
0.000000000000000000e+00
1.010559955716416880e-07
0.000000000000000000e+00
1.017006184156343807e-06
2.620068051406576615e-10
3.355608679811439288e-09
0.000000000000000000e+00
4.352739502166969032e-09
0.000000000000000000e+00
3.517023117183271097e-09
5.559362307394621894e-06
0.000000000000000000e+00
0.000000000000000000e+00
1.267283550987485796e-06
0.000000000000000000e+00
3.964247596854875155e-08
3.802461012725188993e-09
5.594041674328309455e-09
1.102553781606729899e-08
0.000000000000000000e+00
0.000000000000000000e+00
0.000000000000000000e+00
0.000000000000000000e+00
3.230284391975146718e-06
2.196599346859784418e-09
5.959907678487752491e-09
2.047243796710063179e-08
3.303479045868584763e-09
3.468771225811906334e-08
1.687512352077646938e-08
1.884602696122783527e-09
2.760137229884662702e-09
5.632178954328992404e-07
6.532025622618675698e-07
1.003305527547126985e-08
4.753844677907181904e-06
1.141498046308697667e-06
7.798218737420370417e-10
3.087032851567528269e-08
7.949810054697081796e-08
1.093001955609906872e-08
1.653725334449518414e-08
3.071891683248395566e-07
4.169188994040951002e-09
2.785210426736739464e-07
2.893253858715638671e-09
7.538995538958204179e-10
4.279223375647234207e-08
2.065768569536885479e-07
3.306340756736858566e-09
0.000000000000000000e+00
1.137538788498204667e-06
6.497692766060936265e-07
3.861853770104062278e-07
8.314041899382118572e-09
8.242267313107731752e-09
3.922437130654543580e-08
6.232116447790758684e-06
8.769256432117344957e-09
1.195123333630476736e-09
1.292907114702757099e-09
1.335865551510551086e-08
9.375695526614435948e-07
5.121319190948270261e-07
5.343289810610940549e-09
7.399432433885522187e-06
2.485501138238532803e-09
1.760620193635986652e-06
1.945968275407494730e-09
1.576944015369008412e-07
8.808746621014051925e-09
2.661405233084224164e-06
4.639585782229005417e-08
5.287159865474677645e-08
1.534464644237232278e-07
1.296178053777907735e-09
1.699242346830942552e-08
7.073899155329854693e-08
4.637154660258602235e-09
3.677191173778737721e-08
4.775673914991784841e-06
4.401953290766869031e-08
3.706654524648911320e-06
1.315512008659425192e-06
2.750089933556409960e-09
5.598944596840738086e-08
1.267169125185318990e-07
4.671479416629154002e-07
8.075880941760260612e-08
4.463370117946396931e-08
6.268761509886644490e-09
3.566390294196253308e-09
2.379899342486169189e-06
1.223476857603600365e-07
0.000000000000000000e+00
9.951307333722070325e-08
1.341185907222097740e-06
1.030384044753418493e-08
7.927032363852504204e-09
8.837569787090160389e-09
1.312705943945502440e-09
0.000000000000000000e+00
0.000000000000000000e+00
1.080169340639258735e-06
5.434203309562235518e-09
0.000000000000000000e+00
1.459799037206721550e-08
0.000000000000000000e+00
1.830617577525117667e-07
6.156912313315388019e-09
1.004889540467956976e-07
9.589942173704457673e-10
7.183137995525612496e-07
0.000000000000000000e+00
1.096834800762280793e-08
8.197714507218734070e-09
1.007799028229783289e-06
1.534356641741396743e-07
1.010892418662479031e-07
0.000000000000000000e+00
3.567368366930168122e-06
7.922536404691982170e-09
6.953625302230648231e-07
4.232082631006051088e-07
0.000000000000000000e+00
1.318004620998181053e-07
2.242265750851402117e-08
0.000000000000000000e+00
0.000000000000000000e+00
1.796378740204218616e-10
1.240790492573751180e-08
1.002560736651503248e-07
0.000000000000000000e+00
9.326560634903557911e-10
1.928183564814389683e-06
2.430131118558165326e-08
0.000000000000000000e+00
0.000000000000000000e+00
1.106629269997938536e-06
6.081803061164237079e-09
1.125996732298517600e-06
4.755553284496727429e-09
5.597577867888503533e-08
1.800489340952893258e-10
1.989055249396187719e-07
9.318345206565936678e-09
6.442964384234528552e-09
0.000000000000000000e+00
2.778243924694834277e-06
1.423600792804791126e-09
1.712351072567785959e-12
6.786217143783801475e-10
9.801468792147716158e-08
1.671615956766459021e-09
9.006672740952126333e-09
1.466823373874603931e-08
1.457341092248043424e-08
3.972651541062077740e-09
3.371015395714493934e-07
4.052175039959138303e-09
7.059609785642351198e-09
2.111572472429656955e-09
6.373286396410549060e-07
0.000000000000000000e+00
1.134677796166272401e-09
3.006075246503314702e-07
0.000000000000000000e+00
0.000000000000000000e+00
1.640967894900313695e-07
9.746824503054085653e-08
0.000000000000000000e+00
0.000000000000000000e+00
1.797061486286111176e-07
1.045246108333230950e-06
3.529300462989937159e-10
1.582844078029665980e-09
7.056626810664212712e-11
2.684795319396471314e-08
5.070742492563340420e-09
0.000000000000000000e+00
3.238505907887656576e-09
7.584945116434482770e-09
4.033809943848609691e-07
4.430542333011544542e-08
3.504272427790056099e-09
8.418870045545645553e-09
4.377425089074904463e-09
4.858411006836149681e-09
2.309765001484720415e-08
1.030331819862340126e-09
1.105146285595992595e-08
8.131595450322492979e-07
2.491397594894806389e-07
0.000000000000000000e+00
1.115167833631858230e-06
2.071792293278917896e-09
4.493412308903543817e-09
0.000000000000000000e+00
0.000000000000000000e+00
6.047770284567377530e-08
5.970270389177301240e-10
4.994578528538795581e-09
8.203381973714840569e-09
6.048237466416139796e-10
7.124592027452081311e-10
4.670633657610778755e-09
2.783291677133092890e-07
4.802648501112116719e-09
8.810613572052261588e-09
1.523868586872367814e-09
0.000000000000000000e+00
8.242775351163800224e-09
5.106385092545906446e-09
7.003174573583237361e-08
5.519133310372126289e-07
8.608999735315592261e-09
0.000000000000000000e+00
8.139985907540392418e-11
0.000000000000000000e+00
4.262713559910480399e-08
3.259242431497000325e-09
0.000000000000000000e+00
4.176074153150466373e-09
4.404382991651800694e-08
9.255512622985406779e-07
3.812272979936137673e-12
1.291809454545544966e-11
2.762230266739607032e-08
1.198674453917192295e-06
2.141638155706004909e-08
9.496826068600139337e-13
5.400124223342572805e-07
2.522318531816836185e-08
4.333072922690917039e-07
9.972376346922828816e-07
1.142529093556277076e-08
4.540434250799307847e-09
3.270857362736023788e-08
1.432421868230449036e-06
7.779164867827148555e-09
3.194214173163345549e-07
3.811851684076827951e-06
6.199480928614775621e-09
1.464300858344813605e-08
1.233775126507907771e-08
6.183852985230942068e-09
1.106022740060552678e-08
2.158066365609556669e-07
6.811580188781363177e-09
2.799817266918580572e-09
2.494906993888434954e-06
3.723579311554203741e-06
1.726651674971435568e-07
2.361307771536758082e-08
1.019665660351165570e-06
7.293587400702961077e-10
5.996566798671665310e-09
1.538910332499199285e-08
3.410165483330729330e-09
4.976519107913190965e-08
9.480010021434281953e-07
2.044629496822381043e-07
2.173771385116651800e-09
4.846641559197450988e-07
2.358559392234838015e-08
4.126067310039616132e-08
2.160362413405891857e-07
4.662324748494484083e-09
4.360482108722862904e-08
1.651324055274017155e-08
2.154167955126240486e-09
6.896352999774535419e-08
3.841155660211370559e-08
1.630213852799045071e-09
0.000000000000000000e+00
2.056406316341963247e-07
5.231522095527907368e-07
1.669656191083390695e-09
5.665288540512847248e-07
4.139559181548513322e-11
1.064467736178187351e-09
1.840573844447135343e-07
8.256644434823101619e-08
1.346547037428535987e-06
0.000000000000000000e+00
0.000000000000000000e+00
5.307167594281736456e-09
0.000000000000000000e+00
4.425533717267171596e-09
1.392941044286999386e-06
2.427190004539170332e-09
0.000000000000000000e+00
3.342835341868521937e-09
0.000000000000000000e+00
4.809507117897737771e-06
0.000000000000000000e+00
1.054077429785138520e-07
0.000000000000000000e+00
2.393761855401521643e-09
3.342259580207951331e-09
5.275584953778889030e-06
7.243822729152693540e-12
1.743081234906185273e-08
3.255467007079460018e-09
0.000000000000000000e+00
2.288834122232685786e-10
3.119520641803319450e-08
3.019148264726823072e-09
1.850730124708377389e-09
0.000000000000000000e+00
3.977902174323588724e-10
5.052652518600098119e-09
0.000000000000000000e+00
6.268097596517918646e-09
8.762294362307798679e-11
4.167683531619559290e-09
0.000000000000000000e+00
1.392298942803904538e-09
0.000000000000000000e+00
0.000000000000000000e+00
4.248441953791370906e-08
3.844715379397456445e-10
2.256961550983760389e-08
8.658410877160349628e-09
6.916510031373945822e-09
6.929684603917962704e-10
3.158527661639709549e-08
2.176980906654080172e-08
4.083380531483271625e-07
4.794046617462299764e-07
0.000000000000000000e+00
1.379966585446368299e-09
0.000000000000000000e+00
8.560203212937267381e-09
0.000000000000000000e+00
3.929518932466180559e-10
2.679930721782852743e-09
5.737083341728066443e-08
2.757220673998972416e-09
1.344190003749190510e-08
3.858775983189843828e-07
1.417531998899879131e-13
1.956956566573353484e-06
2.711701085900131147e-08
2.592050574179438627e-09
1.560351165608153678e-06
0.000000000000000000e+00
0.000000000000000000e+00
0.000000000000000000e+00
3.048157282137253787e-08
6.982111244724364951e-08
0.000000000000000000e+00
0.000000000000000000e+00
0.000000000000000000e+00
0.000000000000000000e+00
0.000000000000000000e+00
1.959304007925766200e-08
7.497312140003487002e-07
1.993713860670709437e-09
4.690875528012838913e-07
5.938265434934919540e-10
0.000000000000000000e+00
4.490630090003833175e-08
3.008505018442519940e-07
3.140392834666272392e-09
0.000000000000000000e+00
2.710171864706012457e-09
1.764349093491546228e-07
1.444057886601513019e-07
0.000000000000000000e+00
0.000000000000000000e+00
0.000000000000000000e+00
1.541057836895731725e-09
1.887545067802420817e-06
1.678928440718152615e-09
1.150576167674444150e-08
2.847083901968971986e-09
0.000000000000000000e+00
0.000000000000000000e+00
0.000000000000000000e+00
3.834154995274730027e-06
0.000000000000000000e+00
7.761942477646499583e-11
4.834231237538233472e-09
6.417962605809179877e-09
9.177634208157314788e-10
9.635758715376141481e-07
0.000000000000000000e+00
6.497664628568600165e-08
9.181933435797873244e-09
5.518432999451761134e-08
6.383473305504594464e-07
5.069719463790534064e-06
8.685441699185503239e-09
5.429499516651503654e-09
1.529802773347910261e-08
7.449979522178296065e-10
2.287949918411413819e-08
7.853844863348058425e-08
6.154839411465218291e-07
1.333703494310611859e-06
5.492228893899664399e-09
4.148282641835976392e-07
2.554876310512099735e-08
7.884931108037562808e-08
0.000000000000000000e+00
4.762048604334268020e-07
8.222938774338217627e-09
7.282779712625142565e-09
3.470689335927090724e-08
0.000000000000000000e+00
3.820756905303923645e-11
4.714681534068176916e-09
2.361993892918690108e-06
1.269994065467017208e-08
2.119457676030833682e-08
2.901814610822839313e-08
4.096911609963171941e-08
5.077514941831395845e-08
6.863394741429829082e-09
5.402271767707134131e-07
1.069133115372267184e-09
6.989187113504158333e-07
2.748826773313339800e-06
1.033347913903526205e-07
2.007010948545939755e-07
3.279467136962921359e-06
1.574822334760028752e-07
1.757699763516029634e-08
6.142005304354825057e-07
1.284649275845595184e-08
1.405132454834756572e-08
1.598781729228448967e-08
3.727321118418558399e-09
2.016025462125980994e-07
3.289016831331537105e-06
3.422708516609418439e-07
3.440864304593560519e-07
2.165427837041988823e-09
7.862703377270463534e-09
9.855624512056238018e-07
1.392659181335617613e-13
7.131947254990222973e-10
1.587268982916612003e-08
3.111127577781758191e-09
3.506714563172863564e-08
6.015403073433844838e-07
4.961224764343796778e-10
8.129630302278201270e-09
2.369079687980502058e-08
9.796374911275052000e-08
3.418537453114822711e-09
3.525036618157173507e-06
2.556959543653647415e-06
0.000000000000000000e+00
0.000000000000000000e+00
1.486264555872196524e-09
1.267810034732974600e-07
1.894598540275183041e-06
1.202075623041309882e-06
4.252900698276107505e-09
1.719798303767561265e-09
1.242332956508107600e-07
4.356705929353665852e-08
3.061995101916181738e-08
5.206868269880260414e-09
1.235731517112981237e-09
0.000000000000000000e+00
1.073137023688275349e-09
1.917497627346165245e-08
4.789706409269456344e-09
2.281472859522182262e-07
1.827396118869728525e-07
1.796127274689141018e-10
4.766103955944345216e-08
1.848269315374295729e-09
0.000000000000000000e+00
1.153085893434990794e-08
6.326821733182441676e-08
2.584970104635431198e-08
0.000000000000000000e+00
0.000000000000000000e+00
0.000000000000000000e+00
4.343478632318209520e-10
7.915221544863015879e-07
1.945714302564738318e-06
7.904857284302124754e-07
0.000000000000000000e+00
0.000000000000000000e+00
8.183188349164538522e-09
1.287725592824529031e-09
8.545175944618677022e-08
1.749383500282419845e-06
3.223893145332112908e-06
1.498048192161149927e-07
4.710225542936541387e-09
6.389692686070702621e-08
4.359327832048620621e-08
0.000000000000000000e+00
4.940912123885254914e-09
6.042734668199045700e-08
0.000000000000000000e+00
0.000000000000000000e+00
0.000000000000000000e+00
0.000000000000000000e+00
2.793179021409741836e-09
1.459770402334470418e-07
0.000000000000000000e+00
2.051790959356480926e-09
5.558491444901392242e-09
6.995656320896159741e-08
0.000000000000000000e+00
0.000000000000000000e+00
0.000000000000000000e+00
5.112783014737942722e-07
1.564213562232907861e-06
0.000000000000000000e+00
0.000000000000000000e+00
0.000000000000000000e+00
9.921536925361351678e-10
8.469408507849607304e-11
1.596116483426612831e-08
1.115957282138424489e-08
3.628573441716298476e-09
4.152906019072588606e-09
4.620720694958890817e-09
0.000000000000000000e+00
2.384640040986596432e-09
9.321017735430814355e-09
1.239449765044753349e-09
6.009180708588246489e-08
4.049313329090864499e-09
3.971870832231161330e-09
1.144218275683783759e-09
1.175189900948225841e-08
0.000000000000000000e+00
3.954906180325679088e-09
3.115293907285376918e-07
1.468109811497697592e-08
1.116276777679559018e-07
6.363012200472084601e-11
0.000000000000000000e+00
0.000000000000000000e+00
5.375059330958720238e-08
0.000000000000000000e+00
4.029021056339843199e-06
4.302767586672473499e-10
3.637526391209178200e-10
2.365694973249787836e-09
7.119996148219343013e-09
1.952195816556923091e-06
3.262525893887868733e-08
0.000000000000000000e+00
0.000000000000000000e+00
4.652581875319583560e-09
3.630216838246269617e-08
2.195168213869891360e-10
1.757188101692008786e-06
0.000000000000000000e+00
1.007444211609254126e-06
0.000000000000000000e+00
6.381798357324441895e-06
2.245421848456885527e-09
0.000000000000000000e+00
0.000000000000000000e+00
0.000000000000000000e+00
1.237058566694315687e-09
2.198651705143106483e-09
0.000000000000000000e+00
3.433837719057919458e-06
8.348594704443712544e-09
1.813858091503917080e-10
4.999195425625657663e-06
0.000000000000000000e+00
1.610518524097770410e-10
0.000000000000000000e+00
0.000000000000000000e+00
6.074951652834670313e-09
4.622717320046376699e-09
2.797338471971499985e-10
4.654120699942865258e-10
0.000000000000000000e+00
0.000000000000000000e+00
1.146319816847096718e-09
7.499066256855257961e-09
0.000000000000000000e+00
5.049986206984158343e-09
2.561036716031139804e-08
0.000000000000000000e+00
6.558341425488833920e-09
0.000000000000000000e+00
3.058148179135855571e-10
5.763495636301740888e-08
1.662636028854080905e-09
5.719829054839919991e-09
7.663186529782706202e-09
1.305650414451520192e-07
9.257587976208014879e-07
1.997080545379503747e-08
3.205342213874473600e-09
1.560644733444860321e-07
1.092977619521207089e-08
1.671385803092562128e-06
2.053268444157652084e-09
4.006244669341185727e-09
7.414684866091647564e-09
4.189505631302381516e-09
6.080902004157451302e-09
1.173940233911707764e-07
4.035806853153189877e-07
2.730979609122385909e-10
5.161520544305631120e-09
2.244660102235229715e-08
8.912423021811832768e-10
3.395697945052233990e-07
7.890504916119311929e-10
2.659637914348422782e-07
0.000000000000000000e+00
9.865982974588405341e-06
3.590560027078026906e-06
0.000000000000000000e+00
8.864428080457287251e-10
2.480513785485527478e-06
1.005887018123985399e-08
4.019939936483751808e-08
4.421230244133766973e-07
8.341149992929786094e-09
8.218679070637335826e-09
3.760940892050257389e-09
7.134642743267249898e-08
0.000000000000000000e+00
3.653745466181135271e-07
0.000000000000000000e+00
7.056674178329558345e-08
1.705010888031210925e-08
9.362810082791384048e-09
2.650274311122302606e-08
2.898950635099595274e-09
2.140256185612088302e-07
1.019073181396379368e-07
1.740572963537800888e-10
6.770271454570320202e-09
4.030010245514858980e-07
9.270439416120268561e-10
3.761216930797672831e-06
3.304468088050072083e-10
9.314854665376515186e-09
4.590678770455269841e-07
0.000000000000000000e+00
2.619216177279781732e-09
9.748490725769443088e-08
5.657166290973236755e-09
6.598197987983667190e-09
3.159711070566117996e-08
3.085667277247239326e-09
1.080298783762145831e-08
1.574188779329688259e-08
0.000000000000000000e+00
7.750237074333199416e-08
2.059920012342786322e-09
2.600327242419098184e-08
4.259695707276023313e-09
9.999680194994198246e-09
2.361533191219677974e-10
5.104465117256040685e-07
7.602421803198922134e-09
2.468261470767174615e-07
4.743243020577381230e-10
1.139502998626085173e-07
3.534442839736584574e-06
6.673183783334479813e-09
9.277769663640356157e-09
1.100581457080807013e-07
4.885739102178376925e-08
3.230048450930667059e-10
1.606849028834567150e-11
9.637751929858495714e-08
1.694404090812895447e-06
6.220998471917482675e-08
1.393088496115524322e-06
0.000000000000000000e+00
0.000000000000000000e+00
3.063134468295203305e-11
1.105699197978537995e-06
0.000000000000000000e+00
0.000000000000000000e+00
1.700708573970644011e-09
3.276733551160759816e-09
4.033983369566840338e-09
8.503230901624192484e-07
5.000010219191608485e-07
0.000000000000000000e+00
8.906898329996693064e-09
2.148302646887145784e-09
1.452079290142904711e-10
1.357808709911978440e-08
0.000000000000000000e+00
6.587882239728060085e-09
1.421307249671599493e-08
2.708146595864491246e-09
0.000000000000000000e+00
1.066904520286016123e-08
2.235281648665932153e-08
0.000000000000000000e+00
1.326959792047333053e-10
1.544430916489147876e-09
2.006880911453734484e-10
0.000000000000000000e+00
6.350061365623105303e-09
0.000000000000000000e+00
0.000000000000000000e+00
1.018596584856368281e-08
0.000000000000000000e+00
0.000000000000000000e+00
0.000000000000000000e+00
1.122150052879078430e-07
6.059376334022203991e-10
3.287648486782757118e-10
1.549512163023791800e-08
5.727065044425216911e-09
2.604322730803687591e-07
3.383058356121182442e-06
9.195816552676205902e-09
7.435084370399636100e-08
1.268516029995225836e-07
5.478317799401111188e-09
3.359037048511481771e-09
8.037157499529712368e-07
2.425301204311836045e-07
9.627220132202296554e-10
5.254430224255202120e-09
0.000000000000000000e+00
2.959360756449314067e-07
6.565279875303531298e-08
4.945837628334004421e-10
1.347295750520061119e-07
0.000000000000000000e+00
0.000000000000000000e+00
0.000000000000000000e+00
0.000000000000000000e+00
0.000000000000000000e+00
1.388739008234551875e-07
2.085724304379255045e-07
0.000000000000000000e+00
0.000000000000000000e+00
0.000000000000000000e+00
1.544819042464951053e-06
0.000000000000000000e+00
0.000000000000000000e+00
9.206984508125515276e-09
4.671262487931926444e-09
0.000000000000000000e+00
6.044612632649659645e-07
1.566226315308227868e-11
0.000000000000000000e+00
0.000000000000000000e+00
1.068732924380810800e-08
2.707213297981070355e-06
0.000000000000000000e+00
1.109001512844542958e-08
0.000000000000000000e+00
5.629008814622693535e-09
7.062918694344944015e-09
1.043871300510090805e-08
1.195698047240512096e-07
1.087168133295790540e-09
2.555191969122461160e-08
0.000000000000000000e+00
4.782380642609496135e-07
2.008861549329665763e-10
4.176710532988181512e-09
4.091846028675405478e-10
2.152750226969146752e-07
1.138501648512146858e-08
2.773720780169242062e-06
8.899127124095684849e-07
1.277058725435153974e-08
0.000000000000000000e+00
0.000000000000000000e+00
1.204017996414563640e-09
4.915869311616916093e-08
1.527535573586646933e-07
6.665048513099236516e-09
6.044147848882630569e-09
4.232731387610044749e-10
0.000000000000000000e+00
9.009506918289389432e-09
4.273338305438301177e-08
3.503777179503231309e-06
1.280582306861788311e-08
8.495903425220774352e-10
2.355559081124170007e-09
7.258188716718905198e-09
6.890624604238837492e-08
4.789632157553569414e-08
2.465004627083544619e-06
1.924229664496124315e-09
7.999608975239880237e-09
7.018511496426071972e-07
1.490644829793552617e-09
3.736111420238330538e-09
8.977278298516466748e-08
1.022361217906109232e-07
4.547530352283501998e-08
1.373953608663214254e-07
1.356852998013469147e-11
9.704683634481625631e-07
8.507034188198758784e-09
6.312928513274584930e-10
1.652104897331696520e-09
2.635080420532176504e-07
4.639292399133410072e-07
3.545866888998716604e-07
2.230375173439824721e-07
6.399034191417740658e-09
1.627223582545411773e-07
3.723825692247828556e-10
2.989989766888356826e-08
1.200453709770954447e-07
9.434673842179108760e-08
2.174016522360489034e-08
6.059740371711086482e-07
1.981458375155398244e-08
9.603840389615925233e-09
3.045754937147648889e-08
5.816100934197265815e-09
0.000000000000000000e+00
2.639451857078256580e-08
5.995539176240072266e-09
2.072549250442534685e-06
3.828866468325031747e-08
2.157341668862500228e-06
3.440165841084308340e-08
4.151542665198348914e-09
2.242933661023016612e-08
7.649621214245172496e-11
3.053551438370050164e-07
5.248543999414323480e-08
1.438624849470215850e-06
3.591271990899258526e-07
3.310128988687210949e-07
1.056674705068871845e-06
8.890379987747110135e-09
2.933893767931294860e-07
1.151648909569757961e-08
8.244104066079671611e-09
1.916970688853325555e-07
5.713170025956060272e-08
7.386914635532093598e-09
2.359389661421573692e-08
1.072481126129787299e-07
5.083398946226225235e-07
1.825195639071353071e-08
1.069545563225915430e-10
7.109782762526606348e-10
2.999132320269382035e-08
1.132491322941575618e-09
1.890415006755574723e-07
3.939453847578988643e-07
9.594015182301518507e-08
4.770747636939631775e-07
7.146061875573650468e-08
1.219916967443168687e-08
6.786303519135117313e-09
6.661156071174900717e-09
5.630346855411971774e-09
2.892431405498996355e-09
2.211536953566906050e-09
0.000000000000000000e+00
1.937393717676982874e-10
7.975283544681133208e-09
1.775304170337221876e-08
4.918006557552700997e-10
1.825185790949035436e-06
0.000000000000000000e+00
3.027756292794947512e-06
2.447578317799070646e-08
3.769507088691170793e-07
0.000000000000000000e+00
3.783539703761107376e-09
3.084924982132974947e-09
2.471856852537257510e-08
1.067808286236981985e-09
1.610198125945316860e-07
1.236469149290542191e-09
2.038906127266315593e-10
4.575001710804826871e-08
3.492775166313855095e-11
5.801559788132237827e-10
0.000000000000000000e+00
0.000000000000000000e+00
8.101919490854925243e-08
5.142692521831193631e-11
2.682303046341871777e-09
4.178778567620611284e-08
0.000000000000000000e+00
7.597336981746138918e-09
1.770123247979427106e-07
6.958157605652104394e-09
4.138674736253733499e-09
1.157111910288222134e-06
2.033181658589455765e-07
2.200223780945975705e-09
4.014194473711540923e-06
7.190055839600972831e-08
4.819179935111606028e-07
0.000000000000000000e+00
6.458302781453539865e-09
0.000000000000000000e+00
1.234069344491217635e-07
4.351653759560036860e-11
2.151825739815649285e-08
4.737075798288969963e-08
1.134800697855098406e-09
0.000000000000000000e+00
1.442196122525274404e-07
5.934717606237427390e-09
4.209980275504676683e-08
1.398469340330166233e-09
7.835550377421895973e-07
2.904677742776584637e-08
0.000000000000000000e+00
2.384320074710899462e-09
4.911925088890711777e-09
1.305143282337439814e-08
0.000000000000000000e+00
0.000000000000000000e+00
0.000000000000000000e+00
0.000000000000000000e+00
2.280603723647800507e-07
1.174576027551665902e-07
1.457437170948594485e-09
5.592515339714054790e-09
3.437259863403596682e-07
6.785866535352624851e-09
0.000000000000000000e+00
9.819392943200000445e-08
6.246735750892185024e-08
1.492984225137661269e-08
4.394997699108671441e-09
0.000000000000000000e+00
8.729796832085412461e-07
2.505812268793761177e-08
2.837313957115839003e-07
7.465946083584640292e-09
0.000000000000000000e+00
1.127203930195719295e-07
0.000000000000000000e+00
0.000000000000000000e+00
0.000000000000000000e+00
0.000000000000000000e+00
1.524504966710082954e-08
6.970912735937417892e-10
2.547401525831993752e-11
1.144243881867623713e-07
6.846247742942068726e-06
2.185864156345473930e-09
0.000000000000000000e+00
0.000000000000000000e+00
0.000000000000000000e+00
0.000000000000000000e+00
0.000000000000000000e+00
3.044756224923617083e-09
2.636873205119627528e-06
0.000000000000000000e+00
2.481537475507167301e-10
2.463075965408734191e-08
1.457335407906157343e-08
7.077206598538055005e-10
1.030025146064872388e-06
8.185472921695691184e-08
1.172430597051743462e-09
3.893399934895569459e-06
5.766003230434080251e-10
4.225207295149857600e-09
3.479055710187139994e-09
2.932729836757630437e-09
3.207243537417525658e-08
4.333192009653430432e-07
1.965138451964776323e-08
1.442477639557182556e-07
9.280843454861908981e-11
7.411605906781915110e-07
2.582220215430197641e-09
2.036982095887651667e-06
9.689382629574083694e-09
8.732865985905391426e-09
5.156449844889721135e-08
6.752166825663152849e-09
4.814540943698375486e-08
1.287603890176569621e-08
2.541939920774893835e-07
3.548973115385933852e-09
5.391250468278485641e-08
1.426379192537297058e-08
2.592379587440518662e-06
1.523534187697350717e-09
1.073361772796488367e-06
1.960035245218705313e-09
1.190053694699599873e-06
2.969930505969387013e-07
1.397738884634236456e-07
4.488035720839889109e-09
9.369083286969726032e-09
7.892932529784957296e-08
1.428348272991541990e-10
8.096249075606465340e-07
6.077899001866171602e-07
1.517453895871767600e-08
1.015420725281046543e-08
3.009079421190108405e-07
1.545898825616731642e-10
4.276679192116716877e-06
2.272933130598175921e-07
1.103132252211480591e-08
4.141971210458450514e-09
2.722227065987681272e-07
1.566724279200570891e-07
3.170236482219479512e-07
4.790589258618638269e-09
1.120142433669313320e-11
4.023518158646766096e-07
8.103925863700567334e-10
3.143981643916049507e-07
7.378924693490773734e-10
4.205470816032175208e-07
2.095475792884826660e-08
3.867449152039625915e-07
9.539249390400073025e-08
2.927418734088860219e-07
0.000000000000000000e+00
1.079712433238455560e-06
0.000000000000000000e+00
2.936500642647388304e-08
1.979005048724502558e-07
2.034446389131971955e-08
2.921748532003221044e-08
7.411757430020315951e-09
0.000000000000000000e+00
2.330494686120232473e-10
6.818278830422741521e-09
1.498791313281344628e-08
6.143196173979958985e-09
6.601410404982743785e-07
0.000000000000000000e+00
1.054394127564250994e-09
0.000000000000000000e+00
5.926835910941008478e-08
9.277489887438150618e-11
1.987365294553455897e-08
0.000000000000000000e+00
3.079917432202705641e-09
3.056562718484201469e-06
5.086361554162976972e-09
0.000000000000000000e+00
3.086145383690563904e-08
2.400724419260313880e-08
2.503265932318754494e-07
2.515488040089053356e-09
0.000000000000000000e+00
1.979289265818806598e-08
4.508270876613096334e-07
0.000000000000000000e+00
1.907628222053148193e-10
0.000000000000000000e+00
3.804227048931352329e-07
4.601428127415374547e-09
4.362776095945264387e-08
0.000000000000000000e+00
2.568480681475193705e-07
6.952831768103351351e-07
2.388122588570240623e-09
2.111598718101959093e-07
0.000000000000000000e+00
0.000000000000000000e+00
5.652689427648738274e-09
1.899478974110024865e-08
1.919631529290199978e-07
0.000000000000000000e+00
0.000000000000000000e+00
0.000000000000000000e+00
1.484585432365292945e-08
1.425964768486664980e-07
0.000000000000000000e+00
7.291826165101156221e-08
2.937372833855533827e-08
2.568214974019156216e-08
3.162509837340010677e-11
3.197625986217644822e-08
8.274811946762383741e-09
3.234942591578970905e-10
7.200964269316045829e-09
0.000000000000000000e+00
6.286428515522857197e-07
4.635511086092947153e-09
6.432359089814099207e-09
3.114924425062781665e-07
1.023874851568962185e-08
5.985981488265679218e-09
1.123313040807261132e-06
2.974773760655580190e-09
4.799341368766363303e-09
1.047485511662671342e-07
3.148037386324631370e-09
2.470457838299466857e-09
1.592689926610546536e-07
2.372056995270099833e-09
1.843480532670582761e-07
0.000000000000000000e+00
1.033060215149816941e-08
0.000000000000000000e+00
2.077775995701358625e-08
0.000000000000000000e+00
1.789601244972516270e-09
1.477859541409998201e-07
9.842303638762928131e-10
0.000000000000000000e+00
8.242071025676978024e-09
0.000000000000000000e+00
0.000000000000000000e+00
0.000000000000000000e+00
2.982406543949878142e-09
1.710142694122396279e-09
0.000000000000000000e+00
8.726814115789238713e-08
9.601563251068756522e-13
6.493813820007687809e-10
6.568777966009520242e-09
1.621173595367508824e-07
4.362634697940848127e-09
2.164457590936308407e-08
3.604081699748462597e-09
3.888570354604325985e-09
2.358566888460700284e-07
6.069617253245951360e-09
4.875655577052384615e-07
0.000000000000000000e+00
5.811487291396133514e-09
4.871889558444308932e-09
0.000000000000000000e+00
1.147656858435652794e-09
0.000000000000000000e+00
0.000000000000000000e+00
0.000000000000000000e+00
0.000000000000000000e+00
1.311533381898044581e-10
7.843227400883279188e-09
1.746137900937583254e-09
9.241322151964936893e-10
2.863547621245743358e-09
0.000000000000000000e+00
3.516622104626776490e-09
5.785289403092974680e-08
3.036832119107657491e-09
5.147950332684558816e-08
2.079543204303035964e-09
2.511669094928947743e-09
2.160341416868050146e-08
8.980208576758741401e-09
5.923643442429238348e-08
0.000000000000000000e+00
5.972131589260243345e-08
1.044577579989436344e-08
1.265464533162230509e-07
3.610204402093586395e-08
1.378833331955320318e-07
2.464670423307779856e-08
1.355764944754866974e-09
1.392480353246128288e-08
5.213107279189443943e-09
1.014627826201319749e-10
7.323845530038397555e-09
1.278985678254684899e-06
1.476964595070739961e-08
1.414702466284722959e-09
2.151155875651511451e-08
1.606529508535459172e-06
5.922817236658772799e-10
2.311500857388182339e-08
1.208399869057075193e-08
1.277361882934258119e-09
2.313164770839648554e-08
7.604234042446478270e-08
5.285160682433343027e-07
1.941617311373988741e-09
1.473803990847954992e-06
1.491876761017252306e-10
0.000000000000000000e+00
1.347623612701909224e-08
2.955911611399880679e-13
4.227493355379863260e-10
6.333286250992387068e-07
1.709609698252734233e-08
2.838824570972064976e-07
1.366390847579168621e-06
9.815042112393257412e-09
2.452042906497808872e-07
1.024255613657487629e-08
1.403070282179896822e-08
9.125948885468915250e-09
8.491137570842965943e-09
3.912637396297213854e-07
2.386674111676256871e-07
7.573710547603695886e-09
0.000000000000000000e+00
1.673041793992524617e-08
3.684369076495386253e-08
1.943317951003109556e-09
2.004279207878933988e-11
6.333014557213800799e-09
7.888308672931998444e-09
3.743413218293412115e-11
1.076469757776976621e-08
8.484683462484099437e-07
2.132347134420342627e-07
4.331062442020083836e-08
2.458548475914312803e-09
1.127610893547625892e-08
1.595377385754659372e-09
2.044153717406516080e-07
1.011666839190183964e-08
6.601084678869995059e-10
1.182211395445165181e-08
1.472824777692949283e-07
1.178833297643677724e-08
1.603567723051924077e-09
1.300129248704706697e-08
0.000000000000000000e+00
2.126970954918760981e-08
9.702194603278258001e-11
3.726266228909480560e-08
3.436951701019097527e-08
8.728663125623370433e-09
1.002930738458474025e-09
2.050838388001352541e-09
1.069824762112148164e-08
2.353887973427504221e-09
1.172391905779335275e-10
3.415338483137020376e-07
1.477255762161178154e-09
6.061218638109266976e-09
5.043051487518823706e-07
4.015825538772332948e-08
1.273591010431118775e-08
3.553296101799219286e-09
3.444897034299287952e-09
6.202383606712658093e-10
2.474861204859735153e-08
2.858982606213089639e-09
5.785650500911287963e-07
1.547367105558805633e-07
2.162653528481328635e-10
1.243549547780276043e-07
1.120313353197843753e-08
0.000000000000000000e+00
1.658624455558310729e-07
6.114316608574199563e-09
2.102996532471479441e-08
8.354145819566838327e-09
1.569494934017257037e-08
1.081347303366619883e-10
4.605995400197571144e-06
7.245319011417450383e-09
3.049651695619104430e-07
8.455247169081303582e-09
2.044649866084213841e-11
2.897502326959511265e-08
1.702723406715733745e-09
0.000000000000000000e+00
3.253722979934536852e-06
0.000000000000000000e+00
0.000000000000000000e+00
2.708575834731163923e-07
7.648398359094699117e-09
0.000000000000000000e+00
5.076267850512294899e-09
0.000000000000000000e+00
1.274243111026862607e-08
0.000000000000000000e+00
7.219199460450909100e-09
3.943367232750460971e-08
1.505440394566903706e-08
7.755179467494599521e-07
0.000000000000000000e+00
1.964823610478561022e-07
4.555060148514478158e-11
4.480881811430581507e-12
1.623148371265870082e-08
0.000000000000000000e+00
2.484482064524229372e-10
5.434231979961623438e-07
1.921091197232271952e-08
1.545643080191894114e-08
0.000000000000000000e+00
1.535050841994234361e-07
0.000000000000000000e+00
0.000000000000000000e+00
0.000000000000000000e+00
0.000000000000000000e+00
6.336287050601185911e-10
2.086115351643269555e-12
0.000000000000000000e+00
0.000000000000000000e+00
6.086728343568381661e-10
2.146261467161902914e-11
0.000000000000000000e+00
0.000000000000000000e+00
2.682330624281803466e-08
0.000000000000000000e+00
0.000000000000000000e+00
3.175870517679868499e-07
2.181456792982316983e-09
2.163457857307093946e-08
2.881530178910907125e-07
6.224568949164677178e-08
0.000000000000000000e+00
5.299823913063050895e-10
1.881439999351641745e-07
2.622901362769880507e-08
5.959717719328239127e-10
1.298839924501749010e-09
5.722824880649568513e-09
7.694920811651684289e-10
4.970956979377660900e-07
1.632296005027455976e-07
4.902597439127021062e-09
3.894320173003507080e-07
1.804889349088512063e-09
8.050208277765591447e-10
1.772141322575748745e-10
1.016655915009323508e-07
4.781170126477718441e-09
2.669660403853413300e-08
1.059266230285516031e-09
5.857888254467980005e-07
3.756306377056262136e-09
5.047116147238739359e-08
0.000000000000000000e+00
1.178965924886199446e-09
0.000000000000000000e+00
8.241728697080952237e-13
2.333427673306687211e-09
0.000000000000000000e+00
3.668204229256843973e-08
1.868166634722001618e-07
1.729526591387475776e-11
1.297779039788338196e-08
3.994731656575822853e-09
4.454248081486866795e-09
2.192566683767438462e-10
1.583043399477901403e-06
1.176636743593917345e-08
1.022005258199953914e-09
0.000000000000000000e+00
8.958557784488618836e-10
4.274189890907109657e-10
8.583999289157873136e-09
6.061898005782495602e-08
0.000000000000000000e+00
0.000000000000000000e+00
1.609719362249961705e-07
1.036309793533973789e-08
1.235396118737241977e-09
1.978720476358830638e-08
9.214552676439780043e-09
4.443986156843493518e-08
1.260052240326103856e-08
2.546146848914077054e-09
3.255237635002572461e-09
1.736775345761998324e-08
5.626802135338948574e-08
1.070200816855049197e-08
1.518090009255956829e-08
5.719320958670615074e-14
1.931995718962298270e-08
8.380607852132015978e-08
3.892353390710923122e-07
3.617457977611593378e-08
1.815442240982179101e-09
4.137920655011839699e-07
8.207984514285726618e-09
1.145652049672207795e-06
1.037267960413146284e-08
1.417612679688318167e-06
9.388715582758777600e-09
3.457553816588188056e-07
4.971482781002123374e-07
7.249171041223689826e-09
1.698639522373923683e-07
4.283118215653303196e-08
1.052266274115254419e-09
3.036414000234799460e-07
9.786107035836266732e-09
3.086463085111290638e-09
3.153536320965599771e-09
9.674469225728898891e-09
7.923949283394904342e-07
1.280114769741658165e-08
1.111353284954930132e-07
6.483328096607010593e-09
5.942636562394909561e-06
2.725817239479511045e-06
7.739780372162385902e-09
4.649168943160475465e-07
3.675826310001184538e-09
1.288638706853362237e-08
1.447697570711170556e-07
1.078682998922886327e-06
0.000000000000000000e+00
9.307111525913569494e-09
2.068294833179606940e-07
6.422546494633252223e-09
2.441310487100167848e-09
2.790095265936543001e-08
5.127311055730388034e-07
1.549658691146760248e-06
6.465101787256344323e-10
1.781412350965183578e-08
7.030951110209571198e-08
6.091165118959906977e-07
2.588364395705866627e-06
2.390669067153794458e-07
2.413736694961698959e-07
1.296019402907688800e-09
1.955070949577475403e-08
3.469633611530298367e-07
1.306233232689635315e-09
1.192704157659818520e-08
9.718632099975366145e-06
0.000000000000000000e+00
3.763296163583618181e-08
8.041616261778017360e-09
9.215677998497540102e-09
1.457663589832236539e-08
1.789661155271460302e-06
1.955066508685376903e-08
0.000000000000000000e+00
3.935043423552997410e-06
5.072758213486849854e-08
2.053911485333514975e-09
1.338644661785792778e-08
3.399408115001278929e-06
1.416630937001173152e-07
1.488361931478721090e-07
8.122310077851579990e-07
3.568163542411184608e-09
3.134609585786485297e-11
2.564825933859538054e-07
1.003808147714835286e-09
6.962783682951112496e-09
9.867478212299829465e-08
1.880998246051035494e-09
4.608233439284958877e-07
1.127864772740684932e-14
9.496474717707314994e-08
5.196331187562464038e-08
7.080121905422842588e-11
3.082035107127012452e-07
5.527614277411885269e-08
7.837210205252631567e-07
4.333259029376534954e-10
3.798880321426167939e-09
1.317298270464561938e-08
5.434753092004029895e-09
2.013334811368228117e-11
3.002598614187945714e-09
7.149939307282693335e-09
2.611195704105284676e-10
5.378422596180598703e-09
9.538585032942137332e-09
4.170995146490774630e-12
0.000000000000000000e+00
5.190831320334154952e-09
1.585566344886046863e-09
3.055766484294508700e-08
5.521833545962806511e-10
8.425458730698665022e-08
2.477231975106519712e-09
5.609497577552247094e-08
2.805477794520783164e-10
1.318936938332626596e-06
2.278130978083936498e-06
1.262643323229895032e-09
2.409965134120284347e-07
0.000000000000000000e+00
0.000000000000000000e+00
3.860401442956629126e-10
0.000000000000000000e+00
8.253267402835717803e-09
0.000000000000000000e+00
8.663412209841681033e-09
2.355513117890950525e-09
1.936226956544828681e-09
7.031212279073884019e-10
3.717572738537455734e-08
8.117882366320827714e-09
0.000000000000000000e+00
2.158579093247681158e-07
6.834013532852623030e-08
3.746443710817004558e-10
1.843609084062336478e-06
2.384636542049345387e-12
3.654442082279274473e-07
1.235479218930635170e-10
5.271808323215054770e-09
8.706297762728354428e-07
0.000000000000000000e+00
3.972014717135152750e-09
0.000000000000000000e+00
0.000000000000000000e+00
3.663785363983151910e-08
7.555584630170031346e-11
8.975971077518352104e-09
0.000000000000000000e+00
0.000000000000000000e+00
1.103540281377490828e-08
1.120769113072128675e-07
4.281378096493426710e-06
4.364644823340313451e-08
3.692295167528891753e-12
7.427520376523943924e-09
1.057849772223562468e-06
0.000000000000000000e+00
2.235836937813928671e-08
1.007435201927364687e-08
2.458459391618816881e-07
0.000000000000000000e+00
2.392420705987774454e-09
1.545055638985104451e-08
0.000000000000000000e+00
4.340514081491164688e-08
1.317962556868224056e-07
1.235447371072950773e-06
8.949557539494890079e-09
2.855046754568490996e-10
1.066970423124757872e-08
5.027890281894542568e-08
0.000000000000000000e+00
4.073186232744774316e-08
3.501031464736570342e-09
2.325657177948414756e-08
3.446004148699444158e-09
2.137644550259665266e-08
7.080967062700338488e-11
8.004700902120021055e-09
2.971055934608557436e-08
2.133336174381383898e-09
1.132279048299267288e-09
7.981886938068782911e-07
1.034450476666837204e-11
1.358647665483658784e-07
9.113960253159802960e-09
1.266469382699142443e-07
8.264811057756560331e-09
3.633692902127449997e-09
4.262223995965541690e-08
9.365210829059833486e-10
3.845040737360250205e-06
3.326252384638905824e-09
3.034575968285935232e-07
5.289999105428933035e-09
0.000000000000000000e+00
4.838540124119106167e-10
1.389968695697518797e-09
6.926220663672211231e-08
1.746219141507410200e-10
5.587880713697757074e-10
1.134194338447969130e-08
2.094203779279268929e-07
1.241063046109047718e-06
7.872441898371107527e-08
7.693378378803572559e-09
1.567547514014222543e-08
7.684321623457890382e-09
1.267370119961697128e-08
2.447393576687773020e-08
1.738049881794268003e-08
4.050170421265875120e-09
2.360317150063018232e-11
5.040908945375122130e-06
2.397035814283299260e-08
9.518259069807299966e-09
1.412020509405920166e-07
2.253604414192977856e-08
0.000000000000000000e+00
6.892581616568804748e-09
3.274846349654580990e-08
6.905322891270770924e-08
2.285852751526817883e-08
1.935147338372189552e-06
2.879160199142916099e-08
2.790533255858651529e-11
1.272398364449145447e-08
3.424293071319084447e-09
9.176116755327257124e-09
5.163995098200757639e-08
0.000000000000000000e+00
1.730281269374245312e-07
9.315896022599190474e-06
4.574951617541955784e-08
8.408620466582306108e-09
9.451441407293259545e-09
1.057836698237224482e-07
3.134633885792936780e-08
6.539172758834865817e-09
7.623706665960128248e-10
3.853424176969433290e-11
4.931133048557967413e-07
3.427707326864037896e-07
1.082811209585088363e-07
4.820476078748470172e-06
1.794107262753641407e-08
9.816258916828246583e-09
1.413733990984766820e-10
1.052995823869196101e-08
5.004661147722799797e-07
1.021997864114609911e-08
2.352931849358697036e-09
7.357047610012656946e-11
0.000000000000000000e+00
9.697454395052318432e-09
4.245033835559297586e-08
2.670017806849500630e-07
7.244181698951024373e-09
3.454171171313191735e-09
1.013128212434821762e-07
8.591070965735525533e-09
4.395478203633729208e-09
1.547052042027985408e-09
1.820278505704209238e-08
1.040311985889275093e-06
2.501291673784322711e-10
1.461553544856997178e-08
0.000000000000000000e+00
3.008181037600365926e-09
6.027147492204676382e-08
6.242636629849585006e-09
2.463377245243147939e-11
8.136748874676413834e-08
2.054070336043878342e-08
5.833240113162219131e-09
2.510576191383506739e-09
0.000000000000000000e+00
4.790031766788160894e-07
5.844465249538188800e-07
6.801924001820225385e-08
0.000000000000000000e+00
0.000000000000000000e+00
2.993584269361804218e-10
9.987223847929271869e-08
5.020575954972628097e-09
2.278464528160384361e-09
2.363852669162724851e-09
1.287132818106329069e-05
1.384186930408759508e-06
1.764423329664310813e-11
1.551254236176191625e-08
1.681379870888122241e-07
2.020078682107850909e-06
2.140976951281459151e-09
2.336335569452785421e-07
0.000000000000000000e+00
1.775912394919032522e-08
0.000000000000000000e+00
8.499707604414652451e-09
0.000000000000000000e+00
0.000000000000000000e+00
0.000000000000000000e+00
0.000000000000000000e+00
5.933355584630817248e-09
1.927440109739109175e-07
0.000000000000000000e+00
8.729549527686231158e-09
7.524262102265311114e-09
7.939210036056465469e-07
5.071267850098593044e-08
0.000000000000000000e+00
0.000000000000000000e+00
0.000000000000000000e+00
2.870956450351513922e-08
7.856916006687697518e-09
3.477298093912395416e-07
1.282547401615374838e-10
1.207462929642133531e-07
0.000000000000000000e+00
0.000000000000000000e+00
3.114996482977971937e-09
0.000000000000000000e+00
2.747732352759157948e-08
4.040701696794712916e-06
0.000000000000000000e+00
0.000000000000000000e+00
1.062357059961049899e-11
1.338538169193270733e-09
1.010953738500575128e-07
7.807234858603351313e-10
0.000000000000000000e+00
3.102025969425881158e-09
2.828663703269285179e-08
3.501866885358140280e-08
4.296162592343222286e-10
1.356587659984143102e-07
6.253011264334418229e-08
1.221621825919783078e-08
2.722078136230265955e-07
3.323602371096967545e-08
1.833860778788221069e-06
0.000000000000000000e+00
4.216425168124260381e-06
1.045705062097113114e-06
0.000000000000000000e+00
4.547530352283501998e-09
2.260057669900561450e-07
0.000000000000000000e+00
1.020490714154220768e-08
0.000000000000000000e+00
2.195139181537797413e-08
1.468354438038943499e-09
6.061384993927276810e-08
0.000000000000000000e+00
5.352115550749658723e-08
3.053208104120130884e-07
4.027812305906763868e-09
6.105671523926048394e-10
0.000000000000000000e+00
9.082958385420170089e-09
1.527893367381238932e-09
0.000000000000000000e+00
0.000000000000000000e+00
3.474217891152875382e-08
4.902037442633400133e-09
0.000000000000000000e+00
0.000000000000000000e+00
3.341235066400827236e-09
0.000000000000000000e+00
1.144707511002707179e-07
0.000000000000000000e+00
1.271657890100641453e-09
0.000000000000000000e+00
1.016991882352158427e-05
0.000000000000000000e+00
4.515041673869291117e-09
0.000000000000000000e+00
9.108819254421973710e-10
3.365892634055178689e-12
4.427956667996113538e-09
0.000000000000000000e+00
3.679650362187203427e-08
0.000000000000000000e+00
4.031070477417131315e-10
0.000000000000000000e+00
0.000000000000000000e+00
2.806069376859454678e-09
0.000000000000000000e+00
8.633104009447833960e-09
0.000000000000000000e+00
0.000000000000000000e+00
0.000000000000000000e+00
3.657185443373123235e-09
0.000000000000000000e+00
8.224518843746864150e-09
0.000000000000000000e+00
8.297536879808831145e-09
7.881892472028084740e-09
3.334556797351950763e-10
2.216636318941311856e-10
7.139288271673649433e-08
1.597278864728934877e-09
2.037480878458453049e-10
3.124510872254404603e-09
2.637437468422376696e-08
1.411647872373578139e-06
7.949829239350947319e-09
1.047096520601087377e-09
1.731688428208144614e-07
5.235822087001906766e-08
1.770061999195604585e-07
1.804394855753344018e-08
2.861960979316791054e-07
4.017533115074911620e-07
5.913893019737770373e-08
5.660128863382851705e-06
6.768963345393785858e-08
9.880698037534330069e-09
6.935502483429445419e-08
2.687289679670357145e-07
1.969187479744505254e-07
1.736109197736368515e-06
2.376395116243656958e-07
4.594298559368326096e-07
3.073962204780400498e-07
4.424750343900996086e-08
3.464348594661714742e-07
9.716942486193147488e-07
1.243391125171910971e-06
4.156925115239573643e-07
1.169278107227000874e-06
8.725864475422895339e-09
9.579711104379384778e-07
2.758160633220541058e-08
2.303829887750907801e-06
2.974782944420439890e-07
5.676748742189374752e-07
8.008027663208849845e-08
1.395316502339483122e-07
1.107046472270667437e-07
6.260395224444437190e-08
3.280661928783956682e-07
3.996274866580051821e-09
2.614120298005673249e-08
4.249793619237607345e-07
1.824410986728253192e-07
1.279746726368102827e-07
1.652621449466096237e-06
8.889123215283234458e-09
1.463031793491609278e-07
4.662396406729385490e-07
2.622742578672898617e-10
5.448102413652122777e-08
2.682259321318269940e-07
2.600283721676532878e-08
2.608708769002987538e-07
1.234306523656414356e-08
3.293298078688167152e-08
2.459499626183969667e-07
4.624787834472954273e-06
1.019078581521171145e-07
1.743534653542155866e-06
2.395451545456062092e-11
1.068604049692112312e-07
1.130583484609815059e-07
8.735365213397017214e-07
1.818758278204768430e-06
1.493105550309792307e-08
0.000000000000000000e+00
1.958176198968430981e-06
1.288154294343257789e-07
4.979228762636012107e-08
8.544002838561937097e-08
3.614280430497274210e-08
9.113146006711758673e-07
8.351265456951750821e-09
3.603135567686877039e-08
0.000000000000000000e+00
2.229931794772710418e-08
1.023197152005828059e-11
4.613113162577064941e-07
2.173866295307469443e-11
1.427348479410284199e-07
1.460376264361684662e-08
1.247559922035179625e-08
4.230388483961178281e-09
0.000000000000000000e+00
5.419726178956807416e-08
0.000000000000000000e+00
2.748213212555583596e-09
0.000000000000000000e+00
0.000000000000000000e+00
1.555220663362888445e-08
5.633996824627729438e-09
0.000000000000000000e+00
4.478083610592875630e-07
0.000000000000000000e+00
8.233961779069431941e-08
2.349511973864792935e-10
8.180531807511215447e-08
7.586738348663857323e-09
2.739082205494014488e-08
2.191646508720168640e-08
4.196062164396607841e-08
0.000000000000000000e+00
9.734363004554325016e-08
5.441047612464444683e-09
3.922091451613596291e-08
2.915617471899167867e-07
1.200241513288347051e-06
7.259826872996200109e-08
4.616144266833543952e-08
7.297712781295651041e-13
9.174492832109137908e-10
6.683130777673795819e-07
1.251284520442652592e-09
0.000000000000000000e+00
0.000000000000000000e+00
1.759203005491372096e-09
2.295383083605884167e-08
3.039988541786442511e-06
0.000000000000000000e+00
2.272416743664962269e-08
3.645630686222034456e-09
1.486014525653445162e-06
0.000000000000000000e+00
9.162109790850081481e-07
3.882574617364298319e-07
3.502013345979548831e-09
1.956234818578650447e-08
0.000000000000000000e+00
0.000000000000000000e+00
0.000000000000000000e+00
0.000000000000000000e+00
0.000000000000000000e+00
7.339618690593852079e-09
1.815497441270963463e-08
0.000000000000000000e+00
2.043518021466184109e-09
2.983870786010811571e-07
0.000000000000000000e+00
3.426351327107113320e-07
1.041869381879223511e-06
0.000000000000000000e+00
2.351557393254211092e-09
3.573614293372884276e-08
5.845409933868950247e-09
3.030425910210965412e-09
8.416615848716446635e-09
2.182348746160300834e-09
1.828259876823778995e-09
2.944567540907883085e-07
7.245258188959269319e-07
1.091754143089929130e-06
2.181686937774429680e-07
1.780547478347216384e-07
2.968559101645951159e-06
3.231936318570660660e-07
2.626323976073763333e-07
2.902818323491374031e-06
3.262879545218311250e-06
1.554290292915538885e-06
2.390017925790743902e-06
5.305082027007301804e-07
1.551148443468264304e-06
7.047801204862480517e-07
1.276897023672063369e-06
1.457916823710547760e-06
7.685068226237490308e-07
5.334121055966534186e-07
1.032662453326338436e-06
6.057044856788706966e-07
2.350532213313272223e-06
1.864904902504349593e-06
1.353119500890898053e-06
2.405403620286961086e-06
1.233511625287064817e-06
2.222473085566889495e-06
5.601034445135155693e-06
2.994121928168169688e-07
4.283920702619070653e-07
2.180282052677284810e-07
1.233354737451008987e-06
8.119928907035500742e-07
2.690141442940330307e-08
2.601992491690907627e-06
6.639781613415607353e-09
8.727751321657706285e-08
2.316668542334809899e-06
4.592058289176748076e-08
4.310813039865024621e-07
5.511719223250111099e-07
2.070128402920090593e-06
4.816063210455467924e-07
1.124982873079716228e-06
4.743658905681513716e-07
2.452566372213027535e-09
2.160097437808872201e-06
5.829491556141874753e-07
4.651650797882211918e-08
6.447429541367455386e-07
4.211118564967364364e-08
7.522799592152296100e-07
8.536835593986324966e-07
1.068219262378988788e-06
2.668871502464753576e-06
6.050299248272494879e-07
8.515140166309720371e-07
4.408712754866428440e-07
1.352812546429049689e-06
5.732057388740940951e-07
5.400864210969302803e-06
4.708030587607936468e-07
1.338310994469793513e-06
2.049608610832365230e-06
3.977399387622426730e-07
6.520568831547279842e-07
9.720114348965580575e-07
4.565474682749481872e-07
1.720229874990764074e-06
3.522470706229796633e-06
3.143469200495019322e-07
8.140867180372879375e-07
9.318990805695648305e-07
9.490967158853891306e-07
7.251978217936994042e-07
5.365428137338312808e-07
1.886817244667327031e-07
6.671740493402467109e-07
1.877062203448076616e-07
1.112439122152864002e-06
2.967962764444109780e-09
1.195624008687445894e-06
1.095218294722144492e-06
3.937510427931556478e-06
1.126968030007446941e-07
4.712561292308237171e-07
8.546964522793132346e-07
9.164842253994720522e-07
2.974792892018740531e-07
8.916759952626307495e-08
2.083809924613433395e-08
1.217351908167074725e-08
7.029386210888333153e-07
1.312336394221347291e-06
1.923310435358871473e-07
2.497750450913827081e-08
2.509485454993409803e-07
9.598269343769061379e-07
2.524038507090153871e-07
2.097396190947620198e-06
1.936230944465933135e-07
2.731586334903113311e-07
5.949743098199178348e-08
2.180821638830821030e-06
3.900749106833245605e-06
5.686466124643629882e-07
1.016474158177516074e-07
1.779904112986230302e-09
2.965191470138961449e-07
2.571034940501704114e-08
1.899297785712406039e-07
1.750475888684377423e-07
2.593971885289647616e-06
3.685978855472171745e-09
2.171065638378877338e-08
6.070064273444586433e-08
2.769513400835421635e-07
3.101736751887074206e-07
5.518912530533270910e-06
1.355520566903578583e-07
1.165591015706013422e-06
3.235650751776120160e-07
5.452175173559226096e-07
8.508801329298876226e-06
2.428972265988704748e-06
1.185498263112094719e-06
4.925721555082418490e-07
3.363927362443064339e-06
8.858066280481580179e-07
1.155836616817396134e-05
8.587651336711132899e-07
2.927209834524546750e-06
1.304867396356712561e-06
3.733267703864839859e-07
5.705601779482094571e-06
1.868597337306709960e-06
8.568901534999895375e-07
6.615318852709606290e-07
7.349598263317602687e-07
1.831444137678772677e-06
3.728372064415452769e-07
7.137593343031767290e-07
6.191678494360530749e-07
3.322815578243876189e-09
6.027288463883451186e-07
7.012563401076477021e-07
2.188893859056406654e-06
1.447563136025564745e-06
5.320115903373334731e-08
4.635262484953273088e-07
4.588785600390110631e-07
3.939332600566558540e-06
5.713426958209311124e-07
9.344850582237995695e-07
2.132045153757644584e-07
1.192024910778854974e-06
6.722574052986374227e-09
1.051586906442025793e-08
5.259955742076272145e-07
9.670783640558511252e-08
2.158370371319051628e-08
7.201413154689362273e-08
1.608301204214512836e-06
4.122150443208738579e-08
1.688188490334141534e-06
5.892914245464453415e-08
2.509983687559724785e-08
0.000000000000000000e+00
3.622465216679415789e-09
9.184000191453378648e-06
1.230566908816399518e-06
2.597561774564383086e-07
1.894008391900570132e-06
1.241170366483856924e-07
4.771227850142167881e-06
1.187101332789097796e-07
7.156642141126212664e-07
6.579892328772984911e-07
1.491182729296269827e-06
1.799992787709925324e-06
1.337274738943960983e-06
1.120165507018100470e-06
3.345091272421996109e-06
7.900309242359071504e-07
3.338574572353536496e-07
7.692637495892995503e-07
9.888699423754587770e-07
6.874327937111956999e-06
2.674433403626608197e-07
1.563482669553195592e-06
1.457017447137332056e-06
8.411150815845758189e-07
1.120664734344245517e-07
1.071437623068050016e-06
2.231787021855780040e-07
1.739323209903886891e-07
1.362365686929933872e-08
2.539618151331524132e-07
1.041527411871356890e-06
4.245930185220458952e-08
8.380476401725900359e-07
3.340484181535430253e-05
8.359647196698460903e-09
1.139562868957000319e-06
1.758692633302416652e-06
1.601296730768808629e-07
3.132219319468276808e-07
3.732321260940807406e-07
1.547070041851839051e-06
1.242481289409624878e-06
6.266541419108762057e-08
3.363402925060654525e-07
6.279934154918009881e-07
1.050478530828513613e-07
2.631651341289398260e-07
6.554268594527457026e-08
2.916902719363179131e-09
1.564728108860435896e-06
1.398872910840509576e-07
1.392834434454925940e-07
8.198792755820250022e-08
4.026116755539987935e-07
2.649152861522452440e-07
1.439979541828506626e-06
9.523492217056173104e-09
1.656759991419676226e-06
9.550910817779367790e-08
2.585186287262786209e-09
1.271655918344549718e-07
1.528610305001620873e-08
0.000000000000000000e+00
9.682776180852670223e-08
1.144497563387858463e-08
5.856428515471634455e-07
1.284596919504110701e-06
2.415141864275938133e-07
8.471109822494327091e-07
4.700537203916610451e-07
1.314871042268350720e-06
2.070497885142685845e-06
2.084900785348509089e-07
1.426010271643463057e-06
2.200213430114672519e-06
1.467866354687430430e-06
1.127911332332587335e-06
9.612275562176364474e-07
1.757034624461084604e-06
4.225921657052822411e-07
8.935189725889358670e-07
2.734706413320964202e-06
6.357633992593036965e-06
7.401050652333651669e-07
2.162019200113718398e-06
9.109201073442818597e-07
7.775677772769995499e-07
1.359470502393378410e-06
1.234387667636838160e-07
3.057976130094175460e-07
2.456041329423896968e-06
5.476763931255845819e-07
5.027823704040201847e-07
4.043726278268877650e-07
1.629783810130902566e-06
5.207188991107614129e-08
1.570339236423023976e-06
3.720160748343914747e-07
2.619048473206930794e-06
6.181789444781315979e-07
8.725242750529105251e-09
4.697730219049844891e-06
3.108991677436279133e-06
7.777184691803995520e-07
3.886636648076091660e-07
7.910134769417709322e-08
7.479405326193955261e-07
2.691714087177388137e-07
1.130221676248766016e-07
1.285952407670265529e-06
3.525998408804298379e-07
4.269526243660948239e-07
3.610175269841420231e-07
1.852034756666398607e-07
3.417608525069226744e-07
7.014434033614236341e-10
4.440616763190519123e-09
1.818200416892068461e-07
1.556908500788267702e-06
2.074188643064189819e-08
3.384470659284488647e-08
5.766373192273022141e-07
1.609948526493099052e-06
1.012076680240170390e-07
1.625640919655779726e-07
8.863782596790770185e-09
1.541852014952382888e-07
1.030451013406263883e-08
1.436580873814818915e-06
1.578207360353189870e-07
5.954866466595376551e-08
6.098949345556547996e-09
2.079497907203631257e-09
4.412280532051227055e-07
4.494102654462039936e-07
1.195210529658652376e-06
7.122295301087433472e-06
1.150318780673842411e-06
1.669092853262554854e-06
3.414357365727482829e-07
1.004578393803967629e-06
2.747839744188240729e-06
1.007916466733149718e-06
1.402960833729594015e-06
1.452381411581882276e-06
9.915565897244960070e-07
1.771554025253863074e-06
4.499640908761648461e-07
2.077231783914612606e-06
4.374901152459642617e-07
6.117090265433944296e-07
9.187286309497721959e-07
5.541062932934437413e-07
1.732611735860700719e-06
1.319762418461323250e-06
2.082748267184797442e-07
1.842155370468390174e-07
1.164304194389842451e-06
2.130706349134925404e-07
2.505719862710975576e-07
3.145080711419723229e-07
6.485939962885822752e-08
1.648574311730044428e-06
2.236646565734190517e-07
1.189785905353346607e-07
1.276315288123441860e-06
4.687172179274057271e-07
4.111818441288050963e-08
3.130140555640537059e-07
4.373243598365661455e-07
2.993713010823739751e-08
6.485816328449800494e-09
1.311318165164720995e-08
1.492510364187182859e-07
1.416793935504756519e-07
8.285518049433449050e-08
9.755865448823897168e-09
1.284412860513839405e-07
8.240856885777247953e-08
8.976538262706057481e-11
1.416997065462055616e-06
3.602940168434543011e-08
6.292790999395947438e-08
1.122471076087094843e-07
2.317447922450810438e-08
1.602329575689509511e-06
4.343945647633518092e-07
6.327832480224060419e-09
2.267024790114646748e-09
6.913640504535578657e-08
1.168020915542911098e-07
5.567806056205881760e-07
3.297440116512007080e-07
1.632163737497194234e-08
1.690595468062383588e-07
1.025840212776074623e-08
5.256907229522767011e-07
0.000000000000000000e+00
5.429828320302476641e-07
2.858022526197601110e-06
1.080224706129229162e-06
1.204945078825403471e-06
4.063485903316177428e-06
2.849684790362516651e-07
6.906813041496207006e-07
3.274622940807603300e-06
3.016191612914553843e-06
3.071066657867049798e-06
1.151668925558624323e-06
2.095991021633381024e-06
4.265562836280878400e-07
4.395044015836901963e-06
1.166009496955666691e-06
3.260599044097034493e-07
6.002405825711321086e-07
2.523902367101982236e-06
6.424256753234658390e-07
6.574505562184640439e-08
5.781292202300392091e-06
1.150694288298836909e-06
1.935549818199433503e-07
2.104781486877982388e-07
1.521351009614591021e-07
6.178022537994820595e-09
2.726129082475381438e-07
3.879040093579533277e-07
1.961343969014706090e-06
1.126574261434143409e-06
1.507142002310501994e-07
4.604377181749441661e-07
8.514877549714583438e-07
2.918654047334712232e-07
4.004972709026333177e-07
5.110575216349388938e-07
1.370485620100225788e-06
1.234779887226977735e-07
6.420330578293942381e-08
2.855616543229189119e-08
2.467469357725349255e-07
7.888061190897133201e-07
6.943062569320090915e-09
1.452753650710292277e-07
3.321947161794014391e-08
7.225291920320842110e-09
2.153008864524963428e-07
1.755364280597859761e-07
1.746437305882864166e-07
2.015863401538808830e-06
1.453259557138153468e-07
1.747959572639956605e-07
4.362628661103151728e-11
6.764678772697152453e-08
6.820659592676747707e-09
8.625584513310968759e-08
4.015418753056110290e-08
4.068946779511861678e-08
9.427402801520656794e-06
1.351924705517149050e-08
1.281958006416061835e-08
1.771844537756805948e-08
2.165628984585055150e-06
0.000000000000000000e+00
2.230310869322238432e-08
2.102067631071236065e-09
2.862219439236923790e-08
3.533132257871329784e-06
4.862369564762047958e-07
6.228737561286834534e-07
1.258805355064396281e-06
1.216231908074405510e-06
1.217003728015697561e-06
1.166606011793192010e-06
5.384640076044888701e-07
5.381363621381751727e-07
7.496490184166759718e-07
6.845214102213503793e-07
5.741665518144145608e-06
9.962754177195165539e-08
3.948259291064459831e-06
5.988370617160398979e-07
1.604505655450338963e-06
1.967876642083865590e-06
6.895087949487788137e-07
9.551915809424826875e-07
4.681772622916469118e-07
9.864064764997237944e-08
7.472468723790370859e-07
2.732444954745005816e-07
2.926574609318777220e-07
0.000000000000000000e+00
9.671498446550685912e-07
5.284764483803883195e-07
7.362322307358226681e-09
1.066892991730128415e-06
2.759776585037343466e-08
1.023631526209101139e-07
8.486349400982362567e-08
2.889516110826662043e-07
1.817332531572901644e-06
3.561915264072013088e-06
7.639217187715985347e-07
5.123785840055461449e-08
1.021235807030507203e-08
6.291269727398685063e-09
4.288783994610412265e-09
1.073559641184829161e-08
7.578726091139742493e-09
0.000000000000000000e+00
3.329456603751168586e-07
8.369065085389593150e-08
9.992688454474318860e-09
2.019355127558242202e-09
7.255664513650117442e-09
2.161305268089108722e-08
2.702904566831421107e-09
8.618026292595004634e-09
0.000000000000000000e+00
8.134005469173644087e-09
7.915545552350522485e-08
1.292689244536404658e-08
0.000000000000000000e+00
0.000000000000000000e+00
0.000000000000000000e+00
0.000000000000000000e+00
0.000000000000000000e+00
0.000000000000000000e+00
2.061490000926369248e-08
7.140370072988844186e-09
3.423874517238800763e-09
0.000000000000000000e+00
2.460073346810531802e-06
2.895856368922977708e-06
1.410654363098728936e-06
6.428185770346317440e-07
4.677856850321404636e-06
2.595652176751173101e-06
2.123920467056450434e-06
3.433868869251455180e-07
4.615653210748860147e-07
1.175228362626512535e-06
3.209090380096313311e-07
4.926388186277108616e-08
7.621804911650542635e-07
1.435239482816541567e-06
3.641076773419626988e-07
9.313736882177181542e-06
1.143395138569758274e-07
1.895450623123906553e-06
3.490948472517629853e-07
8.311379247061267961e-07
4.252857195297110593e-07
1.991623719277413329e-07
3.550379403804981848e-07
2.729131836076703621e-07
1.986170673262677155e-06
1.440270921193587128e-06
4.364613687357632443e-06
5.871464026085959631e-08
1.010199412121437490e-06
7.970740512064367067e-07
1.665574927756097168e-06
3.205424548013979802e-08
4.292847743947447725e-10
6.718799128169195001e-11
2.959672201541252434e-06
8.829250219832829316e-08
5.029773220144306833e-08
3.125490977140543691e-08
1.275920908483385574e-06
2.227861841674894094e-06
4.193108509298326680e-07
1.852777245403558481e-06
0.000000000000000000e+00
5.658983681655627151e-08
1.303344561165431514e-07
4.838887548430648167e-07
0.000000000000000000e+00
0.000000000000000000e+00
0.000000000000000000e+00
1.970817606888886075e-07
7.728337969581389189e-09
5.057176011291630857e-09
0.000000000000000000e+00
3.827708283665742783e-08
1.960966073966119438e-06
3.582345300401357235e-07
1.475055682931269985e-06
2.206825001849210821e-06
5.518010084415436722e-07
1.323261585639556870e-06
4.487623300519771874e-06
5.923483286096598022e-07
6.470114044532238040e-07
9.633477020543068647e-07
5.515125849342439324e-06
1.605663328518858179e-06
6.371894301082647871e-07
1.145400347013492137e-06
1.151151650446990971e-06
7.370874754997203127e-07
2.197900954570286558e-07
1.341440110991243273e-06
6.284815299295587465e-07
2.159975565518834628e-06
3.715909770107828081e-06
1.064330632516430342e-07
4.319598474467056803e-07
3.181048100486805197e-07
1.900820620903687086e-06
1.801017901925661135e-06
6.476377620856510475e-07
3.870695195473672356e-07
1.365106754747102968e-06
6.709387889713980258e-07
5.879173841094598174e-07
2.147592567780520767e-06
1.517941200290806592e-06
2.550579438320710324e-06
1.221691547925729537e-07
7.601025231451785658e-07
6.472401423707196955e-07
3.172607989654352423e-07
4.800066335519659333e-07
3.748273684323066846e-06
2.909393685968097998e-07
7.839368976192417904e-08
3.973415374503019848e-08
1.053937292994078234e-08
2.985624802942510314e-10
4.258730257333809277e-07
1.741216237860498950e-08
1.361793344756279112e-08
0.000000000000000000e+00
3.157829837618919555e-07
2.153817376893130131e-06
2.032301154031301849e-06
2.876807059237762587e-07
7.479231101115146885e-08
6.022870024935400579e-08
2.869156787710380740e-07
1.297682615586381871e-06
5.053634595242328942e-07
1.315820668423839379e-06
1.404561658091552090e-06
3.341602450745995156e-06
8.000938009899982717e-07
4.093546976946527138e-07
1.343564235867233947e-06
1.114134533963806462e-06
8.430588991359400097e-07
7.760166340631258208e-07
8.547939387426595204e-07
7.082328465912723914e-07
9.620789569453336298e-07
1.563093860568187665e-06
2.075117038202733966e-07
9.713668305266764946e-07
1.424948777639656328e-06
1.244435907210572623e-06
3.586393120258435374e-07
8.654627094983879942e-07
1.093673773766568047e-08
8.858332876116037369e-07
2.944827883766265586e-07
5.300565817378810607e-07
2.050473142389819259e-07
3.484125272734672762e-06
6.620517751798615791e-07
0.000000000000000000e+00
2.018983868978807550e-09
4.406381606258946704e-07
1.079980620488640852e-06
9.533474454315182811e-09
0.000000000000000000e+00
2.541345907047798391e-07
7.023396051408781204e-07
8.143574063979031052e-07
9.167621106698220501e-10
7.512630517680918274e-09
0.000000000000000000e+00
2.823050126998793985e-10
2.064927673295358090e-10
7.346355346271593589e-08
8.688457597827436985e-08
1.780810805485089077e-07
7.746946550923894392e-08
1.484191329836903606e-07
1.514970904281653930e-06
6.691781209156033583e-07
7.211369847937021405e-07
1.079256890079705045e-06
0.000000000000000000e+00
0.000000000000000000e+00
0.000000000000000000e+00
1.070409871850586114e-09
3.422458316748588913e-09
6.180061351557242233e-09
0.000000000000000000e+00
0.000000000000000000e+00
6.722247647417134431e-09
0.000000000000000000e+00
0.000000000000000000e+00
0.000000000000000000e+00
0.000000000000000000e+00
1.796408533039084432e-08
1.960316575733145328e-09
1.838134200404795138e-09
0.000000000000000000e+00
5.929701529794328962e-08
1.178269997126335511e-07
2.458851122710825621e-09
1.317747355678022814e-09
0.000000000000000000e+00
0.000000000000000000e+00
0.000000000000000000e+00
0.000000000000000000e+00
5.090269496577093378e-06
3.433959339105285835e-09
0.000000000000000000e+00
0.000000000000000000e+00
2.563106671349402177e-10
0.000000000000000000e+00
0.000000000000000000e+00
0.000000000000000000e+00
0.000000000000000000e+00
1.117658214866423805e-07
9.927001443088556698e-09
1.867777577047036175e-08
1.641842573008034378e-08
0.000000000000000000e+00
0.000000000000000000e+00
0.000000000000000000e+00
6.145331465923220549e-10
3.815360969383618794e-07
1.260124236068804748e-06
1.161080149358895142e-06
7.240772106342774350e-07
2.941935917988303117e-06
1.961518364623771049e-06
7.031256359368853737e-07
2.304095914951176383e-06
1.825575708380711148e-07
2.471319476171629503e-06
2.299044581377529539e-06
2.068416762313063373e-07
4.302840466152701993e-07
7.405021165141079109e-07
1.008100753097096458e-06
3.963786241456546122e-07
2.275254473715904169e-06
8.487035074722371064e-07
2.727726950979558751e-07
8.016202627914026380e-06
3.362009692864376120e-06
4.874625592066195168e-09
2.563695886692585191e-07
1.441682456970738713e-06
3.698884938785340637e-06
1.477563046137220226e-06
2.352398496441310272e-06
4.018600634481117595e-07
7.739211049795358122e-09
2.556493654992664233e-06
4.926264285387560449e-09
8.299868881067595794e-08
9.710964121723009157e-08
0.000000000000000000e+00
4.353126303868748437e-09
1.440687810827512294e-06
1.841281800807337277e-06
0.000000000000000000e+00
2.493605506970197894e-06
1.084848349819367286e-06
0.000000000000000000e+00
2.252194342133861937e-08
1.312869457592569233e-08
0.000000000000000000e+00
2.663004039504812681e-09
0.000000000000000000e+00
7.205366614471131470e-08
4.824275038117775694e-06
0.000000000000000000e+00
0.000000000000000000e+00
1.154332629482723860e-09
4.667199071661798371e-09
2.944778714208950987e-07
0.000000000000000000e+00
1.382068717248330358e-07
0.000000000000000000e+00
0.000000000000000000e+00
2.039404867204552829e-09
9.242862120117933955e-08
5.054237917079262843e-09
0.000000000000000000e+00
3.055209162994287908e-06
1.619226964066911023e-06
1.153037374024279416e-06
4.693747996498132125e-06
7.590296036141808145e-07
2.264038357679964975e-06
1.522911588835995644e-06
2.914572633017087355e-06
6.655770334873523097e-07
8.646367177789215930e-07
2.792754457914270461e-06
4.577468189381761476e-06
1.021908019538386725e-06
2.292881390530965291e-06
1.104072637758690689e-07
3.479488213997683488e-06
6.295094863162375987e-07
3.199978664270020090e-07
5.340335178516397718e-07
1.885953935243378510e-07
2.035024806446017465e-07
1.302051799711989588e-07
3.064228053517581429e-07
3.043163587790331803e-07
1.661007473785502953e-07
1.883879150454959017e-07
2.342519564990652725e-06
1.322115622315322980e-06
2.265015837110695429e-06
1.773857775333453901e-06
7.479761734430212528e-07
4.346035495927935699e-07
1.972379504877608269e-05
7.168944105018226765e-09
2.866825177250120760e-08
2.089747708211575628e-09
1.339672284217385823e-08
1.614518282622157130e-06
3.592651296457916033e-07
5.708304495755101016e-09
9.003724876777141617e-09
1.811958050268458464e-08
9.799766331752834958e-08
2.469509752245357959e-07
8.974779319714798476e-08
1.010869823403481860e-06
4.477699278027102991e-08
1.086716292775236070e-05
0.000000000000000000e+00
2.325569248284864443e-08
3.146690517041861312e-07
4.146966148255160078e-07
1.190026159747503698e-05
1.280936089642636944e-06
1.728016485458283569e-08
2.457096193175800636e-10
3.362606859624861499e-10
0.000000000000000000e+00
0.000000000000000000e+00
0.000000000000000000e+00
1.228519437290742644e-07
1.502583657497780223e-08
1.328431409319819068e-07
1.413023511531719123e-07
2.762824124147300608e-06
9.548014077154221013e-07
3.144440654523350531e-07
5.156695124242105521e-07
4.503881427808664739e-06
2.474305802024900913e-06
9.333057278126943856e-07
2.752364935076911934e-06
6.242008794288267381e-07
3.075632548643625341e-06
1.648246438890055288e-06
1.574412181071238592e-06
2.676588337635621428e-06
5.378655032473034225e-07
2.282082050442113541e-06
4.186631031188881025e-06
7.529698109465243760e-07
1.473592305956117343e-06
0.000000000000000000e+00
0.000000000000000000e+00
4.103262938315310748e-07
4.089945093710412038e-08
1.616442432350595482e-06
0.000000000000000000e+00
6.206025471300335994e-09
4.340697614679811522e-06
0.000000000000000000e+00
5.722953844156108971e-08
1.164244915752288279e-12
0.000000000000000000e+00
3.592335096058718591e-09
7.900343916844576597e-07
2.414042228338075802e-07
1.629508460609940812e-06
1.165898424915212672e-06
6.405585281754611060e-06
1.256923314940650016e-05
2.691807367227738723e-06
1.357006908619950991e-06
1.562991542414238211e-06
5.321801836544182152e-06
4.345666184235597029e-06
0.000000000000000000e+00
5.255829478301166091e-07
4.031239342339176801e-08
0.000000000000000000e+00
0.000000000000000000e+00
0.000000000000000000e+00
0.000000000000000000e+00
0.000000000000000000e+00
3.233711254324589390e-07
6.605025859585111903e-09
0.000000000000000000e+00
0.000000000000000000e+00
0.000000000000000000e+00
6.165127160784322768e-06
8.468050261001280887e-09
2.329348491869609461e-09
0.000000000000000000e+00
4.838910161453213732e-09
3.397289782824941540e-09
0.000000000000000000e+00
0.000000000000000000e+00
1.903372215394938394e-08
0.000000000000000000e+00
0.000000000000000000e+00
0.000000000000000000e+00
0.000000000000000000e+00
0.000000000000000000e+00
4.436855505218773033e-08
0.000000000000000000e+00
