3.388841832929756492e-06
1.685278107288468163e-06
1.544488270610600011e-08
9.844039823292405345e-07
2.972795982714160345e-06
3.950555310439085588e-06
1.978220041110034799e-07
3.440423597567132674e-06
2.144469846143692848e-07
1.922957260092061915e-08
0.000000000000000000e+00
2.589587211332400329e-06
0.000000000000000000e+00
8.314541446452494711e-06
3.171033995386096649e-06
6.011184723320184276e-07
7.547877771685307380e-07
5.164957173064976814e-08
2.888159997382899746e-06
9.994851097872015089e-07
3.150772954541025683e-06
3.334432063795134127e-09
1.273459020012523979e-05
0.000000000000000000e+00
1.416929595876581516e-08
2.421758608761592768e-06
1.411875132362183649e-07
2.056801122307660989e-06
2.470396793796680868e-07
9.911683491736766882e-07
1.307147723395019057e-08
5.638971288135508075e-06
1.241252256534153275e-08
5.305736650029757584e-08
1.633903323750018899e-08
9.997461347666103393e-07
8.473593879898544401e-07
4.795911536348285154e-06
0.000000000000000000e+00
0.000000000000000000e+00
6.056230628104231073e-09
2.176450095703330589e-07
4.078054782752360552e-09
0.000000000000000000e+00
1.336737369683760335e-07
7.553011073468951508e-06
1.967608653785646311e-07
1.880991817415633705e-06
1.524520243378901796e-08
1.806885734367824625e-07
4.118496477190092264e-08
1.456497284380020574e-05
8.195766554308647756e-07
0.000000000000000000e+00
2.473468718733329297e-08
1.196343305309710559e-06
5.396331630436179694e-07
2.036499324731266825e-07
0.000000000000000000e+00
5.999103450449183583e-06
4.428223121522023575e-08
0.000000000000000000e+00
2.247119965659294394e-07
1.974463430087780580e-06
6.491440672107273713e-06
2.989165892586242990e-08
3.206612859685264993e-07
4.267237818567082286e-05
7.380851457128301263e-06
5.821562254482159915e-08
4.835280620341109170e-09
1.677890031714923680e-05
2.031682910796916985e-08
7.719923473814560566e-07
1.535793444418231957e-06
2.450854807989344408e-08
2.360214352847833652e-07
1.715349107200836443e-08
1.154046813667264360e-08
9.494232472206931561e-06
5.535390812383411685e-08
2.822128806201362750e-07
2.806621637319040019e-07
1.100746445104050508e-07
4.064561380801023915e-07
1.626729471126964199e-07
9.754104013381947880e-08
2.012521690630819649e-06
2.528976210669497959e-06
0.000000000000000000e+00
1.709837761154631153e-06
6.019421050496021053e-08
5.342254638662780053e-09
2.560576604082598351e-07
5.654502999163923960e-08
1.297852634252194548e-07
4.836236939809168689e-07
5.248223260423401371e-07
7.137614232988198637e-08
5.365309618809988024e-08
6.066612456834263867e-08
9.078764264813798945e-07
1.574362862299949484e-08
2.825302374276361661e-07
2.885793037421535701e-06
3.755691224682777829e-08
4.364593131356286904e-09
2.948921551393368645e-09
1.891965439426712692e-06
2.481803676346316934e-06
3.075647736494602213e-09
1.226810653065513179e-09
5.241606686468003318e-06
1.942507310559449252e-07
3.649466506772114371e-08
6.520876638660411118e-08
1.290327134029212175e-07
2.575956841610604897e-06
3.202746484021190554e-06
4.553042742827528855e-08
4.871723580102127471e-10
2.956407740839495091e-08
2.308911888349030050e-07
0.000000000000000000e+00
5.674612111761234701e-05
5.490413172992703039e-07
9.932002598134204163e-08
5.162855245544051286e-07
6.517373662973113824e-08
2.764753389783436432e-06
1.045602675731061026e-05
2.719984877330716699e-06
1.418654420604070765e-07
2.871845765639591264e-07
3.152811700601887424e-07
8.528301691512751859e-07
1.028289830173889641e-06
1.826829020501463674e-06
1.867693733004216483e-08
0.000000000000000000e+00
0.000000000000000000e+00
0.000000000000000000e+00
0.000000000000000000e+00
7.127562895448136260e-08
9.613333986635552719e-07
7.321424533301978954e-08
8.253156920545734465e-06
3.525714419083669782e-06
8.936534868553280830e-06
2.536465331104409415e-07
0.000000000000000000e+00
0.000000000000000000e+00
3.518718827422162576e-08
5.701947998204559553e-07
5.104172373648907524e-07
1.142643171192503360e-07
3.744168566299777012e-07
5.144858761241266620e-09
1.644036871084608720e-07
2.382982347626239061e-05
5.711519293072342407e-07
2.796358522516584344e-08
0.000000000000000000e+00
1.291046114459959426e-08
3.449087273565965006e-07
1.861784539869404398e-06
1.014151607137137034e-07
3.990279040522182186e-08
1.714838163024978712e-06
1.427250424512749305e-07
1.000533771389200410e-07
5.247472927294438705e-06
4.084946159110813824e-09
8.283048202883946942e-08
6.954078912713157479e-08
3.018849156433134340e-06
0.000000000000000000e+00
0.000000000000000000e+00
7.790464451318257488e-08
1.156940498958647368e-07
1.124011396314017475e-05
1.317128294431313407e-06
4.713839096837091347e-09
2.725487036059348611e-07
1.933789235408767127e-06
3.076161547710398736e-08
1.870507617240946274e-06
2.996813691424904391e-06
3.372802552803477738e-07
7.359333721979055554e-06
4.207227014690895217e-13
6.185528178548338474e-08
5.555877891083582654e-08
7.719104178249835968e-05
1.145309713734832258e-08
0.000000000000000000e+00
9.363272511109244078e-06
7.415992797632497968e-08
3.652353797178875539e-08
1.174426756733737420e-06
3.042875277969869785e-06
0.000000000000000000e+00
1.121975742535141762e-06
1.777231318556005135e-06
3.362216602909029461e-06
0.000000000000000000e+00
1.355486318743714946e-07
0.000000000000000000e+00
2.133630516709672520e-07
2.239795549030532129e-06
2.144174260365616647e-07
2.715414337828292446e-09
2.069904439849779010e-05
6.669870877828998346e-09
3.886043931089488979e-09
2.819487008309806697e-06
8.295689440274145454e-06
4.417463969730306417e-06
2.009697709581814706e-06
1.865665922196058091e-06
3.259536640598525992e-08
1.485819302615709603e-05
2.069675844040830270e-07
1.967112257261760533e-05
7.753259723131122882e-08
7.005888846833840944e-08
2.339352704439079389e-06
4.613052695390251756e-08
0.000000000000000000e+00
2.768090553217916749e-06
0.000000000000000000e+00
6.325450385702424683e-08
3.986873942096735846e-09
5.943920911022360087e-08
1.124578687949906453e-07
5.635920530266957940e-08
2.401774281679536216e-06
3.722767303315777099e-07
7.875931906653477199e-09
2.367848139783745864e-08
5.320202944858465344e-08
6.025356356076372322e-07
7.037806994958373252e-07
2.009074478337424807e-06
5.251144443718658295e-07
0.000000000000000000e+00
4.046392859891057014e-06
3.255826186432386748e-07
1.919145731221760798e-08
1.028233441502379719e-06
1.043379711518355180e-06
1.171166417179847485e-07
0.000000000000000000e+00
4.371975492745150405e-08
9.369122722091560718e-08
1.568086638314980519e-08
1.808118440749240108e-06
1.242309849658340681e-06
9.767105524360886193e-08
1.159044771270600904e-07
1.387178993894622181e-08
5.023170501772256102e-08
0.000000000000000000e+00
1.003312536340672523e-05
0.000000000000000000e+00
3.568092324712779373e-06
3.713358637469355017e-06
2.416756615275517106e-05
8.981368893046237645e-08
0.000000000000000000e+00
1.707012273755026399e-07
0.000000000000000000e+00
0.000000000000000000e+00
6.973428298806538805e-06
4.413594069774262607e-06
0.000000000000000000e+00
3.234686118958052248e-07
1.115833356379880570e-06
1.127640302911459003e-06
1.796985671376205573e-08
3.262968277795152972e-07
1.876751269946907996e-07
2.072280693710126798e-07
1.693687856629821908e-08
2.325324111041027209e-08
4.531021204456919804e-06
7.378006557701155543e-06
9.641173619456822053e-07
3.601961751087401353e-08
2.007992492281118757e-07
3.513471256155753508e-07
3.691288611662457697e-06
8.169387001544237137e-06
1.830497240007389337e-06
2.461015810695243999e-06
0.000000000000000000e+00
4.432528839970473200e-06
0.000000000000000000e+00
5.610777861875249073e-06
9.520272215013392270e-06
9.956125722965225577e-06
3.287306356014596531e-07
3.690934318001382053e-05
9.312391739513259381e-06
2.706506165850441903e-05
6.968861725908936933e-06
1.225117330250213854e-06
1.312802487518638372e-05
9.754410257301060483e-07
5.682898063241736963e-06
3.143027470287051983e-06
2.426529135846067220e-06
1.184706434287363663e-05
1.689802729742950760e-06
1.214275744132464752e-05
1.270868210667686071e-06
4.388401066535152495e-06
7.207947419374249876e-06
8.241319164881133474e-07
1.442779830540530384e-05
4.505331617110641673e-06
1.951347621798049659e-05
1.464719389332458377e-06
5.181646884011570364e-06
6.469836080214008689e-06
1.502393024566117674e-05
9.460982823839003686e-07
5.043467353971209377e-06
1.364059244224335998e-06
1.895005516416858882e-05
3.085174057559925131e-06
2.231015287179616280e-06
8.773273521001101471e-07
1.500433063483797014e-05
1.949520651578495745e-07
4.259579327481333166e-06
1.185091696243034676e-05
3.463131633907323703e-06
6.941588708286872134e-06
3.599068122639437206e-06
1.958343545993557200e-06
1.142240671470062807e-05
9.954959750757552683e-06
5.904313411519979127e-07
4.112721398996654898e-06
3.008352223332622088e-06
1.910784476422122680e-06
6.066623427614104003e-06
1.727705694065662101e-06
0.000000000000000000e+00
1.678826947681955062e-06
8.930837793741375208e-06
8.508858627465087920e-06
4.479476956475991756e-06
2.243374410682008602e-06
5.554455128731206059e-06
1.761337784955685493e-06
2.735710495471721515e-06
2.868721935556095559e-07
1.374525800201809034e-05
8.950407845986774191e-07
3.915794877684675157e-06
4.345797151472652331e-06
9.509244023320206907e-07
4.504316166276112199e-06
1.038374080053472426e-06
8.875301318767014891e-06
1.044853888743091375e-06
1.310155880673846696e-06
9.504540685156825930e-06
2.741532625805120915e-06
2.074622898362576962e-06
2.162563305319054052e-06
4.795061840923153795e-07
2.222221382908173837e-06
2.695390776352724060e-06
3.383550506441679318e-08
9.572040049476981949e-09
3.024502177595422836e-07
2.142865440646346542e-07
3.175199125848848780e-08
2.331276078848532052e-07
7.092732801083911909e-08
7.861879566917195916e-06
1.392739363836881239e-06
1.368874336549197324e-06
8.363519441445532721e-07
6.222118145160493441e-07
5.342354114645786467e-09
6.226728714864293579e-07
1.642007845248372178e-07
2.735289172051125206e-06
1.800022573661408387e-06
2.571090590208768845e-06
3.687585774514445802e-07
6.375036321060179034e-08
7.177462748586549424e-07
1.075296381713997107e-06
7.771575383230810985e-07
1.165386493084952235e-05
6.229430482562747784e-07
5.126781275066605303e-07
2.013689027080545202e-06
9.988791134674102068e-06
1.395322215103078634e-06
1.116860516958695371e-06
7.407885505017475225e-08
3.114002083748346195e-06
1.380763592351286206e-06
5.007854610994399991e-07
1.484679501118080225e-06
2.136244120265473612e-06
1.767337835190119222e-06
2.124437656902955496e-07
2.447411134198773652e-06
1.303593535340041853e-06
1.245926313231393578e-07
1.874549298008787446e-06
3.080487260831432650e-07
2.299168926356287557e-07
8.638776876068732236e-07
5.696284688383457251e-08
4.832644151520071318e-08
2.753319677140098065e-06
1.361033863389593535e-08
6.568839694409689400e-07
3.514837771945167333e-06
1.054255349686172849e-07
1.808792603696929291e-06
5.436584729068272281e-07
1.378370711790921632e-06
6.609837441828858573e-07
2.527430524423834868e-06
1.518074782325129490e-06
3.319926008771290071e-06
1.160710439762624446e-06
2.958709055533859100e-09
5.028703231602094093e-09
1.013563490914748400e-07
5.659998691953660455e-07
3.675888393672721577e-08
1.028204337671922985e-06
4.087974403432781401e-08
1.589579454730483121e-07
1.220005287905223668e-06
4.746089246054907562e-07
2.818237874180340441e-07
6.910363392620411105e-09
5.445102942758239806e-06
1.927285211422713473e-06
4.812823590327752754e-06
1.080285514376555511e-07
3.509218686303938739e-06
6.721733569747811998e-08
5.540773599932435900e-07
5.529394897507700080e-08
8.660975936436443590e-07
1.175718367107947415e-07
4.098893668924574740e-07
5.020724529458675534e-06
4.036486188851995394e-06
3.056299419768038206e-06
1.479344064136967063e-06
3.707018777276971377e-06
1.209641709465358872e-06
3.981672762165544555e-06
6.292444254540896509e-08
1.003905617835698649e-05
2.882456442421243992e-07
1.524614035020022129e-08
2.183579255188305979e-07
5.741541997394961072e-08
1.054892209140234627e-06
1.924013730558726820e-07
3.527684384607709944e-06
4.728076596904884354e-09
6.415227460365713341e-08
1.173478523242010851e-07
5.700718475054600276e-08
1.252890200476031168e-07
5.459685894493304659e-07
1.167431875614965975e-07
4.433996764419134706e-06
5.798879598728490237e-08
4.637195445411634864e-07
1.432135743328899480e-09
2.284453159973054426e-07
3.970144462073221803e-06
9.710636561521823751e-08
1.818218152038753033e-06
3.317657046864042059e-06
1.685316988186968956e-06
6.715765152875974309e-07
1.506760582969945972e-08
2.754876220478763571e-07
1.099955149186371273e-08
3.591781876366439974e-07
1.914431095428881235e-06
7.323629915845231153e-07
6.713491274012994836e-08
2.625186823479452869e-07
2.533580243380129104e-07
8.656678005536377896e-07
2.741042408160865307e-06
3.545915888025774620e-06
0.000000000000000000e+00
1.610715227862158372e-09
4.616975957105751149e-07
8.497067938151303679e-08
5.924862307438161224e-07
3.433132533814386989e-08
1.517613554824492894e-06
0.000000000000000000e+00
5.027548922953428701e-06
9.744346662898806244e-09
6.094484774621378165e-07
2.087717554388746066e-08
4.116353835570407682e-08
1.094551382863073741e-08
0.000000000000000000e+00
9.668762004366726615e-07
1.087840018954011612e-06
6.540707317981286906e-07
1.861427989524599980e-07
0.000000000000000000e+00
0.000000000000000000e+00
3.174378315762282909e-09
2.986396054893702967e-07
1.021867319650482386e-07
1.162915808095021930e-07
1.157325300482625607e-06
1.885464598672115244e-06
1.176137175207259133e-06
1.880790847508251318e-07
9.256813200408942066e-07
9.367653319714008830e-07
4.247577578553318745e-07
9.696753267007807153e-08
1.133037244471779559e-06
0.000000000000000000e+00
2.744430638301764702e-08
2.571559036823600763e-07
1.560946657264139503e-06
0.000000000000000000e+00
0.000000000000000000e+00
8.893221092876046896e-07
3.652478042237561340e-10
0.000000000000000000e+00
1.733009042936828337e-07
1.676588567534054164e-06
9.387346722178335767e-07
4.035697713788977126e-07
2.706749739900260465e-07
0.000000000000000000e+00
6.699444838886847720e-06
0.000000000000000000e+00
0.000000000000000000e+00
0.000000000000000000e+00
1.016485455807014660e-07
0.000000000000000000e+00
2.465981424393248744e-06
2.114992412316496484e-07
1.182577420877350960e-06
0.000000000000000000e+00
6.621327930389497851e-09
5.434264149783984976e-09
5.084636086394311860e-06
4.310271890517469728e-07
1.013858081932994537e-07
2.858563874497122015e-08
3.860586872406202019e-08
2.326001578012437676e-07
6.996965140615429846e-08
2.638054930059752223e-08
4.957707915309583768e-07
2.454512326721669524e-08
4.054732993807874664e-09
1.059400833725021585e-08
4.917189357911411207e-07
5.748489684265223332e-07
1.887377379716781434e-06
1.273055204364936799e-06
9.015597015604726039e-07
3.324725639686221257e-06
3.424520400585606694e-06
7.188737072283402085e-07
6.180734146710165078e-08
2.458433812080329517e-07
3.114353717137419153e-07
3.302856441678159172e-07
2.442007485115027521e-07
4.318710580264450982e-07
3.000443200562585844e-07
2.484166088834172115e-06
2.771750384766846764e-09
2.913513299063197337e-06
8.837496164558478196e-13
6.073718168408959173e-07
0.000000000000000000e+00
0.000000000000000000e+00
1.671682525739015546e-08
0.000000000000000000e+00
2.399791254603655943e-09
8.280154162321196054e-08
4.456681068631951348e-08
2.236310592707013711e-06
6.330528208309260663e-07
5.047782565270608757e-07
3.220221742594731040e-07
2.492719808344645571e-08
9.297032761423906777e-07
3.408244708680285839e-07
4.684272312260873150e-07
1.529716996628849301e-06
0.000000000000000000e+00
0.000000000000000000e+00
3.968700568179883703e-08
4.294425082207453670e-08
0.000000000000000000e+00
0.000000000000000000e+00
0.000000000000000000e+00
8.803203499496703444e-09
0.000000000000000000e+00
0.000000000000000000e+00
0.000000000000000000e+00
7.689160952395468485e-08
0.000000000000000000e+00
2.465304191900941078e-07
0.000000000000000000e+00
2.482035199591337005e-07
0.000000000000000000e+00
0.000000000000000000e+00
2.929213280822295928e-07
9.366704034619033337e-08
7.193018802809092449e-08
9.181752602671622299e-08
3.652481268545670900e-07
3.834466326679830672e-07
6.753047046004212461e-07
2.690234623514697887e-06
3.877283234032802284e-06
1.599310621713811997e-06
8.869730550031817984e-08
7.058212236898953051e-09
3.672854518299573101e-06
0.000000000000000000e+00
1.806584037922220887e-07
7.513405080317170359e-07
8.388987225771415979e-06
2.246123074201022973e-07
1.960678552848094114e-08
8.336849077750230208e-07
2.487376207227498526e-07
5.444910584628814831e-07
2.120400722560589202e-06
1.445792918275401462e-06
4.617588256206062169e-11
0.000000000000000000e+00
7.053976673887518700e-07
1.447995288117454038e-07
8.299155069835251197e-07
1.888174239184081671e-08
1.737089974085392896e-06
0.000000000000000000e+00
7.965554971178789856e-08
2.732166137775493553e-07
3.380798929697448330e-08
3.298722006661591877e-08
2.474878044722572668e-07
6.159571626085380558e-07
0.000000000000000000e+00
0.000000000000000000e+00
0.000000000000000000e+00
1.296635332437290344e-07
4.577221091039973544e-07
4.453562496564700268e-07
0.000000000000000000e+00
1.635911388575550518e-07
0.000000000000000000e+00
2.790519886275433237e-07
0.000000000000000000e+00
2.469884918809839291e-07
0.000000000000000000e+00
0.000000000000000000e+00
2.651950694598781411e-07
0.000000000000000000e+00
1.082333778157362758e-09
0.000000000000000000e+00
0.000000000000000000e+00
8.266854756300290319e-09
5.642554512519382115e-08
0.000000000000000000e+00
1.703136476294275781e-08
0.000000000000000000e+00
0.000000000000000000e+00
0.000000000000000000e+00
0.000000000000000000e+00
0.000000000000000000e+00
0.000000000000000000e+00
2.686931566131534055e-07
6.080012937559331476e-09
2.722657370668457588e-07
4.186499324987380533e-08
0.000000000000000000e+00
1.886397967609809712e-06
4.687881371978619427e-08
0.000000000000000000e+00
1.767927642504218966e-05
0.000000000000000000e+00
8.644454965178738348e-07
8.908161319709506643e-09
2.579060378593567293e-07
3.235156782466219738e-07
4.667539997171843424e-06
7.048586780911136884e-07
8.414466634576456272e-08
7.093063913998776115e-08
2.886644097088719718e-07
4.233347226545447484e-06
3.443329035235365154e-07
2.029355755439610220e-06
1.340343715128256008e-06
1.605627630851813592e-07
8.334196444081953814e-09
1.778241198735486250e-06
5.623833203571848571e-07
1.125544486058061011e-06
1.398259541929292027e-06
2.301601964571631243e-10
3.787840114455320872e-06
2.345315550655868719e-07
8.522324512760803827e-11
0.000000000000000000e+00
5.021540232519328129e-07
1.060782324202591553e-06
6.937559504649470909e-08
1.434552530099608703e-07
0.000000000000000000e+00
3.299268200862570666e-06
1.421999940021123621e-07
2.305353064002702013e-07
7.903076415516352426e-09
1.068456167985232241e-08
1.722740563536717673e-07
0.000000000000000000e+00
8.068241186265368015e-07
5.612105837826675270e-07
0.000000000000000000e+00
2.285843976324031246e-07
1.428462184094314580e-07
3.132011840989434859e-07
0.000000000000000000e+00
0.000000000000000000e+00
5.411163783719530329e-08
2.139683541457770843e-09
0.000000000000000000e+00
0.000000000000000000e+00
0.000000000000000000e+00
4.410628662299131975e-08
1.282842504224390723e-06
5.322035576682537794e-07
0.000000000000000000e+00
0.000000000000000000e+00
1.255100983144075144e-06
0.000000000000000000e+00
0.000000000000000000e+00
2.377461669311742298e-06
0.000000000000000000e+00
0.000000000000000000e+00
0.000000000000000000e+00
2.076548923923837719e-07
0.000000000000000000e+00
1.321943443599593593e-07
4.201181695862032939e-07
2.218392580743966391e-08
5.111371592647628859e-07
0.000000000000000000e+00
0.000000000000000000e+00
4.676160472172341542e-07
1.234549358741787728e-06
1.641516433892320492e-08
0.000000000000000000e+00
0.000000000000000000e+00
0.000000000000000000e+00
8.520107286358324927e-08
0.000000000000000000e+00
0.000000000000000000e+00
2.532015344058891060e-07
1.646367309149354696e-07
0.000000000000000000e+00
2.526187259377365990e-09
0.000000000000000000e+00
0.000000000000000000e+00
0.000000000000000000e+00
0.000000000000000000e+00
0.000000000000000000e+00
0.000000000000000000e+00
1.010953809554848704e-08
0.000000000000000000e+00
6.279234554540380486e-08
0.000000000000000000e+00
9.630328534626642067e-09
0.000000000000000000e+00
0.000000000000000000e+00
2.491043282759619615e-08
0.000000000000000000e+00
2.067167542918468826e-06
4.394345069158589467e-06
4.446558676818312961e-08
0.000000000000000000e+00
5.336592494131764397e-06
0.000000000000000000e+00
1.659876716075814329e-06
4.487233582040062174e-06
1.685575170995434746e-06
6.380923309734498616e-07
9.968774747903808020e-07
7.300428706003003754e-08
2.008480137760670914e-08
7.356628657362307422e-07
2.822217481934785610e-07
2.479012835010507843e-07
6.190626322677417193e-07
3.683801196530112065e-06
0.000000000000000000e+00
1.378277936225913436e-08
1.186850617784784845e-09
0.000000000000000000e+00
0.000000000000000000e+00
0.000000000000000000e+00
9.529384215056779794e-07
1.303202793678792659e-06
2.775645100427936995e-07
0.000000000000000000e+00
0.000000000000000000e+00
2.531470499889110215e-07
2.446357427743350854e-07
0.000000000000000000e+00
7.889591202570045425e-09
9.417883006790361833e-08
1.863197418572326569e-08
6.134380114986015542e-09
1.249585608320558094e-07
3.170204934122011764e-07
1.576505894718138734e-07
0.000000000000000000e+00
0.000000000000000000e+00
0.000000000000000000e+00
0.000000000000000000e+00
3.712409579748054966e-06
0.000000000000000000e+00
0.000000000000000000e+00
0.000000000000000000e+00
3.512645063707964255e-09
6.550298969898449286e-09
2.208648958168524246e-10
0.000000000000000000e+00
0.000000000000000000e+00
0.000000000000000000e+00
0.000000000000000000e+00
2.607581564006977715e-07
0.000000000000000000e+00
7.410781677208433393e-08
5.032297245577410649e-09
5.375130029960928368e-08
0.000000000000000000e+00
0.000000000000000000e+00
0.000000000000000000e+00
8.669139184291907441e-09
0.000000000000000000e+00
1.720729983389901463e-06
8.852281752069757204e-08
0.000000000000000000e+00
0.000000000000000000e+00
0.000000000000000000e+00
0.000000000000000000e+00
0.000000000000000000e+00
0.000000000000000000e+00
0.000000000000000000e+00
0.000000000000000000e+00
2.541354888307978399e-06
3.557108129825792275e-06
1.948903218362829648e-06
9.726164762469124980e-07
0.000000000000000000e+00
5.337607944966293871e-06
5.812480274869358254e-09
1.480415363630527281e-07
7.609289696119958535e-06
0.000000000000000000e+00
0.000000000000000000e+00
9.620720220482326113e-07
1.157217980107816402e-06
2.422800946533243405e-07
4.943283897773653734e-07
1.058450720847758930e-06
2.595330670374096371e-07
7.807018960193090606e-07
2.848600821891977830e-08
2.902799906223663129e-06
2.169443632737966254e-06
5.771412361355032772e-07
5.151748041498649400e-07
0.000000000000000000e+00
6.326250741039984860e-07
6.751162686668976676e-07
5.012076442767465778e-08
6.188310521793027874e-07
0.000000000000000000e+00
1.971250895849152585e-07
1.051685671882296447e-08
1.039055518958775792e-06
5.811782344267157896e-08
6.439785806833242532e-07
1.326711867477570195e-06
0.000000000000000000e+00
7.341516266023973003e-07
2.169969661736104172e-07
0.000000000000000000e+00
8.479571533825946972e-07
1.306005827927947394e-07
7.322717578972515184e-07
0.000000000000000000e+00
9.809085668166517280e-07
9.596529935151920654e-07
0.000000000000000000e+00
4.591230151618219679e-07
3.754767590180563275e-07
0.000000000000000000e+00
2.308232716075053759e-09
5.231212298895115964e-07
3.463711948370473692e-07
7.388313179035321809e-07
6.916021533243110753e-08
3.745443109437474050e-06
0.000000000000000000e+00
2.783204706702235853e-07
2.114091302019005525e-07
5.803214548905089032e-07
4.425699628995971580e-08
9.040311255148480996e-08
2.833324019846372721e-09
1.626930725251440890e-06
6.177717750688316301e-07
7.361327103438952690e-09
0.000000000000000000e+00
5.937520614063274138e-11
0.000000000000000000e+00
2.972302581838448532e-08
0.000000000000000000e+00
2.799494723149109632e-06
0.000000000000000000e+00
5.784011136711342260e-07
7.762015030721158837e-08
1.650751642046088818e-07
2.552179466874804348e-06
0.000000000000000000e+00
0.000000000000000000e+00
1.034645379149878863e-06
0.000000000000000000e+00
4.478069968172349036e-06
0.000000000000000000e+00
0.000000000000000000e+00
3.820681797606084729e-07
4.323968738617622876e-08
1.086440235553709499e-07
8.109143911916305569e-10
0.000000000000000000e+00
0.000000000000000000e+00
0.000000000000000000e+00
0.000000000000000000e+00
2.369677361002686666e-07
3.254674307839877656e-09
1.175181818524606570e-08
0.000000000000000000e+00
0.000000000000000000e+00
0.000000000000000000e+00
6.591415058210259303e-07
0.000000000000000000e+00
0.000000000000000000e+00
0.000000000000000000e+00
0.000000000000000000e+00
0.000000000000000000e+00
0.000000000000000000e+00
0.000000000000000000e+00
0.000000000000000000e+00
8.382793481587214046e-08
0.000000000000000000e+00
7.830286108401196543e-07
5.219505716524963645e-09
5.141890824233996682e-07
0.000000000000000000e+00
0.000000000000000000e+00
5.993351148703141007e-09
3.232146070786257042e-07
2.541739618777683063e-08
6.713413114312061225e-08
3.420247765006934060e-07
3.070813647809700342e-07
7.081472631398355588e-06
4.137513656132796314e-07
1.295227548325783573e-06
2.738449822459187999e-08
1.051460358780786919e-07
1.963270051419385709e-06
0.000000000000000000e+00
1.375709643980371766e-06
3.581967575883027166e-07
6.499168989648751449e-07
0.000000000000000000e+00
1.404270847160660196e-06
9.162096716863743495e-07
8.382514238292060327e-07
9.131446887522542966e-08
2.697429977160936687e-07
2.596017111500259489e-06
5.490987291523197200e-07
2.666247610250138678e-06
1.543348048471671063e-06
8.040730108405114152e-07
2.488564234681689413e-07
7.296287094504805282e-07
5.149752837496635038e-07
7.031084805930731818e-06
2.646224402269581333e-06
5.049170681559189688e-07
7.044376815201758291e-08
0.000000000000000000e+00
1.892155099270098617e-09
6.204988522995336098e-08
0.000000000000000000e+00
2.380802932577807951e-08
7.168571158899794682e-08
7.298892601426132387e-09
0.000000000000000000e+00
0.000000000000000000e+00
0.000000000000000000e+00
7.845593064104150471e-10
0.000000000000000000e+00
2.314808966730197426e-08
0.000000000000000000e+00
0.000000000000000000e+00
0.000000000000000000e+00
9.749984153373247864e-11
1.309224785472906660e-06
3.465672548941256537e-08
0.000000000000000000e+00
8.772565820436284412e-07
5.624763765865736787e-09
0.000000000000000000e+00
1.810247880484894267e-07
0.000000000000000000e+00
1.325435494692328575e-08
0.000000000000000000e+00
0.000000000000000000e+00
1.866662131533303182e-07
0.000000000000000000e+00
5.000106853003671858e-07
4.806172348992276966e-09
3.396682473066903185e-07
0.000000000000000000e+00
4.273711624591669533e-07
1.754636791417851782e-08
0.000000000000000000e+00
0.000000000000000000e+00
0.000000000000000000e+00
3.492782070679822937e-06
3.692805350397065922e-08
0.000000000000000000e+00
1.387651937800882251e-10
6.084816561724437634e-08
0.000000000000000000e+00
3.039200464627356268e-07
5.299316896412165079e-08
0.000000000000000000e+00
3.619336164106812248e-09
0.000000000000000000e+00
1.706049523875208251e-08
7.699754611678599758e-09
3.879226895264764607e-08
0.000000000000000000e+00
4.071773318514715356e-08
4.164685929453071367e-09
0.000000000000000000e+00
0.000000000000000000e+00
2.313248330665373942e-07
1.322173759366052082e-10
6.899731452847390756e-09
1.083437961568733954e-08
1.258812720728030854e-09
1.428522722335401340e-07
0.000000000000000000e+00
4.899602004115877207e-07
2.108755126073447173e-07
3.066412261887307977e-07
0.000000000000000000e+00
1.453750364532879757e-08
1.736168364629975258e-08
1.974844998642311111e-08
4.097654482393409126e-07
4.233616550664009992e-07
1.481976369177573361e-06
1.343397684649971779e-06
7.569795457129657734e-09
2.608346960641938495e-07
4.659956630348460749e-06
2.604255769256269559e-06
4.976317313776235096e-07
5.042436868052391219e-08
1.461156443838262931e-06
3.011314447576296516e-06
3.971887849729682785e-07
8.207966857298742980e-07
4.541714986316947034e-07
6.068006541681825183e-07
5.976056058898393530e-07
4.395374020305098384e-08
6.595442982870736159e-07
1.584079178940100974e-08
2.233741298596214619e-07
9.920416914610541426e-07
0.000000000000000000e+00
3.829572051472496241e-06
8.375477023037092295e-07
1.103689015735653811e-07
1.492992929286174331e-08
7.150521810217469465e-07
1.890120699954422889e-07
0.000000000000000000e+00
0.000000000000000000e+00
4.283875920663149373e-09
8.912947890848954557e-08
2.155500311573632644e-08
6.554570859407249372e-07
1.428683731319324579e-07
1.489326422188241850e-07
8.389947652176488191e-07
4.033487766008647668e-09
6.146315456589945825e-09
8.594390088489944901e-09
2.920349970736424439e-07
2.772364098291291157e-07
2.184598335563947558e-11
8.403676865498255211e-09
1.105718805405331295e-08
1.342318682873155922e-06
0.000000000000000000e+00
0.000000000000000000e+00
0.000000000000000000e+00
1.318850166853735573e-07
0.000000000000000000e+00
0.000000000000000000e+00
5.943222731730202213e-07
0.000000000000000000e+00
0.000000000000000000e+00
0.000000000000000000e+00
4.863741196459159255e-07
0.000000000000000000e+00
2.453479641673084188e-09
1.623034222575370222e-06
0.000000000000000000e+00
0.000000000000000000e+00
2.513399124381976435e-07
4.482662419036387291e-08
4.311692975988989929e-07
2.408202703918504994e-08
3.950045623923870153e-08
0.000000000000000000e+00
1.843885488739260836e-09
2.720086600405124955e-09
1.910917202252448988e-09
0.000000000000000000e+00
9.613063123303788871e-11
0.000000000000000000e+00
9.316021873928548303e-07
0.000000000000000000e+00
0.000000000000000000e+00
0.000000000000000000e+00
0.000000000000000000e+00
0.000000000000000000e+00
3.523549096939859737e-08
0.000000000000000000e+00
1.433445273590905344e-08
0.000000000000000000e+00
3.921814482055197004e-07
0.000000000000000000e+00
0.000000000000000000e+00
0.000000000000000000e+00
0.000000000000000000e+00
0.000000000000000000e+00
1.173663566333971175e-08
0.000000000000000000e+00
3.432108597323235699e-09
3.622133988301357022e-07
8.628487080386548769e-07
8.253341832187288674e-08
0.000000000000000000e+00
0.000000000000000000e+00
3.137076598491717050e-09
0.000000000000000000e+00
1.180643721454543993e-06
0.000000000000000000e+00
0.000000000000000000e+00
0.000000000000000000e+00
1.798688131771086773e-08
3.159619232917521003e-10
0.000000000000000000e+00
0.000000000000000000e+00
5.076164484307810199e-07
0.000000000000000000e+00
0.000000000000000000e+00
0.000000000000000000e+00
0.000000000000000000e+00
0.000000000000000000e+00
0.000000000000000000e+00
6.308241928820734756e-09
0.000000000000000000e+00
0.000000000000000000e+00
0.000000000000000000e+00
3.142315279092144920e-07
0.000000000000000000e+00
0.000000000000000000e+00
1.094721483241301030e-06
0.000000000000000000e+00
0.000000000000000000e+00
1.958932749346331548e-08
7.667529189347987995e-08
2.195593822307273513e-07
1.643411096097224799e-08
2.075476901453043865e-09
8.880512609721336048e-07
7.751357884444587398e-07
1.744420728755358141e-06
2.066387196464347653e-06
1.798340889536120812e-07
3.400692548893857747e-06
1.986256137342934380e-07
2.291198370585334487e-06
1.337736193818273023e-06
5.768215771695395233e-08
9.764384003574377857e-07
1.499950712968711741e-06
1.723165183875607909e-07
2.471523657732177526e-06
9.570222800903138705e-07
2.041624384219176136e-06
2.219036787209915929e-06
3.902074752204498509e-08
3.214240962279291125e-08
2.061371560557745397e-06
2.706355530790460762e-07
6.570287041540723294e-06
1.138178049586713314e-07
1.809991090340190567e-06
0.000000000000000000e+00
2.123635312045735191e-07
1.671280358550575329e-07
2.425254841398327699e-08
1.333943373538204469e-07
3.704080654642893933e-06
4.478184791878447868e-07
1.326385330457924283e-07
1.005484495664177302e-08
0.000000000000000000e+00
2.775121465958818590e-08
2.058296217910537962e-07
1.250909633654373465e-07
3.861117203740604964e-09
0.000000000000000000e+00
1.251760028964099547e-08
1.092150512249645544e-07
5.917874190686234215e-08
0.000000000000000000e+00
0.000000000000000000e+00
7.616928598963568220e-08
8.675961566950718407e-07
0.000000000000000000e+00
4.804315381079504732e-07
0.000000000000000000e+00
0.000000000000000000e+00
5.539504410734252815e-09
4.185791055988374865e-07
1.133015570253803617e-09
2.406925716513796942e-07
0.000000000000000000e+00
5.922550005976745524e-09
1.196949710902117658e-06
1.849737287784591899e-07
0.000000000000000000e+00
2.919565211811914196e-08
0.000000000000000000e+00
0.000000000000000000e+00
0.000000000000000000e+00
1.420268258556234287e-08
0.000000000000000000e+00
0.000000000000000000e+00
0.000000000000000000e+00
8.688007646640016901e-09
3.787968338997416140e-08
1.862010066133734654e-07
6.100069338543789854e-09
1.004860528119877472e-09
1.195708847490095650e-07
7.792206879742025194e-10
8.073192780955196213e-09
3.400856485313852318e-08
0.000000000000000000e+00
1.440668504631981151e-11
2.337099687110821833e-07
1.661855009160717600e-07
0.000000000000000000e+00
0.000000000000000000e+00
5.817573978106338473e-09
0.000000000000000000e+00
0.000000000000000000e+00
0.000000000000000000e+00
0.000000000000000000e+00
0.000000000000000000e+00
6.269564778449421283e-07
0.000000000000000000e+00
0.000000000000000000e+00
0.000000000000000000e+00
0.000000000000000000e+00
0.000000000000000000e+00
0.000000000000000000e+00
9.520116917016707703e-10
6.245043948638340225e-08
0.000000000000000000e+00
0.000000000000000000e+00
0.000000000000000000e+00
1.307843078279802285e-08
5.039987982513594034e-08
0.000000000000000000e+00
0.000000000000000000e+00
2.221171246929998233e-09
5.341129760694229844e-09
0.000000000000000000e+00
1.110639618467912371e-11
3.197461410309188068e-06
0.000000000000000000e+00
1.378245406691291919e-09
0.000000000000000000e+00
0.000000000000000000e+00
4.576680723289427988e-08
3.840749246419861151e-11
0.000000000000000000e+00
6.159149301687705247e-10
0.000000000000000000e+00
0.000000000000000000e+00
2.922615749412216246e-06
2.477912985909824783e-09
0.000000000000000000e+00
0.000000000000000000e+00
3.205727239219413605e-07
4.486068849729463182e-09
6.665133778227527728e-09
1.233547841650306509e-08
5.637681876891065258e-09
2.318087055641626648e-09
4.333957122071296908e-07
5.834562344375626708e-08
4.686027637035294902e-07
1.992798246419624775e-07
1.852396280810353346e-08
1.340564494967111386e-07
7.652722047168936115e-07
6.973544852684199213e-09
2.338296134496431478e-08
1.756717665557516739e-06
2.797097238271817332e-07
0.000000000000000000e+00
0.000000000000000000e+00
3.303699429579864955e-07
7.742896741547156125e-07
6.480135539277398493e-07
5.027320071349095087e-07
3.759029141292558052e-07
1.135467528001754545e-06
0.000000000000000000e+00
5.124718072124778701e-08
7.940129194139444735e-07
1.660010084947316500e-08
1.482117454543185886e-06
1.254470971545629254e-09
6.355512782718619746e-10
1.877957913620775798e-07
5.993965856987415464e-08
3.907106929545989260e-06
1.358512946580958669e-07
1.974800341031368589e-07
3.182251248290413059e-06
3.131340804429783020e-07
0.000000000000000000e+00
7.641182797613055300e-09
1.916330489848405705e-07
0.000000000000000000e+00
0.000000000000000000e+00
5.458907281763458741e-08
7.938852490951830987e-07
9.715400040022359462e-09
0.000000000000000000e+00
5.206564992477069609e-07
2.742209801454009721e-07
6.226489972505078185e-07
5.225143695497536100e-07
5.613863152120757150e-08
6.608551643694227096e-07
1.439120865143195260e-06
1.364078457299910951e-06
1.469738730719427622e-08
2.009874577879600110e-07
0.000000000000000000e+00
1.440288201592920814e-06
0.000000000000000000e+00
2.680079491668152514e-09
2.140507433523453074e-07
1.830944484026986174e-06
5.230704118730500340e-07
0.000000000000000000e+00
3.289553518470711424e-08
6.823847797932103276e-07
8.704882503707267460e-08
2.507829890419088770e-07
5.110503575878055926e-09
0.000000000000000000e+00
0.000000000000000000e+00
0.000000000000000000e+00
3.473329286407533800e-07
1.607673771886197756e-09
3.796437816894204786e-11
2.844390678546915296e-08
0.000000000000000000e+00
1.185200986242307408e-07
0.000000000000000000e+00
1.017197348573972704e-08
8.460014555566885974e-07
2.718732332596118795e-07
4.587030844049877487e-07
8.565452276343421545e-07
2.372253220528364182e-07
1.213175124803456129e-07
1.354152345811598934e-08
0.000000000000000000e+00
0.000000000000000000e+00
1.600708543492146418e-07
0.000000000000000000e+00
0.000000000000000000e+00
2.269546506283859344e-08
0.000000000000000000e+00
0.000000000000000000e+00
9.206667095362774944e-10
0.000000000000000000e+00
2.020620781806314881e-09
5.155254712008172646e-08
1.811177526178653352e-06
4.873040282404872414e-08
1.835926241255947389e-06
1.267198124210722199e-09
3.767340103877359070e-06
1.632554003094810469e-08
0.000000000000000000e+00
9.576932598065468483e-07
0.000000000000000000e+00
9.834187686408313311e-09
0.000000000000000000e+00
4.071259240845392924e-07
5.795150470611076798e-10
5.713276518548582317e-09
4.228787098270458955e-09
0.000000000000000000e+00
0.000000000000000000e+00
2.112007235766100166e-10
0.000000000000000000e+00
0.000000000000000000e+00
0.000000000000000000e+00
1.431322615985664015e-08
0.000000000000000000e+00
4.299055490264436230e-06
0.000000000000000000e+00
2.304763256688602269e-06
0.000000000000000000e+00
5.552570403466461357e-09
0.000000000000000000e+00
6.372826155676136750e-10
1.910803737459332297e-09
2.950047495176022494e-08
9.745261889126943800e-12
0.000000000000000000e+00
0.000000000000000000e+00
3.537835580047499207e-09
0.000000000000000000e+00
0.000000000000000000e+00
0.000000000000000000e+00
0.000000000000000000e+00
9.265231710742227733e-07
1.026621454514042853e-08
2.277634166603093036e-06
1.127548443946579937e-06
2.170454109773345408e-07
5.671301437359943520e-07
2.445447535137645900e-06
3.463976327111595310e-06
1.112696509153465740e-06
1.808730445418404997e-07
7.278679277078481391e-06
5.084579584035964217e-07
0.000000000000000000e+00
2.387041604379191995e-07
5.557726581173483282e-07
7.137020929803838953e-08
1.314487150239074253e-07
6.727551848939583579e-10
6.540538777244364610e-08
1.332998863290413283e-06
0.000000000000000000e+00
3.873183516134304227e-07
1.151510087282758832e-08
4.104482087541327928e-09
1.957624959914028295e-07
2.118007387252873741e-07
2.975648394354379889e-09
0.000000000000000000e+00
0.000000000000000000e+00
3.343447074755090398e-09
3.899211606039898470e-06
0.000000000000000000e+00
3.186488811479648575e-06
0.000000000000000000e+00
0.000000000000000000e+00
3.963122718886324947e-09
1.602541883916064336e-11
1.190611165213795175e-08
2.888325578709327601e-09
0.000000000000000000e+00
7.310442917685122666e-09
0.000000000000000000e+00
0.000000000000000000e+00
5.019268201067461632e-07
2.009560944316035602e-07
7.271205504366662353e-08
3.986098950914396255e-11
1.128086513091375309e-09
0.000000000000000000e+00
5.766080448665888980e-07
3.811622684146698248e-10
0.000000000000000000e+00
8.462781693197030108e-07
7.339197622968640644e-07
0.000000000000000000e+00
5.363322230778067023e-09
7.925991099000384565e-07
7.647278010836089379e-08
7.884899844157189364e-09
1.692298724265128840e-06
1.331568739715294214e-07
0.000000000000000000e+00
0.000000000000000000e+00
0.000000000000000000e+00
1.019962496684456710e-07
1.009844140753557440e-06
9.401425415944686392e-09
2.690303745112032630e-06
9.434733101443271153e-07
4.637311690203205217e-08
9.131510836368761375e-08
0.000000000000000000e+00
0.000000000000000000e+00
2.711764146567929856e-08
0.000000000000000000e+00
4.847467494073498528e-07
6.162510430840484332e-07
4.839193629146976150e-11
0.000000000000000000e+00
6.570586297272029697e-10
5.279130022017852752e-09
3.609690395478537539e-07
1.564237073203855743e-09
0.000000000000000000e+00
0.000000000000000000e+00
0.000000000000000000e+00
3.904068623938883320e-09
8.381139195989817381e-07
8.223640861615422182e-07
0.000000000000000000e+00
5.011940515942114871e-07
0.000000000000000000e+00
1.020208362234598098e-08
0.000000000000000000e+00
2.787833297546171707e-10
0.000000000000000000e+00
0.000000000000000000e+00
0.000000000000000000e+00
0.000000000000000000e+00
4.571364797811838798e-07
0.000000000000000000e+00
6.930843454711066443e-09
5.362712704459760005e-11
1.085042833359750603e-09
7.614326946736582613e-09
0.000000000000000000e+00
4.175360057701027472e-09
1.121631765244046619e-08
3.302827789042339646e-09
0.000000000000000000e+00
0.000000000000000000e+00
0.000000000000000000e+00
0.000000000000000000e+00
0.000000000000000000e+00
0.000000000000000000e+00
9.647607868146224064e-08
1.882529403474109131e-07
5.970721872472495306e-07
1.128775184433550294e-09
5.734304409088508692e-08
3.462894824224349577e-07
2.055318049087873078e-07
3.320748120927419222e-08
1.558228746034728829e-07
2.553246281067345080e-09
4.428183097981985838e-10
1.513531202590456815e-07
1.053420692187501118e-05
5.887857312814048782e-09
6.720315468555781990e-07
0.000000000000000000e+00
2.943794754628470400e-07
0.000000000000000000e+00
2.701459855813936883e-08
0.000000000000000000e+00
3.764098437386564910e-07
9.463757123739924282e-06
2.394464900135062635e-06
4.880214987679210026e-08
1.118933425914292457e-07
4.665324979669094319e-07
1.246673093646677444e-07
1.848291162787063513e-06
7.358758011832833290e-07
5.147845172359666321e-07
2.383799710514722392e-06
0.000000000000000000e+00
1.472932012802630197e-06
0.000000000000000000e+00
4.186163415909049945e-09
0.000000000000000000e+00
2.828327581028133864e-07
4.295329958381444158e-08
2.142848813946329756e-07
9.988456728393657613e-10
3.748487813481915509e-07
0.000000000000000000e+00
0.000000000000000000e+00
9.656135944169363938e-07
2.799819220911103912e-08
4.672259801274947222e-10
0.000000000000000000e+00
0.000000000000000000e+00
1.138543037626504884e-08
3.561671491070228512e-08
3.891139144229782687e-08
0.000000000000000000e+00
0.000000000000000000e+00
0.000000000000000000e+00
2.297382506455392104e-09
0.000000000000000000e+00
1.442182040456430059e-09
3.384171165521365765e-09
0.000000000000000000e+00
0.000000000000000000e+00
0.000000000000000000e+00
0.000000000000000000e+00
0.000000000000000000e+00
1.574756424815859646e-06
2.121407582933443337e-08
0.000000000000000000e+00
0.000000000000000000e+00
3.435256985540036112e-07
1.092340218278309294e-09
0.000000000000000000e+00
0.000000000000000000e+00
0.000000000000000000e+00
0.000000000000000000e+00
1.224664369914307827e-08
1.148650198956602253e-06
0.000000000000000000e+00
0.000000000000000000e+00
1.341214215244690422e-07
9.222230090699667926e-09
0.000000000000000000e+00
0.000000000000000000e+00
3.098054435213271063e-07
1.793456476661958732e-06
1.523138024595027673e-07
2.119646819176423946e-10
0.000000000000000000e+00
0.000000000000000000e+00
0.000000000000000000e+00
8.867675660439999774e-07
2.778827195015765028e-07
5.945977488153175727e-09
4.096622419069717580e-08
4.246945991326356307e-06
0.000000000000000000e+00
6.102000043028965592e-07
0.000000000000000000e+00
1.811894776437839027e-07
0.000000000000000000e+00
0.000000000000000000e+00
0.000000000000000000e+00
8.180023769455146976e-08
4.389522967329639869e-09
2.511741370447850841e-10
0.000000000000000000e+00
0.000000000000000000e+00
0.000000000000000000e+00
7.051360171317355707e-07
5.537272613764798734e-07
0.000000000000000000e+00
0.000000000000000000e+00
0.000000000000000000e+00
0.000000000000000000e+00
1.011498511616082396e-07
1.451037974220525939e-06
0.000000000000000000e+00
3.985547181173387798e-08
0.000000000000000000e+00
0.000000000000000000e+00
1.730420917667174763e-09
0.000000000000000000e+00
4.556729038540652255e-08
5.309154449406605636e-09
1.918602388073509246e-09
4.341538442531600595e-06
3.550712506239506183e-07
0.000000000000000000e+00
0.000000000000000000e+00
0.000000000000000000e+00
0.000000000000000000e+00
0.000000000000000000e+00
0.000000000000000000e+00
0.000000000000000000e+00
0.000000000000000000e+00
0.000000000000000000e+00
1.758075462987562787e-08
2.472813243059590604e-08
1.280654601032438222e-06
2.196794412157032639e-06
2.214472232253683615e-07
9.020694591299616150e-08
9.790208643778441910e-09
2.112443780788453296e-06
6.392663749466009904e-07
5.823502760904375464e-06
0.000000000000000000e+00
8.696713962308422197e-07
0.000000000000000000e+00
0.000000000000000000e+00
0.000000000000000000e+00
6.248003892039832863e-09
1.727036430532180589e-10
2.575861117293243296e-06
1.329796930349402828e-07
2.146850697215541004e-08
3.368926115854264935e-07
1.597905452399572823e-06
2.387664608249906451e-07
5.714960238378807844e-08
5.772012627858202904e-07
2.703534640602356376e-08
4.828148689739464317e-07
1.251983121619559824e-06
3.357909861279040342e-07
6.219297574716620147e-07
6.546835038534482010e-07
2.052991163736805902e-07
1.453432929565678933e-07
4.556185047022154322e-07
4.179440225016151089e-07
1.218186753249028698e-06
1.423907214359587670e-08
0.000000000000000000e+00
2.223476940343971364e-06
1.486853928867049035e-08
2.794629381241975352e-06
6.540481223282768042e-08
2.136997068191703875e-07
1.625362511248340525e-09
0.000000000000000000e+00
0.000000000000000000e+00
0.000000000000000000e+00
3.609534449111606591e-09
5.632085020579324919e-08
3.882218493345135357e-07
0.000000000000000000e+00
1.078932569953394704e-07
7.053658919176086783e-07
6.626665935982600786e-07
2.109281211915003951e-07
0.000000000000000000e+00
0.000000000000000000e+00
0.000000000000000000e+00
4.196296288228040794e-07
0.000000000000000000e+00
0.000000000000000000e+00
0.000000000000000000e+00
2.890278416600722267e-08
0.000000000000000000e+00
0.000000000000000000e+00
0.000000000000000000e+00
0.000000000000000000e+00
4.689529475854214979e-07
0.000000000000000000e+00
4.669909459131815765e-10
0.000000000000000000e+00
0.000000000000000000e+00
0.000000000000000000e+00
2.199568305272237012e-10
1.494921662015258335e-06
3.719758581155474531e-07
3.605299880860002304e-08
9.350652474537923808e-10
2.327628436660234001e-07
1.645408502781720017e-07
9.100704190245778591e-09
0.000000000000000000e+00
2.801625154091880177e-09
0.000000000000000000e+00
0.000000000000000000e+00
6.610697710129898041e-06
0.000000000000000000e+00
7.535148616177878012e-10
7.123218779270246159e-07
2.993040482124342816e-07
0.000000000000000000e+00
0.000000000000000000e+00
7.593190964882978733e-09
4.361694894150502932e-10
0.000000000000000000e+00
3.789182509428279388e-12
0.000000000000000000e+00
4.617107141058340858e-09
0.000000000000000000e+00
0.000000000000000000e+00
7.809429547478430322e-08
0.000000000000000000e+00
0.000000000000000000e+00
0.000000000000000000e+00
8.541306328879727516e-09
1.264093896224949276e-08
4.585829174175160006e-07
7.522371703316821367e-08
0.000000000000000000e+00
8.793662686912284698e-09
6.352206014526018407e-07
0.000000000000000000e+00
1.830459694929231773e-08
0.000000000000000000e+00
0.000000000000000000e+00
0.000000000000000000e+00
3.032115358791998005e-08
2.663991516271835280e-08
0.000000000000000000e+00
1.404594573983786177e-08
6.376613459480040547e-09
0.000000000000000000e+00
7.401035873044747859e-07
0.000000000000000000e+00
4.850486234886375314e-09
5.793958024469247903e-08
0.000000000000000000e+00
1.153030726452897170e-10
3.046243535198556174e-10
0.000000000000000000e+00
0.000000000000000000e+00
0.000000000000000000e+00
4.338834713735195692e-08
0.000000000000000000e+00
0.000000000000000000e+00
4.106850137741702156e-10
8.816603447314719233e-09
0.000000000000000000e+00
2.007522539315687027e-07
5.697473781651751779e-08
2.579719478035258362e-07
8.655428018755628727e-07
1.613214664075712790e-07
2.311570312940602889e-07
2.860665233583858935e-07
1.160310105774442491e-07
1.207167315442347899e-06
8.741808983359078411e-07
4.847474954772224010e-08
7.466886842166786664e-08
1.584551796440791804e-06
0.000000000000000000e+00
2.123982909552069032e-07
1.068273718374257442e-06
2.842112394318974111e-07
9.281835673391469754e-07
1.254136009265494067e-06
0.000000000000000000e+00
1.287758664147986565e-06
3.320625125979859149e-07
3.936409314064803766e-07
2.430586164337000810e-06
3.215323545191495214e-07
2.439090351913364429e-08
0.000000000000000000e+00
4.369497332845639903e-07
2.053742718999274075e-06
1.714755768489339971e-07
6.521734121633926407e-07
1.026574636853183620e-06
0.000000000000000000e+00
1.029093184001794725e-07
0.000000000000000000e+00
2.101190602843416855e-06
5.651134316053685325e-08
2.493255578883690760e-06
3.007022542078630067e-07
6.650393569174184449e-09
7.624897158109433803e-09
1.285200141865061596e-07
8.100646198272443144e-08
0.000000000000000000e+00
9.409063750354107469e-09
4.295404565368698968e-08
0.000000000000000000e+00
7.317486506508430466e-06
6.549672804112560698e-09
1.748275053614634089e-07
0.000000000000000000e+00
3.307643794414616423e-07
1.853593118994467659e-07
5.775822273790254258e-07
0.000000000000000000e+00
0.000000000000000000e+00
9.889885577152313090e-10
1.193481136141372190e-08
8.012838037529945723e-08
0.000000000000000000e+00
2.688589802346541546e-06
0.000000000000000000e+00
5.671198621826079034e-09
2.348271124219536432e-07
0.000000000000000000e+00
0.000000000000000000e+00
0.000000000000000000e+00
7.653971323406949523e-08
0.000000000000000000e+00
4.061616891704034060e-07
2.594718750970059773e-07
4.743660895201173844e-07
7.923274552013026550e-07
4.926853947040399362e-08
9.758895203049178235e-08
1.174786046220788194e-09
1.874014277092328484e-09
0.000000000000000000e+00
9.787330945698613505e-09
2.724469254644645844e-07
4.626270921903596900e-09
3.024206876034440938e-07
2.916684422871185234e-07
8.026193540899839718e-07
0.000000000000000000e+00
0.000000000000000000e+00
2.007807324844179675e-07
1.587837239469536144e-08
0.000000000000000000e+00
5.406798564422388154e-09
0.000000000000000000e+00
3.479031507325203165e-09
0.000000000000000000e+00
6.855448191345203668e-07
0.000000000000000000e+00
0.000000000000000000e+00
0.000000000000000000e+00
0.000000000000000000e+00
2.705253336898749694e-07
0.000000000000000000e+00
0.000000000000000000e+00
0.000000000000000000e+00
6.022608523004180370e-10
1.441530770307508647e-07
2.506872398555515247e-08
1.308281838419134147e-07
0.000000000000000000e+00
0.000000000000000000e+00
1.075111200066203310e-08
0.000000000000000000e+00
0.000000000000000000e+00
7.394604484289857282e-09
0.000000000000000000e+00
8.260992672148859128e-07
0.000000000000000000e+00
0.000000000000000000e+00
0.000000000000000000e+00
0.000000000000000000e+00
2.138789056971290847e-07
0.000000000000000000e+00
9.398077622790879104e-07
1.206982460644212551e-06
1.897457906352428836e-07
2.034241504134115530e-07
1.200188659566947535e-08
7.565741100279410603e-08
1.564434626288857544e-07
3.391145071418577572e-07
2.802604512908146717e-06
9.154003350886341650e-07
5.926016910962061957e-06
1.207925265589437913e-06
3.421347116727702087e-07
0.000000000000000000e+00
5.772487838839879259e-07
2.436483782730647363e-06
4.231337068921758870e-12
8.758228808858348202e-09
1.239516791429196019e-07
3.798649856889824150e-07
2.702252231756574474e-06
8.307241472493842593e-08
3.948682206100784242e-06
1.473746465308067854e-06
3.777194024223717861e-06
0.000000000000000000e+00
1.414353664586087689e-05
0.000000000000000000e+00
2.671165788559193288e-10
0.000000000000000000e+00
4.904665118488082953e-08
2.665203879814725951e-08
3.806953330354190257e-08
5.507230227408399514e-09
2.745734377640474122e-07
2.509366936465085018e-08
6.887217018913815991e-09
5.358875654337680317e-08
1.636093593937459900e-09
7.635285328433383256e-07
5.740611186411115341e-07
2.915152208515792154e-07
1.153504403106353493e-08
1.826781499403296039e-07
1.946742713698768057e-06
5.583633821970579447e-08
9.951668289431836456e-08
1.708770192010433675e-08
2.952150452983914874e-07
4.615677880792645738e-06
2.570575929894403089e-07
6.825873697380302474e-07
0.000000000000000000e+00
7.748367920612508897e-07
0.000000000000000000e+00
0.000000000000000000e+00
7.085461661837655356e-10
0.000000000000000000e+00
0.000000000000000000e+00
0.000000000000000000e+00
0.000000000000000000e+00
2.355419158328597717e-11
0.000000000000000000e+00
0.000000000000000000e+00
0.000000000000000000e+00
0.000000000000000000e+00
0.000000000000000000e+00
2.525641491502028657e-07
1.715426911630402174e-09
6.700450749796971195e-10
1.631991763950679797e-09
3.343043601944373222e-07
2.002800556510919705e-06
0.000000000000000000e+00
4.299699263299316954e-09
4.119743124419983360e-08
3.060464992543643348e-09
0.000000000000000000e+00
4.245388538492989028e-07
0.000000000000000000e+00
0.000000000000000000e+00
0.000000000000000000e+00
6.096749416428792756e-07
1.093785044758988079e-06
1.951218791873543523e-06
5.167252083992934786e-07
1.287380513304015039e-08
0.000000000000000000e+00
2.949200563762133243e-07
8.924732619597364192e-10
0.000000000000000000e+00
0.000000000000000000e+00
0.000000000000000000e+00
9.746214857386803487e-08
1.456504428176685906e-08
0.000000000000000000e+00
5.471103570187096921e-10
1.407111371864999683e-10
0.000000000000000000e+00
5.917101031371885256e-09
2.021496969817349054e-09
0.000000000000000000e+00
0.000000000000000000e+00
1.312935751229815651e-07
0.000000000000000000e+00
6.413598185872615431e-08
0.000000000000000000e+00
0.000000000000000000e+00
1.940439346981293056e-07
0.000000000000000000e+00
3.447596839123434620e-07
0.000000000000000000e+00
1.390517367916288549e-09
0.000000000000000000e+00
1.256895365564503209e-09
0.000000000000000000e+00
7.823967251852081972e-08
0.000000000000000000e+00
1.871282933052498265e-07
0.000000000000000000e+00
0.000000000000000000e+00
0.000000000000000000e+00
0.000000000000000000e+00
2.773974161485170953e-09
0.000000000000000000e+00
0.000000000000000000e+00
2.293980116974125849e-07
0.000000000000000000e+00
5.719033645094906415e-13
6.096612651163013652e-06
8.136505869060783880e-08
2.635023861330410000e-07
1.004591467790305614e-07
4.207154518098832341e-07
5.591575131802528631e-07
2.567598130553960800e-06
2.462358679622411728e-06
2.950997668449417688e-09
6.621291959163499996e-09
0.000000000000000000e+00
4.773625619236554485e-07
1.362231046186934691e-06
4.091460681365788332e-08
5.507743026100797579e-07
3.135719168767536758e-07
8.166509135598687408e-10
1.230530966012111094e-08
1.246979763891431503e-07
3.942464132933309884e-08
1.385822372412803816e-07
1.289655244818277424e-07
4.343428372521884739e-07
2.248063140086742351e-07
4.917649221169995144e-08
3.750992405571196286e-09
8.568660518903925549e-07
2.173490884160855785e-06
8.633402899249631446e-07
0.000000000000000000e+00
2.867899695502273971e-07
0.000000000000000000e+00
8.074643886857302277e-08
2.676920303201768547e-06
2.482607328602171037e-07
6.536366754517075606e-07
5.880355047338525765e-07
0.000000000000000000e+00
4.399963700052467175e-07
9.018601332400066894e-08
6.745222691506569390e-08
3.694620076544197218e-08
0.000000000000000000e+00
2.965803069798766956e-08
8.891544212019653060e-08
1.025941287480236497e-08
2.113502432621316984e-06
0.000000000000000000e+00
3.203461176326527493e-07
3.797233461000359966e-08
1.999979076572344638e-06
0.000000000000000000e+00
1.234855972143122926e-06
0.000000000000000000e+00
5.155490256925077119e-09
3.655564029259039671e-08
1.100576185741886093e-09
0.000000000000000000e+00
0.000000000000000000e+00
8.288254349508861196e-08
6.130353114031095174e-09
6.534886409781393013e-09
0.000000000000000000e+00
0.000000000000000000e+00
0.000000000000000000e+00
0.000000000000000000e+00
4.349721166363451630e-06
0.000000000000000000e+00
3.745924903597597222e-09
0.000000000000000000e+00
1.861023446458887065e-09
0.000000000000000000e+00
0.000000000000000000e+00
1.583460544907211442e-07
2.260643894302916124e-09
0.000000000000000000e+00
0.000000000000000000e+00
4.029308797726116609e-08
3.828160455299212117e-09
6.769767423975281417e-06
0.000000000000000000e+00
7.954276681765293233e-10
3.739439478067652090e-07
4.083468922999600181e-07
7.642126931273196533e-09
1.171219992102123797e-07
6.790762085984169971e-08
1.552244305313976724e-10
0.000000000000000000e+00
0.000000000000000000e+00
0.000000000000000000e+00
0.000000000000000000e+00
3.527542424830443224e-10
3.713831802087952383e-06
4.290189314914982788e-10
0.000000000000000000e+00
0.000000000000000000e+00
0.000000000000000000e+00
5.494034116537704904e-10
0.000000000000000000e+00
0.000000000000000000e+00
0.000000000000000000e+00
0.000000000000000000e+00
0.000000000000000000e+00
0.000000000000000000e+00
0.000000000000000000e+00
2.629904072293243189e-10
7.944167990103778720e-09
4.035476024455419974e-07
2.496823583442164818e-07
0.000000000000000000e+00
3.420688443611652474e-08
1.020921899907989427e-06
8.562864306504991418e-10
0.000000000000000000e+00
0.000000000000000000e+00
0.000000000000000000e+00
0.000000000000000000e+00
5.009174408598937589e-09
0.000000000000000000e+00
0.000000000000000000e+00
4.858789992567835725e-08
2.631932829899596982e-06
0.000000000000000000e+00
5.661156592395855114e-07
4.604610523983865278e-07
1.132433311568092904e-07
5.826013449450329063e-09
0.000000000000000000e+00
6.898133619870350230e-08
1.517940546591489692e-07
0.000000000000000000e+00
4.394125596718367888e-07
6.577203492952321540e-08
2.189609347169607645e-07
0.000000000000000000e+00
0.000000000000000000e+00
0.000000000000000000e+00
4.778057700605131686e-07
2.029830703520474344e-08
3.729428954102331772e-06
0.000000000000000000e+00
0.000000000000000000e+00
2.042624203113518888e-07
3.685444653456215747e-06
2.870155491052628349e-08
2.867387820515432395e-06
4.428476696460847961e-09
3.085525577262160368e-07
8.339669399504145986e-09
3.173996958594216267e-07
5.044273052590142470e-07
6.742513392055116128e-07
6.864912904802622506e-08
2.243913286292809062e-06
2.501199469762127592e-09
2.237842977592663374e-07
1.764682110660942271e-06
6.424382377190340776e-07
6.719073297745126183e-09
5.056768159761304560e-08
2.169049162503711159e-09
4.572137513036977907e-08
0.000000000000000000e+00
4.828324851047227639e-09
0.000000000000000000e+00
0.000000000000000000e+00
0.000000000000000000e+00
2.919337873663607752e-07
4.008997578353046265e-09
8.896800807178806281e-08
0.000000000000000000e+00
3.606592429150623502e-07
5.863906693548415205e-09
7.291907877515768632e-06
0.000000000000000000e+00
7.269009074661880732e-07
0.000000000000000000e+00
5.728438168262073305e-07
0.000000000000000000e+00
0.000000000000000000e+00
0.000000000000000000e+00
0.000000000000000000e+00
1.903936741598499793e-08
0.000000000000000000e+00
0.000000000000000000e+00
0.000000000000000000e+00
0.000000000000000000e+00
0.000000000000000000e+00
0.000000000000000000e+00
0.000000000000000000e+00
2.294771775268600322e-06
0.000000000000000000e+00
0.000000000000000000e+00
8.146805896558362292e-08
0.000000000000000000e+00
0.000000000000000000e+00
2.885778194183785672e-08
5.725339313755739568e-09
0.000000000000000000e+00
0.000000000000000000e+00
1.978171297878361656e-07
0.000000000000000000e+00
0.000000000000000000e+00
3.570116424711500258e-09
0.000000000000000000e+00
0.000000000000000000e+00
1.474306714044359978e-06
0.000000000000000000e+00
0.000000000000000000e+00
0.000000000000000000e+00
0.000000000000000000e+00
1.048077038490191626e-07
4.123967389801919126e-09
0.000000000000000000e+00
0.000000000000000000e+00
1.771027213770537401e-09
0.000000000000000000e+00
4.340656278856158679e-09
1.658498338663605409e-09
4.837764322473958600e-07
6.172720077302074060e-07
0.000000000000000000e+00
9.538865697322762571e-07
0.000000000000000000e+00
5.010915238301549834e-09
0.000000000000000000e+00
0.000000000000000000e+00
3.429038386570937291e-09
4.124354546775066410e-08
2.478407168382545933e-06
0.000000000000000000e+00
0.000000000000000000e+00
0.000000000000000000e+00
4.750276283438381597e-10
1.846719101195049006e-06
5.229915700510900933e-07
0.000000000000000000e+00
7.635861720700631849e-08
1.925105692635042942e-07
2.194356198970126570e-07
2.670551069172688585e-08
2.272160912752951845e-07
4.543569787074375199e-07
0.000000000000000000e+00
3.330111155719350791e-07
7.331941560551058501e-07
3.530385015437786933e-07
2.846948063961463049e-06
7.945777724671643227e-07
3.158995014018728398e-06
0.000000000000000000e+00
1.802943785378374741e-07
5.190948471067713399e-08
8.197611123250680976e-07
3.153888030738016823e-07
0.000000000000000000e+00
0.000000000000000000e+00
0.000000000000000000e+00
0.000000000000000000e+00
1.068659756242595904e-07
4.641572015628980807e-09
1.828448944252158981e-06
1.405096895723545458e-06
5.783858725294521719e-09
1.727829407327519107e-10
0.000000000000000000e+00
1.027687972054991405e-06
3.639654551079729572e-07
1.152282834482321050e-06
0.000000000000000000e+00
9.046146374203090090e-07
6.951645037389653226e-09
1.050203479735500878e-07
1.004927767667140870e-07
4.174199474960005318e-08
1.675729919270452228e-07
0.000000000000000000e+00
1.128943161177176080e-08
0.000000000000000000e+00
3.424261096895975243e-09
8.154127928428067662e-10
0.000000000000000000e+00
1.471427202304198545e-09
9.347954801341984421e-07
0.000000000000000000e+00
2.617824065964668989e-06
0.000000000000000000e+00
0.000000000000000000e+00
2.436680635042876020e-09
0.000000000000000000e+00
0.000000000000000000e+00
0.000000000000000000e+00
7.218798891983624344e-09
6.578112721200568558e-09
0.000000000000000000e+00
0.000000000000000000e+00
0.000000000000000000e+00
0.000000000000000000e+00
0.000000000000000000e+00
4.605561088055765140e-08
0.000000000000000000e+00
4.663074371080710989e-10
3.490858990762291114e-10
0.000000000000000000e+00
7.935055279517655435e-09
0.000000000000000000e+00
0.000000000000000000e+00
0.000000000000000000e+00
2.111171149010715453e-08
0.000000000000000000e+00
4.728866827008459950e-07
2.248521923320367932e-06
1.734930754615504611e-09
3.679209157780860551e-06
0.000000000000000000e+00
4.005941356410858134e-09
6.793934517190791667e-07
0.000000000000000000e+00
0.000000000000000000e+00
0.000000000000000000e+00
0.000000000000000000e+00
0.000000000000000000e+00
0.000000000000000000e+00
0.000000000000000000e+00
0.000000000000000000e+00
0.000000000000000000e+00
0.000000000000000000e+00
8.516927891832892783e-07
5.698746008420130238e-07
0.000000000000000000e+00
9.800729685593978502e-07
0.000000000000000000e+00
0.000000000000000000e+00
3.970656692331431259e-09
7.570242246401903685e-07
0.000000000000000000e+00
0.000000000000000000e+00
0.000000000000000000e+00
0.000000000000000000e+00
0.000000000000000000e+00
0.000000000000000000e+00
1.500666826359520201e-07
0.000000000000000000e+00
0.000000000000000000e+00
7.761964582186919870e-08
0.000000000000000000e+00
0.000000000000000000e+00
6.276803521387819274e-09
0.000000000000000000e+00
0.000000000000000000e+00
0.000000000000000000e+00
0.000000000000000000e+00
0.000000000000000000e+00
0.000000000000000000e+00
0.000000000000000000e+00
0.000000000000000000e+00
0.000000000000000000e+00
0.000000000000000000e+00
0.000000000000000000e+00
5.210693032609015063e-08
0.000000000000000000e+00
6.478119018993311329e-08
3.323159205592673970e-07
2.453364231769228354e-06
2.221028410076542059e-07
6.567265700141433626e-07
1.683051920053912909e-07
3.475583554291006294e-08
5.211858251641388051e-07
1.834110548770695459e-06
4.722881641328058322e-08
5.821987159038144455e-08
1.317060537076031324e-06
1.121285322369658388e-07
9.542070529278134927e-07
4.819730392568999378e-09
1.263057356482022442e-06
5.443608870336902328e-07
5.144544275026419200e-07
3.902912624198506819e-07
2.662151743493268441e-08
3.590252788399084238e-07
8.670946840538817924e-07
2.669893092388520017e-06
2.028824155786423944e-06
6.804581857977609616e-07
2.122847320151777240e-07
3.354469129135395633e-07
1.939335788847529329e-06
2.596919834729760623e-08
1.531204247839923482e-06
1.663212856328755151e-06
7.701953741445777268e-09
4.935106545644885045e-09
1.297647486353525892e-06
0.000000000000000000e+00
1.423484718543477356e-06
0.000000000000000000e+00
0.000000000000000000e+00
0.000000000000000000e+00
6.333893054488726193e-08
0.000000000000000000e+00
0.000000000000000000e+00
0.000000000000000000e+00
0.000000000000000000e+00
3.752800153966617813e-11
0.000000000000000000e+00
1.782442041076137684e-06
6.893873774060921278e-07
1.186605118164152373e-06
0.000000000000000000e+00
2.265583498584078370e-09
2.598039543499908177e-07
3.467336455287295394e-06
0.000000000000000000e+00
0.000000000000000000e+00
0.000000000000000000e+00
0.000000000000000000e+00
2.526274966996311377e-09
0.000000000000000000e+00
6.042466971223348082e-09
0.000000000000000000e+00
0.000000000000000000e+00
0.000000000000000000e+00
0.000000000000000000e+00
0.000000000000000000e+00
3.731102893311799562e-08
6.701526444885530509e-09
7.953945413419205579e-08
0.000000000000000000e+00
5.916556578000609079e-09
0.000000000000000000e+00
0.000000000000000000e+00
2.052356062876015130e-09
9.916464094317234412e-09
9.636342390706431615e-09
6.617847247980535030e-08
7.748536177132336888e-07
0.000000000000000000e+00
1.450683129178287345e-07
1.257873520899011055e-07
5.585715223688225706e-10
1.245212928324690438e-07
1.590072784551921359e-08
4.118327012747613480e-08
5.889663725611171685e-07
3.281914073838265722e-09
5.928599193794070743e-07
1.132648907997690912e-08
5.682256798422713473e-08
0.000000000000000000e+00
3.290237771125248400e-07
1.327111931459512562e-07
9.565594893956586020e-08
3.016959624346782221e-07
8.342989588072668994e-08
7.783419846418837551e-07
0.000000000000000000e+00
4.112366127628774848e-07
3.065345936192898080e-06
4.295000962883932516e-06
7.327363249487461871e-08
2.226485946721368236e-07
5.274088152873446234e-07
2.246984649900696240e-06
2.739168678544956492e-07
2.740224829267390305e-07
9.117698027694132179e-07
0.000000000000000000e+00
9.578939419441212522e-09
5.656040524826266847e-09
1.929283115487123723e-07
8.623288181297539268e-07
4.726245208530599484e-07
0.000000000000000000e+00
2.800113030332340713e-08
1.400128277206924565e-11
1.427521056029945612e-06
2.626351829349005129e-07
1.245574878794286633e-07
1.193424137291287934e-09
1.959683526564504064e-09
4.512636166964512086e-07
9.111401411132646899e-09
0.000000000000000000e+00
5.171107773094263393e-07
0.000000000000000000e+00
9.008783052877333830e-09
5.142467784935433883e-07
6.125429194980824832e-07
2.644982032506959513e-06
0.000000000000000000e+00
3.290400059086096007e-07
0.000000000000000000e+00
4.908309492179796507e-08
9.012233448402184877e-08
8.461909146717516705e-07
5.636057380797865335e-07
3.337353064125636593e-06
1.155002905761648435e-06
0.000000000000000000e+00
0.000000000000000000e+00
2.252909325761720538e-06
2.745892846434117018e-09
3.410004012494027847e-08
5.709268862119643018e-07
1.228810447173600551e-06
3.871429328228259692e-07
0.000000000000000000e+00
4.742409132063585275e-09
5.898188959463368519e-08
7.668887178624572698e-07
1.143357186705884487e-09
8.525570649453584338e-08
1.398435074406734202e-06
0.000000000000000000e+00
7.057453643710687174e-08
2.399915047135436907e-06
0.000000000000000000e+00
2.550093768149963580e-06
0.000000000000000000e+00
2.686211963975893013e-08
9.721161653430954175e-09
1.670753704274829943e-07
7.174926963671168778e-07
1.178807593760211603e-07
4.512789075761247659e-08
6.207295086824160535e-07
5.383860113283844839e-08
2.460778603108337848e-07
1.287450007714241451e-11
2.297897339076371281e-07
4.809718490150771686e-08
1.002032021801824158e-07
1.447245722374645993e-06
0.000000000000000000e+00
2.662200984104856616e-07
8.934391644288552925e-07
1.354821055343791159e-08
3.877621068681946781e-08
5.491144250413526606e-08
3.061186504282886744e-08
9.263645850410284766e-09
1.241789338024545941e-09
6.623595005805782421e-09
6.429011212283342047e-10
1.924275494502580841e-07
1.860222731409066910e-08
0.000000000000000000e+00
7.137289799175050575e-07
0.000000000000000000e+00
8.703152865052743437e-09
4.418296128960719216e-08
9.412383406015578657e-07
0.000000000000000000e+00
9.152424595981756283e-09
2.809394139546839142e-08
1.875472435131086968e-06
2.286566541442880407e-06
0.000000000000000000e+00
0.000000000000000000e+00
8.817044090392300859e-07
2.236144496237102430e-07
0.000000000000000000e+00
1.736667343266162788e-07
6.657810303067890345e-09
8.338187362788573864e-10
1.395165583062407677e-07
5.555848403560048610e-08
1.219918832617850057e-09
1.985486233024857938e-05
0.000000000000000000e+00
9.215256890904299780e-10
0.000000000000000000e+00
3.816147042812190193e-08
4.190010116644771188e-09
1.031411898111400660e-06
2.087233497150009498e-07
7.751873809525022807e-09
8.586093258600158151e-07
9.466341488462148845e-09
3.634799483620554383e-08
1.242088814024100429e-07
6.684377940047170341e-09
2.363141504702070961e-07
1.169518668575619813e-06
4.605406900282105198e-07
3.862425273837288842e-06
0.000000000000000000e+00
5.013550321564252954e-07
2.680485295059042983e-06
0.000000000000000000e+00
3.018705285739997635e-07
1.107904836317175068e-06
1.676054779409241746e-07
2.922919684067437629e-08
1.364667667758112657e-08
2.904454277086188085e-06
3.946622371131525142e-07
1.708878471617936157e-06
4.815445890926639549e-07
9.148084814114554320e-07
1.271204919106594389e-08
1.113043808231850562e-07
1.988659725782326859e-08
0.000000000000000000e+00
1.091805934549938684e-08
8.514266625070376904e-09
3.842640978746203473e-07
4.603060688168625347e-07
1.627750378929704311e-08
2.319380200788145885e-06
6.557672236340295058e-07
4.991383750763134231e-09
1.243605041167938907e-08
0.000000000000000000e+00
4.817343324248213321e-07
7.416336984533700161e-07
2.693143414944643155e-06
7.822948759894643445e-07
0.000000000000000000e+00
1.583157285267589032e-07
0.000000000000000000e+00
0.000000000000000000e+00
0.000000000000000000e+00
0.000000000000000000e+00
0.000000000000000000e+00
0.000000000000000000e+00
6.494571547221994479e-09
1.446782562197768129e-06
2.921806352418343522e-09
0.000000000000000000e+00
4.100712214238910747e-09
6.710232582918251865e-07
1.959000201168237254e-06
2.869617446776828729e-06
1.040116881512176406e-09
5.949792214465787765e-09
0.000000000000000000e+00
4.621630864676262718e-07
0.000000000000000000e+00
8.372316728788575801e-11
1.096079586204723455e-06
1.565987117757572378e-09
0.000000000000000000e+00
0.000000000000000000e+00
8.055700995157621946e-09
1.075606306244480947e-07
0.000000000000000000e+00
2.472085043336846866e-07
4.513798668170920791e-09
1.527311894733429654e-07
7.361395091720623896e-06
0.000000000000000000e+00
0.000000000000000000e+00
4.409580339759244794e-11
9.980590798264188379e-10
1.911328553205748904e-07
0.000000000000000000e+00
0.000000000000000000e+00
3.546375282326152956e-08
9.103074738447958225e-09
8.055781819393814658e-09
5.980537398642127300e-09
0.000000000000000000e+00
2.502999585374254821e-08
1.862547520659063593e-07
8.082207791915152484e-09
1.465992571780816434e-08
1.564644769302958593e-08
2.254615338870280539e-08
5.180649509384238627e-08
1.431860937373130582e-06
2.401084664427344251e-08
1.133804744313238189e-06
7.808240098938767915e-08
0.000000000000000000e+00
1.040522306539060082e-06
4.508468691710731946e-07
2.789686050164164044e-06
3.545221034073620103e-06
3.109479562724004609e-09
7.553259138148860075e-07
7.195515649982553441e-07
1.938152990987873636e-06
3.999352315986470785e-07
9.055870009433419909e-08
1.667225888013490476e-06
1.030459316098131239e-06
4.848866197448842286e-08
3.302002653526869835e-07
1.635236941410767031e-07
1.570754776247795803e-10
3.215160082614687553e-10
1.007724037549451168e-07
0.000000000000000000e+00
2.710654589677119475e-09
1.472213853048742749e-06
2.588346319498668890e-07
7.359346341218042653e-07
7.072030712151899934e-07
2.102626837086063460e-07
2.398796539182512788e-07
1.958009761438006535e-06
1.347763145531644113e-06
6.572975507879164070e-06
8.558814101888856385e-08
4.800953661288076546e-07
8.852045141338749090e-08
2.388613218329282972e-08
3.097129592788405716e-06
1.173137675891666731e-08
0.000000000000000000e+00
7.731287610113213304e-07
1.401827063318705768e-07
4.321353799241478555e-07
5.225178867362956225e-08
0.000000000000000000e+00
7.301984572549713448e-10
0.000000000000000000e+00
0.000000000000000000e+00
3.660087486423435621e-06
1.351722573872393696e-07
0.000000000000000000e+00
4.279811349761075689e-08
3.251243470003828406e-07
0.000000000000000000e+00
6.019972147441876587e-07
1.802530036343341635e-08
6.410987296590064943e-10
1.746302444871616899e-07
0.000000000000000000e+00
1.769547708363461425e-07
2.769905336208466906e-07
9.609188111880939687e-09
8.413174157340108650e-09
1.276552552553766873e-07
1.083009237845544703e-06
2.210926481893693563e-07
0.000000000000000000e+00
1.022279548124060966e-06
4.589979653246700764e-06
1.832499151532829273e-06
7.958484982140134889e-10
0.000000000000000000e+00
1.115571968135498082e-09
7.036963012296837405e-08
1.882215059367808863e-07
4.061984526515516336e-08
1.325115704275958706e-06
3.406257276239443854e-09
0.000000000000000000e+00
8.642487046017777175e-07
4.101627837371779606e-06
8.137162055277258332e-09
9.052725680191997526e-09
2.648417041228867674e-09
2.441984179313294590e-07
6.960698684110866452e-09
2.171059492184213013e-07
3.281637930285796756e-07
4.670756652558338828e-07
8.518949812241771724e-08
5.033561567557853778e-09
1.387254977558427527e-09
0.000000000000000000e+00
0.000000000000000000e+00
0.000000000000000000e+00
0.000000000000000000e+00
2.834995571632248357e-09
0.000000000000000000e+00
0.000000000000000000e+00
2.955352229605523462e-08
1.345289661003334913e-06
1.016444599599708454e-07
3.184422894264571369e-07
6.607730540508782724e-08
3.122829070889565628e-07
0.000000000000000000e+00
2.939292016890249215e-06
3.758270494813586993e-08
3.760672839803191891e-08
0.000000000000000000e+00
2.108814634027567081e-08
0.000000000000000000e+00
5.422001549959531985e-07
1.608188767932006158e-06
2.916749224368686555e-07
6.364700055883076857e-08
5.812252901193915022e-10
3.155053605041757692e-07
2.490656015652348287e-06
1.005732812586757063e-07
1.157200291146409654e-08
1.677604366534524161e-08
0.000000000000000000e+00
5.341220912669086829e-06
2.642057417290288868e-08
0.000000000000000000e+00
2.545075403759256005e-07
2.928146898284467170e-07
9.147183988034157665e-08
1.696703861853166018e-07
2.867093655822827714e-07
0.000000000000000000e+00
0.000000000000000000e+00
1.968121523532317951e-07
0.000000000000000000e+00
8.156002095915937389e-09
0.000000000000000000e+00
2.736179105511382659e-08
0.000000000000000000e+00
0.000000000000000000e+00
1.971626261365599930e-06
1.376004320263746195e-06
6.622229986597005791e-10
1.116768657993816305e-06
9.739494544191984460e-08
2.046820100076729432e-07
0.000000000000000000e+00
0.000000000000000000e+00
3.438266048760851845e-06
0.000000000000000000e+00
0.000000000000000000e+00
9.910011700142717928e-10
2.345757810218174200e-09
0.000000000000000000e+00
0.000000000000000000e+00
1.829377765716344584e-06
1.564785975460836198e-06
1.152325808106979821e-07
0.000000000000000000e+00
2.599052750795749489e-09
1.135148863795620855e-08
2.274238397603767226e-08
5.611049819220781387e-11
1.052454123851020995e-08
3.581299523602865520e-08
0.000000000000000000e+00
5.001235422241734341e-06
0.000000000000000000e+00
3.161069406232286383e-09
0.000000000000000000e+00
0.000000000000000000e+00
0.000000000000000000e+00
0.000000000000000000e+00
2.236740392902447638e-08
2.315889702231288538e-09
1.198968563320690350e-10
1.035008789784797045e-08
4.051016855299849340e-09
4.672771058977787106e-09
6.088042141527694184e-07
6.937531082940040505e-08
8.835583376054501059e-10
2.666186446731444448e-06
1.752726888071265421e-07
0.000000000000000000e+00
1.994340834698959952e-07
5.498546506998991390e-09
8.965390208004464512e-08
0.000000000000000000e+00
0.000000000000000000e+00
0.000000000000000000e+00
0.000000000000000000e+00
5.826356641591701191e-08
0.000000000000000000e+00
1.075242295200951048e-07
7.305052918127330486e-07
6.421550846624768383e-09
2.829322056641103700e-07
2.640707430501265662e-09
3.808009978456539102e-07
5.422751883088494651e-07
0.000000000000000000e+00
1.842566987875216000e-08
4.721195807633193908e-07
7.707222948738490231e-08
1.028542101266793907e-06
0.000000000000000000e+00
2.218210539695064654e-07
8.994815630103403237e-07
2.451394266245188192e-06
1.048087597155245021e-06
5.837067078573454637e-07
4.894237122243794147e-07
8.967295173079037340e-08
9.432488923266646452e-08
1.614916755876549814e-09
3.178981600529540152e-13
3.205179455179063552e-09
4.913383122584491502e-07
1.025218097083779867e-07
1.667908975377940806e-07
2.676501367204764392e-07
1.701618828064965783e-07
5.050909024362226774e-09
1.263558813136000936e-09
1.468875687749005010e-08
1.501036763329466339e-06
3.693368171298061498e-07
0.000000000000000000e+00
2.124691178551074699e-07
1.866325760602194350e-08
6.629466042795684189e-07
1.701475738080659994e-09
0.000000000000000000e+00
1.170176346931839362e-06
1.633016166735501429e-09
0.000000000000000000e+00
0.000000000000000000e+00
0.000000000000000000e+00
4.268417086450426723e-08
7.508826449509342638e-09
9.983891935405608820e-09
2.575675228655427418e-10
1.603474828471007640e-07
0.000000000000000000e+00
8.498948211865808844e-09
0.000000000000000000e+00
0.000000000000000000e+00
3.818716720616066596e-08
1.196964660721278051e-07
6.189875834117231079e-10
4.680031651105309720e-08
0.000000000000000000e+00
0.000000000000000000e+00
2.373550245238220668e-09
0.000000000000000000e+00
0.000000000000000000e+00
0.000000000000000000e+00
0.000000000000000000e+00
8.457373468218065682e-09
6.122940821029487779e-09
1.651407046665553935e-07
0.000000000000000000e+00
2.577149643911980093e-06
1.022820761420462077e-08
7.922419165140581754e-09
2.544617245803237893e-07
0.000000000000000000e+00
5.787292423065082403e-09
0.000000000000000000e+00
0.000000000000000000e+00
4.483558413426180778e-09
0.000000000000000000e+00
4.293551683076657355e-06
4.754387816774396924e-08
0.000000000000000000e+00
0.000000000000000000e+00
0.000000000000000000e+00
7.438686679961392656e-07
1.742755415534702479e-07
2.890341654904204916e-08
1.070007904502290330e-08
2.440245561174947397e-09
7.617880015686750994e-08
1.225232004742338177e-08
3.116782067991152871e-07
1.674256736805546097e-06
2.350882937207643408e-07
7.051375039424101487e-09
1.141380212565934471e-09
6.417013143078520443e-09
6.394472507054160815e-08
2.794283204821113031e-07
2.741523417171265464e-07
8.652996097424647814e-10
1.798316020540369209e-06
2.217803682924568420e-07
1.594109377833774488e-08
2.774459517240757123e-06
1.174204999898620372e-08
8.867545489010808524e-07
2.573275592610002604e-09
6.191460215632105246e-06
1.421241702104225624e-08
4.920033269684154220e-09
2.200541331376371090e-07
1.194417009742210212e-09
7.267290129675529897e-07
6.714025744258833583e-07
5.055703695688862354e-07
0.000000000000000000e+00
3.851473309168795822e-07
1.116001246970199645e-08
1.096178792181490280e-08
1.944709538292954676e-06
0.000000000000000000e+00
6.025194210224071867e-08
7.258628897943708580e-07
9.970761993827181868e-07
3.011687681464536581e-07
0.000000000000000000e+00
0.000000000000000000e+00
3.698912842686752356e-10
0.000000000000000000e+00
4.713175982828943233e-08
0.000000000000000000e+00
9.345582085984460718e-09
3.122277405509521486e-07
0.000000000000000000e+00
7.128702073089243640e-09
0.000000000000000000e+00
1.864068849499744829e-06
2.685071649466408417e-07
5.237701827809360111e-09
0.000000000000000000e+00
0.000000000000000000e+00
0.000000000000000000e+00
8.560574116245334153e-08
0.000000000000000000e+00
5.809856702398974448e-07
0.000000000000000000e+00
1.072392251444398426e-06
3.443551932491573098e-08
1.726747171915121726e-07
4.649549794066842878e-07
7.137327429518336430e-06
4.484225490930526803e-13
1.972261998162139207e-07
1.562201106253269245e-07
1.986132147635544243e-09
1.248805281406362155e-09
5.493848931337197428e-09
1.155711526479308304e-08
3.968718260694004130e-07
0.000000000000000000e+00
1.879761624135056763e-10
1.380421849717095029e-06
0.000000000000000000e+00
0.000000000000000000e+00
0.000000000000000000e+00
4.811766757484292611e-06
0.000000000000000000e+00
0.000000000000000000e+00
0.000000000000000000e+00
2.211770322446682258e-09
1.775651292668101178e-09
0.000000000000000000e+00
0.000000000000000000e+00
3.018405081434138992e-09
1.466678298811530112e-07
1.138717564685975958e-07
7.639991750352237432e-09
0.000000000000000000e+00
0.000000000000000000e+00
6.335574767035723198e-07
9.268938505613277812e-09
0.000000000000000000e+00
3.871713505354534846e-10
0.000000000000000000e+00
0.000000000000000000e+00
0.000000000000000000e+00
4.945086828911371413e-08
2.064765425302539370e-08
0.000000000000000000e+00
0.000000000000000000e+00
9.297917253833776208e-13
1.308951686951331794e-05
0.000000000000000000e+00
0.000000000000000000e+00
9.873994066822433524e-09
4.136344671223923797e-07
2.369027463089423691e-08
2.362818163348379130e-09
4.315557688983062690e-09
7.938090220704907551e-07
4.236928674572482123e-08
3.354576838532352667e-09
0.000000000000000000e+00
9.492192276638888870e-08
2.413712536508683115e-06
2.645345489327155519e-07
1.453661013783857925e-07
2.149530775596986132e-09
2.618133407850109506e-07
4.509423376930499217e-07
1.080749143511638977e-06
0.000000000000000000e+00
7.191698614406050183e-07
2.915511743140086764e-07
2.020336069108452648e-06
1.242867028850014322e-06
2.399993945800815709e-06
5.980219270895759109e-07
2.244279130536597222e-06
5.564267624436070037e-08
1.313946143000066513e-07
7.712456095987363369e-08
7.955230216794006992e-07
7.108013483358988083e-11
2.296076900165644474e-06
7.207658541119599249e-07
1.181375779424342909e-07
2.036664909610408358e-06
1.640503569433349185e-06
9.045610340763232671e-07
2.877535791867558146e-07
0.000000000000000000e+00
0.000000000000000000e+00
1.800612494662345853e-07
3.419257382120122202e-06
0.000000000000000000e+00
0.000000000000000000e+00
0.000000000000000000e+00
2.258480975569909788e-07
1.129735892391181551e-06
5.861118879124660452e-08
5.646753038490714971e-07
2.054990346778140520e-07
6.913968064736764063e-08
6.765741886738396715e-07
2.853257115020824131e-07
1.130827342876727926e-08
6.742344282884005224e-08
3.875978507039690157e-07
0.000000000000000000e+00
0.000000000000000000e+00
0.000000000000000000e+00
2.971474444279920135e-08
0.000000000000000000e+00
2.036910418112825027e-09
0.000000000000000000e+00
0.000000000000000000e+00
1.677386451959250735e-09
6.504028249310067622e-08
0.000000000000000000e+00
0.000000000000000000e+00
0.000000000000000000e+00
1.153208195603383501e-09
0.000000000000000000e+00
2.042768454391108435e-10
0.000000000000000000e+00
0.000000000000000000e+00
9.697690428467353740e-10
0.000000000000000000e+00
3.437984119614156953e-09
7.320088091233856176e-09
0.000000000000000000e+00
0.000000000000000000e+00
4.510704254556685555e-09
6.937828533892798077e-09
5.780319511927700660e-08
1.023854265258528073e-10
0.000000000000000000e+00
3.495463252178865332e-09
0.000000000000000000e+00
6.279775366380135893e-09
1.740773036829068587e-08
1.494481693953275681e-08
0.000000000000000000e+00
0.000000000000000000e+00
0.000000000000000000e+00
0.000000000000000000e+00
9.393481263941794168e-07
0.000000000000000000e+00
2.836200565070612356e-06
1.168905805482012283e-10
2.609625937566306675e-07
0.000000000000000000e+00
4.329709923922564485e-09
0.000000000000000000e+00
0.000000000000000000e+00
0.000000000000000000e+00
0.000000000000000000e+00
0.000000000000000000e+00
4.348636117867954454e-09
0.000000000000000000e+00
3.124289715827899272e-09
0.000000000000000000e+00
0.000000000000000000e+00
1.495762944614398293e-07
3.510692403452253529e-09
0.000000000000000000e+00
0.000000000000000000e+00
5.478522524526852067e-09
1.048525000157951581e-08
0.000000000000000000e+00
1.116722980754047967e-08
6.894717330396815669e-07
0.000000000000000000e+00
8.556445436624926515e-07
8.760837388877007470e-09
5.834241960656072479e-07
9.193778964800003450e-07
2.153796913262340240e-06
1.580751813889946789e-06
2.863465020652711246e-08
5.229341959456235145e-10
4.723616342516834266e-08
2.273173205225020865e-09
3.447799144851160236e-06
4.511995484790531918e-06
1.039585839635037701e-07
1.974394336912155268e-08
1.058712939538963838e-08
4.877588333229709860e-10
1.485083203078829683e-07
0.000000000000000000e+00
2.833659891621209681e-06
4.364512449228641344e-07
6.326525863187271170e-07
3.752175103954868973e-08
0.000000000000000000e+00
6.401494800911677885e-08
9.282035762225859798e-07
8.618815172667382285e-07
1.080672973330365494e-07
0.000000000000000000e+00
1.337190838057722431e-07
0.000000000000000000e+00
3.254545219988358440e-07
3.185331252097967081e-07
0.000000000000000000e+00
9.141202639284529141e-08
5.451228801689467218e-09
0.000000000000000000e+00
3.825411170055303955e-07
0.000000000000000000e+00
0.000000000000000000e+00
0.000000000000000000e+00
0.000000000000000000e+00
0.000000000000000000e+00
7.629761711314131389e-09
0.000000000000000000e+00
0.000000000000000000e+00
0.000000000000000000e+00
0.000000000000000000e+00
0.000000000000000000e+00
1.241886593561503105e-10
1.479710487473084868e-08
6.492876991615048610e-08
5.614549714039185346e-09
2.300828860768433515e-08
5.351948288989660796e-07
7.820188052676257939e-09
1.845303110314944206e-08
2.089142071781679988e-06
4.851052608501049690e-07
0.000000000000000000e+00
3.718340167324640788e-06
0.000000000000000000e+00
2.240749950033205096e-07
0.000000000000000000e+00
0.000000000000000000e+00
0.000000000000000000e+00
5.617819454073469387e-08
0.000000000000000000e+00
2.175461338849160597e-10
2.254643050036975183e-08
0.000000000000000000e+00
0.000000000000000000e+00
4.395524300093711645e-08
1.683234662763766210e-10
0.000000000000000000e+00
0.000000000000000000e+00
4.997076530344202183e-09
9.990677618532117776e-09
2.859254948361922288e-07
0.000000000000000000e+00
7.358681841651559807e-08
0.000000000000000000e+00
0.000000000000000000e+00
0.000000000000000000e+00
5.605552466647623078e-09
0.000000000000000000e+00
0.000000000000000000e+00
1.575729129399405792e-07
3.791143232678706454e-10
0.000000000000000000e+00
0.000000000000000000e+00
0.000000000000000000e+00
8.443235555155581551e-10
0.000000000000000000e+00
0.000000000000000000e+00
0.000000000000000000e+00
1.000255364647095746e-10
0.000000000000000000e+00
3.573157769665158412e-09
4.947502407759429843e-09
4.748286741573792824e-08
1.476261104471632279e-07
4.690665189599485529e-09
2.869629440738208359e-07
4.799852515446900725e-09
4.832979243474255782e-07
2.452153182730398839e-07
3.229598178222659044e-06
2.656849176219111541e-07
2.617355789880093653e-07
0.000000000000000000e+00
3.762360165637801401e-07
0.000000000000000000e+00
0.000000000000000000e+00
1.676004188766455627e-07
2.479128511367889587e-07
6.969452215344063006e-07
4.206020207675464917e-07
0.000000000000000000e+00
2.847194480182224652e-08
6.095747551171371015e-08
3.465325137952390833e-09
0.000000000000000000e+00
1.278301056117925327e-07
0.000000000000000000e+00
2.230118845147899265e-08
1.246256253750743781e-08
3.466098297266739792e-09
7.611324690515175462e-07
2.481536114373739110e-07
2.024682921319964635e-10
0.000000000000000000e+00
4.205479399388423190e-06
1.125540620705578476e-06
0.000000000000000000e+00
6.794329010517685674e-08
0.000000000000000000e+00
1.201149984808580484e-06
8.829865727477681503e-09
0.000000000000000000e+00
2.018962277361424640e-06
0.000000000000000000e+00
1.982876227657470736e-07
0.000000000000000000e+00
0.000000000000000000e+00
1.149816881707010907e-07
1.025075633265259967e-07
2.358262776169794961e-07
0.000000000000000000e+00
6.162226640071821748e-08
8.959449182555090374e-09
4.768181938175075629e-08
2.779246415229863487e-06
0.000000000000000000e+00
0.000000000000000000e+00
1.781685057267168304e-07
6.911592187464066228e-09
2.686709343890925084e-08
0.000000000000000000e+00
3.871996889781570417e-10
3.674842446343973279e-06
2.831389792845584452e-06
6.290046599133347627e-07
1.614086975187944972e-09
0.000000000000000000e+00
0.000000000000000000e+00
6.837362889200448990e-06
2.478567218133775896e-08
3.661165948187772301e-08
7.934702672685034486e-09
0.000000000000000000e+00
9.045573392540973146e-07
6.241486216751468419e-10
4.916537843513424377e-09
0.000000000000000000e+00
2.541988806115114130e-06
4.001643105766561348e-07
4.244841811384958419e-09
0.000000000000000000e+00
1.317018849533724278e-08
3.770360024191177217e-09
1.075119016036296671e-08
4.084843574503338459e-09
0.000000000000000000e+00
4.799434236701927148e-07
2.252398800806076906e-08
5.661736395268235356e-07
2.332302528884611093e-08
2.455085734709427925e-08
1.222410787704575341e-06
2.169864217194117373e-07
1.443485597718563440e-08
5.711389050588877581e-08
5.624909817925072275e-07
1.531915749808376859e-08
2.526408877656649565e-07
1.486461997046717443e-06
1.913384949148166925e-06
4.790085199601890054e-07
2.435028534364391817e-07
0.000000000000000000e+00
5.612106690477958182e-08
0.000000000000000000e+00
0.000000000000000000e+00
1.433254169569408987e-06
1.072514610456209994e-08
8.440685483890320029e-09
8.035203791223466396e-06
1.236938089732575463e-07
0.000000000000000000e+00
5.240755607260894067e-10
0.000000000000000000e+00
5.641428302283202356e-08
4.144786913684583851e-08
1.113274493036442436e-06
0.000000000000000000e+00
0.000000000000000000e+00
1.046829822826111922e-07
4.486671514314366505e-06
0.000000000000000000e+00
1.097508715020012460e-07
8.650547833610744419e-09
1.085954526303112289e-08
0.000000000000000000e+00
1.784446681085682940e-06
2.362220463680841931e-08
0.000000000000000000e+00
2.483446223777718842e-06
0.000000000000000000e+00
1.014094905826823378e-07
2.122890236933017150e-07
1.574499641776583303e-08
0.000000000000000000e+00
3.547970379713660805e-07
1.109907188379111176e-07
2.284143874931032769e-06
5.024922984375734814e-07
0.000000000000000000e+00
0.000000000000000000e+00
0.000000000000000000e+00
1.098581936531672909e-08
5.154897735337726772e-07
5.589727720689552370e-07
3.380869770808203612e-07
3.920847646554648236e-08
0.000000000000000000e+00
3.740364107329696708e-08
4.272208116162801161e-07
0.000000000000000000e+00
5.545256271943799220e-07
0.000000000000000000e+00
0.000000000000000000e+00
0.000000000000000000e+00
1.269282392968307249e-06
0.000000000000000000e+00
0.000000000000000000e+00
0.000000000000000000e+00
0.000000000000000000e+00
2.816466881938595179e-08
0.000000000000000000e+00
0.000000000000000000e+00
0.000000000000000000e+00
0.000000000000000000e+00
0.000000000000000000e+00
0.000000000000000000e+00
0.000000000000000000e+00
5.578488782020940562e-09
5.253967816365445742e-10
1.129946781475155149e-06
1.880902900097680686e-08
2.910586660576086615e-09
0.000000000000000000e+00
1.369079654978122562e-06
1.640388404666737188e-06
0.000000000000000000e+00
2.822928877321828622e-07
0.000000000000000000e+00
0.000000000000000000e+00
0.000000000000000000e+00
0.000000000000000000e+00
0.000000000000000000e+00
0.000000000000000000e+00
4.597203062672861051e-09
0.000000000000000000e+00
0.000000000000000000e+00
6.496264637334547842e-10
2.117728399753104895e-06
5.036409675085451454e-06
0.000000000000000000e+00
0.000000000000000000e+00
7.665421186686671717e-09
0.000000000000000000e+00
0.000000000000000000e+00
0.000000000000000000e+00
0.000000000000000000e+00
0.000000000000000000e+00
7.177273460001742933e-07
0.000000000000000000e+00
0.000000000000000000e+00
0.000000000000000000e+00
0.000000000000000000e+00
0.000000000000000000e+00
0.000000000000000000e+00
0.000000000000000000e+00
0.000000000000000000e+00
0.000000000000000000e+00
0.000000000000000000e+00
0.000000000000000000e+00
0.000000000000000000e+00
0.000000000000000000e+00
0.000000000000000000e+00
0.000000000000000000e+00
0.000000000000000000e+00
0.000000000000000000e+00
7.779681787667414028e-09
0.000000000000000000e+00
0.000000000000000000e+00
1.047162689893355036e-09
1.581210273826627599e-09
0.000000000000000000e+00
0.000000000000000000e+00
0.000000000000000000e+00
0.000000000000000000e+00
0.000000000000000000e+00
0.000000000000000000e+00
0.000000000000000000e+00
3.632164791156355932e-09
2.373832472812864580e-07
0.000000000000000000e+00
0.000000000000000000e+00
0.000000000000000000e+00
0.000000000000000000e+00
0.000000000000000000e+00
0.000000000000000000e+00
1.087514874598127790e-06
0.000000000000000000e+00
0.000000000000000000e+00
0.000000000000000000e+00
0.000000000000000000e+00
2.601222792719681820e-09
0.000000000000000000e+00
0.000000000000000000e+00
0.000000000000000000e+00
0.000000000000000000e+00
0.000000000000000000e+00
7.033638116382689986e-10
0.000000000000000000e+00
0.000000000000000000e+00
0.000000000000000000e+00
0.000000000000000000e+00
0.000000000000000000e+00
0.000000000000000000e+00
0.000000000000000000e+00
0.000000000000000000e+00
0.000000000000000000e+00
0.000000000000000000e+00
0.000000000000000000e+00
0.000000000000000000e+00
0.000000000000000000e+00
0.000000000000000000e+00
0.000000000000000000e+00
0.000000000000000000e+00
0.000000000000000000e+00
0.000000000000000000e+00
0.000000000000000000e+00
0.000000000000000000e+00
0.000000000000000000e+00
0.000000000000000000e+00
0.000000000000000000e+00
0.000000000000000000e+00
0.000000000000000000e+00
0.000000000000000000e+00
1.535749999392876930e-11
1.915012176612052031e-10
3.407704562974345208e-09
9.198182624459150247e-07
3.099805523376630845e-09
1.611065130191491335e-07
8.922437899627766456e-09
1.579574302468245151e-07
1.674553402608580654e-07
3.942808461943059228e-07
3.069532112931483425e-07
4.767858285958936904e-08
3.653336244635596586e-10
3.227768729630042799e-06
0.000000000000000000e+00
4.123644998799136374e-07
1.051630761139676906e-06
2.113759364874567837e-06
1.944248424479155801e-06
6.889215910632628947e-06
4.671608735407062341e-07
2.295512558703194372e-06
2.167741257608213346e-07
4.025082773750909837e-07
1.106417926166614052e-06
3.245064306156564271e-08
1.961868747457629070e-07
1.329785050074860919e-06
2.929281208707834594e-07
1.097929662767158088e-13
6.018429754561793743e-09
0.000000000000000000e+00
3.926794445163750424e-09
1.079649347701661100e-08
2.123714537560772442e-08
0.000000000000000000e+00
3.683287630451559380e-08
9.971244026019121520e-07
6.040484379354893463e-08
0.000000000000000000e+00
5.818163728577019356e-09
6.452201546380820218e-07
1.114390002499021648e-07
5.797524522677122150e-07
1.122496207095480258e-09
1.027289613375614863e-07
2.039170568512993498e-11
1.595051060121477349e-07
1.909016521250972431e-11
0.000000000000000000e+00
0.000000000000000000e+00
0.000000000000000000e+00
0.000000000000000000e+00
4.053443414253621313e-10
0.000000000000000000e+00
1.522653519714367576e-06
1.021666501399565163e-10
0.000000000000000000e+00
0.000000000000000000e+00
0.000000000000000000e+00
9.265352929332948406e-08
0.000000000000000000e+00
0.000000000000000000e+00
7.387237133116286714e-07
0.000000000000000000e+00
0.000000000000000000e+00
0.000000000000000000e+00
0.000000000000000000e+00
0.000000000000000000e+00
5.927231594426984884e-09
0.000000000000000000e+00
0.000000000000000000e+00
2.481500018802762497e-07
0.000000000000000000e+00
0.000000000000000000e+00
6.772629124185414184e-09
0.000000000000000000e+00
6.477033492879868959e-11
0.000000000000000000e+00
8.855858754652778941e-12
0.000000000000000000e+00
1.372585778369739273e-08
8.547103647060794174e-08
0.000000000000000000e+00
2.886450634065340637e-09
3.410686417737451848e-07
0.000000000000000000e+00
4.287294359528459609e-06
0.000000000000000000e+00
5.317202234067508471e-09
0.000000000000000000e+00
0.000000000000000000e+00
3.791118103890767088e-07
0.000000000000000000e+00
0.000000000000000000e+00
0.000000000000000000e+00
0.000000000000000000e+00
2.482462679864738675e-09
7.614544550449409144e-10
0.000000000000000000e+00
0.000000000000000000e+00
0.000000000000000000e+00
6.394843410362227587e-08
4.888947202630333777e-08
0.000000000000000000e+00
0.000000000000000000e+00
9.735874328953286749e-10
3.154767336255304144e-09
0.000000000000000000e+00
6.669603092035458758e-09
0.000000000000000000e+00
0.000000000000000000e+00
9.416834814146568533e-07
0.000000000000000000e+00
0.000000000000000000e+00
0.000000000000000000e+00
0.000000000000000000e+00
0.000000000000000000e+00
0.000000000000000000e+00
0.000000000000000000e+00
1.128615867429516584e-09
0.000000000000000000e+00
0.000000000000000000e+00
1.308489649964883483e-09
0.000000000000000000e+00
3.451894325934290464e-09
0.000000000000000000e+00
0.000000000000000000e+00
2.125608844494308869e-08
0.000000000000000000e+00
0.000000000000000000e+00
0.000000000000000000e+00
0.000000000000000000e+00
0.000000000000000000e+00
0.000000000000000000e+00
9.283614765820402681e-09
1.416036732315717472e-09
0.000000000000000000e+00
6.924095519167394741e-09
7.943739888105483260e-09
0.000000000000000000e+00
7.546157831939126481e-08
0.000000000000000000e+00
0.000000000000000000e+00
0.000000000000000000e+00
3.996966313479788369e-09
4.198712133529625135e-07
2.009250692935893312e-06
2.322337650184636004e-06
1.216755918242995449e-09
5.893542720514233224e-07
2.446324742777505890e-07
1.033137550621177070e-06
0.000000000000000000e+00
7.513234834277682239e-08
8.102637366391718388e-06
1.042314234922514515e-08
1.468776190449716523e-06
6.446284146477410104e-07
0.000000000000000000e+00
1.451468051527626812e-06
1.992797820093983319e-07
0.000000000000000000e+00
8.243625416071154177e-06
6.319810950117243920e-07
1.642548909330798779e-06
3.623760449045221321e-06
7.904735355168668320e-08
0.000000000000000000e+00
8.344562161255453248e-07
5.095030246593523771e-07
1.704791770862357225e-06
1.557310724820126779e-07
3.569918527457360824e-10
2.588826077953854110e-07
2.426316314085852355e-06
2.714064635256363545e-07
1.429470586344905314e-07
1.876117721621994860e-06
3.910610946178394443e-09
1.328250931464936002e-08
6.822119047455998953e-08
3.176793827996959863e-10
1.363491833217267413e-06
0.000000000000000000e+00
7.950839062687009573e-07
3.878217746944301325e-09
0.000000000000000000e+00
0.000000000000000000e+00
3.446106404680904234e-07
3.259809489009057870e-07
7.535213230290549458e-13
1.630137802521858248e-07
1.521524772840621154e-08
1.761055159477109555e-06
0.000000000000000000e+00
0.000000000000000000e+00
0.000000000000000000e+00
1.800650579752982594e-07
0.000000000000000000e+00
0.000000000000000000e+00
7.622717021149583161e-06
6.179678546658351479e-09
1.122614431969815030e-10
1.005797116704343352e-06
6.967174392968900065e-09
0.000000000000000000e+00
0.000000000000000000e+00
2.369175966521197552e-08
4.921225240650528576e-07
1.790706164683797397e-06
3.500407963485940854e-09
0.000000000000000000e+00
0.000000000000000000e+00
8.531804152056565727e-10
0.000000000000000000e+00
2.022053138261981076e-07
6.515871397994033032e-09
1.464996586264533107e-07
0.000000000000000000e+00
7.290244102842180496e-11
5.362066346492611046e-09
0.000000000000000000e+00
2.264685861064208439e-08
3.906761776306666434e-07
0.000000000000000000e+00
4.966381084159365855e-07
0.000000000000000000e+00
0.000000000000000000e+00
1.435971619390130627e-10
1.313441444494856114e-08
0.000000000000000000e+00
2.979669488922809251e-08
2.207970965173444711e-06
0.000000000000000000e+00
0.000000000000000000e+00
8.157043041023825936e-09
0.000000000000000000e+00
5.188878660078444227e-09
0.000000000000000000e+00
0.000000000000000000e+00
0.000000000000000000e+00
0.000000000000000000e+00
0.000000000000000000e+00
0.000000000000000000e+00
0.000000000000000000e+00
5.611608955291558232e-09
1.454549902746293810e-08
1.469318555713527985e-10
0.000000000000000000e+00
7.458568873630611051e-09
0.000000000000000000e+00
0.000000000000000000e+00
0.000000000000000000e+00
0.000000000000000000e+00
1.383319983006003895e-07
5.743481779063586146e-07
0.000000000000000000e+00
0.000000000000000000e+00
0.000000000000000000e+00
0.000000000000000000e+00
0.000000000000000000e+00
0.000000000000000000e+00
3.117044816702829735e-11
3.392255365497476305e-09
5.921626522464862319e-10
3.600360454214523998e-09
0.000000000000000000e+00
0.000000000000000000e+00
3.197193976234302681e-08
0.000000000000000000e+00
3.728844344408344114e-09
0.000000000000000000e+00
1.841996333240558670e-09
1.065586303639065591e-07
9.285209046083764406e-08
0.000000000000000000e+00
9.023048974654557242e-09
1.483430054349810234e-07
0.000000000000000000e+00
5.491833121595846023e-07
5.241591694016278780e-08
0.000000000000000000e+00
9.155225022539070778e-09
1.865201966211316176e-07
1.065510900843946729e-06
4.458413371821734472e-08
2.157895124810238485e-07
0.000000000000000000e+00
0.000000000000000000e+00
1.749023255115389475e-07
1.129812631006643642e-06
1.001503147080029521e-08
2.541901267250068486e-07
6.102637950533562616e-09
3.071524545816828322e-08
1.586630204997163673e-08
4.810823952539067250e-07
6.011124042970550363e-09
1.187216298603743780e-07
1.243572178566410003e-08
0.000000000000000000e+00
0.000000000000000000e+00
0.000000000000000000e+00
0.000000000000000000e+00
6.275001407374247719e-09
4.943906901644368190e-07
9.526024413730738161e-09
0.000000000000000000e+00
8.031946663322742097e-08
1.520450751968382974e-07
1.217562317634701685e-08
0.000000000000000000e+00
0.000000000000000000e+00
0.000000000000000000e+00
0.000000000000000000e+00
0.000000000000000000e+00
3.347895116689869610e-08
3.783389672662451630e-07
6.372528815745681641e-08
0.000000000000000000e+00
0.000000000000000000e+00
8.348935987001482317e-10
7.871653906477149576e-08
0.000000000000000000e+00
0.000000000000000000e+00
0.000000000000000000e+00
0.000000000000000000e+00
3.198881586286006495e-07
0.000000000000000000e+00
0.000000000000000000e+00
0.000000000000000000e+00
0.000000000000000000e+00
0.000000000000000000e+00
1.624305241421097890e-07
0.000000000000000000e+00
0.000000000000000000e+00
0.000000000000000000e+00
0.000000000000000000e+00
0.000000000000000000e+00
0.000000000000000000e+00
0.000000000000000000e+00
0.000000000000000000e+00
0.000000000000000000e+00
0.000000000000000000e+00
0.000000000000000000e+00
4.471045755849445413e-09
0.000000000000000000e+00
0.000000000000000000e+00
0.000000000000000000e+00
6.496777782416529590e-09
0.000000000000000000e+00
1.791653048144326021e-08
2.661010398696816992e-07
1.491219769889085001e-08
2.989110498674563132e-06
2.578933901986601995e-07
1.766898805044547771e-07
0.000000000000000000e+00
0.000000000000000000e+00
0.000000000000000000e+00
1.775352700406074291e-07
0.000000000000000000e+00
0.000000000000000000e+00
0.000000000000000000e+00
3.150483252056801575e-08
0.000000000000000000e+00
1.865413423729478382e-07
3.162676875945180655e-08
2.532564824520022739e-09
0.000000000000000000e+00
2.163648247233140864e-07
6.757484793951107349e-09
1.973828602785943076e-07
0.000000000000000000e+00
0.000000000000000000e+00
0.000000000000000000e+00
0.000000000000000000e+00
0.000000000000000000e+00
0.000000000000000000e+00
3.394709180426502826e-09
0.000000000000000000e+00
0.000000000000000000e+00
2.953562727725511650e-09
1.776384578988654539e-06
4.499256078815960791e-09
4.125010022448805103e-08
0.000000000000000000e+00
3.771154499787598979e-09
3.793903502469220257e-08
0.000000000000000000e+00
1.896421053970698267e-06
1.258596284969826229e-07
8.569698728422281420e-09
0.000000000000000000e+00
4.505796269427264633e-08
7.442252353939693421e-06
2.743085474321560469e-07
1.943926122294215020e-07
4.611819406363792950e-07
1.478401956411801166e-09
7.370925203531442094e-09
2.954781130881656281e-08
2.083902472804766148e-08
2.596449499847608422e-09
1.588385202921926975e-06
5.077524534158328606e-08
1.129504084929067176e-06
9.971842729328272981e-08
0.000000000000000000e+00
2.528209641639023175e-09
1.643044242882751860e-06
1.554863260366801114e-08
0.000000000000000000e+00
6.774235394857441861e-09
2.276776513099321164e-06
1.011362655845005065e-07
6.409351271940977313e-08
0.000000000000000000e+00
2.750219323388591874e-07
6.655715534265027600e-09
1.018030616251053289e-06
2.237536378402182891e-08
0.000000000000000000e+00
4.288676223040965851e-07
0.000000000000000000e+00
5.767979018855839968e-07
0.000000000000000000e+00
2.104100531141739339e-06
0.000000000000000000e+00
1.002181647891120519e-06
0.000000000000000000e+00
0.000000000000000000e+00
0.000000000000000000e+00
0.000000000000000000e+00
0.000000000000000000e+00
0.000000000000000000e+00
8.273078055953675403e-11
0.000000000000000000e+00
0.000000000000000000e+00
0.000000000000000000e+00
2.440372171008675650e-08
0.000000000000000000e+00
0.000000000000000000e+00
0.000000000000000000e+00
0.000000000000000000e+00
0.000000000000000000e+00
0.000000000000000000e+00
0.000000000000000000e+00
0.000000000000000000e+00
8.133589801673224429e-09
0.000000000000000000e+00
0.000000000000000000e+00
0.000000000000000000e+00
1.463013044045169408e-09
0.000000000000000000e+00
8.868557443975078058e-09
5.224222388022781161e-09
0.000000000000000000e+00
1.274349736846147607e-09
0.000000000000000000e+00
0.000000000000000000e+00
1.251838455118559068e-08
5.761033321505237836e-07
0.000000000000000000e+00
0.000000000000000000e+00
0.000000000000000000e+00
0.000000000000000000e+00
0.000000000000000000e+00
0.000000000000000000e+00
6.327041113252107607e-09
0.000000000000000000e+00
0.000000000000000000e+00
0.000000000000000000e+00
0.000000000000000000e+00
1.363515877983445534e-08
1.845400277034059400e-08
1.249063927843963029e-07
5.295210797617855292e-11
0.000000000000000000e+00
0.000000000000000000e+00
4.689544041980298061e-08
1.406341567644631141e-07
0.000000000000000000e+00
0.000000000000000000e+00
0.000000000000000000e+00
0.000000000000000000e+00
1.791476411661108159e-09
6.177876543667082387e-10
1.272596932722080965e-06
0.000000000000000000e+00
0.000000000000000000e+00
5.258254276441221009e-09
6.426846166363020529e-09
0.000000000000000000e+00
0.000000000000000000e+00
0.000000000000000000e+00
0.000000000000000000e+00
8.967570686024828319e-09
0.000000000000000000e+00
1.020627404813012618e-08
1.595150251887389459e-07
3.290792971455402949e-09
0.000000000000000000e+00
0.000000000000000000e+00
4.440595446908446320e-09
1.591884029039647430e-07
0.000000000000000000e+00
2.566588330754626668e-10
0.000000000000000000e+00
0.000000000000000000e+00
0.000000000000000000e+00
1.377934353286036639e-07
0.000000000000000000e+00
2.870468662763414613e-08
0.000000000000000000e+00
0.000000000000000000e+00
0.000000000000000000e+00
0.000000000000000000e+00
0.000000000000000000e+00
0.000000000000000000e+00
0.000000000000000000e+00
1.060777492511988385e-07
0.000000000000000000e+00
2.396078002675494645e-09
0.000000000000000000e+00
0.000000000000000000e+00
0.000000000000000000e+00
1.260204579578427797e-10
5.275849757069295265e-10
6.658205542464656901e-09
0.000000000000000000e+00
2.399163756550137805e-09
5.864197127891657146e-09
1.680748056287484360e-07
4.750749238446871914e-10
3.791839446876110742e-07
7.074556052089064906e-09
2.302708423940202920e-08
0.000000000000000000e+00
5.321747043041114011e-09
0.000000000000000000e+00
2.049248735147557454e-07
1.175221271410009649e-07
4.879920538769511040e-07
4.123030805658345344e-07
3.485633612854144303e-07
1.706488887975865509e-07
2.017620317928958684e-06
5.761749122257242561e-08
2.161854268933893763e-07
3.418319010961567983e-06
6.727286745444871485e-07
1.049275368814051035e-07
5.165771312931610737e-07
4.160360163041332271e-07
1.956607036390778376e-07
0.000000000000000000e+00
0.000000000000000000e+00
1.609545030589742964e-08
1.280941773984523024e-06
4.382490370602454277e-09
0.000000000000000000e+00
0.000000000000000000e+00
7.598004891917753412e-09
4.768619277228935971e-08
5.845206541010838919e-09
2.647253722898312844e-06
1.573333108240149159e-08
0.000000000000000000e+00
0.000000000000000000e+00
1.145608607977521842e-10
0.000000000000000000e+00
0.000000000000000000e+00
2.213779382032043941e-09
0.000000000000000000e+00
0.000000000000000000e+00
0.000000000000000000e+00
4.605013543823588407e-07
3.788156277551024687e-08
0.000000000000000000e+00
0.000000000000000000e+00
0.000000000000000000e+00
3.035436485498976822e-12
0.000000000000000000e+00
0.000000000000000000e+00
3.716219110216911758e-09
0.000000000000000000e+00
0.000000000000000000e+00
7.629780141016340167e-10
1.961408457873403677e-08
0.000000000000000000e+00
7.811536306689959019e-09
2.175321700548238368e-09
0.000000000000000000e+00
0.000000000000000000e+00
0.000000000000000000e+00
4.900822432318818755e-07
0.000000000000000000e+00
0.000000000000000000e+00
0.000000000000000000e+00
0.000000000000000000e+00
0.000000000000000000e+00
0.000000000000000000e+00
0.000000000000000000e+00
0.000000000000000000e+00
6.455195489252218977e-07
0.000000000000000000e+00
0.000000000000000000e+00
1.265362215008281055e-07
0.000000000000000000e+00
0.000000000000000000e+00
0.000000000000000000e+00
7.445580596510126270e-09
2.018516020996230509e-08
0.000000000000000000e+00
0.000000000000000000e+00
0.000000000000000000e+00
0.000000000000000000e+00
0.000000000000000000e+00
0.000000000000000000e+00
0.000000000000000000e+00
5.630626187524967463e-09
0.000000000000000000e+00
0.000000000000000000e+00
0.000000000000000000e+00
0.000000000000000000e+00
1.831956808473478304e-09
0.000000000000000000e+00
1.801551796631883917e-08
0.000000000000000000e+00
0.000000000000000000e+00
0.000000000000000000e+00
0.000000000000000000e+00
0.000000000000000000e+00
0.000000000000000000e+00
0.000000000000000000e+00
0.000000000000000000e+00
0.000000000000000000e+00
0.000000000000000000e+00
0.000000000000000000e+00
0.000000000000000000e+00
0.000000000000000000e+00
0.000000000000000000e+00
0.000000000000000000e+00
0.000000000000000000e+00
0.000000000000000000e+00
7.795281931066710968e-07
5.989557294583391922e-09
3.975690106017282233e-07
2.165192427128204145e-06
3.658707470322042354e-08
0.000000000000000000e+00
2.154724398906182614e-07
1.112844529416179284e-06
2.082056305141577468e-09
4.507440735324053094e-06
2.353079366912425030e-07
1.795544712912544583e-09
3.484507615780785272e-08
9.416510948767609079e-08
3.161872896839668101e-08
0.000000000000000000e+00
2.324863771718810312e-06
7.977777549683651159e-09
7.064508622534049209e-08
3.783897639664246526e-08
3.038671181343488570e-08
4.755633824515825836e-07
1.215917336594429798e-06
1.469567337153421249e-06
2.255246878135608313e-09
3.522651468301774003e-07
2.825706335585209672e-10
8.653462941765610594e-07
1.991763198816443037e-09
2.002501560127711855e-07
8.009145062715106178e-07
0.000000000000000000e+00
2.998065724568732549e-07
2.307071099494351074e-06
7.150565140001674536e-10
0.000000000000000000e+00
1.112600997998924868e-07
1.456620779549666622e-08
2.469382742731340841e-08
2.044570512893528758e-09
8.857794853156519821e-08
0.000000000000000000e+00
0.000000000000000000e+00
5.842041517212237522e-09
0.000000000000000000e+00
0.000000000000000000e+00
7.266397261673773755e-08
0.000000000000000000e+00
1.160717317816306604e-07
4.525527508292270795e-09
3.387386371400680218e-09
0.000000000000000000e+00
0.000000000000000000e+00
0.000000000000000000e+00
0.000000000000000000e+00
0.000000000000000000e+00
0.000000000000000000e+00
0.000000000000000000e+00
0.000000000000000000e+00
0.000000000000000000e+00
0.000000000000000000e+00
0.000000000000000000e+00
0.000000000000000000e+00
0.000000000000000000e+00
0.000000000000000000e+00
7.990333870111498982e-07
0.000000000000000000e+00
0.000000000000000000e+00
0.000000000000000000e+00
0.000000000000000000e+00
0.000000000000000000e+00
0.000000000000000000e+00
0.000000000000000000e+00
0.000000000000000000e+00
0.000000000000000000e+00
0.000000000000000000e+00
0.000000000000000000e+00
0.000000000000000000e+00
0.000000000000000000e+00
6.466216291300952435e-07
0.000000000000000000e+00
0.000000000000000000e+00
2.188990499973897386e-08
0.000000000000000000e+00
0.000000000000000000e+00
0.000000000000000000e+00
0.000000000000000000e+00
0.000000000000000000e+00
0.000000000000000000e+00
0.000000000000000000e+00
0.000000000000000000e+00
0.000000000000000000e+00
0.000000000000000000e+00
0.000000000000000000e+00
0.000000000000000000e+00
0.000000000000000000e+00
0.000000000000000000e+00
0.000000000000000000e+00
0.000000000000000000e+00
0.000000000000000000e+00
0.000000000000000000e+00
0.000000000000000000e+00
5.052071205824404387e-09
8.214486868496351235e-09
4.888078386500183115e-09
1.195633103634463623e-07
0.000000000000000000e+00
6.078075376336755653e-09
0.000000000000000000e+00
0.000000000000000000e+00
6.338163327512802425e-10
0.000000000000000000e+00
2.452696605814708164e-07
3.180398095992131857e-07
4.657476626590550950e-09
0.000000000000000000e+00
0.000000000000000000e+00
0.000000000000000000e+00
0.000000000000000000e+00
0.000000000000000000e+00
2.513140628934706911e-08
0.000000000000000000e+00
0.000000000000000000e+00
0.000000000000000000e+00
2.503917351237561206e-10
0.000000000000000000e+00
5.446992190627497621e-09
1.836915689001905605e-11
2.526709286243544739e-09
6.586151179988064541e-09
0.000000000000000000e+00
3.710820761781974397e-09
3.657183444971678909e-09
8.255301509052515030e-07
1.343068767312161071e-08
1.561550178053039417e-08
0.000000000000000000e+00
0.000000000000000000e+00
0.000000000000000000e+00
0.000000000000000000e+00
0.000000000000000000e+00
0.000000000000000000e+00
1.437921337554826096e-09
0.000000000000000000e+00
1.273531182732767775e-07
1.764021040351337888e-09
0.000000000000000000e+00
0.000000000000000000e+00
0.000000000000000000e+00
0.000000000000000000e+00
8.873957124677644970e-10
0.000000000000000000e+00
0.000000000000000000e+00
0.000000000000000000e+00
8.550026819875711226e-08
6.326872892259416403e-08
3.967280726158151083e-09
9.312920212778408313e-09
0.000000000000000000e+00
5.912339702263125218e-07
6.277078412608716462e-09
0.000000000000000000e+00
5.303880357132584322e-07
7.468787366349260992e-09
8.167494343069847673e-07
8.125105637191154528e-07
0.000000000000000000e+00
0.000000000000000000e+00
7.452540806696106301e-09
1.116661039191058080e-07
9.606605289036451722e-08
4.532062121143098921e-06
4.166370672464836389e-06
4.974887701791885775e-07
4.945156888425117359e-07
2.428653722574836138e-09
8.646328986117168824e-09
2.507794363282300765e-07
1.594080686118104495e-06
9.495203130427398719e-07
2.114275190479020239e-07
6.465443180836416559e-10
1.218871261698950548e-06
9.972615089282044210e-07
4.988176272036071168e-08
6.919626116541621741e-08
2.052054469459108077e-06
0.000000000000000000e+00
1.672630389748519519e-07
1.070002051371810037e-12
0.000000000000000000e+00
0.000000000000000000e+00
1.017431756622499961e-07
7.367130905322483159e-09
1.027991580748732758e-10
0.000000000000000000e+00
0.000000000000000000e+00
0.000000000000000000e+00
0.000000000000000000e+00
0.000000000000000000e+00
0.000000000000000000e+00
0.000000000000000000e+00
0.000000000000000000e+00
0.000000000000000000e+00
4.546622562884294894e-07
7.586316996821551584e-08
0.000000000000000000e+00
0.000000000000000000e+00
1.625762564572141855e-07
0.000000000000000000e+00
0.000000000000000000e+00
0.000000000000000000e+00
0.000000000000000000e+00
0.000000000000000000e+00
0.000000000000000000e+00
0.000000000000000000e+00
0.000000000000000000e+00
0.000000000000000000e+00
0.000000000000000000e+00
2.800365273003535549e-09
0.000000000000000000e+00
0.000000000000000000e+00
0.000000000000000000e+00
0.000000000000000000e+00
0.000000000000000000e+00
0.000000000000000000e+00
0.000000000000000000e+00
6.161167220852803439e-07
0.000000000000000000e+00
3.904046153024864907e-08
0.000000000000000000e+00
3.635720613459625383e-10
0.000000000000000000e+00
0.000000000000000000e+00
0.000000000000000000e+00
0.000000000000000000e+00
0.000000000000000000e+00
0.000000000000000000e+00
0.000000000000000000e+00
0.000000000000000000e+00
0.000000000000000000e+00
0.000000000000000000e+00
5.287709541335061658e-07
0.000000000000000000e+00
0.000000000000000000e+00
1.032925752042501699e-06
4.933090735903533641e-07
0.000000000000000000e+00
0.000000000000000000e+00
0.000000000000000000e+00
1.246307057556350628e-08
0.000000000000000000e+00
3.400403514319805254e-08
2.562870271560768742e-08
0.000000000000000000e+00
0.000000000000000000e+00
0.000000000000000000e+00
0.000000000000000000e+00
0.000000000000000000e+00
0.000000000000000000e+00
0.000000000000000000e+00
0.000000000000000000e+00
0.000000000000000000e+00
0.000000000000000000e+00
3.024178596433557686e-08
0.000000000000000000e+00
0.000000000000000000e+00
0.000000000000000000e+00
7.889509845426800894e-08
3.008511439972494372e-09
2.005399579729782999e-07
2.955062861076385161e-08
1.165233669553344953e-07
1.976399266467865345e-09
1.237644823959271889e-06
3.817928302396467188e-07
4.343594071087863995e-07
0.000000000000000000e+00
1.761060730132157914e-06
0.000000000000000000e+00
3.884319426106230821e-07
7.016748782007198315e-07
3.295630506272573257e-07
7.676655400246090721e-07
1.310079937866248656e-07
6.601296149710833561e-07
7.987669619069492910e-07
4.077519406564533710e-07
1.378255287676211083e-08
1.511523208819198771e-07
6.514733740914380178e-06
4.901397621104308655e-10
1.124369131133562405e-08
1.109894256501320342e-07
5.614573339585149370e-08
1.453366394343902357e-06
3.533679091560770757e-07
2.776903613721515285e-07
0.000000000000000000e+00
1.835696394891783712e-07
0.000000000000000000e+00
1.813965809560613707e-06
1.746841604699511663e-07
0.000000000000000000e+00
0.000000000000000000e+00
1.303556018683593720e-07
1.100641036644312010e-10
1.441950985281437170e-06
0.000000000000000000e+00
2.935888232968864031e-06
6.912571848260995466e-09
6.148967202079802519e-08
0.000000000000000000e+00
0.000000000000000000e+00
1.043408381917743100e-08
0.000000000000000000e+00
0.000000000000000000e+00
0.000000000000000000e+00
3.077162702425084717e-08
0.000000000000000000e+00
0.000000000000000000e+00
7.966646649038011674e-07
0.000000000000000000e+00
1.347368744353261150e-10
0.000000000000000000e+00
8.291555886330570502e-09
0.000000000000000000e+00
3.644616830555946763e-09
0.000000000000000000e+00
5.930208502036293794e-08
2.937165177741007938e-08
3.526157343003433198e-06
0.000000000000000000e+00
1.852490105758164418e-10
4.547021870138223676e-09
9.303210979361153932e-11
0.000000000000000000e+00
0.000000000000000000e+00
6.490961546035123320e-09
0.000000000000000000e+00
0.000000000000000000e+00
2.672567234185407870e-06
2.078298990682014846e-07
0.000000000000000000e+00
0.000000000000000000e+00
8.504486714855374885e-08
3.375052301635150798e-06
6.855572109998320229e-09
4.391156096517079277e-07
7.362731224702656618e-08
1.760533052674873034e-07
3.980947127502076910e-08
1.603923237780691124e-06
1.939961293828673661e-07
1.067856146619305946e-06
0.000000000000000000e+00
4.646644871718168257e-15
2.507359120329510915e-08
0.000000000000000000e+00
1.360550214712930028e-07
6.519811912575335100e-10
0.000000000000000000e+00
7.254679967871879853e-09
3.387793157116902876e-08
1.260983566453433014e-07
8.726619427079640445e-08
9.133211165135435294e-07
3.830947719052346656e-07
5.236262040853034705e-06
1.627323054087526089e-09
0.000000000000000000e+00
4.154191515226557385e-07
1.671125602342726779e-07
5.621093805530108511e-06
1.662325033180422906e-08
1.193835430512990570e-07
1.469280164201336447e-06
5.831781280107861676e-09
2.162405081662654993e-07
1.139241305736504728e-07
8.831314013413305020e-10
0.000000000000000000e+00
1.134676139713519660e-07
5.313525548444886226e-07
7.396800469905429054e-07
3.417661292859364153e-11
5.617922793632601497e-10
8.905367110401130049e-09
1.375776150780438911e-07
0.000000000000000000e+00
7.218348230253468500e-08
1.958168382998337620e-07
1.386441113027103711e-06
8.643473492497832922e-09
0.000000000000000000e+00
1.487198364458208744e-08
0.000000000000000000e+00
0.000000000000000000e+00
0.000000000000000000e+00
0.000000000000000000e+00
9.592519489842743496e-08
0.000000000000000000e+00
2.320661662835732386e-09
0.000000000000000000e+00
0.000000000000000000e+00
9.067666724149603397e-07
8.986862920501437202e-10
1.731783214609095012e-07
3.372105039645134639e-09
1.357140289037772618e-09
1.627000401072109526e-08
1.118138811762037221e-06
3.675168727568234317e-06
1.909877944683557871e-08
2.897299644644135697e-08
0.000000000000000000e+00
5.897187627112998598e-09
0.000000000000000000e+00
1.616282787608724902e-07
2.702430990098037000e-08
0.000000000000000000e+00
0.000000000000000000e+00
3.622254274304737010e-09
0.000000000000000000e+00
0.000000000000000000e+00
5.294201965710954028e-09
0.000000000000000000e+00
0.000000000000000000e+00
0.000000000000000000e+00
0.000000000000000000e+00
4.093397176774260515e-09
0.000000000000000000e+00
9.587827420887151675e-09
0.000000000000000000e+00
0.000000000000000000e+00
0.000000000000000000e+00
0.000000000000000000e+00
1.930466231314653669e-09
5.710887762688798830e-09
0.000000000000000000e+00
6.289755938304608662e-10
9.169937698061403353e-08
5.522782657862990163e-07
4.211329667214158690e-07
0.000000000000000000e+00
9.477560958259800827e-09
8.117013408082129899e-07
0.000000000000000000e+00
0.000000000000000000e+00
7.684554361730988603e-07
1.157889784053622861e-09
0.000000000000000000e+00
3.167698139350250131e-07
5.891278647141007241e-07
0.000000000000000000e+00
1.357616270070138853e-06
0.000000000000000000e+00
0.000000000000000000e+00
4.408170184433402028e-08
4.130239631194854155e-06
1.928221138314256677e-08
5.719695383987755122e-09
4.264177846380334813e-07
5.543626002690871246e-07
2.556577385348646203e-07
3.382990110267769523e-09
3.636513383753481321e-07
5.244177003760341904e-08
3.332484865836704557e-08
0.000000000000000000e+00
0.000000000000000000e+00
2.084460959395073587e-07
1.399580753513873788e-07
4.153421429009540589e-08
4.343072532719816081e-07
3.400701664713068340e-10
2.200744546598798479e-07
1.168751168734161183e-06
0.000000000000000000e+00
2.161548877666064072e-07
7.837670956689635204e-09
0.000000000000000000e+00
0.000000000000000000e+00
1.448805242443285124e-10
7.419922809503987082e-08
4.697723543500842425e-09
0.000000000000000000e+00
0.000000000000000000e+00
7.187025374832956004e-08
0.000000000000000000e+00
0.000000000000000000e+00
1.182657261011854644e-08
2.757521542662288994e-06
0.000000000000000000e+00
2.349796375256119063e-07
6.772255574105656706e-07
3.014170602000376675e-08
0.000000000000000000e+00
0.000000000000000000e+00
0.000000000000000000e+00
1.243129048589253216e-07
5.778301448433609266e-12
0.000000000000000000e+00
0.000000000000000000e+00
0.000000000000000000e+00
0.000000000000000000e+00
0.000000000000000000e+00
0.000000000000000000e+00
0.000000000000000000e+00
0.000000000000000000e+00
0.000000000000000000e+00
0.000000000000000000e+00
7.382350286633254655e-09
0.000000000000000000e+00
0.000000000000000000e+00
2.137715682692942210e-06
3.224349454100661205e-09
0.000000000000000000e+00
0.000000000000000000e+00
0.000000000000000000e+00
0.000000000000000000e+00
0.000000000000000000e+00
0.000000000000000000e+00
0.000000000000000000e+00
6.061405821711218778e-10
4.570060441189127687e-10
0.000000000000000000e+00
0.000000000000000000e+00
0.000000000000000000e+00
3.663477854409791235e-10
0.000000000000000000e+00
0.000000000000000000e+00
0.000000000000000000e+00
7.197983181717049206e-11
0.000000000000000000e+00
0.000000000000000000e+00
0.000000000000000000e+00
0.000000000000000000e+00
0.000000000000000000e+00
0.000000000000000000e+00
0.000000000000000000e+00
0.000000000000000000e+00
0.000000000000000000e+00
0.000000000000000000e+00
0.000000000000000000e+00
1.137703762310593447e-07
1.702288017213504645e-07
1.019183031303327880e-07
0.000000000000000000e+00
5.226359345300579662e-09
0.000000000000000000e+00
1.083849676675185947e-09
4.638591690309112892e-06
0.000000000000000000e+00
4.704340028638398508e-08
0.000000000000000000e+00
0.000000000000000000e+00
0.000000000000000000e+00
0.000000000000000000e+00
6.682104469746263931e-08
4.869494141246377694e-09
5.624692711592160776e-09
0.000000000000000000e+00
0.000000000000000000e+00
5.244379236435392500e-11
0.000000000000000000e+00
0.000000000000000000e+00
0.000000000000000000e+00
0.000000000000000000e+00
6.425278531452249808e-09
7.754619169020315894e-09
8.923993211062963837e-10
0.000000000000000000e+00
1.270321092761150794e-07
5.701430723092926200e-07
1.245253713477723068e-07
3.100508365605492145e-07
1.298527536164328922e-06
0.000000000000000000e+00
9.351137641999685002e-09
9.754627399161108769e-07
0.000000000000000000e+00
2.459558743339584908e-07
1.333070684950143914e-07
1.789531580698167090e-07
3.278438498455216177e-07
0.000000000000000000e+00
3.616591186528239632e-07
1.270109084572368374e-08
0.000000000000000000e+00
4.362503602806100389e-08
1.864186600641914993e-07
3.629575644481519703e-07
1.757303991212211258e-08
6.413154007844923399e-09
5.037103889549143787e-08
2.415946331879581521e-10
0.000000000000000000e+00
2.187717882407014258e-06
0.000000000000000000e+00
9.790730359782173764e-08
6.222675708045244392e-09
2.104239421596432180e-10
6.556302722948714745e-11
0.000000000000000000e+00
0.000000000000000000e+00
0.000000000000000000e+00
0.000000000000000000e+00
0.000000000000000000e+00
0.000000000000000000e+00
0.000000000000000000e+00
6.570460868715599645e-07
0.000000000000000000e+00
0.000000000000000000e+00
0.000000000000000000e+00
0.000000000000000000e+00
1.158555584801490568e-09
1.418126860386337285e-08
0.000000000000000000e+00
0.000000000000000000e+00
1.386551984339234878e-09
0.000000000000000000e+00
7.303664233404560946e-07
0.000000000000000000e+00
0.000000000000000000e+00
4.578868839644201216e-08
0.000000000000000000e+00
0.000000000000000000e+00
0.000000000000000000e+00
2.708463284761819523e-07
0.000000000000000000e+00
0.000000000000000000e+00
2.763851369991243700e-09
1.152016704253355783e-09
0.000000000000000000e+00
0.000000000000000000e+00
6.207472036390271342e-12
0.000000000000000000e+00
4.409045573083858471e-08
9.300626047092919180e-09
0.000000000000000000e+00
0.000000000000000000e+00
0.000000000000000000e+00
0.000000000000000000e+00
0.000000000000000000e+00
2.288250477988640341e-09
0.000000000000000000e+00
0.000000000000000000e+00
0.000000000000000000e+00
0.000000000000000000e+00
9.237595410827026399e-11
0.000000000000000000e+00
0.000000000000000000e+00
0.000000000000000000e+00
0.000000000000000000e+00
2.963617475870705675e-07
1.702025326233425062e-11
1.122561904542962452e-10
4.044284906967732240e-09
0.000000000000000000e+00
7.496956833108470164e-09
6.580840476999583188e-07
6.597764112825643679e-09
1.906945499285939150e-07
6.022946053008126910e-08
5.011357870898791589e-07
8.887241733646078501e-07
9.678552181924260367e-09
7.779265231988574669e-09
2.472915622275806413e-11
9.745283477968769148e-07
3.603570553067925175e-09
1.376319289647653932e-07
2.125273290687346162e-09
3.329975015731179155e-07
3.981276393005828140e-07
2.653800947882700711e-07
3.739387466339394450e-09
1.186838431976866559e-07
1.633769244335780968e-07
1.426611362376206671e-07
5.347241085473797284e-07
3.624786586442496628e-07
2.672813934623263776e-07
0.000000000000000000e+00
1.106556464947061613e-05
6.467172908308782553e-10
0.000000000000000000e+00
0.000000000000000000e+00
1.218716647599649150e-07
3.179766508765169419e-06
6.014111164631685824e-08
0.000000000000000000e+00
0.000000000000000000e+00
2.344766869555314770e-07
2.153183231712318957e-07
1.212287514817944611e-07
0.000000000000000000e+00
2.130683242285158485e-06
0.000000000000000000e+00
0.000000000000000000e+00
0.000000000000000000e+00
3.098440670701307909e-10
1.731648935354712648e-09
0.000000000000000000e+00
3.380296931254633819e-09
0.000000000000000000e+00
0.000000000000000000e+00
0.000000000000000000e+00
6.684125253286765656e-09
0.000000000000000000e+00
0.000000000000000000e+00
0.000000000000000000e+00
0.000000000000000000e+00
0.000000000000000000e+00
0.000000000000000000e+00
0.000000000000000000e+00
0.000000000000000000e+00
0.000000000000000000e+00
2.202571351972437697e-07
0.000000000000000000e+00
0.000000000000000000e+00
0.000000000000000000e+00
0.000000000000000000e+00
0.000000000000000000e+00
0.000000000000000000e+00
0.000000000000000000e+00
0.000000000000000000e+00
0.000000000000000000e+00
0.000000000000000000e+00
1.060549537079680249e-09
0.000000000000000000e+00
0.000000000000000000e+00
0.000000000000000000e+00
4.386522700627892846e-09
0.000000000000000000e+00
0.000000000000000000e+00
0.000000000000000000e+00
0.000000000000000000e+00
0.000000000000000000e+00
0.000000000000000000e+00
0.000000000000000000e+00
0.000000000000000000e+00
0.000000000000000000e+00
0.000000000000000000e+00
0.000000000000000000e+00
0.000000000000000000e+00
0.000000000000000000e+00
0.000000000000000000e+00
0.000000000000000000e+00
0.000000000000000000e+00
5.614889175831194734e-08
0.000000000000000000e+00
0.000000000000000000e+00
0.000000000000000000e+00
0.000000000000000000e+00
0.000000000000000000e+00
0.000000000000000000e+00
0.000000000000000000e+00
1.478017153111466087e-09
0.000000000000000000e+00
0.000000000000000000e+00
0.000000000000000000e+00
0.000000000000000000e+00
3.773182460919954906e-11
0.000000000000000000e+00
6.877095302115776576e-07
1.432367335851836287e-09
0.000000000000000000e+00
8.296130449281235997e-10
0.000000000000000000e+00
0.000000000000000000e+00
0.000000000000000000e+00
0.000000000000000000e+00
0.000000000000000000e+00
0.000000000000000000e+00
0.000000000000000000e+00
0.000000000000000000e+00
4.142695075870506116e-08
8.940114071265270468e-07
3.133895276619114156e-08
0.000000000000000000e+00
0.000000000000000000e+00
0.000000000000000000e+00
0.000000000000000000e+00
0.000000000000000000e+00
0.000000000000000000e+00
0.000000000000000000e+00
0.000000000000000000e+00
4.662703001478973874e-10
0.000000000000000000e+00
0.000000000000000000e+00
2.097774842724220434e-09
0.000000000000000000e+00
2.613315785993108875e-08
0.000000000000000000e+00
0.000000000000000000e+00
0.000000000000000000e+00
0.000000000000000000e+00
0.000000000000000000e+00
2.185340008509228937e-06
5.289494620086543364e-09
7.996310280589113972e-09
0.000000000000000000e+00
0.000000000000000000e+00
1.352671530341353900e-09
1.052673948009896776e-08
2.009879350624299565e-13
1.987463171815306850e-08
0.000000000000000000e+00
1.828544782256358303e-08
7.306555716013463098e-08
1.504424851361818583e-08
8.583197086409199983e-08
0.000000000000000000e+00
1.417084490640263539e-06
0.000000000000000000e+00
0.000000000000000000e+00
2.654860997708397008e-09
0.000000000000000000e+00
2.176150957211575587e-07
0.000000000000000000e+00
1.383627790119135170e-07
2.828525680342863780e-07
1.593407148448022781e-07
0.000000000000000000e+00
1.008026302429243515e-07
6.318584837572416291e-07
4.479659025946602924e-07
2.991450864797684517e-09
2.495486342013464309e-07
9.620041510061128065e-07
1.879375304270070046e-07
0.000000000000000000e+00
8.044717780819610198e-09
2.101471352489170386e-07
1.191833973734901519e-07
1.150522521697894263e-07
1.038613728354675914e-08
2.621161243610004021e-08
0.000000000000000000e+00
0.000000000000000000e+00
3.999634827778209001e-07
0.000000000000000000e+00
2.303138790793468615e-09
3.116731265434546927e-12
3.131773285147687602e-09
1.455471920763784510e-08
1.443049131921725348e-05
0.000000000000000000e+00
1.761928842825000174e-07
0.000000000000000000e+00
0.000000000000000000e+00
4.872748604611842893e-08
0.000000000000000000e+00
0.000000000000000000e+00
5.857283991161921222e-09
0.000000000000000000e+00
0.000000000000000000e+00
2.793941575873759575e-06
0.000000000000000000e+00
0.000000000000000000e+00
6.179425326990894973e-08
1.077806786042856402e-07
1.224506718244811054e-08
0.000000000000000000e+00
0.000000000000000000e+00
0.000000000000000000e+00
0.000000000000000000e+00
0.000000000000000000e+00
0.000000000000000000e+00
2.731096628849627450e-07
0.000000000000000000e+00
0.000000000000000000e+00
0.000000000000000000e+00
0.000000000000000000e+00
0.000000000000000000e+00
0.000000000000000000e+00
0.000000000000000000e+00
2.093664797087058105e-09
4.241649946834513685e-07
2.083321675172555842e-07
1.131089999439893745e-09
5.751552976107632276e-07
0.000000000000000000e+00
0.000000000000000000e+00
0.000000000000000000e+00
0.000000000000000000e+00
0.000000000000000000e+00
0.000000000000000000e+00
0.000000000000000000e+00
5.718294240897314751e-11
0.000000000000000000e+00
8.597153211553631991e-09
0.000000000000000000e+00
0.000000000000000000e+00
0.000000000000000000e+00
0.000000000000000000e+00
0.000000000000000000e+00
8.952089937397378350e-12
0.000000000000000000e+00
7.563472417815297888e-12
7.581257399635887850e-09
0.000000000000000000e+00
3.676170479138818337e-07
0.000000000000000000e+00
0.000000000000000000e+00
0.000000000000000000e+00
0.000000000000000000e+00
0.000000000000000000e+00
3.875313268508762121e-06
0.000000000000000000e+00
0.000000000000000000e+00
9.679167689569112554e-09
0.000000000000000000e+00
0.000000000000000000e+00
2.551639965986396419e-08
5.092398964734456968e-07
7.017247583007701905e-08
6.084416526164204697e-09
4.130497277543554446e-09
2.175971758333616890e-08
3.171249218780758383e-08
1.466986532250302844e-09
0.000000000000000000e+00
1.722186482311371947e-07
0.000000000000000000e+00
0.000000000000000000e+00
8.434673191004549153e-07
0.000000000000000000e+00
0.000000000000000000e+00
3.521857934174477123e-07
9.973071257718402194e-08
0.000000000000000000e+00
0.000000000000000000e+00
5.695051754628366325e-07
7.778648125622567022e-08
1.524939174935013853e-09
4.442253853653710394e-08
2.459548795741284266e-06
2.553996637288946658e-06
9.095943616366231055e-12
2.345950065318902489e-07
1.640517721668288686e-10
8.200538859082229237e-11
3.604511827903777998e-11
3.822662506536289584e-07
2.598044602564186789e-06
1.041229097609175369e-06
2.919460712291765958e-06
1.148410012918876788e-11
0.000000000000000000e+00
0.000000000000000000e+00
3.052968509109632578e-07
8.409198670733530889e-09
0.000000000000000000e+00
2.019613454251611984e-08
1.257298265500139678e-07
4.059285174662363715e-07
9.340609535835042720e-11
1.694961149212304008e-08
0.000000000000000000e+00
0.000000000000000000e+00
0.000000000000000000e+00
0.000000000000000000e+00
0.000000000000000000e+00
5.364877875280171793e-09
0.000000000000000000e+00
4.006650655696830654e-08
0.000000000000000000e+00
3.130955121832812438e-07
0.000000000000000000e+00
0.000000000000000000e+00
3.598755737854730796e-09
2.459075609806404827e-09
0.000000000000000000e+00
1.114217815234574971e-10
4.159650488638755306e-12
0.000000000000000000e+00
2.178664137986174865e-09
1.112155928240099456e-06
0.000000000000000000e+00
0.000000000000000000e+00
0.000000000000000000e+00
0.000000000000000000e+00
0.000000000000000000e+00
0.000000000000000000e+00
1.798174253053730354e-06
6.575521460661093442e-09
0.000000000000000000e+00
0.000000000000000000e+00
0.000000000000000000e+00
0.000000000000000000e+00
0.000000000000000000e+00
0.000000000000000000e+00
0.000000000000000000e+00
0.000000000000000000e+00
0.000000000000000000e+00
0.000000000000000000e+00
0.000000000000000000e+00
0.000000000000000000e+00
0.000000000000000000e+00
0.000000000000000000e+00
0.000000000000000000e+00
0.000000000000000000e+00
0.000000000000000000e+00
0.000000000000000000e+00
0.000000000000000000e+00
0.000000000000000000e+00
0.000000000000000000e+00
0.000000000000000000e+00
0.000000000000000000e+00
0.000000000000000000e+00
0.000000000000000000e+00
0.000000000000000000e+00
0.000000000000000000e+00
0.000000000000000000e+00
6.097369720237111324e-08
4.107879902903732727e-08
0.000000000000000000e+00
0.000000000000000000e+00
0.000000000000000000e+00
0.000000000000000000e+00
0.000000000000000000e+00
5.457914085127413273e-06
0.000000000000000000e+00
2.369469731533513368e-09
0.000000000000000000e+00
0.000000000000000000e+00
0.000000000000000000e+00
1.141209704513812540e-08
0.000000000000000000e+00
0.000000000000000000e+00
1.366718960227331081e-09
0.000000000000000000e+00
0.000000000000000000e+00
5.294839411362772807e-08
0.000000000000000000e+00
0.000000000000000000e+00
3.246913571341991656e-10
3.310425000790928607e-08
6.992118528614810202e-07
1.131866042669571470e-06
6.280382325307698466e-10
0.000000000000000000e+00
1.671978888673208985e-09
1.323469001057731020e-09
3.634136191976722330e-07
1.259371487094540498e-07
0.000000000000000000e+00
5.930713200541504193e-07
4.701607849710853770e-07
1.247589466402132530e-06
1.291875229014749493e-08
4.015830086245841812e-07
7.368613523794920184e-07
1.446776241209590808e-05
8.336569408129435033e-07
1.686402413270116085e-07
4.655777956941165030e-06
0.000000000000000000e+00
5.380069653670993546e-12
1.445284283363434952e-07
2.265534817524894606e-07
1.105019464375800453e-06
0.000000000000000000e+00
1.479614155641684192e-07
1.260880679865294951e-07
2.058229000567735056e-07
2.389080293596634874e-07
4.381381302209774731e-08
7.044511085574356457e-10
3.801489956156700600e-10
0.000000000000000000e+00
0.000000000000000000e+00
3.325463922010385431e-07
1.369263742390103289e-07
4.285108161639072932e-07
3.916833065886748955e-06
1.440737094071664615e-07
8.809857945379917510e-07
0.000000000000000000e+00
0.000000000000000000e+00
1.741622668305353727e-07
5.044392423769750167e-07
0.000000000000000000e+00
0.000000000000000000e+00
0.000000000000000000e+00
0.000000000000000000e+00
0.000000000000000000e+00
0.000000000000000000e+00
4.980755079486698378e-07
0.000000000000000000e+00
0.000000000000000000e+00
0.000000000000000000e+00
3.878215526498252075e-09
1.406883029630989768e-06
0.000000000000000000e+00
0.000000000000000000e+00
0.000000000000000000e+00
7.860252893010510888e-09
0.000000000000000000e+00
0.000000000000000000e+00
9.069198725342175749e-09
3.405090209795957890e-09
0.000000000000000000e+00
0.000000000000000000e+00
0.000000000000000000e+00
1.579021713382644521e-08
1.326367238263514992e-09
0.000000000000000000e+00
0.000000000000000000e+00
7.695153847464553110e-09
0.000000000000000000e+00
0.000000000000000000e+00
9.281318824605477857e-09
0.000000000000000000e+00
0.000000000000000000e+00
0.000000000000000000e+00
8.820322818792192265e-07
0.000000000000000000e+00
0.000000000000000000e+00
0.000000000000000000e+00
6.761569526503308225e-09
6.607469682506916797e-09
0.000000000000000000e+00
2.851372027379284191e-09
5.793495683192873003e-10
7.566624660171328287e-09
5.604751862620105385e-08
2.640344689552875934e-07
5.109587752905042635e-10
2.965767215146186686e-11
5.956326276645995677e-07
5.938970426555556514e-10
5.681379775523964781e-07
7.069079970278835390e-07
1.308017431256303098e-06
9.597365391300627380e-08
4.833315969676732493e-08
2.224781958659605152e-08
0.000000000000000000e+00
1.306525092559240875e-07
0.000000000000000000e+00
0.000000000000000000e+00
7.852577823541651014e-07
2.030508596817526268e-07
2.780403285385091294e-08
7.700699597990023904e-07
1.117988404075731523e-06
1.329703125385606199e-09
1.596208392129483400e-07
0.000000000000000000e+00
0.000000000000000000e+00
1.439100572042661952e-07
2.553074409661348909e-07
5.003763021704799030e-07
1.736995269840946321e-10
0.000000000000000000e+00
5.623244447860997752e-08
1.073798259199065797e-07
6.172967692563702258e-10
1.382734353683190420e-07
1.293141394853591919e-06
1.766702098393579945e-06
1.724692566540397820e-07
0.000000000000000000e+00
2.000316271733026952e-06
1.916951397618049668e-08
9.453487770372248633e-09
0.000000000000000000e+00
0.000000000000000000e+00
4.421097855811240152e-06
2.151226397018035641e-08
0.000000000000000000e+00
2.408586663449341359e-10
0.000000000000000000e+00
0.000000000000000000e+00
0.000000000000000000e+00
0.000000000000000000e+00
0.000000000000000000e+00
0.000000000000000000e+00
0.000000000000000000e+00
0.000000000000000000e+00
0.000000000000000000e+00
0.000000000000000000e+00
1.778561511400766904e-07
0.000000000000000000e+00
8.073740564995546265e-10
3.467259830358671024e-07
0.000000000000000000e+00
0.000000000000000000e+00
0.000000000000000000e+00
0.000000000000000000e+00
0.000000000000000000e+00
1.305562307152285939e-07
0.000000000000000000e+00
0.000000000000000000e+00
0.000000000000000000e+00
0.000000000000000000e+00
0.000000000000000000e+00
0.000000000000000000e+00
0.000000000000000000e+00
0.000000000000000000e+00
1.922072812021724530e-07
0.000000000000000000e+00
7.066653040510573192e-08
0.000000000000000000e+00
0.000000000000000000e+00
0.000000000000000000e+00
0.000000000000000000e+00
0.000000000000000000e+00
0.000000000000000000e+00
0.000000000000000000e+00
7.820944780689842446e-09
0.000000000000000000e+00
0.000000000000000000e+00
0.000000000000000000e+00
0.000000000000000000e+00
7.586725914165981521e-09
2.532348220007918371e-10
0.000000000000000000e+00
0.000000000000000000e+00
2.298142362633370794e-06
8.318251865091497166e-09
2.763785573733912315e-07
2.768868796465540072e-07
3.332975779812841211e-07
0.000000000000000000e+00
0.000000000000000000e+00
0.000000000000000000e+00
2.077556009172365492e-12
1.346398215140709453e-09
6.915162202858482487e-07
0.000000000000000000e+00
0.000000000000000000e+00
3.684162095396459335e-07
7.477909957920303441e-10
0.000000000000000000e+00
0.000000000000000000e+00
7.144926428281905828e-09
0.000000000000000000e+00
8.714897137274135730e-10
0.000000000000000000e+00
1.106296032560294407e-08
1.588392137819027994e-06
0.000000000000000000e+00
8.508717286304090521e-08
7.873818930193010601e-09
3.551785141553409630e-07
1.223509229930641595e-06
3.037459395116570704e-09
9.381609089587072958e-08
8.904281401100888615e-08
0.000000000000000000e+00
9.885048335434021283e-10
0.000000000000000000e+00
0.000000000000000000e+00
5.300039447320159525e-07
0.000000000000000000e+00
4.835174038930745155e-08
3.198397657833140784e-10
3.867835385307216711e-09
1.543923738855923489e-10
1.153724316083071244e-08
2.350805487771889801e-11
5.730928231972853837e-11
2.414701860686818691e-08
7.768043133182800375e-07
0.000000000000000000e+00
2.883442640211342223e-08
0.000000000000000000e+00
6.536410523949598428e-07
0.000000000000000000e+00
0.000000000000000000e+00
0.000000000000000000e+00
2.657399578165353660e-10
5.507772016244416591e-09
0.000000000000000000e+00
1.360336341349466238e-07
0.000000000000000000e+00
5.077970399725018069e-08
0.000000000000000000e+00
0.000000000000000000e+00
0.000000000000000000e+00
1.653279127822315786e-06
0.000000000000000000e+00
0.000000000000000000e+00
0.000000000000000000e+00
0.000000000000000000e+00
0.000000000000000000e+00
0.000000000000000000e+00
4.464345781940437519e-09
0.000000000000000000e+00
0.000000000000000000e+00
0.000000000000000000e+00
0.000000000000000000e+00
0.000000000000000000e+00
0.000000000000000000e+00
0.000000000000000000e+00
0.000000000000000000e+00
2.985692617585300468e-07
0.000000000000000000e+00
0.000000000000000000e+00
0.000000000000000000e+00
0.000000000000000000e+00
0.000000000000000000e+00
0.000000000000000000e+00
6.433657606663700790e-09
4.278011001002113289e-10
0.000000000000000000e+00
5.361415755800180705e-09
5.928626922724333781e-09
0.000000000000000000e+00
0.000000000000000000e+00
0.000000000000000000e+00
1.555411358822311740e-06
0.000000000000000000e+00
0.000000000000000000e+00
0.000000000000000000e+00
0.000000000000000000e+00
0.000000000000000000e+00
0.000000000000000000e+00
0.000000000000000000e+00
0.000000000000000000e+00
0.000000000000000000e+00
0.000000000000000000e+00
1.710082813133340096e-07
0.000000000000000000e+00
3.695258214975183364e-07
2.803870700063271215e-07
0.000000000000000000e+00
0.000000000000000000e+00
0.000000000000000000e+00
0.000000000000000000e+00
0.000000000000000000e+00
0.000000000000000000e+00
3.748839958461758215e-07
6.718824465679062996e-07
5.719034561479929835e-07
2.413533593426109292e-06
8.821128858471638523e-07
3.758328261938004289e-07
8.209688076021848246e-07
5.886901135454536416e-07
1.360852365905884653e-06
0.000000000000000000e+00
1.387783754580595996e-06
0.000000000000000000e+00
1.638614399723792303e-08
3.655825935311440844e-07
1.740889956636237912e-06
7.143785296648275107e-08
8.928525119245023234e-08
4.114783536124377861e-08
1.001905687303406012e-07
5.193841161599266343e-07
0.000000000000000000e+00
7.945208579940299387e-08
0.000000000000000000e+00
0.000000000000000000e+00
0.000000000000000000e+00
3.453675105902220821e-07
0.000000000000000000e+00
2.157863748797339554e-10
0.000000000000000000e+00
0.000000000000000000e+00
0.000000000000000000e+00
0.000000000000000000e+00
0.000000000000000000e+00
2.281387745384222399e-09
0.000000000000000000e+00
0.000000000000000000e+00
0.000000000000000000e+00
0.000000000000000000e+00
1.802671079076390015e-07
3.663725465230527334e-07
0.000000000000000000e+00
0.000000000000000000e+00
0.000000000000000000e+00
0.000000000000000000e+00
3.124599956549900526e-08
0.000000000000000000e+00
2.420541456160663074e-08
0.000000000000000000e+00
0.000000000000000000e+00
0.000000000000000000e+00
0.000000000000000000e+00
2.238857632619328797e-06
0.000000000000000000e+00
0.000000000000000000e+00
5.577556976277264766e-07
0.000000000000000000e+00
0.000000000000000000e+00
0.000000000000000000e+00
0.000000000000000000e+00
0.000000000000000000e+00
0.000000000000000000e+00
0.000000000000000000e+00
1.436812799814057851e-12
2.362931716959337791e-08
1.299099317009222432e-08
2.679906401681364514e-06
1.030667728940670713e-08
2.570084802755445708e-07
8.182082922303379746e-08
1.061411921909893863e-06
3.305558038846356794e-06
3.615398824763360608e-08
6.648811989862224436e-08
0.000000000000000000e+00
3.807683697232278064e-07
6.626152071476099081e-08
1.980898332476499490e-06
6.265517527026531752e-07
8.266010240731702652e-07
1.368073156982063665e-07
2.211478857816473464e-07
0.000000000000000000e+00
1.548478280710696708e-06
0.000000000000000000e+00
1.747450717459742009e-08
2.241446424022797146e-07
8.784541449813332292e-08
1.015521107206041052e-07
2.657004642969695851e-07
1.526496191672777059e-07
5.754558163317824437e-09
1.879227369272484793e-07
1.040439343569232733e-07
2.623466173190536210e-07
0.000000000000000000e+00
0.000000000000000000e+00
0.000000000000000000e+00
4.798281679541105404e-06
6.349512204906204715e-07
2.825268552442139480e-08
9.596518566468148492e-07
4.645753961085574701e-06
0.000000000000000000e+00
3.211092405308590969e-07
3.564184680726611987e-08
0.000000000000000000e+00
7.282469294267457371e-09
2.378490115972908825e-08
3.147049199014873011e-08
9.216758485308673698e-07
1.112808718062296975e-06
5.216735416979645379e-07
1.464372303416894283e-07
3.918183608675462892e-07
1.280083239407758811e-07
1.115132342022207013e-08
8.257855483861931134e-07
3.382677693508640004e-09
3.266068304697000713e-08
2.353897743390120922e-09
4.813231043954147026e-06
0.000000000000000000e+00
2.968677108583506197e-07
0.000000000000000000e+00
8.910837623332668045e-10
4.519789542634100599e-10
4.987271950085414574e-06
4.108985649509122595e-06
6.505084115815407131e-07
0.000000000000000000e+00
3.389252185570512665e-07
7.498364595903694862e-09
0.000000000000000000e+00
4.175645926807192154e-07
0.000000000000000000e+00
0.000000000000000000e+00
0.000000000000000000e+00
8.574700061103612825e-09
1.054492713592480868e-06
1.056483597494661808e-06
5.188344402995426208e-06
0.000000000000000000e+00
2.596339072624687105e-07
6.525124190970288396e-11
6.819341820119007025e-07
2.420334340058616363e-06
9.453902976019890048e-07
2.560621270575325070e-09
0.000000000000000000e+00
4.249860197091948066e-08
3.555143379685432592e-08
8.209443541629113383e-12
1.405698384360221098e-07
0.000000000000000000e+00
3.135423298772366252e-07
3.532642949721775949e-06
0.000000000000000000e+00
3.653139231118984753e-07
1.464331376155314501e-06
6.444921041293127928e-07
7.340214835949154804e-08
5.109564771288432894e-09
1.544756742077879608e-06
5.312892312758776825e-07
2.210186806905767298e-07
0.000000000000000000e+00
1.541480855848931242e-06
3.892794779858377296e-07
8.195747227546235081e-07
1.838164735090686008e-06
9.063282391252869274e-07
8.233381265654315939e-08
2.835484347318839582e-10
1.875560329267500492e-08
3.067379594767771778e-08
0.000000000000000000e+00
0.000000000000000000e+00
3.603151128572790185e-07
3.637947827428433811e-07
2.755133209575433284e-06
2.150879652162984712e-07
2.010160038423691731e-08
0.000000000000000000e+00
0.000000000000000000e+00
1.386039912176784128e-05
4.497483985232975101e-08
3.754668398414651165e-07
0.000000000000000000e+00
1.780418159569308045e-07
4.053669844239493614e-09
2.001960153208415250e-09
0.000000000000000000e+00
0.000000000000000000e+00
0.000000000000000000e+00
1.100597391001656433e-09
2.477617726981407031e-06
4.080670468198377421e-09
0.000000000000000000e+00
2.515088359800188300e-09
5.421788955572992563e-07
2.600530457641525572e-09
0.000000000000000000e+00
1.489444234614722973e-09
1.357453015771170612e-06
4.238000506084915742e-10
1.031220790537190624e-06
2.352353511980709300e-08
0.000000000000000000e+00
6.208573495314340107e-07
4.087215899062357494e-08
1.271587219200953633e-12
3.023551131686730287e-10
0.000000000000000000e+00
0.000000000000000000e+00
0.000000000000000000e+00
0.000000000000000000e+00
0.000000000000000000e+00
0.000000000000000000e+00
6.561552967632167110e-10
0.000000000000000000e+00
0.000000000000000000e+00
0.000000000000000000e+00
0.000000000000000000e+00
2.429314749363697956e-09
0.000000000000000000e+00
0.000000000000000000e+00
1.108325964338519043e-08
4.127764441363979131e-06
1.374845851387362927e-06
0.000000000000000000e+00
0.000000000000000000e+00
2.409916532997158356e-08
0.000000000000000000e+00
0.000000000000000000e+00
1.466921961505718297e-12
0.000000000000000000e+00
0.000000000000000000e+00
0.000000000000000000e+00
0.000000000000000000e+00
1.372054043713433202e-07
1.210870692602838972e-08
0.000000000000000000e+00
0.000000000000000000e+00
5.432797323123850219e-09
9.033191616936164792e-08
6.957562526110905310e-09
2.450948111132333906e-09
7.694686843251474784e-08
4.902509544990607537e-07
1.361521650977692843e-08
6.136737784601109524e-10
1.634584236853697803e-06
3.284533249825472012e-06
5.606373747468751390e-07
1.806432408102409681e-07
7.041844329869206831e-10
3.807998916194321737e-10
9.054794247731479118e-09
1.243254654781367208e-08
4.833637490264663938e-07
4.846187948714941740e-07
1.301466268088802281e-09
3.123969971596807227e-09
4.614614912412662306e-09
1.406007186233182438e-06
4.833028697248664685e-07
5.392708771978504956e-06
1.090912178369762842e-06
1.196526113744766917e-07
0.000000000000000000e+00
4.076809290154415066e-08
0.000000000000000000e+00
7.743216201561153866e-07
3.893025901646751663e-10
2.634109250720939599e-07
2.065051347699409234e-07
0.000000000000000000e+00
1.272934757601262845e-09
0.000000000000000000e+00
8.990672739628280397e-08
7.747404801028423549e-11
0.000000000000000000e+00
3.255632918808260001e-07
8.231259229773968400e-09
0.000000000000000000e+00
0.000000000000000000e+00
0.000000000000000000e+00
0.000000000000000000e+00
4.523493246644250121e-10
8.637516479836904182e-09
3.900313004123745486e-06
1.806970395534790441e-08
1.151278681277290161e-07
1.686293330749322195e-06
9.685583108876016922e-07
2.726182657397657749e-08
1.479070533605408855e-06
8.488594176014885306e-06
3.495412670417863410e-07
0.000000000000000000e+00
5.505077069756225683e-07
1.289006661409075605e-07
6.541923198710719589e-07
6.287683618211303838e-08
1.379196756801093215e-10
1.211872842077355017e-07
9.916491308104014024e-07
0.000000000000000000e+00
6.524851769995620998e-09
0.000000000000000000e+00
2.627621897843823717e-09
6.937920016270027190e-09
9.104053333430783823e-07
5.052389173698657032e-09
0.000000000000000000e+00
0.000000000000000000e+00
0.000000000000000000e+00
1.571157639546072460e-07
0.000000000000000000e+00
8.830295428197132424e-08
2.916564426413970068e-06
0.000000000000000000e+00
2.005331678489596925e-09
0.000000000000000000e+00
0.000000000000000000e+00
0.000000000000000000e+00
0.000000000000000000e+00
0.000000000000000000e+00
0.000000000000000000e+00
0.000000000000000000e+00
4.627467831141984789e-07
1.525014710068717250e-07
3.914868500487500569e-07
0.000000000000000000e+00
0.000000000000000000e+00
0.000000000000000000e+00
0.000000000000000000e+00
6.902358684612863726e-09
1.835064655786311505e-09
0.000000000000000000e+00
2.216107852781590282e-11
1.080671196973526094e-07
0.000000000000000000e+00
0.000000000000000000e+00
0.000000000000000000e+00
2.119218862617344712e-07
1.560492152163917012e-10
1.062662624562449309e-09
1.064170085385285347e-09
2.668524956561668660e-08
1.954522872438246850e-07
0.000000000000000000e+00
9.650076293610254652e-08
2.500283002859760018e-08
5.384993073676014319e-07
2.613545120766502805e-06
3.067678377988158900e-08
0.000000000000000000e+00
5.747164877334398625e-08
0.000000000000000000e+00
2.397848319901640934e-08
6.699910386487317737e-07
9.062632670975290239e-07
5.640429279196723655e-08
9.670492318036849611e-08
0.000000000000000000e+00
5.904788880073397195e-10
0.000000000000000000e+00
8.468085070489905775e-06
1.053465426004152050e-09
1.582564323143742513e-06
0.000000000000000000e+00
0.000000000000000000e+00
3.659064518046761805e-08
4.382735063757081662e-09
0.000000000000000000e+00
2.955800493253946115e-09
5.448440276722976705e-08
2.371587441984956968e-07
4.355914795528548211e-10
8.061556422411797485e-10
6.749145242679333023e-09
0.000000000000000000e+00
0.000000000000000000e+00
2.410101451744139922e-09
0.000000000000000000e+00
0.000000000000000000e+00
8.674452089962869650e-08
0.000000000000000000e+00
0.000000000000000000e+00
0.000000000000000000e+00
0.000000000000000000e+00
0.000000000000000000e+00
1.457650853353698039e-07
0.000000000000000000e+00
1.726130278711934807e-07
1.392130941774150088e-11
5.318878137927640637e-08
2.370506457793908339e-08
5.524327661987626925e-10
2.278239263908687917e-10
1.348823364111240153e-08
9.976351122986670816e-08
3.359585676321330538e-08
4.297979501188819995e-07
2.134412611931590931e-11
1.440443043065897655e-06
2.842708965999918291e-07
4.120354333281284198e-06
3.021863790308998432e-07
3.120399469480616972e-06
1.767415369613445364e-07
1.236259521419924567e-07
3.025064998496418411e-08
2.841595460267853923e-06
1.693572016847610939e-06
0.000000000000000000e+00
8.455734246126667131e-07
1.147635799725321704e-07
6.859344239273923449e-07
7.171705007635864604e-09
1.441385251155224978e-07
3.683177496327516565e-08
0.000000000000000000e+00
3.435590978373426196e-10
0.000000000000000000e+00
8.157105924055940704e-08
1.059802679642674050e-11
9.519064703145119211e-11
1.840484209481019207e-08
0.000000000000000000e+00
0.000000000000000000e+00
7.101418120214475493e-09
5.763203247965975606e-09
1.698187590548627668e-09
2.588381176060750022e-10
2.270441186403779343e-13
0.000000000000000000e+00
0.000000000000000000e+00
0.000000000000000000e+00
0.000000000000000000e+00
0.000000000000000000e+00
0.000000000000000000e+00
3.528993275381253625e-08
0.000000000000000000e+00
0.000000000000000000e+00
1.310466899440143607e-07
9.015272035839405618e-12
0.000000000000000000e+00
1.675757175689795986e-06
4.718558876959377812e-09
0.000000000000000000e+00
1.528984405751998565e-08
0.000000000000000000e+00
1.861836018690610217e-09
0.000000000000000000e+00
9.708200465752270247e-09
0.000000000000000000e+00
1.818270334297267254e-08
0.000000000000000000e+00
9.121163380143570976e-09
1.161588514264622063e-08
6.950319431098250789e-09
9.676297452188009629e-08
2.891330836973793339e-07
8.504777992968115541e-10
6.984680567256873474e-08
9.290705982323288481e-09
0.000000000000000000e+00
2.876364305848255754e-06
4.152344388330675429e-07
0.000000000000000000e+00
2.423785474547912600e-07
9.887519247797627031e-09
2.047418092843145132e-07
3.378005999365996104e-07
4.173442391675052932e-07
2.009012955994649019e-09
4.236453889916447224e-07
0.000000000000000000e+00
2.841140940290642902e-07
2.445317726085249888e-09
6.712971067912576473e-09
1.304800434365205319e-10
0.000000000000000000e+00
6.511867933767234717e-09
0.000000000000000000e+00
0.000000000000000000e+00
0.000000000000000000e+00
5.401901717050350271e-07
2.161913759124445278e-09
0.000000000000000000e+00
0.000000000000000000e+00
1.771459210431203246e-07
0.000000000000000000e+00
0.000000000000000000e+00
2.182624569968538708e-07
0.000000000000000000e+00
2.168248691702956421e-09
0.000000000000000000e+00
0.000000000000000000e+00
0.000000000000000000e+00
3.562663764000717492e-08
1.619084089021782802e-09
4.912346529550859486e-09
0.000000000000000000e+00
0.000000000000000000e+00
7.754049846653288114e-09
0.000000000000000000e+00
8.224646421695069876e-07
0.000000000000000000e+00
7.629865073077723991e-10
4.160282060183817521e-06
8.847046012450121566e-11
0.000000000000000000e+00
0.000000000000000000e+00
1.025682871969024745e-09
4.882151642959797755e-07
0.000000000000000000e+00
0.000000000000000000e+00
0.000000000000000000e+00
0.000000000000000000e+00
0.000000000000000000e+00
1.698974433361755132e-10
8.839866616483504913e-10
7.289175061881824486e-15
3.104853973923127342e-08
7.217651727842167020e-06
1.353274436954876592e-10
3.788949953786868718e-08
5.727055274462600210e-09
1.290906197937147226e-06
1.189694557979237288e-06
1.323761011917667929e-07
1.236160414919140749e-06
9.050267379961951519e-08
3.970758388760486923e-09
2.242872554347741243e-08
2.012003541551621311e-08
1.835800685512367636e-05
0.000000000000000000e+00
2.267182850346216583e-07
1.651778944733450771e-07
1.992317200105730990e-09
6.023608420946402475e-07
5.504240951914596280e-10
4.596879765728090206e-09
8.540172302673454396e-08
0.000000000000000000e+00
7.626799458648747532e-08
1.372663760434988944e-08
8.608357915385056458e-10
6.034917987562948838e-07
1.425927287357353634e-08
0.000000000000000000e+00
0.000000000000000000e+00
3.247562219144128903e-09
0.000000000000000000e+00
1.702470386888421672e-09
0.000000000000000000e+00
0.000000000000000000e+00
0.000000000000000000e+00
0.000000000000000000e+00
0.000000000000000000e+00
4.025083821801445083e-09
6.293921005033620286e-13
6.530716939456837622e-12
5.960216764577808135e-10
0.000000000000000000e+00
5.603034702872378148e-10
0.000000000000000000e+00
1.345042051070777234e-07
3.702381036418955773e-06
8.072772672562678054e-09
0.000000000000000000e+00
0.000000000000000000e+00
2.792878603941062465e-07
4.652477958444478645e-09
6.400069363365901154e-10
0.000000000000000000e+00
5.392881519128422951e-08
4.033990919083407789e-09
0.000000000000000000e+00
0.000000000000000000e+00
0.000000000000000000e+00
0.000000000000000000e+00
0.000000000000000000e+00
1.122504954764735885e-06
3.453135605013812892e-06
1.535274805064545944e-07
1.267779907720978372e-07
3.657834213299793191e-07
4.697890858551545534e-07
3.844249363282870036e-09
1.468898744860780425e-06
1.529604560346342623e-06
6.295088041952112690e-07
2.484367911392837414e-08
0.000000000000000000e+00
4.960019808070148528e-12
1.590676201868035378e-10
2.896595788115519099e-06
8.008425519956396954e-12
4.246318408007709877e-09
2.632369842103798874e-07
7.926963689897092991e-07
1.364256974056843319e-07
2.912538832333666505e-08
0.000000000000000000e+00
6.271373975685889945e-10
8.201223522519285325e-07
0.000000000000000000e+00
6.813424824336777874e-11
2.407277008842356736e-07
2.009601596242305277e-09
3.148281191300839055e-09
0.000000000000000000e+00
5.462581498250074219e-08
5.533452168693386852e-12
3.297299144833232276e-07
0.000000000000000000e+00
0.000000000000000000e+00
4.148586896235428867e-08
0.000000000000000000e+00
7.520172857766738161e-07
5.328304197860234126e-08
9.824575499806087464e-07
0.000000000000000000e+00
0.000000000000000000e+00
2.894095587180345319e-06
2.076992586808046326e-06
2.627258481879835017e-07
6.447252065555630907e-09
3.553061489469655498e-08
1.775668501124982868e-10
1.783180323400301859e-07
3.143894673485192470e-07
4.692348731794027117e-09
3.998452200448809890e-07
6.268847982937586494e-07
1.265387595594802406e-06
6.011739106526192700e-09
1.000162974662544002e-08
4.463113896235881839e-07
2.698732828321226407e-07
0.000000000000000000e+00
1.936006355229835663e-10
8.136789801937993616e-07
5.453109075403972383e-09
1.253300297321402468e-06
4.014327481538515485e-10
2.234247453714033327e-08
1.942975814017700031e-06
3.156617367494618520e-08
9.712325521604725509e-08
6.469483651017071679e-07
6.101674898673081771e-08
0.000000000000000000e+00
3.885432420247525442e-07
1.153422424238215171e-08
0.000000000000000000e+00
0.000000000000000000e+00
2.465207593616014492e-08
0.000000000000000000e+00
0.000000000000000000e+00
1.371492253099404479e-08
0.000000000000000000e+00
2.298998014529929357e-12
0.000000000000000000e+00
0.000000000000000000e+00
0.000000000000000000e+00
0.000000000000000000e+00
0.000000000000000000e+00
0.000000000000000000e+00
9.979955528649497865e-09
0.000000000000000000e+00
0.000000000000000000e+00
8.573851628668194280e-10
8.456596312100828072e-09
1.306144858936875153e-09
2.107161208186880685e-06
7.204812857430908934e-10
0.000000000000000000e+00
7.249374448292655870e-06
0.000000000000000000e+00
3.987830510254752880e-09
0.000000000000000000e+00
0.000000000000000000e+00
4.272921927395145758e-08
5.014051751572878857e-08
1.544632893812902807e-10
0.000000000000000000e+00
0.000000000000000000e+00
3.829970562918560972e-09
0.000000000000000000e+00
4.236691886205790070e-09
8.957122821229290821e-10
5.616824694243405247e-08
3.049416497091783640e-09
0.000000000000000000e+00
2.599855264406869537e-08
0.000000000000000000e+00
0.000000000000000000e+00
7.445452254728479602e-09
9.181059823504256201e-08
2.855030434290029007e-09
6.513714456701791278e-09
7.565486903615692427e-09
1.168542453910959011e-07
3.787768037000205368e-06
6.979397504380813189e-09
5.229465926959164790e-08
1.336632360349199189e-09
0.000000000000000000e+00
1.279765616396533190e-11
0.000000000000000000e+00
5.377803979911277565e-09
9.338201323316752678e-10
1.273005238999758149e-07
1.130132432081154548e-06
2.112463562298216857e-06
1.560544546919118147e-06
1.900894730511026864e-08
0.000000000000000000e+00
1.191374199294159553e-08
1.120499959483822749e-08
7.613380859083918040e-08
9.602683803677791730e-08
8.485598002039296262e-09
4.691159016800838799e-09
0.000000000000000000e+00
0.000000000000000000e+00
0.000000000000000000e+00
0.000000000000000000e+00
4.920445162426290153e-10
1.714892659300526478e-12
8.852937298797769472e-07
2.759022436293889768e-06
0.000000000000000000e+00
1.203202315558371538e-09
0.000000000000000000e+00
0.000000000000000000e+00
0.000000000000000000e+00
1.712582161417230964e-06
0.000000000000000000e+00
0.000000000000000000e+00
0.000000000000000000e+00
0.000000000000000000e+00
0.000000000000000000e+00
0.000000000000000000e+00
2.606168170160572117e-09
2.199817661363567822e-09
9.959838287443290028e-09
5.557626026053696933e-10
0.000000000000000000e+00
1.863781903921335470e-06
5.533242486421841022e-08
0.000000000000000000e+00
0.000000000000000000e+00
0.000000000000000000e+00
0.000000000000000000e+00
0.000000000000000000e+00
2.709366064834739518e-09
0.000000000000000000e+00
0.000000000000000000e+00
0.000000000000000000e+00
0.000000000000000000e+00
0.000000000000000000e+00
0.000000000000000000e+00
0.000000000000000000e+00
0.000000000000000000e+00
0.000000000000000000e+00
6.976075894726818660e-08
0.000000000000000000e+00
5.381086793931899592e-07
9.270510054060210337e-11
1.402166649455693914e-08
3.997275010991785393e-10
5.321075491337978747e-07
2.470298454682051670e-07
1.421584361338545932e-08
2.570600621254470752e-08
5.564912530786614298e-09
0.000000000000000000e+00
0.000000000000000000e+00
7.580085892300303385e-09
2.336691835580495535e-07
1.993273599509848282e-07
1.280178807405718544e-08
1.414629053897442645e-07
0.000000000000000000e+00
3.098965706271883391e-08
0.000000000000000000e+00
0.000000000000000000e+00
0.000000000000000000e+00
3.829196959515002163e-09
1.037291440297849476e-06
1.714833941512949878e-09
0.000000000000000000e+00
0.000000000000000000e+00
5.073904958408093080e-07
1.109202614202331461e-07
0.000000000000000000e+00
0.000000000000000000e+00
0.000000000000000000e+00
1.641422997522568039e-08
9.771374465117332875e-08
1.050436715388514131e-08
0.000000000000000000e+00
0.000000000000000000e+00
0.000000000000000000e+00
0.000000000000000000e+00
0.000000000000000000e+00
0.000000000000000000e+00
0.000000000000000000e+00
1.277954742029407953e-09
0.000000000000000000e+00
6.148985209897261939e-10
0.000000000000000000e+00
0.000000000000000000e+00
1.706226839814917184e-06
0.000000000000000000e+00
0.000000000000000000e+00
2.528231846099515678e-08
7.068659546582978237e-10
8.035220133706388879e-08
0.000000000000000000e+00
0.000000000000000000e+00
2.611241001204689383e-09
0.000000000000000000e+00
0.000000000000000000e+00
0.000000000000000000e+00
5.503833608484776097e-13
0.000000000000000000e+00
9.815123824807869823e-09
0.000000000000000000e+00
0.000000000000000000e+00
2.416895350521031105e-09
0.000000000000000000e+00
4.200970682433080583e-09
1.194325022879638709e-06
2.258510356512033468e-08
2.077186245230677741e-08
1.783345879857733962e-07
1.654168499953811988e-07
2.551559816765802680e-07
1.033116632243036292e-06
5.453184712678194046e-07
3.207318854947516229e-08
1.546366377169761108e-07
2.462832753735710867e-06
6.046544154258981507e-09
8.770893455967154750e-10
2.293086076576855703e-08
0.000000000000000000e+00
9.717749890114646405e-06
1.085064127437362913e-07
3.029598261150567851e-08
2.318815404578344896e-06
8.588254019059604616e-08
0.000000000000000000e+00
1.386982823920910810e-14
2.612482603581156582e-07
9.665880540410398680e-09
5.986345197328546419e-09
0.000000000000000000e+00
1.226111545626906718e-09
3.562951178537332453e-08
1.313510864520139876e-07
7.715684802178657264e-08
0.000000000000000000e+00
1.718940545458735869e-09
1.475974276132774321e-08
4.094095285012144814e-09
0.000000000000000000e+00
0.000000000000000000e+00
0.000000000000000000e+00
0.000000000000000000e+00
0.000000000000000000e+00
8.901475667677516412e-10
1.227850621177140056e-08
0.000000000000000000e+00
0.000000000000000000e+00
0.000000000000000000e+00
0.000000000000000000e+00
2.520719633025692019e-09
0.000000000000000000e+00
0.000000000000000000e+00
0.000000000000000000e+00
0.000000000000000000e+00
1.033290608631887153e-08
0.000000000000000000e+00
0.000000000000000000e+00
0.000000000000000000e+00
0.000000000000000000e+00
0.000000000000000000e+00
0.000000000000000000e+00
0.000000000000000000e+00
0.000000000000000000e+00
4.000557218830635975e-09
0.000000000000000000e+00
1.530792714810047528e-09
0.000000000000000000e+00
5.021087989831585219e-09
1.350036638037011016e-09
0.000000000000000000e+00
2.192135188650023991e-11
2.060967972283833660e-06
0.000000000000000000e+00
1.119848658248656648e-08
0.000000000000000000e+00
1.910404101579388225e-08
0.000000000000000000e+00
0.000000000000000000e+00
0.000000000000000000e+00
0.000000000000000000e+00
2.403512631976578717e-11
4.520626646353775868e-07
6.245766570600608247e-08
5.513546508240096955e-09
1.544177507639687974e-06
0.000000000000000000e+00
2.071345761578413658e-09
0.000000000000000000e+00
2.043565316967033141e-08
2.117596551443057251e-07
2.537453156037372537e-06
9.203223072518085246e-09
1.213662471855059266e-06
2.638996363657497568e-07
7.346132036012420485e-10
5.003190608476870693e-07
5.818330350848555099e-07
1.207553054882737342e-06
0.000000000000000000e+00
0.000000000000000000e+00
0.000000000000000000e+00
0.000000000000000000e+00
0.000000000000000000e+00
0.000000000000000000e+00
0.000000000000000000e+00
0.000000000000000000e+00
0.000000000000000000e+00
0.000000000000000000e+00
0.000000000000000000e+00
2.028851326940639410e-07
0.000000000000000000e+00
0.000000000000000000e+00
9.626864994061179459e-08
3.815241900184673796e-09
0.000000000000000000e+00
2.227676816346502164e-07
0.000000000000000000e+00
1.320685644179420137e-10
3.901347440660174470e-07
0.000000000000000000e+00
1.405253442499088123e-07
2.674254417911470227e-08
6.659917630713607650e-07
6.058552770582537050e-08
4.703020408669544850e-07
4.392951723275473341e-06
1.869946197885496986e-09
9.669611777951558906e-09
7.645511779230673710e-09
4.156986221914849011e-07
0.000000000000000000e+00
3.207238705726922490e-07
7.254240957932367451e-11
1.062466253642924130e-06
7.682652736207273847e-09
9.588525529125035973e-08
0.000000000000000000e+00
0.000000000000000000e+00
3.008354099165444495e-07
1.962997764337615081e-08
1.750987337345577544e-07
8.041006367420777678e-06
1.809511429584631514e-10
0.000000000000000000e+00
0.000000000000000000e+00
8.061418199645231653e-11
4.764911523125192616e-07
0.000000000000000000e+00
5.413858250591374599e-09
0.000000000000000000e+00
3.975927711508120410e-07
0.000000000000000000e+00
0.000000000000000000e+00
0.000000000000000000e+00
0.000000000000000000e+00
0.000000000000000000e+00
0.000000000000000000e+00
0.000000000000000000e+00
0.000000000000000000e+00
0.000000000000000000e+00
3.465671838398520777e-08
3.022198491464678227e-09
4.658474939134293891e-09
5.107640532742152573e-09
2.023271772344514829e-09
1.351006306826718628e-09
0.000000000000000000e+00
2.336732194407886709e-07
0.000000000000000000e+00
0.000000000000000000e+00
0.000000000000000000e+00
0.000000000000000000e+00
7.508721644455818023e-09
0.000000000000000000e+00
0.000000000000000000e+00
0.000000000000000000e+00
0.000000000000000000e+00
0.000000000000000000e+00
2.939229970522205804e-09
0.000000000000000000e+00
0.000000000000000000e+00
1.351504920421575662e-06
0.000000000000000000e+00
7.739886953572749917e-09
3.161723549638395525e-09
1.328660959032390565e-09
1.667145532735503366e-08
2.825054912225510861e-10
9.234794902113208082e-07
3.623227939897333272e-06
1.911668462417637215e-10
3.400173227419145405e-07
3.959897185268346220e-06
4.934248121202244874e-09
4.915438278629835622e-09
3.703908078023232520e-07
8.460633971196784842e-09
1.521449576102895662e-06
1.096062263172825624e-08
1.292175966227659956e-07
3.080098451846424723e-07
0.000000000000000000e+00
5.801198312838096172e-07
9.025514557947644789e-09
0.000000000000000000e+00
3.105722790053278004e-09
0.000000000000000000e+00
3.152310910081723705e-06
0.000000000000000000e+00
2.553991862441762350e-06
0.000000000000000000e+00
0.000000000000000000e+00
0.000000000000000000e+00
0.000000000000000000e+00
0.000000000000000000e+00
0.000000000000000000e+00
0.000000000000000000e+00
0.000000000000000000e+00
6.707776378789276350e-07
0.000000000000000000e+00
0.000000000000000000e+00
0.000000000000000000e+00
0.000000000000000000e+00
2.649164230206224602e-07
0.000000000000000000e+00
0.000000000000000000e+00
0.000000000000000000e+00
4.251038632219206193e-09
1.280284038784884615e-07
0.000000000000000000e+00
0.000000000000000000e+00
0.000000000000000000e+00
0.000000000000000000e+00
0.000000000000000000e+00
1.068709654106214657e-08
0.000000000000000000e+00
6.558026122149840376e-09
2.542421606577249804e-09
2.873307494155596942e-07
3.051610519833047874e-08
0.000000000000000000e+00
0.000000000000000000e+00
5.601832953061602893e-08
7.811758351294884051e-09
0.000000000000000000e+00
0.000000000000000000e+00
1.457959794559648969e-11
6.073812564011404902e-09
2.337435356380979101e-09
5.030431626806830536e-09
4.612560289274370007e-08
9.429567349172884860e-09
2.420903797428763937e-07
1.584597271175880451e-07
1.767406132557880483e-07
1.799025461934888881e-08
1.571881824702359154e-07
9.066256012602025294e-08
0.000000000000000000e+00
0.000000000000000000e+00
1.406721628072205021e-09
0.000000000000000000e+00
6.159020244922430720e-07
9.625969141779933125e-07
0.000000000000000000e+00
5.461819885255181362e-09
6.615394795517204329e-06
7.375348332061548717e-09
0.000000000000000000e+00
0.000000000000000000e+00
6.007470574331819080e-07
9.201069239850312442e-09
2.313280162979935994e-07
0.000000000000000000e+00
0.000000000000000000e+00
0.000000000000000000e+00
0.000000000000000000e+00
0.000000000000000000e+00
0.000000000000000000e+00
0.000000000000000000e+00
1.645551334084061068e-10
0.000000000000000000e+00
6.863893897701700553e-09
2.432404104524277244e-11
0.000000000000000000e+00
5.505279787598738039e-09
4.191039515433203633e-09
4.014091142812148405e-11
0.000000000000000000e+00
5.046680850995244327e-10
0.000000000000000000e+00
8.237030613145179814e-09
0.000000000000000000e+00
3.028051767661743554e-11
8.090931480353447114e-09
2.103076894854893908e-07
7.036646265667911848e-11
3.040667273523922631e-09
1.416197648040906643e-08
4.017782107013090354e-09
5.762807564479999201e-09
0.000000000000000000e+00
1.641496716331403150e-08
1.595100718176922783e-10
5.600126584681675013e-08
1.013961448137479238e-08
0.000000000000000000e+00
4.570190696995268809e-07
9.348273266596152098e-09
1.766123205015901476e-06
5.554171012001063445e-10
1.524487897031079342e-10
8.122827743761718011e-09
3.249506497216003709e-10
2.460402714898890508e-10
2.945027404166467022e-07
7.384988975900341757e-07
0.000000000000000000e+00
4.188339971733512357e-06
0.000000000000000000e+00
9.200166739553594653e-10
0.000000000000000000e+00
0.000000000000000000e+00
1.235617475003891741e-08
0.000000000000000000e+00
9.735381389930353180e-09
9.647059414419345558e-06
0.000000000000000000e+00
1.143372514889051672e-06
0.000000000000000000e+00
4.236011932334804442e-07
2.625380943754862528e-07
0.000000000000000000e+00
0.000000000000000000e+00
0.000000000000000000e+00
0.000000000000000000e+00
0.000000000000000000e+00
0.000000000000000000e+00
0.000000000000000000e+00
6.133291208243463188e-09
0.000000000000000000e+00
5.105033729080332705e-09
1.162782536923145926e-09
1.525182535822011687e-09
2.057462950011412772e-10
1.639042679357771704e-09
0.000000000000000000e+00
0.000000000000000000e+00
2.288150335871819152e-09
1.855619302659761161e-08
0.000000000000000000e+00
1.201568733399938083e-09
4.343670667594778934e-08
8.445362631448460888e-09
1.094679635826878439e-08
8.434752452046723192e-09
0.000000000000000000e+00
7.059381914586992934e-07
0.000000000000000000e+00
0.000000000000000000e+00
4.570392491132224677e-07
6.807522481919875412e-14
1.685919244209799217e-07
0.000000000000000000e+00
1.244346918838346028e-07
0.000000000000000000e+00
2.209012486820149945e-11
7.800566616256165986e-12
5.478152154125837114e-09
2.791011866065673530e-07
0.000000000000000000e+00
1.777297370608721394e-06
6.824321019394119503e-08
2.810329191582638941e-10
1.318581954734554529e-08
0.000000000000000000e+00
1.790161441306281631e-08
1.763448276292933770e-09
2.670936964932479896e-06
2.146593658380879788e-08
6.904314631128727342e-08
4.664476023208408151e-07
0.000000000000000000e+00
0.000000000000000000e+00
6.352185550895228516e-07
2.864742887354054801e-09
0.000000000000000000e+00
0.000000000000000000e+00
0.000000000000000000e+00
0.000000000000000000e+00
0.000000000000000000e+00
0.000000000000000000e+00
0.000000000000000000e+00
0.000000000000000000e+00
0.000000000000000000e+00
0.000000000000000000e+00
0.000000000000000000e+00
0.000000000000000000e+00
1.175234021211224444e-09
4.111685658614305794e-09
0.000000000000000000e+00
0.000000000000000000e+00
5.580692158391187263e-12
6.963013987615340739e-08
3.846640367344278388e-11
1.906744317992092874e-09
0.000000000000000000e+00
0.000000000000000000e+00
0.000000000000000000e+00
0.000000000000000000e+00
0.000000000000000000e+00
0.000000000000000000e+00
0.000000000000000000e+00
0.000000000000000000e+00
3.118344027441821709e-09
0.000000000000000000e+00
0.000000000000000000e+00
0.000000000000000000e+00
0.000000000000000000e+00
8.736038559220560273e-10
0.000000000000000000e+00
2.989539780173799954e-07
9.887286302190378962e-13
2.529268172679621784e-08
4.247268350354715949e-07
1.690668796072714031e-06
2.667485610174935573e-08
0.000000000000000000e+00
2.878527416427800745e-09
0.000000000000000000e+00
3.251393820846715244e-07
7.642133823537733406e-07
5.842710430054021131e-12
1.447796194042894058e-07
0.000000000000000000e+00
1.480451428115259205e-09
0.000000000000000000e+00
0.000000000000000000e+00
0.000000000000000000e+00
4.665731356823243914e-09
0.000000000000000000e+00
3.186188905601738952e-06
0.000000000000000000e+00
1.218858569629333033e-09
0.000000000000000000e+00
0.000000000000000000e+00
0.000000000000000000e+00
0.000000000000000000e+00
0.000000000000000000e+00
0.000000000000000000e+00
0.000000000000000000e+00
0.000000000000000000e+00
0.000000000000000000e+00
0.000000000000000000e+00
0.000000000000000000e+00
0.000000000000000000e+00
0.000000000000000000e+00
4.071860075782751665e-06
0.000000000000000000e+00
0.000000000000000000e+00
6.461228441168032077e-09
0.000000000000000000e+00
0.000000000000000000e+00
0.000000000000000000e+00
0.000000000000000000e+00
0.000000000000000000e+00
0.000000000000000000e+00
0.000000000000000000e+00
0.000000000000000000e+00
0.000000000000000000e+00
3.538623394305773218e-09
1.890586247554892907e-07
0.000000000000000000e+00
0.000000000000000000e+00
0.000000000000000000e+00
0.000000000000000000e+00
0.000000000000000000e+00
0.000000000000000000e+00
2.484470629227075733e-09
4.797925612365361303e-08
0.000000000000000000e+00
0.000000000000000000e+00
0.000000000000000000e+00
6.413473307986805594e-09
0.000000000000000000e+00
4.383518259487573232e-08
1.307065673472607159e-07
6.917870720712926413e-09
3.295164807681771890e-09
7.027324500086251646e-08
7.583130567923035414e-09
0.000000000000000000e+00
8.837883314072314533e-09
9.326529770703473332e-09
5.704474048684460286e-08
1.347867484291498386e-09
1.011432502195930283e-07
3.588649155616963071e-09
5.874251751691872414e-09
3.215011702195624821e-06
0.000000000000000000e+00
5.799897451197466580e-08
0.000000000000000000e+00
3.555432783741707681e-07
3.565492079360410571e-08
1.799171229777130065e-07
1.432045166893658461e-07
1.130721766218201196e-10
0.000000000000000000e+00
0.000000000000000000e+00
0.000000000000000000e+00
0.000000000000000000e+00
0.000000000000000000e+00
4.066496028798383122e-09
5.952590242941369070e-08
0.000000000000000000e+00
0.000000000000000000e+00
6.688790410436240563e-09
0.000000000000000000e+00
0.000000000000000000e+00
2.689588829429823136e-10
0.000000000000000000e+00
3.094482226018158144e-09
4.212076173959466985e-11
9.698417199541231604e-13
0.000000000000000000e+00
3.211180280016101563e-11
9.193805716734004818e-09
0.000000000000000000e+00
0.000000000000000000e+00
8.196165168783409172e-08
0.000000000000000000e+00
0.000000000000000000e+00
0.000000000000000000e+00
0.000000000000000000e+00
0.000000000000000000e+00
0.000000000000000000e+00
2.482635430567370349e-08
0.000000000000000000e+00
0.000000000000000000e+00
0.000000000000000000e+00
2.720033975833757722e-08
8.734941303600862739e-08
0.000000000000000000e+00
1.650012791287736036e-06
0.000000000000000000e+00
0.000000000000000000e+00
0.000000000000000000e+00
2.422134937063447069e-09
9.194039307658385951e-09
9.772103126692854858e-09
0.000000000000000000e+00
0.000000000000000000e+00
4.199700143203699554e-08
3.358967433086945675e-06
9.026003056078479858e-08
3.606657173804705963e-06
3.348077370901592076e-09
1.476228916885702347e-08
2.773599128147452575e-10
0.000000000000000000e+00
1.700806933513376862e-06
5.703114780430951214e-08
1.162649750779953806e-11
0.000000000000000000e+00
4.107526052621324197e-08
4.196321068405950427e-09
0.000000000000000000e+00
0.000000000000000000e+00
7.216477229121665005e-07
1.654575498832855374e-06
2.736881832277049398e-08
1.453656395256075484e-08
0.000000000000000000e+00
2.193422554697121996e-09
0.000000000000000000e+00
9.919046695117117451e-10
0.000000000000000000e+00
0.000000000000000000e+00
0.000000000000000000e+00
1.792682891021968317e-09
0.000000000000000000e+00
0.000000000000000000e+00
0.000000000000000000e+00
2.060135102510685101e-07
0.000000000000000000e+00
0.000000000000000000e+00
0.000000000000000000e+00
0.000000000000000000e+00
0.000000000000000000e+00
1.260396054192369775e-08
1.592537039740715699e-11
2.721500180768998689e-08
0.000000000000000000e+00
0.000000000000000000e+00
0.000000000000000000e+00
6.597408730435461166e-10
9.620761964868052019e-09
1.212911229231394827e-05
0.000000000000000000e+00
0.000000000000000000e+00
5.842062833494310325e-09
2.382692443347877997e-08
6.547191122585616085e-10
0.000000000000000000e+00
0.000000000000000000e+00
0.000000000000000000e+00
7.092146869780435736e-09
4.756287523832725128e-07
2.995461878541050282e-09
5.359759303047439971e-10
7.741127205918019172e-08
1.000015359409189841e-07
2.610554261650577246e-08
4.851784529691371972e-10
2.245168616354931146e-06
9.089236918669030274e-09
1.413145600537291102e-08
1.362487900280484610e-08
0.000000000000000000e+00
2.479152882983726158e-09
3.844556617504935048e-10
2.644286389852368302e-08
0.000000000000000000e+00
5.132166620569478255e-07
1.309998083343089093e-06
8.948676395448273979e-07
0.000000000000000000e+00
6.395268314918212127e-09
8.678865626166043512e-09
8.327889844395031105e-08
0.000000000000000000e+00
0.000000000000000000e+00
0.000000000000000000e+00
0.000000000000000000e+00
0.000000000000000000e+00
0.000000000000000000e+00
5.092421133667812683e-07
0.000000000000000000e+00
0.000000000000000000e+00
0.000000000000000000e+00
0.000000000000000000e+00
0.000000000000000000e+00
1.028778506828587069e-09
0.000000000000000000e+00
0.000000000000000000e+00
0.000000000000000000e+00
0.000000000000000000e+00
0.000000000000000000e+00
0.000000000000000000e+00
0.000000000000000000e+00
0.000000000000000000e+00
0.000000000000000000e+00
0.000000000000000000e+00
0.000000000000000000e+00
8.641267257303297811e-09
1.813308392328849550e-09
7.251974238897673786e-07
8.917160343457908311e-09
0.000000000000000000e+00
3.537204529280302268e-09
0.000000000000000000e+00
0.000000000000000000e+00
0.000000000000000000e+00
0.000000000000000000e+00
0.000000000000000000e+00
0.000000000000000000e+00
0.000000000000000000e+00
7.988872674502545124e-09
0.000000000000000000e+00
0.000000000000000000e+00
0.000000000000000000e+00
4.793860308716091367e-10
4.178398738119426525e-10
0.000000000000000000e+00
5.299297001215563796e-09
0.000000000000000000e+00
0.000000000000000000e+00
1.269009288762390497e-07
0.000000000000000000e+00
4.370863493363685848e-08
1.994557578655076213e-06
5.820879422913094459e-08
9.104807645599066745e-07
2.276794397459980246e-08
4.687440195993985981e-06
6.916313743943192094e-09
1.933575646262397640e-07
5.098505084788484965e-07
7.083494235615717116e-09
6.752126324727214524e-08
3.108665964646206703e-07
0.000000000000000000e+00
0.000000000000000000e+00
1.243548126694804523e-07
1.205017314230560910e-12
1.756947698439148553e-09
3.778477530858026512e-10
9.730358385695581092e-08
8.100504373942385428e-07
6.063941449668819317e-12
2.985149460954517053e-09
5.838263206214833190e-08
1.179915498639161342e-09
1.830243689937560703e-08
0.000000000000000000e+00
8.050407984683261020e-08
1.647273012439498530e-10
0.000000000000000000e+00
2.923613884320275247e-08
0.000000000000000000e+00
6.094243332199766883e-09
2.609302818257219769e-08
2.330227744096191600e-08
1.946011479958542623e-06
2.045887237400734193e-09
0.000000000000000000e+00
1.036441599211457287e-08
0.000000000000000000e+00
6.956543785463509266e-09
0.000000000000000000e+00
0.000000000000000000e+00
0.000000000000000000e+00
5.630827804026239392e-09
0.000000000000000000e+00
1.020313389332727638e-09
1.206649918872315652e-10
0.000000000000000000e+00
0.000000000000000000e+00
0.000000000000000000e+00
0.000000000000000000e+00
3.188305754520115443e-06
0.000000000000000000e+00
6.597191681834146948e-09
1.492042827067052713e-07
4.864916469671243249e-09
4.649414186985723063e-09
8.688529007372380875e-09
8.792813588343051379e-08
2.428764078743483878e-09
0.000000000000000000e+00
1.335200838781247512e-08
5.459992458156648354e-10
8.192982932087033987e-06
1.134795724055948085e-07
4.326035363266811373e-10
4.403202524816407504e-10
1.203072197419885470e-09
2.278314203962850115e-09
0.000000000000000000e+00
5.497702293411066421e-10
5.981865669468788838e-09
4.614768567279270428e-09
2.743803690918866778e-07
1.222358125829714481e-08
2.602793314210316566e-09
0.000000000000000000e+00
0.000000000000000000e+00
0.000000000000000000e+00
0.000000000000000000e+00
3.016018337853587639e-11
0.000000000000000000e+00
8.708941123813929153e-08
0.000000000000000000e+00
2.722646996744515491e-08
5.393674396003689253e-09
2.293539758113638527e-08
9.787849641895718378e-09
1.825379513320513070e-06
6.730943025168301119e-10
7.709751240203566169e-12
7.155167125461048272e-09
3.339832517212926177e-07
0.000000000000000000e+00
2.552133082645013928e-08
2.313297216005594237e-07
0.000000000000000000e+00
5.382254537888986334e-12
0.000000000000000000e+00
0.000000000000000000e+00
6.024598633302957751e-07
0.000000000000000000e+00
5.295579974529118772e-09
1.094733748097098669e-10
5.085898813206313207e-09
0.000000000000000000e+00
0.000000000000000000e+00
1.180953859147848561e-07
1.187926557122409577e-07
1.526064323797982070e-07
0.000000000000000000e+00
0.000000000000000000e+00
0.000000000000000000e+00
0.000000000000000000e+00
1.839935066527687013e-06
0.000000000000000000e+00
0.000000000000000000e+00
0.000000000000000000e+00
0.000000000000000000e+00
0.000000000000000000e+00
2.403413246199193054e-09
0.000000000000000000e+00
0.000000000000000000e+00
0.000000000000000000e+00
0.000000000000000000e+00
0.000000000000000000e+00
0.000000000000000000e+00
0.000000000000000000e+00
0.000000000000000000e+00
0.000000000000000000e+00
0.000000000000000000e+00
0.000000000000000000e+00
0.000000000000000000e+00
7.453464234696838275e-11
0.000000000000000000e+00
0.000000000000000000e+00
0.000000000000000000e+00
0.000000000000000000e+00
0.000000000000000000e+00
1.411869510192786947e-09
0.000000000000000000e+00
0.000000000000000000e+00
0.000000000000000000e+00
0.000000000000000000e+00
0.000000000000000000e+00
0.000000000000000000e+00
1.147949433288886212e-07
2.165889169403190095e-11
0.000000000000000000e+00
1.245019234374922235e-07
9.771725650864482304e-09
2.590423361925608958e-11
0.000000000000000000e+00
0.000000000000000000e+00
0.000000000000000000e+00
0.000000000000000000e+00
0.000000000000000000e+00
0.000000000000000000e+00
0.000000000000000000e+00
0.000000000000000000e+00
0.000000000000000000e+00
0.000000000000000000e+00
0.000000000000000000e+00
0.000000000000000000e+00
0.000000000000000000e+00
0.000000000000000000e+00
1.045526928922235754e-10
1.673000582513850532e-07
1.108298175456212675e-10
8.536877316167590379e-10
2.234306295534338460e-09
3.655700453464305610e-08
6.780027206332306378e-08
1.666773528086196166e-06
0.000000000000000000e+00
4.960307720125456399e-10
4.759465391246386901e-11
5.683399931233346081e-12
1.068367510015377775e-07
6.562171361856883323e-10
5.528598023829545127e-08
2.284941018615427311e-07
6.560098597674368648e-08
1.192852240594621804e-13
0.000000000000000000e+00
8.354412557309842668e-07
0.000000000000000000e+00
1.462192642520676600e-07
2.048035963042593721e-09
5.011446901903582329e-08
0.000000000000000000e+00
1.486970369057871721e-08
3.435877693469535643e-10
7.426003367783096110e-09
1.352600930565328596e-11
0.000000000000000000e+00
3.781993329621258226e-10
1.993347176210136240e-08
5.962315867691359017e-07
2.426090162099825420e-10
2.205350568829089752e-08
0.000000000000000000e+00
0.000000000000000000e+00
0.000000000000000000e+00
3.981285772169940174e-06
0.000000000000000000e+00
0.000000000000000000e+00
6.721092127293104568e-09
0.000000000000000000e+00
4.649529206091074229e-09
0.000000000000000000e+00
1.977160435373548353e-09
1.907041052850999563e-10
4.005648701621566943e-09
0.000000000000000000e+00
0.000000000000000000e+00
0.000000000000000000e+00
3.682917526504070338e-09
0.000000000000000000e+00
9.658624122721448657e-09
0.000000000000000000e+00
0.000000000000000000e+00
0.000000000000000000e+00
0.000000000000000000e+00
0.000000000000000000e+00
0.000000000000000000e+00
0.000000000000000000e+00
0.000000000000000000e+00
0.000000000000000000e+00
0.000000000000000000e+00
4.252991558928442828e-08
0.000000000000000000e+00
0.000000000000000000e+00
4.936513420261690044e-10
0.000000000000000000e+00
7.136421231734857429e-08
0.000000000000000000e+00
0.000000000000000000e+00
6.599583546318399385e-09
0.000000000000000000e+00
0.000000000000000000e+00
8.924990524405984615e-09
8.989103211787252690e-11
0.000000000000000000e+00
4.373483797337485157e-09
1.642418312464144492e-09
3.510820079100085422e-06
1.705207863800239920e-09
0.000000000000000000e+00
3.550207168245833600e-07
1.028657834467594512e-06
1.643176046617345065e-11
4.129118451601243578e-07
2.322030923096463084e-08
1.073155164732497724e-08
8.265462838608073071e-07
1.063695890479721129e-06
2.328130790374416392e-07
0.000000000000000000e+00
5.613357529909990262e-07
2.632760072174278321e-07
1.850857870522304438e-06
6.086295356588777850e-10
1.445188075877013034e-07
2.849798761417332571e-07
1.228722226187528577e-07
2.534826535338652320e-07
3.069461129712180991e-08
9.162963721109917969e-09
1.803451255000254605e-07
1.997093903582936036e-07
1.384221803846230614e-07
0.000000000000000000e+00
0.000000000000000000e+00
1.418116198692587204e-06
8.124717787438839878e-09
1.949923529309671721e-07
8.707029763854734483e-08
5.650406365020899102e-09
0.000000000000000000e+00
0.000000000000000000e+00
7.033110205334480725e-11
4.073436343787761871e-07
0.000000000000000000e+00
0.000000000000000000e+00
0.000000000000000000e+00
0.000000000000000000e+00
3.743771870290402148e-08
2.005745081135046348e-08
0.000000000000000000e+00
0.000000000000000000e+00
4.725897184698624187e-08
0.000000000000000000e+00
1.442868295953303459e-07
7.657299794239236235e-10
0.000000000000000000e+00
1.734511090312196302e-09
3.971544620950950844e-11
7.692254055946534663e-10
2.303533069587110349e-13
0.000000000000000000e+00
2.811266108793120111e-09
0.000000000000000000e+00
6.111616102089101332e-09
2.391836062543006847e-09
1.245383129955257573e-09
2.376037266633659493e-16
1.382228553836739593e-08
1.521166410611840547e-07
4.049909989589650650e-07
1.121137302106944844e-06
8.203138008866517339e-07
8.820751418170402758e-07
2.183517835874226876e-06
6.307625426416052505e-07
6.975575956857937854e-07
9.118234500782307350e-10
1.742528183967806399e-06
5.690377520295442082e-07
1.179993773803289514e-06
5.081995482214551885e-07
2.458264589222380891e-06
1.355271251668455079e-06
0.000000000000000000e+00
2.316030256466206083e-09
7.365662781921855640e-07
1.386834242111945059e-06
4.097059047580842162e-07
6.748903103037662277e-10
7.543359856754250359e-07
1.305797923123463988e-07
0.000000000000000000e+00
8.703285629962920211e-07
1.162732246484665666e-06
3.594395252548565622e-07
0.000000000000000000e+00
1.906037567778184894e-07
2.599972731331945397e-06
1.293791228818008676e-06
5.324231437953130808e-07
6.670734364888630807e-07
1.038931600305659231e-06
5.857145879417657852e-07
3.265585064582410268e-07
2.962392500194255263e-06
1.134897161136905197e-06
2.103892029481357895e-07
4.981682621973959613e-09
1.279934025433249190e-08
1.282325357010449807e-08
1.950888190549449064e-06
3.148860798773966962e-07
1.253320760952192359e-06
7.119249403331195936e-07
7.080527666403213516e-07
6.433485566503804876e-08
4.577704544317384716e-07
9.292888307754765265e-07
4.232063588460732717e-09
4.442995304998476058e-09
4.268913045279987273e-08
0.000000000000000000e+00
7.435093607455200981e-07
3.369740682046540314e-07
0.000000000000000000e+00
0.000000000000000000e+00
3.277658834122121334e-06
3.180876149144751253e-07
5.523432946574757807e-07
9.403923399986524601e-07
3.253508111811242998e-07
3.262919960889121285e-07
3.301637150343594840e-07
2.918103234605951002e-07
4.162283460118487710e-07
2.012838393739002640e-07
0.000000000000000000e+00
3.777898598400497576e-07
1.038550023757522922e-09
0.000000000000000000e+00
2.229543980547532556e-07
5.585676987607257615e-08
1.549504702325066319e-07
2.093056977736651447e-10
0.000000000000000000e+00
6.977794555496075191e-07
7.153346359700663015e-07
3.411094837701966753e-07
7.450668704223062377e-07
1.533973374989727745e-07
1.966327999980421737e-06
2.420659086510568159e-07
0.000000000000000000e+00
0.000000000000000000e+00
0.000000000000000000e+00
0.000000000000000000e+00
0.000000000000000000e+00
3.965557127116881020e-08
9.641821563377561688e-09
2.987334710269351490e-06
2.108577746184892021e-06
1.745330564517644234e-06
1.054878453032870311e-06
3.244982735850499012e-07
4.110318627681408543e-07
1.290881925797293661e-07
2.495412161351850955e-07
7.671544040022126865e-07
2.253014441677692048e-09
0.000000000000000000e+00
5.625486210192320868e-07
0.000000000000000000e+00
1.637061486370328112e-09
0.000000000000000000e+00
8.410210305953569332e-09
0.000000000000000000e+00
0.000000000000000000e+00
2.813718857908042992e-08
1.702454568430766813e-07
1.658374003454810008e-06
4.097781129530631006e-06
1.433141164852713700e-06
0.000000000000000000e+00
2.390896440829237690e-07
1.138984462301095846e-09
1.637462831993730106e-09
3.197781239805408404e-08
8.580165626881353091e-07
1.053889832292043138e-06
2.026463107540621422e-06
9.727685892357840203e-07
7.825902912372839637e-07
1.333412001258693635e-06
1.011717699839209672e-06
1.318119728921374190e-07
7.359117262240033597e-07
1.867912942543625832e-06
0.000000000000000000e+00
1.686905335418487084e-07
9.833651120061404072e-07
2.604693236207822338e-06
1.005809053822304122e-06
3.461397000137367286e-06
1.124488449022464920e-06
4.511295628617517650e-06
3.281916463038214715e-07
1.499362960177830217e-11
9.435935588442134758e-09
0.000000000000000000e+00
0.000000000000000000e+00
8.328826517356446857e-09
0.000000000000000000e+00
8.376998539283420087e-10
5.348415488271029972e-09
2.925145054177846760e-06
2.615152983054258584e-09
0.000000000000000000e+00
0.000000000000000000e+00
0.000000000000000000e+00
0.000000000000000000e+00
0.000000000000000000e+00
