7.790093150106258690e-06
4.323485427448758855e-07
2.480952616679132916e-07
5.171673365111928433e-06
6.568899379999493249e-07
2.499351239748648368e-06
5.798328857054002583e-07
0.000000000000000000e+00
6.390975613612681627e-06
0.000000000000000000e+00
3.346058292663656175e-07
4.081416591361630708e-07
1.775029545569850598e-06
3.560184680395650503e-08
0.000000000000000000e+00
2.609824899593715664e-12
2.136399871233152226e-06
5.039357375835606945e-09
2.409076387266395614e-06
2.658264065757975914e-06
1.602264455868862569e-05
1.905487260955851525e-05
1.862345561676193029e-05
0.000000000000000000e+00
1.026292739680911836e-08
3.489379878374165855e-06
1.333375394096947275e-06
2.736836002270592871e-08
8.653758265531052984e-11
6.075325131860154215e-07
5.392567345552379265e-06
1.674648508753762144e-08
1.612797859706915915e-06
2.840328761521959677e-06
5.176760851099970751e-07
0.000000000000000000e+00
0.000000000000000000e+00
0.000000000000000000e+00
1.194122773995331954e-06
0.000000000000000000e+00
1.208290359500097111e-05
4.670327484745939728e-07
1.045809221977833658e-05
1.299931341236515436e-06
7.487460152333369479e-06
1.524751382930844557e-06
9.990703375706289080e-08
0.000000000000000000e+00
2.420544660708401352e-06
1.988868660873777117e-07
2.777608010262611060e-08
0.000000000000000000e+00
3.467392389211454429e-06
0.000000000000000000e+00
1.202629732688365038e-06
7.814363378599864518e-09
1.639642199791069288e-08
6.548841156472917646e-06
3.900571300619048998e-06
1.552051998032766278e-07
3.247566127129175584e-08
1.536732341378410638e-08
4.833113820268408745e-08
5.031533419241895899e-06
1.181835614261217415e-05
2.270780896651558578e-06
4.350917492956796195e-08
1.261312743139342274e-08
7.511274380256338645e-10
8.669530870974995196e-08
8.704928973202186171e-07
3.049263114007771946e-06
5.878675324311188888e-07
1.144917064266337547e-06
1.723440504974860232e-06
8.103825734906422440e-07
2.611254217299574520e-07
0.000000000000000000e+00
9.383208521285268944e-08
1.956870576691471797e-08
4.895768483947904315e-07
7.683368608013552148e-09
7.967386750351579394e-08
4.202543095743749291e-06
1.918247249932392151e-08
1.514508494437905028e-05
5.262044737719406839e-07
7.712109777457953896e-07
1.752238517838122789e-06
4.100286332686664537e-08
1.048880108101002406e-06
2.261176405227161013e-06
4.732502475235378370e-06
1.075072191270010080e-06
9.064895493793301284e-06
2.013164390746169374e-07
9.587424187884607818e-08
4.469970633635966806e-07
1.172841166408034042e-07
5.383735057762351062e-08
1.072749640229631041e-07
1.634074760659132153e-05
4.391093000322143780e-07
8.457603826172999106e-07
0.000000000000000000e+00
3.873897185258101672e-06
3.030649793345219223e-07
3.717456365848192945e-06
5.522542778635397553e-06
7.841736078262329102e-06
1.355204631181550212e-06
2.305062480445485562e-06
5.092226160741120111e-07
6.961680355743737891e-06
5.192289336264366284e-06
6.466116815317946021e-07
4.373523552203550935e-06
1.145822443504584953e-05
5.728264568460872397e-06
6.002740065014222637e-06
4.903384706267388538e-06
2.324210299775586464e-06
3.205139364581555128e-06
2.063386546069523320e-06
1.137258095695869997e-06
4.578229436447145417e-06
1.152447021013358608e-05
2.426990931780892424e-06
4.462029664864530787e-06
9.325937753601465374e-06
2.984055072374758311e-06
3.334432904011919163e-06
2.705403545633089379e-08
1.758807957230601460e-05
2.084000243485206738e-06
9.833800504566170275e-06
0.000000000000000000e+00
3.194079545210115612e-05
2.123292324540670961e-05
1.912483185151359066e-06
1.108971719077089801e-05
1.064221919477859046e-06
3.023196995854959823e-06
2.949008830910315737e-06
1.905607064145442564e-06
1.553634501760825515e-05
0.000000000000000000e+00
4.070929207955487072e-06
6.490247869805898517e-06
2.010787511608214118e-06
2.164516445191111416e-06
1.436368393115117215e-06
4.421133326104609296e-06
4.722556695924140513e-06
2.037484364336705767e-06
3.741982482097228058e-06
2.266509454784682021e-06
3.465339204922202043e-06
4.376959168439498171e-06
2.322468844795366749e-06
4.844448540097801015e-06
3.814066303675645031e-06
9.724082701723091304e-06
2.215131047478280379e-07
1.241833342646714300e-05
1.181073275802191347e-05
9.703325304144527763e-06
6.091072009439812973e-06
5.041159056418109685e-06
1.375224087496462744e-06
3.104947154497494921e-06
2.382401589784421958e-06
1.419999875906796660e-06
2.185930952691705897e-06
1.144881025538779795e-06
3.008041176144615747e-06
3.449768883001524955e-06
1.512302242190344259e-05
6.229370228538755327e-06
1.946923703144420870e-06
1.081757705634345257e-08
1.328435132563754451e-06
2.662681481524487026e-06
2.632181349326856434e-06
7.351639396802056581e-06
4.368283043731935322e-06
6.527367986564058810e-06
6.414771178242517635e-06
1.541009169159224257e-06
5.005720140616176650e-06
3.734032532065612031e-07
1.715941152724553831e-06
9.431253715774801094e-07
1.731909719637769740e-06
3.733534413186134771e-06
1.522092532013630262e-07
1.007079845294356346e-05
3.991096946265315637e-06
8.553006409783847630e-06
5.592637080553686246e-06
2.043738049906096421e-06
1.810667299650958739e-06
2.912638592533767223e-06
3.781637815336580388e-06
1.238034383277408779e-05
8.220710697059985250e-06
5.779353955404076260e-07
2.905246674345107749e-07
3.697820432080334285e-07
2.122042360497289337e-06
1.225491885747942433e-08
3.818354699092196824e-08
2.193440423070569523e-06
5.307321771397255361e-06
2.110497092644436634e-07
3.058398476696311263e-07
1.976834909100944060e-07
2.619073029563878663e-06
1.812719801819184795e-06
1.048856233865080867e-06
2.117350561547937104e-07
1.191729097627103329e-06
8.871036811797239352e-07
6.059011639081290923e-07
4.385850843391381204e-06
3.769763168293138733e-08
2.009019084425744950e-07
1.873694976950446289e-09
6.816641029416814490e-09
5.963971943856449798e-06
9.366421522827295121e-07
2.827569232977111824e-06
2.902471806009998545e-06
2.613249125715810806e-05
2.086552370883509866e-07
8.993379196908790618e-07
3.631046411101124249e-06
7.180266266004764475e-07
2.973981736431596801e-06
2.558535641128401039e-07
3.051953171961940825e-06
7.456256298610242084e-06
3.298025831099948846e-06
3.799294745476800017e-07
9.084219527721870691e-06
5.765192554463283159e-07
1.482974425925931428e-06
7.540082833656924777e-07
4.605096364684868604e-06
1.429245276085566729e-05
1.666276375544839539e-06
2.603977975468296790e-07
1.474458713346393779e-06
2.255119170513353311e-06
3.572941409402119461e-07
6.969736432438367046e-08
0.000000000000000000e+00
2.058940751226145949e-08
1.309196250076638535e-06
2.047635234703193419e-07
1.498889673712255899e-06
0.000000000000000000e+00
5.307713877300557215e-07
1.584340793669980485e-06
1.809098989724589046e-06
1.093602577384444885e-06
9.001084322335373145e-07
1.141424149864178617e-06
6.142842607914644759e-07
9.052158134181809146e-07
5.132952551889502502e-08
6.924698254806571640e-07
3.891594957394772791e-08
6.094600735195854213e-07
4.975078127245069481e-08
7.547459517809329554e-06
1.324921328205164173e-07
3.222966711291519459e-07
1.353947141069511417e-07
3.657498481857146544e-08
1.053278879226127174e-06
2.946119437297056720e-08
4.156644450858948403e-08
1.175016109300486278e-06
2.540195396250055637e-07
1.967591288121184334e-06
3.949444362660869956e-07
3.136413795346015831e-08
1.623108255444094539e-05
2.861903283246647334e-07
2.619668066472513601e-06
7.749260930722812191e-07
7.917136031210247893e-07
5.463778620651282836e-07
9.465939143638024689e-08
4.162802724749781191e-06
6.946344228708767332e-07
5.211347229305829387e-07
1.889739991156602628e-07
1.826766720114392228e-06
5.175618866815057117e-08
1.125445351135567762e-06
2.455526271205599187e-07
3.104191748093398928e-08
6.794452929170802236e-07
5.032783079172986618e-08
4.566515485748823266e-07
7.087898978852535947e-08
3.710518740263069049e-06
3.088005939844151726e-08
4.556785171416777303e-08
3.672813164712351863e-09
3.558064236131031066e-06
1.290964046773979135e-08
0.000000000000000000e+00
8.105487268039723858e-07
3.289380101634264975e-09
0.000000000000000000e+00
1.196418608628846414e-08
3.733104847469803644e-07
1.210166544751700712e-08
1.479583677799212182e-09
4.097007177961131674e-08
3.075931772400508635e-06
3.899900136161704722e-08
4.909861672786064446e-08
6.857764219603268430e-06
3.531963557179551572e-06
4.963467745255911723e-06
6.095534104133548681e-07
3.051092392070131609e-07
1.572008500261290465e-06
2.888384358357143356e-07
4.776131845574127510e-07
1.331186751940549584e-07
5.249436298981891014e-07
1.050094283527869266e-06
7.378002919722348452e-08
3.402823267606436275e-07
8.237005317823786754e-07
3.678285409591808275e-08
1.080655010810005479e-06
0.000000000000000000e+00
0.000000000000000000e+00
0.000000000000000000e+00
7.698440995795863273e-09
1.217691988131264225e-06
0.000000000000000000e+00
9.254257520296960138e-07
3.226444533765970846e-08
0.000000000000000000e+00
0.000000000000000000e+00
5.286524924486002419e-07
1.117979753217923644e-08
2.791064162011025473e-07
1.620247331857171957e-07
0.000000000000000000e+00
5.597511787414077844e-09
0.000000000000000000e+00
0.000000000000000000e+00
0.000000000000000000e+00
0.000000000000000000e+00
0.000000000000000000e+00
0.000000000000000000e+00
1.167321030948187399e-07
8.987889259515213780e-07
2.320147984846698819e-07
8.013996133371392716e-10
7.678607971683959477e-07
2.456685699314675730e-08
7.765711274032582878e-08
4.686688498622970656e-06
1.368691641800978687e-06
1.492502860855893232e-06
6.672510721728031058e-08
1.821715756022967980e-07
6.395039235940203071e-07
1.391648993376293220e-06
2.063404025420823018e-07
1.098738806604160345e-07
5.676089358530589379e-07
0.000000000000000000e+00
2.665436795723508112e-07
4.145750153838889673e-06
2.212040550730876021e-09
1.342737903087254381e-07
4.674871547649672721e-07
1.720060254228883423e-07
4.380717086860386189e-07
0.000000000000000000e+00
0.000000000000000000e+00
0.000000000000000000e+00
9.421842150914017111e-08
3.156070306431502104e-06
6.208065173041177331e-08
1.227877799436782880e-08
2.903111635532695800e-06
3.390339315956225619e-06
1.396348125126678497e-06
1.882326188251681742e-07
7.179721706052077934e-09
2.313236336703994311e-06
3.087987806793535128e-06
4.797430896985588333e-09
1.048760850608232431e-06
8.054654472289257683e-07
1.147222583597340417e-08
0.000000000000000000e+00
6.722036260953245801e-08
9.118060972923558438e-09
0.000000000000000000e+00
3.688393235279363580e-07
0.000000000000000000e+00
0.000000000000000000e+00
1.369300662190653384e-06
2.432652081552078016e-06
0.000000000000000000e+00
1.872788516266155057e-06
0.000000000000000000e+00
2.035443458225927316e-06
4.561352682230790379e-07
6.444859312892958769e-09
0.000000000000000000e+00
0.000000000000000000e+00
1.348449174543020490e-08
1.441467833984688696e-08
1.084123235628453585e-09
0.000000000000000000e+00
0.000000000000000000e+00
4.372066086943959817e-07
1.850954589599496103e-07
3.748189669749990571e-07
0.000000000000000000e+00
2.140759306712425314e-06
1.291768114697333658e-07
3.582225360787560930e-08
7.100674537241502549e-08
0.000000000000000000e+00
2.131075461875298060e-06
1.771287429619405884e-06
1.315362485598825515e-08
2.607153533062955830e-07
1.535027149657253176e-05
3.639094984464463778e-06
1.428181045648457825e-10
2.165529764397433610e-07
7.847717142794863321e-07
8.112202749543939717e-07
1.417221710653393529e-06
4.549344794213538989e-06
1.650559624977177009e-06
2.892651593811024213e-07
5.950104764451680239e-07
5.997899734211387113e-06
7.389903657895047218e-07
2.127331981682800688e-06
6.364228966049267910e-08
8.410768259636824951e-07
5.640887223989921040e-08
1.213587719206543625e-08
6.349370806901788455e-08
0.000000000000000000e+00
0.000000000000000000e+00
8.620426594774244222e-10
1.849217738936204114e-07
1.193349419281730661e-08
0.000000000000000000e+00
0.000000000000000000e+00
0.000000000000000000e+00
7.291655492736026645e-07
0.000000000000000000e+00
0.000000000000000000e+00
0.000000000000000000e+00
1.296445020670944359e-06
5.008725452171347570e-07
4.259520096638880204e-07
2.077596583660579199e-08
6.000089797453256324e-06
0.000000000000000000e+00
0.000000000000000000e+00
0.000000000000000000e+00
8.887816420610761270e-07
5.553784490075486246e-07
1.224660706178326564e-09
0.000000000000000000e+00
5.338927735465404112e-07
1.282141283809323795e-06
1.179702806552995753e-07
6.978323341400027857e-08
0.000000000000000000e+00
5.246557066129753366e-06
8.467042675874836277e-07
8.640214588240269222e-08
5.244907583801250439e-07
0.000000000000000000e+00
1.910193532239645720e-06
0.000000000000000000e+00
6.069426738974925684e-09
2.663692555415764218e-07
0.000000000000000000e+00
0.000000000000000000e+00
0.000000000000000000e+00
4.132876441076405172e-08
1.609502646715554874e-06
9.959212121657401440e-08
3.654880492831580341e-05
3.410782767332420917e-08
2.589848236311809160e-06
3.485038924111449887e-09
1.416963186784414575e-06
3.235682868307776516e-07
0.000000000000000000e+00
1.449243995921278838e-06
1.127947868440060120e-07
1.739673393785778899e-06
1.019376668409677222e-06
1.678844796515477356e-06
3.763445306503854226e-07
2.644223684455937473e-08
4.156338562211203680e-08
0.000000000000000000e+00
1.444566578356898390e-06
1.195897880279517267e-06
0.000000000000000000e+00
9.135014522598794429e-09
0.000000000000000000e+00
0.000000000000000000e+00
2.774370244651436224e-08
1.212811071127362084e-06
0.000000000000000000e+00
5.598427499364788673e-09
7.277799340954516083e-07
1.857395570681319441e-09
9.442946691251563607e-08
0.000000000000000000e+00
0.000000000000000000e+00
1.996782657442963682e-06
0.000000000000000000e+00
0.000000000000000000e+00
0.000000000000000000e+00
0.000000000000000000e+00
5.252716039905180878e-09
0.000000000000000000e+00
0.000000000000000000e+00
4.626333804935711669e-07
0.000000000000000000e+00
0.000000000000000000e+00
0.000000000000000000e+00
2.768644646877760351e-09
5.657069124254121562e-08
0.000000000000000000e+00
0.000000000000000000e+00
0.000000000000000000e+00
0.000000000000000000e+00
0.000000000000000000e+00
9.105810327980634611e-09
6.120973807810514700e-07
1.931569926227894030e-08
0.000000000000000000e+00
1.269521288094210831e-08
4.316330546316748951e-07
1.942861445058952086e-06
0.000000000000000000e+00
0.000000000000000000e+00
1.355844688077922910e-06
9.946022601070581004e-07
2.513173313900551875e-08
4.887157789568163935e-09
0.000000000000000000e+00
1.299513314734213054e-06
0.000000000000000000e+00
0.000000000000000000e+00
1.985059725484461524e-06
3.442354227445321158e-06
8.810483365095933550e-08
1.588202103164348955e-08
5.198686494622961618e-07
6.456993872916427790e-08
0.000000000000000000e+00
7.847715437492297497e-07
1.366739752484136261e-07
1.591983433968380268e-08
1.195849904433998745e-06
5.490939656738191843e-06
6.727297829911549343e-08
2.548720203776611015e-06
2.260925157315796241e-06
0.000000000000000000e+00
1.148115006799343973e-05
0.000000000000000000e+00
1.644886424401192926e-06
9.218277341460634489e-07
6.583096734402715811e-08
2.963584620374604128e-06
1.214066447374761992e-08
5.984790277580032125e-06
4.059103275722009130e-07
3.397252612558077089e-07
2.686547304620034993e-06
0.000000000000000000e+00
4.926260317006381229e-06
3.204816891866357764e-07
6.866829882490321779e-10
0.000000000000000000e+00
7.233988981170114130e-07
2.422735860818647780e-07
5.529218469746410847e-07
9.424156814930029213e-07
0.000000000000000000e+00
0.000000000000000000e+00
0.000000000000000000e+00
0.000000000000000000e+00
4.146451360043101886e-08
1.738991244337739772e-07
0.000000000000000000e+00
5.689955173693306278e-09
0.000000000000000000e+00
0.000000000000000000e+00
1.741957511569580674e-08
0.000000000000000000e+00
1.087805458155344240e-06
1.125883386521309149e-07
7.661614290555007756e-06
8.382912852766821743e-08
0.000000000000000000e+00
0.000000000000000000e+00
2.414609809875400970e-07
3.773696164444118040e-07
4.787139573636522982e-08
2.717418112752056913e-07
0.000000000000000000e+00
0.000000000000000000e+00
6.793409584870957474e-11
7.553059333531564334e-08
4.680687504254876785e-10
0.000000000000000000e+00
0.000000000000000000e+00
3.066880651658721035e-07
0.000000000000000000e+00
5.617894771603459958e-07
5.022258164899540134e-07
5.522118726730695926e-07
2.791364472898294480e-08
4.421513324359693797e-07
2.616953098666385813e-09
0.000000000000000000e+00
0.000000000000000000e+00
0.000000000000000000e+00
0.000000000000000000e+00
0.000000000000000000e+00
0.000000000000000000e+00
0.000000000000000000e+00
4.204717072298080893e-07
0.000000000000000000e+00
0.000000000000000000e+00
0.000000000000000000e+00
0.000000000000000000e+00
0.000000000000000000e+00
2.065407178619693696e-09
0.000000000000000000e+00
0.000000000000000000e+00
0.000000000000000000e+00
0.000000000000000000e+00
0.000000000000000000e+00
2.002964691882880288e-07
0.000000000000000000e+00
0.000000000000000000e+00
0.000000000000000000e+00
0.000000000000000000e+00
0.000000000000000000e+00
5.942400207459286321e-07
0.000000000000000000e+00
0.000000000000000000e+00
7.274475137819536030e-06
0.000000000000000000e+00
0.000000000000000000e+00
0.000000000000000000e+00
1.432892531738616526e-06
0.000000000000000000e+00
1.582791782084314036e-07
0.000000000000000000e+00
4.618324922489591700e-08
0.000000000000000000e+00
6.337705258374626283e-07
0.000000000000000000e+00
0.000000000000000000e+00
0.000000000000000000e+00
0.000000000000000000e+00
0.000000000000000000e+00
1.233049884419301634e-09
0.000000000000000000e+00
0.000000000000000000e+00
0.000000000000000000e+00
0.000000000000000000e+00
2.434070944801192127e-09
1.439491104093804097e-08
8.279819496692653047e-08
0.000000000000000000e+00
5.295528353599365801e-06
0.000000000000000000e+00
3.883856152242515236e-06
2.911187948484439403e-06
1.694402499197167344e-06
3.823103270406136289e-06
0.000000000000000000e+00
1.589696580595045816e-06
1.933895418915199116e-06
9.596710270898256567e-08
6.378973012033384293e-07
6.600585038540884852e-07
9.559488489685463719e-07
3.733203811862040311e-06
1.030050427175410732e-07
2.084441575789242052e-06
2.822317313189159904e-08
4.094565611012512818e-07
1.372942506350227632e-06
5.195225867282715626e-07
1.920905106089776382e-07
0.000000000000000000e+00
0.000000000000000000e+00
0.000000000000000000e+00
2.706587110878899693e-06
6.913470240732522143e-09
4.786053864336281549e-08
0.000000000000000000e+00
1.626660974807236926e-07
1.361138288302754518e-06
2.924745956534025026e-07
0.000000000000000000e+00
0.000000000000000000e+00
0.000000000000000000e+00
0.000000000000000000e+00
0.000000000000000000e+00
7.028352229099255055e-07
2.586326900200219825e-06
3.194076043655513786e-07
4.211475470583536662e-07
4.147992171965597663e-08
0.000000000000000000e+00
0.000000000000000000e+00
2.757766282002194203e-08
1.119322291742719244e-06
5.449638820209656842e-07
4.918719209712207885e-09
0.000000000000000000e+00
0.000000000000000000e+00
0.000000000000000000e+00
0.000000000000000000e+00
0.000000000000000000e+00
0.000000000000000000e+00
1.698161611329851439e-07
2.768549165921285748e-06
1.318371261049833265e-07
5.357525090232684306e-09
4.248042806409557670e-09
1.067741361993057581e-08
1.538621496877112804e-08
0.000000000000000000e+00
2.255584341526173375e-08
1.137267986450751778e-06
0.000000000000000000e+00
1.541248906278269715e-07
1.086826046048372518e-06
5.599142127721279394e-07
0.000000000000000000e+00
3.685056482183313165e-09
0.000000000000000000e+00
0.000000000000000000e+00
0.000000000000000000e+00
4.780409881277591921e-07
2.928575497662677662e-07
2.314991931484655652e-08
2.678810062661796110e-07
1.944618155391708569e-08
5.137110292707802728e-07
9.814100110361323459e-08
1.490083292310373508e-07
5.916010081818967592e-07
1.563451803576754173e-07
4.344403237155347597e-08
4.230416550399240805e-07
9.992454579332843423e-06
1.884029870780068450e-06
1.289419174099748489e-06
0.000000000000000000e+00
6.249447324080392718e-07
4.418625678681564750e-07
0.000000000000000000e+00
5.211496045376406983e-06
2.600933157737017609e-07
2.950419457192765549e-06
5.481487050928990357e-07
2.846934876288287342e-06
4.812147835764335468e-07
2.353481818317959551e-07
7.640088597327121533e-07
1.412203332051831239e-08
0.000000000000000000e+00
4.311000267875897407e-08
0.000000000000000000e+00
0.000000000000000000e+00
1.881554680949193425e-06
6.613303327185349190e-08
0.000000000000000000e+00
9.680736923201038735e-08
8.701817932887934148e-07
0.000000000000000000e+00
3.329454330014414154e-06
2.419873680992168374e-06
0.000000000000000000e+00
4.092478800288290586e-09
1.013058881227379970e-08
0.000000000000000000e+00
0.000000000000000000e+00
0.000000000000000000e+00
0.000000000000000000e+00
0.000000000000000000e+00
8.002205476032031584e-08
0.000000000000000000e+00
0.000000000000000000e+00
0.000000000000000000e+00
7.097699494806875009e-07
0.000000000000000000e+00
0.000000000000000000e+00
4.525073293848436151e-08
0.000000000000000000e+00
0.000000000000000000e+00
0.000000000000000000e+00
2.311126308995881118e-06
0.000000000000000000e+00
2.731387951371289091e-07
0.000000000000000000e+00
0.000000000000000000e+00
0.000000000000000000e+00
0.000000000000000000e+00
2.631038285016984446e-07
0.000000000000000000e+00
0.000000000000000000e+00
0.000000000000000000e+00
4.363689853903451876e-08
6.823303806413605344e-07
3.932655658900330309e-07
8.142388097098773869e-09
0.000000000000000000e+00
2.097084177421493223e-07
0.000000000000000000e+00
0.000000000000000000e+00
0.000000000000000000e+00
0.000000000000000000e+00
0.000000000000000000e+00
2.717335467750103817e-09
0.000000000000000000e+00
0.000000000000000000e+00
1.177899378035363043e-07
0.000000000000000000e+00
5.249535206530708820e-08
1.735468003971618600e-06
0.000000000000000000e+00
1.608313704437591696e-09
0.000000000000000000e+00
0.000000000000000000e+00
6.494366289189201780e-07
0.000000000000000000e+00
1.594861664955260494e-08
6.251949002944456879e-07
0.000000000000000000e+00
0.000000000000000000e+00
0.000000000000000000e+00
0.000000000000000000e+00
0.000000000000000000e+00
4.968189273313328158e-07
1.383793488685114426e-07
0.000000000000000000e+00
0.000000000000000000e+00
3.686048355433513279e-09
6.319488221606661682e-08
0.000000000000000000e+00
0.000000000000000000e+00
4.487008311571116792e-07
0.000000000000000000e+00
7.757418529763526749e-08
2.153605009880266152e-06
0.000000000000000000e+00
9.096423614352033837e-10
2.176869884351617657e-07
7.139431712488431003e-09
0.000000000000000000e+00
0.000000000000000000e+00
4.505583059422058056e-11
5.752522902469081600e-09
1.472730271068201091e-09
2.733928639031546481e-09
1.730634977548106690e-07
1.100704480450076517e-06
2.837322554682941700e-08
1.760821817242685938e-07
2.862578796225534461e-08
6.869766089323547931e-09
2.231102598670986481e-06
4.662018113776866812e-07
0.000000000000000000e+00
0.000000000000000000e+00
8.535310236368331971e-10
0.000000000000000000e+00
0.000000000000000000e+00
1.326257461187196895e-05
8.694328812453022692e-07
1.998235120481695049e-06
1.650416720622160938e-06
1.606555429134459700e-06
5.115711019243462943e-07
2.380899786658119410e-06
7.633914833604649175e-07
1.902162409805896459e-07
5.345586487237596884e-06
0.000000000000000000e+00
0.000000000000000000e+00
5.146853823134733830e-07
1.814328527416364523e-07
7.180756966818080400e-08
7.206597274489467964e-07
9.889254215522669256e-08
3.217460431415020139e-08
0.000000000000000000e+00
9.800018574424029794e-09
0.000000000000000000e+00
0.000000000000000000e+00
3.303865270254391362e-08
2.027565813023102237e-07
6.381762318596884143e-08
0.000000000000000000e+00
5.713400810236635152e-07
0.000000000000000000e+00
0.000000000000000000e+00
0.000000000000000000e+00
2.157433982574730180e-06
0.000000000000000000e+00
0.000000000000000000e+00
0.000000000000000000e+00
7.260458545488290838e-08
3.871239329100717441e-09
4.295184208302771367e-10
4.488392768564608559e-09
0.000000000000000000e+00
0.000000000000000000e+00
3.597381503794849777e-09
0.000000000000000000e+00
0.000000000000000000e+00
0.000000000000000000e+00
0.000000000000000000e+00
3.777547519234758511e-08
8.256337835632621136e-09
1.805028233548000571e-07
0.000000000000000000e+00
1.188741691748873563e-07
3.061545044147351291e-07
8.706625642673770926e-09
0.000000000000000000e+00
0.000000000000000000e+00
6.058439860900932672e-10
7.294220836229214910e-07
0.000000000000000000e+00
0.000000000000000000e+00
1.820313997313860455e-07
0.000000000000000000e+00
0.000000000000000000e+00
0.000000000000000000e+00
2.498074525014715164e-10
0.000000000000000000e+00
1.785432957035482104e-08
0.000000000000000000e+00
9.371495579557631572e-09
0.000000000000000000e+00
3.555645946562435711e-07
0.000000000000000000e+00
0.000000000000000000e+00
0.000000000000000000e+00
0.000000000000000000e+00
0.000000000000000000e+00
7.566780624301827629e-08
0.000000000000000000e+00
7.436880888889163543e-09
2.884276568693167064e-07
2.726262104957299925e-09
7.116136568896536119e-09
1.381496583796604227e-09
1.717286522762151435e-06
0.000000000000000000e+00
2.565116346886497922e-06
0.000000000000000000e+00
0.000000000000000000e+00
0.000000000000000000e+00
1.510422862338600680e-06
4.432773703655357167e-09
8.324320219799119513e-07
4.995673208441075985e-09
7.201080620689026546e-09
2.162596990373799599e-09
4.658749427899344653e-11
1.789507109606347512e-06
0.000000000000000000e+00
0.000000000000000000e+00
5.120479595888127733e-09
2.895314764828071930e-06
5.804830607303301804e-07
0.000000000000000000e+00
0.000000000000000000e+00
5.013225390371189860e-09
0.000000000000000000e+00
3.432366335598402429e-10
0.000000000000000000e+00
1.933320836755569871e-09
5.063438113239726590e-09
0.000000000000000000e+00
6.126239071591044194e-08
9.959778424217802240e-08
0.000000000000000000e+00
7.901033605151042138e-09
3.141732651812390031e-09
0.000000000000000000e+00
4.013062380181509070e-07
1.933328576342319138e-06
1.487628992435929831e-06
3.452776581980288029e-06
1.884098423943214584e-07
3.693374424074136186e-07
5.434575456320089870e-08
6.760423275409266353e-06
1.050448705797180082e-08
3.239415491407271475e-07
8.748467195118792006e-08
6.995356670813634992e-06
1.936533408297691494e-06
7.120573997099199914e-08
1.100804365705698729e-05
1.522610546089708805e-06
1.257413259736495093e-06
9.127576277023763396e-07
3.574115794435783755e-07
8.050773772083630320e-07
1.177372837446455378e-06
1.394044772951019695e-07
2.466677813117712503e-07
6.341208003135534454e-09
1.725333333979506278e-07
0.000000000000000000e+00
1.772516071696372819e-07
5.919418413213861641e-07
0.000000000000000000e+00
2.269182397540703278e-09
1.037162519423873164e-06
2.919524320077471202e-07
6.045030431778286584e-07
2.301815555938446778e-07
1.475930222483157195e-08
3.767408429666829761e-08
1.257169257584678235e-09
8.409674734366490156e-09
0.000000000000000000e+00
0.000000000000000000e+00
9.793396094082140735e-10
1.822141326712767295e-10
0.000000000000000000e+00
2.038496482725804526e-09
2.974467861349694431e-06
4.547459631076833375e-10
0.000000000000000000e+00
0.000000000000000000e+00
0.000000000000000000e+00
0.000000000000000000e+00
0.000000000000000000e+00
8.955812518252059817e-07
0.000000000000000000e+00
0.000000000000000000e+00
1.874406052593258210e-07
0.000000000000000000e+00
4.669856501493541145e-09
8.282376562362969707e-09
4.667143116421357263e-09
0.000000000000000000e+00
0.000000000000000000e+00
0.000000000000000000e+00
6.792597040394809937e-10
3.010455884577822872e-09
0.000000000000000000e+00
0.000000000000000000e+00
0.000000000000000000e+00
0.000000000000000000e+00
2.502464440112817101e-07
2.788153210531163495e-07
5.673003755646277568e-08
3.353769884029134118e-08
0.000000000000000000e+00
0.000000000000000000e+00
0.000000000000000000e+00
5.747640141606780162e-09
0.000000000000000000e+00
0.000000000000000000e+00
2.884506800082675682e-10
0.000000000000000000e+00
1.878144360034639249e-07
1.645695801855140417e-10
2.635073599321913207e-07
0.000000000000000000e+00
0.000000000000000000e+00
2.395707454638795753e-08
0.000000000000000000e+00
0.000000000000000000e+00
5.910373523931866657e-09
9.770751319138071267e-09
0.000000000000000000e+00
0.000000000000000000e+00
1.357595191819882530e-08
5.323744556307019593e-09
0.000000000000000000e+00
0.000000000000000000e+00
0.000000000000000000e+00
0.000000000000000000e+00
1.791043702237260504e-10
5.370121236580871482e-09
0.000000000000000000e+00
1.509177423031360377e-07
1.488995593490471947e-07
2.227813933330935470e-09
0.000000000000000000e+00
1.365128121655345694e-09
0.000000000000000000e+00
0.000000000000000000e+00
1.970264396078391655e-09
1.435591090448440355e-09
1.333074273190959502e-08
0.000000000000000000e+00
3.179741270287195221e-08
5.791646273678452417e-09
0.000000000000000000e+00
0.000000000000000000e+00
5.855789630970775761e-09
2.252368602739807102e-08
7.458702384610660374e-07
1.999094917382038261e-10
0.000000000000000000e+00
3.714548029165598564e-07
5.704603456280210594e-09
8.074040351857547648e-07
0.000000000000000000e+00
0.000000000000000000e+00
0.000000000000000000e+00
0.000000000000000000e+00
0.000000000000000000e+00
0.000000000000000000e+00
0.000000000000000000e+00
0.000000000000000000e+00
0.000000000000000000e+00
1.503955715520532976e-08
0.000000000000000000e+00
0.000000000000000000e+00
1.118176751191413132e-08
0.000000000000000000e+00
0.000000000000000000e+00
0.000000000000000000e+00
0.000000000000000000e+00
0.000000000000000000e+00
0.000000000000000000e+00
5.942705527672842436e-08
0.000000000000000000e+00
0.000000000000000000e+00
0.000000000000000000e+00
6.757560733205991710e-09
6.819004170210973825e-07
2.190214454245165143e-09
5.606395916402107105e-06
5.095170649838109966e-07
2.039354967564577237e-06
6.726004926349560264e-07
1.058796101460757200e-06
4.131645255256444216e-06
1.738901232783973683e-06
4.961731519870227203e-06
0.000000000000000000e+00
5.003878413845086470e-06
4.207071924611227587e-06
4.446019996606764835e-09
4.001292836619541049e-06
2.423244325200357707e-07
9.082628480427956674e-07
4.313586146054149140e-07
2.683639479528210359e-07
5.229653510241405456e-08
2.697157697184593417e-07
8.505183757279155543e-08
4.525529817556162016e-08
1.669533844506077003e-07
1.779907393029134255e-06
2.289480391937104287e-07
8.088006779871648178e-07
8.433394214080180973e-07
0.000000000000000000e+00
1.183660288006649353e-06
0.000000000000000000e+00
0.000000000000000000e+00
3.330343929519585799e-07
1.289368185553030344e-07
0.000000000000000000e+00
7.811446494088158943e-07
2.836373580450413101e-09
9.610822360173187917e-09
1.110879679799836595e-06
4.585901479003950953e-06
1.113749476644443348e-06
0.000000000000000000e+00
0.000000000000000000e+00
0.000000000000000000e+00
0.000000000000000000e+00
3.635171879068366252e-07
1.396561657429629122e-07
0.000000000000000000e+00
0.000000000000000000e+00
4.281151291252172086e-07
0.000000000000000000e+00
0.000000000000000000e+00
0.000000000000000000e+00
3.704450364239164628e-07
1.425570189894642681e-06
0.000000000000000000e+00
5.817811787878213181e-10
0.000000000000000000e+00
0.000000000000000000e+00
1.423755549012639676e-07
0.000000000000000000e+00
0.000000000000000000e+00
4.993136926145780308e-08
8.876710921867925208e-08
0.000000000000000000e+00
0.000000000000000000e+00
0.000000000000000000e+00
7.558407233432262728e-09
0.000000000000000000e+00
8.443840293637094874e-09
0.000000000000000000e+00
2.287992856508935802e-06
5.644757834488700610e-07
1.481586622276154230e-07
0.000000000000000000e+00
0.000000000000000000e+00
0.000000000000000000e+00
4.064967029648869357e-09
6.218662917945039226e-09
9.060725005838321522e-07
8.722275879335938953e-07
0.000000000000000000e+00
8.214990998567373026e-07
2.589729604096646653e-07
4.791384640157048125e-07
0.000000000000000000e+00
0.000000000000000000e+00
0.000000000000000000e+00
0.000000000000000000e+00
0.000000000000000000e+00
0.000000000000000000e+00
0.000000000000000000e+00
7.735810325648628805e-10
0.000000000000000000e+00
0.000000000000000000e+00
0.000000000000000000e+00
0.000000000000000000e+00
0.000000000000000000e+00
8.180183641570692998e-09
9.956591107140866370e-10
0.000000000000000000e+00
3.075915401495876722e-06
3.644049728634968233e-09
3.908565702204214176e-07
1.632409293961245567e-06
8.820438210932479706e-07
8.248262588494981173e-07
0.000000000000000000e+00
1.986550035582013152e-09
0.000000000000000000e+00
0.000000000000000000e+00
6.797304497041523064e-09
0.000000000000000000e+00
0.000000000000000000e+00
0.000000000000000000e+00
0.000000000000000000e+00
0.000000000000000000e+00
4.219600384658406256e-07
1.537712357446707756e-08
5.548959514101170498e-09
0.000000000000000000e+00
0.000000000000000000e+00
1.735027467475447338e-06
0.000000000000000000e+00
0.000000000000000000e+00
0.000000000000000000e+00
1.985594799691625667e-09
1.770391472311061420e-10
0.000000000000000000e+00
3.641373780283174710e-08
0.000000000000000000e+00
0.000000000000000000e+00
1.095299961839657499e-09
9.289933822209661685e-10
0.000000000000000000e+00
1.023261386734475309e-08
6.147408271317544859e-08
4.954999440087703988e-06
3.623723898726893822e-07
4.442530610049288953e-07
1.737238477517166757e-07
9.794921140837686835e-08
9.263233380352176027e-08
2.373195968630170682e-07
0.000000000000000000e+00
1.275533065836498281e-07
2.922426176610315451e-07
0.000000000000000000e+00
0.000000000000000000e+00
7.948563052195822820e-07
1.018153625409468077e-06
2.653320052559138276e-07
3.453586083779214277e-09
4.609987627191003412e-06
7.929610745804893668e-08
1.652029709475755226e-06
1.559329021461053344e-08
3.740478593527996054e-09
6.980654276844688866e-09
9.691165132608148269e-07
6.690611797921519610e-08
0.000000000000000000e+00
8.054760769482527394e-07
1.685200534673469974e-09
1.405263674314483069e-06
0.000000000000000000e+00
0.000000000000000000e+00
8.227769576762966608e-10
1.467478000449773390e-06
1.698635173852380831e-06
3.078580732562841149e-07
5.355390726435871329e-07
0.000000000000000000e+00
2.521741571115398983e-08
1.765987747148756171e-07
1.364653545721239425e-08
2.295544376806901710e-08
0.000000000000000000e+00
4.404066444863019569e-09
6.824412679407032556e-08
4.218495330832183754e-09
9.268463259104464669e-07
0.000000000000000000e+00
3.930624643544433638e-07
0.000000000000000000e+00
2.532724030501753987e-09
0.000000000000000000e+00
1.000458269118098542e-06
0.000000000000000000e+00
1.083752977137919515e-06
0.000000000000000000e+00
0.000000000000000000e+00
0.000000000000000000e+00
8.596435563390514289e-09
1.842956862674327567e-07
5.164053504813637119e-07
3.084653243945467693e-08
0.000000000000000000e+00
0.000000000000000000e+00
0.000000000000000000e+00
0.000000000000000000e+00
0.000000000000000000e+00
2.741380455972830532e-09
3.767584910718824176e-09
0.000000000000000000e+00
0.000000000000000000e+00
0.000000000000000000e+00
0.000000000000000000e+00
0.000000000000000000e+00
3.762426370457205849e-09
1.388827115533786127e-07
1.769416940078372136e-06
1.917539975693216547e-07
1.716595221523675718e-07
1.480761397942842450e-06
3.703414392930426402e-07
0.000000000000000000e+00
0.000000000000000000e+00
0.000000000000000000e+00
3.393271663654218173e-09
0.000000000000000000e+00
0.000000000000000000e+00
0.000000000000000000e+00
1.578590342887764564e-07
0.000000000000000000e+00
0.000000000000000000e+00
0.000000000000000000e+00
0.000000000000000000e+00
6.463210855400802757e-09
1.566339506098302081e-06
6.872615898600997753e-08
8.777314519647916313e-07
6.850921181467128918e-07
7.024994488347147126e-07
2.639892304756585872e-09
0.000000000000000000e+00
0.000000000000000000e+00
8.463121758950364892e-09
0.000000000000000000e+00
5.676320746772489656e-09
4.022047139784490355e-09
4.889576743494217226e-09
1.083548909264209215e-06
6.105321248561779157e-10
0.000000000000000000e+00
0.000000000000000000e+00
0.000000000000000000e+00
0.000000000000000000e+00
0.000000000000000000e+00
9.977142667594307568e-09
0.000000000000000000e+00
2.242049532696910319e-07
1.377945668679103619e-08
3.285156324750460044e-08
1.065438709701993503e-06
0.000000000000000000e+00
0.000000000000000000e+00
0.000000000000000000e+00
9.433373193701299897e-09
7.737213536529452540e-09
3.571851481254384453e-09
0.000000000000000000e+00
0.000000000000000000e+00
5.881408782215657993e-08
0.000000000000000000e+00
1.753434389684116468e-06
3.650705821200972423e-06
1.278992698416914209e-07
9.694014835304187727e-08
5.093938604261438741e-10
1.957643434025158058e-07
3.290793529231450520e-06
1.676694978414161596e-06
6.024043273100687657e-07
0.000000000000000000e+00
2.891554551354147407e-08
2.262276439068955369e-06
8.431210289927548729e-07
1.971999608940677717e-06
8.707484994374681264e-06
8.015236971914418973e-07
1.074909050657879561e-06
2.262718453494017012e-06
5.900335054320748895e-06
4.141193130635656416e-07
1.127989776250615250e-06
2.666686782504257280e-07
1.395938937776008970e-07
1.625084905754192732e-06
0.000000000000000000e+00
0.000000000000000000e+00
2.113417529869821010e-08
0.000000000000000000e+00
5.845606096954725217e-07
4.318653878954137326e-09
7.957004299896652810e-07
1.353769647494118544e-07
1.380911385240324307e-07
1.236320557040926360e-08
0.000000000000000000e+00
1.684228010390143027e-07
2.444047408900473783e-09
0.000000000000000000e+00
4.275556353405818300e-09
3.039636453650018666e-07
2.633112501371215330e-07
0.000000000000000000e+00
0.000000000000000000e+00
0.000000000000000000e+00
7.504667109969886951e-09
0.000000000000000000e+00
0.000000000000000000e+00
0.000000000000000000e+00
1.139582828102447820e-08
0.000000000000000000e+00
6.605977773688209709e-07
0.000000000000000000e+00
0.000000000000000000e+00
9.657271426988245366e-09
1.073387068117881427e-07
2.339619982194562908e-07
0.000000000000000000e+00
8.733217526923908736e-08
0.000000000000000000e+00
0.000000000000000000e+00
0.000000000000000000e+00
0.000000000000000000e+00
2.177187525376211852e-06
0.000000000000000000e+00
1.578221713316452224e-07
2.812169941357467451e-10
9.433382963663916598e-09
2.335016091592478915e-08
1.193696363976926023e-09
0.000000000000000000e+00
0.000000000000000000e+00
0.000000000000000000e+00
0.000000000000000000e+00
0.000000000000000000e+00
0.000000000000000000e+00
0.000000000000000000e+00
0.000000000000000000e+00
1.804694504947690348e-09
1.182406728084117731e-09
4.122491237268377517e-09
0.000000000000000000e+00
0.000000000000000000e+00
0.000000000000000000e+00
0.000000000000000000e+00
0.000000000000000000e+00
0.000000000000000000e+00
0.000000000000000000e+00
8.568076803605606528e-11
0.000000000000000000e+00
0.000000000000000000e+00
0.000000000000000000e+00
1.322725595720442016e-09
6.010402398004544011e-09
1.675625469488295494e-07
4.587380197929036285e-10
0.000000000000000000e+00
1.941144205375167076e-07
6.435060928566826988e-09
0.000000000000000000e+00
0.000000000000000000e+00
0.000000000000000000e+00
6.330040491775434930e-09
0.000000000000000000e+00
0.000000000000000000e+00
7.995424766704672948e-09
0.000000000000000000e+00
0.000000000000000000e+00
0.000000000000000000e+00
0.000000000000000000e+00
3.667414816277414502e-09
1.825500675067814882e-07
0.000000000000000000e+00
3.445067786600475301e-09
0.000000000000000000e+00
3.398072522031725384e-06
6.472744189522927627e-07
0.000000000000000000e+00
1.522667858466775215e-08
1.017579265294443758e-07
9.931734723522822605e-08
3.225289546548992803e-08
1.876961619018402416e-06
2.130906473496452236e-08
0.000000000000000000e+00
0.000000000000000000e+00
4.626197380730445730e-07
2.087692791974404827e-07
7.029144626358174719e-07
5.252953769740997814e-07
3.193602822193497559e-07
2.692736416065599769e-06
4.351502269628326758e-08
5.828873668178857770e-07
8.290197683891165070e-07
6.927602385076170322e-07
1.493449275358216255e-07
7.570864823946976685e-08
1.988211579373455606e-06
5.137758307682815939e-07
6.914164600857475307e-07
3.452080932220269460e-07
3.013088189618429169e-06
4.351785776179895038e-08
2.218607733084354550e-07
0.000000000000000000e+00
3.951599225615609612e-08
5.455751761473948136e-07
3.379070889764079766e-08
1.749582679622108117e-06
9.079730034500244074e-08
0.000000000000000000e+00
0.000000000000000000e+00
0.000000000000000000e+00
2.056918940729346446e-10
0.000000000000000000e+00
2.206244289482128806e-07
1.119139003691316248e-08
8.244956717362583731e-08
4.067575165578318774e-09
0.000000000000000000e+00
0.000000000000000000e+00
2.131937071325751276e-09
0.000000000000000000e+00
2.486167716142517747e-09
0.000000000000000000e+00
0.000000000000000000e+00
3.157659307362337131e-07
0.000000000000000000e+00
0.000000000000000000e+00
0.000000000000000000e+00
0.000000000000000000e+00
6.693186378470272757e-07
5.252309698278168071e-09
0.000000000000000000e+00
0.000000000000000000e+00
0.000000000000000000e+00
0.000000000000000000e+00
0.000000000000000000e+00
0.000000000000000000e+00
0.000000000000000000e+00
0.000000000000000000e+00
0.000000000000000000e+00
7.887596353839398944e-08
0.000000000000000000e+00
0.000000000000000000e+00
1.063768380049623374e-07
0.000000000000000000e+00
4.408486020679447392e-09
0.000000000000000000e+00
0.000000000000000000e+00
9.993859748647082597e-06
0.000000000000000000e+00
0.000000000000000000e+00
0.000000000000000000e+00
0.000000000000000000e+00
0.000000000000000000e+00
5.310573669703444466e-08
0.000000000000000000e+00
0.000000000000000000e+00
0.000000000000000000e+00
0.000000000000000000e+00
0.000000000000000000e+00
0.000000000000000000e+00
7.007797009350724693e-09
0.000000000000000000e+00
0.000000000000000000e+00
9.442789883351565550e-10
0.000000000000000000e+00
2.187600101066777825e-09
1.721299440760049038e-07
2.219124883851009145e-09
6.862605346213968005e-07
2.860714971575362142e-07
0.000000000000000000e+00
6.062294666264733678e-09
3.260885250710998662e-08
2.295437973032221635e-08
1.166070795477480715e-08
2.963916188036819221e-07
1.814360550689286811e-09
0.000000000000000000e+00
0.000000000000000000e+00
9.549644630624243291e-09
7.351184763138007838e-07
0.000000000000000000e+00
3.899991796174617775e-08
1.908449348775320686e-06
0.000000000000000000e+00
9.269453471461019944e-08
0.000000000000000000e+00
5.788222345870508434e-09
0.000000000000000000e+00
8.783899829722940922e-09
0.000000000000000000e+00
1.074348148222270538e-07
3.359725386786749368e-09
0.000000000000000000e+00
0.000000000000000000e+00
1.149338231698493473e-06
0.000000000000000000e+00
2.350846557419572491e-07
1.027624385585568234e-08
0.000000000000000000e+00
0.000000000000000000e+00
0.000000000000000000e+00
0.000000000000000000e+00
1.487505585373583017e-07
0.000000000000000000e+00
1.133701289290911518e-06
1.017613726617128123e-07
0.000000000000000000e+00
5.159277893795888303e-09
3.359045592787879286e-07
0.000000000000000000e+00
2.516995323276205454e-07
2.830742307224909382e-09
6.738468449896117818e-09
0.000000000000000000e+00
0.000000000000000000e+00
0.000000000000000000e+00
0.000000000000000000e+00
3.480490562424165546e-09
7.851705063899316883e-09
0.000000000000000000e+00
0.000000000000000000e+00
6.038605726566004250e-10
6.453763745639662375e-09
2.624319206390168802e-09
1.665111604154390079e-09
4.402435749284450139e-08
4.706178344804357039e-07
2.785394137561070238e-09
1.643222731217974797e-07
8.049470068272057688e-08
1.964715181657084031e-07
5.431267027233843692e-07
0.000000000000000000e+00
0.000000000000000000e+00
4.621313678399019409e-07
0.000000000000000000e+00
5.769265953858848661e-09
5.772866416009492241e-07
8.750546953706361819e-07
9.118794608298230742e-09
4.396044346322014462e-07
1.143942427006550133e-06
4.604189598467200994e-06
8.095172177036147332e-08
2.079906948893039953e-07
7.523527756347903050e-07
2.007784132729284465e-06
9.258553745894460008e-07
2.653794695106626023e-07
1.966895695204584626e-07
9.128781925937801134e-07
7.723267572146141902e-07
1.134067844077435439e-07
8.236086301849354641e-08
8.427276654288107238e-09
3.867785096645093290e-07
3.558812977644265629e-06
0.000000000000000000e+00
0.000000000000000000e+00
6.702561222482472658e-06
1.971632400454836898e-06
1.405163516210450325e-06
2.464491615228325827e-07
1.017400904856913257e-06
1.165143430625903420e-07
6.951383113573683659e-08
5.220511800629878962e-10
0.000000000000000000e+00
1.932974136309439928e-08
0.000000000000000000e+00
2.750492456016218057e-08
6.603414135497587267e-07
1.314552520170764183e-07
0.000000000000000000e+00
0.000000000000000000e+00
0.000000000000000000e+00
1.359088855679146945e-06
2.839426471723527357e-10
0.000000000000000000e+00
2.287772304043755867e-06
0.000000000000000000e+00
0.000000000000000000e+00
0.000000000000000000e+00
0.000000000000000000e+00
1.565322378382916213e-07
1.316283544383622939e-07
8.059274136940075550e-09
1.852539668334429734e-07
0.000000000000000000e+00
0.000000000000000000e+00
2.277033956943341764e-07
0.000000000000000000e+00
0.000000000000000000e+00
3.444884271175396862e-07
0.000000000000000000e+00
4.800296604656750787e-09
0.000000000000000000e+00
0.000000000000000000e+00
0.000000000000000000e+00
1.597912557826930424e-08
0.000000000000000000e+00
1.044080155665483289e-09
0.000000000000000000e+00
0.000000000000000000e+00
6.823685225754161365e-07
0.000000000000000000e+00
0.000000000000000000e+00
0.000000000000000000e+00
0.000000000000000000e+00
0.000000000000000000e+00
1.794134729671270634e-09
0.000000000000000000e+00
0.000000000000000000e+00
0.000000000000000000e+00
6.213365821849947679e-09
0.000000000000000000e+00
0.000000000000000000e+00
1.571223684493361361e-08
0.000000000000000000e+00
3.591968944505197214e-10
0.000000000000000000e+00
0.000000000000000000e+00
7.534425860988847035e-10
0.000000000000000000e+00
1.148675323747738730e-07
0.000000000000000000e+00
2.588630199085173444e-09
0.000000000000000000e+00
0.000000000000000000e+00
0.000000000000000000e+00
0.000000000000000000e+00
0.000000000000000000e+00
0.000000000000000000e+00
0.000000000000000000e+00
3.636943972651351942e-07
9.548347001953061408e-09
0.000000000000000000e+00
0.000000000000000000e+00
0.000000000000000000e+00
1.814268069111335535e-09
0.000000000000000000e+00
0.000000000000000000e+00
4.865841951584570779e-09
0.000000000000000000e+00
6.864064427958282977e-09
0.000000000000000000e+00
0.000000000000000000e+00
0.000000000000000000e+00
0.000000000000000000e+00
0.000000000000000000e+00
0.000000000000000000e+00
3.972205675495388277e-08
0.000000000000000000e+00
0.000000000000000000e+00
0.000000000000000000e+00
4.442966655915370211e-06
8.784786018622980919e-07
0.000000000000000000e+00
0.000000000000000000e+00
4.566202527200857730e-09
0.000000000000000000e+00
0.000000000000000000e+00
0.000000000000000000e+00
0.000000000000000000e+00
1.089009415977670869e-08
4.597057312594188261e-08
4.258360775111214025e-07
0.000000000000000000e+00
2.920203598932857858e-07
4.061224444740219042e-06
7.810230329141631955e-08
2.576052615665958001e-08
3.422502913963398896e-06
0.000000000000000000e+00
4.871333914024944534e-08
2.445165137032745406e-07
4.007023903795925435e-07
4.497459826779959258e-08
2.412453454780916218e-07
4.944307420373661444e-06
0.000000000000000000e+00
0.000000000000000000e+00
2.603115945021272637e-06
1.523642026768357027e-06
0.000000000000000000e+00
1.371155775586885284e-07
4.711953494052067981e-08
4.895819305517079556e-10
0.000000000000000000e+00
0.000000000000000000e+00
1.140386189035780262e-06
2.055076720353099518e-06
1.340036170915936964e-08
0.000000000000000000e+00
9.307765139965340495e-06
0.000000000000000000e+00
6.329524353532178793e-07
0.000000000000000000e+00
5.717187718801142182e-07
1.359482553198176902e-07
0.000000000000000000e+00
0.000000000000000000e+00
2.868938224764860934e-07
2.698748113871829446e-09
3.829295565083157271e-07
1.382220347068141564e-07
0.000000000000000000e+00
9.986715454601835518e-09
0.000000000000000000e+00
0.000000000000000000e+00
5.993511020818687030e-09
0.000000000000000000e+00
0.000000000000000000e+00
0.000000000000000000e+00
2.028832923883783224e-08
1.093437049348722212e-06
7.034306470643514331e-10
0.000000000000000000e+00
5.207759201653061609e-08
1.380545313622860704e-07
0.000000000000000000e+00
0.000000000000000000e+00
1.074243755283532664e-06
0.000000000000000000e+00
1.886598655076454634e-10
4.157239275048851823e-10
0.000000000000000000e+00
2.181057197958580218e-06
0.000000000000000000e+00
7.987148364918539301e-08
0.000000000000000000e+00
0.000000000000000000e+00
0.000000000000000000e+00
0.000000000000000000e+00
2.105466876400896581e-07
0.000000000000000000e+00
2.286466660450514610e-08
0.000000000000000000e+00
9.953081026026211475e-09
4.883512616515872651e-08
1.047886777350015564e-09
3.301882500750252802e-08
2.008027877309359610e-08
1.814179029224760598e-09
3.975928475341561352e-09
0.000000000000000000e+00
8.459466016574879177e-09
1.262674800273089204e-06
2.384612400874175364e-07
0.000000000000000000e+00
0.000000000000000000e+00
9.478245743821389624e-09
0.000000000000000000e+00
0.000000000000000000e+00
0.000000000000000000e+00
0.000000000000000000e+00
0.000000000000000000e+00
0.000000000000000000e+00
6.053914148651529104e-06
0.000000000000000000e+00
0.000000000000000000e+00
0.000000000000000000e+00
1.433702667696934441e-08
0.000000000000000000e+00
7.036904037249769317e-08
0.000000000000000000e+00
2.906703855387604563e-07
0.000000000000000000e+00
0.000000000000000000e+00
3.534279358063940890e-06
8.550512520244524239e-10
2.890589989590353071e-10
3.473701881695490101e-10
9.034481607272937254e-09
0.000000000000000000e+00
0.000000000000000000e+00
1.336507807536690962e-06
0.000000000000000000e+00
0.000000000000000000e+00
0.000000000000000000e+00
0.000000000000000000e+00
5.358104715469380608e-08
1.739256845212366898e-06
0.000000000000000000e+00
0.000000000000000000e+00
1.143321171070965647e-08
0.000000000000000000e+00
2.304545887454878539e-08
4.663593529130594106e-07
1.184238396234604807e-08
1.618674559722421691e-06
1.117296596930827945e-05
0.000000000000000000e+00
1.069252334673365112e-06
0.000000000000000000e+00
3.805962123237804917e-08
1.817783868318656459e-06
5.284667849991819821e-07
2.024585910476162098e-06
1.954978756657510530e-07
3.206712335668271407e-06
0.000000000000000000e+00
6.442694377994939714e-09
2.176179014767853914e-09
1.450915942946551240e-09
2.299301726793601119e-08
1.738392398920041160e-07
2.123047408986167284e-07
0.000000000000000000e+00
2.652601779118413106e-06
0.000000000000000000e+00
7.291035331036255229e-08
8.198342449361462059e-09
0.000000000000000000e+00
0.000000000000000000e+00
2.826079708029283211e-07
8.114296790040498308e-09
0.000000000000000000e+00
0.000000000000000000e+00
0.000000000000000000e+00
4.183354178621812025e-07
6.619787029649160104e-08
0.000000000000000000e+00
0.000000000000000000e+00
0.000000000000000000e+00
3.869108695653267205e-07
2.677959116681449814e-07
0.000000000000000000e+00
0.000000000000000000e+00
4.073954187333583832e-07
0.000000000000000000e+00
5.895584820336807752e-08
0.000000000000000000e+00
9.224981312172531034e-08
0.000000000000000000e+00
1.582113218212555239e-09
2.077511999232228845e-05
5.821025883534503009e-09
0.000000000000000000e+00
0.000000000000000000e+00
8.159101980709237978e-07
0.000000000000000000e+00
3.794486858055279299e-08
0.000000000000000000e+00
2.860049050923407776e-07
0.000000000000000000e+00
0.000000000000000000e+00
0.000000000000000000e+00
0.000000000000000000e+00
0.000000000000000000e+00
4.594145863734411250e-08
0.000000000000000000e+00
1.870545940363399495e-10
0.000000000000000000e+00
7.699393336224602535e-07
1.006967220718024691e-08
4.617899118652957213e-11
0.000000000000000000e+00
0.000000000000000000e+00
0.000000000000000000e+00
0.000000000000000000e+00
0.000000000000000000e+00
3.537082404747593500e-09
0.000000000000000000e+00
0.000000000000000000e+00
0.000000000000000000e+00
0.000000000000000000e+00
9.119328625573075442e-10
0.000000000000000000e+00
0.000000000000000000e+00
0.000000000000000000e+00
0.000000000000000000e+00
3.084456468016583131e-09
1.756890952719913912e-07
0.000000000000000000e+00
0.000000000000000000e+00
0.000000000000000000e+00
1.788257719681496383e-07
0.000000000000000000e+00
0.000000000000000000e+00
0.000000000000000000e+00
8.169599025054097297e-11
0.000000000000000000e+00
0.000000000000000000e+00
1.545882810205512214e-06
5.621724881166301202e-07
0.000000000000000000e+00
2.400758774001587881e-07
0.000000000000000000e+00
0.000000000000000000e+00
7.485061459533426387e-10
0.000000000000000000e+00
0.000000000000000000e+00
4.714872492428412443e-09
9.623642327483139525e-09
0.000000000000000000e+00
5.999100949338753708e-08
3.890166411224527110e-09
7.091215170618170305e-09
6.939450827303517144e-07
1.177968556476116646e-06
0.000000000000000000e+00
0.000000000000000000e+00
4.414676624264757265e-09
0.000000000000000000e+00
0.000000000000000000e+00
0.000000000000000000e+00
8.018391284281278786e-09
0.000000000000000000e+00
8.001150852976479655e-10
0.000000000000000000e+00
1.267994709230890749e-09
0.000000000000000000e+00
3.281705289737146813e-07
6.702328505525656510e-07
1.134864078267128207e-06
6.190322210386511870e-07
0.000000000000000000e+00
2.089716133468755288e-07
4.280861958250170574e-07
0.000000000000000000e+00
1.524869389868399594e-06
8.306776180688757449e-06
4.611483461758325575e-07
0.000000000000000000e+00
3.547021606209455058e-06
4.691917254717736796e-08
8.803754099062643945e-07
0.000000000000000000e+00
4.732854108624451328e-07
4.348035265167027319e-09
0.000000000000000000e+00
7.165476656467717476e-09
0.000000000000000000e+00
5.445693673777896038e-09
1.515071268443080044e-08
3.066651999006353435e-08
1.191594023453035334e-08
5.160771809897823914e-09
0.000000000000000000e+00
1.070817390314005024e-08
0.000000000000000000e+00
1.799373421818017960e-06
0.000000000000000000e+00
1.492937826697016135e-07
1.966781866258315858e-07
0.000000000000000000e+00
1.738496813175061106e-08
0.000000000000000000e+00
0.000000000000000000e+00
0.000000000000000000e+00
0.000000000000000000e+00
0.000000000000000000e+00
0.000000000000000000e+00
8.892418468242624385e-10
0.000000000000000000e+00
0.000000000000000000e+00
9.227461816863069544e-08
0.000000000000000000e+00
0.000000000000000000e+00
0.000000000000000000e+00
0.000000000000000000e+00
1.603036103858812567e-08
0.000000000000000000e+00
0.000000000000000000e+00
0.000000000000000000e+00
0.000000000000000000e+00
2.520863739974288364e-09
0.000000000000000000e+00
0.000000000000000000e+00
0.000000000000000000e+00
0.000000000000000000e+00
0.000000000000000000e+00
0.000000000000000000e+00
0.000000000000000000e+00
0.000000000000000000e+00
4.188880353694912628e-09
1.216527380165643990e-06
1.491574530554373723e-09
1.065823994395032059e-06
0.000000000000000000e+00
1.199188204736856278e-06
7.465307483300875901e-09
0.000000000000000000e+00
1.145350694287117221e-07
0.000000000000000000e+00
0.000000000000000000e+00
0.000000000000000000e+00
0.000000000000000000e+00
0.000000000000000000e+00
1.886917289084522054e-08
3.653927365121489856e-07
5.106677392063829757e-08
0.000000000000000000e+00
4.372434432298177853e-07
0.000000000000000000e+00
0.000000000000000000e+00
9.406693202151927835e-09
5.191230343370989431e-07
0.000000000000000000e+00
0.000000000000000000e+00
0.000000000000000000e+00
0.000000000000000000e+00
4.461369940145232249e-09
3.116858806606614962e-07
9.369300890682552563e-10
7.272612378983467352e-07
0.000000000000000000e+00
4.850613244400392432e-09
2.164329089282546192e-07
0.000000000000000000e+00
0.000000000000000000e+00
4.500323447231835416e-10
4.639018502672342947e-09
1.741263133681059116e-08
0.000000000000000000e+00
0.000000000000000000e+00
5.357442773856746498e-07
0.000000000000000000e+00
0.000000000000000000e+00
0.000000000000000000e+00
0.000000000000000000e+00
5.921686963006322912e-08
4.848369528076545976e-08
1.692536898190155625e-06
6.679717898805392906e-07
0.000000000000000000e+00
6.187569283611082938e-07
0.000000000000000000e+00
7.481377295448510267e-09
0.000000000000000000e+00
0.000000000000000000e+00
0.000000000000000000e+00
1.850772757272522995e-09
7.056925710458017420e-08
1.402796783622761723e-06
0.000000000000000000e+00
8.576403587312597665e-08
1.342334332576911038e-08
2.073741427466302412e-07
6.014231246354029281e-08
1.118880618378170766e-06
0.000000000000000000e+00
2.132764393536490388e-06
1.544040117984479821e-09
9.360402145830448717e-06
3.962675236834911630e-07
0.000000000000000000e+00
3.506579560053069144e-07
2.769469119812129065e-06
0.000000000000000000e+00
1.934864286567972158e-07
3.396989995962940156e-07
2.709963609959231690e-06
9.285066084885329474e-07
1.514509449407341890e-06
2.635666760397725739e-06
2.053680390190493199e-07
0.000000000000000000e+00
1.680910372670041397e-06
2.329842345716315322e-07
7.379983202326911851e-08
2.355712211965510505e-07
6.222673487599195141e-10
1.654005359341681469e-07
8.562707876080821734e-07
0.000000000000000000e+00
6.941634183021960780e-07
8.831133158082593582e-09
1.790796773093461525e-07
1.541111146252660546e-06
1.061179091266239993e-07
0.000000000000000000e+00
1.305782689087209292e-06
0.000000000000000000e+00
0.000000000000000000e+00
0.000000000000000000e+00
0.000000000000000000e+00
1.842019941022954299e-07
1.394510906749246715e-08
6.948784214699799122e-09
0.000000000000000000e+00
0.000000000000000000e+00
0.000000000000000000e+00
6.568759314262706539e-09
1.011226657965380582e-07
3.935757376893889159e-06
1.194853016528441003e-08
0.000000000000000000e+00
0.000000000000000000e+00
0.000000000000000000e+00
0.000000000000000000e+00
0.000000000000000000e+00
0.000000000000000000e+00
0.000000000000000000e+00
0.000000000000000000e+00
0.000000000000000000e+00
0.000000000000000000e+00
1.089761951789114391e-07
0.000000000000000000e+00
0.000000000000000000e+00
1.825687045986512658e-09
0.000000000000000000e+00
0.000000000000000000e+00
0.000000000000000000e+00
0.000000000000000000e+00
1.216837404172110837e-07
0.000000000000000000e+00
0.000000000000000000e+00
2.712166669027737953e-08
2.020477154474065173e-07
5.776366052145931462e-10
1.296071427958622735e-08
8.370577688765479252e-07
2.893993134023276070e-08
0.000000000000000000e+00
0.000000000000000000e+00
0.000000000000000000e+00
0.000000000000000000e+00
0.000000000000000000e+00
0.000000000000000000e+00
0.000000000000000000e+00
0.000000000000000000e+00
0.000000000000000000e+00
0.000000000000000000e+00
0.000000000000000000e+00
6.349158532259480126e-09
1.638416193827652023e-07
0.000000000000000000e+00
1.746192197060736362e-06
6.442957101171487011e-08
0.000000000000000000e+00
0.000000000000000000e+00
4.003978038014111007e-09
3.879638370563043281e-07
0.000000000000000000e+00
3.753348920554344659e-08
0.000000000000000000e+00
0.000000000000000000e+00
0.000000000000000000e+00
0.000000000000000000e+00
0.000000000000000000e+00
0.000000000000000000e+00
0.000000000000000000e+00
1.561740425870539184e-08
0.000000000000000000e+00
0.000000000000000000e+00
6.531238327944777211e-10
0.000000000000000000e+00
0.000000000000000000e+00
0.000000000000000000e+00
1.737063541895622620e-07
1.492633288080469356e-07
8.070794024206406903e-07
0.000000000000000000e+00
3.061447557684005005e-07
0.000000000000000000e+00
1.478931865861454753e-09
1.104008106267428957e-06
5.589827267726832360e-08
1.560869264949360513e-07
1.121023487371530791e-07
0.000000000000000000e+00
4.173301135779183824e-07
0.000000000000000000e+00
3.845765661480982089e-07
5.754515086664468981e-07
1.195127765640791040e-06
4.109312499167572241e-07
4.545868959038301682e-10
1.843373524934577290e-07
1.839683818616322242e-07
0.000000000000000000e+00
4.672714624120999360e-07
6.482900261062241043e-08
0.000000000000000000e+00
5.414039438988993425e-09
0.000000000000000000e+00
0.000000000000000000e+00
0.000000000000000000e+00
5.831736427097666819e-09
1.586165438993702992e-07
2.492648576435385621e-08
4.559146304927708115e-07
4.871240122383824200e-08
0.000000000000000000e+00
0.000000000000000000e+00
0.000000000000000000e+00
4.305002221371978521e-07
9.338155138038928271e-08
6.339394342802506799e-09
0.000000000000000000e+00
5.352001721803389955e-07
1.801404465595624060e-07
1.046790458758550812e-07
1.690650397456749943e-09
2.793878728368781594e-08
4.140151332876484958e-08
0.000000000000000000e+00
0.000000000000000000e+00
2.481993703895568615e-07
6.185301799632725306e-07
0.000000000000000000e+00
6.138078134654278983e-08
0.000000000000000000e+00
1.428675622250352717e-09
0.000000000000000000e+00
7.322915962504339404e-07
0.000000000000000000e+00
0.000000000000000000e+00
0.000000000000000000e+00
0.000000000000000000e+00
7.457155781764868152e-09
9.139914425304596080e-08
0.000000000000000000e+00
1.340332023147539076e-08
0.000000000000000000e+00
1.296206697531943064e-08
0.000000000000000000e+00
0.000000000000000000e+00
0.000000000000000000e+00
0.000000000000000000e+00
0.000000000000000000e+00
0.000000000000000000e+00
0.000000000000000000e+00
1.724201069919217844e-06
6.621613124480063561e-07
0.000000000000000000e+00
0.000000000000000000e+00
0.000000000000000000e+00
0.000000000000000000e+00
0.000000000000000000e+00
3.663074821247391810e-08
0.000000000000000000e+00
1.632764821124510490e-07
5.294272682476730552e-07
1.859851437302495469e-07
8.269725526588445064e-07
5.092441313081508270e-08
9.511810894480277057e-09
2.671979473234387115e-07
0.000000000000000000e+00
8.598041745244699996e-07
9.346299734147578420e-09
3.249503111035778602e-09
0.000000000000000000e+00
2.406146109024120960e-07
0.000000000000000000e+00
2.930525511146697681e-07
0.000000000000000000e+00
0.000000000000000000e+00
5.619682497126632370e-07
2.568601997765540546e-09
0.000000000000000000e+00
1.326994691908112145e-08
0.000000000000000000e+00
0.000000000000000000e+00
1.023259077470584089e-08
1.099053470454691706e-08
2.254373043797386345e-07
0.000000000000000000e+00
4.151041821387480013e-08
0.000000000000000000e+00
0.000000000000000000e+00
0.000000000000000000e+00
0.000000000000000000e+00
3.280486993162412546e-09
0.000000000000000000e+00
0.000000000000000000e+00
0.000000000000000000e+00
0.000000000000000000e+00
0.000000000000000000e+00
3.374259982535932068e-09
0.000000000000000000e+00
1.128452176146765851e-08
0.000000000000000000e+00
3.354481276085508057e-11
3.023847616745456435e-09
1.275648120468986235e-08
0.000000000000000000e+00
0.000000000000000000e+00
0.000000000000000000e+00
0.000000000000000000e+00
0.000000000000000000e+00
0.000000000000000000e+00
9.884021068273796118e-08
0.000000000000000000e+00
4.647563667248277852e-09
3.406952941986673977e-09
0.000000000000000000e+00
1.665869397982078226e-08
0.000000000000000000e+00
0.000000000000000000e+00
5.577055617322912440e-07
0.000000000000000000e+00
3.364019107721105684e-07
3.046105589987746498e-09
1.517851160315331072e-07
0.000000000000000000e+00
4.801165021106612585e-10
0.000000000000000000e+00
2.723607783750026101e-09
0.000000000000000000e+00
0.000000000000000000e+00
4.738300418694052496e-09
0.000000000000000000e+00
9.537409972892874066e-09
1.048156264005228877e-07
0.000000000000000000e+00
2.264421183895137801e-08
2.200669541707611643e-06
1.781775040399224963e-06
1.016495275507622864e-06
1.237109790963586420e-05
3.131253606625250541e-06
7.432166171383869369e-07
2.466686339630541625e-07
1.307627485402917955e-06
1.111171286538592540e-06
7.381648288173892070e-07
5.470618589242803864e-07
4.118494985050347168e-07
3.908854523615445942e-06
3.989549668403924443e-08
8.295679435832425952e-06
0.000000000000000000e+00
0.000000000000000000e+00
9.520795707373963523e-09
0.000000000000000000e+00
0.000000000000000000e+00
5.707046852876374032e-07
0.000000000000000000e+00
9.278835477743996307e-09
0.000000000000000000e+00
3.518712077266172855e-08
0.000000000000000000e+00
8.306539598379458766e-07
0.000000000000000000e+00
5.047377182876289226e-09
0.000000000000000000e+00
0.000000000000000000e+00
0.000000000000000000e+00
0.000000000000000000e+00
9.303701808960340713e-09
3.808279025463434664e-09
0.000000000000000000e+00
0.000000000000000000e+00
0.000000000000000000e+00
0.000000000000000000e+00
0.000000000000000000e+00
8.704444809382039239e-08
0.000000000000000000e+00
0.000000000000000000e+00
0.000000000000000000e+00
0.000000000000000000e+00
7.874123753026651684e-07
8.652867222735949326e-07
0.000000000000000000e+00
0.000000000000000000e+00
0.000000000000000000e+00
0.000000000000000000e+00
1.464358773128893176e-10
0.000000000000000000e+00
0.000000000000000000e+00
1.697438989367583417e-07
0.000000000000000000e+00
0.000000000000000000e+00
0.000000000000000000e+00
0.000000000000000000e+00
3.361462859174935147e-06
1.242085434505213470e-09
0.000000000000000000e+00
0.000000000000000000e+00
8.377110560786604765e-09
0.000000000000000000e+00
0.000000000000000000e+00
0.000000000000000000e+00
0.000000000000000000e+00
0.000000000000000000e+00
1.320878055821594899e-07
3.657621538977195996e-09
0.000000000000000000e+00
0.000000000000000000e+00
5.145815440421586118e-10
0.000000000000000000e+00
0.000000000000000000e+00
0.000000000000000000e+00
9.485723317936844978e-09
2.849874363164417446e-07
2.388614177561976248e-07
3.648776100817485712e-06
1.465123311561455921e-08
6.362534499260164012e-09
3.712479497153253760e-07
3.650109476893703686e-07
2.480598766396724386e-07
6.603379620884197720e-09
1.726535742818668950e-06
4.634705419448437169e-06
3.794690144331980264e-07
2.189232418459141627e-06
9.098493336523461039e-08
5.475813395605655387e-06
3.313611216526624048e-07
3.616928268002084224e-07
4.664856021463492652e-07
1.927304310811450705e-06
2.622148031150572933e-06
1.126237769710769498e-08
7.651319720025639981e-07
1.674645318416878581e-06
1.125200583373953123e-06
7.098447554199083243e-07
4.336311576480511576e-07
9.879938289714118582e-08
5.649525736117766428e-09
4.038804775063908892e-07
0.000000000000000000e+00
8.573993959259951225e-09
1.282137418456841260e-08
1.552045432617887855e-06
1.724695053439972980e-08
0.000000000000000000e+00
0.000000000000000000e+00
0.000000000000000000e+00
3.364324596688561542e-09
3.772144339109217981e-07
4.420154766648920486e-07
2.723429588513681665e-06
1.202728299176669680e-07
1.475648900850501377e-06
6.820200724177993834e-07
0.000000000000000000e+00
5.072366970892971949e-09
3.847249185895407209e-10
0.000000000000000000e+00
0.000000000000000000e+00
6.371576599661921136e-09
1.288966245738265570e-06
5.955356755293905735e-06
3.611253987401141785e-06
4.684042380631581182e-07
1.862361727944517042e-06
2.687123128453094978e-07
0.000000000000000000e+00
3.241272850118548376e-07
8.041207166797903483e-08
2.980940161378953235e-09
2.139616123164600481e-10
5.343401277002612915e-10
1.577471486768899922e-08
2.682688027277890797e-08
1.763681325428478885e-06
0.000000000000000000e+00
0.000000000000000000e+00
0.000000000000000000e+00
1.196669927594484761e-07
6.444365396873763530e-08
2.054488732028403319e-06
1.718079289947382904e-10
1.809944016883946460e-08
2.748179497302771779e-07
4.517329159625660395e-07
7.443599656653532293e-07
7.790780500727123581e-07
5.120520654600113630e-06
4.070632826369546819e-07
1.213849714076786768e-07
3.334127427478961181e-07
2.384681693001766689e-06
1.679713790281311958e-07
0.000000000000000000e+00
5.522365231769299498e-09
1.020450390853966383e-10
1.330061536464199889e-06
6.426562322303652763e-07
1.954714576868354925e-07
2.124968645489389019e-09
1.639261739683206542e-07
6.030940085111069493e-07
0.000000000000000000e+00
2.348695886666973820e-07
4.339630379490699852e-07
7.580442940025022835e-08
1.199672965412901249e-06
5.593017249339027330e-07
0.000000000000000000e+00
3.628812521583313355e-07
1.696997742328676395e-07
9.117918864376406418e-08
0.000000000000000000e+00
3.201129175067762844e-06
8.602170531446517998e-09
8.024172188925149385e-07
0.000000000000000000e+00
8.857177817844785750e-07
4.222308724877166242e-09
1.147047901106645895e-09
0.000000000000000000e+00
0.000000000000000000e+00
6.159932297578052385e-08
6.163398325043090153e-08
0.000000000000000000e+00
7.674463731177638692e-09
4.001090019301045686e-06
1.897019615171302576e-06
2.370640999060924514e-07
1.971865913219517097e-06
9.082567231644134154e-08
9.680777957044028881e-09
1.305086357206164394e-06
2.986054958853401331e-09
0.000000000000000000e+00
1.217497880290352441e-09
1.293341789221358340e-08
1.849846498203078227e-08
8.109629412444974150e-09
4.764078482821787475e-07
2.926161869254428893e-06
5.801369411528867204e-07
8.176058940989605617e-07
8.204095180985859770e-10
0.000000000000000000e+00
3.036519956367556006e-06
0.000000000000000000e+00
2.624104126880411059e-06
3.039450080510874841e-10
1.841734956542495638e-06
8.941315243760072917e-09
1.423556227564404253e-06
8.751941749096658896e-08
3.639585699488634418e-08
1.364773765999416355e-06
1.832675309287878918e-07
7.314355912058090325e-07
6.084491133151459508e-07
8.794440873316489160e-07
1.307030572661460610e-07
2.127013658537180163e-07
4.813826990357483737e-07
5.851620130670198705e-07
4.165713107795454562e-07
7.427535475557078826e-09
2.678833880054298788e-06
0.000000000000000000e+00
4.328956038079923019e-07
0.000000000000000000e+00
1.785648805707751308e-06
0.000000000000000000e+00
4.250424900931193406e-09
5.454034521790163126e-07
1.828101403589244001e-08
0.000000000000000000e+00
2.682427520994679071e-06
0.000000000000000000e+00
0.000000000000000000e+00
0.000000000000000000e+00
0.000000000000000000e+00
9.285444080298077552e-10
0.000000000000000000e+00
0.000000000000000000e+00
2.680113553310548014e-08
0.000000000000000000e+00
4.398616226808371721e-07
1.185185638519214990e-07
6.804129952797666192e-06
5.837696548383064510e-08
6.880523869767785072e-06
1.855305575837462584e-09
4.493584526699123671e-08
1.182859818982251454e-07
0.000000000000000000e+00
0.000000000000000000e+00
0.000000000000000000e+00
0.000000000000000000e+00
0.000000000000000000e+00
4.442103129775887282e-09
3.197425940015818924e-06
5.811227943297581078e-09
3.469468490280291917e-09
5.663865376703824950e-09
0.000000000000000000e+00
4.094791616893189712e-09
0.000000000000000000e+00
3.327647046802439945e-09
1.039922015166894198e-08
2.572529567146375484e-08
1.789613293112779502e-07
2.188517589374328054e-09
0.000000000000000000e+00
0.000000000000000000e+00
0.000000000000000000e+00
8.199332114600110799e-06
2.121727016302088487e-09
9.915415155603568564e-09
4.170612744047730303e-09
1.054350118323554852e-08
1.449242148510165862e-07
2.197110049451111990e-08
6.534792151846602337e-11
6.837660180281091016e-07
1.952595738430318306e-07
1.483727828599512577e-06
7.559349768371248501e-08
0.000000000000000000e+00
9.491580854614767304e-09
1.883372107158720610e-07
4.397205941586435074e-07
4.462151082407217473e-06
2.928776723365444923e-07
4.612377892954100389e-07
3.276899196436033890e-09
2.976268262955272803e-07
9.700081449182107463e-08
2.599378831291687675e-06
0.000000000000000000e+00
1.332776777829280945e-09
7.226098830415139673e-09
1.753573144469555700e-07
2.358952997383312322e-07
0.000000000000000000e+00
0.000000000000000000e+00
6.315580662885622587e-07
2.644959806730184937e-08
0.000000000000000000e+00
0.000000000000000000e+00
0.000000000000000000e+00
3.169383333556652360e-08
5.432483476397464983e-07
0.000000000000000000e+00
7.359123088690466830e-08
0.000000000000000000e+00
9.146515935753996018e-07
0.000000000000000000e+00
3.721464281625230797e-06
4.416881083102452976e-09
0.000000000000000000e+00
0.000000000000000000e+00
1.424737994248914674e-09
0.000000000000000000e+00
0.000000000000000000e+00
4.704899225771441706e-08
5.152291926435736968e-09
0.000000000000000000e+00
1.735696741889114492e-06
2.999118464686034713e-07
1.257562445289295283e-07
2.453771186239350754e-09
5.488194005920377094e-07
0.000000000000000000e+00
0.000000000000000000e+00
0.000000000000000000e+00
1.799223127818549983e-06
0.000000000000000000e+00
0.000000000000000000e+00
0.000000000000000000e+00
0.000000000000000000e+00
1.306528076838731067e-07
1.936912440214655362e-06
0.000000000000000000e+00
0.000000000000000000e+00
7.321527384362980229e-09
3.698057327028436703e-08
2.729617598618006014e-08
2.444637175358366221e-06
0.000000000000000000e+00
3.354508848474324623e-08
1.794736270710473036e-08
2.441731039581895857e-09
0.000000000000000000e+00
7.617325437081490236e-09
9.757584074066016910e-09
3.473258070041396195e-10
8.268933454624871615e-11
9.130014433367250604e-08
0.000000000000000000e+00
0.000000000000000000e+00
0.000000000000000000e+00
5.154017799213761464e-07
0.000000000000000000e+00
0.000000000000000000e+00
9.198087980166747002e-08
4.185210116247617407e-07
6.255516993292076222e-09
6.737649549393154302e-09
0.000000000000000000e+00
0.000000000000000000e+00
0.000000000000000000e+00
0.000000000000000000e+00
1.625624790335677972e-08
5.734650088129455980e-08
4.094542873644968495e-07
5.732989052376069594e-07
6.585703999917313922e-07
2.816084133883123286e-06
1.471532073082926217e-06
4.207217045859579230e-07
2.435961987679036156e-10
2.425071556899638381e-07
0.000000000000000000e+00
6.887097470098524354e-07
0.000000000000000000e+00
7.265597332661855035e-07
3.226959108815208310e-07
2.666078557922446635e-07
4.896616587757307570e-07
1.587627366461674683e-06
1.185585318808080046e-07
3.473137155651784269e-07
1.640601321462042961e-09
4.860165603304267279e-08
5.368775077840837184e-07
0.000000000000000000e+00
2.144419340766035020e-06
7.615197006316520856e-08
2.142025323337293230e-06
1.656101034086532309e-07
6.522238304995653380e-09
1.152004301729903091e-06
9.501376574405639985e-09
2.693862597880070098e-06
7.122387160052312538e-07
8.194283651619116426e-08
1.550081805135050672e-07
0.000000000000000000e+00
3.588534809750854038e-06
1.710870606075332034e-06
2.573438129260807727e-09
3.677219808650988853e-07
0.000000000000000000e+00
4.469991932154471215e-09
7.158942025853320956e-07
0.000000000000000000e+00
0.000000000000000000e+00
0.000000000000000000e+00
0.000000000000000000e+00
1.709265090577005708e-10
0.000000000000000000e+00
1.622764216335781384e-07
0.000000000000000000e+00
0.000000000000000000e+00
0.000000000000000000e+00
3.936536874249441098e-09
0.000000000000000000e+00
0.000000000000000000e+00
0.000000000000000000e+00
0.000000000000000000e+00
2.012774495685487608e-12
0.000000000000000000e+00
0.000000000000000000e+00
0.000000000000000000e+00
0.000000000000000000e+00
0.000000000000000000e+00
2.238127461140493324e-10
1.188650733396912074e-09
0.000000000000000000e+00
8.440142806875883252e-09
2.121503639429533905e-09
1.589203435514718876e-08
1.900463120207973589e-09
0.000000000000000000e+00
3.919239932592688547e-10
0.000000000000000000e+00
1.554682604876234109e-08
3.819518923364739749e-09
0.000000000000000000e+00
1.124900728122213422e-09
0.000000000000000000e+00
1.044996338350756560e-07
3.853817265309089635e-09
0.000000000000000000e+00
7.920853972720465208e-10
1.006828664884551472e-08
1.307954278217948740e-08
1.158224294250942421e-09
0.000000000000000000e+00
0.000000000000000000e+00
5.632847077663427626e-09
2.368440443767383385e-10
9.033137793323930964e-09
2.393970133240941323e-09
0.000000000000000000e+00
0.000000000000000000e+00
0.000000000000000000e+00
1.695091498277179198e-07
7.191887974045130250e-09
2.399369058991851489e-08
2.306621126990648918e-06
0.000000000000000000e+00
3.856271391100563051e-08
6.083181460780906491e-07
6.289769203249306884e-07
2.120862596655115340e-08
2.950503485976696538e-08
2.055761250119303440e-08
3.581455132461996982e-09
1.660036446082813200e-06
0.000000000000000000e+00
2.754735994869861315e-09
2.610023663862648391e-08
5.170779331820085645e-06
8.546843588419505977e-08
2.069401716653374024e-06
2.677130055417364929e-07
5.734785872846259736e-07
1.210325262235301125e-08
1.110330572373641189e-06
4.458455293843144318e-07
0.000000000000000000e+00
4.143974763337610057e-07
4.309535484026127961e-08
0.000000000000000000e+00
4.437896677700337023e-06
5.858874985165130056e-08
2.583367120223556412e-07
1.054549301215956802e-07
7.529383339033302036e-08
1.338750443835579063e-08
2.955659738290705718e-06
3.237685461954242783e-07
1.314048176936921664e-06
3.100644221376569476e-07
4.445510910500161117e-07
3.769353497773408890e-06
1.452460537620936520e-06
1.307272583517260500e-07
2.536905185479554348e-06
1.390885184804346864e-09
3.222098143851326313e-07
9.076993379153464048e-09
0.000000000000000000e+00
0.000000000000000000e+00
0.000000000000000000e+00
0.000000000000000000e+00
3.261081019445555285e-06
0.000000000000000000e+00
1.820101580563004973e-08
9.454883986848017230e-09
0.000000000000000000e+00
4.857215518683233313e-09
1.493901358173843619e-08
3.466232190163509586e-09
0.000000000000000000e+00
1.478360456275140677e-08
1.422019636265758891e-06
3.069043714276631363e-06
6.587016487813457388e-10
1.010715511284843160e-09
0.000000000000000000e+00
6.633890166085620876e-07
1.173451114055978906e-09
4.908999318153917102e-10
0.000000000000000000e+00
0.000000000000000000e+00
0.000000000000000000e+00
0.000000000000000000e+00
0.000000000000000000e+00
0.000000000000000000e+00
0.000000000000000000e+00
4.541837572702434045e-09
2.173216273604339221e-09
0.000000000000000000e+00
3.629882257882854901e-06
7.838290372319534072e-08
8.193974387893376843e-09
3.972364659432514600e-09
0.000000000000000000e+00
1.518098883934726473e-06
1.240215596887139782e-09
0.000000000000000000e+00
2.224280137852474581e-07
0.000000000000000000e+00
0.000000000000000000e+00
0.000000000000000000e+00
0.000000000000000000e+00
2.422397393786468456e-08
8.913060289827967608e-10
7.403119894888732233e-09
1.416520149177813437e-06
5.239234601717157602e-10
1.181932631766358099e-07
2.001747532176523237e-07
2.831772462741355412e-06
2.921925590371188264e-09
2.687054134753452672e-09
0.000000000000000000e+00
9.824010476222611032e-07
9.772753273296075349e-09
1.462315992739604553e-07
1.919193408639330301e-07
2.643579364303150214e-06
0.000000000000000000e+00
2.934637848284182837e-07
1.232028807862661779e-07
4.280419148017244879e-07
2.304723466295399703e-06
3.746893639799964149e-07
0.000000000000000000e+00
2.943703520941198803e-07
4.449075845514016692e-07
1.512664056235735188e-07
0.000000000000000000e+00
2.191736001577737625e-07
4.774734065904340241e-07
0.000000000000000000e+00
1.216130581654928378e-11
7.870728950365446508e-06
0.000000000000000000e+00
2.188122181223661755e-07
1.431571039489654140e-08
0.000000000000000000e+00
2.611227856164077821e-08
2.188046366313756153e-08
0.000000000000000000e+00
8.096121746348217130e-07
0.000000000000000000e+00
2.506582164052417738e-10
4.087151506126929235e-09
2.923570718849077821e-09
5.772948270532651804e-07
4.950927667835003376e-09
3.681394522558889548e-09
5.025641414135861851e-08
0.000000000000000000e+00
0.000000000000000000e+00
0.000000000000000000e+00
6.580699505320808385e-07
4.317620039273606380e-08
3.096785690104297828e-07
0.000000000000000000e+00
0.000000000000000000e+00
0.000000000000000000e+00
0.000000000000000000e+00
3.120080975804739865e-07
0.000000000000000000e+00
0.000000000000000000e+00
4.698188948992765290e-09
3.748860422092548106e-07
0.000000000000000000e+00
0.000000000000000000e+00
7.873888563381115091e-08
0.000000000000000000e+00
0.000000000000000000e+00
0.000000000000000000e+00
2.751896488462080015e-08
1.063208742380084004e-06
1.906666540207879734e-07
0.000000000000000000e+00
0.000000000000000000e+00
2.153850431341197691e-09
0.000000000000000000e+00
0.000000000000000000e+00
0.000000000000000000e+00
0.000000000000000000e+00
1.702453467089526384e-08
0.000000000000000000e+00
2.542197785615485373e-09
8.920440386361860874e-09
1.177398623042336112e-09
1.140423666612377929e-08
0.000000000000000000e+00
0.000000000000000000e+00
0.000000000000000000e+00
1.755598077579634264e-06
4.493798222426903521e-09
0.000000000000000000e+00
0.000000000000000000e+00
0.000000000000000000e+00
1.820509520911173240e-09
5.829452032202198097e-09
0.000000000000000000e+00
0.000000000000000000e+00
8.585105071290399792e-09
0.000000000000000000e+00
0.000000000000000000e+00
0.000000000000000000e+00
4.760557601457549026e-07
0.000000000000000000e+00
0.000000000000000000e+00
0.000000000000000000e+00
0.000000000000000000e+00
9.157154146066659450e-09
0.000000000000000000e+00
0.000000000000000000e+00
3.996624420299355052e-10
0.000000000000000000e+00
5.466735397696709242e-10
2.155298517436676775e-07
2.175642066504224204e-06
2.461867325109778903e-06
2.725115777479913959e-08
1.189370323118055239e-06
6.885999255246133544e-07
1.058164912137726787e-06
1.310953962274652440e-06
2.526836624383577146e-07
6.857402468085638247e-07
1.434709588465921115e-06
6.183595928632712457e-07
1.511621690042375121e-06
0.000000000000000000e+00
9.699045122602001356e-09
6.667463914311611006e-09
9.752797041073790751e-07
3.802601895586121827e-07
8.990250210949568554e-10
2.850503051377017982e-07
8.644760463027978403e-09
0.000000000000000000e+00
6.012217568240885157e-08
0.000000000000000000e+00
4.758280880423626513e-08
1.024247353598184418e-06
4.213520851670260470e-11
1.350797163013339741e-08
0.000000000000000000e+00
0.000000000000000000e+00
5.923679964325856417e-07
6.938345222806674428e-07
0.000000000000000000e+00
2.652297553140670061e-06
1.022038873088604305e-06
0.000000000000000000e+00
6.689259066661179531e-07
1.631146005820482969e-06
0.000000000000000000e+00
6.481383252321393229e-07
0.000000000000000000e+00
0.000000000000000000e+00
6.839150955784134567e-06
6.063097246489235204e-10
2.876927283068653196e-07
6.129269092269851171e-09
0.000000000000000000e+00
0.000000000000000000e+00
2.954474165317577672e-10
7.765159182326897280e-09
3.202766718501948162e-09
0.000000000000000000e+00
6.135646213323298070e-09
0.000000000000000000e+00
0.000000000000000000e+00
0.000000000000000000e+00
6.651279527147835324e-11
0.000000000000000000e+00
6.448957812210664997e-09
0.000000000000000000e+00
0.000000000000000000e+00
0.000000000000000000e+00
7.714456295992988544e-10
0.000000000000000000e+00
2.941178550708301032e-11
0.000000000000000000e+00
6.827353127292212776e-10
3.178125096425787888e-09
2.482159477956713545e-10
5.882112574795428372e-10
5.081444101051602047e-07
8.623405989283128292e-09
4.139770817812582493e-11
1.979673786012270398e-10
5.237360323206985413e-09
7.795470935434423154e-09
7.477518160214913223e-09
2.507887675307074460e-09
1.122186787938517227e-09
0.000000000000000000e+00
3.735288078843268522e-09
2.420839528838314436e-09
4.920777119110653075e-09
1.545685179848987900e-08
0.000000000000000000e+00
1.448402509041102348e-09
2.426628620266768621e-10
7.593767392677364114e-09
5.378615886009185942e-10
0.000000000000000000e+00
1.880249428376501442e-10
0.000000000000000000e+00
0.000000000000000000e+00
8.543597829202553839e-09
2.864838366534172565e-09
5.071177255899783631e-09
7.917931199585837021e-09
0.000000000000000000e+00
3.145967264472915303e-09
5.126278956879559701e-09
2.089980739583552349e-07
7.322066952752948055e-09
1.727754828095839912e-08
1.025979301516599662e-09
0.000000000000000000e+00
0.000000000000000000e+00
5.869255801371764392e-07
7.965206805238267407e-08
3.204330667472277128e-08
2.859074310634923677e-09
2.191182346678033355e-07
1.371013667039733264e-07
7.847824008422321640e-07
5.362840482803221676e-08
3.860991739657038124e-07
1.841745529418403748e-07
0.000000000000000000e+00
1.950132855199626647e-06
1.192713170894421637e-06
1.302458485952229239e-06
0.000000000000000000e+00
0.000000000000000000e+00
8.494856729157618247e-08
1.259487891758226397e-08
1.366949078374091187e-07
2.217312555785611039e-07
4.305613643396100088e-08
2.033435890780310729e-07
2.700840262548354076e-08
4.853075452615485119e-08
7.414234914904227480e-07
1.209824063153064344e-08
1.439947936887620017e-06
2.206827929285282153e-07
3.868566977871523704e-07
5.632423416557230667e-09
2.045313474141607912e-09
0.000000000000000000e+00
0.000000000000000000e+00
0.000000000000000000e+00
0.000000000000000000e+00
2.165102541695773652e-09
0.000000000000000000e+00
0.000000000000000000e+00
4.303294360852305545e-07
6.676590391663239643e-10
4.306847767310273412e-09
8.543474194766531582e-08
2.249268220566591481e-07
0.000000000000000000e+00
2.342542826383464671e-09
6.514906392141028846e-10
0.000000000000000000e+00
0.000000000000000000e+00
8.810246282520139971e-11
3.930807395136071136e-07
0.000000000000000000e+00
0.000000000000000000e+00
0.000000000000000000e+00
0.000000000000000000e+00
3.293766326351033058e-08
1.397857403162561241e-07
0.000000000000000000e+00
2.037722424574894831e-06
7.817188674152930616e-09
0.000000000000000000e+00
2.098239974657190032e-06
0.000000000000000000e+00
0.000000000000000000e+00
0.000000000000000000e+00
0.000000000000000000e+00
0.000000000000000000e+00
0.000000000000000000e+00
0.000000000000000000e+00
3.851795611353736604e-07
6.195856716573189260e-09
2.887500905046636035e-08
1.447577204771732795e-07
1.422696538355694429e-08
3.544959215062704061e-09
1.171322168147526099e-07
2.221968031790311215e-07
8.854769362187653314e-08
2.686541620278148912e-07
2.026919503350654850e-07
3.817717342258220015e-08
6.266777177188487258e-07
1.035440050145552959e-06
0.000000000000000000e+00
0.000000000000000000e+00
7.311082295125004293e-10
0.000000000000000000e+00
0.000000000000000000e+00
0.000000000000000000e+00
0.000000000000000000e+00
1.833719920796283986e-06
0.000000000000000000e+00
1.679337486848453409e-07
0.000000000000000000e+00
0.000000000000000000e+00
0.000000000000000000e+00
0.000000000000000000e+00
0.000000000000000000e+00
0.000000000000000000e+00
2.550239486254213261e-08
7.152824554879089192e-09
1.997943321896400448e-08
1.394000692656049978e-09
8.536170881257021392e-09
0.000000000000000000e+00
2.799159515287641398e-10
0.000000000000000000e+00
0.000000000000000000e+00
2.254099129572750826e-09
0.000000000000000000e+00
0.000000000000000000e+00
2.942942547642934947e-12
0.000000000000000000e+00
0.000000000000000000e+00
0.000000000000000000e+00
0.000000000000000000e+00
0.000000000000000000e+00
0.000000000000000000e+00
0.000000000000000000e+00
0.000000000000000000e+00
5.621903653718618443e-08
0.000000000000000000e+00
2.743468030530493706e-07
0.000000000000000000e+00
0.000000000000000000e+00
4.480394011352473171e-07
1.221326556333224289e-06
8.789586836144280824e-09
1.696939307294087484e-06
2.004361704166512936e-06
1.593709043845592532e-06
0.000000000000000000e+00
0.000000000000000000e+00
3.066372187277011108e-07
0.000000000000000000e+00
0.000000000000000000e+00
2.458173412378528155e-06
2.678864632343902485e-07
5.509194579644827172e-06
2.878510940718115307e-08
0.000000000000000000e+00
4.618400772926634090e-09
4.405176241562003270e-06
3.948369737827306380e-07
1.593947445144294761e-07
0.000000000000000000e+00
2.690468292598779954e-08
1.184173925139475614e-06
0.000000000000000000e+00
0.000000000000000000e+00
1.197685719489527401e-07
2.749849954852834344e-06
3.299517326027512354e-09
0.000000000000000000e+00
3.883783294966747235e-10
7.416530820592015516e-07
2.606831799312203657e-07
4.093346495093186377e-11
3.455633779125832916e-09
2.659026998586000445e-09
6.938592633787266095e-08
0.000000000000000000e+00
0.000000000000000000e+00
0.000000000000000000e+00
1.517893899460887042e-08
2.437610362449049717e-07
2.952801558819828642e-09
4.128627750787927653e-08
7.048724626201874344e-08
0.000000000000000000e+00
0.000000000000000000e+00
0.000000000000000000e+00
0.000000000000000000e+00
0.000000000000000000e+00
8.514504656886856537e-10
0.000000000000000000e+00
6.858832790612723329e-08
2.587398739706259221e-07
2.122614306543368912e-09
6.635354111494962126e-06
9.009987422814447200e-09
7.193127427029821774e-09
1.054139715961355250e-06
0.000000000000000000e+00
5.499412480958199012e-09
3.101360945834130689e-08
2.244698732445371547e-10
9.600882577842639876e-08
0.000000000000000000e+00
0.000000000000000000e+00
1.583054132225925059e-09
6.043801015209737670e-10
1.883246447675901436e-09
0.000000000000000000e+00
1.198903376575799484e-08
1.228617740878235054e-08
1.348726783589881961e-07
2.446494029584300733e-08
4.280125551758828806e-07
0.000000000000000000e+00
0.000000000000000000e+00
5.190349270378646906e-07
0.000000000000000000e+00
9.258864253069987171e-08
1.013900341462203869e-08
0.000000000000000000e+00
0.000000000000000000e+00
1.538394599265302531e-06
0.000000000000000000e+00
1.292702449973148759e-06
1.431027657483596727e-10
0.000000000000000000e+00
7.757139997011108790e-07
6.891440307299490087e-08
7.530530155008818838e-08
2.464318882289262547e-08
2.430050017210305668e-06
1.075609020517731551e-06
3.599463695991289569e-07
0.000000000000000000e+00
3.276931863638310460e-07
0.000000000000000000e+00
9.345995977128040977e-07
3.256613354096771218e-06
0.000000000000000000e+00
1.846713644226838369e-06
6.492878235064836190e-09
1.259343775927845854e-07
5.946136383272460080e-08
0.000000000000000000e+00
3.713081042633348261e-08
2.101044754843073292e-10
0.000000000000000000e+00
7.654540468138293363e-08
0.000000000000000000e+00
5.700665539620786149e-08
0.000000000000000000e+00
0.000000000000000000e+00
5.884846245862718206e-07
5.483886411639105063e-07
3.981675267272777319e-10
3.062192988068090926e-08
0.000000000000000000e+00
0.000000000000000000e+00
0.000000000000000000e+00
4.779913354013842763e-08
0.000000000000000000e+00
0.000000000000000000e+00
0.000000000000000000e+00
0.000000000000000000e+00
1.275418867408006918e-06
0.000000000000000000e+00
0.000000000000000000e+00
1.441063002260989379e-08
0.000000000000000000e+00
0.000000000000000000e+00
9.281809987271572027e-09
0.000000000000000000e+00
0.000000000000000000e+00
0.000000000000000000e+00
3.903446668118704110e-07
0.000000000000000000e+00
0.000000000000000000e+00
0.000000000000000000e+00
1.007749172998728682e-08
0.000000000000000000e+00
9.549520063600880349e-10
0.000000000000000000e+00
0.000000000000000000e+00
3.835415096631322740e-09
0.000000000000000000e+00
9.558603863979442394e-08
7.149742486944887787e-08
5.313166084874865192e-08
7.276440783243742771e-09
1.867484167306088239e-09
2.348742533797576471e-09
0.000000000000000000e+00
0.000000000000000000e+00
0.000000000000000000e+00
0.000000000000000000e+00
0.000000000000000000e+00
1.166608129543611483e-11
5.405642600209148441e-10
0.000000000000000000e+00
0.000000000000000000e+00
0.000000000000000000e+00
0.000000000000000000e+00
0.000000000000000000e+00
0.000000000000000000e+00
0.000000000000000000e+00
0.000000000000000000e+00
3.961159872334363286e-11
0.000000000000000000e+00
2.028622825278603159e-09
4.625541283331813247e-09
2.575298307938567177e-10
2.980571345290172758e-10
1.094636714604746430e-09
0.000000000000000000e+00
0.000000000000000000e+00
1.144065658181814271e-11
1.464216694557762821e-07
0.000000000000000000e+00
2.397521825514559168e-07
4.174192103079121807e-09
0.000000000000000000e+00
0.000000000000000000e+00
0.000000000000000000e+00
0.000000000000000000e+00
0.000000000000000000e+00
0.000000000000000000e+00
0.000000000000000000e+00
0.000000000000000000e+00
8.901754888768209639e-09
0.000000000000000000e+00
0.000000000000000000e+00
0.000000000000000000e+00
0.000000000000000000e+00
0.000000000000000000e+00
0.000000000000000000e+00
0.000000000000000000e+00
0.000000000000000000e+00
0.000000000000000000e+00
4.728277325227736583e-09
2.599664407354485007e-11
0.000000000000000000e+00
1.745704358846467130e-09
0.000000000000000000e+00
0.000000000000000000e+00
0.000000000000000000e+00
6.947153519121229692e-09
0.000000000000000000e+00
0.000000000000000000e+00
0.000000000000000000e+00
0.000000000000000000e+00
0.000000000000000000e+00
0.000000000000000000e+00
0.000000000000000000e+00
0.000000000000000000e+00
0.000000000000000000e+00
1.704688168402412884e-09
0.000000000000000000e+00
0.000000000000000000e+00
0.000000000000000000e+00
3.360889566650371307e-09
9.584621238900581375e-07
0.000000000000000000e+00
0.000000000000000000e+00
0.000000000000000000e+00
0.000000000000000000e+00
5.264163327467485942e-09
0.000000000000000000e+00
2.494539685926611128e-09
0.000000000000000000e+00
1.211986955240718089e-07
0.000000000000000000e+00
1.913370368811229127e-07
0.000000000000000000e+00
2.673750998383184196e-08
0.000000000000000000e+00
1.233212199025501832e-09
0.000000000000000000e+00
1.841107488687043769e-09
2.898770667947303536e-10
5.148392129283863028e-12
0.000000000000000000e+00
1.648705172385689366e-09
0.000000000000000000e+00
0.000000000000000000e+00
0.000000000000000000e+00
0.000000000000000000e+00
3.436491716191092394e-11
7.879243368869026654e-10
2.021650402639352251e-09
0.000000000000000000e+00
0.000000000000000000e+00
0.000000000000000000e+00
0.000000000000000000e+00
0.000000000000000000e+00
0.000000000000000000e+00
0.000000000000000000e+00
0.000000000000000000e+00
0.000000000000000000e+00
0.000000000000000000e+00
0.000000000000000000e+00
0.000000000000000000e+00
0.000000000000000000e+00
0.000000000000000000e+00
0.000000000000000000e+00
0.000000000000000000e+00
1.295883400587172218e-09
0.000000000000000000e+00
0.000000000000000000e+00
0.000000000000000000e+00
1.685768885595351207e-10
0.000000000000000000e+00
3.451944152743635641e-08
3.698923819683841430e-06
0.000000000000000000e+00
2.881936325138667598e-07
1.966094345107194385e-07
0.000000000000000000e+00
1.617076122784055769e-06
1.019468527374556288e-06
0.000000000000000000e+00
3.890003199558123015e-07
1.300283543059777003e-06
7.362306320146672078e-08
3.197259843545907643e-07
5.519733115022518177e-09
3.277918381172639783e-07
4.996071889529218879e-10
8.590828883825452067e-07
5.025488007959211245e-07
4.647854893846670166e-06
0.000000000000000000e+00
3.400280377263698028e-07
9.110290761782380287e-07
0.000000000000000000e+00
3.967482786748632861e-09
0.000000000000000000e+00
4.908727078145602718e-07
0.000000000000000000e+00
0.000000000000000000e+00
2.886501171417421574e-08
0.000000000000000000e+00
1.725852598610799760e-07
5.042958495238281103e-09
0.000000000000000000e+00
0.000000000000000000e+00
2.311847824287838193e-09
0.000000000000000000e+00
0.000000000000000000e+00
0.000000000000000000e+00
0.000000000000000000e+00
0.000000000000000000e+00
8.942850016069314734e-09
0.000000000000000000e+00
0.000000000000000000e+00
0.000000000000000000e+00
0.000000000000000000e+00
0.000000000000000000e+00
0.000000000000000000e+00
0.000000000000000000e+00
0.000000000000000000e+00
0.000000000000000000e+00
0.000000000000000000e+00
0.000000000000000000e+00
3.157668571063254603e-09
7.864940698709688149e-09
7.843855009959099789e-10
2.329496817665699382e-09
2.673992938184710511e-08
0.000000000000000000e+00
1.647535441406944301e-07
0.000000000000000000e+00
0.000000000000000000e+00
5.488600152148137568e-08
0.000000000000000000e+00
0.000000000000000000e+00
0.000000000000000000e+00
3.548400906439042046e-09
0.000000000000000000e+00
0.000000000000000000e+00
0.000000000000000000e+00
0.000000000000000000e+00
0.000000000000000000e+00
0.000000000000000000e+00
0.000000000000000000e+00
0.000000000000000000e+00
1.183376298286020756e-06
4.260869559402635787e-07
3.251019506933516823e-07
0.000000000000000000e+00
0.000000000000000000e+00
0.000000000000000000e+00
0.000000000000000000e+00
0.000000000000000000e+00
0.000000000000000000e+00
1.971812491063928974e-09
6.604715849789499771e-07
0.000000000000000000e+00
1.637717073066369267e-09
0.000000000000000000e+00
0.000000000000000000e+00
0.000000000000000000e+00
0.000000000000000000e+00
0.000000000000000000e+00
0.000000000000000000e+00
0.000000000000000000e+00
0.000000000000000000e+00
7.782491984187345224e-09
0.000000000000000000e+00
0.000000000000000000e+00
0.000000000000000000e+00
2.934311904567721285e-09
0.000000000000000000e+00
0.000000000000000000e+00
0.000000000000000000e+00
0.000000000000000000e+00
0.000000000000000000e+00
0.000000000000000000e+00
0.000000000000000000e+00
0.000000000000000000e+00
1.141599526022218924e-08
0.000000000000000000e+00
0.000000000000000000e+00
2.084909134225654270e-09
0.000000000000000000e+00
0.000000000000000000e+00
0.000000000000000000e+00
1.354441003798001475e-09
1.485673584156188554e-09
3.725138419952145341e-09
2.939206638075120281e-07
1.654569992126653233e-08
4.611985389146866510e-07
0.000000000000000000e+00
0.000000000000000000e+00
0.000000000000000000e+00
1.862755425463546999e-07
1.646826717660587747e-06
5.184477686270838603e-06
8.050261790515378379e-09
7.992584372118471947e-09
1.220082257447074880e-09
1.005875901682884432e-06
2.813605988194467500e-06
1.526984649835583241e-09
7.005082380828753230e-08
3.949239271605620161e-06
4.967864697391632944e-07
1.121541970405814936e-07
5.045782245360896923e-07
2.935470035936305067e-07
1.223750984991056612e-07
2.331983068870613351e-06
0.000000000000000000e+00
1.026632162393070757e-06
0.000000000000000000e+00
2.332234458890525275e-07
2.318231281606131233e-06
6.467371083118678143e-09
1.344948032055981457e-06
1.719695745805438492e-07
8.903064099285984412e-07
0.000000000000000000e+00
0.000000000000000000e+00
9.186796212645731430e-09
1.429363919669413008e-06
7.747993549855891615e-06
2.825509909598622471e-06
0.000000000000000000e+00
5.168647589925967623e-07
0.000000000000000000e+00
3.437257305449747946e-07
9.639711606723722070e-08
3.289755801105798128e-09
1.180332631633973506e-08
1.796854576241457835e-07
5.122732105178329221e-08
1.545527084090281278e-06
1.792150641222178820e-07
2.956620335226034513e-07
0.000000000000000000e+00
0.000000000000000000e+00
2.105250018757942598e-08
0.000000000000000000e+00
4.845609282710938714e-07
4.134958347945527635e-11
5.203511510565306253e-10
8.564378539688277669e-09
0.000000000000000000e+00
0.000000000000000000e+00
0.000000000000000000e+00
0.000000000000000000e+00
0.000000000000000000e+00
4.489008986752196506e-08
3.248647129083792606e-09
6.986746257098275237e-07
5.274101988472779112e-11
1.753859946163061068e-09
0.000000000000000000e+00
2.438364399282022532e-09
2.929471942803019147e-11
5.178105944025901408e-09
2.410934563101818640e-09
0.000000000000000000e+00
7.288556425066872180e-10
0.000000000000000000e+00
6.564687904386801165e-09
0.000000000000000000e+00
0.000000000000000000e+00
0.000000000000000000e+00
6.050173251281876219e-09
3.391328995405729074e-09
8.282568160211667418e-07
8.561810318497009575e-07
1.467551524747534586e-09
0.000000000000000000e+00
3.831493344819136837e-09
8.911525739563330717e-09
0.000000000000000000e+00
3.666884595077135600e-06
2.684753974691034273e-09
1.301322938296323173e-09
5.978632344749712502e-08
0.000000000000000000e+00
1.848717943175870460e-06
0.000000000000000000e+00
0.000000000000000000e+00
4.535086084445083543e-09
0.000000000000000000e+00
4.447931356565959504e-09
3.132992976162540799e-09
0.000000000000000000e+00
0.000000000000000000e+00
1.235542557154190035e-09
5.512916789740529566e-10
0.000000000000000000e+00
9.552632018738904662e-10
7.020653391975884006e-09
2.149893041369921320e-10
3.354163169433377334e-09
4.048503199349795523e-11
0.000000000000000000e+00
9.823292179689246950e-11
4.605167802651521924e-09
1.700390583891930874e-08
0.000000000000000000e+00
0.000000000000000000e+00
1.467509780361808680e-09
0.000000000000000000e+00
0.000000000000000000e+00
5.514915746296367161e-10
3.133966641755137061e-09
0.000000000000000000e+00
8.378082255733332318e-11
4.886601973758120110e-12
2.581849400939972838e-07
6.035712885932298377e-06
6.401500218800038056e-09
0.000000000000000000e+00
0.000000000000000000e+00
5.475650155517541862e-09
0.000000000000000000e+00
2.572795865241062074e-10
1.178456377620706874e-11
2.594973569358671739e-09
3.851171381796802962e-09
2.387030850758975475e-10
0.000000000000000000e+00
5.765415922454053543e-10
0.000000000000000000e+00
0.000000000000000000e+00
5.568495664576289528e-10
1.551293316026658431e-09
0.000000000000000000e+00
0.000000000000000000e+00
9.687321167461959703e-09
0.000000000000000000e+00
8.632599524105444289e-09
3.832054229491177466e-09
0.000000000000000000e+00
8.590560263144197961e-09
1.914288311199996429e-10
1.204411326227727841e-08
1.926725889944691517e-09
9.621310415042216846e-10
0.000000000000000000e+00
0.000000000000000000e+00
0.000000000000000000e+00
0.000000000000000000e+00
1.374648572749492814e-08
3.745122878484608009e-09
1.999509180450331769e-07
0.000000000000000000e+00
1.294293738851592934e-08
9.040124300996234957e-15
1.501334878639681847e-07
1.770057906469446607e-06
1.635641865505021997e-06
2.025381284909144597e-08
3.890136497375351610e-07
2.414409649986737350e-08
8.454313693562198750e-09
4.599148439865530236e-07
3.249152484841033584e-07
4.521482210861904605e-08
1.615763835616235156e-06
2.994452685811666015e-08
6.067559752409579232e-07
1.367109376815278665e-07
1.098301964930215036e-07
2.526903699617832899e-07
3.795680925122724148e-07
2.257754800893962965e-07
2.100292029183492559e-08
2.722493661622138461e-07
7.677599112021482597e-10
2.473628001098404638e-06
1.113871803681831807e-07
1.196792851487771259e-07
8.953853836146663525e-08
0.000000000000000000e+00
2.065651415250613354e-06
0.000000000000000000e+00
8.698164410958497683e-10
0.000000000000000000e+00
2.904576058837538000e-11
0.000000000000000000e+00
1.023431011049069639e-07
0.000000000000000000e+00
0.000000000000000000e+00
0.000000000000000000e+00
1.000242288995423223e-08
2.361750262025452685e-07
9.998160521718091331e-09
5.067485631116142031e-08
1.387660972795856651e-06
5.068605979374751769e-09
0.000000000000000000e+00
3.413666016527372449e-10
0.000000000000000000e+00
0.000000000000000000e+00
0.000000000000000000e+00
3.822991256896557388e-09
0.000000000000000000e+00
8.995867162298054609e-09
0.000000000000000000e+00
3.874879794807384314e-08
0.000000000000000000e+00
9.520770838378211920e-10
2.525871511949162596e-09
0.000000000000000000e+00
0.000000000000000000e+00
0.000000000000000000e+00
1.003903093987901229e-08
6.793144393668626435e-07
0.000000000000000000e+00
8.230413328647046001e-08
0.000000000000000000e+00
0.000000000000000000e+00
0.000000000000000000e+00
9.861536476307719568e-09
0.000000000000000000e+00
0.000000000000000000e+00
2.227674940513679758e-06
0.000000000000000000e+00
0.000000000000000000e+00
0.000000000000000000e+00
0.000000000000000000e+00
5.567423855268316402e-09
0.000000000000000000e+00
2.790178257328079781e-07
1.192517462555997554e-08
0.000000000000000000e+00
1.010907607623678928e-10
8.962587116911890917e-09
0.000000000000000000e+00
3.256333798162813764e-07
1.259910391127050389e-06
0.000000000000000000e+00
6.880322089841683919e-09
7.552781733366487060e-10
1.032106691778444940e-10
0.000000000000000000e+00
1.019757434050916345e-07
4.674999232179288811e-08
6.345978675881269737e-08
1.092580646400165278e-06
1.374772153894809890e-07
5.784373797723674215e-07
1.247428542683337582e-07
5.319841420714510605e-07
0.000000000000000000e+00
0.000000000000000000e+00
0.000000000000000000e+00
1.781043351911648642e-06
2.874809901243224886e-08
5.411997676674218383e-07
6.082671006879536435e-07
3.068785003890184271e-09
0.000000000000000000e+00
4.666991060275904601e-08
2.354785237912437879e-07
0.000000000000000000e+00
3.433081587900232989e-07
9.975885895130431891e-09
1.171186814197255899e-09
8.485584856998684700e-08
2.012075810853275470e-06
6.766362581345219951e-09
1.936227844723248381e-09
0.000000000000000000e+00
0.000000000000000000e+00
0.000000000000000000e+00
0.000000000000000000e+00
0.000000000000000000e+00
0.000000000000000000e+00
0.000000000000000000e+00
0.000000000000000000e+00
4.336641712399114112e-09
2.840956199179345276e-07
9.060596539711696096e-08
0.000000000000000000e+00
0.000000000000000000e+00
2.457968939495458471e-09
3.544493836216133786e-07
0.000000000000000000e+00
0.000000000000000000e+00
0.000000000000000000e+00
0.000000000000000000e+00
1.601426546926632000e-09
4.097059616015030770e-07
0.000000000000000000e+00
0.000000000000000000e+00
0.000000000000000000e+00
0.000000000000000000e+00
1.253547821100653437e-10
0.000000000000000000e+00
0.000000000000000000e+00
2.778116847679257262e-09
0.000000000000000000e+00
0.000000000000000000e+00
1.123173305472846550e-07
0.000000000000000000e+00
0.000000000000000000e+00
9.468989148331274919e-09
0.000000000000000000e+00
0.000000000000000000e+00
0.000000000000000000e+00
0.000000000000000000e+00
0.000000000000000000e+00
0.000000000000000000e+00
0.000000000000000000e+00
0.000000000000000000e+00
0.000000000000000000e+00
0.000000000000000000e+00
1.613011169077083196e-09
0.000000000000000000e+00
0.000000000000000000e+00
0.000000000000000000e+00
0.000000000000000000e+00
0.000000000000000000e+00
0.000000000000000000e+00
7.237683519178972347e-08
0.000000000000000000e+00
0.000000000000000000e+00
0.000000000000000000e+00
0.000000000000000000e+00
0.000000000000000000e+00
0.000000000000000000e+00
2.452262837238095017e-09
0.000000000000000000e+00
6.748488434737964781e-09
0.000000000000000000e+00
1.043744646267441567e-09
0.000000000000000000e+00
0.000000000000000000e+00
1.616286104955122482e-09
1.450645333023192762e-11
0.000000000000000000e+00
3.690175276460649911e-09
0.000000000000000000e+00
1.626446866076491915e-09
3.929458092244431100e-09
3.417777727499071716e-10
2.690316636133616157e-09
0.000000000000000000e+00
8.547744734244133724e-09
0.000000000000000000e+00
3.323544328637240142e-09
1.219088385795430440e-09
0.000000000000000000e+00
0.000000000000000000e+00
0.000000000000000000e+00
0.000000000000000000e+00
0.000000000000000000e+00
0.000000000000000000e+00
0.000000000000000000e+00
3.656870584123339540e-09
7.396770751455505888e-09
0.000000000000000000e+00
6.608585749745543581e-07
5.082447174231674580e-08
9.027025349439554702e-09
0.000000000000000000e+00
8.042146504294578335e-08
0.000000000000000000e+00
0.000000000000000000e+00
2.964019252260641224e-08
0.000000000000000000e+00
0.000000000000000000e+00
2.966845658036731948e-10
7.840545990234204510e-09
0.000000000000000000e+00
6.988643552752193955e-10
0.000000000000000000e+00
0.000000000000000000e+00
0.000000000000000000e+00
0.000000000000000000e+00
0.000000000000000000e+00
0.000000000000000000e+00
0.000000000000000000e+00
0.000000000000000000e+00
3.570459483626109431e-09
1.881043054652309365e-08
7.635579279963167210e-09
3.988119556819214040e-10
3.477455212674840368e-09
0.000000000000000000e+00
0.000000000000000000e+00
6.135400667517387774e-07
0.000000000000000000e+00
0.000000000000000000e+00
0.000000000000000000e+00
0.000000000000000000e+00
0.000000000000000000e+00
0.000000000000000000e+00
0.000000000000000000e+00
1.841174768202336054e-09
9.046185134309325804e-09
0.000000000000000000e+00
0.000000000000000000e+00
0.000000000000000000e+00
2.241431706906382715e-09
1.967974672112404733e-10
3.582425023296309519e-09
0.000000000000000000e+00
1.755358414179397641e-09
4.345383608495012595e-09
7.787387801272416255e-08
3.688173819682560861e-06
7.778205635133872420e-09
2.885451655387782921e-09
1.147660011469042729e-08
1.131942113374861947e-07
8.879626811619800719e-09
2.227264817022955867e-09
0.000000000000000000e+00
2.297258161476634086e-09
5.117969408274802845e-07
0.000000000000000000e+00
0.000000000000000000e+00
5.053306608715502080e-07
2.687316509764059447e-06
3.270400839028297924e-08
0.000000000000000000e+00
2.086108707999301259e-07
0.000000000000000000e+00
1.278192144127388019e-06
4.950411494064610451e-07
5.731534429287421517e-07
1.019785411671136899e-08
1.168710355159419123e-07
8.470293266782391584e-08
3.707559699250850827e-06
2.060025821037925198e-07
1.327002365769658354e-07
0.000000000000000000e+00
3.794515578192658722e-06
2.431444272588123567e-07
2.049089857791841496e-07
0.000000000000000000e+00
3.166589692682464374e-07
0.000000000000000000e+00
2.562109330028761178e-06
0.000000000000000000e+00
0.000000000000000000e+00
0.000000000000000000e+00
0.000000000000000000e+00
1.493835611654503737e-06
2.386424057476688176e-06
0.000000000000000000e+00
8.822948984743561596e-07
0.000000000000000000e+00
0.000000000000000000e+00
6.951324849069351330e-07
0.000000000000000000e+00
2.668437559805170167e-08
0.000000000000000000e+00
3.227573097674962810e-09
0.000000000000000000e+00
0.000000000000000000e+00
0.000000000000000000e+00
1.434104301978322837e-08
1.650141578934949393e-09
1.009727945699978591e-08
6.145830955261999407e-09
0.000000000000000000e+00
0.000000000000000000e+00
5.106992051473469019e-10
2.530773812736697437e-08
0.000000000000000000e+00
0.000000000000000000e+00
0.000000000000000000e+00
0.000000000000000000e+00
0.000000000000000000e+00
0.000000000000000000e+00
5.238509714899919345e-08
0.000000000000000000e+00
0.000000000000000000e+00
9.907731302050137856e-10
0.000000000000000000e+00
1.208747789860353805e-06
0.000000000000000000e+00
8.932078188195191615e-09
0.000000000000000000e+00
0.000000000000000000e+00
0.000000000000000000e+00
0.000000000000000000e+00
0.000000000000000000e+00
0.000000000000000000e+00
0.000000000000000000e+00
7.140034674613104926e-10
3.632092671068676282e-07
0.000000000000000000e+00
0.000000000000000000e+00
5.247012269116169136e-10
1.815781871528088232e-07
6.176550186864915304e-07
0.000000000000000000e+00
0.000000000000000000e+00
0.000000000000000000e+00
0.000000000000000000e+00
0.000000000000000000e+00
0.000000000000000000e+00
0.000000000000000000e+00
0.000000000000000000e+00
0.000000000000000000e+00
0.000000000000000000e+00
0.000000000000000000e+00
0.000000000000000000e+00
4.907049060420831665e-07
2.275112459537709242e-10
0.000000000000000000e+00
1.246961460310558323e-06
3.417345961764794993e-09
0.000000000000000000e+00
0.000000000000000000e+00
0.000000000000000000e+00
2.193756287738324318e-09
6.889766979156775051e-09
0.000000000000000000e+00
5.523772550475314347e-09
0.000000000000000000e+00
9.291230562702423867e-10
0.000000000000000000e+00
0.000000000000000000e+00
6.476113867392996326e-09
0.000000000000000000e+00
2.182546365858684112e-09
0.000000000000000000e+00
0.000000000000000000e+00
0.000000000000000000e+00
0.000000000000000000e+00
0.000000000000000000e+00
0.000000000000000000e+00
0.000000000000000000e+00
2.793175968296424116e-10
0.000000000000000000e+00
0.000000000000000000e+00
0.000000000000000000e+00
0.000000000000000000e+00
4.243989053520635935e-07
1.286003566747240257e-06
0.000000000000000000e+00
6.873040803156982292e-09
0.000000000000000000e+00
0.000000000000000000e+00
0.000000000000000000e+00
0.000000000000000000e+00
1.448669739723129624e-09
1.317152698021573087e-08
0.000000000000000000e+00
0.000000000000000000e+00
4.657475294322921400e-09
9.434426573307064245e-09
0.000000000000000000e+00
0.000000000000000000e+00
0.000000000000000000e+00
0.000000000000000000e+00
0.000000000000000000e+00
4.661110941661661400e-10
0.000000000000000000e+00
2.629385207827961146e-12
0.000000000000000000e+00
0.000000000000000000e+00
3.169947859760213760e-09
9.374052751809358597e-07
1.272611029889958445e-06
3.175236429342476185e-08
0.000000000000000000e+00
3.439671880656192116e-09
1.758389316819375381e-06
2.462570369843319895e-09
2.042801412471817457e-07
1.965771616596612148e-06
2.184071803412734880e-07
8.017982509045396000e-07
4.985521329103903554e-09
3.509408543322933838e-06
2.377973373768327292e-09
4.722025551018305123e-06
0.000000000000000000e+00
1.604778049113519955e-06
3.185011010486960004e-08
2.191841375065450848e-08
1.347355738090527666e-08
1.086930296878563240e-06
3.797717624820506899e-07
0.000000000000000000e+00
0.000000000000000000e+00
0.000000000000000000e+00
4.232385435898322612e-06
2.327450374650652520e-07
5.998162322384814615e-08
0.000000000000000000e+00
0.000000000000000000e+00
0.000000000000000000e+00
6.994648060754116159e-08
0.000000000000000000e+00
2.077852911952504655e-07
5.947515191451202554e-08
9.158496823147288524e-07
0.000000000000000000e+00
0.000000000000000000e+00
9.540485734760295600e-09
1.032982380189118032e-10
4.785613239022268317e-09
0.000000000000000000e+00
0.000000000000000000e+00
2.003933241567779078e-09
0.000000000000000000e+00
0.000000000000000000e+00
0.000000000000000000e+00
0.000000000000000000e+00
0.000000000000000000e+00
0.000000000000000000e+00
0.000000000000000000e+00
0.000000000000000000e+00
0.000000000000000000e+00
0.000000000000000000e+00
0.000000000000000000e+00
0.000000000000000000e+00
0.000000000000000000e+00
0.000000000000000000e+00
0.000000000000000000e+00
0.000000000000000000e+00
4.706526834930002678e-11
2.016702430052141892e-11
9.355300978342029339e-10
0.000000000000000000e+00
1.859453568897606601e-08
0.000000000000000000e+00
0.000000000000000000e+00
1.727984200172727469e-09
0.000000000000000000e+00
9.481648248765850440e-07
5.072047670751089754e-09
7.708946370144076354e-09
1.816078487593131285e-08
7.146043401462520706e-08
0.000000000000000000e+00
3.320066443990299376e-11
1.575692243349635646e-09
0.000000000000000000e+00
1.101605362485713613e-09
0.000000000000000000e+00
0.000000000000000000e+00
4.667512598643952515e-09
2.038452601160756217e-10
4.780898787970500052e-09
0.000000000000000000e+00
0.000000000000000000e+00
3.882842491975679877e-09
4.803424324961724778e-09
0.000000000000000000e+00
0.000000000000000000e+00
0.000000000000000000e+00
2.683712239104352193e-07
8.337393886392874265e-09
1.658239212609657898e-09
0.000000000000000000e+00
1.889429279700038933e-09
0.000000000000000000e+00
1.868688093153991758e-09
9.607852291537710698e-10
3.190335178260284010e-07
0.000000000000000000e+00
5.006995373868505794e-10
3.414150351321865173e-10
6.297489196782635190e-10
0.000000000000000000e+00
0.000000000000000000e+00
0.000000000000000000e+00
2.535245569035282642e-09
2.209117333507037984e-09
0.000000000000000000e+00
0.000000000000000000e+00
0.000000000000000000e+00
0.000000000000000000e+00
1.913206815196133448e-10
3.630759304318331715e-10
1.256458290299633518e-06
1.734007639697665581e-07
4.484907947244209936e-07
2.247217480544350110e-06
2.736281430770759471e-06
2.373262031341027978e-09
1.018970351651660167e-06
4.926417204842437059e-06
3.567676913007744588e-06
2.881286036426899955e-07
1.272594090551137924e-06
0.000000000000000000e+00
9.062082995114906225e-07
9.803527518670307472e-07
4.329534704083926044e-07
7.320584245462669060e-07
4.946121734406005999e-08
1.752838052482275089e-08
0.000000000000000000e+00
1.267834136342571583e-06
0.000000000000000000e+00
2.620015948195941746e-06
0.000000000000000000e+00
4.131088928716053488e-07
4.131185278311022557e-07
3.375729136223526439e-07
0.000000000000000000e+00
5.193429387873038650e-06
0.000000000000000000e+00
0.000000000000000000e+00
0.000000000000000000e+00
0.000000000000000000e+00
9.713129855981605942e-08
0.000000000000000000e+00
3.557489636207833428e-09
8.108918336802162230e-08
0.000000000000000000e+00
0.000000000000000000e+00
6.815480446675792336e-07
1.204346311567405792e-08
0.000000000000000000e+00
0.000000000000000000e+00
0.000000000000000000e+00
0.000000000000000000e+00
0.000000000000000000e+00
0.000000000000000000e+00
0.000000000000000000e+00
4.675894338390662597e-09
0.000000000000000000e+00
1.377039815508851461e-09
0.000000000000000000e+00
0.000000000000000000e+00
0.000000000000000000e+00
0.000000000000000000e+00
1.599189253242983000e-10
0.000000000000000000e+00
0.000000000000000000e+00
0.000000000000000000e+00
0.000000000000000000e+00
0.000000000000000000e+00
0.000000000000000000e+00
0.000000000000000000e+00
0.000000000000000000e+00
0.000000000000000000e+00
0.000000000000000000e+00
0.000000000000000000e+00
0.000000000000000000e+00
0.000000000000000000e+00
0.000000000000000000e+00
0.000000000000000000e+00
0.000000000000000000e+00
0.000000000000000000e+00
0.000000000000000000e+00
0.000000000000000000e+00
0.000000000000000000e+00
0.000000000000000000e+00
3.380206559100429331e-09
0.000000000000000000e+00
0.000000000000000000e+00
0.000000000000000000e+00
0.000000000000000000e+00
0.000000000000000000e+00
0.000000000000000000e+00
0.000000000000000000e+00
0.000000000000000000e+00
0.000000000000000000e+00
0.000000000000000000e+00
0.000000000000000000e+00
0.000000000000000000e+00
0.000000000000000000e+00
0.000000000000000000e+00
0.000000000000000000e+00
0.000000000000000000e+00
0.000000000000000000e+00
2.448934388610268797e-10
0.000000000000000000e+00
0.000000000000000000e+00
0.000000000000000000e+00
0.000000000000000000e+00
0.000000000000000000e+00
1.544315925139372325e-10
2.434058465894395340e-08
0.000000000000000000e+00
0.000000000000000000e+00
0.000000000000000000e+00
0.000000000000000000e+00
0.000000000000000000e+00
6.968028376519441736e-09
0.000000000000000000e+00
0.000000000000000000e+00
5.025292537652603642e-08
0.000000000000000000e+00
0.000000000000000000e+00
7.555300385320151690e-09
0.000000000000000000e+00
1.113040437594747800e-09
0.000000000000000000e+00
0.000000000000000000e+00
1.448387298985664984e-09
0.000000000000000000e+00
1.489927764497522844e-10
0.000000000000000000e+00
7.623014219859669538e-09
0.000000000000000000e+00
1.120618708938536656e-09
0.000000000000000000e+00
0.000000000000000000e+00
0.000000000000000000e+00
0.000000000000000000e+00
2.086853356786377844e-09
0.000000000000000000e+00
0.000000000000000000e+00
4.222175126883387364e-12
0.000000000000000000e+00
4.661830477203920964e-09
0.000000000000000000e+00
0.000000000000000000e+00
0.000000000000000000e+00
0.000000000000000000e+00
0.000000000000000000e+00
5.369445443825782149e-10
4.604971612365282851e-11
5.336120434407121138e-10
0.000000000000000000e+00
0.000000000000000000e+00
0.000000000000000000e+00
0.000000000000000000e+00
1.160145529865985736e-06
0.000000000000000000e+00
0.000000000000000000e+00
0.000000000000000000e+00
9.082761209810996661e-08
3.857695105580205563e-07
1.567877716546206557e-09
0.000000000000000000e+00
1.238803406522492878e-06
5.749309366365196183e-06
1.755696388272554032e-08
2.293205847436752265e-09
6.360446036524081137e-07
0.000000000000000000e+00
0.000000000000000000e+00
9.011106385514722206e-07
0.000000000000000000e+00
2.976436652701863750e-09
2.103727865687687881e-06
9.369764963906845878e-10
1.852585995720801293e-07
0.000000000000000000e+00
9.358436692252780631e-09
2.463659701593123863e-13
2.432402425256441347e-06
3.017346159595035715e-07
8.220335701025760500e-08
9.962850526790134609e-07
4.300126033029982864e-09
8.114795235769634019e-08
1.265096898350748233e-07
3.292010717359517002e-07
3.964056247696134960e-07
2.006370625196041146e-10
0.000000000000000000e+00
8.118727912176382233e-09
5.704220207292109990e-09
3.950337019303917785e-12
1.544899497218921169e-08
8.450967925455188379e-09
8.970094000915196375e-09
0.000000000000000000e+00
0.000000000000000000e+00
0.000000000000000000e+00
0.000000000000000000e+00
0.000000000000000000e+00
0.000000000000000000e+00
0.000000000000000000e+00
0.000000000000000000e+00
0.000000000000000000e+00
0.000000000000000000e+00
1.890158216610871023e-07
3.748529309177683899e-07
9.853416749194821023e-09
3.912632351443789958e-08
1.660732635855310946e-07
0.000000000000000000e+00
0.000000000000000000e+00
0.000000000000000000e+00
2.515244679202055522e-09
3.848255758498453361e-08
0.000000000000000000e+00
4.901862666883971542e-07
4.813197733710694592e-07
8.287539543516686535e-09
0.000000000000000000e+00
0.000000000000000000e+00
7.087405329286866618e-09
7.267314572345640045e-07
6.882982184208685794e-09
2.540544163931457433e-10
2.005008781225114944e-07
0.000000000000000000e+00
2.152741274130676175e-07
0.000000000000000000e+00
3.083540534021267376e-08
0.000000000000000000e+00
2.817007294098061720e-09
9.949753909666014806e-09
0.000000000000000000e+00
2.859072196770284791e-07
0.000000000000000000e+00
9.015961310865350242e-09
7.657688883000446367e-08
3.497501666060998105e-08
1.098846240665807272e-07
1.330899294771370478e-06
4.768502037677535554e-08
1.396812905340993893e-07
1.960128884093137458e-06
0.000000000000000000e+00
1.660433355255008792e-07
2.846752806817676174e-07
0.000000000000000000e+00
6.341528660414041951e-06
1.085375743059557863e-06
6.233272415556712076e-06
6.587637546573432701e-09
1.281020672649901826e-06
0.000000000000000000e+00
1.837402976434532320e-07
6.516025337077735458e-07
9.286292623755798559e-08
0.000000000000000000e+00
0.000000000000000000e+00
0.000000000000000000e+00
0.000000000000000000e+00
3.599711861923537981e-09
0.000000000000000000e+00
0.000000000000000000e+00
4.254920327184663620e-08
2.539682630864348312e-10
0.000000000000000000e+00
0.000000000000000000e+00
0.000000000000000000e+00
0.000000000000000000e+00
3.888015953634749167e-08
0.000000000000000000e+00
0.000000000000000000e+00
0.000000000000000000e+00
0.000000000000000000e+00
0.000000000000000000e+00
0.000000000000000000e+00
3.577241280972032200e-10
0.000000000000000000e+00
1.811366723281082614e-09
7.177991534490502090e-08
8.415744900958088692e-08
4.456930380314361173e-09
2.257323217236262280e-07
8.226159309288050281e-09
7.497788487853540573e-07
2.252069464248052100e-07
2.249311364721506834e-06
0.000000000000000000e+00
4.299894129644599161e-08
0.000000000000000000e+00
1.095553869845389272e-08
0.000000000000000000e+00
1.076608913130883138e-09
1.200972654658016836e-08
0.000000000000000000e+00
3.269414960982430784e-08
3.095620426663003855e-09
1.183586978426021119e-10
0.000000000000000000e+00
0.000000000000000000e+00
0.000000000000000000e+00
0.000000000000000000e+00
0.000000000000000000e+00
5.626125343383137078e-09
0.000000000000000000e+00
0.000000000000000000e+00
0.000000000000000000e+00
0.000000000000000000e+00
0.000000000000000000e+00
4.489237426241743378e-08
3.042867693925366268e-11
0.000000000000000000e+00
2.869855961762368679e-07
4.386933198929909850e-07
2.407364831924496684e-07
3.562212782526330557e-07
0.000000000000000000e+00
6.048300065231160261e-07
8.220411586989939678e-07
0.000000000000000000e+00
5.765102528698662354e-08
0.000000000000000000e+00
0.000000000000000000e+00
0.000000000000000000e+00
4.970756890543270856e-07
3.418878691263671499e-07
0.000000000000000000e+00
5.513884815400160733e-08
1.078387299457972404e-07
2.683799182889856638e-09
0.000000000000000000e+00
0.000000000000000000e+00
7.855372352594258700e-09
9.276755719156426494e-08
3.051904684525652556e-08
2.157184875173356886e-09
1.036550997923768591e-06
3.675951631976204226e-07
3.825526562195591396e-07
0.000000000000000000e+00
5.435706285084052070e-08
0.000000000000000000e+00
0.000000000000000000e+00
5.490684884534857702e-08
0.000000000000000000e+00
1.098928379406061140e-07
0.000000000000000000e+00
0.000000000000000000e+00
0.000000000000000000e+00
0.000000000000000000e+00
0.000000000000000000e+00
0.000000000000000000e+00
0.000000000000000000e+00
0.000000000000000000e+00
4.962147315268339298e-08
0.000000000000000000e+00
0.000000000000000000e+00
0.000000000000000000e+00
1.150508950331641245e-07
0.000000000000000000e+00
0.000000000000000000e+00
0.000000000000000000e+00
0.000000000000000000e+00
0.000000000000000000e+00
0.000000000000000000e+00
0.000000000000000000e+00
0.000000000000000000e+00
6.961010656780786121e-10
0.000000000000000000e+00
0.000000000000000000e+00
5.216866156843025237e-07
0.000000000000000000e+00
0.000000000000000000e+00
0.000000000000000000e+00
0.000000000000000000e+00
4.474385750796727734e-09
0.000000000000000000e+00
0.000000000000000000e+00
0.000000000000000000e+00
0.000000000000000000e+00
0.000000000000000000e+00
0.000000000000000000e+00
0.000000000000000000e+00
0.000000000000000000e+00
0.000000000000000000e+00
0.000000000000000000e+00
0.000000000000000000e+00
0.000000000000000000e+00
0.000000000000000000e+00
0.000000000000000000e+00
0.000000000000000000e+00
0.000000000000000000e+00
0.000000000000000000e+00
8.193006273415903706e-09
0.000000000000000000e+00
0.000000000000000000e+00
0.000000000000000000e+00
7.700096205098816426e-08
0.000000000000000000e+00
5.685073301009424540e-09
0.000000000000000000e+00
0.000000000000000000e+00
0.000000000000000000e+00
0.000000000000000000e+00
0.000000000000000000e+00
2.949593067569367122e-07
4.860769120540453514e-09
1.189314313698730530e-09
0.000000000000000000e+00
0.000000000000000000e+00
2.548321390349883586e-06
9.899686403969099047e-08
6.511895662697497755e-07
0.000000000000000000e+00
6.588348533398402651e-09
0.000000000000000000e+00
0.000000000000000000e+00
7.800090351395283506e-09
8.037791765502788621e-09
2.233927931527546207e-09
4.937234621138486546e-09
3.653036539930099025e-09
3.479553924989886582e-06
4.130360053977710777e-09
0.000000000000000000e+00
4.022802841063821688e-06
0.000000000000000000e+00
0.000000000000000000e+00
0.000000000000000000e+00
5.621502168651204556e-06
4.104148558781162137e-07
0.000000000000000000e+00
1.071981472478000796e-07
5.002564194001024589e-07
1.368752691632835194e-06
3.872568186125135981e-07
0.000000000000000000e+00
8.434501985732367757e-09
6.112580308581527788e-07
9.674989769337116741e-07
4.565113727039715741e-07
0.000000000000000000e+00
2.035708774883460137e-07
1.129257753973433864e-07
4.080401936334965285e-07
2.161703491765365470e-07
2.039763785433024168e-06
5.166417071933437910e-09
2.193524251126177660e-09
0.000000000000000000e+00
0.000000000000000000e+00
7.366409136011498049e-07
2.108872365624847589e-07
3.874097558309586020e-07
3.548030633737653261e-07
1.462267107399384258e-08
1.578787191647279542e-06
1.446305206674602939e-12
4.244130195729667321e-06
0.000000000000000000e+00
1.627145973515098376e-09
5.122389734601995315e-10
0.000000000000000000e+00
7.214496111629387087e-09
0.000000000000000000e+00
1.806046867613986251e-09
0.000000000000000000e+00
7.333588403213298079e-09
0.000000000000000000e+00
1.297673635214380283e-09
0.000000000000000000e+00
1.302996044394433284e-09
3.255984495353914099e-07
1.116146827739861180e-10
0.000000000000000000e+00
3.244060353679856235e-09
0.000000000000000000e+00
0.000000000000000000e+00
5.583070787906763144e-07
5.825599203035380924e-08
9.216495122643664217e-09
4.606794501427202704e-09
0.000000000000000000e+00
0.000000000000000000e+00
5.210330300542409532e-08
0.000000000000000000e+00
0.000000000000000000e+00
4.382185447848740978e-10
0.000000000000000000e+00
5.081583487331897686e-10
0.000000000000000000e+00
4.114770302265924329e-09
3.793861669265652381e-09
5.758230336994074605e-09
4.920279739195621005e-09
0.000000000000000000e+00
0.000000000000000000e+00
1.104094815573830601e-09
2.581231894893676326e-10
0.000000000000000000e+00
4.786411409440916032e-07
1.018950035458487946e-09
2.112109065421918785e-08
0.000000000000000000e+00
9.812906043293878611e-09
4.640450176895960510e-11
3.884878529980539952e-11
0.000000000000000000e+00
1.121921666680236740e-08
0.000000000000000000e+00
0.000000000000000000e+00
0.000000000000000000e+00
0.000000000000000000e+00
0.000000000000000000e+00
1.138866867478327549e-08
9.534997680304968526e-09
8.181871180568123236e-09
0.000000000000000000e+00
0.000000000000000000e+00
0.000000000000000000e+00
2.229624556093767751e-07
4.407894493851927109e-09
4.298119051782123279e-07
3.840571238811207877e-08
7.165755278037977405e-08
2.448173885838400565e-09
0.000000000000000000e+00
9.427636769032687880e-07
5.000210467898114075e-09
8.569307397010561544e-07
0.000000000000000000e+00
2.794160423036373686e-07
1.165924743418145226e-07
0.000000000000000000e+00
3.675497168842412066e-07
0.000000000000000000e+00
3.126066303593688644e-06
1.976967638483984047e-07
3.236505790482624434e-06
5.016667046220391057e-07
2.779054568691208260e-07
2.378962591365052504e-07
8.786331591181806289e-07
0.000000000000000000e+00
1.256076700428820914e-07
0.000000000000000000e+00
0.000000000000000000e+00
0.000000000000000000e+00
9.399137468335538870e-09
0.000000000000000000e+00
5.858598606245379870e-10
0.000000000000000000e+00
4.042085277600193649e-10
0.000000000000000000e+00
1.127760924646281637e-07
0.000000000000000000e+00
0.000000000000000000e+00
7.479062702486771741e-09
0.000000000000000000e+00
2.084353525333426660e-07
0.000000000000000000e+00
0.000000000000000000e+00
0.000000000000000000e+00
0.000000000000000000e+00
0.000000000000000000e+00
0.000000000000000000e+00
0.000000000000000000e+00
3.787899161000751747e-10
0.000000000000000000e+00
2.474680904640536028e-09
8.630716585855680023e-09
0.000000000000000000e+00
0.000000000000000000e+00
0.000000000000000000e+00
9.156472913218749454e-09
0.000000000000000000e+00
0.000000000000000000e+00
0.000000000000000000e+00
0.000000000000000000e+00
0.000000000000000000e+00
0.000000000000000000e+00
0.000000000000000000e+00
0.000000000000000000e+00
0.000000000000000000e+00
0.000000000000000000e+00
0.000000000000000000e+00
0.000000000000000000e+00
0.000000000000000000e+00
0.000000000000000000e+00
0.000000000000000000e+00
0.000000000000000000e+00
0.000000000000000000e+00
0.000000000000000000e+00
0.000000000000000000e+00
0.000000000000000000e+00
0.000000000000000000e+00
0.000000000000000000e+00
0.000000000000000000e+00
0.000000000000000000e+00
0.000000000000000000e+00
0.000000000000000000e+00
0.000000000000000000e+00
0.000000000000000000e+00
0.000000000000000000e+00
0.000000000000000000e+00
0.000000000000000000e+00
0.000000000000000000e+00
3.078006738377325746e-09
0.000000000000000000e+00
5.222335897059338095e-09
0.000000000000000000e+00
0.000000000000000000e+00
0.000000000000000000e+00
0.000000000000000000e+00
0.000000000000000000e+00
0.000000000000000000e+00
0.000000000000000000e+00
0.000000000000000000e+00
0.000000000000000000e+00
0.000000000000000000e+00
0.000000000000000000e+00
7.703570226169631496e-09
0.000000000000000000e+00
0.000000000000000000e+00
0.000000000000000000e+00
0.000000000000000000e+00
3.054482444753148229e-09
0.000000000000000000e+00
0.000000000000000000e+00
2.807803127780061914e-07
0.000000000000000000e+00
0.000000000000000000e+00
0.000000000000000000e+00
2.946437815953828476e-10
0.000000000000000000e+00
0.000000000000000000e+00
5.112261280970642474e-09
0.000000000000000000e+00
1.205100801371372654e-07
4.503911270603566663e-07
1.168293579212331679e-06
0.000000000000000000e+00
0.000000000000000000e+00
1.040759256554224521e-09
1.521680448313134093e-09
0.000000000000000000e+00
9.787790986592881382e-07
2.667659693145196798e-08
0.000000000000000000e+00
6.560831433688463221e-09
9.570965175953460857e-08
0.000000000000000000e+00
0.000000000000000000e+00
0.000000000000000000e+00
0.000000000000000000e+00
0.000000000000000000e+00
0.000000000000000000e+00
0.000000000000000000e+00
0.000000000000000000e+00
0.000000000000000000e+00
0.000000000000000000e+00
0.000000000000000000e+00
0.000000000000000000e+00
8.164101394925182831e-09
0.000000000000000000e+00
0.000000000000000000e+00
0.000000000000000000e+00
0.000000000000000000e+00
7.833042658944577852e-09
0.000000000000000000e+00
0.000000000000000000e+00
3.805777026855139411e-09
0.000000000000000000e+00
0.000000000000000000e+00
0.000000000000000000e+00
0.000000000000000000e+00
0.000000000000000000e+00
0.000000000000000000e+00
0.000000000000000000e+00
4.148002403780992609e-07
0.000000000000000000e+00
5.564580914108052667e-13
0.000000000000000000e+00
5.195479602093655558e-08
0.000000000000000000e+00
1.149552786294805173e-09
0.000000000000000000e+00
0.000000000000000000e+00
0.000000000000000000e+00
0.000000000000000000e+00
2.011499162790642004e-07
1.046714032781892456e-06
1.555829576282974358e-09
1.709765773405536038e-09
0.000000000000000000e+00
1.292641940153771429e-07
7.295295478826346880e-10
0.000000000000000000e+00
0.000000000000000000e+00
6.608385394457627626e-09
4.504957296092015895e-09
9.110434007197909523e-07
2.240595904368092306e-07
1.019876538776998132e-08
0.000000000000000000e+00
2.047988267861455824e-08
2.684630828753142850e-07
3.539731840973558974e-09
2.784458047244697809e-06
9.506504170531115960e-07
4.991430380130168487e-09
0.000000000000000000e+00
4.527134223053508322e-08
3.167227760059176944e-07
2.052282468412158778e-07
1.857204438238113653e-06
3.993475772290366876e-09
1.314252244810631964e-07
2.396263312220980879e-07
2.043645253024806152e-07
6.956097031718400103e-09
0.000000000000000000e+00
2.077737981664995459e-10
1.268825712941179518e-06
0.000000000000000000e+00
7.350188298005377874e-07
0.000000000000000000e+00
1.604129273857779481e-08
1.164981085821636952e-06
7.110863407433498651e-06
6.198944902280345559e-06
0.000000000000000000e+00
0.000000000000000000e+00
0.000000000000000000e+00
0.000000000000000000e+00
0.000000000000000000e+00
1.138036850534263067e-06
0.000000000000000000e+00
0.000000000000000000e+00
0.000000000000000000e+00
0.000000000000000000e+00
0.000000000000000000e+00
7.009867686313953072e-10
7.622520392658316268e-10
3.927307090645371090e-11
0.000000000000000000e+00
0.000000000000000000e+00
0.000000000000000000e+00
0.000000000000000000e+00
0.000000000000000000e+00
5.289439855005184654e-07
3.475067109071083848e-11
0.000000000000000000e+00
0.000000000000000000e+00
6.379083372642924132e-10
0.000000000000000000e+00
9.927071609183713008e-09
0.000000000000000000e+00
0.000000000000000000e+00
0.000000000000000000e+00
1.658944938753847964e-06
0.000000000000000000e+00
9.189101923823272955e-09
0.000000000000000000e+00
0.000000000000000000e+00
2.193690784579871433e-10
0.000000000000000000e+00
1.315849317506945226e-06
0.000000000000000000e+00
0.000000000000000000e+00
6.329286872386319374e-09
0.000000000000000000e+00
9.423490610060980543e-08
0.000000000000000000e+00
6.157654297567205504e-07
2.656804269918211503e-07
5.782715817304051598e-08
0.000000000000000000e+00
0.000000000000000000e+00
0.000000000000000000e+00
1.769546543073374778e-06
0.000000000000000000e+00
1.716382591609999508e-08
0.000000000000000000e+00
2.438130422888207249e-06
0.000000000000000000e+00
8.306769672117297887e-08
0.000000000000000000e+00
1.505736690887715667e-06
0.000000000000000000e+00
0.000000000000000000e+00
0.000000000000000000e+00
0.000000000000000000e+00
1.132369504830421647e-07
0.000000000000000000e+00
8.003781459819947486e-08
4.598211660322704120e-07
7.297511039894288842e-09
0.000000000000000000e+00
0.000000000000000000e+00
3.561338335344998995e-09
1.776081148818775546e-07
0.000000000000000000e+00
4.876467301073716953e-07
6.063328061856054774e-09
0.000000000000000000e+00
0.000000000000000000e+00
0.000000000000000000e+00
0.000000000000000000e+00
0.000000000000000000e+00
0.000000000000000000e+00
0.000000000000000000e+00
4.721284474484832572e-11
0.000000000000000000e+00
0.000000000000000000e+00
0.000000000000000000e+00
1.023741758032770122e-09
5.735321995103959125e-09
0.000000000000000000e+00
0.000000000000000000e+00
0.000000000000000000e+00
5.928790614007084514e-08
0.000000000000000000e+00
0.000000000000000000e+00
0.000000000000000000e+00
0.000000000000000000e+00
0.000000000000000000e+00
0.000000000000000000e+00
0.000000000000000000e+00
0.000000000000000000e+00
0.000000000000000000e+00
0.000000000000000000e+00
0.000000000000000000e+00
0.000000000000000000e+00
0.000000000000000000e+00
0.000000000000000000e+00
0.000000000000000000e+00
0.000000000000000000e+00
0.000000000000000000e+00
8.805827178548497614e-09
0.000000000000000000e+00
0.000000000000000000e+00
8.188618672022585088e-09
0.000000000000000000e+00
0.000000000000000000e+00
0.000000000000000000e+00
0.000000000000000000e+00
2.914303243173321789e-09
0.000000000000000000e+00
0.000000000000000000e+00
0.000000000000000000e+00
0.000000000000000000e+00
3.678787829919372143e-11
0.000000000000000000e+00
0.000000000000000000e+00
0.000000000000000000e+00
0.000000000000000000e+00
0.000000000000000000e+00
0.000000000000000000e+00
0.000000000000000000e+00
0.000000000000000000e+00
1.020474638124824196e-08
0.000000000000000000e+00
0.000000000000000000e+00
4.112636897701804628e-10
0.000000000000000000e+00
0.000000000000000000e+00
0.000000000000000000e+00
0.000000000000000000e+00
0.000000000000000000e+00
0.000000000000000000e+00
0.000000000000000000e+00
0.000000000000000000e+00
0.000000000000000000e+00
0.000000000000000000e+00
2.928304709826079488e-09
0.000000000000000000e+00
0.000000000000000000e+00
8.475019797060667770e-09
0.000000000000000000e+00
1.530396143145651422e-09
0.000000000000000000e+00
0.000000000000000000e+00
7.731657980514228257e-09
0.000000000000000000e+00
0.000000000000000000e+00
2.910746088602422788e-09
0.000000000000000000e+00
0.000000000000000000e+00
0.000000000000000000e+00
0.000000000000000000e+00
0.000000000000000000e+00
4.251801044574676780e-07
3.450929170867311768e-06
0.000000000000000000e+00
0.000000000000000000e+00
0.000000000000000000e+00
1.474737700846162625e-06
0.000000000000000000e+00
0.000000000000000000e+00
0.000000000000000000e+00
0.000000000000000000e+00
0.000000000000000000e+00
1.212152322960236006e-10
0.000000000000000000e+00
5.610866632421718236e-11
1.894889152254108922e-07
0.000000000000000000e+00
1.278492534062536379e-09
1.003304217483957927e-09
0.000000000000000000e+00
0.000000000000000000e+00
9.954220558938686736e-09
0.000000000000000000e+00
0.000000000000000000e+00
0.000000000000000000e+00
0.000000000000000000e+00
0.000000000000000000e+00
0.000000000000000000e+00
0.000000000000000000e+00
0.000000000000000000e+00
0.000000000000000000e+00
8.288346009521774249e-09
1.053685583229935219e-09
0.000000000000000000e+00
6.086765313995101678e-09
2.505504692607019024e-09
6.850301588201546110e-07
0.000000000000000000e+00
4.618904085873509757e-07
0.000000000000000000e+00
0.000000000000000000e+00
0.000000000000000000e+00
0.000000000000000000e+00
5.761047461305679462e-08
5.156779891990481701e-09
2.327117248901444668e-10
0.000000000000000000e+00
2.350097929593175650e-07
0.000000000000000000e+00
2.392272904216952156e-07
3.987673302674465958e-09
3.010609930242935661e-07
2.269557057843485381e-07
6.037190019014815334e-07
1.857665097304561641e-06
2.659795406145804009e-08
9.407021650531532941e-08
0.000000000000000000e+00
4.942750706504739355e-07
0.000000000000000000e+00
9.654977262130159943e-09
1.079113076229987200e-06
3.169091087329434231e-07
9.223547863257408608e-07
3.119633447568048723e-06
0.000000000000000000e+00
1.255337792827049270e-06
2.682735367187660813e-09
2.084020024994970299e-06
8.409485729998777970e-08
1.869474431259732228e-06
0.000000000000000000e+00
4.143018816904486812e-09
3.062825442157190992e-07
2.308305369069785229e-07
0.000000000000000000e+00
1.000384372673579492e-06
2.311127511589461392e-09
1.827989537517282770e-09
0.000000000000000000e+00
0.000000000000000000e+00
0.000000000000000000e+00
0.000000000000000000e+00
7.080838599904382136e-07
0.000000000000000000e+00
0.000000000000000000e+00
0.000000000000000000e+00
0.000000000000000000e+00
0.000000000000000000e+00
0.000000000000000000e+00
0.000000000000000000e+00
0.000000000000000000e+00
2.421377409689284832e-08
0.000000000000000000e+00
0.000000000000000000e+00
0.000000000000000000e+00
1.796622295380245760e-09
2.405545956207788549e-06
0.000000000000000000e+00
8.478535562517208746e-08
9.650160137653074344e-08
0.000000000000000000e+00
0.000000000000000000e+00
5.711846551292865115e-09
0.000000000000000000e+00
0.000000000000000000e+00
5.262799529504036400e-09
7.431312099015485728e-08
0.000000000000000000e+00
0.000000000000000000e+00
1.864190494416106958e-06
0.000000000000000000e+00
0.000000000000000000e+00
8.575791632381424279e-09
7.684158309650968022e-10
7.843268576834816486e-07
0.000000000000000000e+00
9.095212050169720897e-08
0.000000000000000000e+00
8.505045001605537891e-10
0.000000000000000000e+00
3.472410980975837447e-07
4.900779160266210965e-08
7.504317167672525102e-09
0.000000000000000000e+00
6.485201708983368007e-09
4.217899459035834298e-06
1.469554860022981302e-07
6.348828378577309195e-07
0.000000000000000000e+00
8.892699838725093286e-07
7.786429279121875879e-09
3.679222615460275847e-08
0.000000000000000000e+00
5.349268120471983856e-13
4.562908486605010694e-07
6.373979886120650917e-06
0.000000000000000000e+00
2.163232721841268358e-07
9.838353776103758719e-08
0.000000000000000000e+00
0.000000000000000000e+00
0.000000000000000000e+00
0.000000000000000000e+00
0.000000000000000000e+00
0.000000000000000000e+00
0.000000000000000000e+00
8.701890692464075983e-07
0.000000000000000000e+00
0.000000000000000000e+00
0.000000000000000000e+00
0.000000000000000000e+00
0.000000000000000000e+00
0.000000000000000000e+00
0.000000000000000000e+00
0.000000000000000000e+00
0.000000000000000000e+00
6.414713027425023029e-08
0.000000000000000000e+00
0.000000000000000000e+00
1.576187846907828316e-09
0.000000000000000000e+00
0.000000000000000000e+00
0.000000000000000000e+00
0.000000000000000000e+00
0.000000000000000000e+00
6.979785638350222143e-10
0.000000000000000000e+00
6.985604983356097364e-09
0.000000000000000000e+00
0.000000000000000000e+00
1.954169638607172743e-11
0.000000000000000000e+00
0.000000000000000000e+00
2.531891709622868802e-07
1.966084710147697479e-06
4.962307897926621081e-08
1.959496800929549920e-11
2.399795251406544594e-09
0.000000000000000000e+00
3.479183305898914114e-07
5.883524778482751572e-10
0.000000000000000000e+00
3.636428118625190109e-07
0.000000000000000000e+00
0.000000000000000000e+00
4.168632106171799023e-10
9.835838810090535844e-09
0.000000000000000000e+00
6.567314247973854435e-09
0.000000000000000000e+00
0.000000000000000000e+00
0.000000000000000000e+00
0.000000000000000000e+00
1.576362373967299391e-10
3.517126034857653849e-10
3.883909727164791548e-08
4.396455643984609196e-09
5.356032950487588096e-09
1.720518412184901536e-07
4.803141564480029047e-07
0.000000000000000000e+00
7.557994230467102170e-09
4.512729390171443811e-07
1.481277536186098587e-06
8.370222737141830294e-09
3.203579410637757974e-07
1.952686119466306991e-07
9.476751827719454013e-09
2.849853444786276668e-06
0.000000000000000000e+00
0.000000000000000000e+00
1.141577428143136785e-07
0.000000000000000000e+00
4.751145183945482131e-07
6.601461564059718512e-07
8.999229833550614899e-11
0.000000000000000000e+00
0.000000000000000000e+00
0.000000000000000000e+00
4.961536603786953492e-08
0.000000000000000000e+00
0.000000000000000000e+00
0.000000000000000000e+00
1.422550877094863608e-08
2.331637816155307519e-08
0.000000000000000000e+00
0.000000000000000000e+00
7.248115707625402138e-07
0.000000000000000000e+00
0.000000000000000000e+00
0.000000000000000000e+00
3.600610796183900675e-07
0.000000000000000000e+00
0.000000000000000000e+00
0.000000000000000000e+00
0.000000000000000000e+00
0.000000000000000000e+00
0.000000000000000000e+00
0.000000000000000000e+00
0.000000000000000000e+00
0.000000000000000000e+00
0.000000000000000000e+00
0.000000000000000000e+00
0.000000000000000000e+00
0.000000000000000000e+00
1.728436060943749908e-09
0.000000000000000000e+00
0.000000000000000000e+00
0.000000000000000000e+00
0.000000000000000000e+00
0.000000000000000000e+00
0.000000000000000000e+00
0.000000000000000000e+00
0.000000000000000000e+00
0.000000000000000000e+00
0.000000000000000000e+00
7.425583259390577950e-09
1.408343131004130555e-08
0.000000000000000000e+00
3.332001563549624734e-09
0.000000000000000000e+00
2.609206947723485825e-11
0.000000000000000000e+00
0.000000000000000000e+00
0.000000000000000000e+00
3.576438700747530675e-08
8.698741282842092915e-09
0.000000000000000000e+00
0.000000000000000000e+00
0.000000000000000000e+00
0.000000000000000000e+00
0.000000000000000000e+00
2.733636372820313909e-10
6.353744641529601722e-09
3.294752559668268077e-08
0.000000000000000000e+00
2.586270919646693756e-10
0.000000000000000000e+00
0.000000000000000000e+00
0.000000000000000000e+00
0.000000000000000000e+00
0.000000000000000000e+00
6.842115453764563426e-06
6.644444994208242861e-10
0.000000000000000000e+00
0.000000000000000000e+00
0.000000000000000000e+00
2.507192498057975172e-08
0.000000000000000000e+00
3.733563236352210879e-09
8.182750207197386771e-06
2.268861543086586607e-09
3.083101773881935515e-07
0.000000000000000000e+00
4.337137795573653420e-07
4.996456937078619376e-07
1.370363861497025937e-06
1.071308247446722817e-06
1.769726964084838983e-06
3.406941857519996120e-07
1.032899321629088263e-09
0.000000000000000000e+00
0.000000000000000000e+00
0.000000000000000000e+00
0.000000000000000000e+00
0.000000000000000000e+00
2.217110761648655171e-07
0.000000000000000000e+00
2.059512560492748889e-08
0.000000000000000000e+00
0.000000000000000000e+00
0.000000000000000000e+00
0.000000000000000000e+00
0.000000000000000000e+00
0.000000000000000000e+00
0.000000000000000000e+00
0.000000000000000000e+00
0.000000000000000000e+00
0.000000000000000000e+00
0.000000000000000000e+00
0.000000000000000000e+00
0.000000000000000000e+00
0.000000000000000000e+00
0.000000000000000000e+00
0.000000000000000000e+00
0.000000000000000000e+00
4.961496546940225016e-09
0.000000000000000000e+00
0.000000000000000000e+00
0.000000000000000000e+00
0.000000000000000000e+00
0.000000000000000000e+00
0.000000000000000000e+00
9.437623127439564996e-09
0.000000000000000000e+00
7.091460307862007539e-09
0.000000000000000000e+00
0.000000000000000000e+00
0.000000000000000000e+00
5.983262326481053606e-06
0.000000000000000000e+00
0.000000000000000000e+00
2.032220836056808366e-09
8.091699754686487722e-09
0.000000000000000000e+00
0.000000000000000000e+00
7.625396314381305274e-09
0.000000000000000000e+00
0.000000000000000000e+00
0.000000000000000000e+00
0.000000000000000000e+00
2.334730453412703355e-07
9.764730179995240178e-08
0.000000000000000000e+00
1.730611245420732303e-07
0.000000000000000000e+00
3.462072989401931977e-11
1.437984042951256924e-08
0.000000000000000000e+00
3.542252713373272854e-09
2.410337707203780155e-09
2.740333684414508753e-07
0.000000000000000000e+00
1.099307520013859119e-10
1.019310786887217546e-07
3.684759519728686428e-08
3.557060779257881222e-08
4.664755692829203326e-08
0.000000000000000000e+00
3.555802052801482205e-08
0.000000000000000000e+00
1.690623162298177107e-11
1.313945745096134488e-06
2.127740117430221289e-06
8.793391259587224340e-08
6.493267079576980905e-08
4.293282813705445733e-07
0.000000000000000000e+00
3.331568620978941908e-08
6.806621399846335407e-07
0.000000000000000000e+00
3.186511037256423151e-07
1.132731199504632968e-06
0.000000000000000000e+00
6.304950943558651488e-07
1.523151915705511783e-08
3.251107605350966878e-09
1.777475375774884014e-07
4.537160092077385798e-10
9.114264543086392223e-08
8.283337251668854151e-07
5.515858561011555139e-07
0.000000000000000000e+00
0.000000000000000000e+00
0.000000000000000000e+00
0.000000000000000000e+00
0.000000000000000000e+00
4.649844242976541864e-08
2.892791371778002940e-06
5.674362455465598032e-07
1.789348225145204196e-09
0.000000000000000000e+00
3.245033894927473739e-07
2.800552567627789813e-10
6.731620487698819488e-07
3.478099301901238505e-07
7.615282697770453524e-07
6.793942475269432180e-07
8.626259955235582311e-07
0.000000000000000000e+00
2.435878627693455201e-07
0.000000000000000000e+00
2.332609305710775516e-08
6.446450040442641694e-09
9.642990406177887053e-09
8.104929172247921088e-09
0.000000000000000000e+00
1.496066715844790451e-06
5.505996227839204948e-07
1.928920312366244616e-07
6.330309361146646552e-07
1.432497676034927281e-09
6.911671448506240267e-07
9.682320722959047998e-09
0.000000000000000000e+00
3.516558422234083991e-07
1.153541351328613018e-08
1.097731797017331701e-06
6.671208030439856884e-09
0.000000000000000000e+00
1.621189653633337002e-07
0.000000000000000000e+00
3.860676667244433702e-09
6.649409556302998681e-07
0.000000000000000000e+00
7.776928327984933276e-07
3.664288897198275663e-06
0.000000000000000000e+00
0.000000000000000000e+00
7.392820577933889581e-08
0.000000000000000000e+00
8.764502901215109887e-09
0.000000000000000000e+00
9.139228751564587583e-08
8.604466472661442822e-08
7.695689987485820893e-07
7.186977768469660077e-08
5.509337483999843244e-07
4.582182633328102384e-09
1.517831606179242954e-06
4.717613522053909492e-10
2.723735237353253069e-09
0.000000000000000000e+00
7.849412213545292616e-06
5.012044468344356574e-08
6.142228414773853729e-08
1.161545512551320769e-10
5.960882276667689439e-08
8.234320603150990792e-07
1.075232489711197559e-07
2.568515071743604494e-07
2.157315520889824256e-06
1.856863946159137413e-06
1.286481765561120483e-08
4.734286207508375810e-08
4.468008398816891713e-07
1.828165707706830290e-08
2.252650732614824847e-09
0.000000000000000000e+00
1.599528786755399778e-06
0.000000000000000000e+00
4.877667265645868611e-07
0.000000000000000000e+00
6.389108640646103555e-16
2.294120804435806349e-06
1.003996999315859284e-06
0.000000000000000000e+00
9.429687111150997225e-07
1.623587991161912214e-06
0.000000000000000000e+00
0.000000000000000000e+00
0.000000000000000000e+00
4.662059609472635202e-07
5.951613957222434692e-08
0.000000000000000000e+00
0.000000000000000000e+00
0.000000000000000000e+00
6.328055519588815514e-07
0.000000000000000000e+00
0.000000000000000000e+00
3.237535350919529265e-09
0.000000000000000000e+00
0.000000000000000000e+00
0.000000000000000000e+00
0.000000000000000000e+00
1.164928988828251022e-07
0.000000000000000000e+00
3.518775937294549294e-09
1.757674681357457303e-06
1.102713781619968358e-06
1.586413639342865167e-10
0.000000000000000000e+00
0.000000000000000000e+00
0.000000000000000000e+00
6.603998237153518858e-09
0.000000000000000000e+00
0.000000000000000000e+00
0.000000000000000000e+00
2.924708530915864912e-10
0.000000000000000000e+00
5.106965517143180477e-08
1.604687327017018106e-06
6.903156518633934979e-11
1.247962302386440570e-07
0.000000000000000000e+00
9.118738262259284966e-07
0.000000000000000000e+00
5.302161554254780640e-08
6.476087150986131746e-07
5.255471169363090667e-09
9.808609746642105165e-08
1.566876335346023552e-06
6.454173444581101649e-07
8.053375211147795198e-08
4.394812265218206448e-07
1.335733799123772769e-07
5.126415736356193520e-09
1.092321122442285741e-09
0.000000000000000000e+00
0.000000000000000000e+00
0.000000000000000000e+00
9.110370911002974026e-07
0.000000000000000000e+00
5.105731837318217003e-09
3.365195766491524410e-08
0.000000000000000000e+00
0.000000000000000000e+00
0.000000000000000000e+00
7.595588726871937979e-07
0.000000000000000000e+00
2.241056563434540294e-06
1.548139394458303286e-09
3.890788580207527048e-09
5.905296163177808921e-08
0.000000000000000000e+00
4.028190119242935907e-07
0.000000000000000000e+00
0.000000000000000000e+00
5.849130957358283922e-09
0.000000000000000000e+00
0.000000000000000000e+00
0.000000000000000000e+00
0.000000000000000000e+00
3.268388004684652515e-09
3.015087202129507205e-07
0.000000000000000000e+00
0.000000000000000000e+00
0.000000000000000000e+00
3.591652131262890180e-08
0.000000000000000000e+00
4.542332590062869713e-07
2.130793973265099339e-06
4.187418412016086222e-09
8.086857405942282639e-08
7.039009375375826494e-09
1.346266387258765462e-08
7.841937516017694065e-11
9.995372920457157306e-07
3.959546232557009660e-12
1.206959723276668228e-06
2.318312908755615354e-06
0.000000000000000000e+00
4.237797668338316726e-09
0.000000000000000000e+00
0.000000000000000000e+00
4.354137494999577029e-09
5.225497261562850326e-07
4.440855150278366636e-07
9.365898279156681383e-09
2.722536919463891536e-06
4.914625997831656434e-11
1.430415323966371943e-07
4.234329480823362246e-06
2.298421009072626475e-07
1.208273090469447197e-07
0.000000000000000000e+00
2.468849743308965117e-06
2.419347310933517292e-06
0.000000000000000000e+00
4.343371529103023931e-07
4.784909037880424876e-07
0.000000000000000000e+00
2.798804246140207397e-07
0.000000000000000000e+00
0.000000000000000000e+00
0.000000000000000000e+00
0.000000000000000000e+00
6.718892109347507358e-08
0.000000000000000000e+00
7.436669502425274914e-09
1.177731263624082203e-07
0.000000000000000000e+00
0.000000000000000000e+00
0.000000000000000000e+00
6.158915084597538225e-07
4.328530849306844175e-07
3.929524439172382699e-08
0.000000000000000000e+00
0.000000000000000000e+00
1.668773563778813696e-09
1.824795603511120134e-08
1.728749587925904052e-08
1.421829853853751047e-08
0.000000000000000000e+00
9.163679537405045039e-11
4.129859917156863958e-06
7.737497448312424808e-11
0.000000000000000000e+00
0.000000000000000000e+00
6.510001565596112982e-11
1.007487648863047980e-09
4.780075002486228186e-09
0.000000000000000000e+00
1.617993933278327745e-10
1.266777016617481877e-09
2.879623480112059042e-06
3.839269169247927493e-08
1.133470050262985751e-06
2.258697406887222314e-08
6.746065372986720377e-10
3.051528437936212867e-06
8.241198834468832501e-09
1.302192242924604670e-10
0.000000000000000000e+00
2.556072615789162228e-07
1.734554189170012251e-07
3.360755727044306695e-07
9.900639419413437281e-09
5.554630888582323678e-07
4.146904331037148950e-08
2.141028909719011608e-09
0.000000000000000000e+00
9.286946465181245003e-07
2.193077719425673422e-08
3.921333480150224204e-09
2.418856638541910797e-06
0.000000000000000000e+00
0.000000000000000000e+00
3.147839988670853018e-09
2.921068054106967793e-09
2.310550417661261235e-09
0.000000000000000000e+00
0.000000000000000000e+00
0.000000000000000000e+00
3.381489932507975027e-07
0.000000000000000000e+00
0.000000000000000000e+00
0.000000000000000000e+00
4.413858611940213450e-09
0.000000000000000000e+00
0.000000000000000000e+00
0.000000000000000000e+00
6.008466471030260436e-07
2.331671034028204303e-08
0.000000000000000000e+00
9.442047144148091320e-09
0.000000000000000000e+00
3.644018079285160638e-06
6.473555025365840265e-09
0.000000000000000000e+00
0.000000000000000000e+00
0.000000000000000000e+00
4.621960414397108252e-08
0.000000000000000000e+00
7.844783453947457019e-07
0.000000000000000000e+00
0.000000000000000000e+00
0.000000000000000000e+00
2.381488117819685613e-09
0.000000000000000000e+00
1.366032194027866353e-07
0.000000000000000000e+00
1.113373215844148945e-08
1.556778528311042464e-07
0.000000000000000000e+00
4.805882358738244875e-10
4.258306773863296257e-07
9.454666383135190699e-09
3.391680820641340688e-07
7.914979782697173505e-09
1.433737821798786172e-07
4.346260027432435891e-07
0.000000000000000000e+00
2.043340828095097095e-06
7.023130876859795535e-08
2.192857238014767063e-07
4.005736968792916741e-07
2.252660067370015895e-07
1.019079709507764164e-09
4.800090280809854448e-08
1.185136966341815423e-08
1.370101840141024763e-12
3.043236218580602781e-10
0.000000000000000000e+00
0.000000000000000000e+00
0.000000000000000000e+00
0.000000000000000000e+00
0.000000000000000000e+00
0.000000000000000000e+00
0.000000000000000000e+00
5.874144903827982489e-07
2.594887860141170677e-09
0.000000000000000000e+00
0.000000000000000000e+00
0.000000000000000000e+00
0.000000000000000000e+00
0.000000000000000000e+00
0.000000000000000000e+00
0.000000000000000000e+00
0.000000000000000000e+00
0.000000000000000000e+00
6.944234076655675381e-09
0.000000000000000000e+00
8.157307718192896573e-09
8.642246918100227049e-09
0.000000000000000000e+00
0.000000000000000000e+00
7.332232598855625838e-09
0.000000000000000000e+00
3.881991617049607157e-09
2.546252915180957643e-07
3.559926353702280721e-09
3.024110810656566173e-06
1.011462094635540154e-11
2.008418605037309845e-11
1.483457001683063936e-08
2.378294006177839037e-09
0.000000000000000000e+00
1.312937980557649098e-09
2.166795383118369500e-07
1.465850218984598996e-09
4.750061748381995130e-07
0.000000000000000000e+00
2.433521606448607599e-09
0.000000000000000000e+00
7.838441895557934913e-09
0.000000000000000000e+00
0.000000000000000000e+00
2.448313409786351258e-07
7.332948026572694289e-09
0.000000000000000000e+00
1.987471992537237497e-11
0.000000000000000000e+00
7.297520365767695694e-09
6.950614750422801080e-09
0.000000000000000000e+00
0.000000000000000000e+00
0.000000000000000000e+00
1.940208562700718176e-07
0.000000000000000000e+00
0.000000000000000000e+00
7.305372452803826633e-12
0.000000000000000000e+00
0.000000000000000000e+00
2.071836746608823887e-08
2.169024682086018174e-10
1.568290883824374760e-07
0.000000000000000000e+00
7.727440731741808122e-08
2.155892353528088279e-09
3.625316935540467966e-09
3.021310757134187952e-09
0.000000000000000000e+00
1.575774066786550520e-09
0.000000000000000000e+00
0.000000000000000000e+00
5.099790367779633016e-09
5.272315473092703542e-09
6.019137188673084893e-09
0.000000000000000000e+00
2.136620214088225111e-09
0.000000000000000000e+00
5.881820364095347031e-09
0.000000000000000000e+00
3.090090405777345950e-09
5.050461160394092985e-10
0.000000000000000000e+00
1.208544792019594638e-10
2.875236049248997006e-09
6.540341956906559062e-08
2.683904209987986178e-09
2.244813890328600792e-09
0.000000000000000000e+00
0.000000000000000000e+00
3.217954791523425229e-09
4.218105971176555613e-07
9.381982977174629923e-07
5.685708792668719980e-09
0.000000000000000000e+00
0.000000000000000000e+00
5.491955334946396761e-07
0.000000000000000000e+00
1.314021119469543919e-06
0.000000000000000000e+00
0.000000000000000000e+00
3.992213226666763148e-09
0.000000000000000000e+00
1.042608118950738572e-06
4.279257268535729963e-07
7.267365820240456742e-09
0.000000000000000000e+00
5.372885296395235599e-12
2.235375973214104306e-08
6.734230950655728520e-10
0.000000000000000000e+00
0.000000000000000000e+00
0.000000000000000000e+00
0.000000000000000000e+00
0.000000000000000000e+00
1.117011039220017210e-09
3.661405900690084536e-10
6.658278373095072311e-09
1.579129182971428236e-08
0.000000000000000000e+00
0.000000000000000000e+00
7.337007668084538636e-10
0.000000000000000000e+00
0.000000000000000000e+00
0.000000000000000000e+00
0.000000000000000000e+00
0.000000000000000000e+00
0.000000000000000000e+00
0.000000000000000000e+00
3.945369897451200814e-08
0.000000000000000000e+00
0.000000000000000000e+00
7.598528668495418970e-07
2.342298355273442212e-09
5.687831108880381237e-11
6.216604564457384186e-09
1.198744881136803997e-09
1.176210275843914133e-06
0.000000000000000000e+00
0.000000000000000000e+00
0.000000000000000000e+00
1.605723731756825146e-08
0.000000000000000000e+00
0.000000000000000000e+00
1.889953971101476782e-09
1.177622976911152364e-08
7.820233349775662646e-09
0.000000000000000000e+00
0.000000000000000000e+00
9.716072391086072457e-10
1.968201068791586295e-08
3.279076565831928747e-07
5.952500359285295417e-08
7.931204493161203573e-08
4.325899283230683068e-07
1.629150688131630886e-06
2.304456003798804886e-08
8.166003984122482962e-11
1.366636387389874585e-10
7.710373672864534456e-09
4.908379764856363181e-07
1.148482482449253439e-07
1.702941062831087038e-06
4.237861901401629439e-07
0.000000000000000000e+00
0.000000000000000000e+00
0.000000000000000000e+00
0.000000000000000000e+00
5.629046118116320940e-09
0.000000000000000000e+00
0.000000000000000000e+00
0.000000000000000000e+00
0.000000000000000000e+00
0.000000000000000000e+00
0.000000000000000000e+00
2.427133605209519374e-09
0.000000000000000000e+00
0.000000000000000000e+00
5.349085618888693716e-09
0.000000000000000000e+00
0.000000000000000000e+00
8.653736394137467869e-09
0.000000000000000000e+00
2.491788997360799840e-08
2.012153554886708662e-09
0.000000000000000000e+00
0.000000000000000000e+00
0.000000000000000000e+00
3.577870444360087276e-09
7.959786785249889363e-07
0.000000000000000000e+00
0.000000000000000000e+00
3.902437928360313890e-09
3.280421712048564586e-09
0.000000000000000000e+00
4.414116183681926486e-09
0.000000000000000000e+00
0.000000000000000000e+00
0.000000000000000000e+00
0.000000000000000000e+00
6.801186458460506401e-08
0.000000000000000000e+00
8.969296686700545251e-06
7.807478219490349147e-09
3.506469852254667785e-07
0.000000000000000000e+00
0.000000000000000000e+00
0.000000000000000000e+00
0.000000000000000000e+00
0.000000000000000000e+00
0.000000000000000000e+00
0.000000000000000000e+00
0.000000000000000000e+00
0.000000000000000000e+00
3.879477183943436103e-09
0.000000000000000000e+00
0.000000000000000000e+00
3.231676259929372463e-08
7.576967525624311861e-11
0.000000000000000000e+00
0.000000000000000000e+00
4.282137311406586377e-09
0.000000000000000000e+00
5.934052893508123816e-08
3.250374192020899500e-09
0.000000000000000000e+00
4.436746507963107433e-07
3.780008910325705074e-07
3.390858012153330492e-07
0.000000000000000000e+00
0.000000000000000000e+00
6.167341553009464405e-07
1.300020358030451462e-07
9.780027898642629225e-10
7.320759891626948956e-07
3.167994577779609244e-07
1.963141187388828257e-07
1.755513778789463686e-07
0.000000000000000000e+00
0.000000000000000000e+00
5.214359846683613853e-11
7.771339483042538632e-07
2.174123892473289743e-06
6.207306668670753425e-09
6.265827856566374976e-09
3.198381293145757809e-08
2.667645826459619229e-10
2.665806242418966576e-09
3.744827381524373777e-07
0.000000000000000000e+00
0.000000000000000000e+00
6.738225692970445380e-07
2.787916457691608230e-07
0.000000000000000000e+00
0.000000000000000000e+00
0.000000000000000000e+00
0.000000000000000000e+00
0.000000000000000000e+00
0.000000000000000000e+00
3.095879890224750852e-07
1.455878901879259502e-07
9.057547489810247043e-10
2.407115395897108101e-08
1.134084897103093681e-07
4.211007009757850028e-08
3.049570977964322083e-07
1.930897575164181035e-08
2.103320895230353926e-08
1.139766325763957866e-08
3.604721314331982285e-06
7.809800877112138551e-07
1.277535488952707965e-06
4.159995512509340188e-07
0.000000000000000000e+00
2.091154982508669491e-07
1.326984147453913465e-06
0.000000000000000000e+00
0.000000000000000000e+00
0.000000000000000000e+00
1.428781160939252004e-06
8.071453228009062286e-11
1.177620902126363944e-06
2.904894927269197069e-06
1.260368609479201041e-08
1.443370820197742432e-06
1.630058704904513434e-06
0.000000000000000000e+00
3.194591036148608509e-09
1.550391759419511573e-11
4.656092471577721881e-07
9.341567874798784032e-07
0.000000000000000000e+00
5.120527362123539206e-07
2.032736290402681334e-08
0.000000000000000000e+00
7.696263765177846494e-11
0.000000000000000000e+00
1.345964584231751360e-08
0.000000000000000000e+00
0.000000000000000000e+00
0.000000000000000000e+00
2.335307556222687708e-07
2.952463376004743623e-07
0.000000000000000000e+00
0.000000000000000000e+00
0.000000000000000000e+00
2.165425394551334648e-09
0.000000000000000000e+00
0.000000000000000000e+00
0.000000000000000000e+00
0.000000000000000000e+00
0.000000000000000000e+00
0.000000000000000000e+00
7.190799622414090209e-10
4.869780578786730985e-09
1.123491577548207943e-10
3.820628535766701361e-10
0.000000000000000000e+00
4.435128708735192049e-09
0.000000000000000000e+00
0.000000000000000000e+00
1.067012478372930673e-09
5.238585121247751886e-09
1.027193330394027271e-09
7.719500594305372942e-09
8.148773211757998070e-09
3.368057832631166093e-07
0.000000000000000000e+00
4.767343853018246591e-09
3.311932950111895479e-09
5.959683302414475747e-10
1.720406572758292896e-08
4.344757442709124007e-09
1.077047642183970311e-07
4.875564059148018714e-07
2.127433447185467230e-07
3.980514406975999009e-08
1.208843070088505556e-08
2.584024230145587353e-07
2.842682089720938166e-09
0.000000000000000000e+00
0.000000000000000000e+00
0.000000000000000000e+00
3.725367321294470457e-07
2.155352341048910603e-08
1.522343779924995033e-07
1.099539836957319494e-08
3.289316907739703311e-08
0.000000000000000000e+00
4.633474404158732796e-08
2.846431470970856026e-06
0.000000000000000000e+00
4.742143899783002325e-10
0.000000000000000000e+00
0.000000000000000000e+00
0.000000000000000000e+00
0.000000000000000000e+00
8.545727681052994740e-09
0.000000000000000000e+00
0.000000000000000000e+00
9.519833810145428288e-10
0.000000000000000000e+00
0.000000000000000000e+00
0.000000000000000000e+00
0.000000000000000000e+00
5.833990144310519099e-07
0.000000000000000000e+00
0.000000000000000000e+00
1.406576632945188976e-09
0.000000000000000000e+00
0.000000000000000000e+00
0.000000000000000000e+00
1.221806433804317749e-09
0.000000000000000000e+00
0.000000000000000000e+00
0.000000000000000000e+00
0.000000000000000000e+00
6.995547252586220566e-09
0.000000000000000000e+00
0.000000000000000000e+00
2.787006891935561725e-08
0.000000000000000000e+00
0.000000000000000000e+00
7.673817692399609314e-10
0.000000000000000000e+00
1.805004035126955841e-09
0.000000000000000000e+00
8.891618996642591810e-09
2.101587098790602681e-10
5.428560143627692014e-07
0.000000000000000000e+00
0.000000000000000000e+00
0.000000000000000000e+00
0.000000000000000000e+00
0.000000000000000000e+00
1.898045276504944923e-09
8.157350350757042179e-09
6.064686530748986115e-10
2.728573917920584790e-07
2.042554001491225790e-07
0.000000000000000000e+00
1.427656997066151234e-07
4.137154263617048855e-08
0.000000000000000000e+00
0.000000000000000000e+00
0.000000000000000000e+00
0.000000000000000000e+00
0.000000000000000000e+00
0.000000000000000000e+00
0.000000000000000000e+00
2.620688732690723555e-08
2.985975470437551849e-06
4.981338008747115964e-09
0.000000000000000000e+00
2.392390854311088333e-07
0.000000000000000000e+00
0.000000000000000000e+00
0.000000000000000000e+00
0.000000000000000000e+00
0.000000000000000000e+00
1.178589892347758905e-09
0.000000000000000000e+00
0.000000000000000000e+00
0.000000000000000000e+00
0.000000000000000000e+00
0.000000000000000000e+00
3.937295281475350350e-11
0.000000000000000000e+00
0.000000000000000000e+00
0.000000000000000000e+00
0.000000000000000000e+00
0.000000000000000000e+00
8.497074155400241580e-09
0.000000000000000000e+00
0.000000000000000000e+00
0.000000000000000000e+00
0.000000000000000000e+00
0.000000000000000000e+00
0.000000000000000000e+00
4.890592819606354169e-09
0.000000000000000000e+00
0.000000000000000000e+00
0.000000000000000000e+00
2.248491948186881473e-10
2.975671797855738987e-08
8.332447620773564267e-09
0.000000000000000000e+00
1.059003764680710447e-07
0.000000000000000000e+00
6.836497590256840340e-09
0.000000000000000000e+00
2.410620147941244795e-09
0.000000000000000000e+00
0.000000000000000000e+00
0.000000000000000000e+00
0.000000000000000000e+00
0.000000000000000000e+00
0.000000000000000000e+00
0.000000000000000000e+00
0.000000000000000000e+00
2.246934062422045741e-11
0.000000000000000000e+00
0.000000000000000000e+00
0.000000000000000000e+00
0.000000000000000000e+00
1.145016095827067204e-10
3.783628688136531082e-10
0.000000000000000000e+00
0.000000000000000000e+00
3.298461281886488905e-09
0.000000000000000000e+00
0.000000000000000000e+00
4.286484944771018490e-09
4.496301109213618474e-10
0.000000000000000000e+00
2.717369107507749959e-10
8.277561391878407449e-07
5.964341909248105367e-08
0.000000000000000000e+00
6.822052114330290351e-07
0.000000000000000000e+00
5.302366190562679549e-08
0.000000000000000000e+00
4.377315399040071497e-09
2.207359841577272164e-07
5.131396392243914306e-07
1.692885462034610100e-06
3.863603481590871525e-08
1.094658372835510818e-07
0.000000000000000000e+00
3.884299992762407783e-09
1.119287958317727316e-06
7.500958965067638928e-09
5.216831411303246568e-09
2.448272425681352615e-06
8.444509802529864828e-08
1.037518703762840833e-12
0.000000000000000000e+00
4.617454335553716760e-11
6.883749646691139645e-12
1.370828428548520606e-08
0.000000000000000000e+00
2.403073739998262681e-09
3.973818365921033546e-06
0.000000000000000000e+00
0.000000000000000000e+00
0.000000000000000000e+00
0.000000000000000000e+00
0.000000000000000000e+00
0.000000000000000000e+00
1.263238846860303966e-09
0.000000000000000000e+00
0.000000000000000000e+00
0.000000000000000000e+00
2.069798021864244220e-08
4.563001425594848115e-07
8.250469196724452559e-10
0.000000000000000000e+00
0.000000000000000000e+00
1.322455744912076625e-08
0.000000000000000000e+00
0.000000000000000000e+00
1.725342924085992991e-10
0.000000000000000000e+00
7.713629179839642802e-10
3.808989958997699432e-07
7.175239069567851402e-09
2.015498212770694408e-09
2.755182322289329022e-07
2.173883828504585836e-08
0.000000000000000000e+00
4.488860238377467837e-12
5.643538543154136278e-07
0.000000000000000000e+00
1.347526423778333537e-09
2.892815018640249036e-07
4.554207180262892507e-07
5.062551267087656015e-08
1.988562416954664513e-07
9.593761518544852152e-08
6.327174895126574938e-10
5.450218623082037084e-07
2.902156097661645617e-07
0.000000000000000000e+00
0.000000000000000000e+00
0.000000000000000000e+00
1.306532226408307906e-06
1.447904622864371049e-07
4.965884592422753485e-09
9.138258150187539286e-09
6.109537764587003039e-09
5.128442115420739356e-09
0.000000000000000000e+00
0.000000000000000000e+00
0.000000000000000000e+00
0.000000000000000000e+00
0.000000000000000000e+00
2.324393871822039159e-10
6.641411420815757083e-09
0.000000000000000000e+00
2.335253945773274609e-08
0.000000000000000000e+00
0.000000000000000000e+00
0.000000000000000000e+00
0.000000000000000000e+00
0.000000000000000000e+00
0.000000000000000000e+00
0.000000000000000000e+00
0.000000000000000000e+00
0.000000000000000000e+00
0.000000000000000000e+00
0.000000000000000000e+00
0.000000000000000000e+00
5.435012440102582332e-10
0.000000000000000000e+00
0.000000000000000000e+00
0.000000000000000000e+00
0.000000000000000000e+00
0.000000000000000000e+00
2.104757257370692969e-08
0.000000000000000000e+00
7.756901254651893396e-07
0.000000000000000000e+00
0.000000000000000000e+00
0.000000000000000000e+00
9.131473355239450029e-09
0.000000000000000000e+00
3.706907705236517359e-07
2.633666781548527069e-06
0.000000000000000000e+00
1.293872786689576060e-09
2.125869258406964946e-07
5.524145194613083731e-07
4.956846599846187473e-10
2.981093302878434770e-06
2.755289330025334493e-08
7.637363523826934397e-07
5.328802672011079267e-06
5.342413089692854555e-08
1.036541675603075419e-06
0.000000000000000000e+00
0.000000000000000000e+00
0.000000000000000000e+00
0.000000000000000000e+00
0.000000000000000000e+00
6.632186000388173852e-07
5.958069149158973232e-09
3.691486426760093309e-06
0.000000000000000000e+00
5.820257342747936491e-07
0.000000000000000000e+00
3.114660671599267516e-07
9.111905119318919333e-10
1.469297217226994690e-07
0.000000000000000000e+00
0.000000000000000000e+00
2.242356744730500395e-09
3.784368374226687592e-08
0.000000000000000000e+00
0.000000000000000000e+00
1.978555133064219262e-07
0.000000000000000000e+00
0.000000000000000000e+00
1.269457872155044242e-08
0.000000000000000000e+00
0.000000000000000000e+00
0.000000000000000000e+00
5.203666386677241462e-09
8.157552966459036270e-10
0.000000000000000000e+00
0.000000000000000000e+00
0.000000000000000000e+00
4.101444961435163350e-09
0.000000000000000000e+00
0.000000000000000000e+00
0.000000000000000000e+00
5.058668151036727068e-09
0.000000000000000000e+00
0.000000000000000000e+00
0.000000000000000000e+00
3.101432222152311624e-09
0.000000000000000000e+00
5.586036078142342376e-10
0.000000000000000000e+00
0.000000000000000000e+00
1.966383024409878999e-06
2.223886667707120068e-06
0.000000000000000000e+00
0.000000000000000000e+00
2.768669027375381120e-08
2.690742384459099412e-08
8.951942298551784916e-09
0.000000000000000000e+00
0.000000000000000000e+00
0.000000000000000000e+00
2.193254244886588822e-09
0.000000000000000000e+00
0.000000000000000000e+00
9.484433860507124336e-08
1.378035676680156030e-07
0.000000000000000000e+00
6.204621705307999946e-09
1.100920385965764581e-07
0.000000000000000000e+00
9.168484211841132492e-07
1.906850499722168024e-08
0.000000000000000000e+00
0.000000000000000000e+00
3.674776280604419298e-06
1.291596021246732562e-07
0.000000000000000000e+00
5.817491488535608823e-10
1.539916354431625223e-07
3.476224264886695892e-06
1.427575213597265247e-08
3.346594610320607899e-07
0.000000000000000000e+00
0.000000000000000000e+00
0.000000000000000000e+00
7.403967217101126153e-09
0.000000000000000000e+00
0.000000000000000000e+00
0.000000000000000000e+00
1.417345174559159204e-07
0.000000000000000000e+00
0.000000000000000000e+00
2.241984731199408998e-08
0.000000000000000000e+00
1.068596766629070771e-09
2.806777310571106909e-10
3.160471537255737928e-11
0.000000000000000000e+00
0.000000000000000000e+00
0.000000000000000000e+00
3.497206746416736678e-09
0.000000000000000000e+00
0.000000000000000000e+00
4.157149624539613342e-10
3.680825955143518513e-07
0.000000000000000000e+00
0.000000000000000000e+00
1.577001640384878556e-09
1.635726998294728673e-09
5.313149031849206949e-09
9.100919129423346021e-09
7.760789344501972664e-09
3.510115809124414454e-11
0.000000000000000000e+00
0.000000000000000000e+00
0.000000000000000000e+00
2.382733566008710113e-09
1.918264214140208423e-09
0.000000000000000000e+00
1.625038645314269559e-12
0.000000000000000000e+00
9.077785279032468679e-08
4.515620766198935598e-09
0.000000000000000000e+00
0.000000000000000000e+00
2.997529463755199686e-06
0.000000000000000000e+00
0.000000000000000000e+00
0.000000000000000000e+00
6.164533328245624944e-09
0.000000000000000000e+00
2.330347399492893601e-07
2.908036776716471650e-06
1.307167963204847183e-06
3.174910889747195597e-10
1.425418449940707433e-08
4.599641201252779865e-08
0.000000000000000000e+00
3.283505911610973271e-09
1.075207811673806191e-09
1.682208505826565670e-08
1.175310444523347542e-06
0.000000000000000000e+00
6.625500148516039189e-09
3.605247878013528862e-09
1.048213448484602850e-06
8.589739586284395045e-09
4.973178444576953350e-13
0.000000000000000000e+00
1.255911069586446160e-10
2.848419850681738197e-12
5.891165888449734211e-10
1.160041854242344073e-10
2.060975035078627116e-08
0.000000000000000000e+00
0.000000000000000000e+00
3.796466196970271767e-10
7.528985768168183768e-10
1.738117288985208120e-11
0.000000000000000000e+00
0.000000000000000000e+00
3.015620677615515888e-07
0.000000000000000000e+00
2.288446765419394069e-09
1.247189516107027885e-07
4.599230152280142647e-08
9.324273833044571802e-07
4.182864188351231860e-08
1.714166160127206240e-06
4.905344326289196033e-07
1.124796327189869771e-07
0.000000000000000000e+00
6.749459657839906868e-09
4.244746492076956201e-07
3.699773571952391649e-07
6.500978599888185272e-08
6.731842305818247496e-10
4.697314750501391245e-07
1.826842788155147446e-09
1.204972932100645266e-06
8.587976552121290297e-09
1.218396846525138244e-06
2.308345756318885833e-06
0.000000000000000000e+00
1.976979007167756208e-07
9.884250857794540934e-07
3.254094549376418399e-09
3.900187834915413987e-07
0.000000000000000000e+00
4.719277857390125064e-09
0.000000000000000000e+00
0.000000000000000000e+00
0.000000000000000000e+00
5.233782740532433309e-09
0.000000000000000000e+00
0.000000000000000000e+00
0.000000000000000000e+00
1.489503773655087571e-07
0.000000000000000000e+00
0.000000000000000000e+00
0.000000000000000000e+00
6.029996946210758324e-09
2.215010841410958164e-09
2.596291096779168583e-06
3.455866981472155430e-10
0.000000000000000000e+00
0.000000000000000000e+00
6.994015393502195366e-07
1.225116674774540115e-10
1.208579503836348934e-11
0.000000000000000000e+00
1.989585371120483615e-06
0.000000000000000000e+00
0.000000000000000000e+00
0.000000000000000000e+00
3.647842845566628966e-07
0.000000000000000000e+00
0.000000000000000000e+00
4.853180257669009734e-07
0.000000000000000000e+00
0.000000000000000000e+00
1.017954964765976911e-08
8.266339612816864246e-09
0.000000000000000000e+00
9.239938592031649023e-09
1.358062888812128222e-07
0.000000000000000000e+00
1.803785380616318434e-06
0.000000000000000000e+00
1.240355089748845785e-07
0.000000000000000000e+00
5.326527219295940085e-09
0.000000000000000000e+00
0.000000000000000000e+00
7.332510598700991977e-09
0.000000000000000000e+00
0.000000000000000000e+00
0.000000000000000000e+00
0.000000000000000000e+00
0.000000000000000000e+00
0.000000000000000000e+00
1.542331595771884167e-09
0.000000000000000000e+00
0.000000000000000000e+00
2.433365953180555152e-09
0.000000000000000000e+00
3.000752757387203928e-09
0.000000000000000000e+00
0.000000000000000000e+00
0.000000000000000000e+00
0.000000000000000000e+00
5.436986416640365860e-09
1.526548842889496882e-08
0.000000000000000000e+00
0.000000000000000000e+00
0.000000000000000000e+00
1.235559654588769263e-09
2.506102658728082133e-09
0.000000000000000000e+00
6.400455720978470708e-09
3.844808247276641777e-14
0.000000000000000000e+00
3.803438897165278831e-09
7.025701131979644742e-10
1.165533589642109291e-07
0.000000000000000000e+00
1.935540172581795559e-09
3.527269655023701489e-06
1.637879904592409730e-06
6.552738227583176922e-07
5.104062788738317202e-13
4.943079900954217010e-08
1.347768829873530194e-08
1.544650807261405134e-08
0.000000000000000000e+00
0.000000000000000000e+00
0.000000000000000000e+00
0.000000000000000000e+00
0.000000000000000000e+00
0.000000000000000000e+00
0.000000000000000000e+00
0.000000000000000000e+00
0.000000000000000000e+00
1.628578050194562366e-09
0.000000000000000000e+00
3.262905323708764627e-08
7.660326417635587859e-08
0.000000000000000000e+00
0.000000000000000000e+00
0.000000000000000000e+00
0.000000000000000000e+00
6.754667936093028402e-08
1.987601550013096130e-08
0.000000000000000000e+00
0.000000000000000000e+00
6.763840154633271595e-09
6.583000811133388197e-10
9.445198789759245983e-11
0.000000000000000000e+00
0.000000000000000000e+00
5.013702164546884887e-08
2.603574422721521842e-08
2.651867703207244631e-08
8.996445188813595450e-08
0.000000000000000000e+00
2.047037668262419174e-07
1.292646789607942992e-08
2.296715592819964513e-06
1.151193146142759360e-06
0.000000000000000000e+00
0.000000000000000000e+00
2.078061953625365277e-07
6.346814185320681645e-09
6.760440669495437760e-07
2.188363765753820189e-07
0.000000000000000000e+00
1.258270998505395255e-07
8.085067975116544403e-07
3.306353846710408106e-06
2.125900891769560985e-06
3.670481163453587214e-08
3.729942577024303318e-08
1.537754457103801542e-07
0.000000000000000000e+00
4.796883334989843206e-09
9.529488238513295073e-07
0.000000000000000000e+00
1.949564421011018567e-06
4.507117168373042659e-08
0.000000000000000000e+00
0.000000000000000000e+00
3.427667483180130148e-09
0.000000000000000000e+00
0.000000000000000000e+00
6.234677218941442334e-10
0.000000000000000000e+00
0.000000000000000000e+00
8.040932919506360577e-10
0.000000000000000000e+00
9.911578047194780083e-08
5.133734362061659340e-07
0.000000000000000000e+00
2.151747139578219503e-06
2.689117373222416063e-09
0.000000000000000000e+00
0.000000000000000000e+00
5.898038057949861468e-09
0.000000000000000000e+00
1.704426466631048243e-07
0.000000000000000000e+00
6.453340972711885115e-09
2.746576477363760205e-08
5.146653592191796633e-08
6.859413925752733121e-09
0.000000000000000000e+00
0.000000000000000000e+00
0.000000000000000000e+00
0.000000000000000000e+00
0.000000000000000000e+00
2.263090236043208137e-11
0.000000000000000000e+00
4.371158013327658409e-08
4.581940604708734099e-09
2.747813887538086419e-08
7.130749324346652429e-10
0.000000000000000000e+00
0.000000000000000000e+00
0.000000000000000000e+00
5.650901258036356012e-08
2.693967537936714507e-08
1.073499156234447582e-08
4.686836518885684200e-07
0.000000000000000000e+00
1.416348027305502910e-06
0.000000000000000000e+00
1.505144120450552236e-09
3.597323133819330110e-11
5.765368200627563056e-07
0.000000000000000000e+00
0.000000000000000000e+00
6.922467491676798090e-06
8.134686595440143719e-07
0.000000000000000000e+00
3.524102680785290431e-07
0.000000000000000000e+00
0.000000000000000000e+00
0.000000000000000000e+00
0.000000000000000000e+00
1.226508885565635865e-07
0.000000000000000000e+00
1.105160940539917647e-08
0.000000000000000000e+00
4.893704108610563708e-09
0.000000000000000000e+00
0.000000000000000000e+00
0.000000000000000000e+00
0.000000000000000000e+00
0.000000000000000000e+00
0.000000000000000000e+00
0.000000000000000000e+00
0.000000000000000000e+00
0.000000000000000000e+00
0.000000000000000000e+00
3.368487933030905879e-09
0.000000000000000000e+00
0.000000000000000000e+00
0.000000000000000000e+00
4.972860665475309361e-07
0.000000000000000000e+00
9.760922736745669681e-09
0.000000000000000000e+00
5.544670944601648443e-09
0.000000000000000000e+00
1.800808946406107225e-09
0.000000000000000000e+00
0.000000000000000000e+00
6.300915789125838273e-09
0.000000000000000000e+00
3.571312490180389432e-08
4.226759742209651449e-08
0.000000000000000000e+00
0.000000000000000000e+00
5.739931863146807700e-10
0.000000000000000000e+00
0.000000000000000000e+00
0.000000000000000000e+00
1.960595241712326242e-09
0.000000000000000000e+00
0.000000000000000000e+00
2.819546374155379453e-08
0.000000000000000000e+00
1.824268736072554020e-07
4.459848668147969875e-08
1.444857428145596145e-10
0.000000000000000000e+00
1.048353723831496609e-07
0.000000000000000000e+00
8.990233557604199177e-10
4.116101237627844966e-08
2.166811796655565558e-08
0.000000000000000000e+00
8.543853624587427475e-08
2.461806314357772862e-09
6.536200203299813438e-07
4.097507400047106785e-08
0.000000000000000000e+00
1.602668220357372775e-08
1.471634959671064280e-06
2.683017363835915603e-09
0.000000000000000000e+00
5.314532813827099744e-09
1.236047296515607741e-06
0.000000000000000000e+00
8.290248487696771917e-09
0.000000000000000000e+00
1.596359197719721124e-06
3.642117718527515535e-10
9.313767534990802233e-09
0.000000000000000000e+00
0.000000000000000000e+00
5.438258199319534469e-07
3.090380173986773116e-09
0.000000000000000000e+00
4.885653197561623529e-07
1.452821529746017859e-09
0.000000000000000000e+00
0.000000000000000000e+00
0.000000000000000000e+00
7.334376855849811250e-11
0.000000000000000000e+00
8.758249236962001305e-09
6.419518250311284646e-09
0.000000000000000000e+00
0.000000000000000000e+00
0.000000000000000000e+00
0.000000000000000000e+00
0.000000000000000000e+00
0.000000000000000000e+00
3.023109096389475781e-09
0.000000000000000000e+00
0.000000000000000000e+00
0.000000000000000000e+00
0.000000000000000000e+00
4.205021664205332854e-09
0.000000000000000000e+00
0.000000000000000000e+00
9.030540759624727798e-09
3.639256604404117468e-11
1.897771384484769897e-10
7.594164186386365145e-11
9.546263157744760974e-08
8.505483037879457697e-07
2.566122020652983338e-06
0.000000000000000000e+00
3.460319248915766366e-07
9.746394802334634733e-09
2.192487302821177764e-09
0.000000000000000000e+00
0.000000000000000000e+00
7.912247497188218404e-07
1.513020606580539607e-06
0.000000000000000000e+00
0.000000000000000000e+00
1.726004938973346725e-08
1.642595748307940084e-06
7.490496614082076121e-07
2.493423153282492422e-06
0.000000000000000000e+00
9.215721661348652560e-07
6.532381746637838660e-09
0.000000000000000000e+00
0.000000000000000000e+00
0.000000000000000000e+00
5.284364501534355441e-09
7.516153921471868671e-09
0.000000000000000000e+00
0.000000000000000000e+00
6.849016642718197545e-08
0.000000000000000000e+00
0.000000000000000000e+00
6.650405737218534341e-08
8.019585884255775454e-09
1.885422484804166743e-08
0.000000000000000000e+00
4.049532709160530430e-09
1.523818227155970817e-08
0.000000000000000000e+00
1.960513600351987407e-07
0.000000000000000000e+00
3.603442110033938661e-06
8.472105655910056043e-11
0.000000000000000000e+00
7.490308462365646847e-08
4.918931040265306365e-09
4.102234663072579224e-10
0.000000000000000000e+00
4.290334754131208683e-09
0.000000000000000000e+00
3.402945258912382087e-09
0.000000000000000000e+00
1.518342074291467725e-08
0.000000000000000000e+00
0.000000000000000000e+00
0.000000000000000000e+00
0.000000000000000000e+00
4.905244850306189619e-07
2.792225188841257477e-07
3.211175112483033445e-07
8.178076882359164301e-07
7.110480026994991931e-08
1.596028753603206951e-09
4.656001362235429042e-09
4.899038685834966600e-08
0.000000000000000000e+00
7.100195542619758271e-09
6.946653030581728672e-08
0.000000000000000000e+00
0.000000000000000000e+00
0.000000000000000000e+00
0.000000000000000000e+00
1.128427769003792491e-07
0.000000000000000000e+00
0.000000000000000000e+00
9.058692462815542967e-09
3.574766438418919279e-08
6.832663768108204749e-09
0.000000000000000000e+00
0.000000000000000000e+00
4.302155076629787800e-09
0.000000000000000000e+00
0.000000000000000000e+00
3.717924190738131074e-09
0.000000000000000000e+00
0.000000000000000000e+00
1.177268948993059894e-08
0.000000000000000000e+00
0.000000000000000000e+00
3.270401904842401564e-08
5.075505793428192192e-09
9.599624428702213663e-10
0.000000000000000000e+00
0.000000000000000000e+00
0.000000000000000000e+00
0.000000000000000000e+00
0.000000000000000000e+00
1.292784475026564905e-07
1.175876036541012581e-07
0.000000000000000000e+00
9.784236754128983193e-10
0.000000000000000000e+00
5.075243336705170805e-09
1.349629474844959987e-08
0.000000000000000000e+00
4.032387721508712275e-07
0.000000000000000000e+00
1.689307183028176951e-08
3.377579327334956361e-09
1.110890579525403155e-08
1.518264854116768703e-11
0.000000000000000000e+00
2.127356310666073114e-06
7.055867285998829175e-07
4.751881939150937040e-13
0.000000000000000000e+00
2.633696851717104437e-07
6.977345812231305899e-09
1.532412511551228818e-06
0.000000000000000000e+00
0.000000000000000000e+00
0.000000000000000000e+00
0.000000000000000000e+00
0.000000000000000000e+00
3.121943592532261391e-09
0.000000000000000000e+00
9.734696604368764383e-09
0.000000000000000000e+00
2.524452868968296571e-09
1.023340745476275515e-09
0.000000000000000000e+00
0.000000000000000000e+00
2.015499411811561004e-08
0.000000000000000000e+00
8.099145354378833872e-09
4.528037038653565105e-07
0.000000000000000000e+00
0.000000000000000000e+00
2.986519476166904496e-09
5.509782852186617674e-09
0.000000000000000000e+00
0.000000000000000000e+00
7.980504257432130544e-09
0.000000000000000000e+00
1.037671892856195655e-10
0.000000000000000000e+00
0.000000000000000000e+00
7.674151092373904248e-09
1.412756300833706291e-10
4.526361507828369213e-09
5.851263917833193773e-11
0.000000000000000000e+00
3.048848506992385410e-09
9.962548119801795110e-07
1.817173663062540689e-13
2.767027851291459228e-08
6.398795449058525264e-07
4.874745496152854685e-09
3.827128480793362542e-08
4.892908123110828456e-07
0.000000000000000000e+00
0.000000000000000000e+00
0.000000000000000000e+00
4.238624562447057542e-09
0.000000000000000000e+00
0.000000000000000000e+00
0.000000000000000000e+00
0.000000000000000000e+00
6.102272465113856015e-09
6.211692049618022793e-09
0.000000000000000000e+00
8.806138680483854841e-07
2.043512692395665908e-09
0.000000000000000000e+00
0.000000000000000000e+00
5.765450339367816923e-09
9.961765101706987480e-08
1.110826914896279050e-07
5.137416714262599271e-09
0.000000000000000000e+00
1.709161807639247854e-07
1.178809270641067997e-06
6.609018043945980025e-08
9.079415264068302349e-08
1.038772339256865962e-07
1.383516860187228303e-06
2.236810558997603948e-07
0.000000000000000000e+00
6.095746823975289885e-11
0.000000000000000000e+00
0.000000000000000000e+00
6.101012672843353357e-08
0.000000000000000000e+00
7.881340025051031262e-09
8.156414878612849861e-06
7.556104151262843516e-07
6.955616083104132485e-09
8.515713716406025924e-07
2.004983262748893935e-10
1.103540398617042229e-06
1.199771504367674879e-09
1.156523694589850493e-06
2.860682570826611482e-07
1.933404064402566291e-06
4.647257245693481309e-09
1.987942699344102948e-09
0.000000000000000000e+00
0.000000000000000000e+00
0.000000000000000000e+00
9.740981710137930349e-08
1.372669999000208918e-06
3.576554945539101027e-07
5.562930027736001648e-07
3.010309113093967426e-09
0.000000000000000000e+00
0.000000000000000000e+00
0.000000000000000000e+00
3.351856037170364289e-07
0.000000000000000000e+00
0.000000000000000000e+00
1.775180180629831739e-08
3.769209666604211861e-10
1.066704391483597192e-09
0.000000000000000000e+00
8.272569296252640925e-09
0.000000000000000000e+00
0.000000000000000000e+00
1.410771915288933087e-06
3.573937419787398539e-06
8.017125878723163623e-07
1.430506602062564525e-09
3.980500551392651687e-08
1.392851487480584183e-07
6.532049155794084072e-06
0.000000000000000000e+00
8.263812967257422315e-10
0.000000000000000000e+00
2.214215921725326552e-09
2.999176558660110459e-06
0.000000000000000000e+00
2.752162764352306112e-08
1.698339135991489002e-09
0.000000000000000000e+00
0.000000000000000000e+00
9.209617957139926148e-09
6.055908841062773718e-08
0.000000000000000000e+00
1.015431738693450825e-09
5.221036190050654113e-06
3.887945076996857097e-09
4.964883828506572172e-07
0.000000000000000000e+00
8.253596917029426550e-09
0.000000000000000000e+00
1.760488146373972995e-07
2.316642166988458484e-07
7.463556883635646955e-09
1.653081449504156808e-09
0.000000000000000000e+00
0.000000000000000000e+00
2.277397754824050935e-07
1.704368060018168762e-07
1.464535426265456408e-08
0.000000000000000000e+00
0.000000000000000000e+00
0.000000000000000000e+00
0.000000000000000000e+00
1.430407459146465499e-10
1.413913652825726786e-09
0.000000000000000000e+00
2.308704551978735253e-07
0.000000000000000000e+00
2.426151723966540885e-09
3.934953554107778473e-07
1.042680608520640817e-09
3.512303781150194482e-09
1.029562852750132151e-07
0.000000000000000000e+00
0.000000000000000000e+00
5.163230731852763711e-09
0.000000000000000000e+00
9.323373717506910907e-08
5.429403593382176041e-09
1.216533762615767955e-09
1.715966050142014865e-06
1.299051291425712407e-06
7.946298410388408229e-07
5.356052490412821498e-09
2.711158053614326491e-08
1.244909952902162331e-09
0.000000000000000000e+00
0.000000000000000000e+00
0.000000000000000000e+00
3.356182176617039659e-08
0.000000000000000000e+00
0.000000000000000000e+00
4.327799230097184591e-11
4.824827204430448546e-09
1.189564216019789455e-07
0.000000000000000000e+00
9.134903677932015853e-08
0.000000000000000000e+00
1.663569037191336975e-06
0.000000000000000000e+00
2.640713203660993713e-10
2.330024386765217059e-07
3.181572196808701847e-07
1.812499839104475541e-08
3.717113656875881134e-07
4.755303928405396618e-10
0.000000000000000000e+00
3.721700503334091081e-09
1.422394291239470476e-07
3.128068897240154911e-07
6.637385752128466265e-09
5.854697615603754457e-09
7.577452976192944334e-08
5.463725472054647980e-09
2.025552703344146721e-06
2.763897999358277957e-09
9.339961692944598326e-09
0.000000000000000000e+00
0.000000000000000000e+00
7.716580086025714991e-08
0.000000000000000000e+00
3.254227776139373418e-09
4.893902172398156836e-08
8.069001022903421472e-10
2.939073706631489813e-10
0.000000000000000000e+00
0.000000000000000000e+00
0.000000000000000000e+00
0.000000000000000000e+00
2.299057166865736690e-09
4.536351241313241189e-07
2.262423066667906824e-07
1.772272051336898357e-10
2.027221279732316361e-09
3.873799698794755386e-07
0.000000000000000000e+00
0.000000000000000000e+00
1.812280769897256505e-09
0.000000000000000000e+00
0.000000000000000000e+00
2.414803357275729923e-10
5.296026870382775087e-07
2.123965998634957941e-07
0.000000000000000000e+00
1.833698297371011421e-11
0.000000000000000000e+00
2.159209477881063322e-10
4.040095902269058570e-08
3.712501417396651959e-09
0.000000000000000000e+00
6.222243769116175827e-07
4.285775503376498818e-06
8.073781643247457396e-10
4.981320245178721962e-09
0.000000000000000000e+00
8.165720703778855949e-12
2.677420241070649354e-07
2.120958697560126893e-08
0.000000000000000000e+00
1.780716729626874439e-08
2.950128497047899145e-08
7.126077434804756194e-06
0.000000000000000000e+00
3.357273570259167172e-09
0.000000000000000000e+00
0.000000000000000000e+00
0.000000000000000000e+00
3.421380085910641355e-07
0.000000000000000000e+00
0.000000000000000000e+00
0.000000000000000000e+00
0.000000000000000000e+00
0.000000000000000000e+00
0.000000000000000000e+00
1.764069029741577310e-10
4.519801422020464088e-09
2.600480684122885577e-06
4.478696195376122291e-14
0.000000000000000000e+00
1.981113467719453070e-10
8.130777828796453832e-09
0.000000000000000000e+00
1.655553063528714119e-07
5.804959712918389414e-08
2.614852507697856820e-13
0.000000000000000000e+00
7.063410834007299854e-08
0.000000000000000000e+00
1.243499614389520502e-08
6.891366144401445126e-09
8.361420356095550233e-08
0.000000000000000000e+00
1.137359859626485559e-07
0.000000000000000000e+00
0.000000000000000000e+00
1.512028461547743063e-06
2.804345555773579690e-08
1.361600832083809109e-09
0.000000000000000000e+00
6.958330356354736068e-09
6.809713237743153513e-09
2.442208035802195809e-08
1.403661400445344043e-07
0.000000000000000000e+00
5.124475954687568446e-09
7.403633048852498177e-07
3.605647123094968265e-07
6.120149720345580135e-09
2.322187109271567351e-09
2.260307496726454701e-08
0.000000000000000000e+00
0.000000000000000000e+00
5.836505168055339254e-10
7.783769184754874004e-09
2.584013669704177119e-09
1.428043333362438716e-06
2.066105707854148932e-06
8.944498475216278166e-09
5.911494938004580035e-08
7.606338670029799687e-09
5.847852424523125592e-09
3.772317995753837749e-06
1.150622819245938899e-09
1.373041347285663960e-09
1.063788914734686841e-07
0.000000000000000000e+00
0.000000000000000000e+00
4.420583454844972948e-09
2.028393147890383830e-10
1.080826123045497411e-10
8.084032998567636241e-09
1.171793684306976502e-07
0.000000000000000000e+00
0.000000000000000000e+00
0.000000000000000000e+00
3.403119341882643312e-09
8.145912389068143966e-09
6.121796847224914018e-09
0.000000000000000000e+00
4.445520840334893364e-09
0.000000000000000000e+00
1.560685358725777405e-09
0.000000000000000000e+00
0.000000000000000000e+00
1.240658093593083322e-06
1.619494399696108644e-10
0.000000000000000000e+00
0.000000000000000000e+00
8.248444594016746123e-09
6.428448745543491327e-11
0.000000000000000000e+00
2.487155086328129983e-07
0.000000000000000000e+00
2.091437092954784305e-11
2.932239908659539651e-07
0.000000000000000000e+00
1.373784752622952965e-09
7.691187270397747966e-11
3.591614472497894894e-07
1.088357976186671294e-06
3.611827947835877239e-09
2.624417483332308620e-08
1.081392059232300085e-10
1.012020121038403886e-07
0.000000000000000000e+00
2.267429355384820155e-09
0.000000000000000000e+00
5.647791609386665357e-11
0.000000000000000000e+00
0.000000000000000000e+00
1.107752445328458180e-09
0.000000000000000000e+00
2.243602248430676127e-10
2.186310021912163393e-09
3.327239639361323498e-08
7.257269452054515568e-09
2.261638165634849429e-08
9.737490813677140977e-09
0.000000000000000000e+00
2.452448522038963574e-10
0.000000000000000000e+00
2.244118890715185444e-09
1.779842051519153756e-09
2.042049089823194663e-07
8.568828491206659237e-08
1.251789116807344726e-09
1.969056584449901948e-10
2.277634649772153352e-07
0.000000000000000000e+00
5.343988362938034697e-09
0.000000000000000000e+00
6.599847068855524412e-08
0.000000000000000000e+00
2.622500216986622945e-09
0.000000000000000000e+00
0.000000000000000000e+00
5.046881579318096556e-09
3.252625599414749047e-11
0.000000000000000000e+00
4.419069998817803935e-09
0.000000000000000000e+00
0.000000000000000000e+00
0.000000000000000000e+00
0.000000000000000000e+00
0.000000000000000000e+00
0.000000000000000000e+00
1.296531326744343460e-09
0.000000000000000000e+00
1.320521803016561080e-09
0.000000000000000000e+00
0.000000000000000000e+00
0.000000000000000000e+00
6.374234473582873761e-10
0.000000000000000000e+00
0.000000000000000000e+00
0.000000000000000000e+00
3.854202290654029639e-08
4.943143228075541629e-09
6.576141853287253980e-09
2.048372409191312471e-11
0.000000000000000000e+00
4.882595661115374241e-09
8.448569843721998041e-09
0.000000000000000000e+00
9.534694145330036008e-10
3.179750819981563836e-06
3.626504652132211959e-09
5.982250513625331223e-06
2.128497200715173676e-08
0.000000000000000000e+00
1.513547545073379297e-07
7.388136396002664696e-07
3.743611998174856126e-08
6.229925908485256514e-09
0.000000000000000000e+00
1.209878863761559842e-09
2.123558662248115070e-09
4.489445259991953208e-09
0.000000000000000000e+00
8.712433441360190045e-08
4.792491381522268057e-07
0.000000000000000000e+00
0.000000000000000000e+00
1.318641751346660840e-09
1.515690541964431759e-06
2.199306692318714340e-08
2.278664148374406201e-14
0.000000000000000000e+00
0.000000000000000000e+00
2.629656492558751779e-09
1.664552273794583925e-09
1.811043944144330453e-06
1.310396680054282115e-08
9.222112851148267509e-09
0.000000000000000000e+00
3.034269724366822629e-09
1.494879455776754185e-07
2.096063589362984203e-08
1.259911641682265326e-08
0.000000000000000000e+00
0.000000000000000000e+00
0.000000000000000000e+00
0.000000000000000000e+00
0.000000000000000000e+00
0.000000000000000000e+00
3.960089145493839169e-09
0.000000000000000000e+00
0.000000000000000000e+00
2.267596554972328704e-09
0.000000000000000000e+00
3.844606577541043180e-10
1.687349593382236890e-09
0.000000000000000000e+00
2.032625388892483898e-06
0.000000000000000000e+00
0.000000000000000000e+00
0.000000000000000000e+00
2.685155875425948580e-09
1.310048042268974200e-10
4.943766507281566192e-10
8.638100013058647164e-09
7.123743817061267691e-09
7.961717396476331032e-11
1.577744185299323476e-10
0.000000000000000000e+00
0.000000000000000000e+00
0.000000000000000000e+00
6.410048492000441911e-09
7.272858981721697091e-10
5.229106818660511635e-07
0.000000000000000000e+00
3.134199344501098494e-09
4.221566651807506787e-09
0.000000000000000000e+00
4.315583002068024143e-09
1.369014346330743592e-09
1.610047539735148803e-09
1.063126670031167009e-11
5.264946700833661453e-09
3.853436680856248131e-09
1.265229698788061796e-09
3.614617938296760258e-09
6.400328089739559800e-08
0.000000000000000000e+00
9.245956000825117371e-09
0.000000000000000000e+00
2.840154500471925303e-11
0.000000000000000000e+00
1.136853899907919185e-08
6.180854494886034445e-09
0.000000000000000000e+00
3.194037390130688436e-07
5.146065351624429240e-09
9.783262524751257239e-13
2.709239481646363856e-07
3.730338260510279724e-09
2.072269222538891675e-12
2.044520464039578656e-08
1.611646283095069521e-08
6.518451556303261896e-09
2.217521796410437673e-06
3.228273953936877660e-06
0.000000000000000000e+00
0.000000000000000000e+00
0.000000000000000000e+00
2.503847724710794864e-07
7.114568933985765398e-09
0.000000000000000000e+00
2.531828524610091335e-09
7.668868207133527903e-09
2.346012828446930598e-10
0.000000000000000000e+00
0.000000000000000000e+00
0.000000000000000000e+00
0.000000000000000000e+00
0.000000000000000000e+00
1.904335578117866135e-09
2.672505827749915852e-10
1.835216700829533920e-11
0.000000000000000000e+00
0.000000000000000000e+00
0.000000000000000000e+00
0.000000000000000000e+00
0.000000000000000000e+00
2.069861722020505113e-07
0.000000000000000000e+00
0.000000000000000000e+00
4.288045613032309689e-11
0.000000000000000000e+00
3.868045496346894652e-06
0.000000000000000000e+00
3.626962966074565031e-11
5.022964710832411583e-09
4.842628076318078456e-09
2.917280653491616249e-06
1.539825822405305189e-09
0.000000000000000000e+00
0.000000000000000000e+00
0.000000000000000000e+00
0.000000000000000000e+00
3.691035033170919633e-09
8.708554766201359598e-09
1.283763095827339384e-09
1.516590630856740063e-09
0.000000000000000000e+00
6.674634456249606274e-11
1.527860948868919877e-09
6.769233209524827544e-07
1.028927556490089046e-07
0.000000000000000000e+00
2.280238844964976863e-11
8.666733997131359502e-09
0.000000000000000000e+00
1.466435577412994462e-07
8.000453077805502744e-10
0.000000000000000000e+00
2.805723431364981479e-09
1.581937067385297269e-05
0.000000000000000000e+00
0.000000000000000000e+00
5.558694393670293721e-09
1.430792151424498115e-09
7.135163286875467747e-07
1.098011637168383459e-08
5.175550654712424148e-07
0.000000000000000000e+00
9.793143362912815064e-08
3.391278724507174047e-08
4.563364353060705980e-09
0.000000000000000000e+00
6.189308177084740237e-09
4.680623533204197884e-08
0.000000000000000000e+00
0.000000000000000000e+00
6.376700056875961309e-09
4.807093034742138116e-08
0.000000000000000000e+00
3.141010651575015800e-08
0.000000000000000000e+00
2.067387505633178080e-08
7.387581035800394602e-08
0.000000000000000000e+00
1.442281960528646323e-09
0.000000000000000000e+00
7.781366107018072853e-10
0.000000000000000000e+00
4.286949961684882737e-11
1.256275465599809849e-11
1.918704778391955301e-10
0.000000000000000000e+00
1.641909497251958783e-09
0.000000000000000000e+00
1.733945168780337553e-06
6.432620214269491044e-09
2.023885947721737466e-09
5.294979121828191637e-09
1.812947361679029257e-11
5.049423634773120284e-06
0.000000000000000000e+00
0.000000000000000000e+00
1.840581298484522677e-10
0.000000000000000000e+00
0.000000000000000000e+00
8.914917692948165495e-10
4.666740771597233106e-09
8.032709497562962042e-10
0.000000000000000000e+00
3.381699920090852629e-10
5.388440804665606265e-09
1.148521389104928403e-09
0.000000000000000000e+00
0.000000000000000000e+00
3.831385875230353122e-09
2.391673490365064936e-07
5.898431965078998473e-09
0.000000000000000000e+00
1.892563217253950825e-09
2.112982144808484009e-07
1.123625992249799310e-07
1.063351295904624294e-09
0.000000000000000000e+00
3.268447512638772423e-09
9.320662464062934305e-09
5.327147611922100623e-10
3.389067515513488615e-08
2.292257050839907606e-08
0.000000000000000000e+00
1.924049186641241249e-08
5.312704729476536158e-07
3.352330191219721200e-09
3.242496632083202712e-06
1.988003987207775936e-06
4.125151331635379393e-09
0.000000000000000000e+00
2.149492246417139540e-07
0.000000000000000000e+00
0.000000000000000000e+00
8.563320950775998863e-13
8.478905577646855818e-09
0.000000000000000000e+00
8.292680778176908518e-12
0.000000000000000000e+00
3.994709896204540200e-09
0.000000000000000000e+00
4.974142431279915400e-09
0.000000000000000000e+00
0.000000000000000000e+00
1.750641409614672739e-09
4.197350449430814479e-07
0.000000000000000000e+00
5.017690796194074210e-08
0.000000000000000000e+00
4.033356759691741900e-08
0.000000000000000000e+00
4.679166387688837858e-09
0.000000000000000000e+00
0.000000000000000000e+00
7.810943998265429400e-07
4.412253114954856059e-12
0.000000000000000000e+00
1.918663894429073480e-09
0.000000000000000000e+00
2.108253767119094846e-07
1.248913463314238470e-06
0.000000000000000000e+00
1.258673787418729262e-08
0.000000000000000000e+00
7.569908033744354725e-10
8.461369105372540389e-11
0.000000000000000000e+00
3.151788163791024999e-08
4.645152174020950042e-08
9.440303649910219974e-09
3.626103639575717352e-09
8.241095805772147287e-09
1.907657504185422681e-10
2.580188840362040992e-10
1.638972406681205030e-07
0.000000000000000000e+00
3.955233474073338584e-09
4.675474674087354288e-09
1.213390188326002317e-08
4.808563769387319553e-09
0.000000000000000000e+00
0.000000000000000000e+00
1.541079441835790931e-08
7.202869483080576174e-07
8.222501790555725165e-09
5.348100984292614157e-08
0.000000000000000000e+00
3.136335635645082220e-09
3.329704895804752596e-06
8.472295576211763546e-07
0.000000000000000000e+00
5.022449123259775661e-10
0.000000000000000000e+00
1.414378658637360786e-08
5.425139448789195740e-09
0.000000000000000000e+00
0.000000000000000000e+00
0.000000000000000000e+00
3.052256225544169865e-09
0.000000000000000000e+00
9.237888787261283596e-10
0.000000000000000000e+00
1.330930672338581644e-06
3.778784218866348965e-07
1.402281624152124095e-10
1.196940213610275805e-09
3.995252129129767127e-08
1.771629891400561263e-11
0.000000000000000000e+00
0.000000000000000000e+00
0.000000000000000000e+00
1.507470925865561640e-09
6.770146399048826424e-08
2.839833479484354939e-09
0.000000000000000000e+00
0.000000000000000000e+00
2.922895646406686865e-06
8.815413821139372885e-07
0.000000000000000000e+00
5.416901593946477078e-09
3.368922421032038983e-07
1.058121992802973921e-11
0.000000000000000000e+00
0.000000000000000000e+00
7.027066928344538610e-09
2.935999443565151523e-09
0.000000000000000000e+00
1.441542458319178266e-11
1.079598177966545336e-06
0.000000000000000000e+00
0.000000000000000000e+00
1.254579160558932927e-07
0.000000000000000000e+00
1.680980403762077913e-07
1.476612077055960981e-08
8.756687819300168485e-09
0.000000000000000000e+00
1.332651589081024213e-08
1.018623194681822497e-07
6.669388152857891328e-09
0.000000000000000000e+00
9.441616759253701474e-12
0.000000000000000000e+00
1.054950416801148094e-06
0.000000000000000000e+00
2.646156360697204946e-07
9.129562954512948636e-07
0.000000000000000000e+00
0.000000000000000000e+00
4.019506671948391840e-10
2.929632501036394387e-07
0.000000000000000000e+00
0.000000000000000000e+00
0.000000000000000000e+00
0.000000000000000000e+00
0.000000000000000000e+00
0.000000000000000000e+00
0.000000000000000000e+00
2.154904343854013860e-08
0.000000000000000000e+00
0.000000000000000000e+00
2.456368441983158846e-10
5.126201241267835940e-09
4.433653000290860291e-09
0.000000000000000000e+00
0.000000000000000000e+00
3.059549724682142369e-09
3.504318168978670656e-09
1.807432647993323371e-09
4.472086936879726693e-11
4.715273504984907049e-08
2.144651745084047434e-08
4.777010431666894874e-08
4.831790647585876286e-07
0.000000000000000000e+00
1.165403318736935034e-06
7.182804906413764456e-10
1.274890877311918302e-07
0.000000000000000000e+00
0.000000000000000000e+00
3.379427182537142471e-09
5.103074585122158169e-08
1.445395536592286589e-08
0.000000000000000000e+00
1.185737730224900588e-07
1.826223616774313996e-09
0.000000000000000000e+00
0.000000000000000000e+00
2.602989379596465369e-09
7.010360292269979254e-09
0.000000000000000000e+00
5.508485334537738254e-10
0.000000000000000000e+00
0.000000000000000000e+00
3.688013894276309657e-09
1.149916670328821056e-06
1.097425069929158781e-06
0.000000000000000000e+00
0.000000000000000000e+00
0.000000000000000000e+00
1.729465182176426197e-10
0.000000000000000000e+00
7.441121607776324254e-10
0.000000000000000000e+00
6.801753382745800991e-09
0.000000000000000000e+00
0.000000000000000000e+00
2.004559718216114561e-08
0.000000000000000000e+00
0.000000000000000000e+00
5.127576514496468008e-07
0.000000000000000000e+00
1.961728024468811782e-08
9.730076987179980819e-12
1.494231050003236305e-08
1.768367923205005354e-07
9.329999473743980087e-14
0.000000000000000000e+00
0.000000000000000000e+00
1.343242672646738356e-08
0.000000000000000000e+00
0.000000000000000000e+00
0.000000000000000000e+00
0.000000000000000000e+00
0.000000000000000000e+00
0.000000000000000000e+00
5.629654520333815526e-10
2.844293689463484043e-10
0.000000000000000000e+00
7.044790084620444759e-09
0.000000000000000000e+00
1.238530785485636443e-06
0.000000000000000000e+00
0.000000000000000000e+00
0.000000000000000000e+00
5.603751684901681074e-09
0.000000000000000000e+00
0.000000000000000000e+00
0.000000000000000000e+00
2.905049427681660745e-07
8.656477312740662455e-09
0.000000000000000000e+00
0.000000000000000000e+00
6.096508187170002202e-09
2.238523393316427246e-07
1.724019677018517882e-10
0.000000000000000000e+00
1.032561272040766198e-07
0.000000000000000000e+00
2.559956335801416571e-08
3.094789615548654282e-12
5.224366077527520247e-07
4.806203378393547609e-06
9.820097623958190525e-09
1.957846080813396838e-07
0.000000000000000000e+00
2.853406222413923388e-08
1.685132478002060452e-09
0.000000000000000000e+00
4.574652656685884722e-09
0.000000000000000000e+00
0.000000000000000000e+00
4.048024582203879618e-09
0.000000000000000000e+00
0.000000000000000000e+00
0.000000000000000000e+00
0.000000000000000000e+00
1.829755404969546362e-07
4.482851423404099478e-09
0.000000000000000000e+00
2.528867639739473816e-07
5.501099575866419400e-09
6.488443204943905585e-07
2.806827126278221840e-08
0.000000000000000000e+00
3.519267377516399620e-10
0.000000000000000000e+00
5.906296252078391262e-08
0.000000000000000000e+00
8.866686052044769895e-09
8.514065896747524675e-09
2.048661968956366763e-07
6.450728395890337197e-09
0.000000000000000000e+00
0.000000000000000000e+00
8.076385782374018163e-09
3.424678318708629376e-09
3.827717698356991605e-09
1.258419857208536996e-08
9.275850629819615278e-07
1.670287701927009039e-06
0.000000000000000000e+00
0.000000000000000000e+00
0.000000000000000000e+00
3.991248433976579690e-07
0.000000000000000000e+00
1.217758494931331370e-06
6.886748060708214325e-09
0.000000000000000000e+00
0.000000000000000000e+00
2.377503733441699296e-06
6.418185094503314758e-09
0.000000000000000000e+00
4.451397472848839243e-09
0.000000000000000000e+00
3.071016219102773448e-10
0.000000000000000000e+00
0.000000000000000000e+00
2.149042749310936529e-10
0.000000000000000000e+00
3.970636708316988006e-09
3.576525742232661287e-08
6.666109442221568315e-09
2.812516053385394343e-10
1.417590045349470529e-08
3.724792418946520911e-10
6.301613120207605334e-10
0.000000000000000000e+00
0.000000000000000000e+00
1.564726744618383236e-06
3.598613673716499761e-08
0.000000000000000000e+00
6.771850441511517715e-12
3.618482458112026734e-10
1.752534532425964464e-12
0.000000000000000000e+00
0.000000000000000000e+00
0.000000000000000000e+00
0.000000000000000000e+00
5.308762140998624091e-08
0.000000000000000000e+00
0.000000000000000000e+00
4.182413970710285867e-09
2.623598449602582150e-09
7.446753630402369595e-11
0.000000000000000000e+00
0.000000000000000000e+00
2.689056621818508575e-08
8.137782856465491932e-07
0.000000000000000000e+00
9.330680939001467777e-08
1.076614424277977378e-07
1.097944732464384288e-06
3.570072806269308785e-07
4.137865516895544715e-08
3.204604581696912646e-07
1.896001237955413643e-11
0.000000000000000000e+00
4.522476970691968745e-08
1.810879624031258572e-08
7.398609369602127117e-08
4.496778061024997442e-09
3.254570224431319048e-11
4.623451399510258852e-09
0.000000000000000000e+00
0.000000000000000000e+00
1.361783685815964873e-09
9.574532833234172813e-11
2.678233190778200878e-09
6.526622797764503048e-09
3.742716359056430520e-09
9.700221426101052202e-08
4.276833998062556930e-09
1.858161269296942919e-08
2.969177558043156751e-06
1.394550167788111139e-06
8.859210964828889701e-08
1.303675816188842873e-07
3.681752502870949684e-07
4.580396861797453312e-08
8.421707207162398845e-07
1.139718392551003490e-06
3.098789136402047006e-08
6.165156719362130389e-06
7.268770474411212490e-08
1.817207248677732423e-06
4.381837698019808158e-06
3.742479748325422406e-07
1.594860123077523895e-06
3.049655333597911522e-06
3.907134214387042448e-06
5.647812884035374736e-09
0.000000000000000000e+00
0.000000000000000000e+00
0.000000000000000000e+00
0.000000000000000000e+00
0.000000000000000000e+00
0.000000000000000000e+00
0.000000000000000000e+00
0.000000000000000000e+00
0.000000000000000000e+00
0.000000000000000000e+00
0.000000000000000000e+00
0.000000000000000000e+00
3.970375694883898632e-10
5.953861403895643889e-09
7.237386800973411027e-10
5.670452440931228466e-10
0.000000000000000000e+00
1.570774066372848665e-10
1.356699752541601356e-10
8.703557874412126694e-09
0.000000000000000000e+00
0.000000000000000000e+00
