2.499584070392302237e-06
6.783835488022305071e-06
1.699608401395380497e-05
1.445388761567301117e-06
6.114487405284307897e-08
1.011948000950724236e-07
9.807960310581620433e-08
1.201467284772661515e-06
2.725975178918815800e-08
1.764743046805961058e-06
3.878464212903054431e-06
5.364278266029032238e-08
1.302079340348427650e-06
0.000000000000000000e+00
2.816795507953884226e-08
2.843828781351476209e-07
9.479455002292525023e-06
4.163189714745385572e-06
5.724851703803324199e-08
8.491169865010306239e-06
1.446517643444167334e-07
1.210808477480895817e-06
0.000000000000000000e+00
1.166578158517950214e-06
5.828298981214175001e-06
1.294609501201193780e-05
3.614526349338120781e-07
2.349178407357044307e-09
2.044747020590875763e-07
1.162820240097062197e-07
1.661892099491524277e-07
1.364010927318304311e-06
2.901732329974038294e-07
1.000382207627659170e-10
7.902617653599008918e-06
5.261864544081618078e-07
1.595456296854536049e-06
1.978686213988112286e-06
4.310978511057328433e-06
0.000000000000000000e+00
6.813275831518694758e-06
4.406141673740648912e-09
4.815447027795016766e-06
3.377037387508607935e-07
7.352741082655711580e-09
3.011334456459735520e-06
1.190469589573694975e-08
4.718606305686989799e-06
1.041049745253985748e-05
4.873925263382261619e-07
7.467622253898298368e-08
1.879848383623539121e-07
0.000000000000000000e+00
0.000000000000000000e+00
2.048571786872344092e-06
4.411102167978242505e-07
6.161507570823232527e-08
6.685848763510193749e-09
1.345719340406503761e-07
0.000000000000000000e+00
2.033390501310350373e-06
4.579117558023426682e-06
6.213536835275590420e-06
1.267776212898752419e-07
0.000000000000000000e+00
3.296432993238340714e-08
2.355734523007413372e-06
8.565682037442456931e-06
0.000000000000000000e+00
1.046579109242884442e-05
0.000000000000000000e+00
1.132732108999334741e-06
2.851973476936109364e-06
8.268132773991965223e-07
3.565932274796068668e-06
5.938506546954158694e-06
1.600085042241516931e-08
6.911621767358155921e-06
4.408325082749797730e-08
2.224226591351907700e-06
3.814396265511277306e-08
6.296049459564301287e-09
4.477760384702378360e-08
1.301026600231125485e-06
3.241465549308486516e-07
7.195902185230806936e-08
9.081452922998778376e-09
9.736339734445209615e-09
5.417792792172804184e-08
6.892297221838816768e-08
1.798943429776045377e-07
2.370427637288230471e-06
3.169604312347473751e-08
3.994726398559578229e-07
2.026646228614481515e-07
2.244205035140112159e-07
1.124076831615639094e-07
1.246755516604025615e-07
0.000000000000000000e+00
4.513522071647457778e-06
5.377099569159327075e-06
3.182484942954033613e-05
5.837744954106938167e-09
2.587892993233253947e-07
3.345606387483712751e-07
1.603049213372287340e-07
2.947176085399405565e-07
5.117305335033961455e-08
1.600855910055543063e-07
7.469353846545345732e-08
6.738338953482525540e-08
8.738003742791988770e-08
1.961726781019024202e-08
7.599006494274362922e-06
3.177632663664553547e-07
8.727842448763567518e-09
2.226418632789162189e-10
1.438441898926612339e-07
2.978382429574821799e-09
1.210275768492863335e-09
2.040119682078511687e-07
4.356821392548226868e-08
6.098384375263776747e-08
5.881356557324579626e-08
1.318761746915697586e-06
1.316562219244588050e-07
8.203557833041941194e-10
3.204267841283581220e-06
7.396793535008328035e-06
2.341022735663500498e-07
1.140934841714624781e-06
0.000000000000000000e+00
6.051161108189262450e-06
2.446718553983373567e-06
2.832458392276748782e-07
2.194076031969416363e-08
2.186828993444578373e-07
2.729252173594431952e-06
4.298544524772296427e-07
9.410776158347289311e-08
5.227683686825912446e-06
3.081514137193153147e-07
9.082679639504931401e-07
1.386390863444830757e-06
4.089575043053628178e-07
3.723932877619517967e-07
1.380961180075246375e-06
1.571227841168365558e-07
7.241381808853475377e-06
8.836019027569363971e-09
1.354867663394543342e-06
1.745500668448585202e-07
2.885979938582750037e-06
5.433141936350693868e-08
2.174393193854484707e-05
4.563235961541067809e-06
3.257096614106558263e-05
3.291796019766479731e-06
4.026472652185475454e-06
4.036905465909512714e-06
2.769050752249313518e-06
1.998761263166670687e-07
5.449850959848845378e-06
8.477726623823400587e-06
1.052652010002930183e-06
1.406570390827255324e-06
7.095586624927818775e-06
7.217571237561060116e-06
1.606063015913150593e-08
1.955718062163214199e-06
1.852756241760289413e-07
1.189901377074420452e-05
2.311417347300448455e-06
2.913525804615346715e-06
4.098730641999281943e-06
3.805057380290577385e-10
2.255124627481563948e-06
1.859377562141162343e-06
1.274588976230006665e-05
1.573488702888425905e-06
2.191901558035169728e-06
3.819958749318175251e-07
2.452659600749029778e-06
8.482134944642893970e-06
1.808012797255287296e-07
2.114564495059312321e-06
3.063035592276719399e-06
4.611729764292249456e-06
7.629255378560628742e-06
4.108829216420417652e-06
2.116589712386485189e-06
6.549289082613540813e-06
2.660228346940129995e-06
1.622881313778634649e-06
5.869781489309389144e-06
1.002967019303468987e-05
3.031653795915190130e-05
2.506678356439806521e-06
3.375868345756316558e-06
7.017250027274712920e-06
3.095658030360937119e-06
3.505006418436096283e-08
2.985009587064268999e-06
2.513556182748288848e-06
3.863578058371786028e-06
1.346830686088651419e-06
5.641778443532530218e-06
2.592657438071910292e-06
5.623130618914728984e-06
7.317926701944088563e-06
4.764781351696001366e-06
6.534221029141917825e-06
5.165171842236304656e-06
3.659511094156187028e-06
6.801929885114077479e-06
8.510434099662234075e-07
1.483587675465969369e-05
1.401202325723716058e-06
2.876065536838723347e-07
2.236386080767260864e-07
1.458856672797992360e-06
2.465854549882351421e-06
4.044839442940428853e-06
3.031945652764989063e-06
1.228745986736612394e-05
1.022592823574086651e-05
5.766839421994518489e-06
9.824481139730778523e-07
2.387222957622725517e-05
3.751466465473640710e-06
3.758421129873568134e-08
9.046548257174436003e-06
3.074300991556810914e-07
4.970266900272690691e-07
1.851674227282273932e-07
5.287921922558780352e-08
2.736956616899988148e-07
9.746846529878894216e-08
3.841051920971949585e-07
2.249797574904732755e-07
1.420817716279998422e-05
2.661178314156131819e-06
7.154696049838094041e-06
4.377909874619945185e-07
1.445628043938995688e-07
5.770870757260126993e-06
3.418193728066398762e-06
1.093997525458689779e-06
1.156593825157870015e-07
7.360135441558668390e-06
8.818426522338995710e-07
8.623459279988310300e-08
3.546470850324112689e-07
1.028487190524174366e-06
1.960053168659214862e-07
3.501548917483887635e-08
2.992807594637270086e-06
7.375419954769313335e-07
1.239553625964617822e-06
2.022176630589456181e-07
3.048545977435423993e-06
2.241008587589021772e-06
5.295629890156305919e-08
1.162412559096992481e-06
2.222465809609275311e-06
3.742923354366212152e-06
1.125127141676784959e-06
3.992132405983284116e-06
1.208285652865015436e-06
1.331267299065075349e-06
1.084550876839784905e-05
6.430210675034686574e-08
1.170582635268146987e-07
2.549931821249629138e-08
1.457397843296348583e-06
1.571587404214369599e-06
1.289894157707749400e-06
5.438823336589848623e-06
6.393979390395543305e-08
3.837384156213374808e-06
5.464385139930527657e-06
5.637002232106169686e-06
3.587562673601496499e-07
8.802011848274560180e-07
2.454012530961335870e-07
1.245281055162195116e-06
3.102677965216571465e-06
3.433932249663484981e-08
7.697763066971674562e-07
3.566135831079009222e-07
0.000000000000000000e+00
0.000000000000000000e+00
5.012806809645553585e-07
2.339630555070471019e-06
3.404572225917945616e-06
1.027702751343895216e-06
5.160851301866387075e-08
5.753864940061248490e-08
3.846868992241070373e-07
9.134742740002366190e-09
4.953540155838709325e-06
2.788271302733846824e-08
3.284785634605214000e-07
2.741395910277333314e-08
1.538204514872631989e-07
4.726913971353496891e-08
2.267996478622080758e-06
3.636128269590699347e-07
2.165615597959913430e-07
2.300535697941086255e-06
1.874375698207586538e-06
7.623852411597908940e-07
5.189456260268343613e-07
5.700275451658853854e-08
1.092369188882003073e-06
8.926308225909451721e-08
1.305669599105385714e-07
1.768852598615922034e-06
1.664576302573550493e-06
1.395324602526670787e-07
5.820355113428377081e-07
3.774854633320501307e-07
2.712411060201702639e-07
6.156919880595523864e-06
4.340002135450049536e-07
4.285355430511117447e-07
8.205169876873696921e-08
4.109922429051948711e-07
4.895542815575026907e-07
2.499716629245085642e-07
5.431758722806989681e-07
1.765772253747854847e-06
1.774980162849715271e-08
1.114226392928685527e-06
1.430141671754370236e-09
0.000000000000000000e+00
2.732571324770560750e-08
3.387325023140874691e-06
0.000000000000000000e+00
4.033250604607019341e-07
8.705195796210318804e-06
8.476718903693836182e-06
2.636581484694033861e-06
9.312077963841147721e-06
1.776864877456318936e-07
3.295551550763775595e-06
1.463609180518687936e-07
3.578459200070938095e-07
8.638610324851470068e-07
1.946005340869305655e-06
4.457648628886090592e-06
5.474426529872289393e-07
9.996147127822041512e-07
1.640549243120403844e-07
6.055320795894658659e-07
1.019582327899115626e-06
1.685632189385444235e-10
1.424438806907346589e-07
0.000000000000000000e+00
7.774530104143195786e-07
1.598416019987780601e-05
8.376666187359660398e-07
7.900223408796591684e-08
3.898890554410172626e-06
3.279453153481881600e-07
2.081086059035897051e-08
4.108082052312056476e-08
1.436692542711170972e-07
0.000000000000000000e+00
0.000000000000000000e+00
1.049669663188979030e-06
0.000000000000000000e+00
6.737478770446614362e-07
5.907491868129000068e-06
0.000000000000000000e+00
4.853858115438924870e-08
5.197385632982332027e-08
2.821001999109284952e-06
0.000000000000000000e+00
0.000000000000000000e+00
0.000000000000000000e+00
6.794305704715952743e-07
4.944545395346722216e-08
0.000000000000000000e+00
5.823616788802610245e-08
1.225332653120858595e-07
1.782993081178574357e-06
1.649848172746715136e-06
3.166630619944044156e-07
9.195564132369327126e-08
1.870221240096725523e-07
4.586956370289385632e-10
1.787729217994638020e-07
1.197322262669331394e-06
1.399513394062523730e-06
9.999084795708768070e-06
2.592959162939223461e-06
1.858309985891537508e-07
6.246702355383604299e-07
1.466685034756665118e-06
7.684351430725655518e-07
3.606614882301073521e-06
0.000000000000000000e+00
9.244663345953085809e-08
1.263760509573330637e-07
8.913065840943090734e-08
5.793489776806381997e-07
9.872388773146667518e-07
4.270178521892376011e-08
6.576456144102849066e-07
3.147885081489221193e-07
1.088221779355080798e-06
8.317658171108632814e-07
3.712971761160588358e-07
1.036679808663620861e-08
0.000000000000000000e+00
2.127985432309742464e-08
4.219115794512617867e-07
3.202834477633587085e-07
4.149931953634222737e-07
4.903517591969830391e-10
8.890222602531139273e-07
0.000000000000000000e+00
0.000000000000000000e+00
3.388199445453210501e-07
0.000000000000000000e+00
0.000000000000000000e+00
0.000000000000000000e+00
1.833982878451934084e-06
1.463871512896730565e-06
1.197440383293724153e-06
1.554532058634094938e-09
3.880479937379277544e-07
1.697385300758469384e-06
0.000000000000000000e+00
0.000000000000000000e+00
0.000000000000000000e+00
3.789188212977023795e-06
4.787933107763819862e-07
5.952494053218515546e-09
3.799965853090725432e-08
8.235581105964229209e-09
0.000000000000000000e+00
8.486574998300966399e-09
0.000000000000000000e+00
1.871501211780923768e-07
2.182612433898611926e-06
9.618197793770377757e-09
1.360000396743998863e-07
8.183183126675430685e-06
0.000000000000000000e+00
5.647260422847466543e-06
1.738914789939371985e-07
9.814700163701672864e-10
2.323243109003669815e-07
9.776730536259492510e-08
3.495134933473309502e-06
1.738794530581344588e-08
1.386609493891910461e-08
6.652181383515198831e-08
1.521936610515695065e-06
6.691159342153696343e-07
1.419987256667809561e-06
1.571344228068483062e-07
4.079568498127628118e-06
5.389388206822331995e-07
6.245791155379265547e-07
3.426562500408181222e-07
3.873948628552170703e-07
2.009612103393010329e-07
2.706944428609858733e-07
7.999101399036590010e-07
1.803240650133375311e-07
1.957161202881252393e-06
1.864841836507480366e-09
2.105411880393148749e-07
1.562667080179380719e-07
8.183290489682804036e-09
0.000000000000000000e+00
0.000000000000000000e+00
0.000000000000000000e+00
0.000000000000000000e+00
9.329625072496128269e-09
0.000000000000000000e+00
0.000000000000000000e+00
1.441742796259859460e-07
3.972973900090437382e-06
7.959733316909023415e-09
1.643071811940899352e-07
1.302624781374106533e-07
7.129352219692464132e-09
8.392752448571627610e-08
0.000000000000000000e+00
4.657310270772541116e-08
0.000000000000000000e+00
4.784692464454565197e-07
1.663678972363413777e-07
0.000000000000000000e+00
0.000000000000000000e+00
0.000000000000000000e+00
0.000000000000000000e+00
0.000000000000000000e+00
0.000000000000000000e+00
1.051240587912616320e-06
0.000000000000000000e+00
5.199205066475087733e-09
0.000000000000000000e+00
0.000000000000000000e+00
0.000000000000000000e+00
1.209392735290748533e-06
9.818402757488797761e-10
0.000000000000000000e+00
0.000000000000000000e+00
0.000000000000000000e+00
0.000000000000000000e+00
1.254927273208750194e-08
0.000000000000000000e+00
0.000000000000000000e+00
1.537960542918881401e-06
6.346252412470221316e-09
0.000000000000000000e+00
8.908709325794461620e-09
0.000000000000000000e+00
1.412207017992272995e-09
0.000000000000000000e+00
5.478482112408755711e-09
1.814449035464349436e-09
2.533938614490693908e-09
0.000000000000000000e+00
6.752776116059067135e-09
7.900856644482701086e-07
1.144384259532671422e-05
1.250815557796158828e-06
1.204493628392810933e-06
4.171341061010025442e-06
1.633816424373435439e-07
3.008142584803863429e-06
1.690747581051255111e-06
1.160832994173688348e-06
3.946231075246942055e-08
1.891390439823226188e-07
2.914442802648409270e-06
9.000166755868121982e-06
2.416784809611272067e-06
1.649911155254812911e-06
2.811566901073092595e-06
1.195830492406457779e-07
7.316011760849505663e-07
5.193295237404527143e-06
5.752828201366355643e-06
1.235783656738931313e-06
2.504965550542692654e-06
1.173204609017375333e-07
7.210227522591594607e-06
1.201912482429179363e-06
1.260222592947002340e-09
4.223791165713919327e-07
2.078958914353279397e-06
1.069328959601989482e-06
1.324674627767308266e-07
4.345340585132362321e-06
2.084612020780696184e-07
4.282740349026425974e-07
9.027502301250933670e-09
1.885479008478796459e-07
0.000000000000000000e+00
1.663051563127737609e-07
3.057200359535272582e-08
4.723351594293490052e-07
0.000000000000000000e+00
5.735275294682651293e-07
9.368209248350467533e-07
0.000000000000000000e+00
0.000000000000000000e+00
2.828257379405840766e-07
0.000000000000000000e+00
0.000000000000000000e+00
1.114841893468110356e-06
0.000000000000000000e+00
0.000000000000000000e+00
3.164088369089768094e-08
9.915858356634998927e-09
2.592056125294561753e-09
2.722529579557431134e-08
1.235511945196776651e-06
1.630931933505053166e-06
3.852321128761104774e-07
3.216464676825125935e-07
0.000000000000000000e+00
9.542812904328457080e-07
5.773483735538320616e-07
0.000000000000000000e+00
8.514770115652936511e-07
1.621976508658917737e-07
0.000000000000000000e+00
0.000000000000000000e+00
1.382194795951363631e-06
6.894275088598078582e-07
0.000000000000000000e+00
2.261759446398059481e-09
1.836843466662685387e-06
5.014227326682885177e-07
0.000000000000000000e+00
0.000000000000000000e+00
0.000000000000000000e+00
0.000000000000000000e+00
0.000000000000000000e+00
0.000000000000000000e+00
0.000000000000000000e+00
0.000000000000000000e+00
0.000000000000000000e+00
3.898128966284275521e-07
2.155606324549808051e-07
0.000000000000000000e+00
3.116696916549699381e-06
1.025238134388928302e-06
4.723220001778827282e-07
3.130578907217795859e-09
6.225632631640110048e-08
0.000000000000000000e+00
2.126196250173961744e-06
6.001687591350446382e-09
0.000000000000000000e+00
5.549044246322409890e-08
2.495665896162790887e-08
0.000000000000000000e+00
0.000000000000000000e+00
8.368857606910751201e-08
5.635942557091766503e-08
4.248277107876674563e-08
9.211503559924949514e-09
0.000000000000000000e+00
0.000000000000000000e+00
3.096470209129620343e-07
7.570297384518198669e-07
1.253305015325167915e-07
2.555853825469966978e-06
0.000000000000000000e+00
1.221368535198052996e-07
2.289805962618629565e-07
1.350086677120998502e-06
2.865184001166198868e-07
2.690925384740694426e-07
8.630180445834412239e-07
1.107168898784038902e-07
1.219122225393221015e-07
4.662157664370170096e-07
1.230947930253023515e-07
2.080834292428335175e-06
4.974274361302377656e-07
1.234262413163378369e-06
1.591124458855119883e-07
6.425340757232333999e-07
8.873415779930837743e-09
8.221507385997028905e-08
1.211860389815910821e-08
1.311010180415905779e-07
0.000000000000000000e+00
0.000000000000000000e+00
0.000000000000000000e+00
4.121710901472397381e-07
3.483016257632698398e-07
0.000000000000000000e+00
0.000000000000000000e+00
2.708938673379179818e-08
0.000000000000000000e+00
7.425424275453451628e-09
4.276419218740556971e-09
3.502208301142673008e-07
8.264854756134809577e-08
3.304921278868278023e-07
7.238080002025526483e-08
2.789375628253765171e-07
2.184204817012869171e-09
0.000000000000000000e+00
1.100813551424550951e-09
5.563020710752653031e-09
8.936605233600403153e-09
0.000000000000000000e+00
1.102638647054732246e-09
0.000000000000000000e+00
6.922229012218394928e-09
6.642958405578269776e-10
1.071633198845844959e-10
0.000000000000000000e+00
1.038327468450006563e-07
0.000000000000000000e+00
0.000000000000000000e+00
0.000000000000000000e+00
4.016452592736641236e-08
8.330537184519926086e-07
4.745781097881263122e-06
0.000000000000000000e+00
2.376468955844757147e-06
3.750214716546906857e-07
9.311759185948176309e-07
0.000000000000000000e+00
1.115398995388261483e-09
0.000000000000000000e+00
8.083062219554904004e-09
7.837813065236787224e-09
8.071624257866005792e-09
0.000000000000000000e+00
9.136927658914828498e-09
0.000000000000000000e+00
2.312338438059668988e-06
8.984151236290927045e-07
1.300073790844180621e-06
3.131174935333547182e-06
1.308462174165470060e-07
0.000000000000000000e+00
3.446549490249140035e-09
3.479376786685861589e-08
0.000000000000000000e+00
2.236890811468938978e-10
0.000000000000000000e+00
0.000000000000000000e+00
4.187215463247184744e-09
8.574030374575158930e-08
1.581545383544380456e-08
0.000000000000000000e+00
0.000000000000000000e+00
0.000000000000000000e+00
1.712390371721994597e-06
8.876683210701230564e-08
9.344446993964083958e-07
5.042962584411725402e-06
2.950426747361234447e-08
1.686683845036895946e-06
6.918874646544281859e-07
4.201974945772235515e-07
2.079041678371140733e-06
1.004383079816761892e-06
3.006010729222907685e-07
0.000000000000000000e+00
0.000000000000000000e+00
3.471056288617546670e-06
1.631825767844929942e-07
1.740695978469375405e-07
3.050974157758901129e-07
1.036715275404276326e-05
2.057141585964927799e-07
7.442477908625733107e-06
2.444231540721375495e-06
3.399305512630235171e-07
7.347032315863089025e-09
1.748175805005303118e-06
2.210467471286392538e-07
1.215940983456675895e-06
3.621426358790813538e-08
9.370737075187207665e-08
5.179844109193254553e-08
4.599762348789226962e-09
3.574285472041083267e-07
7.118310350051615387e-07
0.000000000000000000e+00
3.394247869437094778e-07
0.000000000000000000e+00
6.937723355804337189e-07
6.384713628904137295e-07
1.909414626410921301e-09
0.000000000000000000e+00
1.075966451935528312e-06
2.790719406675634673e-07
0.000000000000000000e+00
6.596092561039768043e-09
5.331918906392729696e-09
6.736624413861136418e-08
0.000000000000000000e+00
1.234473984368378296e-06
2.237724316955791437e-07
1.845350183771188313e-08
0.000000000000000000e+00
4.476763137972739059e-07
2.897633748943917453e-06
3.705840754264499992e-07
2.052431646859531611e-08
3.558567982508975547e-07
9.519112581513056170e-11
8.299592195726290811e-07
2.381741808221704559e-07
6.320485681499121711e-07
5.671608960255980492e-07
0.000000000000000000e+00
1.151271717958479712e-07
1.455967094443622045e-06
2.890592476489928231e-08
8.662140338344670454e-09
0.000000000000000000e+00
0.000000000000000000e+00
0.000000000000000000e+00
3.104791232999559725e-07
7.482015007553854957e-07
8.161435971487662755e-07
6.429866084012303418e-10
2.647872747729707044e-07
3.025387741217855364e-06
7.405563939855142053e-10
0.000000000000000000e+00
1.483598879303826834e-07
0.000000000000000000e+00
0.000000000000000000e+00
0.000000000000000000e+00
4.652974450181091015e-09
0.000000000000000000e+00
3.784535920203779824e-07
5.149856718844603165e-08
2.857756031815483766e-09
4.111502249770637718e-09
0.000000000000000000e+00
1.171473362759911652e-09
3.714571050750237191e-07
6.992102452585413630e-09
9.305723835950630018e-08
7.716457695039480313e-09
0.000000000000000000e+00
0.000000000000000000e+00
2.660036191315384713e-09
1.162726377401668287e-07
2.541427068791790589e-09
5.129423108485298144e-09
0.000000000000000000e+00
0.000000000000000000e+00
0.000000000000000000e+00
0.000000000000000000e+00
0.000000000000000000e+00
7.284783265504302108e-08
0.000000000000000000e+00
1.501713995821774006e-06
9.818654334026177821e-09
7.368670673635335788e-10
1.931857340764508990e-08
0.000000000000000000e+00
1.607292347216571216e-06
1.166995275525550824e-06
1.560808073008956853e-06
1.664231149334227666e-06
3.862518497044220567e-06
8.212557531805941835e-07
4.698452293894206377e-09
9.812160897126886994e-06
2.978286829602438956e-06
3.080602937188814394e-07
6.020778755555511452e-07
1.135618731495924294e-06
5.932221469606702158e-08
5.825751827615022194e-07
5.349992306946660392e-07
2.754398565230076201e-06
1.935997460122962366e-07
1.961783624437885010e-07
7.017823691057856195e-07
0.000000000000000000e+00
2.572856487859098706e-07
1.284992663386219647e-06
7.883820103415928315e-07
8.465149470282540278e-09
1.755482941234731697e-07
6.731210078214644454e-08
2.729337893470074050e-06
2.887032279907941756e-10
0.000000000000000000e+00
0.000000000000000000e+00
3.930770375859538035e-09
6.257468498915841337e-07
2.479791305631806608e-07
0.000000000000000000e+00
1.632553363606348285e-07
1.000236612286320437e-11
0.000000000000000000e+00
9.386773996977737511e-11
1.439548356074737967e-07
1.740505933822689144e-10
6.442149924623663537e-08
2.902612150634809041e-09
0.000000000000000000e+00
8.268945634881674778e-07
3.242826949190202868e-07
0.000000000000000000e+00
2.300893253703861774e-09
5.284052804199745879e-07
1.431674547802685993e-07
0.000000000000000000e+00
3.185624336765613407e-06
3.087873068352564587e-09
9.466762485033086705e-09
3.000761594762479945e-08
3.495528630992339458e-07
0.000000000000000000e+00
3.489130051548272604e-07
0.000000000000000000e+00
1.270993976731915609e-08
0.000000000000000000e+00
4.023163668875895382e-08
4.644912010576263128e-09
0.000000000000000000e+00
0.000000000000000000e+00
8.689023722752153844e-09
0.000000000000000000e+00
4.328076741444419895e-08
2.968081105336750625e-07
0.000000000000000000e+00
3.068938099204387981e-07
5.058040652983208929e-09
0.000000000000000000e+00
0.000000000000000000e+00
2.285718636585443164e-07
0.000000000000000000e+00
2.045927427474225624e-09
1.697444247383828042e-07
4.963750299680214084e-08
0.000000000000000000e+00
7.297862225641438272e-07
0.000000000000000000e+00
7.353835940193675924e-07
0.000000000000000000e+00
0.000000000000000000e+00
0.000000000000000000e+00
1.034550791700894479e-06
0.000000000000000000e+00
0.000000000000000000e+00
1.342031964668422006e-06
1.446424535700430170e-09
8.359169356708662235e-08
0.000000000000000000e+00
2.017278122323773459e-09
0.000000000000000000e+00
6.491418513832059034e-09
3.694436827572644688e-07
0.000000000000000000e+00
0.000000000000000000e+00
3.652324886971314299e-09
4.566262745697713399e-08
3.658533387351781130e-08
0.000000000000000000e+00
0.000000000000000000e+00
0.000000000000000000e+00
0.000000000000000000e+00
0.000000000000000000e+00
2.386682185218091945e-09
0.000000000000000000e+00
2.890710115721617512e-09
1.325710059063567314e-06
7.702108284490805090e-09
3.212487342807435198e-07
1.919195469213264005e-09
7.385106304269584143e-09
1.018480522141373967e-09
5.161884928384097293e-07
3.579516461016396534e-09
3.167231625411659479e-06
0.000000000000000000e+00
0.000000000000000000e+00
0.000000000000000000e+00
0.000000000000000000e+00
2.686929789774694655e-09
0.000000000000000000e+00
0.000000000000000000e+00
4.888117928203428164e-07
0.000000000000000000e+00
0.000000000000000000e+00
0.000000000000000000e+00
8.279288921109184685e-10
3.967247153013886418e-08
0.000000000000000000e+00
2.782414121327292378e-08
2.390987408062983377e-09
0.000000000000000000e+00
0.000000000000000000e+00
7.710600491428465375e-10
2.371240839238453191e-07
1.820265538299281616e-06
1.092575757866143249e-06
6.011779532855143771e-06
3.794322083194856532e-07
1.088540443561214488e-06
7.006501601125592060e-09
5.485239285007992294e-07
4.923565199987933738e-08
0.000000000000000000e+00
0.000000000000000000e+00
4.237708253640448675e-06
0.000000000000000000e+00
6.800611913604370784e-07
1.896919172850175528e-07
1.977058218471938744e-06
3.286792434664675966e-06
1.690025555944885127e-06
2.097384879107266897e-07
6.719918701492133550e-07
1.704423425508139189e-06
8.467939665024459828e-07
2.026934225796139799e-06
2.854987712908041431e-07
2.815232846842263825e-07
2.628482889122096822e-07
3.267665533712715842e-07
5.238788958195073064e-08
2.966463853226741776e-06
1.181841895459001535e-07
0.000000000000000000e+00
0.000000000000000000e+00
2.372793295180031237e-09
6.477872460664002574e-08
1.836795782139688527e-08
2.402354581931831490e-08
1.028835299621277954e-06
6.836764043782750377e-09
0.000000000000000000e+00
6.160838950108882273e-08
3.359162192850817519e-08
0.000000000000000000e+00
0.000000000000000000e+00
0.000000000000000000e+00
1.242288938385627262e-09
4.776591275290620331e-11
5.765560473491859739e-08
0.000000000000000000e+00
4.196440084314190244e-09
0.000000000000000000e+00
5.367209965356778412e-08
6.277693387346516829e-07
1.498562163249061996e-09
9.502210787104559131e-07
7.171501725800055738e-10
0.000000000000000000e+00
0.000000000000000000e+00
0.000000000000000000e+00
0.000000000000000000e+00
3.890489210789382923e-07
0.000000000000000000e+00
0.000000000000000000e+00
9.235805720209100400e-08
4.586427682085059132e-09
0.000000000000000000e+00
4.065492760219058255e-07
1.442009875063376967e-06
3.774199228701036191e-07
0.000000000000000000e+00
2.179777691679873897e-09
0.000000000000000000e+00
0.000000000000000000e+00
4.492428615776589140e-07
0.000000000000000000e+00
0.000000000000000000e+00
1.661168091970921523e-08
0.000000000000000000e+00
1.368623117059541983e-07
6.179745160039828988e-09
8.387150955968536437e-07
3.743270440281776246e-07
0.000000000000000000e+00
0.000000000000000000e+00
0.000000000000000000e+00
0.000000000000000000e+00
2.146073319053698469e-09
1.288744329031032976e-07
0.000000000000000000e+00
1.865551713109425691e-09
3.846746210456331028e-08
4.468379000144295787e-09
5.854411178063401167e-09
2.770502227633642178e-08
6.994708655838621780e-06
5.785004031366725030e-09
0.000000000000000000e+00
5.912808660468726885e-07
5.682875503509876580e-09
3.904559786604977489e-09
1.137185350330582878e-07
2.232116003142436966e-06
0.000000000000000000e+00
0.000000000000000000e+00
4.694954895967384800e-07
2.370461515965871513e-07
0.000000000000000000e+00
2.829267309323313384e-08
1.660236961242844700e-07
0.000000000000000000e+00
7.346100119320908561e-07
2.399360710114706308e-08
0.000000000000000000e+00
0.000000000000000000e+00
0.000000000000000000e+00
5.895810417655411584e-08
2.143020907396930852e-07
0.000000000000000000e+00
3.353679005613230402e-07
8.232021173171233386e-06
7.938120916151092388e-07
1.002190863630403328e-08
2.114620428983471356e-06
4.439920431309474225e-08
9.407551715412409976e-08
1.905156750581227243e-06
7.519459472860035021e-07
8.527601380592386704e-08
2.185267021559411660e-06
6.749107051007285918e-09
1.051900255788495997e-08
4.901920647171209566e-07
1.258017618965823203e-07
9.695127367592704104e-09
1.688787278908421285e-07
6.497259050775028300e-07
6.010597644490189850e-06
2.577585291874129325e-06
2.067693685603444465e-06
8.001256333045603242e-07
9.652017070038709790e-07
6.209549496816180181e-07
5.760370402896342057e-09
4.046677588576130802e-07
1.675615095564353396e-07
6.944766983707495456e-09
2.290795464432449080e-08
1.640579561090760308e-09
5.183100029171328060e-07
3.478108356880227348e-10
8.305350434056890663e-07
2.601653932288172655e-06
9.640636022822945961e-08
0.000000000000000000e+00
3.982654561696108431e-08
3.876606911035196390e-07
0.000000000000000000e+00
1.285579173782025464e-06
7.826336800853539444e-10
0.000000000000000000e+00
0.000000000000000000e+00
0.000000000000000000e+00
1.147561956571507835e-08
2.042591859208187088e-06
6.437819592974847183e-07
9.080192171495582443e-07
0.000000000000000000e+00
2.468111048870014201e-08
0.000000000000000000e+00
5.769965061297455122e-10
0.000000000000000000e+00
3.785640956266433932e-08
1.482430955768165859e-09
0.000000000000000000e+00
0.000000000000000000e+00
2.707432145143684465e-07
0.000000000000000000e+00
2.080317926811403595e-06
0.000000000000000000e+00
0.000000000000000000e+00
0.000000000000000000e+00
1.638486821775586577e-07
2.552381772602529963e-07
8.818562768908577709e-09
0.000000000000000000e+00
0.000000000000000000e+00
0.000000000000000000e+00
9.727645355894765089e-09
0.000000000000000000e+00
5.678396419739328849e-09
0.000000000000000000e+00
0.000000000000000000e+00
3.496324119112159678e-09
2.061987913748453138e-09
3.185791352944278287e-10
6.142319364244031021e-08
0.000000000000000000e+00
0.000000000000000000e+00
8.270705231794295287e-10
0.000000000000000000e+00
0.000000000000000000e+00
5.161422222954570316e-07
4.578069763283565408e-07
6.912478511367226020e-06
1.238281299720256357e-08
1.987095288313867059e-08
6.055670951354841236e-07
1.418998512442426474e-11
0.000000000000000000e+00
1.902534592090887600e-07
1.383958503353710512e-10
0.000000000000000000e+00
0.000000000000000000e+00
0.000000000000000000e+00
0.000000000000000000e+00
0.000000000000000000e+00
0.000000000000000000e+00
5.736464103733851516e-08
0.000000000000000000e+00
4.637312258637393825e-07
0.000000000000000000e+00
0.000000000000000000e+00
2.608586902042020483e-09
0.000000000000000000e+00
0.000000000000000000e+00
3.538036992267734604e-07
5.185761153825296788e-09
1.717066266948563680e-09
2.156030909361561498e-08
8.076580115812248550e-08
1.954875150644852511e-09
9.647725391914718784e-07
0.000000000000000000e+00
9.456692318110526685e-09
0.000000000000000000e+00
0.000000000000000000e+00
0.000000000000000000e+00
0.000000000000000000e+00
0.000000000000000000e+00
8.940840530158311594e-07
2.349081817953901918e-09
0.000000000000000000e+00
0.000000000000000000e+00
0.000000000000000000e+00
0.000000000000000000e+00
0.000000000000000000e+00
4.357845284630457172e-07
0.000000000000000000e+00
0.000000000000000000e+00
0.000000000000000000e+00
0.000000000000000000e+00
0.000000000000000000e+00
0.000000000000000000e+00
0.000000000000000000e+00
0.000000000000000000e+00
0.000000000000000000e+00
3.497115130812744610e-08
8.640516635516348742e-10
0.000000000000000000e+00
0.000000000000000000e+00
0.000000000000000000e+00
3.811306896750465967e-07
0.000000000000000000e+00
1.186877085501691909e-07
0.000000000000000000e+00
0.000000000000000000e+00
3.719608457686263137e-06
0.000000000000000000e+00
0.000000000000000000e+00
0.000000000000000000e+00
0.000000000000000000e+00
0.000000000000000000e+00
0.000000000000000000e+00
0.000000000000000000e+00
0.000000000000000000e+00
0.000000000000000000e+00
0.000000000000000000e+00
7.690180159336534871e-10
0.000000000000000000e+00
0.000000000000000000e+00
0.000000000000000000e+00
0.000000000000000000e+00
0.000000000000000000e+00
0.000000000000000000e+00
0.000000000000000000e+00
0.000000000000000000e+00
0.000000000000000000e+00
0.000000000000000000e+00
4.447093804316182286e-09
1.789401721907779574e-06
0.000000000000000000e+00
1.345512923300873354e-09
0.000000000000000000e+00
0.000000000000000000e+00
0.000000000000000000e+00
0.000000000000000000e+00
0.000000000000000000e+00
3.774218626517722441e-08
0.000000000000000000e+00
0.000000000000000000e+00
5.776551461167400703e-06
5.591707576968474314e-07
1.005387503028032370e-06
9.503004889666044619e-07
1.181437614405922432e-08
3.312568992441811133e-07
2.289709527758532204e-06
6.161709364960188395e-08
3.769368049688637257e-06
9.501735398487198836e-09
2.702046408842306846e-08
2.886862375817145221e-07
3.030411832583013165e-08
1.208598519042425323e-06
5.813816414956818335e-07
6.213289793777221348e-07
3.949836809624684975e-06
2.063679538366613997e-08
4.491963920827402035e-07
2.967214186355704442e-06
1.390434078984981170e-07
1.131058411374397110e-06
0.000000000000000000e+00
2.996406465172185563e-07
4.316360324718715447e-10
3.589996921959937026e-08
6.704707011806476658e-09
5.835759111505467445e-07
6.997985302348297409e-09
1.182194964144400728e-08
0.000000000000000000e+00
1.121418108596117236e-06
2.690373701597081890e-09
3.575690143975407409e-08
3.476440468830332975e-08
1.663301532062178012e-06
1.790618142649691436e-08
1.689518626335484441e-06
3.972379758465649502e-08
4.049546120654667902e-08
0.000000000000000000e+00
1.474720612293367594e-08
0.000000000000000000e+00
7.624381055393314455e-07
0.000000000000000000e+00
2.619439665174638776e-10
0.000000000000000000e+00
2.762388762178602519e-09
1.298731007182141184e-07
0.000000000000000000e+00
0.000000000000000000e+00
2.437871904348298813e-09
8.271243956414764398e-08
0.000000000000000000e+00
0.000000000000000000e+00
4.627051453098829370e-08
0.000000000000000000e+00
0.000000000000000000e+00
3.587891583833879849e-08
0.000000000000000000e+00
0.000000000000000000e+00
2.653049113732208752e-09
2.936697818256561732e-08
1.800943039143021451e-07
0.000000000000000000e+00
1.528797213268262567e-07
6.096480120731939678e-08
0.000000000000000000e+00
0.000000000000000000e+00
6.101949168169085169e-08
1.112461632146732882e-06
2.701268764226938401e-09
0.000000000000000000e+00
4.472389889542682795e-07
5.618381848648823507e-08
0.000000000000000000e+00
2.085566848109010607e-07
3.363095357755696568e-09
0.000000000000000000e+00
2.698803598377708113e-07
0.000000000000000000e+00
2.654646209521160927e-07
6.811914587956380274e-09
0.000000000000000000e+00
0.000000000000000000e+00
3.079759736124287883e-08
0.000000000000000000e+00
0.000000000000000000e+00
0.000000000000000000e+00
2.156939160613546846e-07
0.000000000000000000e+00
0.000000000000000000e+00
7.395204448812364717e-09
1.822614947855072387e-08
0.000000000000000000e+00
0.000000000000000000e+00
1.761139429845570703e-07
0.000000000000000000e+00
7.123420004973013420e-07
9.762751460584695451e-07
0.000000000000000000e+00
0.000000000000000000e+00
0.000000000000000000e+00
0.000000000000000000e+00
0.000000000000000000e+00
1.294953300146062247e-08
0.000000000000000000e+00
0.000000000000000000e+00
3.699070703078177758e-06
0.000000000000000000e+00
0.000000000000000000e+00
0.000000000000000000e+00
1.340549804496049546e-08
1.936692342496826313e-06
0.000000000000000000e+00
0.000000000000000000e+00
3.489408761936374503e-09
7.210889663156194729e-08
4.860559066344194434e-09
2.609432225852970078e-09
0.000000000000000000e+00
0.000000000000000000e+00
0.000000000000000000e+00
0.000000000000000000e+00
7.264971291220945204e-09
5.333754771186249855e-08
2.375114505070996529e-08
1.992953713170209085e-07
7.142220681544131367e-08
2.842267088354333282e-09
5.644577072416723240e-08
0.000000000000000000e+00
0.000000000000000000e+00
5.275397597870323807e-06
6.685149287477543112e-07
8.344873094756621867e-07
9.746326412596317823e-08
6.511948527077038307e-07
2.357449702117264678e-08
6.946392794304756535e-09
4.925783514408976771e-08
2.126775342503606225e-07
1.369635015180392656e-06
5.470154107456437487e-09
3.316723393709253287e-07
3.059602704524877481e-06
2.988680236626350961e-08
0.000000000000000000e+00
1.614719053577573504e-06
1.834608021056283178e-08
4.685115015945484629e-07
0.000000000000000000e+00
1.701141627563629299e-06
2.630329618114046752e-06
1.465062723582377657e-06
2.991031578858383000e-06
2.605289864732185379e-06
3.872468994359223871e-07
3.931602350348839536e-06
1.342076760835198002e-08
5.672188763128360733e-08
2.817791000531144618e-10
0.000000000000000000e+00
3.869453646387910339e-09
2.988679170812247321e-08
1.469495414241350772e-09
8.351298674824647605e-07
3.398411774213627723e-09
3.921008158158656443e-07
1.190413012608360077e-08
9.538809564446637523e-08
2.881482430439064046e-07
0.000000000000000000e+00
8.490237490832441836e-08
0.000000000000000000e+00
8.409626772731826350e-09
6.388398698931041508e-09
2.573082902301848662e-08
7.049159194139065221e-07
1.114050102168917533e-10
1.453538942541854340e-07
0.000000000000000000e+00
0.000000000000000000e+00
2.942659875770914368e-06
2.765163875650955561e-09
8.751102065218674397e-10
0.000000000000000000e+00
0.000000000000000000e+00
0.000000000000000000e+00
3.913328043836372672e-07
0.000000000000000000e+00
2.881880902805278311e-07
0.000000000000000000e+00
0.000000000000000000e+00
3.451957866218435811e-07
6.691116993806645041e-08
0.000000000000000000e+00
1.785099512652266185e-09
0.000000000000000000e+00
0.000000000000000000e+00
3.375430823737701758e-09
0.000000000000000000e+00
0.000000000000000000e+00
5.630204302775609904e-09
0.000000000000000000e+00
0.000000000000000000e+00
0.000000000000000000e+00
0.000000000000000000e+00
0.000000000000000000e+00
2.162581447251454847e-09
0.000000000000000000e+00
0.000000000000000000e+00
4.552903831722687755e-09
9.038445796250016429e-07
6.523988531625946052e-07
1.965019151839442202e-07
2.810613075610035594e-08
4.069447001597836788e-09
2.231101969840665333e-09
0.000000000000000000e+00
1.153245676732694847e-08
8.791355199377903773e-09
1.279768735429342996e-09
7.740656116084210225e-09
2.485183756562037161e-07
6.528321137011516839e-07
2.395569609348058293e-08
0.000000000000000000e+00
5.743810902458790224e-07
6.468976607720833272e-07
8.727324418700277420e-10
0.000000000000000000e+00
1.153945959231350571e-06
4.255006729181332048e-07
3.612835826061200351e-07
1.874638888565982597e-09
2.679868549293473734e-09
1.326693421788149863e-09
0.000000000000000000e+00
4.629159491287282435e-07
1.845523485144440201e-07
1.066442845143455997e-08
0.000000000000000000e+00
9.401907696826583560e-09
1.121920867319659010e-08
0.000000000000000000e+00
0.000000000000000000e+00
0.000000000000000000e+00
0.000000000000000000e+00
2.957684444582220351e-11
0.000000000000000000e+00
0.000000000000000000e+00
0.000000000000000000e+00
9.345494156320910406e-09
0.000000000000000000e+00
1.177250208428404221e-08
8.285352350867469795e-07
4.046310550620546564e-06
0.000000000000000000e+00
0.000000000000000000e+00
6.576436817340436392e-08
4.553664112449951062e-09
7.535935431235429860e-09
0.000000000000000000e+00
0.000000000000000000e+00
4.862960034657248798e-10
1.000285454466620649e-08
2.575397388682176825e-07
5.634917532582051081e-10
9.483006602195587220e-10
0.000000000000000000e+00
0.000000000000000000e+00
3.347690125110602821e-09
0.000000000000000000e+00
0.000000000000000000e+00
0.000000000000000000e+00
0.000000000000000000e+00
0.000000000000000000e+00
0.000000000000000000e+00
2.599358417398889287e-08
4.073783810287778806e-10
3.326281472482151003e-09
0.000000000000000000e+00
8.665156592257972079e-09
9.150157076476261864e-09
2.793355406538466923e-06
1.804861113896549796e-07
1.920581098602269776e-06
3.318318704259581864e-07
2.062296744043123908e-06
8.324546030280544073e-08
9.976896819807734573e-08
1.456325406934411149e-07
1.382827186091617477e-08
1.425292737167183077e-07
1.438952835997042712e-06
1.495179844823724125e-06
1.236350954059162177e-06
1.299044782854252844e-07
8.562690112512427731e-09
2.302268057974288240e-06
3.253174840622818920e-09
2.963000952149741352e-06
4.134591108595486730e-06
6.008868354001606349e-07
6.873519708960884600e-08
9.148315598395129200e-07
4.025188218292896636e-07
1.109373855001649645e-07
1.882148012555262540e-06
1.523792292346115573e-08
2.897374315580236726e-06
0.000000000000000000e+00
1.105590397010303150e-09
1.331762700118588327e-09
7.576300004030755986e-11
5.344228531933836734e-11
0.000000000000000000e+00
6.225935322845543851e-10
1.769350638225475336e-11
1.750285916202187764e-09
7.064536733381032718e-10
3.832820425486715976e-07
4.683385346204715916e-10
1.995160126000428136e-08
7.296944382062520162e-09
0.000000000000000000e+00
4.492011207446466869e-09
7.957893233268009681e-10
2.205687678724643774e-06
6.791337909817229956e-07
6.006832364846559358e-08
3.823988681261880629e-09
2.387117703506191901e-08
5.128488851369183976e-07
0.000000000000000000e+00
0.000000000000000000e+00
6.393349738509357394e-10
0.000000000000000000e+00
0.000000000000000000e+00
0.000000000000000000e+00
2.955383271441291981e-09
1.775635888323634504e-10
0.000000000000000000e+00
0.000000000000000000e+00
0.000000000000000000e+00
0.000000000000000000e+00
0.000000000000000000e+00
0.000000000000000000e+00
0.000000000000000000e+00
0.000000000000000000e+00
0.000000000000000000e+00
9.568852732400046079e-08
7.383780253888971856e-09
0.000000000000000000e+00
7.262211966008180752e-06
0.000000000000000000e+00
0.000000000000000000e+00
5.666397839831915917e-08
0.000000000000000000e+00
0.000000000000000000e+00
1.967197391650188365e-07
3.649021209639613517e-07
0.000000000000000000e+00
7.526431033966218820e-09
0.000000000000000000e+00
0.000000000000000000e+00
1.591941099832183681e-06
5.198204977574505392e-09
3.040757292183116078e-06
0.000000000000000000e+00
0.000000000000000000e+00
7.669109791663686337e-09
1.390021679981146008e-06
0.000000000000000000e+00
9.944768919467605883e-08
0.000000000000000000e+00
0.000000000000000000e+00
8.915083782312649419e-08
2.481316541125266895e-10
2.662768139316540328e-08
1.043856173055246472e-06
0.000000000000000000e+00
0.000000000000000000e+00
2.437636510421725689e-07
9.566128333915457915e-09
0.000000000000000000e+00
6.550121334214509261e-09
7.543059510339844564e-09
0.000000000000000000e+00
1.509252989251308463e-08
2.278334854111108143e-08
1.281874801861704327e-06
9.116959631683130283e-09
5.989816997953312239e-08
0.000000000000000000e+00
3.005351301155201327e-09
0.000000000000000000e+00
0.000000000000000000e+00
0.000000000000000000e+00
5.168132233279720822e-08
0.000000000000000000e+00
0.000000000000000000e+00
0.000000000000000000e+00
0.000000000000000000e+00
1.128605386924164122e-08
1.077141433825090644e-07
3.897842326683331748e-10
0.000000000000000000e+00
0.000000000000000000e+00
0.000000000000000000e+00
0.000000000000000000e+00
0.000000000000000000e+00
0.000000000000000000e+00
1.681402378439500467e-10
5.566984095928262377e-10
0.000000000000000000e+00
0.000000000000000000e+00
0.000000000000000000e+00
0.000000000000000000e+00
0.000000000000000000e+00
0.000000000000000000e+00
0.000000000000000000e+00
5.777988931754407531e-08
1.411746382018463919e-07
0.000000000000000000e+00
0.000000000000000000e+00
0.000000000000000000e+00
0.000000000000000000e+00
4.655021541566384258e-07
0.000000000000000000e+00
0.000000000000000000e+00
4.495766425804958999e-09
0.000000000000000000e+00
2.954986921821500800e-09
0.000000000000000000e+00
0.000000000000000000e+00
6.056829260359108957e-09
0.000000000000000000e+00
0.000000000000000000e+00
0.000000000000000000e+00
0.000000000000000000e+00
0.000000000000000000e+00
0.000000000000000000e+00
0.000000000000000000e+00
5.608956499258965778e-08
0.000000000000000000e+00
7.722598560633286979e-09
2.750179191934876144e-06
5.019306570375192678e-08
9.764845998461169074e-08
2.545711141888062912e-10
2.395636189422845064e-10
7.186475414755477686e-08
1.404229010404378641e-06
4.257103228155756369e-06
5.920946932747028768e-08
6.236321610231243540e-07
0.000000000000000000e+00
1.955806894216038927e-08
9.686983730716747232e-07
2.333248858121805824e-06
1.765617696491972310e-08
2.883241734252806054e-07
5.816231123390025459e-07
1.521878743915294763e-06
1.665318222876521759e-06
1.763595349757451913e-07
1.305643877458351199e-06
6.413383157877206031e-09
0.000000000000000000e+00
6.025886989391437965e-08
5.879176114831352606e-07
1.124339178204536438e-06
3.023195063178718556e-07
7.571022919705683307e-09
1.857222713397277403e-07
1.963135071170185597e-10
1.136983314609096851e-06
9.634226216803654097e-08
4.836299467569915578e-07
0.000000000000000000e+00
1.758747730784548935e-10
5.356337737794092391e-07
0.000000000000000000e+00
3.806646304838068318e-07
8.960954644976482086e-09
4.273511322594458761e-09
2.060693759631249122e-06
1.686914496978886291e-10
0.000000000000000000e+00
8.129913631194085610e-09
0.000000000000000000e+00
0.000000000000000000e+00
9.312736359845530387e-09
2.808285159972001566e-07
1.420441549271345139e-06
0.000000000000000000e+00
0.000000000000000000e+00
0.000000000000000000e+00
5.626954902027136995e-09
1.981065764766754000e-07
0.000000000000000000e+00
0.000000000000000000e+00
0.000000000000000000e+00
9.841421011458351131e-09
2.031432133620114655e-09
1.854004523238472757e-07
3.307314386802318040e-07
0.000000000000000000e+00
0.000000000000000000e+00
0.000000000000000000e+00
0.000000000000000000e+00
0.000000000000000000e+00
0.000000000000000000e+00
0.000000000000000000e+00
0.000000000000000000e+00
0.000000000000000000e+00
0.000000000000000000e+00
0.000000000000000000e+00
0.000000000000000000e+00
4.470701853165337525e-08
8.022693065434793880e-10
0.000000000000000000e+00
1.001604875427997143e-11
0.000000000000000000e+00
0.000000000000000000e+00
0.000000000000000000e+00
1.524391102236677398e-08
0.000000000000000000e+00
0.000000000000000000e+00
0.000000000000000000e+00
1.948224515047058958e-08
2.975099960167426616e-06
1.926938786311893637e-08
7.181475414341775831e-09
4.600006491273234133e-07
1.250105157168945880e-07
2.371735341455405432e-08
2.276059944961161818e-07
5.502098221477069728e-10
0.000000000000000000e+00
3.636605683254856558e-08
6.461196448981354479e-07
7.985055325288037409e-12
6.179911338222154882e-08
0.000000000000000000e+00
0.000000000000000000e+00
4.836637685912137385e-07
4.659442165433347327e-09
0.000000000000000000e+00
0.000000000000000000e+00
1.291655049584505832e-08
0.000000000000000000e+00
1.457207243760194615e-09
0.000000000000000000e+00
1.137399294748320244e-06
0.000000000000000000e+00
4.452067159377293137e-09
0.000000000000000000e+00
0.000000000000000000e+00
0.000000000000000000e+00
0.000000000000000000e+00
0.000000000000000000e+00
0.000000000000000000e+00
0.000000000000000000e+00
1.526568809140371741e-07
8.511563898139229423e-09
4.294530508985872075e-09
2.634536144796584267e-07
0.000000000000000000e+00
0.000000000000000000e+00
0.000000000000000000e+00
0.000000000000000000e+00
1.052643217036575152e-08
1.289444506030745785e-11
1.522784343066518886e-09
0.000000000000000000e+00
0.000000000000000000e+00
0.000000000000000000e+00
7.882379193802080408e-09
9.984208126923022064e-09
0.000000000000000000e+00
0.000000000000000000e+00
1.579409669716369535e-08
6.365912796901795900e-10
4.271115372489475703e-08
1.404545257877032327e-09
0.000000000000000000e+00
0.000000000000000000e+00
9.556387681186606642e-09
0.000000000000000000e+00
0.000000000000000000e+00
0.000000000000000000e+00
0.000000000000000000e+00
0.000000000000000000e+00
0.000000000000000000e+00
0.000000000000000000e+00
0.000000000000000000e+00
0.000000000000000000e+00
0.000000000000000000e+00
5.743875153285671331e-09
2.737139181974157509e-09
4.369483406208019005e-07
0.000000000000000000e+00
8.177251942242946825e-08
7.811972402294031781e-09
9.083051644154238602e-09
2.275006636409671046e-06
2.999200887643382885e-07
4.679339227209311503e-08
4.531060312729096040e-06
1.979896069315145724e-06
1.219126062323994120e-07
2.870454274273015471e-08
3.170714890643466788e-08
1.877665880556378397e-07
9.967072855943115428e-07
0.000000000000000000e+00
9.357209229676755058e-09
0.000000000000000000e+00
1.954569484041712712e-07
2.930658240529737668e-07
5.162887077858613338e-07
1.154474375653080642e-06
1.729768150937616156e-08
7.929449452603876125e-07
2.209742859804464388e-07
4.900329031443106942e-08
1.913175253775989404e-07
2.541018147894646972e-06
2.215676602190796984e-07
1.346566591564624105e-06
3.949205904518748866e-07
1.367973965216151555e-07
6.303119448602956254e-07
3.459945929762398009e-08
1.201851205223647412e-06
2.086266732703734306e-07
4.753037785576452734e-08
3.007335006022238133e-11
3.289532344297185773e-07
8.990065936131941271e-08
4.638559403247199953e-06
1.651569370153538330e-08
1.206654133056872524e-06
3.262323744479544985e-08
1.063413468394003303e-09
2.975467850774293765e-06
1.792146235857217107e-07
1.344374123135594346e-08
1.690688655742178526e-08
1.612051789834367810e-07
3.990245467377917521e-09
0.000000000000000000e+00
0.000000000000000000e+00
3.781899238219921244e-10
6.527020701696528704e-09
3.335472058552113594e-07
0.000000000000000000e+00
4.742775416843869607e-08
1.893508851935621351e-07
8.634430770371182007e-08
0.000000000000000000e+00
0.000000000000000000e+00
2.995399839278434229e-08
6.869339586046407931e-08
2.931503786385292187e-07
0.000000000000000000e+00
0.000000000000000000e+00
0.000000000000000000e+00
7.363892162715046652e-09
0.000000000000000000e+00
5.371353495320363436e-07
1.590567322296010389e-08
0.000000000000000000e+00
7.771807086776050255e-10
0.000000000000000000e+00
5.360555110911491283e-09
1.871106576345482608e-07
1.824762563273907290e-07
2.887588607336510904e-06
0.000000000000000000e+00
7.679746616418015037e-09
0.000000000000000000e+00
0.000000000000000000e+00
8.208435815504344646e-07
9.603259059076663107e-07
0.000000000000000000e+00
0.000000000000000000e+00
1.018638400296367763e-07
0.000000000000000000e+00
0.000000000000000000e+00
4.431544482486060588e-07
0.000000000000000000e+00
5.170464612014313843e-10
0.000000000000000000e+00
4.319820234854887531e-08
3.238958268259040096e-10
0.000000000000000000e+00
3.485973065764369494e-09
1.131438498447323582e-09
2.328371451199018338e-08
0.000000000000000000e+00
5.367633448827291431e-09
0.000000000000000000e+00
0.000000000000000000e+00
9.840306347541627474e-08
0.000000000000000000e+00
0.000000000000000000e+00
3.199120301999869298e-09
0.000000000000000000e+00
0.000000000000000000e+00
5.969498673152884294e-09
0.000000000000000000e+00
0.000000000000000000e+00
0.000000000000000000e+00
1.461334363739297260e-06
3.328600062246778180e-09
1.350140109934727661e-06
1.151607762039930094e-06
3.600939768588773404e-09
0.000000000000000000e+00
0.000000000000000000e+00
0.000000000000000000e+00
6.773438698814970849e-09
4.729748592779969840e-09
4.576547780743567273e-07
9.500449209554062691e-07
9.910708698157577601e-09
8.703457297087879851e-07
0.000000000000000000e+00
0.000000000000000000e+00
7.364227894157693299e-09
5.807508696165086803e-09
0.000000000000000000e+00
6.424226428602963779e-11
0.000000000000000000e+00
1.130107278868308640e-07
1.536058789497474208e-06
1.275005956813402008e-06
5.089587830298114568e-06
8.092141001725394744e-08
4.725489333168297890e-09
7.511205240007257089e-07
2.129811207396414829e-07
4.909744433234664029e-08
6.357224151543050539e-07
1.060631348082097247e-06
7.430458026647102088e-07
4.382681026982027106e-07
8.434765845777292270e-07
1.208031903843220789e-06
2.183281679890569649e-07
0.000000000000000000e+00
1.524282424725242890e-06
0.000000000000000000e+00
6.682021194137632847e-07
1.557032192067708820e-07
0.000000000000000000e+00
1.605233279633466736e-07
1.797754066501511261e-06
4.085118234797846526e-06
5.472577413456747308e-07
2.714500908496120246e-07
4.739933956443564966e-06
4.610496375789807644e-07
9.952829671533436340e-10
2.897299964388366789e-06
0.000000000000000000e+00
3.291224714985219180e-08
0.000000000000000000e+00
2.485496224835515022e-06
4.421632837647848646e-08
3.356958302447310416e-07
0.000000000000000000e+00
2.904164148276322521e-06
4.214963610138511285e-06
4.229436001423891867e-07
0.000000000000000000e+00
3.999160185230721254e-07
5.371325606517984852e-09
0.000000000000000000e+00
6.248766837302355270e-09
9.903442510506010876e-09
1.374178424384808750e-07
0.000000000000000000e+00
1.523668743175221607e-06
0.000000000000000000e+00
0.000000000000000000e+00
0.000000000000000000e+00
1.086277379158673284e-07
7.890238151730954996e-08
5.623394372378243133e-07
0.000000000000000000e+00
0.000000000000000000e+00
8.731269929285190301e-09
0.000000000000000000e+00
6.469304025813471526e-08
2.478013243489840534e-07
4.562091362458886579e-07
0.000000000000000000e+00
0.000000000000000000e+00
6.918195794014536659e-08
0.000000000000000000e+00
9.485708574175077956e-07
0.000000000000000000e+00
0.000000000000000000e+00
0.000000000000000000e+00
0.000000000000000000e+00
0.000000000000000000e+00
0.000000000000000000e+00
0.000000000000000000e+00
4.282321242499165237e-06
0.000000000000000000e+00
5.577723172223159054e-09
0.000000000000000000e+00
0.000000000000000000e+00
0.000000000000000000e+00
0.000000000000000000e+00
0.000000000000000000e+00
0.000000000000000000e+00
3.076933907664169965e-08
0.000000000000000000e+00
2.019079943238466512e-07
5.991360296775383176e-08
2.857362089991877241e-11
6.513653505457739357e-10
1.836037881730590016e-06
6.506265304295766327e-09
7.553578873498167923e-10
3.063736375708003834e-09
0.000000000000000000e+00
0.000000000000000000e+00
6.994712862251617480e-07
9.792279875853182602e-09
2.539452168548450572e-07
0.000000000000000000e+00
5.747568199154784452e-09
0.000000000000000000e+00
0.000000000000000000e+00
0.000000000000000000e+00
0.000000000000000000e+00
0.000000000000000000e+00
1.841567609517369419e-07
0.000000000000000000e+00
2.049311689233945799e-07
8.582612918972554183e-12
1.041354948938533198e-06
3.056090349673468154e-07
2.604016913210216444e-08
2.487448913512935178e-09
9.529006916864091181e-09
0.000000000000000000e+00
0.000000000000000000e+00
0.000000000000000000e+00
0.000000000000000000e+00
0.000000000000000000e+00
0.000000000000000000e+00
5.514998679956306660e-09
0.000000000000000000e+00
0.000000000000000000e+00
0.000000000000000000e+00
0.000000000000000000e+00
0.000000000000000000e+00
0.000000000000000000e+00
3.734845321901048010e-08
1.485148715119066765e-07
0.000000000000000000e+00
0.000000000000000000e+00
6.104492467073896478e-09
0.000000000000000000e+00
4.610477901678677881e-07
0.000000000000000000e+00
0.000000000000000000e+00
0.000000000000000000e+00
0.000000000000000000e+00
0.000000000000000000e+00
0.000000000000000000e+00
0.000000000000000000e+00
1.355773520117509179e-07
0.000000000000000000e+00
0.000000000000000000e+00
0.000000000000000000e+00
0.000000000000000000e+00
0.000000000000000000e+00
7.502328003283764701e-07
8.766823356154418434e-08
1.402183897880604491e-07
1.175845820711174383e-08
1.952903172508513308e-09
4.823118160857120529e-06
4.100602382095530629e-07
4.250014171702787280e-07
1.474215736152473255e-07
1.149752279161475599e-06
0.000000000000000000e+00
5.091060302220284939e-07
0.000000000000000000e+00
0.000000000000000000e+00
2.172367317143653054e-07
0.000000000000000000e+00
0.000000000000000000e+00
3.636023109265806852e-07
5.346019520402478520e-07
1.402096501124105998e-07
6.194545107973681297e-07
2.340632043740242807e-08
5.311500128613033667e-09
6.420923455152660608e-07
1.168526978290174156e-06
2.481817091393168084e-06
1.231301172133214550e-10
1.659127590869502455e-08
1.117253418669861276e-07
7.197978391104697948e-08
9.656010213632271189e-09
3.160362780363357160e-07
7.176550553822380607e-08
1.308109176534344442e-08
3.317511243494664086e-07
1.832828786518803099e-07
4.424319799412046450e-10
3.222841542083187960e-06
2.657601498867734335e-07
0.000000000000000000e+00
7.952114060572057497e-07
3.300495521330049087e-08
6.080640559957828373e-07
0.000000000000000000e+00
0.000000000000000000e+00
1.777133604718983406e-07
0.000000000000000000e+00
1.339285944368384662e-07
1.384079951094463468e-06
0.000000000000000000e+00
5.653510584124887828e-07
1.917843945875574718e-07
3.439111395664440352e-08
1.698645974101964384e-06
2.519735176065296400e-07
4.152539929691556608e-07
0.000000000000000000e+00
0.000000000000000000e+00
8.446318311428058223e-09
1.795303639084977476e-08
1.654585162214061711e-06
0.000000000000000000e+00
0.000000000000000000e+00
0.000000000000000000e+00
0.000000000000000000e+00
0.000000000000000000e+00
3.801718384544017226e-10
3.818334537442069632e-09
0.000000000000000000e+00
0.000000000000000000e+00
0.000000000000000000e+00
0.000000000000000000e+00
0.000000000000000000e+00
0.000000000000000000e+00
0.000000000000000000e+00
0.000000000000000000e+00
0.000000000000000000e+00
0.000000000000000000e+00
1.551478279182560982e-09
5.269594680612499360e-07
0.000000000000000000e+00
6.153131693054092466e-08
0.000000000000000000e+00
2.427257328463383601e-08
6.414798292553314241e-08
3.152154704366694205e-06
0.000000000000000000e+00
0.000000000000000000e+00
2.219327086550038075e-07
0.000000000000000000e+00
0.000000000000000000e+00
5.704923755622814951e-10
7.831904724753258051e-08
2.195566679574767477e-07
0.000000000000000000e+00
1.556068829344781079e-09
8.385039791392046027e-07
1.111543124210356837e-08
0.000000000000000000e+00
0.000000000000000000e+00
0.000000000000000000e+00
3.252404781051154714e-07
1.465178911530529149e-08
0.000000000000000000e+00
0.000000000000000000e+00
0.000000000000000000e+00
0.000000000000000000e+00
0.000000000000000000e+00
0.000000000000000000e+00
0.000000000000000000e+00
0.000000000000000000e+00
0.000000000000000000e+00
0.000000000000000000e+00
0.000000000000000000e+00
0.000000000000000000e+00
0.000000000000000000e+00
0.000000000000000000e+00
0.000000000000000000e+00
0.000000000000000000e+00
0.000000000000000000e+00
0.000000000000000000e+00
0.000000000000000000e+00
0.000000000000000000e+00
5.493689059221651405e-07
0.000000000000000000e+00
1.643033625819967369e-11
0.000000000000000000e+00
0.000000000000000000e+00
5.947111553217254709e-11
0.000000000000000000e+00
0.000000000000000000e+00
0.000000000000000000e+00
0.000000000000000000e+00
0.000000000000000000e+00
0.000000000000000000e+00
5.794611297460505739e-06
0.000000000000000000e+00
0.000000000000000000e+00
7.596876017146314553e-09
0.000000000000000000e+00
1.007657179918908241e-09
5.817629489257569730e-09
2.224745458079269156e-06
0.000000000000000000e+00
0.000000000000000000e+00
0.000000000000000000e+00
0.000000000000000000e+00
0.000000000000000000e+00
0.000000000000000000e+00
3.531016368185646570e-09
0.000000000000000000e+00
1.364005441928384244e-08
9.165582737225008714e-10
0.000000000000000000e+00
0.000000000000000000e+00
1.779301754822881776e-07
7.632147713820813806e-08
0.000000000000000000e+00
7.835418358581591747e-08
3.159344146297371481e-07
6.011806163996880059e-09
1.314157316301134415e-07
1.304415064851127681e-08
3.074708274652948603e-06
0.000000000000000000e+00
5.796647201350424439e-06
2.933763028067915002e-07
1.046398523385505541e-08
1.743677131571530481e-07
3.994866517587070120e-07
2.592738610474043526e-06
1.035944819705036934e-06
9.343325002575397775e-10
4.782571636496868450e-07
1.646067516958282795e-06
2.992071586049860343e-07
2.176295538447448052e-06
2.204721596399394912e-07
1.130190163678435056e-08
1.464738375034357887e-07
1.558990021521822200e-07
3.631865581610327354e-07
4.417634258402358682e-08
1.828179740925861552e-08
8.788809680027043214e-08
8.722497568669496104e-08
3.004591349053953309e-07
2.760854158623260446e-07
3.065371068089461914e-09
9.526873512299971480e-09
1.551629082996441866e-07
1.170102109426807147e-06
0.000000000000000000e+00
1.675128813438675479e-09
0.000000000000000000e+00
1.171090335816415973e-08
0.000000000000000000e+00
7.504375787448225310e-09
3.246206006224383600e-07
2.248134300941728725e-08
1.062499754844736799e-09
8.483504565504063066e-09
0.000000000000000000e+00
8.518259875245348667e-09
6.466142288275023020e-09
2.936691514965339422e-11
1.135943890062662831e-07
1.009290372167015448e-06
0.000000000000000000e+00
0.000000000000000000e+00
2.521247495224088198e-07
0.000000000000000000e+00
0.000000000000000000e+00
3.528647312123212032e-07
8.207484469835435448e-09
3.198076115040748846e-07
0.000000000000000000e+00
0.000000000000000000e+00
0.000000000000000000e+00
7.804520407717063790e-08
8.269179785358460322e-10
0.000000000000000000e+00
0.000000000000000000e+00
2.195572751384489152e-10
0.000000000000000000e+00
0.000000000000000000e+00
0.000000000000000000e+00
0.000000000000000000e+00
0.000000000000000000e+00
0.000000000000000000e+00
0.000000000000000000e+00
0.000000000000000000e+00
0.000000000000000000e+00
1.397160076521686278e-07
2.696431465665227734e-06
0.000000000000000000e+00
2.390688962350395741e-07
1.116737138318057987e-07
2.811782362499570809e-09
6.811955444163686479e-08
0.000000000000000000e+00
1.296327378774719818e-09
6.744702574223992997e-08
2.389324436080642045e-06
7.948619327180495020e-07
0.000000000000000000e+00
4.357901151053056310e-09
1.469364213635415695e-11
1.760441570297643921e-08
0.000000000000000000e+00
0.000000000000000000e+00
0.000000000000000000e+00
0.000000000000000000e+00
0.000000000000000000e+00
0.000000000000000000e+00
0.000000000000000000e+00
6.546503783511070651e-08
4.122664362671280003e-11
2.437741954963712487e-07
1.905591773265769007e-08
1.145902928101349971e-07
1.901353297029118039e-09
1.676603922362573940e-08
3.942967063963465080e-10
1.774023594691698236e-08
0.000000000000000000e+00
2.202967941400402196e-08
1.092215100584326137e-07
0.000000000000000000e+00
0.000000000000000000e+00
1.366295254712213136e-08
4.335310777037193475e-08
0.000000000000000000e+00
4.355421405477510888e-12
1.898711632364324942e-09
0.000000000000000000e+00
1.433071048495548894e-07
7.983060754668258596e-07
3.020084449190107989e-08
8.853260169416898862e-07
9.270830219065828715e-07
7.698035098258060316e-09
6.919657380421995185e-08
5.706061845245358199e-09
1.806326849873585161e-06
3.296354975645954255e-07
1.724264961922017392e-07
8.222912128985626623e-09
7.047260197623472777e-08
1.081488335330504924e-05
4.156213435635436326e-07
3.949777237721718848e-06
7.583553838230727706e-07
1.200937589374007075e-07
1.190509124171512667e-06
1.396631773786793929e-06
1.449676911846609073e-08
5.149106474533482469e-09
2.465976194798713550e-06
0.000000000000000000e+00
5.296059839565714356e-07
2.895198463193082716e-07
1.333096975031367037e-07
7.296792858824119321e-08
1.165326537488908798e-07
3.103130836734635523e-07
1.669589209996047430e-06
0.000000000000000000e+00
1.446114055170255597e-07
3.464698011157452129e-06
4.571603540171054192e-07
0.000000000000000000e+00
1.921352321687663789e-07
4.587740249917260371e-07
6.711724864771895227e-08
0.000000000000000000e+00
7.317314754118342535e-09
2.936264536401722580e-06
1.302975682904161658e-08
1.437343968291315832e-07
2.752278476236824645e-07
1.015620512134773890e-07
0.000000000000000000e+00
0.000000000000000000e+00
0.000000000000000000e+00
4.453583335450872482e-11
0.000000000000000000e+00
0.000000000000000000e+00
1.207508546485769330e-07
1.722961201267025899e-06
0.000000000000000000e+00
1.062864907197536013e-08
0.000000000000000000e+00
0.000000000000000000e+00
1.629880898690316826e-06
2.476862448475003475e-07
0.000000000000000000e+00
3.200427727279020473e-07
0.000000000000000000e+00
3.296501063232426532e-06
0.000000000000000000e+00
1.522961952105106320e-07
7.810236866134800948e-07
2.060903225853394360e-09
0.000000000000000000e+00
0.000000000000000000e+00
0.000000000000000000e+00
0.000000000000000000e+00
0.000000000000000000e+00
0.000000000000000000e+00
0.000000000000000000e+00
0.000000000000000000e+00
2.290797239401509700e-11
0.000000000000000000e+00
1.955343122972408310e-06
5.968769922759520341e-09
0.000000000000000000e+00
0.000000000000000000e+00
4.484451920916399104e-09
0.000000000000000000e+00
2.541014332280155941e-08
0.000000000000000000e+00
0.000000000000000000e+00
8.436897047658931115e-08
6.691535658909231188e-10
0.000000000000000000e+00
1.171253600773525250e-07
0.000000000000000000e+00
3.027160460078448523e-07
2.152866755977811408e-07
8.726458666785674723e-09
0.000000000000000000e+00
2.755608932147879386e-07
1.093785613193176687e-07
0.000000000000000000e+00
5.879886657567112707e-07
3.366336898125155130e-07
6.695694310110411607e-07
3.069546039569104323e-07
3.603176708111277549e-07
1.149281558809889248e-07
2.229521953722723993e-07
0.000000000000000000e+00
8.088432537078915630e-07
3.716731953318230808e-07
1.027139887810335495e-06
5.953082222731609363e-07
1.696998879197053611e-06
1.558916409294397454e-07
5.741828204008925240e-07
4.684968075707729440e-07
3.484903032813235768e-09
5.526778295461554080e-06
8.936609674492501654e-08
2.853743730213409435e-08
0.000000000000000000e+00
0.000000000000000000e+00
0.000000000000000000e+00
6.539930382132297382e-06
1.941278469530516304e-06
1.320619418265778222e-07
3.017748495537375675e-09
5.578696971042518271e-08
6.108346467526004631e-11
6.956076390451926272e-07
3.108813828589518380e-08
5.423705484730589887e-09
6.201242541692408849e-08
3.054676156466484827e-08
1.711368327050877269e-07
0.000000000000000000e+00
2.425230150038260035e-07
7.823502734538578807e-09
0.000000000000000000e+00
0.000000000000000000e+00
0.000000000000000000e+00
0.000000000000000000e+00
0.000000000000000000e+00
9.724182348236354301e-09
0.000000000000000000e+00
0.000000000000000000e+00
0.000000000000000000e+00
0.000000000000000000e+00
0.000000000000000000e+00
6.480042884504655376e-07
0.000000000000000000e+00
0.000000000000000000e+00
0.000000000000000000e+00
0.000000000000000000e+00
0.000000000000000000e+00
0.000000000000000000e+00
0.000000000000000000e+00
6.394375304807908833e-07
2.511754804146448805e-09
0.000000000000000000e+00
0.000000000000000000e+00
4.891618221591897964e-09
2.490578765446116449e-07
0.000000000000000000e+00
5.379307665975829877e-09
0.000000000000000000e+00
8.866138934138234617e-09
0.000000000000000000e+00
0.000000000000000000e+00
7.221039481919433456e-07
7.252756404341198504e-07
0.000000000000000000e+00
0.000000000000000000e+00
0.000000000000000000e+00
5.361966426420394782e-09
0.000000000000000000e+00
0.000000000000000000e+00
0.000000000000000000e+00
0.000000000000000000e+00
3.400537025299854577e-06
0.000000000000000000e+00
0.000000000000000000e+00
0.000000000000000000e+00
0.000000000000000000e+00
0.000000000000000000e+00
0.000000000000000000e+00
0.000000000000000000e+00
5.563402396546734963e-07
0.000000000000000000e+00
0.000000000000000000e+00
0.000000000000000000e+00
2.560651968241955956e-10
3.178537610892817611e-07
2.894334102165885270e-06
1.190023191099953692e-09
0.000000000000000000e+00
2.008822320931358263e-06
0.000000000000000000e+00
0.000000000000000000e+00
8.357577740980559611e-09
2.333400313248024105e-11
0.000000000000000000e+00
0.000000000000000000e+00
0.000000000000000000e+00
5.415040860157205316e-09
0.000000000000000000e+00
9.922098698211812007e-09
0.000000000000000000e+00
0.000000000000000000e+00
0.000000000000000000e+00
0.000000000000000000e+00
2.470429860679246303e-09
0.000000000000000000e+00
6.943903674283546934e-09
0.000000000000000000e+00
0.000000000000000000e+00
5.016944371050158225e-08
0.000000000000000000e+00
9.456307265010011065e-11
0.000000000000000000e+00
1.165200380626174592e-08
1.454768835174036212e-06
0.000000000000000000e+00
0.000000000000000000e+00
0.000000000000000000e+00
0.000000000000000000e+00
0.000000000000000000e+00
0.000000000000000000e+00
1.687790103233055561e-07
5.788997725630906643e-09
0.000000000000000000e+00
0.000000000000000000e+00
0.000000000000000000e+00
1.397891423948749434e-06
1.267530478799017146e-06
5.343631093168710322e-11
6.555520030815387145e-06
1.451285527309664758e-07
3.993211539210506089e-09
2.903159384004538879e-07
3.443244338541262550e-07
4.411415090999071253e-07
2.189088661452842643e-07
1.902577118073622842e-08
0.000000000000000000e+00
5.740566280110215303e-07
1.848619604061241262e-07
3.322687192053308536e-08
1.532161491013539489e-07
0.000000000000000000e+00
1.106352328861248679e-06
0.000000000000000000e+00
3.724034513652441092e-06
2.963606107186933514e-07
9.688247537553706934e-09
1.473772726967581548e-06
8.806711804254518938e-08
1.277156798096257262e-06
0.000000000000000000e+00
0.000000000000000000e+00
0.000000000000000000e+00
0.000000000000000000e+00
3.696836170519191000e-09
8.358082226322949282e-08
1.023028517010970972e-06
4.703779055148515909e-08
0.000000000000000000e+00
2.232330709173169225e-10
0.000000000000000000e+00
0.000000000000000000e+00
0.000000000000000000e+00
0.000000000000000000e+00
8.291458186704403488e-09
0.000000000000000000e+00
9.690357849478914432e-09
0.000000000000000000e+00
2.960073963720333268e-08
0.000000000000000000e+00
7.126924828071423690e-09
0.000000000000000000e+00
9.094211605997770675e-08
5.426331384228433308e-09
1.311993287345103454e-06
1.676721126386837568e-07
2.666031839737570408e-08
4.352605742496962193e-08
0.000000000000000000e+00
1.193199068438843824e-06
0.000000000000000000e+00
2.822874600738600748e-09
0.000000000000000000e+00
0.000000000000000000e+00
0.000000000000000000e+00
1.104998426093573016e-09
0.000000000000000000e+00
0.000000000000000000e+00
0.000000000000000000e+00
0.000000000000000000e+00
0.000000000000000000e+00
0.000000000000000000e+00
0.000000000000000000e+00
0.000000000000000000e+00
0.000000000000000000e+00
9.137393135461024940e-07
0.000000000000000000e+00
6.211929193256082726e-09
5.148697823642578442e-07
1.710578430902387481e-06
1.067699031409574673e-06
0.000000000000000000e+00
0.000000000000000000e+00
0.000000000000000000e+00
2.265888809915850288e-09
1.199805183205171488e-06
0.000000000000000000e+00
3.475136907127307495e-07
0.000000000000000000e+00
0.000000000000000000e+00
6.855390779492154252e-07
3.360225093729241053e-07
0.000000000000000000e+00
2.704870549763427334e-09
0.000000000000000000e+00
0.000000000000000000e+00
0.000000000000000000e+00
4.237725281797111165e-09
0.000000000000000000e+00
3.601638525196904084e-07
2.670638821200554958e-07
9.530917282063455787e-07
6.989875345198015566e-08
2.647449264259194024e-07
4.930828367832873482e-07
5.068660016149806324e-07
0.000000000000000000e+00
8.943604079547640140e-09
1.930871349031804129e-06
1.375423437366407597e-07
0.000000000000000000e+00
0.000000000000000000e+00
1.097538859795577082e-08
2.204966591534684994e-07
0.000000000000000000e+00
1.491757757321465760e-07
6.441123787226388231e-06
9.685236364020965993e-07
1.664835508563555777e-06
2.763757720458670519e-07
1.101916140555658785e-07
6.390248927345965058e-06
1.497781909165496472e-06
0.000000000000000000e+00
4.046617902986326953e-07
3.122153924284276627e-11
2.488538939360296354e-07
1.143872054854000453e-06
1.402591109922468604e-08
1.018461034618667327e-06
0.000000000000000000e+00
2.124633340372383827e-07
1.660315551710311865e-09
0.000000000000000000e+00
6.134885666142508853e-07
7.312078651011688635e-06
1.976267860470670712e-08
3.605074425649945624e-06
7.533119017466560763e-09
3.746013277350357384e-09
5.256149506749352440e-07
0.000000000000000000e+00
5.521743332792539150e-06
0.000000000000000000e+00
2.410335542268882136e-10
1.599849497324612457e-08
0.000000000000000000e+00
3.877533316654080409e-08
4.242094462370005203e-07
7.059547391108367265e-10
3.687030014631886843e-09
5.324389817928931734e-10
5.859733960278390441e-07
2.568663859392472659e-08
8.463749168186041061e-08
2.853817591130791698e-07
0.000000000000000000e+00
6.986424523347523063e-06
1.785444680990622146e-07
3.913601176463998854e-08
1.403702327706923825e-07
8.304981591322757595e-09
2.989442648981821549e-08
4.778916604664118495e-07
3.774252377297671046e-07
3.569902844446914969e-07
7.044470340389352714e-09
2.566005434800899820e-07
1.198429799842415377e-06
5.676207820215495303e-06
1.283113988392869942e-07
0.000000000000000000e+00
1.067317754177565803e-07
1.525937154411849406e-09
4.281670840100559872e-07
3.248780444664589595e-07
5.936400384598528035e-07
1.339701839242479764e-06
1.647634690016275272e-06
3.245746029278961942e-06
5.069415465186466463e-07
2.004060348781422363e-07
4.279546317320637172e-07
0.000000000000000000e+00
1.535769456495472696e-06
5.474466320265491959e-07
2.501937501619977411e-07
2.353830552692670608e-07
1.835163629948510788e-07
0.000000000000000000e+00
4.920173523714765906e-06
4.374393938633147627e-06
4.554336641149347997e-08
2.841288981869638519e-08
1.326475967289297841e-06
7.134588031476596370e-07
2.194725254867080366e-07
1.379624222863640171e-06
1.182424114176683361e-07
1.950132428873985191e-07
8.813466401136338391e-09
7.822904279919384862e-08
0.000000000000000000e+00
5.013107511331327260e-07
1.020035824694787152e-06
0.000000000000000000e+00
0.000000000000000000e+00
1.227880908061251830e-08
3.803021115800220286e-07
2.883454726543277502e-06
1.121770083045703359e-06
1.047228295192326186e-07
4.539989273411038084e-09
1.125992170614154020e-07
0.000000000000000000e+00
1.147997181760729291e-07
9.992262306468546740e-08
2.424067702122556511e-07
0.000000000000000000e+00
5.804576019841078960e-08
8.680384411263730726e-08
1.838927090602737735e-07
8.468147825624328107e-06
0.000000000000000000e+00
3.546544036225895979e-08
1.091818944587430451e-06
5.262189120003313292e-07
0.000000000000000000e+00
1.006282968063487715e-08
0.000000000000000000e+00
0.000000000000000000e+00
1.891442593660030980e-07
9.010556745181474980e-09
0.000000000000000000e+00
0.000000000000000000e+00
0.000000000000000000e+00
0.000000000000000000e+00
1.550395495542034041e-06
3.444955254394699296e-08
1.856800651012235903e-07
9.332605799272641889e-08
2.123863112046819879e-07
1.457583493902347982e-06
1.108532856619603990e-07
6.489244128715654369e-07
0.000000000000000000e+00
0.000000000000000000e+00
0.000000000000000000e+00
1.035545760252887248e-09
0.000000000000000000e+00
0.000000000000000000e+00
2.502017196093220264e-06
3.665867254198929004e-08
6.392456786130651381e-09
2.003102252956523444e-07
1.036476646731898654e-07
1.133740545888883844e-09
3.187442132457363186e-07
3.431913455642643385e-07
2.759804544893995626e-07
3.627135924944013823e-07
7.022301360848359764e-06
1.446508690605696756e-07
3.405477855267236009e-06
5.788345447399478871e-07
4.407146150242624572e-07
6.412692954427257064e-08
5.953624508947541472e-07
9.930498663379694335e-07
1.005796093522803858e-06
9.390345923065979150e-08
5.392315074459474999e-07
2.965565037982287322e-08
4.794268981811455888e-09
9.192926313517091330e-07
3.809413229305391724e-09
1.957254625040150131e-07
2.318168945691923000e-08
0.000000000000000000e+00
9.900122677208855748e-07
9.762713943928247318e-07
1.813859967114694882e-06
3.152176519805038879e-09
4.446733825602677825e-08
1.349429794572643004e-06
2.156786083062911530e-09
1.138260046218420030e-07
3.283616933913435787e-07
6.480040042333712336e-07
5.541895120586559642e-08
0.000000000000000000e+00
5.308762069944350515e-07
3.564361463759269100e-07
0.000000000000000000e+00
3.306958973325890838e-08
0.000000000000000000e+00
1.459400778003328014e-07
0.000000000000000000e+00
2.877892590902320080e-09
0.000000000000000000e+00
4.643073054921842413e-07
1.240085907738830429e-06
0.000000000000000000e+00
0.000000000000000000e+00
1.092215984321853739e-09
4.307169021444678947e-08
5.481951337316104400e-09
2.965763634676932270e-08
1.328873651118556154e-07
0.000000000000000000e+00
5.253320068732136860e-06
1.110781937541105435e-07
3.450434826746118233e-09
1.869178277047467418e-06
0.000000000000000000e+00
3.332614628703822746e-09
2.107924046867992729e-06
2.301640051882714033e-07
2.684172883959945466e-09
4.391848506202222779e-06
7.721057926346475142e-08
4.674304250329441857e-07
1.031898477776849177e-06
6.048285854376445059e-07
1.148651563198654912e-06
0.000000000000000000e+00
7.101594974301406182e-07
9.472971385093842400e-08
1.622658061251058825e-07
2.755534751486266032e-07
6.301642088146763854e-07
2.373107918174355291e-06
1.764080707289394923e-06
1.165923890766862314e-06
1.747167175381036941e-07
3.364029907970689237e-07
6.372933292198013078e-09
1.615952527345143608e-08
2.827739763233694248e-06
1.439246659629134228e-07
0.000000000000000000e+00
0.000000000000000000e+00
0.000000000000000000e+00
0.000000000000000000e+00
1.756469941938121337e-06
7.724225703498177609e-09
2.428108132335182745e-07
5.656072499249376051e-09
9.579853355035083950e-08
6.072390306144370697e-07
5.416968065219407436e-07
0.000000000000000000e+00
0.000000000000000000e+00
2.085801725115743466e-06
8.041235446398786735e-07
2.895505986089119688e-06
2.550876843088190071e-07
7.404356949791690568e-08
0.000000000000000000e+00
1.130010147676330234e-07
2.667960927738022292e-07
3.173318532390112523e-07
0.000000000000000000e+00
8.845103316446056851e-09
0.000000000000000000e+00
5.367819522206218608e-09
0.000000000000000000e+00
1.516599127171502914e-06
6.233372484842902850e-09
5.469930730583882905e-09
9.524183610665204469e-07
3.935407111299582539e-09
6.044970746188482735e-09
0.000000000000000000e+00
3.650595603588158156e-09
0.000000000000000000e+00
0.000000000000000000e+00
2.613047200838991557e-08
8.649058358400907309e-09
6.941489605338801994e-10
0.000000000000000000e+00
0.000000000000000000e+00
7.013762797214440070e-07
0.000000000000000000e+00
1.366214945619503851e-07
4.772924243334752958e-12
6.119109663416111289e-10
0.000000000000000000e+00
0.000000000000000000e+00
0.000000000000000000e+00
0.000000000000000000e+00
0.000000000000000000e+00
2.760552206382271834e-06
0.000000000000000000e+00
5.171269190640259694e-09
8.016757924167450255e-09
0.000000000000000000e+00
2.510874139716179343e-07
8.834270204260974424e-09
0.000000000000000000e+00
8.687734975865168963e-09
6.226982041113160449e-09
2.067875826128329209e-08
1.157342069402211848e-10
2.420034661554382183e-07
4.015718602090601053e-08
6.999231914051051717e-07
6.545518772327341139e-06
7.921607902972027659e-07
3.550299197740969248e-06
1.726866685203276575e-06
1.124999471358023584e-07
9.141456303041195497e-08
3.641505657014931785e-07
3.091064968430146109e-07
7.306932836570467771e-10
8.589198614572524093e-07
1.354336632175545674e-06
1.738724222377641127e-07
3.716054948199598584e-07
8.041904919764419901e-09
9.247069954199105268e-08
7.483375696892835549e-09
7.740823981805533549e-09
0.000000000000000000e+00
7.895802411894692341e-08
2.912793206633068621e-07
1.181426583229949756e-07
1.647061331766508374e-08
6.156079646046919152e-09
1.305844499199793063e-08
3.500280172374914400e-06
1.185204934195382975e-09
3.941893282899400219e-06
1.474697963743665241e-08
8.273146612225446006e-09
3.352155775182552588e-10
4.229364094499032944e-07
8.030637133060736232e-08
7.702716402491205372e-07
5.710616051146644168e-07
3.596640496539293963e-08
2.271965229283523513e-07
2.252434967431327095e-07
0.000000000000000000e+00
5.884405851475094096e-09
3.472657272851620291e-09
0.000000000000000000e+00
0.000000000000000000e+00
0.000000000000000000e+00
0.000000000000000000e+00
1.133102955463982653e-06
1.935478621817310341e-07
6.832999055461641547e-09
7.022244972176849842e-07
4.995002189644992541e-09
0.000000000000000000e+00
3.140434046144946478e-08
8.598586731523027993e-09
0.000000000000000000e+00
2.432186931855540024e-07
2.480350147493481927e-08
1.072863686779612635e-09
0.000000000000000000e+00
0.000000000000000000e+00
1.098012081257593309e-08
5.803990887898180517e-08
0.000000000000000000e+00
0.000000000000000000e+00
0.000000000000000000e+00
9.243222187649280386e-09
1.789807524410491624e-09
2.313679248189259852e-09
5.643804090738058221e-09
3.866767669946646890e-11
0.000000000000000000e+00
0.000000000000000000e+00
3.525563840867107501e-07
1.015771466938986123e-09
9.165861125648433472e-11
0.000000000000000000e+00
2.503701246325817920e-08
7.368438748045491593e-09
1.627836240913893562e-06
0.000000000000000000e+00
0.000000000000000000e+00
0.000000000000000000e+00
0.000000000000000000e+00
1.674172267485118937e-08
1.376998515212335406e-09
3.349770238969540515e-09
3.541309467891551321e-10
7.835458393223859730e-10
0.000000000000000000e+00
2.582523972449735084e-09
1.314051090162138280e-08
0.000000000000000000e+00
2.501650830932788949e-10
1.510685798677968705e-09
0.000000000000000000e+00
0.000000000000000000e+00
9.824898228316669702e-08
5.060144758317619562e-06
1.278805772386704120e-08
1.169092822550510391e-08
1.173585246760922018e-07
2.049112310942291515e-07
0.000000000000000000e+00
1.111747707227550563e-07
4.739707293310857494e-09
8.064509415817155968e-07
0.000000000000000000e+00
0.000000000000000000e+00
7.189410098362714052e-07
0.000000000000000000e+00
0.000000000000000000e+00
0.000000000000000000e+00
0.000000000000000000e+00
0.000000000000000000e+00
0.000000000000000000e+00
1.655720538451532775e-08
3.445309744165570009e-07
4.341912642757961294e-07
0.000000000000000000e+00
1.564072071857935953e-08
0.000000000000000000e+00
5.864042122993851081e-07
1.725477289937771275e-07
7.101004673160105085e-09
7.049210637433134252e-08
9.660919886300689541e-08
5.060712293669666906e-09
1.910406268734732294e-07
5.892529770790133625e-06
2.803308149848526831e-12
0.000000000000000000e+00
2.919420467151212506e-06
2.013321278582225204e-07
2.716900837640423561e-07
6.454621370721724816e-08
0.000000000000000000e+00
1.064803655026480556e-06
1.362696053774925531e-07
4.280202414719269655e-09
1.057703542528543039e-07
6.833791843519065878e-08
7.074281143104599323e-07
3.875488374660562840e-09
3.783944713120490633e-09
3.087057720563279872e-09
0.000000000000000000e+00
0.000000000000000000e+00
4.117087115673712105e-08
6.243588472898409236e-07
1.280498729272494529e-08
2.804789733801271723e-09
0.000000000000000000e+00
0.000000000000000000e+00
0.000000000000000000e+00
0.000000000000000000e+00
0.000000000000000000e+00
2.029334211783861974e-08
1.243301572806387867e-09
0.000000000000000000e+00
0.000000000000000000e+00
5.066913999485223030e-09
3.316914032325257722e-08
0.000000000000000000e+00
0.000000000000000000e+00
2.847947833117814298e-08
0.000000000000000000e+00
9.003977424759668224e-11
0.000000000000000000e+00
5.360897947781495532e-09
0.000000000000000000e+00
0.000000000000000000e+00
4.468405090385374479e-10
0.000000000000000000e+00
7.930950118861801457e-09
0.000000000000000000e+00
9.182914983973944345e-10
7.870400331455584819e-09
1.263756033154095348e-08
3.400280945697886636e-09
0.000000000000000000e+00
0.000000000000000000e+00
2.555262224035459440e-09
0.000000000000000000e+00
8.400447448764225555e-09
2.649185093517303358e-09
1.077319899955853089e-09
0.000000000000000000e+00
2.892487145800259896e-06
9.956982793823954125e-09
0.000000000000000000e+00
0.000000000000000000e+00
0.000000000000000000e+00
0.000000000000000000e+00
6.346299041837255572e-09
0.000000000000000000e+00
0.000000000000000000e+00
0.000000000000000000e+00
3.997470798822178040e-08
0.000000000000000000e+00
0.000000000000000000e+00
6.028141985581214612e-09
0.000000000000000000e+00
0.000000000000000000e+00
0.000000000000000000e+00
0.000000000000000000e+00
0.000000000000000000e+00
0.000000000000000000e+00
5.032638542012968230e-11
0.000000000000000000e+00
2.038248236857498341e-09
7.757409825615013688e-09
0.000000000000000000e+00
0.000000000000000000e+00
9.044827997684024012e-09
0.000000000000000000e+00
4.693768218544391857e-08
6.588801504392449715e-09
1.179757138335124633e-12
2.512184096303826664e-07
6.410903807818613132e-08
5.772805593551311176e-07
0.000000000000000000e+00
7.153845444918260910e-07
1.954963408934418112e-06
3.028371224900183734e-07
3.380099542482639663e-07
1.378369915983057581e-07
8.503137083337719559e-10
0.000000000000000000e+00
3.309105522930622101e-07
1.320683935546185239e-07
3.126894171145977452e-06
1.060014142240106594e-06
0.000000000000000000e+00
3.121388942872727057e-07
1.264067606143726152e-07
5.629310066979087424e-07
1.457974462937272619e-06
2.211904529758612625e-06
3.542240847309585661e-07
2.552203284267307026e-07
4.985887969155555766e-08
3.192593064915705270e-11
3.261188226133526769e-07
1.571676619960271637e-07
4.322235458431578081e-09
4.845973400335878978e-09
0.000000000000000000e+00
5.116034174079686636e-08
0.000000000000000000e+00
3.170680162867256513e-09
1.683820300968363881e-07
0.000000000000000000e+00
2.986243714531156002e-07
2.131784242465073476e-07
0.000000000000000000e+00
2.046142526523908600e-06
0.000000000000000000e+00
0.000000000000000000e+00
1.341386223430163227e-06
2.386288144862191984e-07
1.118148773571192578e-08
0.000000000000000000e+00
4.544831622155243167e-09
0.000000000000000000e+00
0.000000000000000000e+00
0.000000000000000000e+00
8.550828489717332559e-09
0.000000000000000000e+00
0.000000000000000000e+00
3.986983632131568811e-09
2.297124490624469217e-09
4.191467173342289243e-09
0.000000000000000000e+00
0.000000000000000000e+00
7.817894775996592216e-09
2.156351985860283094e-09
2.725470960029952039e-09
4.290140465101899281e-10
9.692877611655603687e-09
0.000000000000000000e+00
2.213899392700113822e-07
0.000000000000000000e+00
8.339718249317229493e-08
3.014521894328936469e-07
3.477836116871912964e-07
0.000000000000000000e+00
1.470624866328762437e-08
8.381020677461492596e-08
1.550343853295998997e-09
2.653943738550879061e-06
3.636331058487485279e-08
1.370755731144868150e-09
0.000000000000000000e+00
3.503255241454894531e-09
0.000000000000000000e+00
0.000000000000000000e+00
0.000000000000000000e+00
1.262511872823779413e-09
5.405949465853154834e-09
0.000000000000000000e+00
0.000000000000000000e+00
0.000000000000000000e+00
1.184420739264169242e-08
3.926390235164944897e-08
1.162206997307180245e-09
1.040047663991572335e-06
2.825993021815520478e-07
0.000000000000000000e+00
0.000000000000000000e+00
1.458631548878486228e-09
2.818185578234988498e-07
9.492656660725629081e-10
0.000000000000000000e+00
0.000000000000000000e+00
2.334563875550088596e-09
0.000000000000000000e+00
1.142562666700541740e-08
4.491616856228120014e-09
0.000000000000000000e+00
0.000000000000000000e+00
0.000000000000000000e+00
2.329497306163830217e-08
2.297567469611294655e-08
1.381955883061891655e-09
5.664019031570433071e-09
0.000000000000000000e+00
9.564787330218482708e-12
0.000000000000000000e+00
2.289234934949035960e-08
1.940617693207968841e-07
1.800870336410298478e-06
3.393011866137385368e-06
2.296218681863138045e-08
6.650678301411971916e-07
0.000000000000000000e+00
2.070832323397553409e-07
7.503300025746284518e-07
8.752178359827667009e-08
1.620417492631531786e-06
3.856842623051193186e-11
1.097128343729991684e-08
1.875894781733222771e-07
0.000000000000000000e+00
0.000000000000000000e+00
3.616837107589532252e-10
8.110424118967785034e-07
2.432876566871300383e-09
1.295301785830815788e-06
0.000000000000000000e+00
1.847830048973264638e-06
5.253818491368633659e-10
1.367967294996219607e-09
4.557890509460094108e-09
4.898735236902318491e-11
3.513274577926495112e-07
2.673967003374855267e-07
1.887667167466133833e-06
1.348381744037396857e-07
1.099873259136074921e-08
1.574844965546162712e-08
5.469266706192854599e-10
0.000000000000000000e+00
0.000000000000000000e+00
1.678758508205646649e-06
3.561519967831827671e-10
0.000000000000000000e+00
2.671107779406156624e-07
0.000000000000000000e+00
2.010064150681500905e-07
1.733423543592849114e-10
3.701144578371895477e-06
9.417629870389632174e-12
4.951526688667939879e-11
0.000000000000000000e+00
5.212510867380615309e-09
0.000000000000000000e+00
5.178478201806058223e-10
3.841565954232351032e-10
0.000000000000000000e+00
2.075151300795496923e-10
0.000000000000000000e+00
0.000000000000000000e+00
0.000000000000000000e+00
0.000000000000000000e+00
0.000000000000000000e+00
0.000000000000000000e+00
0.000000000000000000e+00
2.177467194997007027e-06
5.242887287509878647e-12
5.588037588211136608e-09
1.215428202527846224e-09
4.704979961189792448e-09
0.000000000000000000e+00
0.000000000000000000e+00
7.192795123955875169e-07
1.036827956824026842e-08
2.366014314247877337e-06
1.162175355950978428e-09
6.886979181386365667e-11
2.792499009807158927e-10
0.000000000000000000e+00
0.000000000000000000e+00
1.616251381619804306e-07
0.000000000000000000e+00
6.637776439610831858e-10
2.656367126263603495e-09
0.000000000000000000e+00
4.523150742841153260e-09
0.000000000000000000e+00
0.000000000000000000e+00
0.000000000000000000e+00
0.000000000000000000e+00
0.000000000000000000e+00
0.000000000000000000e+00
0.000000000000000000e+00
0.000000000000000000e+00
0.000000000000000000e+00
0.000000000000000000e+00
0.000000000000000000e+00
0.000000000000000000e+00
9.008261692144969857e-09
0.000000000000000000e+00
0.000000000000000000e+00
0.000000000000000000e+00
1.731386843790982955e-13
9.669352429853006470e-09
0.000000000000000000e+00
0.000000000000000000e+00
0.000000000000000000e+00
0.000000000000000000e+00
0.000000000000000000e+00
3.447825580593644190e-09
0.000000000000000000e+00
0.000000000000000000e+00
5.878076358989403616e-10
0.000000000000000000e+00
0.000000000000000000e+00
3.505151446869803067e-10
0.000000000000000000e+00
0.000000000000000000e+00
0.000000000000000000e+00
0.000000000000000000e+00
0.000000000000000000e+00
1.510998826059761768e-10
0.000000000000000000e+00
4.795050467798489535e-10
0.000000000000000000e+00
0.000000000000000000e+00
0.000000000000000000e+00
8.853348276716133114e-09
0.000000000000000000e+00
0.000000000000000000e+00
0.000000000000000000e+00
0.000000000000000000e+00
3.107189394668807836e-09
4.953868870671840341e-09
0.000000000000000000e+00
0.000000000000000000e+00
5.931318547425235010e-09
0.000000000000000000e+00
0.000000000000000000e+00
5.515210683981752737e-12
0.000000000000000000e+00
1.009087036152322980e-08
6.666707741409538812e-10
0.000000000000000000e+00
7.473345497999162035e-09
0.000000000000000000e+00
0.000000000000000000e+00
2.459987399561214261e-06
0.000000000000000000e+00
0.000000000000000000e+00
0.000000000000000000e+00
0.000000000000000000e+00
6.658384066327016626e-09
1.403413829592636830e-08
5.918759704570675240e-09
0.000000000000000000e+00
0.000000000000000000e+00
0.000000000000000000e+00
0.000000000000000000e+00
0.000000000000000000e+00
0.000000000000000000e+00
6.956344389408286588e-09
5.718600277759833261e-06
0.000000000000000000e+00
9.219070840060794580e-09
0.000000000000000000e+00
0.000000000000000000e+00
9.150596724794013426e-09
0.000000000000000000e+00
0.000000000000000000e+00
7.068705176749290331e-09
0.000000000000000000e+00
3.308292528814149591e-10
1.424630102775381602e-08
0.000000000000000000e+00
0.000000000000000000e+00
1.066861443632660666e-08
5.071124409283811474e-09
0.000000000000000000e+00
0.000000000000000000e+00
0.000000000000000000e+00
0.000000000000000000e+00
9.760918295853571180e-09
0.000000000000000000e+00
0.000000000000000000e+00
0.000000000000000000e+00
0.000000000000000000e+00
1.534514848522405828e-09
2.650244912416610532e-09
1.422476025858543380e-09
2.125242870576471432e-09
6.043092692920026821e-09
2.463863557622403277e-09
0.000000000000000000e+00
0.000000000000000000e+00
0.000000000000000000e+00
6.497625548718133359e-09
4.520109619932100031e-09
1.874770338972098216e-09
0.000000000000000000e+00
0.000000000000000000e+00
5.871147124025810626e-09
0.000000000000000000e+00
0.000000000000000000e+00
2.029797663283261500e-09
0.000000000000000000e+00
9.570316095164344006e-09
1.409871885904578903e-09
0.000000000000000000e+00
3.483074273447073210e-09
2.681377964108833112e-06
9.178060622616612818e-07
1.127381068499744288e-07
1.708388310817099409e-07
4.828602584439067869e-08
4.320317657402483746e-06
2.621853354867198505e-06
9.824929492197043146e-08
9.925279300659894943e-07
0.000000000000000000e+00
1.379054083372466266e-06
0.000000000000000000e+00
4.000816318239230895e-07
9.347440936835482717e-06
7.090268354659201577e-07
7.509181614295812324e-07
7.155939729663884918e-11
4.062882510424969951e-07
4.535502196034713052e-09
6.656186428699584212e-07
3.053850434753258014e-07
9.539847951600677334e-07
1.190120428873342462e-07
1.052195219841678409e-09
9.053146676762935385e-09
9.261239029001444578e-07
4.270071851664170026e-09
3.027920314480070374e-08
0.000000000000000000e+00
1.227271582138200756e-06
0.000000000000000000e+00
1.026582822305499576e-06
3.354643922648392618e-07
0.000000000000000000e+00
0.000000000000000000e+00
0.000000000000000000e+00
2.683964872574051697e-08
0.000000000000000000e+00
4.065874303904593035e-09
1.934510436285563628e-07
8.049982511693087872e-07
1.066475102673436481e-10
0.000000000000000000e+00
0.000000000000000000e+00
0.000000000000000000e+00
8.431854325863241684e-07
3.308619866970730072e-08
1.259630288963364819e-09
2.288886413737145631e-08
8.481736202270440117e-09
6.846892830481010606e-08
2.101210384353180416e-06
4.640279716028317125e-09
0.000000000000000000e+00
0.000000000000000000e+00
0.000000000000000000e+00
7.018602143915586566e-09
3.307490947790370228e-10
0.000000000000000000e+00
5.459651930550535326e-08
2.298329082606187512e-09
1.170819103890607948e-07
0.000000000000000000e+00
4.728036344658903545e-07
0.000000000000000000e+00
0.000000000000000000e+00
0.000000000000000000e+00
3.685527660834964081e-09
0.000000000000000000e+00
3.601105049710895400e-07
3.443222169607906835e-07
3.954433793751377380e-07
0.000000000000000000e+00
4.766558276969590224e-07
8.972765641601654352e-08
0.000000000000000000e+00
0.000000000000000000e+00
0.000000000000000000e+00
1.669968885398276370e-10
1.469610100279794551e-09
2.183766500962747159e-09
0.000000000000000000e+00
2.938117305006926472e-09
4.804949185199802741e-07
0.000000000000000000e+00
0.000000000000000000e+00
9.986886198021238670e-07
4.420422694551007226e-09
6.281251074824467651e-09
8.936026918426875909e-10
1.274907219794840785e-07
0.000000000000000000e+00
0.000000000000000000e+00
0.000000000000000000e+00
0.000000000000000000e+00
6.914564920634802547e-09
2.703533255044021644e-07
7.874760843407102584e-10
1.279437622514478790e-08
3.789086377992134658e-08
0.000000000000000000e+00
7.889300768226803484e-09
0.000000000000000000e+00
5.527178359443496447e-08
8.952253160998679959e-09
0.000000000000000000e+00
0.000000000000000000e+00
0.000000000000000000e+00
3.087120781231078581e-09
0.000000000000000000e+00
3.959587324686708598e-09
0.000000000000000000e+00
0.000000000000000000e+00
1.517810943596487050e-08
0.000000000000000000e+00
0.000000000000000000e+00
0.000000000000000000e+00
0.000000000000000000e+00
0.000000000000000000e+00
0.000000000000000000e+00
0.000000000000000000e+00
3.751232657833725170e-09
2.252480157949321438e-08
0.000000000000000000e+00
1.911194047465869517e-08
1.245685332662560540e-09
6.686828442070691381e-07
6.460891199822071940e-07
0.000000000000000000e+00
0.000000000000000000e+00
1.311431788053596392e-05
2.908723502059729071e-07
0.000000000000000000e+00
1.227147716775789377e-09
2.690062217425293056e-07
1.778748696779075544e-06
5.081679077534317912e-08
8.130444371090561617e-07
2.614556535718293162e-07
3.266447667904515129e-10
3.766145439954016183e-08
4.471753243251441745e-07
1.112037240069696509e-09
3.184183299254073063e-07
1.752426115331218170e-08
1.472555588577506569e-08
2.251489377158577554e-06
3.054791477552498691e-07
1.346739281871123239e-06
2.997365911028282426e-08
0.000000000000000000e+00
0.000000000000000000e+00
0.000000000000000000e+00
2.272201804487394838e-08
5.781524237136181910e-07
3.645461177370634687e-08
0.000000000000000000e+00
1.924483967741252854e-07
0.000000000000000000e+00
1.136677099111693678e-07
2.121598186022310983e-08
1.645691781959612854e-06
1.382906134494987782e-06
4.694621793532860465e-07
2.137807797453206149e-08
1.697671677902690135e-06
2.097713114324051276e-09
0.000000000000000000e+00
5.802645919317228618e-09
1.282603534491499886e-08
1.654019854413490975e-08
5.804533884656848386e-07
0.000000000000000000e+00
0.000000000000000000e+00
1.797328366137662670e-07
5.474493036672356538e-07
8.480392388321433828e-09
0.000000000000000000e+00
2.419783484697290987e-09
2.297693235675524193e-08
3.661226912754500518e-07
3.727767605710141652e-08
2.193903014813258778e-07
5.243862801762588788e-07
1.464429999487038003e-07
0.000000000000000000e+00
1.120738147619704250e-06
1.257442150404131098e-08
0.000000000000000000e+00
0.000000000000000000e+00
2.430418755139385212e-09
1.013105975289363414e-05
4.222358296335215755e-10
1.807026750455520414e-09
4.560239741380200940e-09
1.219970897636812879e-07
6.954433615646848921e-07
3.463506592638054826e-09
9.203923179157413870e-10
0.000000000000000000e+00
0.000000000000000000e+00
1.515339249635871965e-06
9.775238396514396300e-10
0.000000000000000000e+00
2.227475582455840097e-12
1.093270179247651797e-11
1.604720623049615824e-08
5.609222739622055087e-07
8.299688047941344848e-09
0.000000000000000000e+00
9.591878402659403946e-10
5.446390893837360636e-09
0.000000000000000000e+00
0.000000000000000000e+00
2.696235179566741635e-10
0.000000000000000000e+00
0.000000000000000000e+00
1.323572895728375443e-08
0.000000000000000000e+00
1.996073351051563805e-08
0.000000000000000000e+00
4.991309197066584602e-07
1.331352677880204283e-06
4.365546999451908050e-07
3.831270589671476046e-08
1.003370471153175458e-06
2.458441095143371058e-08
3.640665724446989771e-08
1.109440290747443214e-07
1.622024292657897604e-08
2.686145421648689080e-07
9.060634187374461135e-11
7.504937116209475789e-08
1.782114367188114556e-08
0.000000000000000000e+00
2.920720589827396907e-07
2.954991487058578059e-07
3.845162055426953884e-08
6.895292870012781350e-08
8.981111676575892488e-08
1.844373959114520289e-11
7.807670243664688314e-08
4.058201739098876715e-07
1.422202217327139806e-06
3.000021897570093188e-10
2.455350944785550382e-08
6.643571026643257937e-09
6.634024884988320991e-07
3.361143185998116678e-08
3.218116662040415576e-09
0.000000000000000000e+00
1.703999941149447750e-09
6.132520269375163480e-08
2.143686515410081483e-06
3.737562082051226753e-08
3.007484679073968437e-07
3.383112900934293066e-09
4.035424865378445247e-07
5.129504998535594495e-08
0.000000000000000000e+00
0.000000000000000000e+00
0.000000000000000000e+00
1.451108886385554797e-07
7.177724228313309141e-07
0.000000000000000000e+00
0.000000000000000000e+00
9.175643356229556957e-09
2.721355087942356477e-07
2.109858314724988304e-06
0.000000000000000000e+00
0.000000000000000000e+00
0.000000000000000000e+00
0.000000000000000000e+00
7.146137015467957099e-10
0.000000000000000000e+00
8.780528304441759246e-09
0.000000000000000000e+00
0.000000000000000000e+00
0.000000000000000000e+00
1.018309792044647111e-08
0.000000000000000000e+00
0.000000000000000000e+00
0.000000000000000000e+00
5.419621018631914922e-08
0.000000000000000000e+00
0.000000000000000000e+00
0.000000000000000000e+00
0.000000000000000000e+00
0.000000000000000000e+00
0.000000000000000000e+00
0.000000000000000000e+00
0.000000000000000000e+00
0.000000000000000000e+00
0.000000000000000000e+00
0.000000000000000000e+00
0.000000000000000000e+00
9.811713941321187349e-11
0.000000000000000000e+00
0.000000000000000000e+00
0.000000000000000000e+00
0.000000000000000000e+00
7.235387844417573433e-09
0.000000000000000000e+00
0.000000000000000000e+00
7.307922800237065530e-08
1.988129127994398004e-08
1.862352383419363377e-09
0.000000000000000000e+00
8.521489291979378322e-08
0.000000000000000000e+00
7.251901745775057861e-09
0.000000000000000000e+00
0.000000000000000000e+00
3.561547146091470495e-07
3.718862995327754106e-09
0.000000000000000000e+00
0.000000000000000000e+00
3.851746157579327701e-07
0.000000000000000000e+00
4.201966774530774273e-09
0.000000000000000000e+00
0.000000000000000000e+00
0.000000000000000000e+00
2.040383487167396481e-12
0.000000000000000000e+00
2.899347650853201230e-09
0.000000000000000000e+00
0.000000000000000000e+00
0.000000000000000000e+00
0.000000000000000000e+00
0.000000000000000000e+00
0.000000000000000000e+00
2.790714548339678913e-09
0.000000000000000000e+00
5.871680031077630701e-09
0.000000000000000000e+00
0.000000000000000000e+00
0.000000000000000000e+00
3.701105741327204157e-11
0.000000000000000000e+00
0.000000000000000000e+00
1.944415295440649061e-09
0.000000000000000000e+00
0.000000000000000000e+00
3.760153521881193228e-09
0.000000000000000000e+00
3.137736293012949318e-09
0.000000000000000000e+00
0.000000000000000000e+00
0.000000000000000000e+00
0.000000000000000000e+00
0.000000000000000000e+00
0.000000000000000000e+00
0.000000000000000000e+00
0.000000000000000000e+00
0.000000000000000000e+00
0.000000000000000000e+00
0.000000000000000000e+00
0.000000000000000000e+00
0.000000000000000000e+00
5.339782838120754604e-09
1.262332460782999988e-10
0.000000000000000000e+00
1.056167306390243255e-10
0.000000000000000000e+00
0.000000000000000000e+00
0.000000000000000000e+00
1.126578053067817109e-09
0.000000000000000000e+00
0.000000000000000000e+00
0.000000000000000000e+00
0.000000000000000000e+00
0.000000000000000000e+00
0.000000000000000000e+00
0.000000000000000000e+00
0.000000000000000000e+00
0.000000000000000000e+00
0.000000000000000000e+00
0.000000000000000000e+00
0.000000000000000000e+00
8.440295573564071674e-09
0.000000000000000000e+00
0.000000000000000000e+00
0.000000000000000000e+00
0.000000000000000000e+00
0.000000000000000000e+00
0.000000000000000000e+00
0.000000000000000000e+00
0.000000000000000000e+00
0.000000000000000000e+00
0.000000000000000000e+00
0.000000000000000000e+00
0.000000000000000000e+00
0.000000000000000000e+00
0.000000000000000000e+00
0.000000000000000000e+00
0.000000000000000000e+00
7.389876904850822825e-11
2.966690004768679501e-09
2.402190890649080757e-09
5.694588800508881832e-09
3.527857450613680612e-10
4.854641133533732500e-09
0.000000000000000000e+00
0.000000000000000000e+00
0.000000000000000000e+00
0.000000000000000000e+00
0.000000000000000000e+00
0.000000000000000000e+00
0.000000000000000000e+00
0.000000000000000000e+00
2.452402281249987936e-09
0.000000000000000000e+00
0.000000000000000000e+00
0.000000000000000000e+00
0.000000000000000000e+00
5.295074156919099551e-09
0.000000000000000000e+00
0.000000000000000000e+00
0.000000000000000000e+00
5.740320111607966069e-12
0.000000000000000000e+00
3.855494257187785934e-10
2.042259694690073957e-10
0.000000000000000000e+00
4.360954903859237675e-07
0.000000000000000000e+00
0.000000000000000000e+00
0.000000000000000000e+00
0.000000000000000000e+00
0.000000000000000000e+00
9.431901926149066639e-10
0.000000000000000000e+00
0.000000000000000000e+00
0.000000000000000000e+00
0.000000000000000000e+00
0.000000000000000000e+00
0.000000000000000000e+00
5.461076479917892357e-09
0.000000000000000000e+00
0.000000000000000000e+00
0.000000000000000000e+00
5.585826468035293146e-09
0.000000000000000000e+00
3.080198540672540730e-09
0.000000000000000000e+00
0.000000000000000000e+00
0.000000000000000000e+00
0.000000000000000000e+00
0.000000000000000000e+00
1.654813952534084365e-09
0.000000000000000000e+00
7.937472012997659476e-09
0.000000000000000000e+00
3.659652442200567179e-11
1.474172561799491632e-09
0.000000000000000000e+00
0.000000000000000000e+00
0.000000000000000000e+00
0.000000000000000000e+00
0.000000000000000000e+00
0.000000000000000000e+00
0.000000000000000000e+00
0.000000000000000000e+00
0.000000000000000000e+00
1.323953853216153220e-07
0.000000000000000000e+00
4.666402819708537208e-09
7.252700107152065812e-10
0.000000000000000000e+00
0.000000000000000000e+00
0.000000000000000000e+00
0.000000000000000000e+00
0.000000000000000000e+00
0.000000000000000000e+00
0.000000000000000000e+00
0.000000000000000000e+00
2.516913566452672057e-09
0.000000000000000000e+00
0.000000000000000000e+00
0.000000000000000000e+00
0.000000000000000000e+00
0.000000000000000000e+00
0.000000000000000000e+00
0.000000000000000000e+00
0.000000000000000000e+00
0.000000000000000000e+00
0.000000000000000000e+00
0.000000000000000000e+00
0.000000000000000000e+00
0.000000000000000000e+00
0.000000000000000000e+00
0.000000000000000000e+00
0.000000000000000000e+00
1.489357859263407136e-09
0.000000000000000000e+00
0.000000000000000000e+00
0.000000000000000000e+00
0.000000000000000000e+00
0.000000000000000000e+00
0.000000000000000000e+00
0.000000000000000000e+00
2.836167078967832822e-09
0.000000000000000000e+00
0.000000000000000000e+00
1.961435319719484482e-10
3.398687165034885993e-10
4.332551650776395036e-09
0.000000000000000000e+00
0.000000000000000000e+00
0.000000000000000000e+00
0.000000000000000000e+00
0.000000000000000000e+00
0.000000000000000000e+00
0.000000000000000000e+00
0.000000000000000000e+00
0.000000000000000000e+00
0.000000000000000000e+00
0.000000000000000000e+00
0.000000000000000000e+00
2.449430436257671317e-09
0.000000000000000000e+00
0.000000000000000000e+00
0.000000000000000000e+00
0.000000000000000000e+00
0.000000000000000000e+00
0.000000000000000000e+00
0.000000000000000000e+00
3.539518678152830944e-10
0.000000000000000000e+00
1.078286615552315197e-07
0.000000000000000000e+00
2.857070309503217942e-11
0.000000000000000000e+00
0.000000000000000000e+00
0.000000000000000000e+00
6.981402123074076371e-10
6.861695851512195077e-07
8.751104019211197738e-07
4.124354191503698530e-09
4.012764520666678436e-08
9.100276088247483131e-09
1.083630422726855613e-06
1.211264248013321776e-06
2.392024271102854982e-06
1.873486098702414893e-06
0.000000000000000000e+00
1.661546349396303413e-07
1.589883993347029900e-07
7.244612909573788784e-09
5.680840242661133743e-09
1.140051722359203268e-06
4.309600498686450010e-08
1.839241718926132307e-07
1.087644108110907837e-07
1.172067687349453990e-08
1.684378730715252459e-06
2.101579866575775668e-06
1.585642962709243875e-06
1.057686418448611221e-07
0.000000000000000000e+00
5.954982285061305447e-08
3.984728280670424283e-08
0.000000000000000000e+00
0.000000000000000000e+00
1.794234236740521737e-07
4.343536197382036335e-09
8.812776286504231393e-06
5.300362371229994096e-10
1.327398635453391762e-09
6.822700182596008744e-09
9.517642229894818229e-10
7.521855138747923775e-09
1.376604217284693732e-07
0.000000000000000000e+00
4.090957190783228725e-07
0.000000000000000000e+00
8.535130824327552546e-09
5.734822394742877805e-09
2.824720695571159013e-06
0.000000000000000000e+00
0.000000000000000000e+00
0.000000000000000000e+00
0.000000000000000000e+00
2.177883984266770767e-10
0.000000000000000000e+00
0.000000000000000000e+00
0.000000000000000000e+00
0.000000000000000000e+00
3.084088540106222354e-09
6.465252777587693345e-10
0.000000000000000000e+00
0.000000000000000000e+00
9.249649934872650192e-09
0.000000000000000000e+00
0.000000000000000000e+00
2.744706506518923561e-08
6.001143137979170206e-09
8.162848530446353834e-08
4.650689167107202593e-09
3.813170792454911862e-07
2.794366960046090753e-09
0.000000000000000000e+00
0.000000000000000000e+00
0.000000000000000000e+00
0.000000000000000000e+00
5.633210786726294828e-09
2.743763332091475604e-07
0.000000000000000000e+00
0.000000000000000000e+00
2.203552895707616699e-10
0.000000000000000000e+00
0.000000000000000000e+00
0.000000000000000000e+00
4.041558643308462706e-09
0.000000000000000000e+00
0.000000000000000000e+00
0.000000000000000000e+00
0.000000000000000000e+00
2.627222102091764100e-07
2.988576497386929987e-08
0.000000000000000000e+00
0.000000000000000000e+00
0.000000000000000000e+00
0.000000000000000000e+00
0.000000000000000000e+00
0.000000000000000000e+00
5.400855762616174616e-09
0.000000000000000000e+00
0.000000000000000000e+00
2.026885681516432669e-07
1.832197327189533098e-08
7.775187604863731394e-09
0.000000000000000000e+00
0.000000000000000000e+00
0.000000000000000000e+00
0.000000000000000000e+00
0.000000000000000000e+00
0.000000000000000000e+00
8.942865892258566873e-10
0.000000000000000000e+00
6.725950907338074103e-09
0.000000000000000000e+00
0.000000000000000000e+00
0.000000000000000000e+00
4.668220476844453515e-09
0.000000000000000000e+00
0.000000000000000000e+00
0.000000000000000000e+00
0.000000000000000000e+00
8.190966127585852519e-07
0.000000000000000000e+00
0.000000000000000000e+00
0.000000000000000000e+00
0.000000000000000000e+00
0.000000000000000000e+00
2.837311718906221358e-09
0.000000000000000000e+00
0.000000000000000000e+00
8.487748281993390265e-09
0.000000000000000000e+00
3.051119357166953705e-10
0.000000000000000000e+00
1.048448936558088462e-07
0.000000000000000000e+00
3.251308555718424032e-09
9.419900415252868697e-09
3.592447939126941492e-08
1.051822096087562386e-07
1.280806571912762593e-07
3.966628270291039371e-08
1.555930140284544905e-07
3.625170563736901386e-08
1.539380534154588531e-08
1.346738940810610075e-06
0.000000000000000000e+00
1.195900154016271699e-06
1.937317222200363176e-07
2.671369792039968161e-08
1.242825612389475420e-12
0.000000000000000000e+00
2.584165201824362157e-07
6.353592993946222123e-07
7.024299009117385140e-08
1.003876359817468256e-08
0.000000000000000000e+00
4.800915576197439805e-07
4.617491811131912982e-08
0.000000000000000000e+00
1.500437974755186588e-06
4.117655691970867338e-07
0.000000000000000000e+00
7.131911843316629529e-07
0.000000000000000000e+00
9.721298432907587994e-09
4.202112222628784366e-07
1.336244076543049997e-13
6.661767201876500621e-06
2.836995705024492054e-08
1.172202779287090380e-09
0.000000000000000000e+00
0.000000000000000000e+00
0.000000000000000000e+00
0.000000000000000000e+00
0.000000000000000000e+00
0.000000000000000000e+00
7.089409450600214768e-07
0.000000000000000000e+00
0.000000000000000000e+00
0.000000000000000000e+00
5.230871291672656298e-10
0.000000000000000000e+00
3.537420578680894323e-09
0.000000000000000000e+00
1.509614433459205429e-09
0.000000000000000000e+00
0.000000000000000000e+00
0.000000000000000000e+00
0.000000000000000000e+00
9.747486018341078307e-08
2.231912930028556730e-07
8.465884349107000162e-08
0.000000000000000000e+00
1.756518819284735855e-09
0.000000000000000000e+00
0.000000000000000000e+00
0.000000000000000000e+00
3.983740892721243654e-09
0.000000000000000000e+00
0.000000000000000000e+00
4.079527826661433210e-09
3.047405938705338713e-10
0.000000000000000000e+00
0.000000000000000000e+00
0.000000000000000000e+00
2.539546128943470649e-09
1.437028203099544044e-07
3.197959008716111384e-09
6.961575422792520840e-07
1.492930934432479262e-08
3.257665355249628192e-07
0.000000000000000000e+00
0.000000000000000000e+00
3.437146034457327914e-08
0.000000000000000000e+00
0.000000000000000000e+00
0.000000000000000000e+00
3.603875420310487243e-09
0.000000000000000000e+00
0.000000000000000000e+00
0.000000000000000000e+00
0.000000000000000000e+00
0.000000000000000000e+00
0.000000000000000000e+00
0.000000000000000000e+00
2.121647302288920400e-10
0.000000000000000000e+00
0.000000000000000000e+00
0.000000000000000000e+00
0.000000000000000000e+00
0.000000000000000000e+00
0.000000000000000000e+00
0.000000000000000000e+00
0.000000000000000000e+00
0.000000000000000000e+00
0.000000000000000000e+00
0.000000000000000000e+00
0.000000000000000000e+00
0.000000000000000000e+00
0.000000000000000000e+00
0.000000000000000000e+00
0.000000000000000000e+00
0.000000000000000000e+00
0.000000000000000000e+00
3.428231476476639727e-09
0.000000000000000000e+00
0.000000000000000000e+00
0.000000000000000000e+00
0.000000000000000000e+00
0.000000000000000000e+00
0.000000000000000000e+00
6.263445317955529390e-10
0.000000000000000000e+00
0.000000000000000000e+00
0.000000000000000000e+00
0.000000000000000000e+00
2.530989418048079642e-09
0.000000000000000000e+00
5.000367342411493610e-10
3.316803276476321116e-09
1.453319797839469629e-09
0.000000000000000000e+00
7.707563060010969025e-11
0.000000000000000000e+00
2.624294781483627048e-09
3.469720581961155403e-07
0.000000000000000000e+00
0.000000000000000000e+00
0.000000000000000000e+00
2.410986098766443320e-06
0.000000000000000000e+00
0.000000000000000000e+00
0.000000000000000000e+00
0.000000000000000000e+00
0.000000000000000000e+00
0.000000000000000000e+00
0.000000000000000000e+00
0.000000000000000000e+00
0.000000000000000000e+00
0.000000000000000000e+00
0.000000000000000000e+00
0.000000000000000000e+00
0.000000000000000000e+00
1.188162235266077005e-09
0.000000000000000000e+00
0.000000000000000000e+00
0.000000000000000000e+00
0.000000000000000000e+00
6.827134413356361620e-09
0.000000000000000000e+00
0.000000000000000000e+00
2.707535307067132635e-09
5.512433176591002848e-09
9.924934207816704657e-10
4.324876773983271638e-13
0.000000000000000000e+00
0.000000000000000000e+00
0.000000000000000000e+00
8.593037392756741610e-08
1.429422269438873627e-08
9.383197330237180722e-09
3.735332711585215293e-06
3.490913869086398336e-08
1.075263256211655971e-07
5.584392397395276930e-07
9.667870699558989145e-07
1.170458631349902134e-06
1.652207828328755568e-07
3.177066218995605595e-07
9.035719727989999228e-08
1.799352333797799020e-09
1.180047320303856395e-06
2.434808948237332515e-06
3.071219225603272207e-07
7.084732089879253181e-08
1.070147845894098282e-07
5.377066258915874641e-08
0.000000000000000000e+00
3.315413152904511662e-07
9.908139873004984111e-07
0.000000000000000000e+00
1.322637217526789755e-07
1.811159506814874476e-07
0.000000000000000000e+00
7.162726660681073554e-07
3.344490906442842970e-08
2.023910923298899434e-07
4.199838258500676602e-06
8.023508826227043755e-07
3.808732529364533548e-08
1.203648935188539326e-06
5.670910407928886343e-09
3.868557598707411671e-07
0.000000000000000000e+00
1.169147623159005889e-08
5.921307533185427019e-08
0.000000000000000000e+00
3.103887991073861485e-08
3.625518729677423835e-07
1.244609819650577265e-07
2.206942006921508437e-08
7.351441411174164386e-08
0.000000000000000000e+00
5.812250591930023802e-08
0.000000000000000000e+00
4.294771471791136719e-08
2.367678830772490528e-10
3.462824338384962175e-08
5.165171046428440604e-08
2.726823211673945480e-09
3.277592597328293778e-08
0.000000000000000000e+00
0.000000000000000000e+00
3.561823689324228326e-07
0.000000000000000000e+00
5.082283038859713997e-09
6.802150664952932857e-08
3.610400201026209288e-09
2.003892385360472872e-09
2.817275301936206233e-09
0.000000000000000000e+00
0.000000000000000000e+00
0.000000000000000000e+00
2.711291635648649390e-08
3.706195420005720109e-11
0.000000000000000000e+00
1.525007462532812497e-07
0.000000000000000000e+00
1.916372980304004159e-07
3.409458548819799262e-10
1.657892712003672386e-09
2.290190259657265415e-08
0.000000000000000000e+00
0.000000000000000000e+00
0.000000000000000000e+00
0.000000000000000000e+00
1.285088302438452956e-08
5.373790372686926275e-06
8.348687074999361357e-09
9.350355156811929191e-09
0.000000000000000000e+00
2.643490461251563062e-11
3.882647447994713730e-08
1.103861624329738333e-08
8.316622945869767136e-09
1.883375122524455492e-10
0.000000000000000000e+00
0.000000000000000000e+00
0.000000000000000000e+00
0.000000000000000000e+00
6.303540089902526233e-08
8.933348283335362794e-09
0.000000000000000000e+00
5.627659671603169045e-09
1.329067004007811192e-06
3.732553377489011837e-09
6.255481688199893142e-10
5.959211790695917443e-08
6.034227908457978629e-07
2.727067993646414834e-08
5.783923340274554903e-10
6.693011922465075259e-09
3.233596999052679166e-07
0.000000000000000000e+00
2.998059699166333303e-06
9.329695558335515670e-07
9.110644327847694512e-08
1.519814816219877684e-07
0.000000000000000000e+00
3.062150710775313200e-07
4.688932335739082191e-07
1.359301791126199532e-07
0.000000000000000000e+00
1.476731181782042768e-08
6.925210982444696128e-07
8.173636878439083375e-09
1.128889493884344120e-06
5.960286930672964445e-09
8.959308850364777754e-09
6.474774068010447081e-07
1.256748731748302816e-07
2.190007762692403048e-06
2.382979857884492958e-08
0.000000000000000000e+00
1.460965237676248307e-10
6.971876587158476468e-07
4.271428988289471818e-09
0.000000000000000000e+00
0.000000000000000000e+00
7.665859946826003579e-09
3.123461283394135535e-06
0.000000000000000000e+00
0.000000000000000000e+00
1.307038144382488554e-09
1.088300205509540319e-08
1.449620015137043083e-07
1.470390458280235180e-07
0.000000000000000000e+00
2.472691562616091687e-07
7.969320758860476417e-10
0.000000000000000000e+00
5.447606366004720257e-09
0.000000000000000000e+00
3.204565279801840916e-09
0.000000000000000000e+00
0.000000000000000000e+00
0.000000000000000000e+00
1.116178260929245880e-10
0.000000000000000000e+00
0.000000000000000000e+00
3.053636232763778935e-09
0.000000000000000000e+00
0.000000000000000000e+00
0.000000000000000000e+00
0.000000000000000000e+00
5.750209197685762774e-10
0.000000000000000000e+00
1.390947545587550849e-06
0.000000000000000000e+00
0.000000000000000000e+00
0.000000000000000000e+00
0.000000000000000000e+00
0.000000000000000000e+00
0.000000000000000000e+00
0.000000000000000000e+00
0.000000000000000000e+00
3.887693083015619777e-07
0.000000000000000000e+00
0.000000000000000000e+00
0.000000000000000000e+00
0.000000000000000000e+00
0.000000000000000000e+00
0.000000000000000000e+00
0.000000000000000000e+00
0.000000000000000000e+00
0.000000000000000000e+00
0.000000000000000000e+00
0.000000000000000000e+00
0.000000000000000000e+00
0.000000000000000000e+00
0.000000000000000000e+00
0.000000000000000000e+00
0.000000000000000000e+00
0.000000000000000000e+00
0.000000000000000000e+00
4.185822035651654005e-07
7.233792231886582158e-09
0.000000000000000000e+00
0.000000000000000000e+00
0.000000000000000000e+00
2.410351918058495357e-09
0.000000000000000000e+00
7.090427800449106144e-09
7.143136748766210076e-09
9.477625795284438937e-09
8.447083921225839731e-09
3.850316587235931218e-15
1.156920337308520175e-09
0.000000000000000000e+00
0.000000000000000000e+00
5.347619591589136689e-08
3.748661825397903158e-08
0.000000000000000000e+00
0.000000000000000000e+00
0.000000000000000000e+00
3.466483766700889646e-09
0.000000000000000000e+00
0.000000000000000000e+00
4.985047397099151567e-08
0.000000000000000000e+00
1.798187598822664768e-09
1.672137428521125457e-09
0.000000000000000000e+00
9.804405287638928712e-09
1.760304826348146889e-06
4.717958801414567915e-10
2.739442450661044859e-08
0.000000000000000000e+00
5.858547410753089935e-06
0.000000000000000000e+00
0.000000000000000000e+00
0.000000000000000000e+00
0.000000000000000000e+00
4.549537968578931668e-10
0.000000000000000000e+00
0.000000000000000000e+00
0.000000000000000000e+00
0.000000000000000000e+00
0.000000000000000000e+00
0.000000000000000000e+00
0.000000000000000000e+00
0.000000000000000000e+00
0.000000000000000000e+00
1.413639072467276492e-08
0.000000000000000000e+00
0.000000000000000000e+00
0.000000000000000000e+00
0.000000000000000000e+00
0.000000000000000000e+00
0.000000000000000000e+00
0.000000000000000000e+00
4.461923719389915277e-09
1.526158976972169512e-09
0.000000000000000000e+00
0.000000000000000000e+00
0.000000000000000000e+00
5.119437762601819486e-09
4.866171465778279526e-09
5.858273866010677011e-09
3.381985834494116716e-06
0.000000000000000000e+00
0.000000000000000000e+00
0.000000000000000000e+00
9.046618174579634797e-07
0.000000000000000000e+00
0.000000000000000000e+00
0.000000000000000000e+00
0.000000000000000000e+00
0.000000000000000000e+00
0.000000000000000000e+00
0.000000000000000000e+00
0.000000000000000000e+00
0.000000000000000000e+00
0.000000000000000000e+00
0.000000000000000000e+00
0.000000000000000000e+00
0.000000000000000000e+00
0.000000000000000000e+00
0.000000000000000000e+00
0.000000000000000000e+00
0.000000000000000000e+00
2.505925689177956883e-09
7.560405634876588010e-09
0.000000000000000000e+00
0.000000000000000000e+00
0.000000000000000000e+00
3.224461669892875193e-11
7.633941478957240179e-09
0.000000000000000000e+00
0.000000000000000000e+00
8.922094174579342507e-09
6.778171979249236756e-08
1.422916739102220163e-06
1.281028261246319744e-07
9.877333617680505995e-09
1.525366144505824195e-07
1.610024185083602788e-07
3.328150341985747218e-07
1.678326455589740362e-08
9.222313224199751858e-08
1.805320039238722529e-06
8.171757031050219666e-07
0.000000000000000000e+00
8.646576361570623703e-07
9.801864564451534534e-08
5.019290938435005955e-08
0.000000000000000000e+00
0.000000000000000000e+00
6.655858442172757350e-08
7.608071541653771419e-07
1.855452183008310385e-07
0.000000000000000000e+00
9.979709281182636005e-10
2.886823438075225567e-07
1.316472175716398851e-08
7.964172965557736461e-08
2.885745686853624647e-07
3.258236120018409565e-06
8.474768264932208695e-08
2.123370705930938129e-07
1.739340689255186589e-07
3.084841493361523135e-09
1.280358219446497969e-06
1.498288497714383993e-07
4.464346758936699189e-08
0.000000000000000000e+00
9.480545060114309308e-08
0.000000000000000000e+00
6.238926744117634371e-06
0.000000000000000000e+00
0.000000000000000000e+00
0.000000000000000000e+00
0.000000000000000000e+00
1.499616075761878164e-07
2.155821299254512269e-09
0.000000000000000000e+00
0.000000000000000000e+00
0.000000000000000000e+00
0.000000000000000000e+00
0.000000000000000000e+00
0.000000000000000000e+00
0.000000000000000000e+00
0.000000000000000000e+00
0.000000000000000000e+00
9.775804166167745279e-09
0.000000000000000000e+00
0.000000000000000000e+00
0.000000000000000000e+00
0.000000000000000000e+00
0.000000000000000000e+00
0.000000000000000000e+00
0.000000000000000000e+00
0.000000000000000000e+00
0.000000000000000000e+00
0.000000000000000000e+00
0.000000000000000000e+00
8.544776441965495906e-09
0.000000000000000000e+00
3.734612175065876727e-09
5.265055058600864868e-11
0.000000000000000000e+00
0.000000000000000000e+00
0.000000000000000000e+00
0.000000000000000000e+00
4.336173731189774117e-08
0.000000000000000000e+00
0.000000000000000000e+00
0.000000000000000000e+00
0.000000000000000000e+00
3.014597182993128399e-10
0.000000000000000000e+00
0.000000000000000000e+00
0.000000000000000000e+00
9.155293128060293384e-07
1.992264287764555775e-06
0.000000000000000000e+00
0.000000000000000000e+00
3.249777336122861016e-08
0.000000000000000000e+00
7.150932290755918075e-09
0.000000000000000000e+00
1.743921984598273411e-07
0.000000000000000000e+00
6.802756615797989070e-07
3.597948605715828307e-09
7.511256967518420424e-07
0.000000000000000000e+00
0.000000000000000000e+00
0.000000000000000000e+00
0.000000000000000000e+00
1.896828916159165601e-09
1.084492851077811792e-08
0.000000000000000000e+00
0.000000000000000000e+00
0.000000000000000000e+00
1.342789914815512020e-06
0.000000000000000000e+00
0.000000000000000000e+00
1.081985945283747697e-09
0.000000000000000000e+00
0.000000000000000000e+00
0.000000000000000000e+00
0.000000000000000000e+00
8.047528012866678182e-07
8.922387273457843548e-09
0.000000000000000000e+00
0.000000000000000000e+00
0.000000000000000000e+00
8.504135173836857575e-09
7.036863869380738379e-10
0.000000000000000000e+00
2.948983279793537804e-09
0.000000000000000000e+00
0.000000000000000000e+00
0.000000000000000000e+00
1.207710997874755776e-08
0.000000000000000000e+00
1.068622509592387360e-06
0.000000000000000000e+00
0.000000000000000000e+00
0.000000000000000000e+00
0.000000000000000000e+00
0.000000000000000000e+00
0.000000000000000000e+00
0.000000000000000000e+00
1.425710993707696161e-09
2.585391278842052998e-08
1.262904669729891793e-09
2.355184506086516194e-06
4.138642317741414445e-09
2.467416834406321868e-06
6.859532675207447028e-08
2.116012637998210266e-06
3.292309358471356973e-08
8.665479640512785409e-07
6.769680567231262103e-07
2.918414566011051647e-06
4.351548454906151164e-07
1.323872478309340295e-08
1.650650347073678859e-06
6.800553897789995972e-09
0.000000000000000000e+00
3.223336079827276990e-06
6.679940725007327273e-07
0.000000000000000000e+00
6.283150355557154398e-07
1.705580121580396735e-09
1.544207293591171037e-06
1.785680723287441651e-07
1.837301937257507234e-07
2.628227093737223186e-07
6.239714878120139474e-08
0.000000000000000000e+00
1.435257424020619510e-08
2.525795350649673310e-09
9.185187650473380927e-07
4.196687797275444609e-08
5.511592071627546829e-09
4.292429522934071429e-08
4.921762553067310364e-09
8.081432745221661662e-10
5.274340963978829677e-10
0.000000000000000000e+00
5.338725461712101605e-09
7.669842716495622881e-08
1.598780130507293507e-08
0.000000000000000000e+00
4.378698292839544592e-07
0.000000000000000000e+00
0.000000000000000000e+00
0.000000000000000000e+00
1.802513764914692729e-07
0.000000000000000000e+00
0.000000000000000000e+00
0.000000000000000000e+00
7.182507033576257527e-09
0.000000000000000000e+00
0.000000000000000000e+00
0.000000000000000000e+00
0.000000000000000000e+00
9.030904024598385149e-09
0.000000000000000000e+00
0.000000000000000000e+00
0.000000000000000000e+00
0.000000000000000000e+00
0.000000000000000000e+00
0.000000000000000000e+00
0.000000000000000000e+00
9.188670269111298694e-09
0.000000000000000000e+00
0.000000000000000000e+00
0.000000000000000000e+00
0.000000000000000000e+00
4.999978386877046432e-07
4.400889963562804041e-08
0.000000000000000000e+00
2.657904119018894562e-09
0.000000000000000000e+00
5.917592194037979425e-09
1.535165328192533707e-09
0.000000000000000000e+00
0.000000000000000000e+00
0.000000000000000000e+00
0.000000000000000000e+00
8.418182062541745836e-08
0.000000000000000000e+00
0.000000000000000000e+00
0.000000000000000000e+00
1.308276420530773976e-08
0.000000000000000000e+00
6.789931283890382474e-09
0.000000000000000000e+00
0.000000000000000000e+00
0.000000000000000000e+00
0.000000000000000000e+00
0.000000000000000000e+00
0.000000000000000000e+00
0.000000000000000000e+00
0.000000000000000000e+00
0.000000000000000000e+00
0.000000000000000000e+00
0.000000000000000000e+00
0.000000000000000000e+00
0.000000000000000000e+00
0.000000000000000000e+00
0.000000000000000000e+00
0.000000000000000000e+00
1.534957618787302636e-07
3.811869708769677345e-10
3.496116391943360213e-07
0.000000000000000000e+00
2.665852131059076591e-12
5.936736968692457594e-08
2.930755442775989650e-07
0.000000000000000000e+00
0.000000000000000000e+00
0.000000000000000000e+00
0.000000000000000000e+00
0.000000000000000000e+00
0.000000000000000000e+00
0.000000000000000000e+00
0.000000000000000000e+00
0.000000000000000000e+00
1.207791733293106518e-08
0.000000000000000000e+00
0.000000000000000000e+00
0.000000000000000000e+00
1.826015005867986929e-09
0.000000000000000000e+00
0.000000000000000000e+00
4.559182897878599761e-08
0.000000000000000000e+00
9.033201742170149373e-09
3.525886180244519608e-11
1.858572185042817182e-09
2.238519369868186004e-09
3.787204327920790092e-09
0.000000000000000000e+00
0.000000000000000000e+00
0.000000000000000000e+00
8.047456923065965384e-09
0.000000000000000000e+00
0.000000000000000000e+00
0.000000000000000000e+00
0.000000000000000000e+00
0.000000000000000000e+00
3.063254927493375135e-10
0.000000000000000000e+00
0.000000000000000000e+00
0.000000000000000000e+00
0.000000000000000000e+00
1.301998509006807581e-08
0.000000000000000000e+00
5.276916403840203884e-11
2.588374181655694883e-09
0.000000000000000000e+00
1.247637132495427181e-10
0.000000000000000000e+00
0.000000000000000000e+00
4.376097262337452776e-09
0.000000000000000000e+00
0.000000000000000000e+00
0.000000000000000000e+00
0.000000000000000000e+00
0.000000000000000000e+00
0.000000000000000000e+00
0.000000000000000000e+00
4.375637074893745648e-10
0.000000000000000000e+00
0.000000000000000000e+00
0.000000000000000000e+00
0.000000000000000000e+00
0.000000000000000000e+00
1.429367415539672947e-07
4.376479409984312952e-07
0.000000000000000000e+00
1.114609844421465823e-07
3.171818718783470104e-07
0.000000000000000000e+00
0.000000000000000000e+00
6.704646239086287096e-06
4.625602123553562706e-09
9.208350526535014069e-09
4.253469398918241495e-07
1.804683513739746559e-08
3.981940324138122378e-07
9.416040143150894437e-07
2.954413824696189295e-09
1.679849925828591495e-09
4.516344631610991200e-08
1.495008518759277649e-06
6.650549266851157881e-07
4.606705417131706781e-08
0.000000000000000000e+00
1.478856770376069107e-08
0.000000000000000000e+00
0.000000000000000000e+00
0.000000000000000000e+00
0.000000000000000000e+00
6.778013812436256558e-06
7.021273784602044543e-09
0.000000000000000000e+00
0.000000000000000000e+00
0.000000000000000000e+00
0.000000000000000000e+00
0.000000000000000000e+00
0.000000000000000000e+00
7.140946167716322179e-10
6.430392573975041159e-08
0.000000000000000000e+00
0.000000000000000000e+00
0.000000000000000000e+00
0.000000000000000000e+00
0.000000000000000000e+00
0.000000000000000000e+00
0.000000000000000000e+00
0.000000000000000000e+00
0.000000000000000000e+00
0.000000000000000000e+00
0.000000000000000000e+00
0.000000000000000000e+00
0.000000000000000000e+00
0.000000000000000000e+00
0.000000000000000000e+00
0.000000000000000000e+00
7.512782396190686995e-09
0.000000000000000000e+00
0.000000000000000000e+00
0.000000000000000000e+00
0.000000000000000000e+00
0.000000000000000000e+00
0.000000000000000000e+00
0.000000000000000000e+00
0.000000000000000000e+00
0.000000000000000000e+00
0.000000000000000000e+00
0.000000000000000000e+00
0.000000000000000000e+00
0.000000000000000000e+00
0.000000000000000000e+00
0.000000000000000000e+00
0.000000000000000000e+00
5.572425187949647807e-09
0.000000000000000000e+00
0.000000000000000000e+00
0.000000000000000000e+00
0.000000000000000000e+00
0.000000000000000000e+00
0.000000000000000000e+00
0.000000000000000000e+00
0.000000000000000000e+00
0.000000000000000000e+00
0.000000000000000000e+00
0.000000000000000000e+00
0.000000000000000000e+00
0.000000000000000000e+00
0.000000000000000000e+00
0.000000000000000000e+00
0.000000000000000000e+00
0.000000000000000000e+00
0.000000000000000000e+00
0.000000000000000000e+00
5.315271423000922368e-08
8.270692575251814560e-09
2.005945098915162816e-08
0.000000000000000000e+00
0.000000000000000000e+00
0.000000000000000000e+00
0.000000000000000000e+00
0.000000000000000000e+00
0.000000000000000000e+00
0.000000000000000000e+00
0.000000000000000000e+00
1.988941823738432646e-11
1.556440670791303660e-10
1.755607712539131171e-07
0.000000000000000000e+00
0.000000000000000000e+00
0.000000000000000000e+00
2.761347227264732140e-11
0.000000000000000000e+00
0.000000000000000000e+00
0.000000000000000000e+00
0.000000000000000000e+00
0.000000000000000000e+00
0.000000000000000000e+00
0.000000000000000000e+00
0.000000000000000000e+00
2.974036988234729506e-06
2.127399234552740381e-08
4.784654450418202032e-09
1.604291668400037452e-07
0.000000000000000000e+00
0.000000000000000000e+00
4.433189815244986676e-09
0.000000000000000000e+00
2.100523033732315525e-06
8.216862568133365130e-08
1.258726012309807629e-08
2.646316943355486728e-07
4.041607439830841031e-07
2.239325027630911791e-07
0.000000000000000000e+00
2.098728941746230703e-07
9.954607971263129684e-11
0.000000000000000000e+00
2.244557464337049169e-07
3.238518342385532378e-10
1.395656454405980185e-06
9.572563612891826779e-07
1.962891928997123614e-07
9.043637838601625845e-09
0.000000000000000000e+00
7.764933229736925568e-08
3.316815266884987068e-08
2.558609821790014394e-06
4.031290643524698680e-07
3.817684728346648626e-07
9.861571115266087872e-09
8.304648417833959684e-07
6.142312258816673420e-07
1.437911567592209394e-09
5.605325092972179846e-09
0.000000000000000000e+00
1.337857269412268124e-09
2.394481413148241700e-08
1.529232207531094900e-08
0.000000000000000000e+00
2.573004564965231111e-07
5.329029022504983004e-07
3.201708125288860174e-07
1.109522713704791386e-07
0.000000000000000000e+00
3.539523447670944734e-07
8.089322136584087275e-07
0.000000000000000000e+00
0.000000000000000000e+00
0.000000000000000000e+00
0.000000000000000000e+00
4.471219394730496788e-09
0.000000000000000000e+00
0.000000000000000000e+00
1.397165161343139062e-09
0.000000000000000000e+00
8.032680298697414401e-09
0.000000000000000000e+00
2.535630316824466490e-10
0.000000000000000000e+00
2.635919429394562030e-07
0.000000000000000000e+00
0.000000000000000000e+00
0.000000000000000000e+00
0.000000000000000000e+00
0.000000000000000000e+00
0.000000000000000000e+00
0.000000000000000000e+00
1.653386594302475032e-10
0.000000000000000000e+00
0.000000000000000000e+00
8.978805254855615203e-08
0.000000000000000000e+00
0.000000000000000000e+00
1.287218651668808889e-06
8.705558940391711076e-09
1.654249075500047184e-07
4.352389559869607183e-09
1.028528302526865446e-07
0.000000000000000000e+00
0.000000000000000000e+00
1.402223714745687300e-12
0.000000000000000000e+00
0.000000000000000000e+00
2.169645654248597566e-07
3.746469303678168217e-07
1.871092507599314558e-07
6.205306135598220862e-08
0.000000000000000000e+00
5.433751084638061002e-06
0.000000000000000000e+00
0.000000000000000000e+00
0.000000000000000000e+00
4.072350900941046348e-09
0.000000000000000000e+00
6.786002870740048820e-09
1.786644054924124703e-09
0.000000000000000000e+00
0.000000000000000000e+00
1.357360979170607607e-08
7.112879529813653789e-07
0.000000000000000000e+00
6.597167256927605195e-09
0.000000000000000000e+00
0.000000000000000000e+00
5.222664185566827655e-07
1.213620907947188243e-05
8.822698305266385432e-07
0.000000000000000000e+00
1.496809574064172921e-07
0.000000000000000000e+00
6.923811497472343035e-07
0.000000000000000000e+00
4.643038398199905714e-09
6.986022640376177151e-07
1.569009100421681069e-06
2.490735369065077975e-07
3.130238326320977649e-07
8.953558250368587323e-08
5.877917708119184681e-09
1.845520358756402857e-07
0.000000000000000000e+00
6.614409812755184248e-06
4.910601703045358590e-09
0.000000000000000000e+00
3.374645701770262463e-11
0.000000000000000000e+00
2.786331833704025485e-06
0.000000000000000000e+00
0.000000000000000000e+00
2.052559544551968429e-08
0.000000000000000000e+00
0.000000000000000000e+00
5.170953158994961996e-07
0.000000000000000000e+00
0.000000000000000000e+00
3.847042240323617079e-09
0.000000000000000000e+00
3.608287668654952540e-09
2.078661270887849355e-10
6.452347545149450525e-09
0.000000000000000000e+00
0.000000000000000000e+00
5.319746492205013055e-07
3.855848140776885202e-10
0.000000000000000000e+00
0.000000000000000000e+00
0.000000000000000000e+00
0.000000000000000000e+00
0.000000000000000000e+00
0.000000000000000000e+00
0.000000000000000000e+00
1.543992539154714905e-06
0.000000000000000000e+00
0.000000000000000000e+00
8.644320814710226841e-09
0.000000000000000000e+00
8.765208114880351786e-09
0.000000000000000000e+00
0.000000000000000000e+00
3.667727455081148946e-09
3.290052674742582894e-09
1.168292342867971456e-07
7.572269034028522583e-09
2.671375967655542638e-11
2.761882456070452463e-08
0.000000000000000000e+00
2.965919732034194567e-09
0.000000000000000000e+00
5.433552132672048174e-07
0.000000000000000000e+00
0.000000000000000000e+00
0.000000000000000000e+00
3.609099241685953530e-09
3.556138494786864612e-08
0.000000000000000000e+00
0.000000000000000000e+00
2.131777865344020029e-09
0.000000000000000000e+00
3.924580660452647862e-09
0.000000000000000000e+00
0.000000000000000000e+00
9.110793369737635317e-11
1.300995450037589762e-06
1.400837561504886253e-07
0.000000000000000000e+00
0.000000000000000000e+00
0.000000000000000000e+00
4.928584207419817176e-09
0.000000000000000000e+00
0.000000000000000000e+00
8.857788458271897980e-08
7.838424664896592731e-08
3.478344865470717195e-07
6.623688619811218814e-08
1.674813887575510307e-07
0.000000000000000000e+00
1.457698406426288784e-10
5.368402753447298892e-07
1.358891044134225012e-08
4.143133196521375794e-07
2.443141688956984581e-08
2.506606335828109877e-07
4.570998868302922347e-08
1.542893983241810929e-06
0.000000000000000000e+00
0.000000000000000000e+00
1.397720552631653845e-07
6.257975542212079745e-07
2.034931512184812163e-08
7.287251690968332696e-09
4.420566028784378432e-07
9.350477370162479929e-08
2.328348891467157955e-08
1.344961310678627342e-05
2.416826028195373510e-08
0.000000000000000000e+00
7.909304713393794373e-07
1.914168157313156371e-09
2.772571860987227410e-08
0.000000000000000000e+00
0.000000000000000000e+00
8.006862373122203280e-08
7.538779556170993601e-08
1.360197785515993019e-07
2.549815025787438572e-09
1.462613454350503162e-06
8.655118857942359356e-14
1.573882741467969026e-06
3.887564936633225443e-09
1.222054013538809158e-08
1.114772999244451057e-06
0.000000000000000000e+00
3.678946258744986153e-09
0.000000000000000000e+00
0.000000000000000000e+00
6.034985631231393199e-07
0.000000000000000000e+00
0.000000000000000000e+00
5.788317736232784227e-08
1.259942195019903011e-08
0.000000000000000000e+00
0.000000000000000000e+00
0.000000000000000000e+00
0.000000000000000000e+00
0.000000000000000000e+00
0.000000000000000000e+00
0.000000000000000000e+00
0.000000000000000000e+00
1.372122554466059796e-10
0.000000000000000000e+00
0.000000000000000000e+00
0.000000000000000000e+00
0.000000000000000000e+00
0.000000000000000000e+00
0.000000000000000000e+00
2.512198626902772958e-08
0.000000000000000000e+00
0.000000000000000000e+00
0.000000000000000000e+00
4.442187062636548944e-09
3.082246902152974144e-09
1.507169486103521194e-06
0.000000000000000000e+00
0.000000000000000000e+00
0.000000000000000000e+00
2.905457818780377011e-10
0.000000000000000000e+00
0.000000000000000000e+00
0.000000000000000000e+00
0.000000000000000000e+00
1.180472697370760216e-08
0.000000000000000000e+00
0.000000000000000000e+00
0.000000000000000000e+00
0.000000000000000000e+00
0.000000000000000000e+00
0.000000000000000000e+00
0.000000000000000000e+00
5.159878355698310770e-07
7.412713109999913286e-09
0.000000000000000000e+00
1.243856750932081923e-08
0.000000000000000000e+00
3.319355457165329426e-08
8.240612636711830419e-09
6.298856760622584261e-07
5.624231562251225114e-06
0.000000000000000000e+00
0.000000000000000000e+00
0.000000000000000000e+00
0.000000000000000000e+00
0.000000000000000000e+00
0.000000000000000000e+00
0.000000000000000000e+00
0.000000000000000000e+00
0.000000000000000000e+00
0.000000000000000000e+00
0.000000000000000000e+00
0.000000000000000000e+00
0.000000000000000000e+00
4.392832764210652385e-08
0.000000000000000000e+00
1.626585088843057747e-07
6.516724937455364852e-08
1.885046252425581770e-08
7.188145900727249682e-07
0.000000000000000000e+00
4.144729928157175891e-07
2.154725962100201286e-07
0.000000000000000000e+00
0.000000000000000000e+00
1.598718455397829530e-07
1.117266279493378534e-08
4.992210023146981257e-08
9.000589162866390325e-10
3.033551820408320054e-06
1.872187681328796316e-06
0.000000000000000000e+00
1.122419462262769230e-06
1.992685838558827527e-06
0.000000000000000000e+00
7.887087463132047560e-07
3.406325106425356353e-07
9.248351062751680729e-08
9.441314432478975505e-07
0.000000000000000000e+00
1.728795240296676639e-08
0.000000000000000000e+00
0.000000000000000000e+00
0.000000000000000000e+00
0.000000000000000000e+00
0.000000000000000000e+00
0.000000000000000000e+00
0.000000000000000000e+00
0.000000000000000000e+00
0.000000000000000000e+00
0.000000000000000000e+00
0.000000000000000000e+00
0.000000000000000000e+00
0.000000000000000000e+00
0.000000000000000000e+00
0.000000000000000000e+00
0.000000000000000000e+00
0.000000000000000000e+00
0.000000000000000000e+00
0.000000000000000000e+00
5.764216481907169509e-08
0.000000000000000000e+00
0.000000000000000000e+00
0.000000000000000000e+00
0.000000000000000000e+00
0.000000000000000000e+00
0.000000000000000000e+00
0.000000000000000000e+00
0.000000000000000000e+00
0.000000000000000000e+00
6.523586115747548320e-09
3.325866471115546119e-09
2.084630246201868431e-08
0.000000000000000000e+00
0.000000000000000000e+00
6.895599646838945773e-09
0.000000000000000000e+00
0.000000000000000000e+00
0.000000000000000000e+00
0.000000000000000000e+00
9.854016491672723532e-10
8.620694713634691198e-10
8.843982768347302681e-10
0.000000000000000000e+00
0.000000000000000000e+00
0.000000000000000000e+00
0.000000000000000000e+00
0.000000000000000000e+00
1.911737879112251903e-09
7.418643477308251022e-10
1.008804262347950953e-09
3.486689195142389508e-07
0.000000000000000000e+00
4.239761874913483553e-09
0.000000000000000000e+00
5.423115112535015214e-07
5.508892186867342389e-08
0.000000000000000000e+00
0.000000000000000000e+00
3.675993980323255528e-07
0.000000000000000000e+00
5.229672250806061129e-10
0.000000000000000000e+00
0.000000000000000000e+00
0.000000000000000000e+00
0.000000000000000000e+00
0.000000000000000000e+00
0.000000000000000000e+00
0.000000000000000000e+00
0.000000000000000000e+00
4.374460862988094334e-11
0.000000000000000000e+00
0.000000000000000000e+00
0.000000000000000000e+00
0.000000000000000000e+00
0.000000000000000000e+00
0.000000000000000000e+00
0.000000000000000000e+00
0.000000000000000000e+00
0.000000000000000000e+00
0.000000000000000000e+00
3.479595431232773706e-11
2.957390563551598461e-07
7.864217366204684367e-08
0.000000000000000000e+00
0.000000000000000000e+00
0.000000000000000000e+00
0.000000000000000000e+00
0.000000000000000000e+00
5.504451117133157823e-09
4.870229219910982010e-10
0.000000000000000000e+00
0.000000000000000000e+00
0.000000000000000000e+00
6.454655143706133913e-10
0.000000000000000000e+00
0.000000000000000000e+00
4.827119606809482377e-12
0.000000000000000000e+00
0.000000000000000000e+00
0.000000000000000000e+00
0.000000000000000000e+00
0.000000000000000000e+00
5.966495353337819552e-11
0.000000000000000000e+00
0.000000000000000000e+00
0.000000000000000000e+00
0.000000000000000000e+00
0.000000000000000000e+00
1.500691411138177500e-07
0.000000000000000000e+00
0.000000000000000000e+00
0.000000000000000000e+00
0.000000000000000000e+00
2.537736409902180412e-10
0.000000000000000000e+00
0.000000000000000000e+00
0.000000000000000000e+00
1.392944093403514216e-10
5.190359808615596648e-10
3.435911333227181785e-09
1.167048457872965628e-09
3.606874372508173110e-07
7.277636626668027020e-08
5.142563597182459034e-10
6.797845344408415258e-07
6.154575658001704141e-06
0.000000000000000000e+00
0.000000000000000000e+00
2.332953044970054179e-06
1.927442561111547548e-08
1.083240164234666736e-08
0.000000000000000000e+00
5.130147542331542354e-07
5.060968533143750392e-07
1.893094605520673213e-07
0.000000000000000000e+00
1.400546807417413220e-07
1.020303272980527254e-07
0.000000000000000000e+00
5.429559024605623563e-10
5.857300493516959250e-07
3.035352165170479566e-07
2.435308203985186992e-07
7.857427704038855154e-07
2.418545363980229013e-07
1.658326631570616883e-08
3.089451139359766785e-09
9.846398825175128877e-07
2.857941581169143319e-07
3.597526165854958435e-10
0.000000000000000000e+00
0.000000000000000000e+00
1.519785859660505167e-11
1.181824149654175926e-08
0.000000000000000000e+00
2.353184527237317525e-06
0.000000000000000000e+00
4.701937541540246457e-07
0.000000000000000000e+00
1.339446242809572141e-07
0.000000000000000000e+00
4.202325953883701004e-07
6.220507220433546536e-09
0.000000000000000000e+00
0.000000000000000000e+00
1.146360451009797998e-09
7.132600217119033914e-07
0.000000000000000000e+00
6.566980914612940978e-08
0.000000000000000000e+00
0.000000000000000000e+00
7.985199168558665406e-09
0.000000000000000000e+00
3.666469128305038794e-09
0.000000000000000000e+00
6.561811510819026694e-11
0.000000000000000000e+00
0.000000000000000000e+00
0.000000000000000000e+00
0.000000000000000000e+00
0.000000000000000000e+00
0.000000000000000000e+00
0.000000000000000000e+00
7.126816498059795890e-11
0.000000000000000000e+00
0.000000000000000000e+00
0.000000000000000000e+00
4.256359034116030671e-07
1.308744335126732494e-09
0.000000000000000000e+00
0.000000000000000000e+00
0.000000000000000000e+00
0.000000000000000000e+00
0.000000000000000000e+00
0.000000000000000000e+00
0.000000000000000000e+00
0.000000000000000000e+00
0.000000000000000000e+00
0.000000000000000000e+00
0.000000000000000000e+00
0.000000000000000000e+00
9.109379028870989714e-09
0.000000000000000000e+00
0.000000000000000000e+00
0.000000000000000000e+00
2.610937688274361790e-09
0.000000000000000000e+00
0.000000000000000000e+00
8.349877234081759525e-09
0.000000000000000000e+00
3.445363105925025593e-09
0.000000000000000000e+00
0.000000000000000000e+00
4.619860760612937156e-07
0.000000000000000000e+00
0.000000000000000000e+00
0.000000000000000000e+00
0.000000000000000000e+00
0.000000000000000000e+00
0.000000000000000000e+00
0.000000000000000000e+00
0.000000000000000000e+00
1.760355083924025621e-09
0.000000000000000000e+00
0.000000000000000000e+00
4.725064339794471380e-09
0.000000000000000000e+00
0.000000000000000000e+00
0.000000000000000000e+00
0.000000000000000000e+00
0.000000000000000000e+00
2.657038180586823728e-07
0.000000000000000000e+00
0.000000000000000000e+00
0.000000000000000000e+00
0.000000000000000000e+00
0.000000000000000000e+00
0.000000000000000000e+00
1.863072335295257176e-10
5.592645013763331008e-09
0.000000000000000000e+00
5.689022586352621147e-08
0.000000000000000000e+00
0.000000000000000000e+00
0.000000000000000000e+00
0.000000000000000000e+00
0.000000000000000000e+00
7.615988728559841547e-09
1.339312105663736929e-09
0.000000000000000000e+00
2.749367178367378983e-09
0.000000000000000000e+00
0.000000000000000000e+00
0.000000000000000000e+00
0.000000000000000000e+00
0.000000000000000000e+00
7.645560295976849829e-10
0.000000000000000000e+00
0.000000000000000000e+00
0.000000000000000000e+00
0.000000000000000000e+00
0.000000000000000000e+00
0.000000000000000000e+00
0.000000000000000000e+00
0.000000000000000000e+00
0.000000000000000000e+00
6.721180056956654880e-08
1.251222414566655061e-07
4.588703195196330853e-09
4.765272176854296049e-09
3.432067074982114718e-08
0.000000000000000000e+00
0.000000000000000000e+00
7.389054985651455354e-07
2.253582351841032505e-06
0.000000000000000000e+00
3.318426706755417399e-07
1.501991278018977027e-06
0.000000000000000000e+00
3.209563814721150266e-08
2.246665431471228658e-08
4.725755431422840047e-08
0.000000000000000000e+00
0.000000000000000000e+00
6.727161494524125374e-09
6.533608143399760593e-08
0.000000000000000000e+00
1.844718099164310843e-06
2.119769426656148426e-08
1.261799127405538457e-07
1.727408289298182353e-06
4.356965277452218288e-08
3.020993233349145157e-09
1.078080572369799484e-06
8.081248665803286713e-07
3.457568027442903258e-07
2.516264707708160131e-08
1.732317258529292303e-07
5.071178748039528728e-07
0.000000000000000000e+00
0.000000000000000000e+00
6.826928800052201041e-09
9.159662539559576544e-08
0.000000000000000000e+00
0.000000000000000000e+00
9.827561342490298557e-08
0.000000000000000000e+00
3.928402065866976045e-07
0.000000000000000000e+00
1.743874236126430333e-07
3.174771336489357054e-06
0.000000000000000000e+00
0.000000000000000000e+00
9.649367527231333952e-09
0.000000000000000000e+00
0.000000000000000000e+00
1.118574788350201743e-09
0.000000000000000000e+00
0.000000000000000000e+00
0.000000000000000000e+00
2.412917865513009019e-09
0.000000000000000000e+00
0.000000000000000000e+00
0.000000000000000000e+00
0.000000000000000000e+00
0.000000000000000000e+00
0.000000000000000000e+00
1.558076156982224347e-08
6.316041378795489436e-08
4.937629860535253101e-09
0.000000000000000000e+00
6.078989400748469052e-08
4.167797218457280906e-09
1.064534487227319914e-07
1.967267166946840007e-07
5.237036138083794867e-09
7.846213123663403621e-10
2.321570065078049083e-07
4.188269144833611790e-07
0.000000000000000000e+00
0.000000000000000000e+00
9.113702503782405984e-07
0.000000000000000000e+00
0.000000000000000000e+00
3.069138054812015071e-09
8.247865501687101641e-09
7.408588409418825904e-09
0.000000000000000000e+00
0.000000000000000000e+00
2.135148946535991854e-07
0.000000000000000000e+00
3.379661439595338379e-09
0.000000000000000000e+00
5.603113351071442594e-08
0.000000000000000000e+00
0.000000000000000000e+00
0.000000000000000000e+00
0.000000000000000000e+00
1.172328900622687797e-10
0.000000000000000000e+00
6.947996844530734961e-09
3.154977150643389905e-07
0.000000000000000000e+00
5.673889518220676109e-07
2.796090541323792422e-07
4.777862727678439114e-08
1.334097873950668145e-06
0.000000000000000000e+00
2.177176217088572230e-09
1.017528461488836911e-07
5.048897264714469202e-07
7.634092753505683504e-07
1.805250207098652027e-07
1.704597352158998547e-09
9.146436497076138039e-09
1.399834218318574131e-06
0.000000000000000000e+00
2.201008726387954084e-07
1.415417500538751483e-06
1.837873320198468718e-08
0.000000000000000000e+00
1.373212853650329635e-06
4.729678266812697984e-07
2.488865114003147028e-09
6.132559043914298513e-11
2.194989612291919912e-08
3.540115756095474353e-09
1.122930797237131628e-07
0.000000000000000000e+00
1.070085673404719273e-07
8.411776519778868533e-08
3.946884703509567771e-07
0.000000000000000000e+00
0.000000000000000000e+00
8.541338469836290415e-11
5.523162371900980361e-09
4.597664826633263147e-07
0.000000000000000000e+00
0.000000000000000000e+00
0.000000000000000000e+00
0.000000000000000000e+00
1.128475730638456298e-07
1.663973514531846831e-09
0.000000000000000000e+00
0.000000000000000000e+00
0.000000000000000000e+00
0.000000000000000000e+00
0.000000000000000000e+00
0.000000000000000000e+00
0.000000000000000000e+00
0.000000000000000000e+00
0.000000000000000000e+00
3.907435208727605414e-10
1.876266919609292927e-10
0.000000000000000000e+00
1.388232861998517365e-09
0.000000000000000000e+00
0.000000000000000000e+00
3.637572465464700144e-10
2.853848712902617990e-09
0.000000000000000000e+00
0.000000000000000000e+00
0.000000000000000000e+00
0.000000000000000000e+00
0.000000000000000000e+00
0.000000000000000000e+00
0.000000000000000000e+00
0.000000000000000000e+00
0.000000000000000000e+00
0.000000000000000000e+00
0.000000000000000000e+00
0.000000000000000000e+00
0.000000000000000000e+00
0.000000000000000000e+00
0.000000000000000000e+00
0.000000000000000000e+00
7.699899384761010879e-09
0.000000000000000000e+00
0.000000000000000000e+00
3.970773377659497783e-06
0.000000000000000000e+00
0.000000000000000000e+00
0.000000000000000000e+00
0.000000000000000000e+00
0.000000000000000000e+00
0.000000000000000000e+00
4.208552173423640852e-09
0.000000000000000000e+00
0.000000000000000000e+00
0.000000000000000000e+00
0.000000000000000000e+00
0.000000000000000000e+00
0.000000000000000000e+00
0.000000000000000000e+00
0.000000000000000000e+00
0.000000000000000000e+00
0.000000000000000000e+00
0.000000000000000000e+00
0.000000000000000000e+00
0.000000000000000000e+00
3.368243906010093269e-09
0.000000000000000000e+00
0.000000000000000000e+00
0.000000000000000000e+00
4.410372511642890458e-09
0.000000000000000000e+00
0.000000000000000000e+00
0.000000000000000000e+00
0.000000000000000000e+00
0.000000000000000000e+00
0.000000000000000000e+00
0.000000000000000000e+00
0.000000000000000000e+00
0.000000000000000000e+00
0.000000000000000000e+00
0.000000000000000000e+00
0.000000000000000000e+00
0.000000000000000000e+00
0.000000000000000000e+00
0.000000000000000000e+00
3.656146496666679013e-09
0.000000000000000000e+00
2.761110984295100934e-08
6.120143836163549622e-10
0.000000000000000000e+00
7.770485588309838931e-09
5.148692494572060241e-08
0.000000000000000000e+00
0.000000000000000000e+00
0.000000000000000000e+00
0.000000000000000000e+00
8.567931253367078170e-09
0.000000000000000000e+00
0.000000000000000000e+00
0.000000000000000000e+00
4.593922464657396176e-10
0.000000000000000000e+00
6.208142888652901092e-09
8.248430560797714861e-08
0.000000000000000000e+00
0.000000000000000000e+00
0.000000000000000000e+00
3.754256638899278187e-08
5.858862728302938194e-09
0.000000000000000000e+00
0.000000000000000000e+00
1.090557155691840308e-08
1.673792660028539103e-09
0.000000000000000000e+00
0.000000000000000000e+00
0.000000000000000000e+00
0.000000000000000000e+00
3.013054528100411744e-10
4.921347773745310406e-09
5.248617540587474650e-09
0.000000000000000000e+00
0.000000000000000000e+00
1.112616132559196558e-07
1.299814478272764973e-09
0.000000000000000000e+00
2.238019769507104684e-09
9.824327462659709909e-11
8.764986070275426755e-09
1.362595725140636205e-07
1.867541072897438426e-07
4.708281053922291903e-08
7.630156915183761157e-07
8.821286812121797993e-09
1.605726396292084246e-08
0.000000000000000000e+00
3.845048865969147300e-07
0.000000000000000000e+00
0.000000000000000000e+00
0.000000000000000000e+00
1.102429564525664318e-06
0.000000000000000000e+00
0.000000000000000000e+00
0.000000000000000000e+00
2.112595893777324818e-07
8.818059313853154890e-07
5.727467282667930704e-07
1.245540715899551287e-06
6.134799264145840425e-07
0.000000000000000000e+00
4.666173225587044726e-08
1.081053483176219743e-06
0.000000000000000000e+00
2.317317751021619188e-07
5.141382874995770180e-10
3.997456143878252988e-09
3.123253975445550168e-07
3.133348615291797756e-13
0.000000000000000000e+00
3.501847700704274757e-08
4.610751780376176612e-10
0.000000000000000000e+00
0.000000000000000000e+00
5.014124115909623924e-10
0.000000000000000000e+00
0.000000000000000000e+00
3.526255509811448974e-09
0.000000000000000000e+00
2.283846356476715300e-07
0.000000000000000000e+00
4.794893815329714926e-09
9.741046191891200579e-09
3.055722119782444679e-09
0.000000000000000000e+00
4.488974525429512141e-09
0.000000000000000000e+00
1.953539330301623522e-09
0.000000000000000000e+00
3.370282941617119832e-09
0.000000000000000000e+00
5.277822068272541856e-10
2.214318284288196992e-09
0.000000000000000000e+00
1.619105205463711172e-08
3.646719051175750792e-07
2.670452374786691507e-07
9.471337492072962050e-09
0.000000000000000000e+00
1.266815274902910460e-08
0.000000000000000000e+00
2.318243446097767446e-07
0.000000000000000000e+00
0.000000000000000000e+00
6.796062734792940319e-08
0.000000000000000000e+00
3.191256681134291284e-08
0.000000000000000000e+00
0.000000000000000000e+00
0.000000000000000000e+00
5.541371805861672328e-09
4.651073304273722897e-09
0.000000000000000000e+00
0.000000000000000000e+00
7.583532912747159571e-09
3.370703938188057691e-09
2.322333436666212947e-09
6.910315875074957148e-08
0.000000000000000000e+00
1.879421951400672697e-09
8.070215358202403877e-07
3.469965577096445486e-07
0.000000000000000000e+00
0.000000000000000000e+00
0.000000000000000000e+00
7.588347727960353950e-08
9.004172518700670480e-09
1.215639144902525004e-06
4.603734851116314530e-07
1.267402808480255771e-06
3.203359142389672343e-07
0.000000000000000000e+00
3.731608444468292873e-07
3.087071036134148017e-06
3.939963164611981483e-07
7.634904264364195114e-09
6.771744942568602710e-09
0.000000000000000000e+00
6.281209152803057805e-07
2.314165525874045670e-09
0.000000000000000000e+00
8.598338929743931658e-09
2.808153265476676097e-09
8.843141330316939275e-09
1.263076114810246509e-07
5.944919848843710497e-06
3.298197725598583929e-06
3.776821984047273872e-07
0.000000000000000000e+00
0.000000000000000000e+00
0.000000000000000000e+00
3.319666745937865926e-07
0.000000000000000000e+00
0.000000000000000000e+00
0.000000000000000000e+00
3.091983273861842463e-07
0.000000000000000000e+00
0.000000000000000000e+00
0.000000000000000000e+00
0.000000000000000000e+00
3.496730405228021255e-10
0.000000000000000000e+00
0.000000000000000000e+00
0.000000000000000000e+00
5.416391601897885266e-08
0.000000000000000000e+00
0.000000000000000000e+00
0.000000000000000000e+00
0.000000000000000000e+00
0.000000000000000000e+00
0.000000000000000000e+00
0.000000000000000000e+00
1.619277867348500877e-08
8.442058856417133939e-07
5.037783079586688473e-09
0.000000000000000000e+00
7.030947379860208457e-09
0.000000000000000000e+00
0.000000000000000000e+00
0.000000000000000000e+00
1.599986205746972701e-07
9.139423440274185850e-09
2.202707993488681876e-14
0.000000000000000000e+00
1.072533084567339756e-08
4.622075611138143358e-09
1.254295778352343405e-08
0.000000000000000000e+00
5.300729633006540098e-09
4.133441677822702331e-08
0.000000000000000000e+00
0.000000000000000000e+00
1.632987789434992010e-08
0.000000000000000000e+00
0.000000000000000000e+00
0.000000000000000000e+00
5.402914116103829656e-09
0.000000000000000000e+00
4.220368499119331318e-09
4.849961321440332540e-09
1.407118999362808390e-14
9.709143489189386855e-10
0.000000000000000000e+00
0.000000000000000000e+00
1.182730025028888576e-09
0.000000000000000000e+00
0.000000000000000000e+00
0.000000000000000000e+00
0.000000000000000000e+00
1.519694237117619195e-08
6.801381857712840429e-08
4.208613688660989283e-07
4.689871060947758963e-11
1.525874722574371845e-06
0.000000000000000000e+00
1.259858084523557409e-08
3.870985892717726529e-06
8.431894826799180009e-08
0.000000000000000000e+00
1.002977043640385091e-07
5.477669446918298490e-07
3.541494209002848947e-08
3.047147401957772672e-06
2.731530344135535415e-07
6.793519080616761130e-09
7.886759476605220698e-07
3.053005315223344951e-08
0.000000000000000000e+00
1.845167041381046147e-08
0.000000000000000000e+00
0.000000000000000000e+00
3.544475291050730448e-08
1.616392431144295094e-13
1.017440087736076748e-08
0.000000000000000000e+00
6.150848719244095264e-08
1.122089727800812398e-07
0.000000000000000000e+00
3.432162776206837407e-09
0.000000000000000000e+00
2.493797879310477583e-08
0.000000000000000000e+00
1.141263012982562941e-07
4.426839450566433243e-11
0.000000000000000000e+00
0.000000000000000000e+00
2.942455612497951734e-09
0.000000000000000000e+00
0.000000000000000000e+00
8.412395224866031640e-09
0.000000000000000000e+00
5.749111551267560571e-07
1.070867572394718081e-08
0.000000000000000000e+00
0.000000000000000000e+00
0.000000000000000000e+00
0.000000000000000000e+00
1.130796967174774181e-08
7.121599421289204201e-10
0.000000000000000000e+00
0.000000000000000000e+00
0.000000000000000000e+00
4.024949262770860514e-10
0.000000000000000000e+00
6.012911835107104253e-10
1.198788734946276691e-09
0.000000000000000000e+00
0.000000000000000000e+00
1.233402491251922584e-09
3.931112857458174403e-08
0.000000000000000000e+00
0.000000000000000000e+00
6.352046000301925233e-09
1.953881501037812995e-09
0.000000000000000000e+00
2.653603682276073350e-12
2.051289138549350355e-09
0.000000000000000000e+00
0.000000000000000000e+00
0.000000000000000000e+00
0.000000000000000000e+00
0.000000000000000000e+00
1.042499597758705931e-08
0.000000000000000000e+00
2.466034487724755309e-09
1.245124281012977008e-06
0.000000000000000000e+00
1.009509844607237028e-07
2.333065118875765620e-08
0.000000000000000000e+00
6.744653013174284339e-12
0.000000000000000000e+00
4.390063068626659515e-08
2.279512800740235434e-09
1.507473479378518277e-09
0.000000000000000000e+00
1.891358891725758440e-07
7.966529658176568773e-09
0.000000000000000000e+00
4.588256857784855924e-11
0.000000000000000000e+00
3.083720230279141106e-06
2.848630220597669904e-09
1.136388831923795806e-07
7.873182994444505312e-07
5.583511324402934406e-07
6.517185511256684549e-07
0.000000000000000000e+00
4.016799721284769475e-06
2.483262960595311597e-06
2.514724206648111249e-09
1.930897951751830988e-06
8.822981101275217952e-08
3.815342495272489032e-07
4.296956568339282967e-09
1.478268956134343171e-07
2.194437200842003222e-07
1.661382498241437133e-07
0.000000000000000000e+00
0.000000000000000000e+00
8.460797857878787909e-07
8.450622424049925030e-09
3.687821958919812459e-07
0.000000000000000000e+00
5.946398005107766949e-07
2.201451243522001278e-09
1.108387095882790163e-06
7.589770802951534279e-07
0.000000000000000000e+00
0.000000000000000000e+00
0.000000000000000000e+00
0.000000000000000000e+00
0.000000000000000000e+00
0.000000000000000000e+00
0.000000000000000000e+00
0.000000000000000000e+00
0.000000000000000000e+00
0.000000000000000000e+00
0.000000000000000000e+00
0.000000000000000000e+00
0.000000000000000000e+00
1.432242102694658570e-09
0.000000000000000000e+00
0.000000000000000000e+00
3.517785529538741685e-08
0.000000000000000000e+00
0.000000000000000000e+00
0.000000000000000000e+00
8.908211057701009850e-09
0.000000000000000000e+00
0.000000000000000000e+00
5.925939738915531052e-09
1.044100916836043780e-09
0.000000000000000000e+00
0.000000000000000000e+00
2.709880853046797711e-08
3.298081765024107881e-06
1.425023710144301958e-10
1.925699962157523260e-06
1.337309498694594367e-07
2.572665778188820696e-07
6.854937737443833612e-07
2.892047348268533824e-07
2.440091009248135379e-07
1.383525614073732868e-07
3.055980135613367565e-09
1.715093134180278867e-08
3.469666296496143332e-07
5.661893620612090672e-09
6.933838836431505115e-09
1.890051004593829020e-09
0.000000000000000000e+00
1.730199642224761192e-06
8.951803351919807028e-07
0.000000000000000000e+00
3.958580521157273324e-07
1.445066686756035779e-06
0.000000000000000000e+00
5.224723054197966121e-08
0.000000000000000000e+00
2.798837783757335274e-07
1.442972887844007346e-07
2.168778223676781636e-07
1.485310292537178611e-07
2.448949771860498004e-07
5.955568212812067941e-06
0.000000000000000000e+00
5.322822005382477073e-08
4.706996126202511732e-09
4.685075438715102791e-09
1.385351140470447717e-07
0.000000000000000000e+00
2.983416607094113715e-07
6.986554268451072858e-08
6.961212162259755587e-11
8.677525897837767843e-07
1.430761784604328568e-07
0.000000000000000000e+00
9.807389567129121133e-09
3.559574111022811849e-07
1.225215218170205844e-08
2.585917417696759202e-11
9.059454697535329615e-08
0.000000000000000000e+00
5.024276106269098818e-09
0.000000000000000000e+00
0.000000000000000000e+00
0.000000000000000000e+00
0.000000000000000000e+00
1.114923833256398211e-07
0.000000000000000000e+00
2.823935307816327622e-09
0.000000000000000000e+00
7.668588182241364848e-07
1.415740712218394037e-06
2.079419081368882871e-09
1.962706903668731684e-07
0.000000000000000000e+00
4.105237483287282885e-09
0.000000000000000000e+00
1.055827056006819475e-06
1.213148721035395283e-06
3.386100217994680861e-07
3.382148727748557349e-10
2.214877895312383771e-06
0.000000000000000000e+00
9.889311058941530064e-08
8.538629003851383459e-07
2.437305113289767178e-07
0.000000000000000000e+00
0.000000000000000000e+00
0.000000000000000000e+00
1.679530612364033004e-07
1.186583517664985266e-06
1.293321247430867516e-06
1.408741123753998181e-09
0.000000000000000000e+00
9.250971544361163978e-09
0.000000000000000000e+00
0.000000000000000000e+00
0.000000000000000000e+00
2.138374810556342709e-09
1.456026410551203298e-08
8.896914209799433593e-07
2.669014804723701673e-07
0.000000000000000000e+00
0.000000000000000000e+00
0.000000000000000000e+00
0.000000000000000000e+00
0.000000000000000000e+00
7.641667707503074780e-07
1.834848291082380456e-07
7.677630975422289339e-09
1.105502889231502195e-08
0.000000000000000000e+00
1.030513521982356906e-05
3.957731919967955037e-08
1.977916858075801088e-10
8.128605344381867326e-08
0.000000000000000000e+00
2.764013231626449851e-07
4.467700364330084994e-06
6.312949381026555784e-07
1.307339374534421950e-07
6.492909960797987878e-07
4.456565783073074272e-09
1.412291350533223522e-08
1.177714068489876809e-07
1.415564554463344393e-07
1.587873725839017425e-07
1.179933234451979729e-10
3.536212034305208363e-07
2.455421281410963275e-06
1.716236539550664020e-07
5.835832439515797887e-07
3.212699994037393481e-06
0.000000000000000000e+00
9.126308668783167377e-07
1.026696452299802331e-07
0.000000000000000000e+00
1.872478918585329666e-07
3.285602758751338115e-07
0.000000000000000000e+00
1.710185437708844347e-09
2.563848227055132156e-07
7.447287231343580061e-10
3.932571246423322009e-08
2.762501765118940966e-07
4.436338372215686832e-07
0.000000000000000000e+00
6.239265985641395673e-06
0.000000000000000000e+00
2.173837174268555827e-06
0.000000000000000000e+00
0.000000000000000000e+00
0.000000000000000000e+00
1.824087689783482347e-07
0.000000000000000000e+00
0.000000000000000000e+00
5.133401259627135005e-07
5.799677960105498187e-10
3.222604618713376112e-06
0.000000000000000000e+00
9.635824227416378562e-08
1.744893552313442342e-06
0.000000000000000000e+00
0.000000000000000000e+00
5.718081119709950144e-09
0.000000000000000000e+00
2.045016656015974377e-10
2.933438603136551137e-09
1.249008960257924628e-06
9.327306926820710942e-09
2.441890956106362864e-07
3.631987226526689483e-07
8.974677889739268721e-09
1.905764657195163636e-09
8.361793675248918589e-07
1.151330195625632768e-07
1.923820462934600073e-07
1.923032868944574147e-06
6.686168489977717400e-07
1.256669520444120280e-06
1.814190824234174215e-07
6.131046603741197032e-08
1.204362433782080188e-06
5.146383159626566339e-07
8.379793143831193447e-07
3.183330363754066639e-06
3.814784292899275897e-07
1.911182323510729475e-09
7.133276653803477529e-07
1.379150035063503310e-06
1.222367018272052519e-06
2.982006890306365676e-07
1.640900791244348511e-06
0.000000000000000000e+00
9.880013749352656305e-07
0.000000000000000000e+00
0.000000000000000000e+00
1.038335306624560417e-09
0.000000000000000000e+00
1.280530348424235854e-09
7.975190285947064694e-09
1.615133555787906516e-07
1.993270082323306269e-08
4.023255257834534859e-07
6.344244241063279333e-09
2.905957963150740397e-08
2.201013330704881810e-06
8.437924634563387372e-07
0.000000000000000000e+00
0.000000000000000000e+00
2.828522305264868919e-08
0.000000000000000000e+00
0.000000000000000000e+00
0.000000000000000000e+00
0.000000000000000000e+00
0.000000000000000000e+00
2.845572000254037448e-09
0.000000000000000000e+00
1.545482291476218961e-06
1.631392592571501154e-06
4.745009221096552210e-07
0.000000000000000000e+00
0.000000000000000000e+00
0.000000000000000000e+00
6.065726046444730457e-12
2.261058362762469187e-08
9.914255194587440201e-09
0.000000000000000000e+00
0.000000000000000000e+00
0.000000000000000000e+00
0.000000000000000000e+00
6.858563494915870251e-08
1.171032021352047536e-12
0.000000000000000000e+00
1.290615188054289320e-07
0.000000000000000000e+00
0.000000000000000000e+00
1.659518411578631003e-09
1.237152691402343407e-08
3.492613309674652555e-09
9.549316928314510733e-07
2.430274292919420986e-08
1.548568320686172228e-06
3.915783963748253882e-07
1.296354668056665105e-08
5.458099792444992548e-13
3.234811724039943215e-12
1.507704610048676841e-06
1.363689648314903025e-06
9.859927985189642641e-09
3.099897227798464883e-08
9.093957942241104320e-07
0.000000000000000000e+00
0.000000000000000000e+00
4.469166299259086372e-07
4.420677990335519780e-10
0.000000000000000000e+00
2.755145374067069497e-07
0.000000000000000000e+00
3.397560135454114061e-07
2.072496840810345020e-09
0.000000000000000000e+00
0.000000000000000000e+00
0.000000000000000000e+00
6.373823344119067258e-12
1.731969057061633066e-08
2.552658173726740642e-08
5.874380981651938782e-09
0.000000000000000000e+00
0.000000000000000000e+00
5.608153941238924745e-09
2.754972605600869429e-08
0.000000000000000000e+00
0.000000000000000000e+00
6.482460346290963571e-09
0.000000000000000000e+00
0.000000000000000000e+00
6.936657026557213612e-09
5.023110816182452254e-08
9.948397661219132715e-10
2.469816706707206322e-07
0.000000000000000000e+00
6.898731896853860235e-08
1.195536913911610100e-08
5.846871999892755412e-07
8.952038683673890773e-07
1.311280944937820436e-10
2.833408530023007188e-07
3.055388164696637432e-09
4.253090537531534210e-07
4.483469240312842885e-07
1.062916066274510740e-08
1.425726054549159016e-06
3.074852372719760751e-07
6.644681693757092944e-09
8.023302022763800778e-09
5.741084692090225872e-07
0.000000000000000000e+00
5.454610914057411719e-07
1.544058569891149091e-08
0.000000000000000000e+00
4.479757080844137818e-07
0.000000000000000000e+00
1.486049256982369116e-07
1.805320039238722529e-06
2.139382182519966591e-08
3.023656347522774013e-08
0.000000000000000000e+00
3.219758184513921151e-07
6.925641393706882809e-09
9.175518123072379240e-09
0.000000000000000000e+00
7.430832056343206204e-07
2.388788278295805867e-09
3.834684125791909537e-09
0.000000000000000000e+00
2.345441771467449144e-06
1.258749534827074967e-06
6.669802843362049316e-08
0.000000000000000000e+00
3.226010036883053544e-08
0.000000000000000000e+00
0.000000000000000000e+00
7.948220415165963004e-10
0.000000000000000000e+00
1.322296441230719211e-07
2.408689359079119185e-10
0.000000000000000000e+00
7.825486925128188886e-09
3.774852643800841179e-07
1.837238555735254408e-10
1.079093181033385918e-06
3.003023039127583615e-07
4.467701728572137654e-07
4.670929740768769989e-07
3.159276218411832815e-07
9.828860925154003780e-08
0.000000000000000000e+00
4.892923470833920874e-07
2.628300066476185748e-08
1.133310889578353908e-09
1.248896874805893731e-09
2.721473046918276850e-09
0.000000000000000000e+00
3.418121536924445536e-07
0.000000000000000000e+00
1.653364307685478707e-07
0.000000000000000000e+00
7.397775281248186729e-09
0.000000000000000000e+00
0.000000000000000000e+00
3.965021200258433964e-09
0.000000000000000000e+00
0.000000000000000000e+00
4.288105230898509035e-07
0.000000000000000000e+00
0.000000000000000000e+00
1.016461048664041300e-08
0.000000000000000000e+00
0.000000000000000000e+00
0.000000000000000000e+00
0.000000000000000000e+00
0.000000000000000000e+00
4.213308812950344873e-09
2.621034411731670843e-08
0.000000000000000000e+00
0.000000000000000000e+00
0.000000000000000000e+00
0.000000000000000000e+00
7.463756723780079483e-09
3.206766621133283479e-07
6.196263058200202067e-09
0.000000000000000000e+00
0.000000000000000000e+00
0.000000000000000000e+00
0.000000000000000000e+00
0.000000000000000000e+00
8.962665332123975759e-11
1.097084623324917629e-05
2.482803740377903523e-09
3.043833629590153578e-08
1.509309726088758907e-07
1.029630766424816102e-06
2.229649140872425050e-07
9.017599040817003697e-07
2.893802957260049880e-07
0.000000000000000000e+00
3.362935103723430075e-07
8.310624366458796430e-07
2.043196900558541529e-06
7.327966500270122197e-07
2.053759295961299358e-08
8.047406652167410357e-08
7.035148996692441870e-07
2.679779242953372886e-07
1.257584472114103846e-06
8.882588531378132757e-07
1.917543386298348196e-06
8.227072356703502010e-10
5.387670967138546985e-07
0.000000000000000000e+00
1.202578346237714868e-06
3.974884748458862305e-06
3.185328523613861762e-06
1.786476218512689229e-06
6.028753318787494209e-08
1.572011711914456100e-07
3.189348873888775415e-08
0.000000000000000000e+00
0.000000000000000000e+00
0.000000000000000000e+00
0.000000000000000000e+00
0.000000000000000000e+00
0.000000000000000000e+00
4.970624800648693054e-08
0.000000000000000000e+00
0.000000000000000000e+00
1.675179532867332455e-06
3.470397968996508098e-09
2.655480946245347695e-09
0.000000000000000000e+00
0.000000000000000000e+00
0.000000000000000000e+00
0.000000000000000000e+00
0.000000000000000000e+00
8.199074308379294962e-09
0.000000000000000000e+00
2.201779025767791609e-08
9.388667763232660946e-07
5.665007734023674857e-07
5.703939791601442266e-07
3.005220037266553845e-07
0.000000000000000000e+00
0.000000000000000000e+00
0.000000000000000000e+00
0.000000000000000000e+00
0.000000000000000000e+00
4.258240551280323416e-07
0.000000000000000000e+00
0.000000000000000000e+00
0.000000000000000000e+00
0.000000000000000000e+00
0.000000000000000000e+00
0.000000000000000000e+00
2.679446886588721100e-09
0.000000000000000000e+00
0.000000000000000000e+00
3.476067877983268772e-09
7.402760182628753682e-09
8.565032239005176962e-09
9.926236543833510950e-07
1.572294472396151832e-08
0.000000000000000000e+00
0.000000000000000000e+00
0.000000000000000000e+00
1.036334129622673572e-09
0.000000000000000000e+00
0.000000000000000000e+00
0.000000000000000000e+00
0.000000000000000000e+00
0.000000000000000000e+00
0.000000000000000000e+00
0.000000000000000000e+00
7.219841613448352291e-09
6.479088199284888105e-08
9.457071570295738638e-09
8.414271945866858005e-09
3.006827287155289241e-10
5.056017471360974014e-07
2.417193023518393602e-08
1.434062468774754961e-08
1.532161604700377211e-06
4.425891120263258927e-08
5.367472866169009649e-08
1.108173691699576580e-10
3.467179668370512502e-11
6.998436274940900148e-10
2.157901946020501782e-07
8.148623464876436628e-08
0.000000000000000000e+00
2.652278965342702577e-07
5.832574423436653888e-10
8.381565580473093746e-11
1.618467848629734362e-07
1.212418387908087425e-09
7.176539185138608445e-08
2.118368627179734176e-07
0.000000000000000000e+00
0.000000000000000000e+00
1.222663303934723444e-09
3.217414246137195732e-07
1.058922066476952750e-06
0.000000000000000000e+00
6.326824064650793389e-10
0.000000000000000000e+00
1.966443452516841717e-09
5.616067255687084980e-07
1.626035839308315190e-08
0.000000000000000000e+00
0.000000000000000000e+00
0.000000000000000000e+00
0.000000000000000000e+00
0.000000000000000000e+00
1.843667973844276275e-07
1.415074871516375232e-12
2.746914105955511332e-06
1.462466414636764966e-08
0.000000000000000000e+00
0.000000000000000000e+00
9.990410276827788039e-09
3.755392441462390707e-09
3.964026884517579674e-09
8.614501889603332074e-10
0.000000000000000000e+00
1.907176994109249790e-08
0.000000000000000000e+00
1.065711856540474400e-07
0.000000000000000000e+00
7.241232946597619957e-09
0.000000000000000000e+00
4.393959418536041994e-09
1.085892037096594653e-13
0.000000000000000000e+00
2.318326641770340757e-09
2.177147129245327051e-09
7.582223182645009274e-10
1.011778572035382240e-08
0.000000000000000000e+00
3.559631522875861265e-08
7.276174329717832734e-09
3.050149022243431318e-11
0.000000000000000000e+00
0.000000000000000000e+00
0.000000000000000000e+00
9.451874234400747810e-07
0.000000000000000000e+00
7.391135454781760927e-07
1.312270228481793310e-06
2.593040449028194416e-07
2.778603175102034584e-06
1.154844539996702224e-06
6.163635134726064280e-06
4.509807922659092583e-07
1.474352995245453712e-08
1.831881424330106256e-09
3.967463246823399459e-09
1.578175101712986361e-07
0.000000000000000000e+00
7.472590546342416928e-09
7.946361790800438030e-09
8.123029332507414324e-11
7.603657259380725009e-09
1.176061573460174259e-06
4.430364697327604517e-07
1.952499576948762972e-12
2.574788595666177571e-07
5.189896455704001710e-06
1.216957571159582585e-06
2.601371534183272161e-06
2.612144278657524410e-09
1.524634171801153570e-06
6.515298167641958571e-08
0.000000000000000000e+00
2.502869449472200358e-07
0.000000000000000000e+00
0.000000000000000000e+00
0.000000000000000000e+00
0.000000000000000000e+00
0.000000000000000000e+00
0.000000000000000000e+00
3.049082986095186243e-09
0.000000000000000000e+00
0.000000000000000000e+00
0.000000000000000000e+00
8.640925130976029322e-08
6.337634204101050273e-07
0.000000000000000000e+00
6.022810694616964611e-09
2.919925066180439899e-07
0.000000000000000000e+00
2.705201396224765631e-09
6.336344338109256569e-09
0.000000000000000000e+00
6.103928029688177048e-09
1.984047148795298199e-09
0.000000000000000000e+00
0.000000000000000000e+00
0.000000000000000000e+00
0.000000000000000000e+00
0.000000000000000000e+00
0.000000000000000000e+00
0.000000000000000000e+00
1.385443137991160256e-08
0.000000000000000000e+00
0.000000000000000000e+00
0.000000000000000000e+00
8.519697836106843170e-09
7.079515285113302525e-07
0.000000000000000000e+00
1.009844777244417457e-10
1.864899523695839889e-08
0.000000000000000000e+00
0.000000000000000000e+00
0.000000000000000000e+00
0.000000000000000000e+00
0.000000000000000000e+00
0.000000000000000000e+00
0.000000000000000000e+00
0.000000000000000000e+00
0.000000000000000000e+00
7.187040296230406966e-08
4.529565167388227565e-09
3.770693979276984464e-08
0.000000000000000000e+00
0.000000000000000000e+00
1.601267562989505677e-08
9.907670239783783472e-09
3.462391706676726244e-09
3.067674185786017915e-07
0.000000000000000000e+00
8.592256790507235564e-07
7.167149096432012811e-10
1.329248933146232048e-09
1.434096361663250718e-07
1.712811403820069245e-08
2.602534854290183830e-09
1.586535518072196282e-06
3.012604832264287325e-09
1.816088257555747987e-08
4.739283632204660535e-09
1.340431140306463931e-06
2.693955947208337420e-09
7.617629194101027679e-07
2.081707179968361743e-07
2.738341109420616704e-08
2.030590025015044375e-07
3.080823596235404693e-09
0.000000000000000000e+00
7.513514788115571719e-07
2.035989297155538225e-07
0.000000000000000000e+00
9.675649152995902114e-07
9.356597843179770280e-07
0.000000000000000000e+00
6.255184530346014071e-07
0.000000000000000000e+00
0.000000000000000000e+00
0.000000000000000000e+00
4.692139157214114675e-07
0.000000000000000000e+00
2.715732305702545091e-09
1.717268247602987685e-07
0.000000000000000000e+00
4.169375245055562118e-08
0.000000000000000000e+00
0.000000000000000000e+00
5.930786528551834635e-09
0.000000000000000000e+00
0.000000000000000000e+00
4.674888920419562055e-09
2.550013311619636625e-09
8.092804648640594678e-08
2.868713089299035346e-08
0.000000000000000000e+00
1.732118093400458747e-08
0.000000000000000000e+00
5.679861470042624205e-09
1.104861713230320674e-08
0.000000000000000000e+00
1.476907272035532515e-07
0.000000000000000000e+00
7.118040878939524418e-11
6.309144282568013296e-07
6.239558842935366556e-07
3.434244035815936513e-07
9.848019999481039122e-07
0.000000000000000000e+00
4.131213700020452961e-06
6.872239737276686355e-07
1.364113155766233376e-09
1.129122438214835711e-06
1.249115086920937756e-07
4.632653635705530348e-11
0.000000000000000000e+00
1.838235164086654549e-08
1.817364814193922484e-09
0.000000000000000000e+00
3.681964955148941954e-08
6.440430979637312703e-07
1.275173577841570705e-10
2.254053121930610359e-08
4.192961977622644554e-09
8.852656940838699029e-10
2.191736143686284777e-07
4.511511804139445303e-07
2.116034458765625459e-08
1.751711465658445377e-06
2.965131443488644436e-06
2.941803245448681992e-08
0.000000000000000000e+00
0.000000000000000000e+00
7.498567811126122251e-08
0.000000000000000000e+00
1.362928514936356805e-06
0.000000000000000000e+00
0.000000000000000000e+00
8.602016237091447692e-07
6.400748020496394020e-07
0.000000000000000000e+00
1.079206235488072707e-08
1.218555301107926425e-08
2.064676323243475053e-07
6.349651471282413695e-09
6.822449716281653309e-09
0.000000000000000000e+00
3.864454090063418334e-09
7.336975471616824507e-09
5.166538308287726977e-10
1.020321604983109864e-09
1.095868853440151724e-07
1.427801066711253952e-06
1.866105890258040745e-06
1.706254920463834424e-06
3.159586481338294561e-10
1.160316398518546066e-09
7.537688873071601847e-08
1.700912690694167395e-07
0.000000000000000000e+00
4.399155955070455093e-07
6.525553999381372705e-06
7.648218058875499992e-08
2.201852282723848475e-07
1.850404373726632912e-06
1.237525452779664192e-06
1.194327410303230863e-06
6.816511799456748122e-10
2.929854474587045843e-07
8.082264635334013292e-09
0.000000000000000000e+00
0.000000000000000000e+00
3.490270046313526109e-07
1.465095600394761277e-09
0.000000000000000000e+00
5.603463248959883458e-10
0.000000000000000000e+00
0.000000000000000000e+00
1.172583991709830187e-11
0.000000000000000000e+00
0.000000000000000000e+00
0.000000000000000000e+00
0.000000000000000000e+00
8.074601431928840611e-09
0.000000000000000000e+00
0.000000000000000000e+00
2.381448439336963929e-06
0.000000000000000000e+00
5.197617003460663909e-09
0.000000000000000000e+00
0.000000000000000000e+00
3.613772392441205739e-09
5.502118205491512981e-10
2.194165960034411000e-09
0.000000000000000000e+00
7.969495641191315372e-08
0.000000000000000000e+00
0.000000000000000000e+00
0.000000000000000000e+00
5.840899430786805624e-10
0.000000000000000000e+00
0.000000000000000000e+00
2.612153480185952503e-07
3.143487219858798198e-06
0.000000000000000000e+00
5.683439274761781235e-10
5.908859179726277944e-09
0.000000000000000000e+00
0.000000000000000000e+00
0.000000000000000000e+00
3.966123873766491670e-09
0.000000000000000000e+00
0.000000000000000000e+00
0.000000000000000000e+00
0.000000000000000000e+00
0.000000000000000000e+00
0.000000000000000000e+00
0.000000000000000000e+00
0.000000000000000000e+00
3.767228804463229608e-07
3.817360649804868444e-08
0.000000000000000000e+00
0.000000000000000000e+00
1.024630705614981707e-06
2.644594871981098549e-07
1.548759883007733151e-06
4.217595994671086146e-10
0.000000000000000000e+00
5.754153065140599210e-08
6.173939137710249270e-09
1.108371975533373188e-06
3.433632684846088523e-07
1.269004790138694716e-09
0.000000000000000000e+00
9.604616479919059202e-07
1.571045515902369516e-08
5.765348198849551409e-10
0.000000000000000000e+00
1.208582389722323569e-08
4.304013812017615237e-10
1.005375604989922067e-08
2.488795189492520876e-06
8.308268739654067758e-09
0.000000000000000000e+00
2.081404346654380788e-07
3.009676561305241194e-07
0.000000000000000000e+00
6.501753659904352389e-07
0.000000000000000000e+00
1.299424354783695890e-07
0.000000000000000000e+00
5.024239158046839293e-07
3.506776522499421844e-07
0.000000000000000000e+00
2.963697909308393719e-07
1.153517928287328687e-06
2.209535949759811047e-07
0.000000000000000000e+00
6.761254667253524531e-08
2.797069384996575536e-07
1.382705647756665712e-07
0.000000000000000000e+00
0.000000000000000000e+00
4.768707384528170223e-08
0.000000000000000000e+00
0.000000000000000000e+00
0.000000000000000000e+00
0.000000000000000000e+00
0.000000000000000000e+00
6.743712810397539670e-10
0.000000000000000000e+00
0.000000000000000000e+00
0.000000000000000000e+00
0.000000000000000000e+00
1.331109977797950705e-08
0.000000000000000000e+00
0.000000000000000000e+00
0.000000000000000000e+00
0.000000000000000000e+00
0.000000000000000000e+00
0.000000000000000000e+00
0.000000000000000000e+00
0.000000000000000000e+00
1.164608192993910052e-06
0.000000000000000000e+00
0.000000000000000000e+00
0.000000000000000000e+00
0.000000000000000000e+00
0.000000000000000000e+00
0.000000000000000000e+00
0.000000000000000000e+00
0.000000000000000000e+00
0.000000000000000000e+00
0.000000000000000000e+00
0.000000000000000000e+00
0.000000000000000000e+00
0.000000000000000000e+00
0.000000000000000000e+00
0.000000000000000000e+00
0.000000000000000000e+00
0.000000000000000000e+00
0.000000000000000000e+00
1.281310323975048959e-05
0.000000000000000000e+00
0.000000000000000000e+00
0.000000000000000000e+00
0.000000000000000000e+00
0.000000000000000000e+00
7.770937227036256445e-10
3.268691761704189958e-09
2.736820103876880239e-09
0.000000000000000000e+00
0.000000000000000000e+00
0.000000000000000000e+00
0.000000000000000000e+00
0.000000000000000000e+00
0.000000000000000000e+00
8.536676227022255148e-11
0.000000000000000000e+00
2.415427147184345813e-08
1.222910128717558109e-07
7.615093977619835641e-08
0.000000000000000000e+00
5.157978222314341110e-08
0.000000000000000000e+00
2.692196243714306547e-09
9.775143361423488386e-09
2.236800078492251487e-09
6.327920964999123044e-10
0.000000000000000000e+00
9.185628258023825765e-09
5.376417888669493550e-08
0.000000000000000000e+00
9.967251024534107273e-09
0.000000000000000000e+00
0.000000000000000000e+00
7.043732921374612488e-07
2.750881744617572622e-09
1.968772949112462811e-07
0.000000000000000000e+00
1.700439078433646500e-08
7.535427393179361388e-09
4.667284780879299433e-09
3.458933633737615310e-06
8.950757290904221009e-08
7.501761274397722445e-07
1.826951915973040741e-06
2.607959848077712195e-09
8.309361305691709276e-07
4.155190413968057328e-09
0.000000000000000000e+00
0.000000000000000000e+00
4.929272545695084773e-09
2.360078354968209169e-07
2.424622280727817270e-09
1.637949594623933081e-06
0.000000000000000000e+00
7.712930596426303964e-07
1.967474655417689178e-10
9.223159054272400681e-07
4.791253971347941842e-08
1.910555447182105127e-08
2.175517543889782246e-08
1.976291352789871780e-10
4.581874577525013592e-07
1.978683741299391841e-07
1.572139581185183488e-06
3.943903814640492556e-10
4.437130129986144311e-08
0.000000000000000000e+00
7.271502844297117463e-10
0.000000000000000000e+00
0.000000000000000000e+00
0.000000000000000000e+00
4.261632380320179436e-09
1.812239425191819464e-08
0.000000000000000000e+00
0.000000000000000000e+00
0.000000000000000000e+00
4.653826479739109345e-08
1.490951490268344060e-06
0.000000000000000000e+00
1.293383661504776683e-06
8.984444299642291298e-10
8.206113477626786334e-08
7.785999400766741019e-08
0.000000000000000000e+00
0.000000000000000000e+00
2.022789260536228539e-07
1.815576524677453563e-07
0.000000000000000000e+00
5.667776470374974451e-09
1.739182842186437483e-08
2.123576869905718922e-09
1.447961750500326161e-07
9.930333533247903688e-08
0.000000000000000000e+00
1.990388909689499997e-06
1.897100254666383989e-08
8.769700343691511080e-07
9.588743523636367172e-07
3.462173125967638043e-08
5.272547909385139064e-08
3.147963525407249108e-07
1.867796584065217758e-08
2.342407157129855477e-07
1.781151048874107801e-08
0.000000000000000000e+00
3.674163053801748902e-07
1.428393375135783572e-06
7.219082664988718534e-09
0.000000000000000000e+00
9.250253185655310517e-08
2.745987899288593326e-07
8.014959007596189622e-07
1.226962581313273404e-06
4.217654003824122810e-11
1.893039502931515017e-09
0.000000000000000000e+00
0.000000000000000000e+00
0.000000000000000000e+00
0.000000000000000000e+00
0.000000000000000000e+00
0.000000000000000000e+00
0.000000000000000000e+00
5.113542655976743845e-08
0.000000000000000000e+00
6.697816967715652936e-09
5.275675221128039993e-07
0.000000000000000000e+00
0.000000000000000000e+00
0.000000000000000000e+00
0.000000000000000000e+00
0.000000000000000000e+00
0.000000000000000000e+00
2.412458677270024054e-09
5.973607386522417073e-09
1.773032276553010433e-09
0.000000000000000000e+00
0.000000000000000000e+00
0.000000000000000000e+00
0.000000000000000000e+00
3.562295181058772187e-10
8.593135092382908624e-09
0.000000000000000000e+00
0.000000000000000000e+00
0.000000000000000000e+00
0.000000000000000000e+00
0.000000000000000000e+00
0.000000000000000000e+00
3.306500317989957693e-08
0.000000000000000000e+00
6.391075668688017686e-09
0.000000000000000000e+00
0.000000000000000000e+00
0.000000000000000000e+00
0.000000000000000000e+00
0.000000000000000000e+00
0.000000000000000000e+00
8.853969291067187442e-08
4.069611065915523795e-07
1.445666697463821038e-08
4.510130324764105580e-10
0.000000000000000000e+00
9.518656440832273802e-08
1.400898619330348538e-09
0.000000000000000000e+00
4.391784784729679814e-07
4.418604021338978782e-06
7.063470641721636412e-11
1.594527954118518664e-09
1.318192516919225454e-06
8.193572043069252686e-09
1.057642111845780164e-05
1.683691586151780939e-08
6.866003445793467108e-07
1.742595401310609304e-09
0.000000000000000000e+00
0.000000000000000000e+00
2.888506989151551352e-09
0.000000000000000000e+00
4.187795354937406955e-08
0.000000000000000000e+00
0.000000000000000000e+00
3.665969611210684320e-11
8.795368700020844699e-08
0.000000000000000000e+00
0.000000000000000000e+00
2.812950761210686323e-09
0.000000000000000000e+00
5.985513862327707102e-09
0.000000000000000000e+00
0.000000000000000000e+00
0.000000000000000000e+00
0.000000000000000000e+00
0.000000000000000000e+00
0.000000000000000000e+00
0.000000000000000000e+00
0.000000000000000000e+00
0.000000000000000000e+00
0.000000000000000000e+00
0.000000000000000000e+00
0.000000000000000000e+00
2.795305675817871816e-08
4.217365301428799285e-07
0.000000000000000000e+00
1.154422002436206185e-09
9.564455005772742879e-09
5.302811079133107341e-09
0.000000000000000000e+00
0.000000000000000000e+00
0.000000000000000000e+00
0.000000000000000000e+00
0.000000000000000000e+00
0.000000000000000000e+00
0.000000000000000000e+00
0.000000000000000000e+00
0.000000000000000000e+00
0.000000000000000000e+00
0.000000000000000000e+00
0.000000000000000000e+00
0.000000000000000000e+00
5.180840756402460556e-10
0.000000000000000000e+00
1.791549408824977263e-10
0.000000000000000000e+00
0.000000000000000000e+00
3.385388414045564787e-09
0.000000000000000000e+00
0.000000000000000000e+00
0.000000000000000000e+00
0.000000000000000000e+00
5.252224766216784246e-10
0.000000000000000000e+00
2.599073178899402592e-10
4.161093158927542390e-08
0.000000000000000000e+00
1.455991771592834993e-08
8.104930060426340788e-10
3.121153469010096160e-08
6.593531054477352882e-09
0.000000000000000000e+00
3.169289275462006117e-09
1.054541627354410593e-07
0.000000000000000000e+00
0.000000000000000000e+00
8.066781909121800709e-09
1.558150643177214079e-06
9.538352330196175899e-09
4.188014202100021066e-08
4.022768109734897735e-07
3.015251381910388773e-09
2.069291440420784056e-07
4.075911306244961452e-07
8.048562705198492040e-09
0.000000000000000000e+00
0.000000000000000000e+00
1.202017188006720971e-06
0.000000000000000000e+00
1.830387191148474813e-06
0.000000000000000000e+00
0.000000000000000000e+00
8.343042736669303849e-07
0.000000000000000000e+00
0.000000000000000000e+00
8.916680171999757931e-10
0.000000000000000000e+00
0.000000000000000000e+00
0.000000000000000000e+00
0.000000000000000000e+00
0.000000000000000000e+00
8.306108156830305234e-08
7.405096535961774862e-09
6.800793261874105156e-09
0.000000000000000000e+00
0.000000000000000000e+00
0.000000000000000000e+00
4.271593301297116341e-09
0.000000000000000000e+00
0.000000000000000000e+00
0.000000000000000000e+00
0.000000000000000000e+00
0.000000000000000000e+00
0.000000000000000000e+00
1.348313127813582923e-09
3.357723210584140361e-09
0.000000000000000000e+00
1.047813480425929811e-08
0.000000000000000000e+00
0.000000000000000000e+00
1.203389032866652997e-08
6.530576257546272245e-08
8.242272642178249953e-09
3.342339383038961387e-08
2.378045849127374822e-07
2.273700602017925121e-06
5.002945613341580611e-09
0.000000000000000000e+00
0.000000000000000000e+00
2.966903167589407531e-09
1.673295990656242793e-08
5.293058213950985191e-10
0.000000000000000000e+00
6.814905191276920959e-07
1.235710442415438592e-06
1.752529101395339239e-06
1.080202038927779995e-10
2.368188461332465522e-06
5.883243829885032028e-07
0.000000000000000000e+00
7.784654865172768723e-11
0.000000000000000000e+00
0.000000000000000000e+00
0.000000000000000000e+00
0.000000000000000000e+00
6.125059126560472578e-09
2.704191004454514768e-08
3.385480340512003750e-08
1.030835861115519947e-08
2.117373359977747782e-10
1.300851977248385083e-06
0.000000000000000000e+00
0.000000000000000000e+00
1.554672905967890983e-07
1.567086371778714238e-07
0.000000000000000000e+00
4.045587420620222474e-09
3.106420081167016178e-07
1.063978974369383934e-10
0.000000000000000000e+00
2.209736699176900743e-10
7.677074975731557060e-09
0.000000000000000000e+00
1.210331788570329081e-06
7.061547790954136872e-09
1.003153810019696834e-10
2.398665684480438820e-12
1.472840551741683157e-07
3.811215876226015098e-08
6.455374013114578702e-09
5.011477899330429864e-09
3.803156403137109010e-07
3.259082115292244453e-09
0.000000000000000000e+00
8.875914225825454196e-09
7.395111634167506054e-09
6.962861220927152317e-07
5.096939617033058312e-07
2.335435880240765982e-07
3.716814717336092144e-06
1.039411579029092536e-08
8.303512004204094410e-06
4.533005153461999726e-07
0.000000000000000000e+00
6.015748112986329943e-07
0.000000000000000000e+00
0.000000000000000000e+00
0.000000000000000000e+00
8.733669005778210703e-07
6.820230602500032546e-09
1.105151341107557528e-06
0.000000000000000000e+00
4.662322226067772135e-06
2.192322101635113540e-09
6.345480807468106832e-10
0.000000000000000000e+00
0.000000000000000000e+00
0.000000000000000000e+00
0.000000000000000000e+00
0.000000000000000000e+00
4.979847090247346841e-10
0.000000000000000000e+00
8.813103136162681039e-09
0.000000000000000000e+00
5.636182145996038173e-11
0.000000000000000000e+00
0.000000000000000000e+00
0.000000000000000000e+00
1.894118994982818549e-08
2.569164658794420575e-09
0.000000000000000000e+00
9.115091792466500920e-09
0.000000000000000000e+00
4.817204857232582071e-09
5.989539531014997920e-09
0.000000000000000000e+00
4.219077531786297186e-09
0.000000000000000000e+00
6.730536128429775999e-09
8.311137195127216160e-11
0.000000000000000000e+00
0.000000000000000000e+00
2.549267037466051988e-07
5.193296903627242500e-09
0.000000000000000000e+00
0.000000000000000000e+00
8.869155965207653480e-10
9.773962119652424008e-07
2.884618055531973368e-08
6.815345177102472007e-09
1.577130319674324710e-06
0.000000000000000000e+00
1.708299123492906801e-06
6.779997363537404453e-08
5.028111971228099719e-08
0.000000000000000000e+00
2.316802305557530417e-10
4.133991760024713358e-12
2.350713756982258928e-08
2.276173745485721156e-06
7.286277359241921658e-09
1.067522692466127410e-08
1.035548734762414824e-06
1.616929812264800148e-09
5.897749399963458927e-09
7.988039917028455505e-12
0.000000000000000000e+00
0.000000000000000000e+00
5.854489586454292294e-07
0.000000000000000000e+00
0.000000000000000000e+00
0.000000000000000000e+00
0.000000000000000000e+00
0.000000000000000000e+00
0.000000000000000000e+00
0.000000000000000000e+00
0.000000000000000000e+00
0.000000000000000000e+00
0.000000000000000000e+00
8.804270201778763294e-09
3.155517447339661885e-07
1.536291233117381694e-11
7.235717358611282179e-09
1.787787518026107136e-08
6.919386175141539752e-10
1.047437081069801934e-06
0.000000000000000000e+00
3.952427274356296039e-09
0.000000000000000000e+00
0.000000000000000000e+00
0.000000000000000000e+00
9.203910522614933143e-09
5.332132513302667576e-09
8.706847438588738441e-07
1.382031289409724195e-08
2.380692648226712116e-12
5.647349254900291271e-10
8.047244537401354592e-10
0.000000000000000000e+00
1.733411778559457161e-07
4.163806632817568243e-09
2.957027955829971688e-09
4.105958595346237416e-08
0.000000000000000000e+00
0.000000000000000000e+00
9.283493227485450916e-07
9.378048559938179096e-08
2.389567222479266340e-13
1.022454454435717253e-09
1.222442307380333659e-07
0.000000000000000000e+00
2.709229534048063215e-07
1.992930798166980821e-08
0.000000000000000000e+00
9.200114559071437270e-10
3.278719518107209296e-09
8.556846751162083820e-07
7.437824661726821773e-12
8.044821129260526504e-07
2.632343898412159433e-09
1.716395775508416932e-10
1.066036925401192548e-09
1.961808493433636613e-09
1.576233330524701159e-06
7.328092692659993190e-07
1.199927917444609804e-11
0.000000000000000000e+00
7.190149808877777104e-09
6.115928943839499254e-12
2.076958708130405284e-06
6.409917432392830960e-07
0.000000000000000000e+00
0.000000000000000000e+00
5.462574677039810922e-07
0.000000000000000000e+00
0.000000000000000000e+00
3.999161446444077228e-09
0.000000000000000000e+00
3.051611940918519394e-08
0.000000000000000000e+00
0.000000000000000000e+00
8.175062404802702076e-09
0.000000000000000000e+00
0.000000000000000000e+00
0.000000000000000000e+00
0.000000000000000000e+00
0.000000000000000000e+00
2.858797643057187088e-08
1.520330329185526352e-06
5.510877372216782533e-07
1.056162624024636898e-08
5.117452133163169492e-07
3.748788230950594880e-07
5.157837534852660610e-08
0.000000000000000000e+00
0.000000000000000000e+00
3.495161138289404335e-07
1.770772084519478540e-09
8.419815600291258306e-08
0.000000000000000000e+00
1.238658953184312850e-09
2.604764404168236069e-07
2.579780129963182844e-06
9.579459714359472855e-08
1.755406486836363911e-08
1.100021563615882769e-05
2.628568473994619126e-10
8.873668466691242429e-10
4.873860870446833360e-09
0.000000000000000000e+00
1.768656554546055304e-09
3.589129271563962220e-10
2.353868211457665893e-07
2.390137296970351599e-07
2.337105570404673927e-06
7.063060252221475821e-07
1.479892489442136139e-06
2.427174239372220654e-09
0.000000000000000000e+00
5.031589811466119500e-09
0.000000000000000000e+00
0.000000000000000000e+00
0.000000000000000000e+00
0.000000000000000000e+00
1.821331196971698319e-09
0.000000000000000000e+00
0.000000000000000000e+00
0.000000000000000000e+00
2.963539857958608081e-09
0.000000000000000000e+00
0.000000000000000000e+00
0.000000000000000000e+00
0.000000000000000000e+00
0.000000000000000000e+00
0.000000000000000000e+00
0.000000000000000000e+00
1.585728659492247061e-09
2.038296094408753589e-11
1.876879318629676163e-09
9.147928074770828033e-12
0.000000000000000000e+00
7.731319584536322509e-09
2.237771079549588649e-10
4.311864199024739719e-09
0.000000000000000000e+00
0.000000000000000000e+00
0.000000000000000000e+00
0.000000000000000000e+00
0.000000000000000000e+00
0.000000000000000000e+00
0.000000000000000000e+00
2.831579308804066386e-07
0.000000000000000000e+00
0.000000000000000000e+00
1.980179433758166851e-07
0.000000000000000000e+00
0.000000000000000000e+00
0.000000000000000000e+00
0.000000000000000000e+00
0.000000000000000000e+00
0.000000000000000000e+00
0.000000000000000000e+00
0.000000000000000000e+00
0.000000000000000000e+00
1.939374494330792231e-10
2.008606475589758134e-10
3.157010208809651886e-09
0.000000000000000000e+00
5.532421710086055100e-06
0.000000000000000000e+00
1.585572895201892152e-09
0.000000000000000000e+00
1.391664881111864815e-07
1.628221468763513258e-08
4.871198999722992085e-09
0.000000000000000000e+00
1.565529372804519426e-10
2.552397312602372459e-12
0.000000000000000000e+00
1.789128276641349657e-07
0.000000000000000000e+00
3.523863156829065701e-08
0.000000000000000000e+00
0.000000000000000000e+00
8.493874048554062028e-08
0.000000000000000000e+00
9.397956191037337703e-09
0.000000000000000000e+00
0.000000000000000000e+00
2.804939924772043014e-08
0.000000000000000000e+00
0.000000000000000000e+00
0.000000000000000000e+00
0.000000000000000000e+00
0.000000000000000000e+00
7.620202246982898941e-09
0.000000000000000000e+00
0.000000000000000000e+00
0.000000000000000000e+00
0.000000000000000000e+00
9.642616305427509360e-07
4.520247287587153551e-09
0.000000000000000000e+00
0.000000000000000000e+00
0.000000000000000000e+00
9.775782849885672476e-09
7.572735494232318842e-11
0.000000000000000000e+00
0.000000000000000000e+00
2.809082388921524398e-08
0.000000000000000000e+00
2.809852827842518330e-12
0.000000000000000000e+00
0.000000000000000000e+00
7.449136446568971337e-11
0.000000000000000000e+00
0.000000000000000000e+00
0.000000000000000000e+00
8.314132493580927985e-09
0.000000000000000000e+00
5.689350768278700343e-09
0.000000000000000000e+00
2.437643615849083290e-06
4.179503410028928556e-09
2.606599602827941453e-09
0.000000000000000000e+00
9.712852744314659503e-11
0.000000000000000000e+00
0.000000000000000000e+00
0.000000000000000000e+00
0.000000000000000000e+00
0.000000000000000000e+00
8.294040121370471752e-09
2.500529561189068772e-09
2.660253528574685333e-07
3.385203584116425191e-08
4.484665527826336984e-09
2.012417467910088131e-13
1.157017436526075471e-06
5.992408347310629324e-09
0.000000000000000000e+00
9.997830119345962885e-09
1.856349185480610231e-09
3.586929722132481402e-07
6.495469495604311305e-09
8.510289001284476740e-11
1.968222917980710918e-08
2.409367816369467619e-09
1.376571532318848767e-07
2.079520583508909226e-10
0.000000000000000000e+00
0.000000000000000000e+00
2.547975874733765522e-08
2.705943380476583116e-08
9.631569319878963142e-09
0.000000000000000000e+00
0.000000000000000000e+00
4.277574683353435603e-10
0.000000000000000000e+00
9.371258435919571639e-09
6.338314761933361297e-09
0.000000000000000000e+00
0.000000000000000000e+00
0.000000000000000000e+00
0.000000000000000000e+00
0.000000000000000000e+00
0.000000000000000000e+00
0.000000000000000000e+00
4.431164413176702510e-08
1.546029579913010821e-06
0.000000000000000000e+00
3.038933549248667987e-09
0.000000000000000000e+00
0.000000000000000000e+00
7.707773863607769727e-10
8.541242380033509107e-09
0.000000000000000000e+00
0.000000000000000000e+00
2.611820759668148639e-09
4.590147817395973107e-09
0.000000000000000000e+00
0.000000000000000000e+00
0.000000000000000000e+00
2.986612901434426703e-10
0.000000000000000000e+00
0.000000000000000000e+00
5.111508016852894798e-08
0.000000000000000000e+00
2.662976228418045821e-10
2.539696675185609820e-09
4.521630639353624304e-11
0.000000000000000000e+00
1.285215822655061402e-10
1.553025299472210463e-07
0.000000000000000000e+00
0.000000000000000000e+00
7.465576459253497887e-07
6.629263360480308620e-09
0.000000000000000000e+00
5.555904625254015627e-09
1.647110714486643701e-08
5.650974799209507182e-09
0.000000000000000000e+00
0.000000000000000000e+00
0.000000000000000000e+00
2.486310179961037647e-08
1.041290786929494061e-07
0.000000000000000000e+00
3.484123059505073172e-11
0.000000000000000000e+00
3.772091972109592461e-09
7.571748597001715098e-07
4.485546867272205418e-07
8.452768346378647379e-11
4.834344480286745238e-08
6.779578287652299196e-11
2.220627720816992223e-06
1.562689178058462858e-08
8.739662327172936784e-09
6.486587378340402665e-10
0.000000000000000000e+00
2.158867395962715818e-08
3.752558819236639920e-10
1.248007038157084025e-06
1.270878735581959518e-09
0.000000000000000000e+00
1.894356005394115527e-09
2.689148175250011263e-07
0.000000000000000000e+00
0.000000000000000000e+00
2.767109041901250066e-10
0.000000000000000000e+00
0.000000000000000000e+00
0.000000000000000000e+00
0.000000000000000000e+00
6.703375188266136320e-09
0.000000000000000000e+00
3.035082158930890728e-07
0.000000000000000000e+00
0.000000000000000000e+00
6.089022619448769547e-09
0.000000000000000000e+00
0.000000000000000000e+00
4.127055319713690551e-08
5.737777364345220121e-09
0.000000000000000000e+00
6.423633180929755326e-09
2.797455734941667327e-13
0.000000000000000000e+00
0.000000000000000000e+00
0.000000000000000000e+00
0.000000000000000000e+00
8.699924114452528556e-10
7.371194783445389476e-07
0.000000000000000000e+00
1.145247924272396745e-10
8.078015589774167893e-09
6.656816875505455755e-09
0.000000000000000000e+00
0.000000000000000000e+00
0.000000000000000000e+00
0.000000000000000000e+00
1.660836468353465989e-10
9.161076341968055203e-09
5.324941529383231398e-11
3.389066111081362465e-11
3.988121388687204671e-09
2.519717101634455503e-09
6.564494281491306538e-09
0.000000000000000000e+00
7.030549227238225285e-07
0.000000000000000000e+00
1.038402164255103344e-08
3.330396625145226608e-09
1.875036348408798403e-09
9.107772314109752188e-09
9.251638899421266160e-10
0.000000000000000000e+00
8.331265538563670248e-11
0.000000000000000000e+00
1.396059801095361763e-08
4.048388735355956669e-09
4.101021300328966390e-09
1.043832185132487211e-07
1.933138982224136271e-09
3.951490725739859045e-07
0.000000000000000000e+00
0.000000000000000000e+00
0.000000000000000000e+00
2.862531392477940528e-11
0.000000000000000000e+00
0.000000000000000000e+00
0.000000000000000000e+00
0.000000000000000000e+00
0.000000000000000000e+00
7.000350965569168693e-09
1.088122147940850937e-09
0.000000000000000000e+00
0.000000000000000000e+00
0.000000000000000000e+00
0.000000000000000000e+00
0.000000000000000000e+00
0.000000000000000000e+00
0.000000000000000000e+00
0.000000000000000000e+00
0.000000000000000000e+00
7.259548340243782150e-08
0.000000000000000000e+00
3.129336789697845234e-09
0.000000000000000000e+00
0.000000000000000000e+00
3.656520863870582616e-09
0.000000000000000000e+00
0.000000000000000000e+00
0.000000000000000000e+00
0.000000000000000000e+00
0.000000000000000000e+00
0.000000000000000000e+00
0.000000000000000000e+00
0.000000000000000000e+00
0.000000000000000000e+00
6.935047736078558955e-08
0.000000000000000000e+00
5.229838437315059707e-11
0.000000000000000000e+00
0.000000000000000000e+00
1.496258672517569721e-09
0.000000000000000000e+00
1.311044606211453356e-08
2.547241138017852791e-07
0.000000000000000000e+00
0.000000000000000000e+00
1.691289952532315510e-07
4.396271435780363390e-08
9.606866413491843559e-09
3.318402150287447228e-11
4.863774938357323663e-10
3.857918784433422843e-07
1.835910201641866024e-09
1.725059428636654957e-09
1.052182607708118667e-08
1.291695980398799293e-06
0.000000000000000000e+00
1.265737026301394508e-08
1.836776846175780520e-06
4.770758010863573872e-09
1.050777798106139471e-10
1.934734399355875212e-07
5.391204815907713055e-09
0.000000000000000000e+00
3.559396111185719747e-09
1.281207229197889319e-08
9.889656842477882737e-15
6.212331093990997033e-09
2.914587682312230754e-09
3.090552258555590015e-09
4.652925156278797658e-09
6.955953590903618533e-09
0.000000000000000000e+00
2.550193833883440675e-09
1.925174508699001308e-08
3.781378609346575104e-06
0.000000000000000000e+00
0.000000000000000000e+00
9.197214101419604049e-10
9.944560730446028174e-09
0.000000000000000000e+00
0.000000000000000000e+00
0.000000000000000000e+00
0.000000000000000000e+00
0.000000000000000000e+00
3.473127563324851508e-08
0.000000000000000000e+00
0.000000000000000000e+00
0.000000000000000000e+00
0.000000000000000000e+00
0.000000000000000000e+00
0.000000000000000000e+00
0.000000000000000000e+00
0.000000000000000000e+00
0.000000000000000000e+00
0.000000000000000000e+00
0.000000000000000000e+00
4.544171705589405974e-09
0.000000000000000000e+00
5.403527847391842442e-09
0.000000000000000000e+00
0.000000000000000000e+00
9.748077012261546770e-09
0.000000000000000000e+00
2.944511856561859986e-10
0.000000000000000000e+00
1.104252049799470115e-07
2.621130867908050277e-08
1.528611015544356633e-08
0.000000000000000000e+00
0.000000000000000000e+00
7.789817679793031857e-09
8.931212214235983993e-09
5.870809900443418883e-07
4.047349122515697672e-08
1.059698604422010249e-07
2.277797790384283871e-07
4.831148885386937764e-07
2.197304116435816468e-09
3.893691200573812239e-07
2.705392034840770066e-07
1.998450898099690676e-07
4.479369636101182550e-06
1.169685447166557424e-06
0.000000000000000000e+00
2.597234640688839136e-07
3.431354116401053034e-07
2.652497599342495960e-08
6.743744052073452622e-07
6.463394264244470833e-09
6.845075173345094299e-09
1.179610853441204199e-09
1.094707546833717515e-09
7.012640139691939112e-07
5.346419129637070000e-08
1.660488237575918902e-06
0.000000000000000000e+00
3.890730848610246539e-09
1.077537945093354210e-06
5.788512780213750375e-08
5.434542149629351115e-09
0.000000000000000000e+00
0.000000000000000000e+00
0.000000000000000000e+00
0.000000000000000000e+00
0.000000000000000000e+00
0.000000000000000000e+00
0.000000000000000000e+00
0.000000000000000000e+00
0.000000000000000000e+00
0.000000000000000000e+00
1.105173064175346553e-09
1.124381867612100905e-07
0.000000000000000000e+00
0.000000000000000000e+00
2.368036877697932141e-09
9.411518231416948765e-10
4.009072256394574651e-07
7.945109459228660853e-09
2.401984566802184418e-08
0.000000000000000000e+00
2.123614848414945300e-07
4.290827693154142253e-09
0.000000000000000000e+00
2.193067775990709123e-11
9.557052926822962036e-09
0.000000000000000000e+00
2.055617009943944140e-08
1.329534704552770563e-08
2.832985899203777080e-07
2.549654237737897233e-11
1.502016402810113505e-06
2.582118668215116486e-06
1.713299297989578918e-06
3.276524580542172771e-07
7.246507607305829879e-07
4.261967205820837989e-07
3.421611722842499148e-07
2.068904478846889106e-07
7.155733072750081192e-08
5.340612460713600740e-06
7.876682417418123805e-08
3.582854546380076499e-08
2.984916704917850439e-07
1.621649516891920939e-07
2.950613975372107234e-09
1.403681295641945326e-07
1.382839059260732029e-06
5.737153969676000997e-07
1.352479870320166810e-07
7.826874366401170846e-07
1.050858259077358525e-06
3.787353080042521469e-07
3.608301710755767999e-07
7.120953569028642960e-07
1.057253825820225757e-06
3.752079180685541360e-07
1.999792402784805745e-06
2.856035941078971518e-08
9.649749443951805006e-08
0.000000000000000000e+00
0.000000000000000000e+00
0.000000000000000000e+00
0.000000000000000000e+00
6.669103527201514225e-07
0.000000000000000000e+00
3.428887840328798120e-09
5.236409492681559641e-07
2.295884797831604374e-07
3.300655748716962989e-07
5.984709787298925221e-06
3.268656882937648334e-07
8.355063414455798920e-07
6.415987741092976648e-08
1.370762845454009948e-07
1.210084292324609123e-06
3.465004283498274162e-07
2.063650050843079953e-08
3.450705676755205786e-08
1.846881332312477753e-07
9.569498971018219891e-09
4.020081121325347340e-07
4.499942463098705048e-07
2.922075168498849962e-07
4.884574078545256270e-09
1.071953859010932320e-09
0.000000000000000000e+00
2.179433664650787250e-07
9.947301871093827685e-10
1.461684291825804394e-06
3.730105845534126274e-06
2.166840658901492134e-06
4.900819021713687107e-07
4.643128477255231701e-07
3.517800735153286951e-07
1.449268864917030442e-07
1.431773284821247216e-06
1.264526986233249772e-06
1.990781129279639572e-06
3.722315682352927979e-07
9.265318112738896161e-08
1.177977310362621211e-06
0.000000000000000000e+00
1.886225277303310577e-06
0.000000000000000000e+00
1.080617721527232789e-06
2.175237796109286137e-06
1.616123768144461792e-06
6.517526571769849397e-07
4.229433727687137434e-07
7.965510349094984122e-07
5.610244215858983807e-07
4.459924980437790509e-07
1.149887680185202044e-06
1.582449272063968237e-06
1.147337911788781639e-06
1.559380393700848799e-06
1.221158498765362310e-07
3.005871178629604401e-07
6.406455668184207752e-07
0.000000000000000000e+00
4.569910672103105753e-09
0.000000000000000000e+00
3.331517177684872877e-07
2.302756740846234607e-08
5.653244095071841002e-09
0.000000000000000000e+00
0.000000000000000000e+00
1.327338054579740856e-06
3.464771225480944850e-07
3.355348665579072076e-09
0.000000000000000000e+00
8.769247301643190440e-07
1.088273393179406412e-06
1.449983187740144785e-06
0.000000000000000000e+00
0.000000000000000000e+00
3.293623360156594515e-11
0.000000000000000000e+00
0.000000000000000000e+00
1.201040866760649806e-08
0.000000000000000000e+00
8.974426535246493586e-09
1.730710352809694541e-09
1.933853077673575172e-09
0.000000000000000000e+00
0.000000000000000000e+00
4.343697845854421757e-09
5.322174700950199622e-09
0.000000000000000000e+00
5.610362450170214288e-07
3.334091331907984568e-07
4.826790700462879613e-07
1.477004730077169370e-06
4.002679077075299574e-07
4.316457875574997161e-07
1.154140818471205421e-06
4.985274699720321223e-07
3.067439413584338581e-09
3.023470753760193475e-07
6.291535896707500797e-07
1.838986349866900127e-06
6.367146738739393186e-07
7.726382591499714181e-07
7.528275318691157736e-07
2.227379354735603556e-06
3.661081109385122545e-06
2.006830328582509537e-07
0.000000000000000000e+00
3.711728311373008182e-07
0.000000000000000000e+00
0.000000000000000000e+00
6.600085100672004046e-08
7.606504226487231790e-08
0.000000000000000000e+00
0.000000000000000000e+00
0.000000000000000000e+00
5.361209787224652246e-08
0.000000000000000000e+00
0.000000000000000000e+00
4.063034566570422612e-07
1.211921926369541325e-06
3.634143013186985627e-07
1.225673145199834835e-06
3.386312812381220283e-07
5.125623374624410644e-07
3.855559498333605006e-07
7.293360226867662277e-08
0.000000000000000000e+00
1.804126804927363992e-05
6.471869369306659792e-07
2.843846118594228756e-07
1.524058916402282193e-06
3.014087042174651287e-07
2.469201660915132379e-07
1.950566002051346004e-06
7.258767027451540343e-07
0.000000000000000000e+00
0.000000000000000000e+00
0.000000000000000000e+00
0.000000000000000000e+00
0.000000000000000000e+00
0.000000000000000000e+00
2.007976434015290579e-07
0.000000000000000000e+00
0.000000000000000000e+00
0.000000000000000000e+00
0.000000000000000000e+00
0.000000000000000000e+00
0.000000000000000000e+00
0.000000000000000000e+00
0.000000000000000000e+00
1.196097940692197881e-07
2.422087618469959125e-06
3.003928554790036287e-07
1.115148052122094668e-06
0.000000000000000000e+00
0.000000000000000000e+00
1.512102016931748949e-07
0.000000000000000000e+00
9.333593311566801276e-07
5.288644615575321950e-07
1.749365765135735273e-06
2.857347567442047875e-07
2.218825869704232900e-07
9.483636631557601504e-07
0.000000000000000000e+00
4.397292343583103502e-07
5.394087398968849811e-09
0.000000000000000000e+00
0.000000000000000000e+00
0.000000000000000000e+00
0.000000000000000000e+00
0.000000000000000000e+00
0.000000000000000000e+00
0.000000000000000000e+00
0.000000000000000000e+00
0.000000000000000000e+00
0.000000000000000000e+00
1.959559625674955896e-09
0.000000000000000000e+00
6.538424912605478312e-09
8.572053483701935761e-11
0.000000000000000000e+00
0.000000000000000000e+00
7.900450071929299156e-09
3.224953672997799003e-07
3.166634598983364413e-07
1.900682036648504436e-06
4.792561298927466851e-07
7.527877983193320688e-07
0.000000000000000000e+00
1.152390680658754718e-07
1.761764707453039591e-07
8.732357770213639014e-08
0.000000000000000000e+00
1.776860017344006337e-06
7.390521545858064201e-07
7.560201993328519166e-07
2.122849537045112811e-06
1.292824435950024053e-06
1.797502022782282438e-07
1.138630977948196232e-06
0.000000000000000000e+00
0.000000000000000000e+00
7.553706637963841786e-08
5.461006367113441229e-07
0.000000000000000000e+00
0.000000000000000000e+00
0.000000000000000000e+00
0.000000000000000000e+00
0.000000000000000000e+00
2.799114326990093105e-07
3.868913438509480329e-07
2.093778675771318376e-06
5.379519052439718507e-07
6.440855599976202939e-07
1.162152443612285424e-06
9.299709802235156531e-08
1.084487966096503442e-08
5.005608272767858580e-06
4.106260609315626198e-10
4.432847617863444611e-07
1.069962536348612048e-06
3.650228109108866192e-06
8.869205885275732726e-07
2.020750116571434774e-06
1.533974796075199265e-06
1.904346277115109842e-06
3.748387143787113018e-06
1.239703451005880197e-08
0.000000000000000000e+00
1.551616151118651032e-06
3.049629810902843019e-07
0.000000000000000000e+00
0.000000000000000000e+00
0.000000000000000000e+00
0.000000000000000000e+00
0.000000000000000000e+00
0.000000000000000000e+00
0.000000000000000000e+00
1.933691237354651093e-06
3.712103477937489515e-07
2.973891469082445838e-06
1.254685230378527194e-06
2.041866991930874065e-06
0.000000000000000000e+00
0.000000000000000000e+00
0.000000000000000000e+00
7.033706950210216746e-11
0.000000000000000000e+00
0.000000000000000000e+00
0.000000000000000000e+00
2.095041281791054644e-06
6.556664629897568375e-06
7.694807457880870061e-09
5.635712341245380230e-09
0.000000000000000000e+00
2.119703523817406676e-09
1.183092179779521302e-09
0.000000000000000000e+00
1.999092891225018320e-09
0.000000000000000000e+00
0.000000000000000000e+00
0.000000000000000000e+00
