1.024338234856259078e-05
5.251566221886605490e-07
5.520745460785292380e-08
3.047080099349841475e-07
5.049602336271163949e-08
3.216890576140940539e-08
0.000000000000000000e+00
2.215869244537316263e-06
2.395952833467163146e-06
2.327364612142446276e-08
6.538217434126636363e-08
3.067438569814839866e-08
1.010793403111165389e-05
1.294859597322783884e-08
8.960654668044298887e-06
0.000000000000000000e+00
1.044828309204604011e-06
1.868728958243082161e-07
2.087472239509224892e-08
2.999313508667000860e-08
1.392191506965900771e-06
2.117526491929311305e-05
1.135663842433132231e-05
4.588867170696175890e-07
4.275495484762359411e-06
2.343669621041044593e-06
3.784448097121639876e-07
2.291336568305268884e-05
1.851038291533768643e-07
9.472216333961114287e-06
1.129864017457293812e-06
1.799014398784493096e-06
1.003833531854070316e-07
1.001799228106392547e-05
5.055336714576696977e-06
4.119514414924196899e-06
1.151207129623799119e-06
6.146157716102607083e-07
1.722054321362520568e-06
9.804974069993477315e-06
4.060248670612054411e-08
1.110137418436352164e-06
4.141940280533162877e-06
1.181534844363341108e-05
3.912432688935041369e-08
3.451178599789272994e-06
4.925086614093743265e-06
9.979468813980929554e-06
7.175115115387598053e-06
2.676637905096868053e-06
1.037991387420333922e-05
3.495813643894507550e-06
1.022396645566914231e-05
6.274376005421800073e-07
7.927305887278635055e-06
3.884671059495303780e-06
6.869532853670534678e-07
1.404628619638970122e-06
7.576248890472925268e-07
6.776762347726617008e-06
1.410509139532223344e-05
5.283081918605603278e-06
1.161606815003324300e-05
3.193391421518754214e-06
1.530216104583814740e-05
6.008633022247522604e-07
3.995909537479747087e-06
1.794649392650171649e-06
4.585041324389749207e-07
3.645663127826992422e-06
1.181760580948321149e-06
2.982018486363813281e-06
2.782619958452414721e-06
9.769113603397272527e-06
9.879777280730195343e-06
2.259531811432680115e-06
2.634124030009843409e-06
1.718820385576691478e-06
2.351970806557801552e-06
8.732232004149409477e-07
2.396897116341278888e-06
1.212416577800468076e-06
3.337482667120639235e-06
4.090286893188022077e-06
4.094924406672362238e-06
3.845101673505268991e-06
2.956937521503277821e-07
1.979931994355865754e-06
2.185754738093237393e-06
3.424610440561082214e-06
1.577451712364563718e-06
1.648997681513719726e-06
9.513009899819735438e-06
6.490869054687209427e-06
4.705097580881556496e-06
5.824471827509114519e-06
1.371441385344951414e-06
7.499244247810565867e-07
4.562897629512008280e-06
0.000000000000000000e+00
0.000000000000000000e+00
1.020100717141758651e-05
5.535583113669417799e-06
6.330734777293400839e-06
2.587613607829553075e-06
4.811578946828376502e-06
9.366911399411037564e-06
2.120439575037380564e-07
1.334431885879894253e-06
2.387759877819917165e-06
4.226845931043499149e-07
2.476251393090933561e-05
9.406280696566682309e-07
1.213173618452856317e-06
7.374418146355310455e-06
1.194112792290979996e-05
5.843864528287667781e-06
1.006373622658429667e-06
1.386317904916722910e-07
2.424476974738354329e-07
5.229293265074375086e-07
5.037437858845805749e-06
3.516990545904263854e-06
2.809257715341573203e-08
1.891498726536156028e-07
5.790790055471006781e-06
6.508008798533637673e-09
4.469497127956856275e-08
8.333886469813478470e-09
1.509204494709592836e-08
5.371263611664289783e-08
3.661909531160745246e-08
1.419552972947712988e-07
1.769081450220255647e-07
7.804619883700070204e-08
8.662596684416712378e-08
1.646973402102958062e-07
1.258126076209009625e-06
1.495437572884839028e-06
2.069537572424451355e-07
2.369157527937204577e-06
1.825469837513082894e-07
2.263502452137799992e-08
3.470824367468594573e-06
3.148996370327949990e-07
6.712002686981577426e-07
2.249391945952083915e-05
5.941666131548117846e-06
5.718819551248088828e-08
2.450878810122958384e-06
1.853021331044146791e-06
2.287264266875865815e-10
4.077077164765796624e-08
4.184901314374656067e-08
3.990401751252647955e-07
4.261147751094540581e-06
2.720842360304231988e-07
2.572011403856322431e-08
3.087547497671039309e-07
1.237880496773868799e-05
2.617405471028177999e-06
1.590431675246861687e-09
5.792102442114810401e-08
8.362110861526161898e-07
3.507764176902128384e-06
7.466305191883293446e-07
4.430094691088015679e-07
2.244125241190886300e-08
6.492188475704097073e-08
1.835688976825622376e-06
3.541860223776893690e-06
0.000000000000000000e+00
0.000000000000000000e+00
1.203344446309984050e-08
2.302528656628055614e-08
8.564070412830915302e-07
7.512074944315827452e-07
3.223861426704388577e-07
2.559197014306846540e-07
3.376334689164650626e-06
3.655794671431067400e-07
9.317674631859063084e-09
1.148629635849829356e-07
1.334857557822033414e-07
2.879521389331785031e-06
2.142346602340694517e-07
7.991466333123753429e-08
5.764932780039089266e-07
1.441636499066589749e-07
6.545458290929673240e-06
1.545082909615302924e-06
1.104228090298420284e-06
3.778867039727629162e-06
1.718322209853795357e-06
2.117840722348773852e-06
1.370773816233850084e-06
1.507408455836412031e-06
6.870066044939449057e-06
7.006767788197976188e-08
2.058975070440283162e-07
1.363798105558089446e-07
1.013815520423122507e-08
1.100111148844007403e-06
1.803625622187610134e-07
7.963247128373041051e-08
1.515134044893784449e-07
3.724775154978487990e-08
1.292108095185540151e-06
2.908571696025319397e-05
7.707762961217667907e-08
8.965011488726304378e-07
3.685413219045585720e-08
3.395158728380920365e-06
3.651618044386850670e-06
5.602527863857176271e-08
7.369303034465701785e-08
1.087387460074751289e-07
7.464026566594839096e-06
2.222993316536303610e-06
9.539240508615876024e-09
4.640461099825188285e-07
7.373302413071769479e-09
6.894085302633357060e-09
7.427220793942979071e-07
1.252688207387109287e-06
1.411344214830023702e-06
4.045843525091186166e-06
9.954759683239444712e-09
1.230493751336325658e-08
5.606755735243496019e-07
2.385440325269883033e-07
5.827616291753656697e-07
9.528290689786445000e-08
4.008085852547083050e-06
5.708333901566220447e-06
3.815025877429434331e-07
1.662868598373279383e-08
0.000000000000000000e+00
6.152791911517851986e-07
1.548191562505962793e-06
6.654820936091709882e-06
6.169817368117946899e-08
2.233575969512457959e-06
5.581560102996263595e-08
2.622803307872345613e-08
1.502282920284869761e-08
2.580349089953415387e-08
2.663246334577706875e-07
5.433059300230524968e-07
2.680020315892761573e-06
4.124738950395112624e-08
7.503561505473044235e-08
3.148599716951139271e-06
0.000000000000000000e+00
7.910626464990855311e-08
3.962564498749543418e-09
1.173401187770650722e-06
2.176092493755277246e-06
8.156384865287691355e-06
3.627857481092178205e-08
1.015356474454165436e-06
1.533632172368015745e-07
6.566164501009552623e-08
5.053170184510236140e-07
2.826309186687581132e-10
0.000000000000000000e+00
1.183602460486099517e-08
6.439310709538403898e-06
3.197451121650374262e-07
7.070965466482448392e-07
1.642651596966970828e-07
1.243073143086803611e-06
6.239068284230597783e-07
4.996431357540132012e-08
5.761213515143026598e-07
5.630070631923445035e-09
0.000000000000000000e+00
2.465963007125537843e-07
0.000000000000000000e+00
1.120892284234287217e-05
1.105173907944845269e-07
4.883353085460839793e-06
3.223392013751436025e-06
2.695731282642555016e-08
5.289221917337272316e-06
0.000000000000000000e+00
0.000000000000000000e+00
0.000000000000000000e+00
8.705836052058657515e-09
1.818563930555683328e-07
2.111664372250743327e-07
2.168030277971411124e-06
2.071235405409765917e-09
9.839462578042912355e-09
1.811743199908733004e-09
3.072510139645601157e-07
2.009850959439063445e-06
1.336684629649198541e-08
1.056644236996362451e-06
6.019205045504349982e-08
3.597411648570414400e-07
4.104233823909453349e-07
1.650352032811497338e-06
6.050524916645372286e-07
2.396356251210818300e-07
3.118472946539441182e-08
7.290152552741346881e-07
8.611738735453400295e-07
2.048143642241484486e-06
1.086192810362263117e-06
5.894212335988413543e-07
6.765691978216636926e-06
2.069698865625468898e-07
7.615353752044029534e-07
1.021504317577637266e-06
0.000000000000000000e+00
3.310806960143963806e-06
0.000000000000000000e+00
7.210789590317290276e-06
1.321244212704186793e-06
0.000000000000000000e+00
3.153464378513604061e-09
5.186622047403943725e-07
8.004004712347523309e-07
9.248128662875387818e-07
1.705782551653101109e-06
1.082320864043140318e-06
5.561788185559635167e-08
1.286021984014951158e-06
4.513266205208310566e-08
0.000000000000000000e+00
8.980749157672107685e-07
0.000000000000000000e+00
2.459939363319563199e-09
0.000000000000000000e+00
6.334196722690421666e-09
0.000000000000000000e+00
1.080990372770429531e-07
1.024516677716746926e-05
3.791849110257317079e-07
4.914914031317607623e-10
2.947913557704850973e-08
0.000000000000000000e+00
5.102713807048075978e-09
0.000000000000000000e+00
4.256819465808803216e-07
1.082152945031111813e-08
1.951817596435034829e-09
7.847714478259604221e-09
6.279329056724236580e-09
7.768297649590749643e-08
0.000000000000000000e+00
2.030659942420243169e-07
9.691659919042194815e-09
2.633775697535867266e-10
6.450324718798583490e-08
6.153025537969369907e-07
1.881930522529273730e-08
0.000000000000000000e+00
1.256154860129754525e-07
2.495507445132716384e-08
7.326706850108166691e-07
5.466084918026581363e-09
4.119885659292776836e-07
8.748604329866793705e-08
3.092538136684197525e-08
4.792616437043761835e-07
0.000000000000000000e+00
1.173846726487681735e-06
1.574007001181598753e-06
2.991379943750871462e-08
9.356580221719923429e-07
5.855751624039839953e-06
3.083504680034820922e-06
1.069707991518953349e-06
7.324656792206951650e-08
1.106978174902906176e-06
8.130118089866300579e-07
3.977251239462020749e-08
1.776181079549132846e-06
5.347772358277325111e-08
0.000000000000000000e+00
1.763992599990160670e-06
2.178062231905641966e-06
0.000000000000000000e+00
2.242856282919092337e-07
4.436549261299660429e-08
0.000000000000000000e+00
1.363302573054170352e-07
4.319104220940062078e-07
1.807789544727711473e-06
2.746133304754039273e-06
0.000000000000000000e+00
5.392270518989050743e-10
1.242364646714122500e-07
1.359578760684598819e-07
3.256258196415728889e-08
3.371244616801050142e-08
5.719558089367637876e-07
2.350285285501740873e-06
0.000000000000000000e+00
4.219955940243380610e-09
0.000000000000000000e+00
1.620200919205672108e-06
4.720108304212544681e-09
0.000000000000000000e+00
1.799436866178893979e-08
3.070615095523976379e-09
2.123578269674908370e-06
9.556813118649643002e-09
0.000000000000000000e+00
0.000000000000000000e+00
0.000000000000000000e+00
3.092135557380970567e-06
0.000000000000000000e+00
7.665802992384840309e-10
1.025105916596658062e-06
4.236002553170692408e-07
0.000000000000000000e+00
1.777829425009258557e-06
4.803261344221709805e-09
2.485960770570727618e-09
6.353040760131989373e-08
0.000000000000000000e+00
0.000000000000000000e+00
0.000000000000000000e+00
6.452577583360152857e-09
7.887956030572240707e-07
0.000000000000000000e+00
2.554612819949397817e-06
0.000000000000000000e+00
7.292712655981858916e-09
3.574374218828779703e-08
0.000000000000000000e+00
2.975026063722907566e-06
2.249679482702049427e-06
2.397470000303769666e-09
3.202016785053274361e-08
3.821389782387996092e-08
4.037064016415570222e-08
1.198964127979706973e-07
9.869624761904560728e-08
2.943037635816381226e-08
2.549231794546358287e-07
3.207718179965013405e-07
1.097622348567028894e-08
3.139881243896525120e-07
2.424762044483941281e-07
2.659372739799437113e-07
6.318937550986447604e-08
1.025012238642375451e-06
2.416392419490875909e-07
1.559420184094051365e-06
1.317627948083099909e-06
2.386135378174003563e-08
2.460084544964047382e-07
9.333145953860366717e-07
1.252648075933393557e-06
1.025389018138866959e-08
1.140905396823654883e-06
1.797076976117750746e-08
5.171562520445149858e-07
3.328352704556891695e-07
8.852803716763446573e-07
8.871305112734262366e-08
0.000000000000000000e+00
1.188062242363230325e-06
1.284564746129035484e-06
3.876727916463096335e-08
5.282935489958617836e-06
9.686758062343869824e-09
0.000000000000000000e+00
1.264440811610256787e-06
0.000000000000000000e+00
0.000000000000000000e+00
1.339719688076002058e-06
0.000000000000000000e+00
7.823164764886314515e-07
2.250272052028989833e-10
1.513925695917350822e-07
1.821416844904888421e-06
3.171043658767302986e-07
2.763214013157266891e-07
3.206363885510654654e-07
0.000000000000000000e+00
0.000000000000000000e+00
0.000000000000000000e+00
0.000000000000000000e+00
3.875464837932440787e-09
2.804796963573608082e-07
2.697270247153937817e-07
7.156703759392257780e-06
0.000000000000000000e+00
4.036855918987392045e-11
0.000000000000000000e+00
0.000000000000000000e+00
0.000000000000000000e+00
2.256373043962867087e-08
0.000000000000000000e+00
1.755096690203572507e-07
1.449500700800854247e-06
2.642667368490947410e-06
0.000000000000000000e+00
2.628300705964647932e-07
6.205233660239173332e-09
7.776990855745680165e-07
0.000000000000000000e+00
8.524858117198164109e-07
0.000000000000000000e+00
8.353954861206602800e-09
3.143945605188491754e-06
6.569695898406280321e-08
1.028951928105925617e-07
1.514604832664190326e-07
1.216830813888236662e-08
2.448254488029988352e-09
9.039197834681544919e-09
1.341403503829496913e-06
2.344374365748080891e-07
1.176420710180536844e-06
2.440947923787462059e-07
4.792134689068916487e-08
4.065367136263375869e-07
1.638648996049596462e-06
2.837421391177485930e-07
8.954899755053702393e-08
9.811943755266838707e-07
2.937424596893833950e-06
3.044331720047921408e-08
1.672213443271175493e-07
3.738309032996767201e-06
0.000000000000000000e+00
1.752360503814998083e-06
3.648560493729746668e-07
1.188397078522029915e-07
1.743045686453115195e-06
1.668280674493871629e-06
2.647735527716577053e-06
1.274487544833391439e-06
2.301973580642879824e-07
1.125405105995014310e-06
2.532605094529571943e-07
7.998664841579739004e-07
1.198059976559306961e-06
1.753524088599078823e-06
2.913584467023611069e-07
1.848172530571901007e-07
1.269804101866611745e-07
1.850133230618666857e-06
1.803989735371658298e-09
0.000000000000000000e+00
4.931027253185504833e-10
0.000000000000000000e+00
0.000000000000000000e+00
0.000000000000000000e+00
1.007354111237646066e-08
1.542398990750371013e-07
1.085195862060572836e-07
1.907978912640828639e-06
2.806511645303544356e-07
1.661721205081789776e-09
9.477453204453922808e-07
1.561206914857393713e-07
8.986950206235633232e-08
6.912283083693182562e-07
2.782439523230095801e-08
4.775091042574786115e-07
0.000000000000000000e+00
4.850071011475165506e-09
1.018924038476143323e-07
0.000000000000000000e+00
0.000000000000000000e+00
0.000000000000000000e+00
3.371590935330459615e-07
0.000000000000000000e+00
7.541631319440966763e-09
1.313906182076607365e-06
0.000000000000000000e+00
1.152603203991020564e-06
0.000000000000000000e+00
8.095532244567493763e-09
2.802478604735370027e-07
0.000000000000000000e+00
0.000000000000000000e+00
0.000000000000000000e+00
0.000000000000000000e+00
8.711354553270211909e-07
1.493863521773164393e-07
0.000000000000000000e+00
6.327741886025251006e-09
1.366304736016843435e-09
1.542700118761786143e-07
0.000000000000000000e+00
7.485004971385933459e-07
9.017246327402972383e-08
3.131009063128686876e-10
0.000000000000000000e+00
1.637245547470023155e-11
8.396307649150003272e-09
1.300450946928322082e-07
7.943754098960198462e-09
6.212983976183750201e-07
1.396019566612949347e-08
0.000000000000000000e+00
9.334590345133619849e-07
0.000000000000000000e+00
2.286823018948780373e-06
9.451734683807444526e-08
2.773336689187999582e-07
2.004284397116862237e-06
1.685029218378986116e-07
7.155140906434098724e-07
8.576921004532778170e-07
1.417997168573492672e-07
1.809660545859514968e-07
3.693230965495786222e-08
5.521778803085908294e-07
2.238607947901982698e-07
2.318734892980955919e-08
3.280363713997758168e-08
8.544618594896746799e-07
3.414909542698296718e-06
9.515764531897730194e-08
1.488925676085273153e-07
1.109920390263141599e-06
1.050924609558023803e-07
1.173130158349522389e-06
5.144703209225554019e-06
2.445895042058054969e-08
9.685351187727064826e-07
3.555236105512449285e-07
3.472583216534985695e-07
1.820770876292954199e-07
1.025914428964824765e-07
1.142439714385545813e-06
0.000000000000000000e+00
0.000000000000000000e+00
1.939322835653456423e-08
0.000000000000000000e+00
0.000000000000000000e+00
8.382979643783983192e-08
2.741310645149042102e-08
0.000000000000000000e+00
0.000000000000000000e+00
0.000000000000000000e+00
1.788011161352187628e-07
0.000000000000000000e+00
0.000000000000000000e+00
7.257067391464033790e-09
5.123943537910236046e-06
4.366363981489485013e-08
8.992863342882628785e-08
0.000000000000000000e+00
0.000000000000000000e+00
0.000000000000000000e+00
1.820934514284999750e-08
5.782486667271768965e-08
0.000000000000000000e+00
1.626860957060216606e-08
9.902776554326919722e-08
0.000000000000000000e+00
9.686997373137273826e-07
0.000000000000000000e+00
0.000000000000000000e+00
1.285534179107372665e-11
1.576935382274768926e-08
0.000000000000000000e+00
0.000000000000000000e+00
2.094567719268525252e-08
1.441959796011360595e-07
0.000000000000000000e+00
2.468321724791167071e-07
3.148105420791580400e-08
1.958012916247753310e-07
1.148561068475828506e-06
2.308099738002056256e-07
4.214451791995088570e-07
0.000000000000000000e+00
4.242225486450479366e-07
0.000000000000000000e+00
7.241986565986735513e-09
4.378591356157812697e-08
1.439982611373125110e-06
1.736715660172194475e-08
8.975145249223714927e-08
4.614093995769508183e-08
6.902170834877097150e-09
6.636748357775673277e-15
3.905175627316737064e-10
4.886306115281513485e-08
4.484789712932979455e-07
1.048830768013431225e-06
3.199799039066419937e-06
1.554772088852018896e-09
1.205636976919777226e-07
2.294198431229688140e-08
6.113637596172338817e-07
2.270900125722619123e-07
2.037634594387327525e-08
7.452100568572372907e-12
9.451810711880170857e-08
1.947194505191873759e-06
5.094831578844605247e-08
6.750561283297429327e-07
2.963175347758806311e-06
3.776686963163911059e-09
1.765947899912134744e-06
1.084406164864049060e-08
2.459399183862842619e-06
1.199236550064597395e-07
9.374414844387501944e-07
6.229095106391469017e-07
7.900320042608655058e-07
5.194045229472976644e-07
9.167358143713499885e-07
9.743178708276900579e-08
2.072533106911578216e-06
6.981825606544589391e-08
6.952877356525277719e-06
7.830103641026653349e-07
3.251542324278489104e-08
1.341270490229362622e-07
1.137286318453334388e-07
0.000000000000000000e+00
7.136902269166967017e-08
3.328336006802601332e-08
5.422426170298422221e-07
2.391596808593021706e-06
0.000000000000000000e+00
3.835210407032718649e-07
1.862306089606136084e-05
5.464096375362714753e-07
8.621649612905457616e-06
2.850636064977152273e-07
1.396433333411550848e-07
8.621629604022018611e-06
0.000000000000000000e+00
0.000000000000000000e+00
0.000000000000000000e+00
4.847779511152339182e-09
0.000000000000000000e+00
0.000000000000000000e+00
0.000000000000000000e+00
0.000000000000000000e+00
0.000000000000000000e+00
7.017429481948056491e-08
1.973213148431796071e-09
0.000000000000000000e+00
1.349421040686138440e-06
3.653354099242278608e-07
4.597742186973619027e-09
4.406066125284269219e-07
1.036775870488781948e-06
1.819059093577379826e-06
5.812767600588131245e-09
2.181148914814912132e-07
3.837371309600712266e-08
1.917256220451690751e-08
1.350368847852223553e-06
0.000000000000000000e+00
4.521430582826724276e-06
0.000000000000000000e+00
1.624676571054806118e-08
0.000000000000000000e+00
2.630465871789056109e-07
6.883420269332418684e-07
5.158428280083171558e-07
0.000000000000000000e+00
3.667009877972304821e-07
0.000000000000000000e+00
0.000000000000000000e+00
4.633438521750576911e-08
3.518171979521866888e-06
0.000000000000000000e+00
1.651099523769516964e-08
9.528470172881498002e-07
0.000000000000000000e+00
2.932406175659707515e-07
0.000000000000000000e+00
3.083959976279970761e-09
2.647444148351496551e-07
0.000000000000000000e+00
6.370714178416392315e-09
0.000000000000000000e+00
2.669687804157661049e-09
0.000000000000000000e+00
4.771985029350389595e-09
0.000000000000000000e+00
1.943006999738372542e-08
1.096054802474100143e-08
1.445837028768437449e-06
1.079038270290766377e-06
0.000000000000000000e+00
0.000000000000000000e+00
0.000000000000000000e+00
0.000000000000000000e+00
1.173805799226101954e-06
0.000000000000000000e+00
8.123382855274030589e-09
5.913588665862334892e-06
6.991771073217023513e-08
0.000000000000000000e+00
6.306946964684811974e-09
0.000000000000000000e+00
2.527499809445998835e-08
9.490954688828878716e-09
0.000000000000000000e+00
2.486402372881002520e-08
1.435519578762978199e-07
1.038138108810926497e-07
6.230022364661635947e-08
1.266636360242046067e-07
1.572897723178812157e-08
6.542987875945982523e-07
1.903085404819648829e-07
1.174564317807380576e-06
4.101709407677844865e-07
7.128899426334101008e-08
2.730317971710860547e-09
3.311301668418309418e-07
3.818804543698206544e-07
7.296321186123222446e-11
2.213499357139880885e-07
9.581486182241860661e-08
6.608767762372735888e-06
8.675012281855742913e-07
1.342599773579422617e-07
9.024175255945010576e-07
3.187843100604936808e-09
1.530966528662247583e-06
1.580964408276486211e-07
5.812310988062563410e-08
2.440335720166331157e-06
4.772022066390491091e-08
3.640916901304080966e-09
5.394524578150594607e-07
2.204757709733939919e-09
2.071190010610735044e-06
1.151413897559905308e-07
0.000000000000000000e+00
1.090554633265128359e-06
5.638468536517393659e-08
1.024271667482423709e-09
6.702346695419691969e-07
1.000870710754497850e-07
5.358766941299109021e-08
2.178613200953805062e-08
0.000000000000000000e+00
2.597935022663477866e-08
0.000000000000000000e+00
0.000000000000000000e+00
0.000000000000000000e+00
0.000000000000000000e+00
3.691321808219072409e-06
8.282265540060507192e-09
3.164601594107807614e-07
1.453277604923641775e-07
0.000000000000000000e+00
0.000000000000000000e+00
0.000000000000000000e+00
4.882096504843502771e-07
0.000000000000000000e+00
0.000000000000000000e+00
4.027284727925461993e-09
1.372427647083895863e-07
0.000000000000000000e+00
1.905324552353704348e-06
2.782031060633016750e-06
0.000000000000000000e+00
1.432949869872857107e-09
1.247176442120689899e-06
3.989483445820951601e-07
0.000000000000000000e+00
0.000000000000000000e+00
1.882561036836705171e-06
0.000000000000000000e+00
0.000000000000000000e+00
7.566649529167079891e-09
1.484443457044903880e-09
3.582105705390858930e-07
0.000000000000000000e+00
4.022093378353019943e-07
2.028171630641395495e-09
0.000000000000000000e+00
6.207571004779310897e-06
1.354418088794773212e-07
2.188381131418282166e-06
0.000000000000000000e+00
0.000000000000000000e+00
9.065383999029563711e-09
1.652709045174560742e-07
3.871270109812030569e-06
7.699114945580731728e-08
4.524371206571231596e-07
5.911099876243497420e-08
0.000000000000000000e+00
0.000000000000000000e+00
0.000000000000000000e+00
0.000000000000000000e+00
0.000000000000000000e+00
4.124142805039809900e-09
4.374799900119796803e-08
1.322040361628751270e-07
7.580485572589168441e-09
0.000000000000000000e+00
2.580604707702605083e-08
0.000000000000000000e+00
9.070240025721432175e-08
5.549892545531065480e-09
4.038991807675529344e-09
2.386376429797110177e-08
1.365258239793831763e-09
5.055416067989426665e-07
1.041948166857764591e-06
1.841693908488650777e-08
1.334947683062637225e-06
1.517023484609580919e-08
1.481017903870451846e-07
2.096695425279904157e-06
4.172210879005433526e-07
6.082611889723921195e-07
9.619005822969484143e-07
4.560114419405181252e-08
7.349571262693643803e-08
2.919345888585667126e-06
1.552992330289271194e-07
7.045084657875122502e-07
1.713729716357192956e-06
1.653347680985461920e-06
4.259576940057741012e-07
1.498961523793695960e-07
9.699177780930767767e-07
3.096555758475005860e-07
4.393263530744206946e-09
2.175141133875513333e-08
1.974087950884495513e-07
6.312293265864354908e-08
7.449428380823519547e-07
7.189836281895622960e-08
8.385854677328552498e-09
1.501991988561712787e-07
3.274782557127764449e-06
7.166419209170271643e-07
1.156989313244594086e-07
5.279283232795251024e-09
1.360363484081972274e-07
5.364785948813732830e-08
1.217054204971645959e-06
2.515479025078093400e-08
5.886038820790417958e-07
9.291968439129050239e-08
1.504717147327028215e-06
1.946018812759575667e-07
1.252141032637155149e-06
0.000000000000000000e+00
1.240255897982933675e-07
3.211485477550013456e-07
0.000000000000000000e+00
1.295866809414292220e-07
8.723309719016469899e-08
1.964856749525623059e-10
2.614240202092332765e-07
0.000000000000000000e+00
3.974714246623989311e-08
4.113900775593037906e-09
9.079585971960568713e-10
3.393878387214499526e-06
4.908513773216327536e-08
0.000000000000000000e+00
0.000000000000000000e+00
1.669260996095545124e-07
0.000000000000000000e+00
0.000000000000000000e+00
2.633283147090992315e-09
0.000000000000000000e+00
0.000000000000000000e+00
0.000000000000000000e+00
1.253996639860588402e-08
0.000000000000000000e+00
0.000000000000000000e+00
1.087634373675427923e-07
9.689725999351139762e-08
4.648827545139511130e-09
1.161169604912970499e-09
1.512195098030133522e-07
1.163623433719784828e-10
2.123350606453300315e-09
2.038108709578878575e-10
0.000000000000000000e+00
7.424230830110900570e-08
0.000000000000000000e+00
8.787760918949061306e-08
6.883139462843246292e-07
0.000000000000000000e+00
9.668293721176723921e-09
3.693941152960178442e-08
0.000000000000000000e+00
8.326146883064211579e-08
0.000000000000000000e+00
7.709529903365819337e-09
1.935612026215949300e-08
7.764707277146953857e-08
0.000000000000000000e+00
5.292678295631958463e-09
0.000000000000000000e+00
8.841682053173371969e-09
0.000000000000000000e+00
2.231324884860441671e-07
7.436708138186531869e-09
0.000000000000000000e+00
2.120386533022156073e-08
2.176471269876856240e-08
0.000000000000000000e+00
0.000000000000000000e+00
0.000000000000000000e+00
0.000000000000000000e+00
0.000000000000000000e+00
0.000000000000000000e+00
0.000000000000000000e+00
0.000000000000000000e+00
0.000000000000000000e+00
0.000000000000000000e+00
0.000000000000000000e+00
0.000000000000000000e+00
0.000000000000000000e+00
0.000000000000000000e+00
9.438222647872862581e-09
0.000000000000000000e+00
6.449110401263169479e-08
0.000000000000000000e+00
7.578521810103211465e-09
0.000000000000000000e+00
9.962231040105962165e-09
3.945790922443848103e-06
0.000000000000000000e+00
1.653639714049859322e-07
0.000000000000000000e+00
0.000000000000000000e+00
0.000000000000000000e+00
4.478761752579885069e-07
6.037898181432410638e-09
0.000000000000000000e+00
3.807708992553671123e-07
3.464008102582738502e-07
0.000000000000000000e+00
0.000000000000000000e+00
0.000000000000000000e+00
0.000000000000000000e+00
0.000000000000000000e+00
0.000000000000000000e+00
0.000000000000000000e+00
0.000000000000000000e+00
0.000000000000000000e+00
6.778569172638526652e-08
0.000000000000000000e+00
0.000000000000000000e+00
0.000000000000000000e+00
4.604713012668071315e-06
0.000000000000000000e+00
8.504505544237872527e-09
8.425317901128437370e-07
8.547529972702250234e-08
2.730827475261321524e-07
4.721437463217625918e-08
3.247120072824571935e-10
7.446665790666884277e-07
3.070537824001462468e-09
1.411323182765045203e-07
3.786992497367691612e-09
0.000000000000000000e+00
1.426895579470510711e-07
1.122851855939188681e-07
1.010031280834766676e-09
3.390685954229866184e-09
2.580456737177883042e-07
4.926911287839175202e-07
1.007169885269831866e-07
7.634437970693852549e-09
3.364631240287963010e-08
1.490983976282223011e-07
5.274862928672519047e-07
2.002513355137125473e-07
3.465479903042023579e-09
1.424525919446750777e-08
2.646559771335432742e-08
2.001042048505041748e-06
5.792787760583451018e-07
7.887345532253675628e-08
1.564339640935941134e-06
7.340779006881348323e-08
0.000000000000000000e+00
0.000000000000000000e+00
1.733686190164007712e-07
9.173952708607657769e-10
2.076966211461694911e-06
7.085674269546871074e-07
0.000000000000000000e+00
2.474649818395846523e-08
0.000000000000000000e+00
1.305510863858216908e-07
8.448780164371783030e-08
3.550889289272163296e-07
7.063109705995884724e-07
0.000000000000000000e+00
4.963714062000690319e-08
0.000000000000000000e+00
0.000000000000000000e+00
9.073025886152663588e-09
3.249941649130505539e-09
5.690518264600541443e-06
2.382727643635007553e-06
3.979794655606383458e-06
3.292708994351301044e-09
0.000000000000000000e+00
6.183400103054736974e-08
0.000000000000000000e+00
3.059446740394378139e-08
2.391058160355896689e-07
1.040140640284903384e-09
2.288990685883618426e-07
3.763536593481831005e-09
1.644761549179918347e-09
1.124941650942901106e-08
0.000000000000000000e+00
0.000000000000000000e+00
0.000000000000000000e+00
0.000000000000000000e+00
0.000000000000000000e+00
0.000000000000000000e+00
0.000000000000000000e+00
0.000000000000000000e+00
0.000000000000000000e+00
1.228729388458305039e-06
1.078534026532906864e-07
2.607476744742598385e-06
0.000000000000000000e+00
1.088646897073886066e-07
4.168286693584377645e-08
5.888879606175123627e-09
1.760618602020258550e-06
8.713201715693230653e-09
0.000000000000000000e+00
0.000000000000000000e+00
2.559124538947799010e-07
1.029702048072067555e-06
0.000000000000000000e+00
0.000000000000000000e+00
0.000000000000000000e+00
0.000000000000000000e+00
8.781538163304958289e-09
1.345199848401534837e-06
2.382618617957632523e-07
2.550129352130170446e-08
0.000000000000000000e+00
0.000000000000000000e+00
0.000000000000000000e+00
0.000000000000000000e+00
1.128471751599136041e-07
0.000000000000000000e+00
0.000000000000000000e+00
0.000000000000000000e+00
0.000000000000000000e+00
0.000000000000000000e+00
0.000000000000000000e+00
3.982207985586683208e-08
1.720394635640332126e-07
1.224236001462486456e-08
0.000000000000000000e+00
0.000000000000000000e+00
0.000000000000000000e+00
0.000000000000000000e+00
0.000000000000000000e+00
0.000000000000000000e+00
0.000000000000000000e+00
5.489157501870067790e-07
3.145313769437052542e-07
6.317559808621808770e-08
1.148191657307506830e-07
1.088369128154909049e-08
1.066689719664282165e-06
1.498404458288860042e-07
1.134883405029540882e-07
8.332076504302676767e-07
9.425309599464526400e-07
1.245763225909968241e-08
6.438075160986045375e-06
8.499466019884494017e-09
3.699541650803439552e-08
0.000000000000000000e+00
3.076729626627638936e-06
0.000000000000000000e+00
3.280303673136586440e-08
8.157606856684651575e-08
2.122838349549738268e-09
6.518228587992780376e-07
3.523838074670493370e-07
2.401643826033250662e-07
6.695441356896481011e-08
9.283684043737139291e-09
3.308583629291206307e-08
0.000000000000000000e+00
2.817549571432209632e-08
4.580360382533399388e-06
3.028679032013315009e-07
2.925740716364089167e-08
0.000000000000000000e+00
8.863901257427642122e-08
2.779896135507442523e-07
1.006008343296116436e-08
8.906532684704870917e-07
1.291824901272775605e-06
6.030962396152972360e-08
3.508115753447782481e-07
1.057985741681477521e-06
2.730240851178677985e-07
6.744019120930033750e-09
1.416250654528994346e-07
0.000000000000000000e+00
4.393053032458738016e-09
1.910739911181735806e-06
1.138521838583983481e-06
1.038406765019317390e-07
4.149933658936788561e-07
1.035762124956818298e-07
1.974874130894477275e-08
3.382565125775727211e-07
2.484870549324114108e-07
0.000000000000000000e+00
1.834988161419914832e-08
1.535687665921159351e-08
2.283123201607395458e-08
0.000000000000000000e+00
5.256848112367151771e-08
3.156344803301180946e-07
8.862345453053421807e-07
2.335125337538102031e-08
2.183590368076693267e-05
1.310569473389477935e-06
3.240729711251333356e-06
8.873532131303818460e-09
2.270981802610094746e-08
5.580868034371633257e-08
1.992813380979896465e-08
1.358864398781634009e-08
0.000000000000000000e+00
0.000000000000000000e+00
0.000000000000000000e+00
0.000000000000000000e+00
6.341244418450742160e-09
0.000000000000000000e+00
7.009302294136432465e-07
3.815579796562218462e-10
1.022073206513596233e-06
2.584708447272987542e-09
0.000000000000000000e+00
1.060734078350833443e-08
0.000000000000000000e+00
0.000000000000000000e+00
8.941411522300768411e-08
0.000000000000000000e+00
0.000000000000000000e+00
0.000000000000000000e+00
0.000000000000000000e+00
7.564861626008223539e-09
4.181377335044089705e-06
4.034472311786885257e-09
5.055523999430988624e-09
9.070206807848535391e-09
4.890278404445780325e-09
8.331802519023767672e-07
2.234382012744617896e-09
4.258886576735676499e-08
1.176651380774274003e-06
1.956342199349592192e-09
2.325996888430381659e-07
1.638079993426799774e-06
0.000000000000000000e+00
3.478113228538859403e-07
3.077879568991193082e-07
1.329118049397948198e-06
5.207838853493740316e-07
0.000000000000000000e+00
0.000000000000000000e+00
0.000000000000000000e+00
4.685482792865514057e-07
0.000000000000000000e+00
1.869090437978115915e-09
0.000000000000000000e+00
0.000000000000000000e+00
2.538916188399298335e-09
0.000000000000000000e+00
1.666426669544307515e-06
7.370761334613007421e-09
0.000000000000000000e+00
0.000000000000000000e+00
0.000000000000000000e+00
0.000000000000000000e+00
0.000000000000000000e+00
8.177117649665888166e-09
0.000000000000000000e+00
0.000000000000000000e+00
4.981155257155478466e-07
3.958875538501160918e-08
0.000000000000000000e+00
1.596768868239450967e-07
0.000000000000000000e+00
0.000000000000000000e+00
3.827503292086475994e-08
0.000000000000000000e+00
0.000000000000000000e+00
4.190896731870452641e-07
5.171046257856914963e-09
3.556120020675734850e-07
8.175276633437533746e-08
3.896522684954106808e-06
3.009010242749354802e-06
7.424403758449216184e-09
1.107746072648296831e-07
3.235487611163989641e-08
4.435166545135871274e-08
1.941569109931151615e-07
2.591617203506757505e-06
9.927842938850517385e-07
2.784131538646761328e-06
2.563558254564668459e-08
1.371418647977407090e-06
2.585613856354029849e-08
9.261676581218125648e-08
5.292809532875253353e-07
1.772486939444206655e-07
1.332170995738124475e-07
6.970592039579059929e-06
1.671807012826320715e-07
1.235844280245146365e-07
1.292899582949758042e-07
2.014925470916750783e-08
2.118686950325354701e-07
1.579936110829294194e-07
4.896218541716734762e-08
1.337040885118767619e-06
9.938848855028936669e-09
7.157797909940200043e-08
6.155336791380250361e-07
3.466418263542436762e-08
2.204163109809087473e-07
5.111422041181867826e-08
7.613573416165309027e-06
2.043568656517891213e-07
2.161978727599489503e-06
0.000000000000000000e+00
0.000000000000000000e+00
0.000000000000000000e+00
0.000000000000000000e+00
1.026229128342492913e-07
1.835308682807124114e-09
2.629018069910671329e-08
7.237525689873791634e-09
1.946858896317849030e-09
0.000000000000000000e+00
9.209323081904585706e-08
9.737627948425142677e-08
0.000000000000000000e+00
1.866303591668838635e-07
5.113419465629931437e-09
0.000000000000000000e+00
1.331220289557677461e-07
1.562079887662548572e-08
1.726101288568315795e-07
0.000000000000000000e+00
0.000000000000000000e+00
1.954947492777137086e-07
0.000000000000000000e+00
0.000000000000000000e+00
0.000000000000000000e+00
0.000000000000000000e+00
9.555780472458863528e-11
1.292483453596560139e-09
1.651568126703750750e-08
2.745472071907784084e-09
0.000000000000000000e+00
1.273656948796997312e-07
0.000000000000000000e+00
1.723106102247129456e-09
0.000000000000000000e+00
3.718950258857489644e-09
4.904268546823686847e-09
1.010333903650462162e-06
8.086654013084171311e-09
3.410275839499377071e-09
0.000000000000000000e+00
0.000000000000000000e+00
2.875488458453645535e-10
0.000000000000000000e+00
0.000000000000000000e+00
0.000000000000000000e+00
2.691988854053306568e-09
0.000000000000000000e+00
5.081579246279943618e-08
0.000000000000000000e+00
1.341629172202374320e-07
7.791486922315016272e-08
3.744213472600677051e-08
0.000000000000000000e+00
0.000000000000000000e+00
1.300065743947698138e-08
7.896758091874289676e-08
0.000000000000000000e+00
0.000000000000000000e+00
0.000000000000000000e+00
4.537505038371136834e-09
0.000000000000000000e+00
0.000000000000000000e+00
3.411136276554316282e-06
5.013617854210394853e-10
1.622312950644300145e-08
0.000000000000000000e+00
0.000000000000000000e+00
0.000000000000000000e+00
0.000000000000000000e+00
0.000000000000000000e+00
0.000000000000000000e+00
2.645362826569908066e-07
0.000000000000000000e+00
5.569267500504793134e-07
0.000000000000000000e+00
3.123659197967754153e-08
1.628001342623974779e-07
0.000000000000000000e+00
0.000000000000000000e+00
4.649167806292098248e-08
0.000000000000000000e+00
0.000000000000000000e+00
2.129615950252627954e-08
3.748669641367996519e-08
0.000000000000000000e+00
0.000000000000000000e+00
0.000000000000000000e+00
1.581688024998584297e-08
0.000000000000000000e+00
0.000000000000000000e+00
0.000000000000000000e+00
0.000000000000000000e+00
0.000000000000000000e+00
0.000000000000000000e+00
0.000000000000000000e+00
0.000000000000000000e+00
1.017130824010337165e-09
0.000000000000000000e+00
0.000000000000000000e+00
0.000000000000000000e+00
9.146335244736292225e-09
9.353770202835676173e-09
4.101851573068415746e-06
2.634670792645010806e-08
1.111444625223612093e-08
5.157439986192002834e-08
3.785127233868479379e-08
2.607432048051805396e-09
2.609397675712443743e-08
5.384597301372195943e-08
2.924209354659978999e-07
2.280278543764779897e-08
2.858451466636324767e-07
0.000000000000000000e+00
7.087829345664431457e-08
6.465056685556191951e-07
4.306212275650977972e-09
2.545527024722105125e-07
5.729297072321060114e-07
1.784251679737280938e-08
4.022922883706314678e-09
1.942708678370763664e-07
5.415552450926952588e-08
1.995919319597305730e-06
4.088998082352190977e-07
3.343255627896724036e-08
7.722280592759034334e-09
1.478688773204339668e-06
1.485887395347162965e-07
2.479829618096118793e-06
4.961365789313276764e-07
2.711853767323191278e-06
3.525429503881127857e-09
4.608620542967400979e-07
2.268977254971105140e-07
7.456737307620642241e-07
1.169233655673451722e-06
7.470504215234541334e-10
3.783498669918117230e-08
3.109784643129387405e-07
0.000000000000000000e+00
4.948244054503447842e-07
6.184070002746011596e-07
1.963848106356635981e-08
1.717698694392311154e-08
6.264969698577260715e-08
4.024464033136609942e-07
0.000000000000000000e+00
2.889153847718262114e-06
3.552833618414297234e-07
9.512022103308481746e-08
1.821568844206922222e-06
0.000000000000000000e+00
2.829370089330041083e-07
0.000000000000000000e+00
0.000000000000000000e+00
2.198147441845321737e-08
9.230581667907244992e-07
1.011211594459382468e-07
6.929845852710059262e-08
0.000000000000000000e+00
0.000000000000000000e+00
0.000000000000000000e+00
1.126247298088856041e-06
4.428920785670698024e-09
8.863572986683720956e-08
1.438160701638935279e-08
2.411514969935524277e-07
0.000000000000000000e+00
3.183743402246363985e-08
9.973870191970490851e-07
3.468476617030091802e-10
1.322101628176142185e-08
5.928690143264248036e-07
0.000000000000000000e+00
0.000000000000000000e+00
0.000000000000000000e+00
2.054014345276300446e-07
0.000000000000000000e+00
0.000000000000000000e+00
0.000000000000000000e+00
0.000000000000000000e+00
8.526591699364871602e-08
3.042139837816648651e-07
1.124104453964491768e-08
5.654494650286778779e-09
2.143696553602580934e-09
7.057570883262087591e-08
6.696125431915334048e-09
0.000000000000000000e+00
9.965987146642873995e-07
1.848816424399046809e-07
0.000000000000000000e+00
9.504009135241631157e-09
2.292471208420465700e-06
0.000000000000000000e+00
5.393327711517015288e-12
0.000000000000000000e+00
0.000000000000000000e+00
6.722893797217466272e-09
0.000000000000000000e+00
0.000000000000000000e+00
9.834653980078655877e-08
0.000000000000000000e+00
1.766097170730063226e-07
7.382717370774116716e-08
6.801136986922529104e-09
0.000000000000000000e+00
3.017375149738654727e-07
3.353764554958615918e-07
1.520083543482542154e-07
3.439203624111542013e-07
7.930594847493921407e-09
6.690967779832135420e-07
8.802365059068506525e-09
0.000000000000000000e+00
4.229785588449885836e-07
0.000000000000000000e+00
0.000000000000000000e+00
0.000000000000000000e+00
3.827777277365385089e-07
5.686302984031499363e-09
1.441494674736532033e-07
0.000000000000000000e+00
0.000000000000000000e+00
4.780208584520551085e-08
0.000000000000000000e+00
0.000000000000000000e+00
1.324909476352331694e-06
0.000000000000000000e+00
2.611960496778920060e-07
0.000000000000000000e+00
0.000000000000000000e+00
2.396252307690360794e-09
0.000000000000000000e+00
1.258687944982739282e-07
0.000000000000000000e+00
8.349301694465793844e-09
0.000000000000000000e+00
0.000000000000000000e+00
0.000000000000000000e+00
0.000000000000000000e+00
0.000000000000000000e+00
5.141972891919976973e-08
0.000000000000000000e+00
4.003545051034507196e-09
0.000000000000000000e+00
0.000000000000000000e+00
0.000000000000000000e+00
7.339731951105932239e-07
0.000000000000000000e+00
0.000000000000000000e+00
0.000000000000000000e+00
0.000000000000000000e+00
5.321577845052161138e-08
5.042539164001880181e-10
2.833912731148302555e-07
1.992031206654587550e-09
2.280268631693616044e-07
5.666074276433619161e-10
1.435909598512807861e-05
2.313220875294064172e-06
1.006925920421508636e-08
2.994647863019395118e-09
7.006056534919480328e-08
3.846151486186499824e-08
1.207401624014892150e-06
7.514805844266447821e-08
9.387878252553605307e-10
3.966956541034960537e-08
1.443418398139328929e-07
3.557021273081772961e-07
6.697466403693397297e-08
0.000000000000000000e+00
6.289195084718812723e-07
7.586687615912524052e-07
1.040259576257085428e-07
8.899713854759738751e-09
8.829081821204454172e-07
1.116558905778219923e-06
2.154871836523852835e-08
1.603597752364294138e-07
0.000000000000000000e+00
4.827080246627701854e-08
5.060838930148747750e-07
7.177177963058056775e-08
1.945810765846545110e-07
1.350734066818404244e-07
1.996166247408837080e-06
7.633601306622495031e-09
6.975731707825616468e-07
5.205621391723980196e-07
1.377307057737198193e-06
2.116167019394765703e-09
3.571436081983847544e-06
9.268221674574306235e-07
9.575021522323368117e-07
4.553818300223611004e-08
1.327926355543240788e-07
4.705947784233721620e-11
6.562452625757941860e-08
0.000000000000000000e+00
1.471760526783327805e-07
1.705797947337828191e-09
6.834038668301900543e-09
0.000000000000000000e+00
1.300271037507627625e-07
1.480087075123037721e-08
5.647180056911338397e-09
2.240484263893449679e-06
4.418836283548444044e-07
2.901507656360990950e-08
0.000000000000000000e+00
1.288293134393825312e-07
2.469062678756017704e-07
0.000000000000000000e+00
1.445806532274218625e-07
0.000000000000000000e+00
4.934116670796129256e-09
0.000000000000000000e+00
2.899670370481999271e-08
0.000000000000000000e+00
5.141579322298639454e-07
0.000000000000000000e+00
0.000000000000000000e+00
0.000000000000000000e+00
0.000000000000000000e+00
0.000000000000000000e+00
0.000000000000000000e+00
0.000000000000000000e+00
0.000000000000000000e+00
0.000000000000000000e+00
1.791964336916862521e-07
7.804687562895651354e-09
1.167782443189935293e-06
4.629210650364257162e-07
3.413382785311114276e-07
1.595510529250887544e-10
0.000000000000000000e+00
0.000000000000000000e+00
9.714283777384480345e-08
0.000000000000000000e+00
1.897694446029163373e-08
3.340873035995173268e-07
2.510295082913671649e-08
0.000000000000000000e+00
0.000000000000000000e+00
7.002077495599223766e-08
8.570006926333917363e-09
0.000000000000000000e+00
1.389728367939824238e-07
1.845587460636011201e-09
0.000000000000000000e+00
0.000000000000000000e+00
0.000000000000000000e+00
7.618818017363082618e-06
0.000000000000000000e+00
5.550570136847454705e-08
0.000000000000000000e+00
0.000000000000000000e+00
7.284053804568202395e-09
7.875904884713236243e-06
0.000000000000000000e+00
0.000000000000000000e+00
0.000000000000000000e+00
0.000000000000000000e+00
0.000000000000000000e+00
1.724962395144302718e-08
3.998313218289695214e-07
8.372663673483771163e-10
0.000000000000000000e+00
0.000000000000000000e+00
0.000000000000000000e+00
1.605223065581640185e-09
0.000000000000000000e+00
3.319858876693615457e-07
1.127894933006245992e-07
2.544906010371050797e-07
1.081245045497780666e-06
7.328599622269393876e-06
5.315710094322412260e-09
3.942238890886073932e-08
1.872386548029680853e-07
1.227637280720728086e-08
3.557713341706403298e-07
1.499727808607076440e-08
0.000000000000000000e+00
5.374884537445723254e-08
3.170626428072864655e-07
0.000000000000000000e+00
1.955506867545864225e-09
1.144981922607257729e-07
4.715061834303924115e-07
0.000000000000000000e+00
7.835275539491703967e-08
4.040353189793677302e-07
7.086711661941080820e-07
3.427053343330044299e-07
6.324479162600482596e-09
4.753261606538217166e-08
1.481724780205695424e-06
6.389682027929666219e-08
1.269951098947785795e-06
6.314465395007573534e-08
1.754389700181491207e-07
1.321087324868130963e-06
3.629304357044560447e-10
1.391329647049133200e-06
3.265183678990979388e-08
1.785564336387324147e-07
1.940006313816411421e-06
3.361111922117743234e-08
4.603396064339904115e-08
3.434113978073582985e-06
5.424092250905232504e-07
5.239950251478830978e-09
0.000000000000000000e+00
1.486971655140223447e-06
0.000000000000000000e+00
3.383422608749242499e-07
0.000000000000000000e+00
5.543456182977024582e-08
0.000000000000000000e+00
7.909186905408205348e-08
0.000000000000000000e+00
7.762528753119113389e-07
7.790870171220376506e-08
0.000000000000000000e+00
2.444182655381155200e-06
1.225324808729055803e-06
2.816361757140839472e-07
3.072151599781136611e-08
3.505550338900320639e-08
8.698839337739627808e-08
2.386433948231569957e-07
0.000000000000000000e+00
4.680121492128819227e-06
1.086500631686249108e-07
5.042945261379827571e-08
8.219175562373948196e-09
1.008813121927687462e-08
0.000000000000000000e+00
0.000000000000000000e+00
2.269985515113148722e-07
0.000000000000000000e+00
1.910225137180532329e-06
0.000000000000000000e+00
7.197525064839283004e-08
0.000000000000000000e+00
0.000000000000000000e+00
3.236912604620556522e-08
0.000000000000000000e+00
1.641327003198966850e-06
0.000000000000000000e+00
5.628234323040715026e-09
4.176604306849185377e-08
1.360032001684885472e-06
3.967179029729095419e-09
5.753923115747738848e-09
0.000000000000000000e+00
0.000000000000000000e+00
0.000000000000000000e+00
0.000000000000000000e+00
0.000000000000000000e+00
1.885380811472714413e-07
1.071813304776014775e-08
8.671499784895786433e-08
1.031581220445332292e-08
2.628786717195907841e-07
2.576637427864625352e-07
2.034722825783319422e-07
0.000000000000000000e+00
0.000000000000000000e+00
1.260406889969090116e-07
7.591339823420639732e-08
0.000000000000000000e+00
8.874119217239240243e-09
3.578126381853508065e-07
1.109463010351419143e-08
0.000000000000000000e+00
2.709452701310510747e-06
6.343703944367007352e-07
0.000000000000000000e+00
1.689935373860862455e-07
2.491965005901874974e-06
0.000000000000000000e+00
8.242674098823954409e-09
8.757825753491488285e-07
1.265609341771778418e-07
1.587234123689995613e-06
0.000000000000000000e+00
3.032605278008304595e-09
8.074843904637418746e-09
3.648052313565131044e-07
1.570905627801266746e-09
4.919115326629253104e-06
2.361024826313951053e-06
0.000000000000000000e+00
1.955518342811046750e-07
1.418092210769827943e-06
0.000000000000000000e+00
4.846128387470116650e-09
5.389531665400681959e-08
3.073719279100828317e-09
0.000000000000000000e+00
0.000000000000000000e+00
0.000000000000000000e+00
4.359716143653713516e-09
0.000000000000000000e+00
0.000000000000000000e+00
1.148932393668644636e-09
0.000000000000000000e+00
1.543821213090268429e-06
4.818253387384174857e-07
8.727099043426278513e-07
0.000000000000000000e+00
0.000000000000000000e+00
0.000000000000000000e+00
0.000000000000000000e+00
0.000000000000000000e+00
0.000000000000000000e+00
0.000000000000000000e+00
1.732365140227898337e-09
1.069546229359730205e-09
0.000000000000000000e+00
0.000000000000000000e+00
0.000000000000000000e+00
4.373116624378781125e-08
0.000000000000000000e+00
0.000000000000000000e+00
5.012912307478245566e-10
0.000000000000000000e+00
1.228221549354202580e-06
2.154258027076139115e-06
1.463656529310242149e-09
9.045859883372031618e-08
4.056796285567543237e-07
8.502180435243644752e-07
0.000000000000000000e+00
0.000000000000000000e+00
0.000000000000000000e+00
3.696709072187331913e-08
7.239125920932565350e-07
7.080778914314578287e-07
6.017510378875101651e-10
8.056943556766782422e-07
0.000000000000000000e+00
6.593143098143627867e-08
1.618355781829450279e-06
7.802857915351069096e-09
2.500179562048288062e-06
1.311829862515878631e-07
1.777736997610190883e-07
2.937738941000134218e-07
2.843793200923983022e-09
3.888344224378670333e-08
8.566306775037446641e-08
3.957983665259234840e-07
5.029190397465299611e-10
6.486336356914534917e-09
2.393282102275406942e-06
8.398545219279185403e-07
5.941283234278671443e-07
1.451112211725558154e-06
6.238461764951352961e-07
0.000000000000000000e+00
0.000000000000000000e+00
1.204511903551974683e-07
3.122400124913604635e-12
3.019765415501751704e-08
4.658847387872810941e-07
0.000000000000000000e+00
1.193576570912568968e-09
1.454262701372499578e-06
8.312627919337955973e-09
3.283807359366619494e-08
0.000000000000000000e+00
1.171856922610459151e-07
1.296575533160648774e-06
1.387283066200950543e-09
1.631609393371036276e-06
3.965929522564692888e-07
5.158462386134488042e-07
7.059343261062167585e-07
0.000000000000000000e+00
5.079134623997560993e-08
2.167885668313829228e-06
7.573586913167673629e-08
0.000000000000000000e+00
0.000000000000000000e+00
0.000000000000000000e+00
0.000000000000000000e+00
3.418939797938946867e-07
9.014969037934861262e-08
0.000000000000000000e+00
0.000000000000000000e+00
8.068095525004537194e-09
6.764278581705696070e-10
0.000000000000000000e+00
0.000000000000000000e+00
0.000000000000000000e+00
0.000000000000000000e+00
0.000000000000000000e+00
2.427044023534108419e-07
0.000000000000000000e+00
2.390913600436306297e-08
2.581851399341417164e-09
0.000000000000000000e+00
7.453789407918520737e-07
2.914632943884498673e-07
0.000000000000000000e+00
1.343975100098759867e-07
6.809668828822168507e-09
0.000000000000000000e+00
0.000000000000000000e+00
0.000000000000000000e+00
0.000000000000000000e+00
7.271407365116999699e-10
0.000000000000000000e+00
4.613396953345727525e-08
0.000000000000000000e+00
0.000000000000000000e+00
0.000000000000000000e+00
7.540299634678504503e-11
0.000000000000000000e+00
0.000000000000000000e+00
4.916631155538198072e-07
0.000000000000000000e+00
0.000000000000000000e+00
0.000000000000000000e+00
0.000000000000000000e+00
0.000000000000000000e+00
0.000000000000000000e+00
0.000000000000000000e+00
0.000000000000000000e+00
1.439276253734078637e-09
0.000000000000000000e+00
0.000000000000000000e+00
0.000000000000000000e+00
0.000000000000000000e+00
0.000000000000000000e+00
0.000000000000000000e+00
0.000000000000000000e+00
0.000000000000000000e+00
0.000000000000000000e+00
0.000000000000000000e+00
0.000000000000000000e+00
4.122237218240343282e-09
2.751024474889618432e-08
1.610989670552953612e-07
4.732754860015120357e-06
3.019141558979754336e-07
8.609712942586611462e-09
8.189830964511202183e-07
5.015587500878382343e-09
9.332135419981568702e-08
6.771242766490104259e-08
4.102750494894280564e-07
7.998369824235851411e-07
9.942727530187767115e-09
1.909544522504802444e-09
2.768715035017521586e-07
3.854450980611545674e-09
9.641639486801523162e-09
1.732519478991889628e-07
1.484424956288421527e-07
5.848168527222696866e-08
2.463440118560811243e-09
0.000000000000000000e+00
7.731698303814482642e-08
0.000000000000000000e+00
9.481418032919464167e-07
1.738572841247787437e-08
2.124310505280391226e-09
1.075627480418006598e-07
1.485463769768102793e-07
5.688989901386776182e-08
1.328702978753426578e-06
5.985775146655214485e-07
1.385175664836424403e-06
3.217634230168187059e-07
4.279695708930830733e-09
7.529996764787938446e-06
0.000000000000000000e+00
1.962204692063096445e-07
0.000000000000000000e+00
2.407956287697743392e-07
0.000000000000000000e+00
1.414203438798722345e-07
2.593866952338430565e-07
8.623121772188824252e-08
1.683244192918209592e-07
3.678694042719143908e-07
9.932021072245333926e-08
3.916864610431503024e-09
2.138541276508476585e-06
1.366417876624836936e-07
3.135758319672277139e-09
0.000000000000000000e+00
6.625724968678525784e-11
5.557194260319420209e-09
9.834135994424286764e-08
2.799716298795829061e-07
2.214805817857268266e-06
3.162539883305726107e-07
3.646230872789146815e-09
7.418139489345776383e-07
3.231242118317823042e-08
1.114082351705292240e-06
7.246990119114116169e-09
4.862374112235556822e-07
1.318468623168200793e-08
6.343001928144076373e-07
6.340431735196716545e-09
1.623177980913936835e-10
5.573422640736680478e-06
2.551652187321451493e-07
0.000000000000000000e+00
1.521798793646667036e-07
2.237620293499276158e-07
0.000000000000000000e+00
2.879605744965374470e-07
1.285965822717116680e-06
0.000000000000000000e+00
0.000000000000000000e+00
0.000000000000000000e+00
4.841288703261170667e-09
6.454092371654951421e-09
0.000000000000000000e+00
1.122988692259241361e-06
0.000000000000000000e+00
0.000000000000000000e+00
0.000000000000000000e+00
0.000000000000000000e+00
2.510061278826469788e-07
0.000000000000000000e+00
0.000000000000000000e+00
0.000000000000000000e+00
5.778266398692721850e-08
8.846543941842810455e-09
0.000000000000000000e+00
0.000000000000000000e+00
0.000000000000000000e+00
4.535317607579081312e-11
0.000000000000000000e+00
0.000000000000000000e+00
0.000000000000000000e+00
6.725124901407752986e-09
8.236993664922920289e-08
4.193167626453941921e-07
2.863502213124036189e-10
1.958727864348475123e-07
0.000000000000000000e+00
0.000000000000000000e+00
1.100899567063606810e-06
6.480837644318171442e-09
1.018550521703076583e-10
0.000000000000000000e+00
4.620244808961615490e-08
4.545422527257869660e-08
0.000000000000000000e+00
0.000000000000000000e+00
0.000000000000000000e+00
8.663404571507271612e-08
2.178901041816061479e-07
0.000000000000000000e+00
0.000000000000000000e+00
5.495640834851656109e-06
0.000000000000000000e+00
0.000000000000000000e+00
5.565872740476152103e-08
5.049825801961560501e-08
0.000000000000000000e+00
2.197948667514992849e-08
8.491269021249081561e-09
4.736590231146919905e-09
0.000000000000000000e+00
0.000000000000000000e+00
0.000000000000000000e+00
0.000000000000000000e+00
6.584329526049259584e-09
0.000000000000000000e+00
0.000000000000000000e+00
1.464804988415835396e-08
3.165079975886442298e-09
1.207831434868467113e-08
3.564045982784591615e-07
4.709215239984132495e-09
1.747842759414197644e-07
5.004712644307574010e-09
2.158116103601059876e-07
1.171575718217354733e-06
3.819586709141731262e-07
2.658240916275644850e-08
8.965932352111849468e-08
7.353119713116029743e-07
4.016541765849979129e-08
0.000000000000000000e+00
0.000000000000000000e+00
0.000000000000000000e+00
6.302483598119579256e-06
0.000000000000000000e+00
2.447173983455286361e-07
2.330129973415751010e-07
3.396643633024609699e-09
1.166884366909926030e-08
1.541033896046428708e-07
2.092378714735332323e-08
1.830556366211322228e-11
4.568743605659619789e-08
2.035041646308854979e-08
2.620661518903943943e-07
3.912264503469486954e-07
1.741290560630659456e-07
8.927086696530750487e-07
1.095727157007786445e-06
5.095796950627118349e-06
7.594222779516712762e-07
3.801141872372681974e-07
2.348441512367571704e-06
3.337322311836032895e-07
1.298650545322743710e-06
4.397865893679409055e-07
0.000000000000000000e+00
1.032149015145478188e-07
0.000000000000000000e+00
2.417898713247268461e-06
8.513892169048631331e-08
7.461412678821943700e-07
5.811379537590255495e-07
5.322347078617895022e-07
3.346181642882584129e-08
3.231384582136342942e-08
7.422445378324482590e-07
1.306200009265623407e-10
2.470278426258687432e-09
0.000000000000000000e+00
6.112333039709483273e-07
5.542077587961102836e-07
1.062201863533118740e-05
1.156630673904146533e-06
2.209986860179924406e-08
0.000000000000000000e+00
0.000000000000000000e+00
1.406617844423863062e-08
2.777764906980451087e-09
0.000000000000000000e+00
6.274194941369160006e-09
1.398302202915147063e-07
4.208181536569099990e-08
0.000000000000000000e+00
1.234649289472145028e-07
3.519828695175419853e-08
1.444955017859683721e-07
1.268617353389345226e-07
7.708479410339919013e-10
2.941547450063808355e-07
7.547004798880152521e-09
1.001580585580086336e-06
0.000000000000000000e+00
2.345908178824629431e-08
9.743211393242745544e-08
1.462094729731688858e-07
0.000000000000000000e+00
0.000000000000000000e+00
0.000000000000000000e+00
3.081963484419247834e-07
1.138398033617704641e-06
0.000000000000000000e+00
0.000000000000000000e+00
0.000000000000000000e+00
0.000000000000000000e+00
4.895131855420231659e-09
9.770037223688632366e-09
0.000000000000000000e+00
2.692882139498919969e-09
3.378142210408441315e-08
1.488160705775953829e-08
0.000000000000000000e+00
1.092790657963860212e-08
0.000000000000000000e+00
1.595606477167166304e-06
7.415172920133272783e-09
5.865182828301840345e-08
4.798645036885318405e-09
2.453870706631278154e-08
1.959638211701530963e-06
0.000000000000000000e+00
7.424207524309167638e-07
8.363784331777424086e-08
3.491443933967275370e-08
3.341985177485184977e-08
6.664212151008541696e-07
7.590188744188708370e-08
1.419556667769938940e-07
4.143967657910252456e-08
3.856364949594848213e-10
3.755801003535452764e-09
8.606306778347061481e-08
1.159690867780227563e-07
1.892209233744779340e-08
8.688916253163370129e-09
3.049444217140262481e-07
3.745310834801784949e-07
3.082747923599526985e-07
5.649140803143382072e-06
1.436581896996358410e-06
5.592064056259005156e-08
5.311343365121956595e-09
1.963757227940732264e-07
2.156511555995166418e-07
2.056298853858606890e-06
1.467371912866610728e-08
4.587128898947412381e-09
2.387457016084226780e-06
3.351428858877625316e-07
0.000000000000000000e+00
1.151892519146713312e-07
6.077668146531323146e-09
0.000000000000000000e+00
3.808604844834917458e-07
4.115206841959206940e-09
5.095832875667838380e-07
8.390846232941839844e-06
6.153559866106661502e-07
8.656799721507013601e-09
1.716496633719089004e-08
5.896904653468482138e-08
1.396342708126496746e-09
1.068709025275893509e-06
3.082128898768132785e-07
1.203131017035730110e-08
1.115189540712435701e-08
7.974392701726173982e-07
1.609586064432733110e-08
1.949620020980091795e-08
6.638917682266765041e-08
2.672441610229725484e-07
2.317672809226678510e-08
7.422817471791631760e-09
4.427029409725946607e-08
4.371488415699786856e-08
0.000000000000000000e+00
3.177512297725115786e-08
1.415166983598226125e-09
2.101114660035818815e-06
2.240881435966457502e-08
0.000000000000000000e+00
3.013897575954160857e-09
5.163143690367633099e-09
3.076853216654740208e-09
0.000000000000000000e+00
1.357790608835784951e-07
0.000000000000000000e+00
0.000000000000000000e+00
2.359957562703129952e-09
1.623551071361362119e-07
7.221905775622872170e-07
0.000000000000000000e+00
0.000000000000000000e+00
4.338035068940371275e-07
0.000000000000000000e+00
0.000000000000000000e+00
0.000000000000000000e+00
0.000000000000000000e+00
0.000000000000000000e+00
0.000000000000000000e+00
0.000000000000000000e+00
1.194533751913695596e-07
0.000000000000000000e+00
0.000000000000000000e+00
0.000000000000000000e+00
0.000000000000000000e+00
0.000000000000000000e+00
0.000000000000000000e+00
0.000000000000000000e+00
0.000000000000000000e+00
0.000000000000000000e+00
0.000000000000000000e+00
1.351463794208029867e-07
6.173959121724692523e-08
0.000000000000000000e+00
3.405711368031916209e-06
0.000000000000000000e+00
0.000000000000000000e+00
6.559513394677196629e-07
7.506940278290130664e-07
1.632107682780770119e-06
0.000000000000000000e+00
3.235694023828727950e-08
1.618762790478456282e-09
0.000000000000000000e+00
1.325635867743812923e-08
0.000000000000000000e+00
5.694517994925263338e-07
9.907225262395513710e-09
0.000000000000000000e+00
4.161478628361692245e-08
8.987199748844432179e-07
1.962526084753335454e-06
0.000000000000000000e+00
0.000000000000000000e+00
1.988304798583584443e-10
1.856223064145012813e-09
8.674838625211123144e-09
0.000000000000000000e+00
2.987437497381506546e-08
0.000000000000000000e+00
7.103080790216154128e-09
2.035345687545486726e-06
0.000000000000000000e+00
7.603001250799934496e-08
2.448009581712540239e-07
0.000000000000000000e+00
0.000000000000000000e+00
7.700855064740608213e-09
0.000000000000000000e+00
0.000000000000000000e+00
0.000000000000000000e+00
0.000000000000000000e+00
4.133315911758472794e-09
6.057457646591046796e-09
7.288664249927023775e-08
2.352153160245507024e-06
0.000000000000000000e+00
0.000000000000000000e+00
2.403237715498107718e-07
6.075467808841494843e-07
1.187808185143524042e-11
0.000000000000000000e+00
5.858530585101107135e-06
0.000000000000000000e+00
0.000000000000000000e+00
1.348453970706486871e-08
0.000000000000000000e+00
5.128227176243171925e-09
0.000000000000000000e+00
9.827052949162862205e-09
0.000000000000000000e+00
0.000000000000000000e+00
7.242119792749690532e-09
8.983664656625478528e-08
4.728897806671739090e-07
2.592672521117833639e-09
1.626218477213114966e-06
9.075111506717803422e-08
3.353090693991589433e-09
1.210664663631177973e-06
1.658786686675739475e-06
2.937277372438984457e-07
1.405166244694555644e-06
1.977046650836200570e-07
1.984859636650071479e-07
7.614928563270950690e-07
8.138602424878627062e-06
8.233571975324593950e-07
5.427883706943248399e-07
1.628800646358286031e-06
6.722549272808464593e-08
2.644785297434282256e-07
1.110905259338323958e-06
5.028742293688992504e-07
4.102413129203341668e-07
4.907043660296039889e-09
5.317899649526225403e-07
5.934713271926739253e-07
2.498210349699547805e-08
3.599938835918692348e-08
6.162751731153548462e-08
0.000000000000000000e+00
0.000000000000000000e+00
9.076196647583856247e-07
0.000000000000000000e+00
7.669954449340821157e-09
0.000000000000000000e+00
0.000000000000000000e+00
0.000000000000000000e+00
0.000000000000000000e+00
8.676062748236290645e-07
2.291620376126957126e-06
4.526461907516932115e-06
8.000386131357117847e-09
2.080577488072776760e-09
0.000000000000000000e+00
9.284684132637721632e-09
6.404130559189979977e-09
0.000000000000000000e+00
1.903228650235178065e-07
0.000000000000000000e+00
0.000000000000000000e+00
3.772702289461804526e-11
0.000000000000000000e+00
0.000000000000000000e+00
0.000000000000000000e+00
0.000000000000000000e+00
0.000000000000000000e+00
0.000000000000000000e+00
2.806582299896831501e-09
2.050971090739039937e-07
7.245678546041744994e-08
0.000000000000000000e+00
5.357371435366076184e-09
2.002888299657001880e-09
1.606391109021387820e-08
0.000000000000000000e+00
0.000000000000000000e+00
0.000000000000000000e+00
0.000000000000000000e+00
9.580871252606870669e-13
1.795657289527241574e-09
8.193580036675029987e-09
6.572786787728546187e-06
7.394469889732135925e-07
5.293961935493030069e-10
0.000000000000000000e+00
2.497054474304150062e-08
1.127421356272861885e-08
5.823650326419738121e-07
2.743771005953021813e-07
4.790394569909040001e-08
3.242954349502724654e-08
2.135247541446005926e-06
1.365703269584628288e-06
6.882594334456371143e-07
7.149425869101833086e-07
4.678543419345260190e-08
1.999311052713892423e-06
8.470746024613617919e-07
7.844934089007438160e-07
1.313395880941925498e-08
2.825579713316983543e-06
1.153650188712163072e-07
8.509736026951486565e-09
2.130222810592385940e-06
1.135220941250736360e-06
2.029110213186413603e-09
1.388830241921823472e-06
2.117251227673477842e-07
1.023782374431903008e-06
1.501439328421838582e-08
4.267456461093388498e-06
1.400150773100961032e-09
3.794554892522228329e-09
3.934680492534425866e-08
3.649981650255540444e-09
1.095038086873501015e-07
1.068871711140673142e-06
1.200479271545873416e-08
2.598286918953363056e-08
1.622382894694851529e-09
8.328994383077770181e-09
2.995292902596702334e-07
3.136354731481105773e-09
2.330904635527986102e-06
9.903738273919771018e-09
8.353850944331497885e-09
4.081189379501193315e-12
2.977781221602526784e-08
1.729496901248239737e-08
1.518440342351823347e-07
4.840298473141046998e-08
1.172192924059345387e-06
1.016731232539314078e-08
6.687607765343273059e-07
1.622969989512057509e-06
0.000000000000000000e+00
5.396130209334160099e-09
1.057768628243138664e-07
1.829444386203249451e-06
3.217258154109003954e-06
4.248011009622132406e-06
0.000000000000000000e+00
1.526858426359467558e-07
3.192501552007342980e-08
0.000000000000000000e+00
2.928934179635689361e-07
2.392253062311056055e-09
1.752796685572377555e-09
1.150198691846071597e-08
0.000000000000000000e+00
1.611041284377279226e-06
2.443091062787061674e-08
2.863247416939884715e-09
2.887639766413485631e-06
1.104969101106689777e-06
1.422269662043618155e-07
2.086690074065700173e-07
1.049995468349607108e-08
0.000000000000000000e+00
7.344182206825422554e-11
5.536759317692485638e-08
2.956082596483611269e-07
5.143964421083779825e-11
3.345151640132826287e-07
1.379159328962487052e-07
1.058000407283543609e-07
1.784064096455040271e-08
8.234368742421338538e-09
2.343687128814053722e-07
2.167039099276735215e-07
3.855791241846873163e-09
3.778014345812152897e-08
1.584918152275349712e-07
9.472703936808102299e-07
1.113315306611184496e-06
1.604689714440610260e-06
2.092966333577805926e-08
1.817132101677998435e-06
7.123598493308236357e-07
6.521954105664917734e-07
1.458511292184994090e-06
3.513244450914498884e-07
2.491072592647469719e-08
1.159052942512062145e-07
0.000000000000000000e+00
1.380105185688762504e-08
1.007765337845967224e-08
1.592685975992935710e-06
0.000000000000000000e+00
7.931198808819317492e-08
4.188258628801122541e-07
8.248634486562878010e-08
2.164166446050330705e-08
5.946641522314166650e-06
2.078576244457508437e-07
5.731196779379388317e-06
1.451120965612062719e-06
1.794691861789488030e-08
4.486070537268460612e-08
1.149856743154487049e-07
7.835906785658153240e-07
1.224896961637966797e-09
5.523402251128572971e-07
8.883932167691455106e-08
3.185043340181437088e-08
1.010617278751624326e-08
0.000000000000000000e+00
1.756964593369048089e-06
5.732128993685137175e-09
5.163099672245152760e-07
1.226899485118337907e-06
1.031435317599971313e-06
4.202239667350227137e-10
1.360648525405849796e-06
7.309662208854206256e-09
6.066987801034429140e-09
1.103682123471116938e-07
1.440497410243324339e-08
2.145903295058815274e-07
1.308583374992622339e-08
0.000000000000000000e+00
1.037285635163698316e-08
2.271584520485703251e-07
6.862684642783278832e-09
1.227805682901816908e-06
3.626465741035644896e-07
1.650843350908814955e-09
0.000000000000000000e+00
0.000000000000000000e+00
1.653234335208253469e-06
1.156360099230369087e-06
1.198207201014156453e-06
5.899110089302439519e-09
1.201425590124927112e-07
0.000000000000000000e+00
3.610007404120096908e-09
0.000000000000000000e+00
1.836458523030159995e-07
1.056168983382121951e-07
0.000000000000000000e+00
9.801274813980853651e-08
4.503692530022362916e-09
1.419028467353200540e-05
2.378301644512248458e-08
3.557748584626096999e-08
9.901165043402215815e-08
0.000000000000000000e+00
1.272659133633169404e-08
0.000000000000000000e+00
1.279278336596689769e-07
5.395759217208251357e-07
8.538096381016657688e-07
7.490805309373627097e-09
0.000000000000000000e+00
4.345611870348875527e-08
2.612532910006848397e-07
1.104148168451501988e-06
2.996786747644364368e-07
1.453984737054270227e-07
7.034570614905533148e-08
4.588306623531934747e-09
1.148289143770853116e-07
6.575882061099491693e-09
1.324668552626917517e-08
1.757217660269816406e-07
4.663487231937324395e-07
5.087117187940748408e-06
4.392825214694084934e-09
4.511726103828550549e-07
5.139889367455907632e-07
1.021307483028977003e-08
2.325026571270427667e-06
6.913749928116885712e-08
9.415253998668049462e-07
5.061663088667955890e-08
3.082034538692823844e-08
1.453817191077177995e-07
1.427973472800658783e-07
3.796335931838257238e-06
2.369936282775597647e-06
4.306879830551224586e-08
1.994420017581433058e-06
2.579934516688808799e-06
0.000000000000000000e+00
3.302623667877924163e-07
8.714470141057972796e-07
4.066394332369327458e-09
1.148958972407854162e-06
1.779840914650776540e-07
0.000000000000000000e+00
1.771204210854193661e-06
1.288222080120249302e-07
7.148969416448380798e-07
2.293297329813981378e-09
0.000000000000000000e+00
2.708042643462249544e-07
1.335567301197215784e-08
1.127676424461654392e-10
8.882282998001755914e-08
5.680725735146552324e-06
3.687048222289490695e-09
3.944055151805514470e-06
4.699567853094777092e-06
2.175925828851177357e-06
1.254264816452632658e-06
8.149131502932505100e-08
4.086407212611220530e-09
2.354676631455276947e-08
2.365148255023541424e-08
3.693462247156276135e-08
0.000000000000000000e+00
2.570066381935021127e-09
1.633144620427628979e-06
0.000000000000000000e+00
2.325741519371149479e-07
1.440029393506847555e-07
1.627466303943947423e-07
8.018800912168444484e-08
1.579219997438485734e-06
0.000000000000000000e+00
1.653322243555521709e-07
8.074381980804901104e-07
4.394587733713706257e-07
6.133819852038868703e-08
1.278587092201632913e-06
1.050915088285364618e-07
6.664333085382168065e-09
0.000000000000000000e+00
3.685101646055954916e-08
6.857936440951561963e-09
1.681715730228461325e-06
3.579436480549702537e-08
6.924055773183113160e-11
6.433863745769485831e-06
2.644008212371318223e-08
0.000000000000000000e+00
1.428264506664334021e-09
6.516980732840238488e-08
8.097078563196191681e-09
9.176836101687513292e-06
9.773024167714083887e-09
1.151823454392797430e-07
0.000000000000000000e+00
0.000000000000000000e+00
0.000000000000000000e+00
5.035665751051965344e-08
1.304640040444837723e-08
3.452322289376752451e-06
5.808844960597525642e-09
3.048658925308700418e-07
1.385734194059295987e-08
1.315723920924938284e-07
0.000000000000000000e+00
9.271013290401697304e-09
1.243914198312268127e-06
5.448734441415581387e-08
3.359593492291423900e-08
3.602686319936765358e-06
1.703753360615678503e-09
7.682315583679155679e-08
2.827387435289097084e-09
2.628342770094604930e-07
2.429944689907870270e-09
9.035753478769947833e-09
3.716427841027325485e-07
2.373128182853179169e-08
8.336174062151258113e-08
7.975483384825565736e-09
1.129119411302781373e-07
1.434638896569140343e-08
1.170906216430012137e-08
1.850698794214622467e-07
3.603691123288399467e-09
3.208850296587684170e-09
1.352874523519176364e-08
5.424662496977816772e-09
8.985393407101582852e-08
5.721209728193343835e-09
2.635128026895472431e-08
9.708786592454998754e-07
1.086263310412505234e-07
2.460918494762154296e-06
9.991439355871989392e-07
1.103192971640964970e-06
5.854336126986936506e-09
2.285975853055788320e-07
1.797874205067273579e-07
1.590944975760066882e-07
1.174894421751560003e-07
1.288673416866004118e-07
9.567197167825725046e-08
0.000000000000000000e+00
4.064724180352641270e-06
3.007173177138611209e-08
5.850486761715956163e-09
2.203272941869727219e-08
3.579687472665682435e-06
1.119458602261147462e-06
1.451817865927296225e-06
5.429713567650651385e-09
0.000000000000000000e+00
0.000000000000000000e+00
1.006638550293814660e-09
1.496007584478320496e-08
3.712953278167674398e-10
0.000000000000000000e+00
1.360561327601317316e-06
1.709950538497650996e-06
1.244061138550023315e-07
9.010610035886656988e-09
5.420022830548987258e-08
2.814222455072012963e-07
5.318052487268687401e-08
0.000000000000000000e+00
0.000000000000000000e+00
1.540584904091701901e-08
1.878416755474177080e-09
6.643594588240375742e-06
0.000000000000000000e+00
1.174905719381058589e-07
6.965154564220199518e-10
1.036766583695225563e-08
3.705767470663090535e-09
2.125662206253764452e-07
3.389906453321600566e-07
3.176010920924454695e-07
0.000000000000000000e+00
0.000000000000000000e+00
1.152227824263718503e-07
0.000000000000000000e+00
7.585554406830397056e-09
4.491429024255921831e-07
1.539780356552000740e-07
2.597062120912596583e-06
0.000000000000000000e+00
0.000000000000000000e+00
1.059007725956462309e-08
3.804603299073505696e-09
4.750008025800056544e-11
1.937795257589414177e-09
2.228153334726812318e-06
9.233001030395371345e-09
1.855477478329703445e-07
0.000000000000000000e+00
0.000000000000000000e+00
0.000000000000000000e+00
7.936093737725968822e-08
0.000000000000000000e+00
1.098178881164812992e-08
0.000000000000000000e+00
0.000000000000000000e+00
1.918030356762301381e-08
7.295114414773706812e-07
0.000000000000000000e+00
1.808716802997878403e-07
0.000000000000000000e+00
1.449637693440308794e-06
3.335962617256882368e-07
1.069935592568072025e-06
1.778480118730385584e-08
0.000000000000000000e+00
5.213625087208129116e-09
0.000000000000000000e+00
4.012261911601200381e-10
4.963064981211573468e-08
0.000000000000000000e+00
0.000000000000000000e+00
8.026843545394513058e-08
1.114661131396132987e-06
2.399227261307146364e-09
0.000000000000000000e+00
5.695224444934865460e-06
1.509564384605255327e-08
1.370995761362792109e-09
1.073563353770623507e-07
5.742017350485184579e-08
3.409320603608989586e-10
3.166648525620985311e-07
9.639917379899998195e-07
0.000000000000000000e+00
5.125909297021280508e-07
0.000000000000000000e+00
2.396809195559512773e-09
2.808691306199762039e-06
2.585339188954094425e-06
1.741615704986543278e-07
4.417659571487320136e-09
1.175447472689938877e-08
5.014385351387318224e-07
5.237738687213777666e-09
9.676360832600039430e-07
1.745821975873695919e-07
1.771875645317777526e-06
4.057335800666805881e-09
2.197465818198907073e-07
3.819009180006105453e-07
2.480504512902825809e-08
0.000000000000000000e+00
7.612841272930381820e-07
2.216812333699635928e-08
1.565932983282891655e-08
3.985480556689680043e-10
8.229303460893788724e-09
0.000000000000000000e+00
0.000000000000000000e+00
4.438655594185547670e-07
7.806856956449337304e-07
4.442153755945810190e-09
1.738853029564779717e-06
1.816246850694369641e-07
5.164789058653695974e-07
1.444145709683652967e-07
8.705776551043431510e-12
0.000000000000000000e+00
1.142625336569835781e-07
1.203355850520893000e-06
0.000000000000000000e+00
2.139417087931860806e-09
1.723686295918014366e-07
0.000000000000000000e+00
2.078254723869576992e-08
3.676658533180443555e-09
0.000000000000000000e+00
1.814514938303091185e-08
2.563066345828701742e-06
1.271332166652427986e-05
0.000000000000000000e+00
0.000000000000000000e+00
4.127523425268009305e-07
0.000000000000000000e+00
0.000000000000000000e+00
0.000000000000000000e+00
9.014200941237504594e-08
1.226997454750744510e-07
0.000000000000000000e+00
1.609875994290632661e-06
0.000000000000000000e+00
1.239687037468684139e-07
5.182545503856772484e-09
4.821864877158077434e-06
0.000000000000000000e+00
0.000000000000000000e+00
2.120534190908074379e-06
0.000000000000000000e+00
0.000000000000000000e+00
2.112105379481477030e-09
0.000000000000000000e+00
2.944500749890721636e-07
0.000000000000000000e+00
0.000000000000000000e+00
8.756161662404338131e-08
0.000000000000000000e+00
0.000000000000000000e+00
0.000000000000000000e+00
1.017228790090030088e-08
2.231397844276727938e-10
0.000000000000000000e+00
2.225337691896811521e-09
3.526341743054217659e-07
0.000000000000000000e+00
1.060364951399606070e-08
0.000000000000000000e+00
3.031133246622630395e-06
3.743314778148487676e-07
6.549841558012303722e-09
1.490365519885017420e-07
0.000000000000000000e+00
0.000000000000000000e+00
2.490945671951294571e-09
1.269120559754810529e-07
5.850055373457507812e-08
0.000000000000000000e+00
6.014024278577778659e-10
0.000000000000000000e+00
8.380943938846030505e-08
0.000000000000000000e+00
0.000000000000000000e+00
0.000000000000000000e+00
0.000000000000000000e+00
0.000000000000000000e+00
0.000000000000000000e+00
0.000000000000000000e+00
0.000000000000000000e+00
1.564734120051980426e-08
4.358634669188177213e-06
4.539195117558847414e-07
5.483299592157209190e-09
3.673135040571651189e-08
2.997599679588347499e-08
1.402177751685940166e-08
6.515509198834479321e-08
1.186364897876046598e-06
1.241864083567634225e-06
8.262313500040363579e-09
3.199760900685078013e-09
1.510627782863593893e-07
1.388755208608927205e-07
0.000000000000000000e+00
7.358273435009721197e-10
1.120328420256555546e-06
2.865727424250508193e-07
1.915795451168378349e-07
3.455028263488202356e-07
1.768078874420098145e-07
2.205187286108412081e-07
1.044116174853115808e-06
1.371228908197963392e-09
1.334579646794509245e-08
0.000000000000000000e+00
2.460920356384121988e-10
2.647383423592941654e-10
1.232105887538637035e-06
4.980685730515688192e-07
6.894130706314172130e-07
3.595000350742338924e-07
0.000000000000000000e+00
4.667712616424068983e-08
6.743646849827200640e-07
4.892096399089496117e-07
1.402368354774807813e-07
4.080759197222505463e-07
6.914321337703199788e-10
6.679057946712418925e-07
2.025554657336670061e-08
1.445308051017946127e-08
5.148679633748542983e-07
1.406179284124675632e-09
1.045589328896312509e-06
2.546194588504135936e-09
2.666614307145209750e-08
0.000000000000000000e+00
8.730442004889482632e-07
3.156304728690884076e-07
2.293099612415971933e-07
1.967181084694402671e-08
0.000000000000000000e+00
0.000000000000000000e+00
1.141847683072683139e-08
7.476005237094796030e-08
6.904231497628643410e-08
1.838051488789460564e-08
1.202388375531882048e-05
3.608236056606983766e-07
1.232975535003788536e-07
1.934716920004575513e-08
0.000000000000000000e+00
0.000000000000000000e+00
0.000000000000000000e+00
2.193372372616408938e-09
0.000000000000000000e+00
0.000000000000000000e+00
0.000000000000000000e+00
1.154382971435552463e-06
1.461740168906544568e-07
3.969704565065512725e-08
0.000000000000000000e+00
6.155628966553194914e-07
5.744698494680733347e-09
0.000000000000000000e+00
0.000000000000000000e+00
0.000000000000000000e+00
0.000000000000000000e+00
6.405805663689534413e-08
1.455914571124594659e-07
0.000000000000000000e+00
9.335561212964194056e-10
4.244341411663299368e-08
1.182326627713337075e-06
2.915563470651250100e-07
0.000000000000000000e+00
0.000000000000000000e+00
4.547542431510009919e-08
2.907721068368118722e-07
0.000000000000000000e+00
9.128313394057840924e-08
0.000000000000000000e+00
1.016975716083834413e-06
0.000000000000000000e+00
4.104599715670786964e-10
0.000000000000000000e+00
0.000000000000000000e+00
0.000000000000000000e+00
8.311453747467112407e-09
0.000000000000000000e+00
3.631246858759595852e-09
0.000000000000000000e+00
2.407368128842790611e-06
0.000000000000000000e+00
0.000000000000000000e+00
3.148494243099264622e-10
0.000000000000000000e+00
0.000000000000000000e+00
0.000000000000000000e+00
6.498157745227217674e-08
3.854840446848584179e-09
0.000000000000000000e+00
0.000000000000000000e+00
1.508960245644175302e-08
0.000000000000000000e+00
0.000000000000000000e+00
0.000000000000000000e+00
0.000000000000000000e+00
2.511304728614049964e-07
7.819413561094279430e-09
0.000000000000000000e+00
0.000000000000000000e+00
9.845321002899254381e-09
2.109167063224504091e-09
6.789943607365955813e-11
5.053150786693549890e-08
3.974419016117280989e-08
3.243012969278424862e-09
1.844185498756090169e-10
6.992284085072242306e-09
5.347820319911988918e-07
1.562343072691874113e-06
1.480937074360699768e-11
4.440634171487545245e-08
6.370143523781734984e-09
4.119533798530028434e-07
3.018163496903980558e-09
2.837223966878354986e-08
2.503983523638453335e-06
4.110967779524798971e-07
4.612653810909250751e-06
7.122556766603338474e-09
9.658534416701058944e-09
1.630066662983153947e-06
2.372830039121254231e-07
3.925431428797310218e-07
5.131353191245580092e-07
1.845663746280479245e-06
1.836342448768846225e-06
3.096393186297063949e-08
2.761535142781212926e-07
1.473016197905963054e-07
0.000000000000000000e+00
9.860636396297195461e-08
4.974357370457482830e-09
1.336687383002299612e-08
5.770998789955683606e-09
8.689094670444319490e-07
3.388647229485286516e-08
1.217717908730264753e-07
5.853801443578277031e-09
1.079285766536486335e-06
4.783631993632297963e-06
1.874416284408653155e-07
9.341781606053700671e-07
2.790340225544696295e-08
3.470106335612399562e-08
3.401126935642651006e-09
2.533241740820812993e-07
1.644545655210549739e-08
0.000000000000000000e+00
2.196008530574999895e-08
5.121371486893622205e-07
1.549617820728599327e-07
1.056698238244280219e-06
2.120516228387714364e-06
1.614769985280872788e-06
6.382926187598059187e-08
0.000000000000000000e+00
1.918741190820583142e-06
5.355409583678027996e-13
0.000000000000000000e+00
1.327742893408867531e-08
1.869757539907368482e-07
2.190701877680112375e-07
1.928263486661307979e-07
9.736269568350053305e-09
9.948363555167816230e-08
0.000000000000000000e+00
0.000000000000000000e+00
0.000000000000000000e+00
6.841007405000709696e-08
0.000000000000000000e+00
1.130802729676361196e-06
0.000000000000000000e+00
9.120812549667789426e-09
0.000000000000000000e+00
0.000000000000000000e+00
0.000000000000000000e+00
3.130606387458101381e-07
4.312224888280979940e-08
2.928670639334995940e-08
0.000000000000000000e+00
1.770590452032649864e-09
1.015012296434747441e-09
0.000000000000000000e+00
0.000000000000000000e+00
0.000000000000000000e+00
9.767215519446842409e-14
3.283240068707726778e-10
0.000000000000000000e+00
2.236594021098881058e-08
5.853794959875813220e-07
6.301257116092529031e-08
1.445872577221507527e-08
5.557330595706844178e-09
3.083762010192003800e-07
5.287976723167275850e-09
9.839623338336878078e-09
0.000000000000000000e+00
0.000000000000000000e+00
0.000000000000000000e+00
2.302614809934766527e-08
8.102987436586772674e-08
1.726114667865985552e-10
2.374495977619517362e-08
1.054820373269649281e-07
2.097923896826614509e-07
2.989575875744776567e-08
2.927681208575450000e-09
1.214864875365151420e-09
6.943995600749985897e-09
1.453504523851734120e-06
7.509711963393783662e-09
1.877025113117269939e-08
5.016161139792529866e-07
3.782629164561512880e-06
6.194855473040661309e-08
0.000000000000000000e+00
1.269467642117660944e-08
5.933087354748067810e-09
5.076759013178389068e-09
4.606713233101800142e-09
7.362628728913023224e-09
1.088395373827211188e-09
1.064949060491926502e-06
1.790614760466269217e-06
4.351593307916346021e-09
2.213263741168702836e-07
3.021622418941660726e-08
1.392065314576029778e-06
3.607889027534838533e-07
5.469092911880579777e-07
1.804149064810189884e-06
9.444145021575423016e-09
2.364326689985318808e-07
1.057587084574151959e-07
4.391637631329103897e-08
5.125658617544104345e-07
4.750985738155577565e-07
1.111351810578753430e-08
0.000000000000000000e+00
2.309765534391772235e-07
8.399110384971208987e-08
1.814640455677363207e-07
1.691188522556785756e-08
0.000000000000000000e+00
4.174293053438304923e-07
1.289941486959378381e-09
1.148663386629777960e-06
8.632886761006375309e-07
0.000000000000000000e+00
9.779220100369911961e-09
1.241619784764225187e-08
2.430282863841171093e-09
3.009474980331106053e-08
7.654277283108967822e-07
4.544512819393276004e-07
0.000000000000000000e+00
4.674716436170456291e-08
9.620237051422009245e-07
8.445774142273876350e-07
4.024979105565762438e-08
1.866917358483988210e-07
0.000000000000000000e+00
5.336879382866754895e-08
0.000000000000000000e+00
3.407191968562983675e-07
1.459688547811310855e-08
0.000000000000000000e+00
0.000000000000000000e+00
0.000000000000000000e+00
3.885984867224578920e-10
2.180241267524252180e-07
2.831697202054783702e-06
0.000000000000000000e+00
0.000000000000000000e+00
0.000000000000000000e+00
0.000000000000000000e+00
0.000000000000000000e+00
1.575926389385529092e-09
0.000000000000000000e+00
3.680603377631541662e-09
8.907949222702882253e-08
0.000000000000000000e+00
0.000000000000000000e+00
0.000000000000000000e+00
0.000000000000000000e+00
1.138925995292083826e-06
0.000000000000000000e+00
0.000000000000000000e+00
0.000000000000000000e+00
0.000000000000000000e+00
8.655736571938632551e-09
0.000000000000000000e+00
0.000000000000000000e+00
0.000000000000000000e+00
0.000000000000000000e+00
0.000000000000000000e+00
1.129491788987024847e-08
0.000000000000000000e+00
0.000000000000000000e+00
6.044883482658747198e-10
0.000000000000000000e+00
0.000000000000000000e+00
3.876422169923898764e-07
9.736632833323710656e-09
0.000000000000000000e+00
0.000000000000000000e+00
0.000000000000000000e+00
0.000000000000000000e+00
1.701733509662517463e-07
1.888605050126557217e-09
0.000000000000000000e+00
0.000000000000000000e+00
2.643668839397150805e-09
0.000000000000000000e+00
6.115243311732854181e-10
0.000000000000000000e+00
0.000000000000000000e+00
0.000000000000000000e+00
5.630263331113383174e-07
0.000000000000000000e+00
1.352913114871512335e-09
0.000000000000000000e+00
2.104989738072049477e-09
0.000000000000000000e+00
0.000000000000000000e+00
0.000000000000000000e+00
0.000000000000000000e+00
0.000000000000000000e+00
0.000000000000000000e+00
0.000000000000000000e+00
0.000000000000000000e+00
0.000000000000000000e+00
0.000000000000000000e+00
0.000000000000000000e+00
0.000000000000000000e+00
0.000000000000000000e+00
0.000000000000000000e+00
0.000000000000000000e+00
0.000000000000000000e+00
0.000000000000000000e+00
7.183314831848974791e-09
6.646605488214163415e-10
0.000000000000000000e+00
0.000000000000000000e+00
0.000000000000000000e+00
0.000000000000000000e+00
0.000000000000000000e+00
0.000000000000000000e+00
0.000000000000000000e+00
0.000000000000000000e+00
1.749894096292337053e-08
0.000000000000000000e+00
0.000000000000000000e+00
3.234899154103132446e-11
0.000000000000000000e+00
1.101389313085121557e-09
2.408925725561061881e-09
5.099277000653046343e-09
0.000000000000000000e+00
7.168186932915432408e-09
0.000000000000000000e+00
0.000000000000000000e+00
0.000000000000000000e+00
6.578936839751747812e-10
7.751326620564213954e-07
7.895172515759441012e-09
6.075260738924725956e-09
1.270045544288223027e-07
1.707740893142073446e-11
3.139332704904518323e-08
0.000000000000000000e+00
2.166536432923749089e-06
2.544002564164316027e-09
0.000000000000000000e+00
1.107680791534448872e-08
4.070106751630220288e-11
1.128861226717958743e-09
4.267541431346444369e-09
3.927201674969182932e-08
8.986123134491208475e-07
2.592100578624467744e-08
3.142670346178988439e-09
6.601139830308966339e-07
3.498108469557337230e-08
7.950293934300134424e-07
7.344168352574342862e-06
9.306986044066434260e-07
1.670029519118543249e-07
6.535749434988247231e-06
4.133056279442826053e-07
1.370954976209759479e-07
2.452472891434354096e-08
4.497163956784788752e-07
5.147325055077089928e-07
1.065413623990707492e-08
3.392030066606821492e-06
6.598305457572450905e-09
2.234796738775912672e-07
7.298023962931665665e-09
5.271419745156435965e-09
5.806717240375292022e-07
6.778076908631192055e-07
1.914519316414953209e-07
4.184745050483940076e-10
7.035980047476186883e-07
0.000000000000000000e+00
7.730506013103877194e-09
1.228359565175196622e-07
9.176297055546456249e-08
3.204027279934962280e-06
0.000000000000000000e+00
5.790029788954598189e-09
1.884393086015734298e-08
4.568489586631585553e-08
2.539947558943822514e-07
4.920883700521017090e-10
0.000000000000000000e+00
0.000000000000000000e+00
1.201178623233545295e-08
2.638662621734511049e-08
4.741881887149190788e-10
5.531614277742846753e-09
0.000000000000000000e+00
0.000000000000000000e+00
0.000000000000000000e+00
4.140439671118656406e-07
3.001593640306055022e-08
1.418425554788882437e-08
0.000000000000000000e+00
5.806132796770668847e-10
2.352962980012307526e-08
5.655559576211999229e-09
7.954379932506583373e-10
6.111188444180015722e-09
2.392944731255397528e-10
0.000000000000000000e+00
0.000000000000000000e+00
0.000000000000000000e+00
1.567733534102444537e-06
0.000000000000000000e+00
9.956434610103315208e-08
0.000000000000000000e+00
0.000000000000000000e+00
9.200263093589455821e-07
0.000000000000000000e+00
2.590646364097892729e-09
0.000000000000000000e+00
0.000000000000000000e+00
0.000000000000000000e+00
0.000000000000000000e+00
0.000000000000000000e+00
0.000000000000000000e+00
1.559122431160631095e-08
0.000000000000000000e+00
9.542731049805297516e-08
3.126406511455570580e-08
8.432070153219228814e-09
4.445018220167185063e-08
0.000000000000000000e+00
0.000000000000000000e+00
0.000000000000000000e+00
0.000000000000000000e+00
0.000000000000000000e+00
1.489358192330314523e-09
7.898059806166202179e-08
0.000000000000000000e+00
0.000000000000000000e+00
0.000000000000000000e+00
6.279361919325765484e-09
0.000000000000000000e+00
0.000000000000000000e+00
0.000000000000000000e+00
0.000000000000000000e+00
1.147153816383195135e-09
0.000000000000000000e+00
4.530872033114974329e-08
1.865937271361417515e-08
5.349509279994890676e-09
7.377201960423462879e-09
6.854647267573454883e-07
9.420405788773678069e-09
1.454393716571189543e-09
2.147981525979503203e-08
1.540369787278450531e-08
2.609995726488012480e-11
0.000000000000000000e+00
6.178154166036620154e-08
1.336721622280379052e-09
0.000000000000000000e+00
5.343740099306160118e-07
2.771925551314780023e-07
9.321849603338705492e-08
1.476015086154802702e-06
1.025636109375227534e-07
4.036570189214216953e-09
0.000000000000000000e+00
9.630078956490706332e-09
5.099904569760838058e-07
4.450284585288954986e-09
5.255270352222396468e-08
3.960525987167784479e-07
1.451704747523763217e-07
1.231863961947965436e-07
8.490088703183573671e-07
7.278101747942855582e-07
1.216729117459180998e-08
1.474527788758450697e-08
0.000000000000000000e+00
5.847504702671812993e-09
1.935543103570580570e-08
2.646723942234530114e-06
4.110959128666991091e-09
5.989416536067437846e-07
1.582702253699608264e-07
8.797935713289462001e-09
3.135844792723219143e-07
7.624261684213706758e-07
3.231628506461525774e-11
2.821186058099556249e-07
6.122192530710890424e-08
6.807384100859792397e-10
8.512211735478558694e-08
5.724934126760672370e-08
1.526353798908530734e-08
7.165249371610116214e-08
7.451576682082627912e-12
1.498245524089725222e-06
0.000000000000000000e+00
0.000000000000000000e+00
6.029414745256644892e-10
1.537060597911477089e-06
0.000000000000000000e+00
0.000000000000000000e+00
9.425932923079471948e-09
5.117337220639228690e-09
2.280967521528509678e-07
0.000000000000000000e+00
0.000000000000000000e+00
4.422668453685218992e-08
1.014962762724280765e-07
1.854121620681326021e-07
0.000000000000000000e+00
0.000000000000000000e+00
4.714468104793922976e-08
2.083819161668998277e-08
1.475645348136822577e-07
0.000000000000000000e+00
0.000000000000000000e+00
2.736734927566430997e-07
5.992044975755561609e-07
1.077266688298550434e-06
3.199514653218216154e-09
2.450687190957978601e-07
8.965045594777620863e-09
7.001155766239719469e-10
0.000000000000000000e+00
0.000000000000000000e+00
0.000000000000000000e+00
5.744108660943325617e-11
1.083587441996769485e-09
2.313406355369806988e-07
1.501366853062791051e-07
3.896147518389625475e-06
3.072001819592884431e-10
4.090017682756297290e-06
2.416168776164795418e-08
1.313383846124338561e-09
6.105349115159697249e-08
3.746089305423083715e-08
3.408851201314178070e-09
2.878982607867897059e-09
2.263619292008911543e-09
0.000000000000000000e+00
9.083005920729192439e-07
4.322949553881016982e-09
4.383425107334915083e-07
7.014342173761178856e-08
1.932638715729240175e-09
0.000000000000000000e+00
1.371374622749499395e-07
2.384751951467478648e-09
1.457665321780154954e-09
0.000000000000000000e+00
2.894569206546293572e-08
0.000000000000000000e+00
8.314082929061772376e-12
2.989690699450875400e-07
1.284332427076151362e-07
1.246900524165539537e-06
6.842660837946823449e-08
4.809499909441683485e-09
2.045110022663720883e-06
0.000000000000000000e+00
3.654214708603831241e-08
2.457420578139135614e-07
8.862874523174468777e-08
2.960805645102482231e-08
2.093578586936928332e-06
1.540779379638479440e-07
1.380335561407264322e-07
2.988618064136971952e-08
3.113366062734712614e-07
9.269500651498674415e-07
9.355544250411185203e-08
6.066584745667569223e-08
8.387330296955042286e-08
1.481862312857629149e-07
0.000000000000000000e+00
0.000000000000000000e+00
0.000000000000000000e+00
9.343911955284056603e-08
0.000000000000000000e+00
0.000000000000000000e+00
9.513681789030670188e-07
1.031460143963158771e-07
0.000000000000000000e+00
0.000000000000000000e+00
5.866323249392735306e-07
5.565086724779177985e-10
0.000000000000000000e+00
4.913113571092253551e-06
0.000000000000000000e+00
0.000000000000000000e+00
0.000000000000000000e+00
0.000000000000000000e+00
9.775818199386776541e-08
1.214883638134267585e-09
1.087670509214433423e-09
6.738198443656528980e-09
0.000000000000000000e+00
0.000000000000000000e+00
0.000000000000000000e+00
0.000000000000000000e+00
0.000000000000000000e+00
0.000000000000000000e+00
0.000000000000000000e+00
3.905303636031476344e-09
0.000000000000000000e+00
0.000000000000000000e+00
0.000000000000000000e+00
6.835418342454602225e-11
5.068372832539580486e-09
0.000000000000000000e+00
3.371247947470124018e-09
0.000000000000000000e+00
0.000000000000000000e+00
0.000000000000000000e+00
0.000000000000000000e+00
0.000000000000000000e+00
7.667899382113319007e-08
0.000000000000000000e+00
0.000000000000000000e+00
0.000000000000000000e+00
0.000000000000000000e+00
0.000000000000000000e+00
0.000000000000000000e+00
1.161670866167696659e-06
0.000000000000000000e+00
0.000000000000000000e+00
0.000000000000000000e+00
0.000000000000000000e+00
0.000000000000000000e+00
0.000000000000000000e+00
0.000000000000000000e+00
1.207307676054369949e-08
0.000000000000000000e+00
0.000000000000000000e+00
0.000000000000000000e+00
0.000000000000000000e+00
6.054959555967798224e-08
0.000000000000000000e+00
0.000000000000000000e+00
2.201219900799245011e-10
6.178409783785809850e-09
0.000000000000000000e+00
4.643300934720206996e-12
0.000000000000000000e+00
0.000000000000000000e+00
0.000000000000000000e+00
0.000000000000000000e+00
0.000000000000000000e+00
0.000000000000000000e+00
0.000000000000000000e+00
0.000000000000000000e+00
0.000000000000000000e+00
5.601424657442066746e-09
0.000000000000000000e+00
0.000000000000000000e+00
0.000000000000000000e+00
7.133176183060641051e-08
0.000000000000000000e+00
0.000000000000000000e+00
0.000000000000000000e+00
3.830993478004529607e-07
0.000000000000000000e+00
0.000000000000000000e+00
0.000000000000000000e+00
0.000000000000000000e+00
0.000000000000000000e+00
1.835597229771224193e-10
1.008435279725716782e-10
0.000000000000000000e+00
0.000000000000000000e+00
1.799120991075042753e-10
1.856275702039056341e-07
2.537813998060300946e-06
0.000000000000000000e+00
1.207800703895145489e-08
0.000000000000000000e+00
0.000000000000000000e+00
7.346696861976198534e-11
0.000000000000000000e+00
0.000000000000000000e+00
0.000000000000000000e+00
0.000000000000000000e+00
3.902705270064643628e-09
0.000000000000000000e+00
0.000000000000000000e+00
5.101254529904508672e-09
0.000000000000000000e+00
0.000000000000000000e+00
0.000000000000000000e+00
0.000000000000000000e+00
0.000000000000000000e+00
0.000000000000000000e+00
0.000000000000000000e+00
0.000000000000000000e+00
0.000000000000000000e+00
3.259302383540330084e-09
0.000000000000000000e+00
0.000000000000000000e+00
0.000000000000000000e+00
0.000000000000000000e+00
0.000000000000000000e+00
0.000000000000000000e+00
0.000000000000000000e+00
0.000000000000000000e+00
0.000000000000000000e+00
0.000000000000000000e+00
0.000000000000000000e+00
0.000000000000000000e+00
0.000000000000000000e+00
0.000000000000000000e+00
0.000000000000000000e+00
2.415088351526151200e-09
0.000000000000000000e+00
0.000000000000000000e+00
0.000000000000000000e+00
0.000000000000000000e+00
3.391755543091790059e-09
0.000000000000000000e+00
0.000000000000000000e+00
0.000000000000000000e+00
1.734616148496570531e-06
0.000000000000000000e+00
0.000000000000000000e+00
0.000000000000000000e+00
0.000000000000000000e+00
0.000000000000000000e+00
2.246022212659681827e-08
2.486827188619145090e-09
3.398806711629731581e-07
0.000000000000000000e+00
0.000000000000000000e+00
1.592374452782929772e-12
5.287792426145188074e-09
2.827919054482208594e-08
5.956331428080829937e-09
3.548797451458085561e-07
6.044603706456541659e-10
6.867421298295539600e-09
0.000000000000000000e+00
8.626337866246558406e-09
2.697308900678763166e-07
9.861025773716391996e-09
4.208995676435733913e-07
5.011734671711565170e-08
0.000000000000000000e+00
1.266454319193144329e-08
1.367165367582856561e-07
4.885392286269052420e-07
5.614174680701466968e-10
1.010090944220110032e-08
4.703518925452954136e-07
8.665453492540109437e-07
1.953188984771259129e-06
2.121948616817803668e-09
1.120957406897105102e-07
0.000000000000000000e+00
0.000000000000000000e+00
9.816879753543616971e-08
1.796043534341151826e-06
5.400418672252271790e-07
4.535538888905676913e-10
3.424946157792874146e-07
0.000000000000000000e+00
2.574249151621188503e-07
5.023637754675291944e-07
1.001452698545790554e-08
1.254091421287739649e-05
8.899558423536291230e-09
6.620115300393081270e-07
1.178025055281750610e-08
9.185180971371664782e-08
1.456152887158168596e-07
7.854678685248472902e-09
1.655394044064451009e-08
1.471661370544552483e-08
4.602329628511370174e-09
1.505328555140295066e-07
1.964674964938240009e-07
0.000000000000000000e+00
3.709052265321588493e-08
6.410485298147250433e-08
1.748848532656666066e-08
4.673703188018407673e-06
1.402849125753391490e-08
2.551933903305325657e-06
0.000000000000000000e+00
0.000000000000000000e+00
3.384519118299067486e-07
0.000000000000000000e+00
0.000000000000000000e+00
0.000000000000000000e+00
0.000000000000000000e+00
0.000000000000000000e+00
0.000000000000000000e+00
0.000000000000000000e+00
0.000000000000000000e+00
0.000000000000000000e+00
0.000000000000000000e+00
0.000000000000000000e+00
2.558372536043407308e-08
9.859055793981497118e-10
0.000000000000000000e+00
0.000000000000000000e+00
4.838542722040983790e-08
5.845887773858748915e-09
2.131023801865694622e-09
0.000000000000000000e+00
2.496086835890309885e-06
0.000000000000000000e+00
0.000000000000000000e+00
6.870349178456081063e-09
6.012783604347760047e-10
0.000000000000000000e+00
7.632345422337039054e-09
0.000000000000000000e+00
0.000000000000000000e+00
0.000000000000000000e+00
0.000000000000000000e+00
0.000000000000000000e+00
0.000000000000000000e+00
0.000000000000000000e+00
6.225688853334077066e-09
0.000000000000000000e+00
0.000000000000000000e+00
0.000000000000000000e+00
1.413889227919185032e-09
3.857548563246382400e-06
0.000000000000000000e+00
0.000000000000000000e+00
1.067800603493651579e-08
5.129094482470009098e-09
0.000000000000000000e+00
2.058741586097312393e-07
0.000000000000000000e+00
0.000000000000000000e+00
5.117896080264472403e-07
0.000000000000000000e+00
4.677500609062690273e-09
1.043860820004738343e-08
0.000000000000000000e+00
8.791199435087548864e-10
0.000000000000000000e+00
1.001551286350377268e-09
0.000000000000000000e+00
0.000000000000000000e+00
0.000000000000000000e+00
0.000000000000000000e+00
3.221643507522742311e-10
0.000000000000000000e+00
0.000000000000000000e+00
0.000000000000000000e+00
5.122559709747065426e-09
4.663683661476625275e-09
7.391413703317084583e-09
1.046020514650081168e-08
0.000000000000000000e+00
0.000000000000000000e+00
0.000000000000000000e+00
5.323029572679160992e-09
1.690801942899611277e-09
3.394222958252868239e-10
0.000000000000000000e+00
0.000000000000000000e+00
7.842282911951770075e-08
8.055013545060774049e-09
0.000000000000000000e+00
2.294840761862815270e-09
6.738625768498707203e-10
6.436894750549981836e-08
9.908288411963894760e-09
3.443974438965824447e-09
7.454993955491318047e-09
4.542567655363427548e-09
1.509220970419278274e-09
1.185743325748944699e-08
0.000000000000000000e+00
1.019990225614719748e-08
7.972814586310050800e-08
1.976491603272734210e-06
3.951677318703161745e-10
4.497710259787623954e-10
8.334910717167076655e-07
8.508206406077079009e-08
2.266127552275065682e-07
1.347019562558671169e-08
1.546265893104248335e-09
2.477193277172773378e-07
3.935174675007147016e-07
4.147512555618959595e-08
6.523593043539221981e-08
1.455360489899248932e-07
8.000249636097578332e-07
1.396657456353977977e-09
3.163786743698437931e-07
3.486346100700643547e-09
2.025622507062507793e-06
3.096633172106066922e-09
8.517122118689712806e-09
1.165211394038578874e-08
2.055881864748698717e-08
1.049903985972377995e-07
3.894561757533665514e-07
7.987818406718361075e-08
1.400428146780541283e-07
1.119205172983583907e-08
2.527242592975653679e-08
6.313949363345727761e-09
3.718622965109830147e-09
2.322940506616077982e-09
2.602775737159390701e-07
1.538123761690712854e-08
0.000000000000000000e+00
1.821432071835715760e-08
2.778672012482275022e-07
2.611092853044283402e-08
2.256218678553523205e-08
1.920126123877707869e-06
0.000000000000000000e+00
3.005834159353071300e-08
1.814173515413131099e-06
0.000000000000000000e+00
8.493782388541148975e-07
0.000000000000000000e+00
0.000000000000000000e+00
1.269487270860736317e-08
1.870202481768501457e-07
8.749954361064737896e-08
5.212933196219182719e-09
5.242697831420173316e-09
0.000000000000000000e+00
0.000000000000000000e+00
2.357274597741820799e-09
0.000000000000000000e+00
0.000000000000000000e+00
0.000000000000000000e+00
4.773904827004571416e-09
0.000000000000000000e+00
0.000000000000000000e+00
0.000000000000000000e+00
0.000000000000000000e+00
2.545698123412876157e-07
9.133691580842651092e-10
1.704736746432899963e-06
0.000000000000000000e+00
0.000000000000000000e+00
0.000000000000000000e+00
2.311300262292093066e-09
0.000000000000000000e+00
0.000000000000000000e+00
0.000000000000000000e+00
0.000000000000000000e+00
0.000000000000000000e+00
0.000000000000000000e+00
0.000000000000000000e+00
0.000000000000000000e+00
0.000000000000000000e+00
2.211387843675804987e-11
7.711584260050585726e-09
0.000000000000000000e+00
0.000000000000000000e+00
0.000000000000000000e+00
2.484150884995983688e-09
5.847893280730431798e-09
0.000000000000000000e+00
0.000000000000000000e+00
0.000000000000000000e+00
1.227892898469917782e-09
7.110591226933138387e-09
3.731910336313148946e-09
6.661302176524941387e-09
0.000000000000000000e+00
7.102506582867817997e-09
1.173669772480678830e-10
8.910386206650855456e-09
0.000000000000000000e+00
0.000000000000000000e+00
0.000000000000000000e+00
6.553884102089568842e-10
0.000000000000000000e+00
0.000000000000000000e+00
2.715975000455728150e-09
0.000000000000000000e+00
0.000000000000000000e+00
0.000000000000000000e+00
0.000000000000000000e+00
4.571473368741862942e-07
1.262065552509739064e-06
0.000000000000000000e+00
0.000000000000000000e+00
0.000000000000000000e+00
3.987834801960632447e-12
0.000000000000000000e+00
5.658648660755716264e-09
2.359587597311474383e-06
0.000000000000000000e+00
0.000000000000000000e+00
0.000000000000000000e+00
0.000000000000000000e+00
8.275936380641724099e-08
0.000000000000000000e+00
0.000000000000000000e+00
0.000000000000000000e+00
0.000000000000000000e+00
0.000000000000000000e+00
0.000000000000000000e+00
0.000000000000000000e+00
0.000000000000000000e+00
0.000000000000000000e+00
0.000000000000000000e+00
0.000000000000000000e+00
0.000000000000000000e+00
8.196696654749757727e-09
0.000000000000000000e+00
5.607706521360000806e-10
8.363459258475813840e-09
0.000000000000000000e+00
8.836979148441059806e-09
3.325274278154211061e-09
1.431982212807270116e-07
6.630735960300171428e-10
0.000000000000000000e+00
6.597704071964471950e-08
1.681439982803567545e-07
1.595535081833077129e-08
6.488563592671470204e-12
3.413291835840936983e-07
0.000000000000000000e+00
2.022654044253613392e-09
3.856884589481524017e-09
0.000000000000000000e+00
0.000000000000000000e+00
4.237523171468637884e-06
1.230420707543089520e-07
5.403992631158871518e-08
3.228035083679969830e-08
1.107321452309406595e-07
3.393534825590904802e-06
0.000000000000000000e+00
2.428543144361583472e-09
1.683512551586829886e-09
5.201102126761725231e-08
2.182548257678718073e-07
8.078492896856914740e-08
0.000000000000000000e+00
0.000000000000000000e+00
0.000000000000000000e+00
2.113080626031660358e-07
2.869496817936578736e-08
0.000000000000000000e+00
1.842380584093916696e-06
5.569612540057278238e-07
1.408580110190404966e-11
2.982966051945368235e-08
5.397645281846052967e-07
2.693010685561603168e-07
0.000000000000000000e+00
1.370308422288246675e-09
2.799013429921615170e-07
1.084457039723929483e-07
3.772593686335312668e-07
4.958821136824553832e-06
1.735658505808146401e-09
2.999989305862982292e-07
1.079493561206845698e-08
1.809449940992635675e-07
0.000000000000000000e+00
2.358212469744103146e-07
7.655364536729436509e-11
9.721720317656945554e-09
1.178033538773437527e-11
0.000000000000000000e+00
2.132152872036385816e-07
1.390692005998062086e-10
4.279218046576716006e-07
3.623137623254280015e-10
0.000000000000000000e+00
4.933214725610923779e-08
2.085472061708060210e-07
0.000000000000000000e+00
0.000000000000000000e+00
1.500676738430684054e-08
0.000000000000000000e+00
1.329555630036338698e-07
7.676612234774893295e-09
1.681407155729175429e-07
0.000000000000000000e+00
1.330630823304090882e-07
1.277294092716374507e-08
2.130827851942740381e-06
2.484110268596850801e-07
1.675943828161052807e-09
3.395132397443489936e-09
3.468607800982681511e-08
9.036497203851467930e-07
1.131304330215243681e-07
0.000000000000000000e+00
0.000000000000000000e+00
6.005398518027504906e-06
0.000000000000000000e+00
0.000000000000000000e+00
7.437208487948154811e-11
7.680867497583676595e-09
0.000000000000000000e+00
6.667689689265898778e-08
0.000000000000000000e+00
8.794550865331984824e-09
3.111383861664762662e-08
0.000000000000000000e+00
0.000000000000000000e+00
1.890185899355856236e-06
0.000000000000000000e+00
0.000000000000000000e+00
0.000000000000000000e+00
2.991957126496913588e-09
9.405775713844377606e-09
6.005239470141532365e-07
6.513015682330092204e-10
2.679324495602486422e-08
8.419198671560934599e-09
4.387320132082095370e-06
1.258561894701415440e-07
7.007742830467122985e-09
3.485969957139900544e-09
2.323923137259598093e-10
0.000000000000000000e+00
2.779404795205664414e-08
9.229601083404759265e-09
3.724954372730238106e-11
2.205460276627491112e-07
0.000000000000000000e+00
3.544359401530527975e-07
8.855216115932762477e-09
1.426167894891250398e-08
1.436877283822468598e-07
2.829057393682887778e-06
1.869963961453890988e-09
5.594881891113345773e-09
1.557713176225661300e-07
1.061096668308891822e-07
8.259824824108363828e-09
9.903035336211729600e-11
2.449116642821991263e-08
9.865397387898156012e-10
1.294735652024314732e-09
4.604971515220768197e-09
1.497511107118043583e-06
1.387283732334765318e-09
3.066397269435583439e-08
3.566264838994470665e-09
5.279765247223622282e-08
1.919964276453356433e-08
1.967004059633126190e-10
1.821395727574781631e-07
1.607434718664535467e-08
3.138231363664090168e-08
0.000000000000000000e+00
5.483950005213955592e-08
1.128593112298403867e-06
4.780544848870249552e-09
0.000000000000000000e+00
7.315319976441969629e-07
0.000000000000000000e+00
3.475521452855900861e-07
0.000000000000000000e+00
6.078564318556800572e-09
3.352140254264668329e-07
0.000000000000000000e+00
0.000000000000000000e+00
4.831580326936091296e-07
1.990085820580134168e-06
0.000000000000000000e+00
4.458637903326234664e-08
0.000000000000000000e+00
6.827594916103407741e-07
2.265573506576856744e-08
1.889782623720748234e-07
0.000000000000000000e+00
0.000000000000000000e+00
0.000000000000000000e+00
1.016322102032063412e-07
0.000000000000000000e+00
0.000000000000000000e+00
0.000000000000000000e+00
0.000000000000000000e+00
4.237871053192066029e-06
0.000000000000000000e+00
0.000000000000000000e+00
0.000000000000000000e+00
1.508212363887651009e-07
3.208057153258891958e-09
5.115330825589126107e-09
0.000000000000000000e+00
1.868212251565637416e-08
1.065691712653915602e-08
0.000000000000000000e+00
0.000000000000000000e+00
4.805458697632047915e-09
3.931743322027614340e-07
6.177998113088278842e-10
0.000000000000000000e+00
1.830335634167568060e-07
3.634443190847491678e-09
0.000000000000000000e+00
0.000000000000000000e+00
0.000000000000000000e+00
0.000000000000000000e+00
0.000000000000000000e+00
0.000000000000000000e+00
0.000000000000000000e+00
0.000000000000000000e+00
0.000000000000000000e+00
0.000000000000000000e+00
4.289671284851692690e-09
0.000000000000000000e+00
0.000000000000000000e+00
0.000000000000000000e+00
0.000000000000000000e+00
0.000000000000000000e+00
0.000000000000000000e+00
0.000000000000000000e+00
0.000000000000000000e+00
0.000000000000000000e+00
0.000000000000000000e+00
0.000000000000000000e+00
0.000000000000000000e+00
0.000000000000000000e+00
9.024699876292174849e-10
0.000000000000000000e+00
0.000000000000000000e+00
0.000000000000000000e+00
0.000000000000000000e+00
0.000000000000000000e+00
0.000000000000000000e+00
0.000000000000000000e+00
7.745251551227738673e-09
1.533999038905164980e-09
1.310815065380666056e-07
0.000000000000000000e+00
1.326384335698094219e-06
7.647625643869560008e-09
0.000000000000000000e+00
0.000000000000000000e+00
0.000000000000000000e+00
0.000000000000000000e+00
8.120264460842463450e-10
3.194843833931315658e-10
0.000000000000000000e+00
0.000000000000000000e+00
0.000000000000000000e+00
0.000000000000000000e+00
0.000000000000000000e+00
7.167265447804993528e-09
0.000000000000000000e+00
0.000000000000000000e+00
0.000000000000000000e+00
0.000000000000000000e+00
0.000000000000000000e+00
0.000000000000000000e+00
0.000000000000000000e+00
0.000000000000000000e+00
0.000000000000000000e+00
0.000000000000000000e+00
0.000000000000000000e+00
4.157000577098557415e-10
4.719569624000996555e-09
0.000000000000000000e+00
4.970953071392614220e-08
6.901978988338441923e-10
2.816745725553460034e-09
1.296282192697617575e-09
7.274540969604004204e-10
3.230633760509249441e-09
1.004801575277269876e-09
3.013641780569287221e-09
5.778576550596881134e-08
5.164907634025439620e-06
4.422936115133779822e-07
1.330081933481608303e-09
2.969336421188017994e-08
2.722592373771703933e-09
7.866342244255974947e-09
4.076645510053822363e-08
8.456447986304738151e-09
2.379128716256673215e-07
6.913054306778576574e-08
1.296055756938585546e-06
2.720032398428884335e-06
4.334367886826839822e-08
4.304077947381301783e-07
2.842148560944224300e-08
1.201948429674359886e-09
3.638488408341800096e-07
5.227828836495973519e-08
2.193876298406394199e-06
1.925303666494571075e-10
7.428089698890971704e-09
0.000000000000000000e+00
0.000000000000000000e+00
7.746523777996117133e-08
0.000000000000000000e+00
6.027364207739083213e-08
4.003811682196101174e-08
3.842015416921640281e-07
6.950315878384571988e-08
5.060778676124755293e-07
1.673287286507729732e-08
1.362651573799666949e-06
5.207990128042183642e-08
3.483541149762459099e-06
2.307003299506504845e-08
1.371454727561172149e-09
0.000000000000000000e+00
4.456947237940767081e-07
3.491961209078908723e-08
0.000000000000000000e+00
0.000000000000000000e+00
0.000000000000000000e+00
0.000000000000000000e+00
0.000000000000000000e+00
0.000000000000000000e+00
0.000000000000000000e+00
1.517229342162806915e-09
0.000000000000000000e+00
2.690308747332892381e-06
8.749541091646051427e-10
8.850283284012050444e-10
0.000000000000000000e+00
0.000000000000000000e+00
0.000000000000000000e+00
0.000000000000000000e+00
5.055480034599213468e-09
1.852273840086127166e-06
1.994441500841048764e-09
0.000000000000000000e+00
3.286398396085132845e-06
0.000000000000000000e+00
0.000000000000000000e+00
0.000000000000000000e+00
6.974105182244727530e-10
0.000000000000000000e+00
2.246376595849142177e-08
0.000000000000000000e+00
0.000000000000000000e+00
1.630211743375298283e-09
7.354922217928105965e-07
0.000000000000000000e+00
0.000000000000000000e+00
0.000000000000000000e+00
0.000000000000000000e+00
0.000000000000000000e+00
0.000000000000000000e+00
1.049723086232745572e-09
0.000000000000000000e+00
5.725384166765934424e-09
8.819711183605249971e-09
0.000000000000000000e+00
0.000000000000000000e+00
0.000000000000000000e+00
0.000000000000000000e+00
8.317293236359546427e-07
0.000000000000000000e+00
0.000000000000000000e+00
2.490204042970844966e-09
0.000000000000000000e+00
0.000000000000000000e+00
2.228367890211302438e-07
9.806025218495051377e-07
0.000000000000000000e+00
0.000000000000000000e+00
7.016663250425381193e-09
1.886553313568128942e-08
0.000000000000000000e+00
8.049815924948688917e-09
0.000000000000000000e+00
0.000000000000000000e+00
0.000000000000000000e+00
0.000000000000000000e+00
0.000000000000000000e+00
0.000000000000000000e+00
2.928177422756306214e-10
1.107521597987215500e-06
0.000000000000000000e+00
2.963863154903378927e-09
1.726524589962252776e-09
2.465996296052708203e-08
9.617122032068436965e-08
9.246816645713806793e-09
7.920786693205172924e-09
9.377567167234701628e-09
1.554574396323005203e-06
0.000000000000000000e+00
1.405635052798004381e-09
2.771037621585037414e-09
2.116123631878963351e-08
3.097092804438261737e-09
0.000000000000000000e+00
4.728564206857299723e-09
5.530335300818478572e-09
1.296907186087992159e-07
4.927630303797059241e-09
0.000000000000000000e+00
4.005224762959613827e-10
0.000000000000000000e+00
2.020924261270096167e-10
0.000000000000000000e+00
3.136331472308739876e-12
4.359789418373338776e-09
1.240837491423008032e-06
1.262920346078999501e-08
4.594048874650979997e-08
7.160907955494622001e-08
6.035197674947312407e-09
1.577164709942735499e-07
9.519695254311955068e-08
2.002035898840404116e-06
1.907684143986898562e-08
1.943541994009478913e-09
0.000000000000000000e+00
4.784297957804994894e-10
4.302487468521576375e-07
1.392884456663523451e-07
3.935624603990106607e-10
3.807757877893891418e-07
2.644216863245674176e-07
1.095107151627416897e-07
2.219390808022581041e-06
5.199312647086173911e-10
1.003741161298421503e-07
7.804547230705338734e-09
4.473856733966385946e-07
1.194118937064558850e-07
1.032173457815588336e-07
1.004269023496817681e-08
3.208832310974685242e-09
8.740644652505125123e-09
4.180790824648283888e-08
0.000000000000000000e+00
3.125786740554303833e-09
4.956950849788199776e-09
0.000000000000000000e+00
0.000000000000000000e+00
0.000000000000000000e+00
2.408994426161825686e-08
8.278219887358773121e-09
1.618602823327819351e-06
8.324166245188280300e-09
2.198903956696085515e-07
1.005242911134018868e-08
1.410469735674269032e-06
1.516164331860636594e-07
0.000000000000000000e+00
1.706527399392143707e-07
8.383876703987880319e-09
1.494952961422768567e-08
0.000000000000000000e+00
0.000000000000000000e+00
2.145259303532043305e-09
0.000000000000000000e+00
0.000000000000000000e+00
0.000000000000000000e+00
4.648262930118107761e-08
0.000000000000000000e+00
0.000000000000000000e+00
0.000000000000000000e+00
0.000000000000000000e+00
0.000000000000000000e+00
0.000000000000000000e+00
0.000000000000000000e+00
0.000000000000000000e+00
0.000000000000000000e+00
0.000000000000000000e+00
0.000000000000000000e+00
0.000000000000000000e+00
0.000000000000000000e+00
0.000000000000000000e+00
1.237764335471069899e-09
0.000000000000000000e+00
0.000000000000000000e+00
2.168738433283579070e-08
7.209513430694869385e-09
7.648606015209225006e-08
7.760747045004734446e-10
7.065588558674562591e-09
4.497343070397619158e-06
2.364438422830517084e-08
0.000000000000000000e+00
0.000000000000000000e+00
0.000000000000000000e+00
5.827753390974521608e-09
0.000000000000000000e+00
0.000000000000000000e+00
8.610938628805797634e-09
0.000000000000000000e+00
7.966105997070371814e-09
5.973455757812828892e-11
0.000000000000000000e+00
5.035080796744750842e-09
0.000000000000000000e+00
0.000000000000000000e+00
0.000000000000000000e+00
1.153480934590334073e-05
0.000000000000000000e+00
0.000000000000000000e+00
8.409013929622233263e-09
0.000000000000000000e+00
0.000000000000000000e+00
0.000000000000000000e+00
9.549362189886778651e-09
0.000000000000000000e+00
3.180078920195228420e-07
0.000000000000000000e+00
0.000000000000000000e+00
0.000000000000000000e+00
0.000000000000000000e+00
0.000000000000000000e+00
0.000000000000000000e+00
0.000000000000000000e+00
0.000000000000000000e+00
0.000000000000000000e+00
0.000000000000000000e+00
0.000000000000000000e+00
9.667036948712848243e-09
3.761687350500864113e-10
5.427716054384745803e-09
3.254981173483884049e-09
0.000000000000000000e+00
0.000000000000000000e+00
0.000000000000000000e+00
0.000000000000000000e+00
0.000000000000000000e+00
3.391981408640276641e-06
0.000000000000000000e+00
1.254513160020565010e-09
0.000000000000000000e+00
0.000000000000000000e+00
7.354764575140393390e-10
0.000000000000000000e+00
0.000000000000000000e+00
8.810388152369341697e-08
0.000000000000000000e+00
1.670137361742263238e-09
1.263517788174794987e-07
3.821880625309859170e-07
6.475470399891491979e-07
1.378545610997150561e-09
3.481410437711218719e-10
2.434508985516004032e-07
1.443239860954292908e-09
1.402396719640819356e-06
5.123551360952660616e-09
5.291984628286172665e-09
1.485032319337165063e-09
5.680987236189594114e-09
1.309467950738607556e-10
4.160048305834607163e-08
4.379994038572476711e-07
3.538382031820219709e-07
5.182236577638832387e-07
1.996297172013328236e-08
8.346902546918499866e-08
1.117837413744382502e-07
5.623007268695801031e-07
4.134545008582790615e-07
1.252142300955938481e-08
1.887227085717313457e-07
3.429186961056984728e-07
5.755869025847459852e-08
2.630991424723561067e-09
1.303806729247014573e-09
3.510260881967042224e-08
9.543633439079712844e-09
1.298573010899417568e-06
3.053061448099469999e-07
4.777638284991780893e-09
1.309306412622390781e-06
1.154109213530318812e-06
2.900765849744857405e-09
1.894887532216671389e-06
7.845247118609677273e-09
0.000000000000000000e+00
3.158970329764088092e-08
3.525946468130314315e-08
0.000000000000000000e+00
0.000000000000000000e+00
1.062721139533095993e-06
0.000000000000000000e+00
0.000000000000000000e+00
1.076918110243241244e-08
1.284009609747727154e-08
6.243334293998259454e-09
1.489079721750385943e-07
2.507952387986733811e-07
1.043413355716893420e-09
6.107686090217612218e-07
4.699209554814842704e-08
8.513360683082282776e-09
0.000000000000000000e+00
0.000000000000000000e+00
0.000000000000000000e+00
0.000000000000000000e+00
3.768133538528672943e-08
0.000000000000000000e+00
4.724842384007388318e-08
6.845910434094548691e-07
0.000000000000000000e+00
0.000000000000000000e+00
0.000000000000000000e+00
0.000000000000000000e+00
0.000000000000000000e+00
0.000000000000000000e+00
1.301239560547173824e-09
0.000000000000000000e+00
9.467223804904278950e-08
5.404201974812394837e-09
0.000000000000000000e+00
0.000000000000000000e+00
0.000000000000000000e+00
0.000000000000000000e+00
3.034342110908028189e-09
1.545394590074522512e-09
5.747762266139488929e-09
0.000000000000000000e+00
0.000000000000000000e+00
1.387939278174599167e-06
7.383677257166709751e-06
0.000000000000000000e+00
0.000000000000000000e+00
0.000000000000000000e+00
0.000000000000000000e+00
1.491303081024852872e-08
0.000000000000000000e+00
0.000000000000000000e+00
0.000000000000000000e+00
7.262484835734994704e-09
3.986091456908980035e-08
0.000000000000000000e+00
0.000000000000000000e+00
0.000000000000000000e+00
0.000000000000000000e+00
0.000000000000000000e+00
0.000000000000000000e+00
0.000000000000000000e+00
0.000000000000000000e+00
0.000000000000000000e+00
1.504545998898265680e-08
9.056880685420765076e-07
2.870348680517054163e-06
0.000000000000000000e+00
3.339654881528986152e-07
1.074583391019734435e-11
2.186328345032961806e-07
1.908355073965140036e-08
4.604836192356742686e-07
1.081981622519379016e-06
9.502261200111661310e-10
0.000000000000000000e+00
1.406691874095145067e-09
1.131072790983012055e-09
6.571775656993850134e-08
2.995327041954709557e-10
7.705510673972071345e-10
3.672837323165367707e-08
5.160905857337638736e-06
0.000000000000000000e+00
5.132421154740995917e-09
3.997833619706625541e-09
0.000000000000000000e+00
4.758614124966698000e-07
4.730395630758721381e-07
3.681578064629320579e-08
3.259731096161289088e-10
1.532460487396747340e-07
4.158184765401529148e-07
7.027319526287101326e-08
1.245327396759421390e-09
2.499106699360709172e-09
1.090856187602184946e-07
5.252184109849622473e-07
6.821075260177167365e-08
1.367143909192236606e-07
5.042612372108123964e-08
1.043953545831755036e-07
0.000000000000000000e+00
3.060543463107023854e-08
6.069467985980736557e-07
6.087953607902818476e-08
4.280364063191655077e-09
2.972148305246946620e-09
1.092326584739566897e-08
0.000000000000000000e+00
1.125875002117027179e-07
4.852485062656342052e-07
9.128547162617905997e-08
7.143291469446921838e-08
0.000000000000000000e+00
6.310156841493608226e-09
1.389980397448198346e-08
5.632417643397502616e-09
1.072315236605447808e-09
2.990726954976707930e-08
2.878024574215487519e-08
0.000000000000000000e+00
0.000000000000000000e+00
3.293296302331327752e-08
7.679696523155143950e-08
0.000000000000000000e+00
7.014814968897553626e-07
1.857874187827235346e-09
2.292709808671133942e-07
0.000000000000000000e+00
4.922522407468932215e-07
0.000000000000000000e+00
0.000000000000000000e+00
3.040407392518318375e-08
2.246381525239371513e-09
2.708674173845793121e-06
4.472506986985536059e-07
3.470367548885633369e-09
0.000000000000000000e+00
0.000000000000000000e+00
0.000000000000000000e+00
4.149587784496588938e-09
0.000000000000000000e+00
2.088744466277603351e-08
1.443152819469162296e-09
6.989147038893861463e-09
3.218457322873291560e-07
0.000000000000000000e+00
0.000000000000000000e+00
0.000000000000000000e+00
3.639931733800949587e-08
0.000000000000000000e+00
2.173352640966186300e-06
0.000000000000000000e+00
0.000000000000000000e+00
0.000000000000000000e+00
0.000000000000000000e+00
1.005626582006868830e-09
1.780924518968163284e-09
4.742917614208863597e-09
4.360650951440447898e-09
0.000000000000000000e+00
1.106870772815682358e-08
8.804708073739675456e-08
3.324625907907829969e-08
3.061979469975995016e-08
8.571213072627870133e-08
6.177624811698478879e-08
8.166419540600600158e-09
0.000000000000000000e+00
3.410607618548056053e-08
1.720026610030345182e-08
2.347986693962411664e-09
3.560040084948923322e-08
2.253341402358444157e-10
1.687618045309591253e-08
9.533493106061996514e-09
0.000000000000000000e+00
2.754900378931779414e-07
2.583371294662129003e-09
1.646223268814139828e-09
4.440453837961655381e-10
9.301621695101403020e-09
1.774026685552598792e-07
2.410949946352047846e-07
3.124044383184809703e-07
1.027715256896044593e-06
1.966800056152351317e-08
4.608410009154795262e-08
1.124159325627260841e-07
4.367470864963252097e-07
1.926031529819738353e-07
1.114876369001649437e-08
8.202343693142211123e-09
4.094056649250887858e-08
6.154321496865122754e-09
7.158840986676295870e-08
5.758737131600355497e-08
9.840582748665838153e-08
5.281754056341014802e-07
6.764773186063166577e-09
1.764999666420408175e-07
1.524658159723912831e-07
0.000000000000000000e+00
7.647838806690288038e-09
2.121117725906174201e-09
2.211510832239582669e-07
0.000000000000000000e+00
1.613487654594791820e-08
1.161426865792236640e-07
9.027464997757306264e-09
0.000000000000000000e+00
2.094980189326633990e-08
3.246784230359622825e-10
6.340508775792841334e-07
2.112825114863881026e-08
9.894022490186671348e-09
4.000074227406003047e-08
0.000000000000000000e+00
7.954439190660522740e-12
1.357026917503389996e-07
2.130629539465189737e-08
0.000000000000000000e+00
0.000000000000000000e+00
0.000000000000000000e+00
0.000000000000000000e+00
0.000000000000000000e+00
8.060457048486568965e-07
0.000000000000000000e+00
0.000000000000000000e+00
0.000000000000000000e+00
0.000000000000000000e+00
0.000000000000000000e+00
1.169905658571224194e-06
0.000000000000000000e+00
4.051361770507355686e-07
2.262809717379354879e-09
0.000000000000000000e+00
0.000000000000000000e+00
8.052904831856722012e-08
2.508011576196622627e-08
0.000000000000000000e+00
0.000000000000000000e+00
1.952314399034094095e-08
4.493675209715775054e-09
0.000000000000000000e+00
1.692911766326687939e-08
5.111579996081028199e-12
4.019132973098749062e-07
0.000000000000000000e+00
0.000000000000000000e+00
0.000000000000000000e+00
0.000000000000000000e+00
0.000000000000000000e+00
5.416779913502978161e-08
2.813730137773973183e-09
0.000000000000000000e+00
0.000000000000000000e+00
0.000000000000000000e+00
4.423459654123718110e-10
8.947929508451579750e-09
2.837017842871603079e-10
4.183165813742562023e-08
0.000000000000000000e+00
0.000000000000000000e+00
6.425774756735336268e-08
0.000000000000000000e+00
5.945604009127691825e-09
5.714759221397969213e-10
1.079768008338533036e-08
9.684836044243638753e-09
4.049948820750159939e-09
5.577950901169970166e-07
0.000000000000000000e+00
0.000000000000000000e+00
3.538315862527952049e-09
8.104962034849449992e-06
0.000000000000000000e+00
9.431970759976593399e-10
9.919564263327629305e-07
4.657711105693351783e-09
2.789884157028410527e-10
0.000000000000000000e+00
7.897104303822288784e-09
5.441457506805136290e-09
2.550332167672308969e-09
1.286692850044346415e-06
2.327676895674812840e-08
1.588524511930700100e-08
4.618967466285539558e-07
2.628648871905170381e-07
1.743540067877802358e-08
8.696554942844159086e-08
1.939894112013007543e-08
2.942974504094308941e-07
1.055428526797186350e-07
5.585746087888310285e-09
0.000000000000000000e+00
1.679037069379774039e-07
2.468127036081568804e-09
5.504164732883509714e-07
8.031817877451885579e-09
2.220088141102749546e-10
1.124741174862720072e-06
8.761101177867658407e-09
2.243060180262546055e-06
8.190203004687646171e-08
0.000000000000000000e+00
2.527380305039628183e-09
3.653149462934379699e-07
3.802732351232407382e-08
5.857645479778739173e-09
4.606663495110296935e-09
1.006219250143658428e-07
1.208946116548759164e-07
4.729406555270543322e-07
1.042354913494136781e-08
0.000000000000000000e+00
1.298707474894911229e-09
8.283398855724044552e-09
4.558170303425868042e-07
1.514720082695930614e-08
3.262873917719844030e-07
4.301952287733001867e-07
1.687785022852494876e-08
1.772881930151015695e-08
1.212639988423802606e-10
0.000000000000000000e+00
2.077670258060493325e-10
2.868769044539476454e-08
1.271241814038148732e-07
4.667954840442689601e-07
8.899101011650145665e-09
2.322233854101796169e-07
0.000000000000000000e+00
0.000000000000000000e+00
2.637023932550164318e-09
5.913706502269633347e-08
0.000000000000000000e+00
4.613340820469602477e-07
0.000000000000000000e+00
0.000000000000000000e+00
0.000000000000000000e+00
0.000000000000000000e+00
0.000000000000000000e+00
0.000000000000000000e+00
5.967285332530991582e-09
0.000000000000000000e+00
0.000000000000000000e+00
0.000000000000000000e+00
0.000000000000000000e+00
2.128798026745926109e-09
0.000000000000000000e+00
1.047065296688742819e-07
3.404472408874426037e-06
9.861312655345955136e-09
4.389348973177220614e-08
0.000000000000000000e+00
1.764676849091983968e-09
0.000000000000000000e+00
2.180218871217221022e-05
0.000000000000000000e+00
0.000000000000000000e+00
1.726770548771128233e-08
6.739127034194325461e-09
1.766547796933082282e-09
9.912824907587491907e-07
3.233140422054248120e-09
0.000000000000000000e+00
4.843754481953510549e-07
8.644987836703421635e-09
0.000000000000000000e+00
3.061743220067469906e-11
4.191914371176608256e-09
0.000000000000000000e+00
2.564648271530245438e-09
0.000000000000000000e+00
0.000000000000000000e+00
0.000000000000000000e+00
0.000000000000000000e+00
8.875706392075244366e-09
2.657153430618564016e-08
3.777910535518458346e-07
0.000000000000000000e+00
0.000000000000000000e+00
3.657964375847200245e-09
0.000000000000000000e+00
1.321921786257007625e-06
0.000000000000000000e+00
0.000000000000000000e+00
0.000000000000000000e+00
0.000000000000000000e+00
1.769804414131215253e-09
0.000000000000000000e+00
3.036535911604687499e-09
0.000000000000000000e+00
0.000000000000000000e+00
0.000000000000000000e+00
0.000000000000000000e+00
0.000000000000000000e+00
0.000000000000000000e+00
0.000000000000000000e+00
7.335049900802914635e-09
3.664488490429107515e-09
9.799879007246770080e-13
8.440297705192278954e-08
1.192710707975663809e-09
4.835044364881468937e-09
1.977281671727837420e-10
1.484402559981390368e-06
2.442959612380946055e-07
1.340568474006431643e-07
5.324188805388985202e-07
2.511140110073029064e-06
6.642099315001814830e-09
1.637245873098436277e-06
1.778699187937604620e-09
2.574000390609398892e-08
0.000000000000000000e+00
0.000000000000000000e+00
2.541341181938605587e-08
4.663462220833025640e-07
1.931692167334020382e-10
1.384656229674874339e-07
1.532579290142166428e-07
6.539503161206994264e-09
0.000000000000000000e+00
5.603320030189706813e-09
9.059215599904746341e-09
4.302743925044261175e-11
2.017010558574838797e-07
2.776133101178857032e-09
0.000000000000000000e+00
3.644031494332011789e-07
6.317014111800745013e-08
4.322023983149847481e-07
2.254867013107286766e-06
3.013960281350591686e-07
4.331846525928995106e-07
5.103766653746788506e-08
1.295887130936534959e-08
2.416375544100901607e-09
4.344837378766897018e-09
5.007105130516720237e-08
3.487533888346661115e-07
7.689147452083489043e-08
2.867497528313833755e-07
1.270305460820964072e-07
4.636439825844718143e-06
6.306955242507683579e-07
2.329021384639418102e-07
2.487641665993578499e-07
9.756438323904603749e-09
0.000000000000000000e+00
2.586493224043806549e-07
2.231965368082455825e-08
2.449917928970535286e-06
6.387552292652642905e-11
6.195156609933860636e-10
0.000000000000000000e+00
1.044190653942678182e-07
3.342168781728105387e-07
1.068457877728690164e-09
0.000000000000000000e+00
1.089932979425611848e-07
2.029543894055407804e-11
2.815302480030368315e-07
3.664151222437794786e-07
0.000000000000000000e+00
1.582207914907485247e-06
0.000000000000000000e+00
0.000000000000000000e+00
5.376395773026843017e-09
4.193434577359766990e-08
7.282392910923363161e-09
5.446417761234556565e-10
0.000000000000000000e+00
0.000000000000000000e+00
0.000000000000000000e+00
0.000000000000000000e+00
0.000000000000000000e+00
0.000000000000000000e+00
0.000000000000000000e+00
0.000000000000000000e+00
0.000000000000000000e+00
0.000000000000000000e+00
0.000000000000000000e+00
0.000000000000000000e+00
0.000000000000000000e+00
9.548719503982283641e-08
0.000000000000000000e+00
0.000000000000000000e+00
0.000000000000000000e+00
5.884633935693273088e-08
7.525235545813302451e-09
6.457399504000704837e-09
0.000000000000000000e+00
0.000000000000000000e+00
0.000000000000000000e+00
2.732740540523082018e-07
0.000000000000000000e+00
3.382938373874821991e-08
0.000000000000000000e+00
0.000000000000000000e+00
0.000000000000000000e+00
0.000000000000000000e+00
2.417791078457298681e-09
0.000000000000000000e+00
0.000000000000000000e+00
0.000000000000000000e+00
0.000000000000000000e+00
1.061201686525237164e-07
0.000000000000000000e+00
0.000000000000000000e+00
0.000000000000000000e+00
0.000000000000000000e+00
4.262642683272588329e-09
1.737284094360802555e-08
0.000000000000000000e+00
0.000000000000000000e+00
6.129695417911307231e-09
1.357806045376719339e-08
0.000000000000000000e+00
0.000000000000000000e+00
0.000000000000000000e+00
0.000000000000000000e+00
0.000000000000000000e+00
0.000000000000000000e+00
0.000000000000000000e+00
0.000000000000000000e+00
0.000000000000000000e+00
0.000000000000000000e+00
0.000000000000000000e+00
0.000000000000000000e+00
0.000000000000000000e+00
0.000000000000000000e+00
0.000000000000000000e+00
4.192516819823133289e-11
0.000000000000000000e+00
0.000000000000000000e+00
0.000000000000000000e+00
0.000000000000000000e+00
0.000000000000000000e+00
0.000000000000000000e+00
0.000000000000000000e+00
0.000000000000000000e+00
0.000000000000000000e+00
0.000000000000000000e+00
0.000000000000000000e+00
0.000000000000000000e+00
0.000000000000000000e+00
0.000000000000000000e+00
0.000000000000000000e+00
0.000000000000000000e+00
0.000000000000000000e+00
0.000000000000000000e+00
0.000000000000000000e+00
0.000000000000000000e+00
0.000000000000000000e+00
0.000000000000000000e+00
0.000000000000000000e+00
0.000000000000000000e+00
2.554549496380786877e-07
8.271280549365656043e-09
0.000000000000000000e+00
5.040111883403142201e-09
5.565784988448285731e-08
1.748134508261500741e-07
1.296238050230158478e-08
1.931700310819906008e-08
1.774947855359698679e-09
9.816963908448883558e-11
1.159624858360075450e-07
7.130021018042498326e-10
1.072855411621276289e-06
9.518723587120803131e-09
5.996346772008109838e-06
7.054738127010296012e-09
9.589603777726551925e-09
0.000000000000000000e+00
3.331327214084467414e-09
3.065755427300587144e-10
6.704719890393562309e-09
2.526570619387769057e-10
7.933590673303569929e-09
6.319738066196123327e-09
3.229857270525826607e-09
5.272363434727367348e-09
0.000000000000000000e+00
3.791090250615525292e-07
1.679229484352617874e-07
5.374287681547684770e-08
3.457022046404745197e-07
2.110075031369618159e-10
4.024797917168143613e-08
8.536155604588202550e-08
4.270515603366220603e-07
1.081658673740548693e-08
1.623340040168841369e-06
6.374077656801091507e-07
7.739009078022718313e-08
1.929440998083009617e-07
1.478408506727646454e-08
0.000000000000000000e+00
1.678832632023841143e-06
5.156613358536787928e-09
3.220796997993602417e-07
1.399178131578082684e-06
8.415176466769480612e-07
7.261214962639428450e-10
1.271610443609461072e-07
9.347377840640547220e-07
0.000000000000000000e+00
7.656750788953559095e-09
6.132292590388388476e-11
1.231528443668139516e-07
2.219795369740040769e-08
4.768543021782534197e-06
1.842093524828669615e-06
9.782567644833761733e-08
4.047063612233614549e-06
1.577146235831605736e-06
1.800247105165908579e-06
3.113508171281864634e-07
6.101269711678014573e-09
3.537016937116277404e-07
3.361890605901862727e-07
6.596183510509945336e-08
0.000000000000000000e+00
1.156185563955247630e-10
1.155488704718266035e-09
7.022017456392859458e-08
2.701617951572643506e-08
7.173058520493214019e-07
0.000000000000000000e+00
2.640902607708994765e-07
0.000000000000000000e+00
2.682402566733799176e-08
0.000000000000000000e+00
6.049786094308728934e-08
0.000000000000000000e+00
7.853905970023333794e-09
2.338784270250471309e-06
7.073743546470723231e-08
2.215199357280539516e-09
3.617502075670131489e-09
2.527130618545925245e-06
0.000000000000000000e+00
9.144856427667491516e-09
4.468694569936815242e-08
3.283092382844188251e-06
0.000000000000000000e+00
0.000000000000000000e+00
0.000000000000000000e+00
7.271570439115748741e-07
0.000000000000000000e+00
0.000000000000000000e+00
0.000000000000000000e+00
0.000000000000000000e+00
0.000000000000000000e+00
6.297005139543898622e-09
0.000000000000000000e+00
0.000000000000000000e+00
0.000000000000000000e+00
0.000000000000000000e+00
1.591726004335214384e-07
0.000000000000000000e+00
0.000000000000000000e+00
0.000000000000000000e+00
0.000000000000000000e+00
0.000000000000000000e+00
0.000000000000000000e+00
0.000000000000000000e+00
0.000000000000000000e+00
0.000000000000000000e+00
0.000000000000000000e+00
0.000000000000000000e+00
0.000000000000000000e+00
9.985817683855202631e-08
0.000000000000000000e+00
0.000000000000000000e+00
8.818852870184912263e-10
7.239890020827033368e-09
1.039708834582597774e-07
0.000000000000000000e+00
0.000000000000000000e+00
0.000000000000000000e+00
6.013516351544012650e-09
0.000000000000000000e+00
6.588621204173250590e-09
0.000000000000000000e+00
3.289642724890740055e-10
0.000000000000000000e+00
0.000000000000000000e+00
4.987140300727332942e-07
0.000000000000000000e+00
0.000000000000000000e+00
0.000000000000000000e+00
4.102152928453506320e-08
0.000000000000000000e+00
0.000000000000000000e+00
0.000000000000000000e+00
0.000000000000000000e+00
0.000000000000000000e+00
0.000000000000000000e+00
0.000000000000000000e+00
0.000000000000000000e+00
0.000000000000000000e+00
0.000000000000000000e+00
0.000000000000000000e+00
0.000000000000000000e+00
0.000000000000000000e+00
0.000000000000000000e+00
2.801622400738779106e-08
0.000000000000000000e+00
3.471076315264554069e-09
9.300521242039394565e-09
5.412277293004308376e-09
0.000000000000000000e+00
0.000000000000000000e+00
0.000000000000000000e+00
0.000000000000000000e+00
0.000000000000000000e+00
0.000000000000000000e+00
0.000000000000000000e+00
0.000000000000000000e+00
3.764412781492865179e-09
0.000000000000000000e+00
0.000000000000000000e+00
0.000000000000000000e+00
0.000000000000000000e+00
0.000000000000000000e+00
3.858393465838716452e-11
7.491324893749151670e-09
8.663718631396477576e-10
1.720686593209563853e-09
1.240327751617087415e-08
9.046300597503886820e-09
0.000000000000000000e+00
1.585602649178952106e-09
3.780408430742454584e-09
2.869222157642070670e-07
8.487027969295013463e-09
4.421517134627767076e-13
0.000000000000000000e+00
7.350729447352932766e-07
1.703172181066747726e-08
1.401483359586563893e-06
3.389256930663719913e-10
4.582989276968874037e-07
5.289903626248815272e-09
7.057631812301679020e-09
2.747764540345087880e-07
0.000000000000000000e+00
0.000000000000000000e+00
1.012875738837237805e-08
1.997504028850016766e-07
7.531981260910924902e-09
7.092249565410213563e-10
1.560596629701649363e-08
2.386555131295153842e-08
1.272623819659202127e-07
3.722973263009521361e-09
1.346064209428732283e-06
3.780078472459535988e-08
8.065198358053748962e-07
1.105638158804822524e-08
7.067840357422028319e-08
1.340460853427316579e-09
2.662015718968291367e-09
0.000000000000000000e+00
3.028616504252568120e-07
5.371635580786460196e-09
0.000000000000000000e+00
5.312155622050340753e-07
1.728080133034382015e-05
3.156777665935805999e-06
1.002305339170561638e-06
5.850266688867122866e-07
4.525789520926082332e-09
5.018860327332674842e-10
8.265557767117570620e-07
4.196009228962793713e-08
1.211549545132584171e-07
0.000000000000000000e+00
1.260945828107651323e-05
1.059236524270090740e-06
0.000000000000000000e+00
6.411193798072645222e-09
2.629809614518308081e-07
1.941282334882998839e-06
0.000000000000000000e+00
0.000000000000000000e+00
7.996791850928275380e-08
0.000000000000000000e+00
3.182198682338821527e-08
0.000000000000000000e+00
3.435510222971061012e-07
0.000000000000000000e+00
0.000000000000000000e+00
3.367329526327011990e-08
2.121338216198864757e-09
1.027611688186880201e-06
0.000000000000000000e+00
2.532106577746162657e-07
0.000000000000000000e+00
5.273239480629854370e-07
1.190122929983772337e-06
0.000000000000000000e+00
0.000000000000000000e+00
7.696842274640403048e-09
0.000000000000000000e+00
1.726841247773336363e-07
2.507444030186434247e-08
0.000000000000000000e+00
1.292087686843856886e-10
0.000000000000000000e+00
2.367060233154916205e-06
0.000000000000000000e+00
8.008837149020564539e-09
2.093320716767266276e-08
1.957853079659344075e-08
0.000000000000000000e+00
0.000000000000000000e+00
1.119979442520957491e-09
7.830838200106882141e-09
0.000000000000000000e+00
0.000000000000000000e+00
0.000000000000000000e+00
0.000000000000000000e+00
3.204272180923339874e-09
5.155048370397707913e-07
4.839917977506047464e-08
5.591666152326979500e-08
4.002989495432984768e-09
0.000000000000000000e+00
3.040853968627743598e-08
6.293453536088122746e-10
5.028672270257494858e-11
2.830151515809120610e-06
8.589537081604703417e-09
2.014140676465103752e-08
8.133807227750367019e-08
5.833632243934516737e-09
1.440069752334238729e-07
1.717463671280228255e-10
6.027335075486917049e-08
5.461948830998153426e-07
2.848028257673718144e-09
2.265491350073034482e-09
0.000000000000000000e+00
7.884909766124950647e-14
5.410724313037462707e-08
0.000000000000000000e+00
4.389104560686973855e-06
2.355854844537930148e-09
1.166581165001900899e-09
5.969471139621873590e-09
1.093906263349708752e-07
1.300477947552280966e-09
2.719418148444674443e-07
5.800501412522862665e-09
4.482623300328114624e-11
0.000000000000000000e+00
2.656356912211776944e-07
4.361629635241115466e-08
2.633172471178113483e-07
7.864379286681710823e-12
0.000000000000000000e+00
0.000000000000000000e+00
3.458020003677120258e-08
4.903863079497305932e-11
7.105120971573342104e-07
3.450000507498884872e-09
2.163150908396360705e-10
3.186647390407415514e-08
1.031125691497436492e-07
2.049902825262961414e-08
2.722024419199442491e-07
9.563660796629847027e-08
8.031020826138046687e-08
5.774135683478398562e-11
4.519301821659382767e-09
1.377559488702218005e-08
0.000000000000000000e+00
5.311067070579156280e-07
0.000000000000000000e+00
0.000000000000000000e+00
1.071607802494156658e-09
0.000000000000000000e+00
0.000000000000000000e+00
2.913210117583275860e-08
0.000000000000000000e+00
0.000000000000000000e+00
0.000000000000000000e+00
6.014376197072124342e-08
0.000000000000000000e+00
3.066514295824163128e-07
0.000000000000000000e+00
0.000000000000000000e+00
0.000000000000000000e+00
0.000000000000000000e+00
0.000000000000000000e+00
0.000000000000000000e+00
0.000000000000000000e+00
1.861010900938708801e-08
0.000000000000000000e+00
0.000000000000000000e+00
0.000000000000000000e+00
2.124627940247592051e-08
1.594023663065158303e-10
8.332190049031851231e-08
5.185769147431074089e-09
3.212093417914729798e-07
2.365043627605700749e-07
0.000000000000000000e+00
4.577910885927849449e-07
0.000000000000000000e+00
0.000000000000000000e+00
2.973002210637787357e-06
0.000000000000000000e+00
0.000000000000000000e+00
1.883522227075218325e-09
9.825477320646314183e-08
0.000000000000000000e+00
4.023436694922111201e-09
0.000000000000000000e+00
3.874444232110363373e-08
0.000000000000000000e+00
0.000000000000000000e+00
0.000000000000000000e+00
6.870237001521672937e-08
0.000000000000000000e+00
7.397757961769002577e-09
1.193316556680201757e-10
1.120036046131644980e-07
0.000000000000000000e+00
3.054647160216639179e-11
0.000000000000000000e+00
1.557252105044426571e-09
0.000000000000000000e+00
0.000000000000000000e+00
0.000000000000000000e+00
3.907731471741726637e-09
2.893000505821419210e-08
0.000000000000000000e+00
0.000000000000000000e+00
0.000000000000000000e+00
9.812232804051745916e-09
0.000000000000000000e+00
0.000000000000000000e+00
0.000000000000000000e+00
0.000000000000000000e+00
0.000000000000000000e+00
0.000000000000000000e+00
0.000000000000000000e+00
4.428631825703632785e-07
0.000000000000000000e+00
0.000000000000000000e+00
0.000000000000000000e+00
1.075991473697968104e-08
9.055064337237794803e-11
2.786183284086973799e-09
3.210904653272450560e-09
1.494136014912328392e-08
8.240673032844370027e-09
2.216603345317480489e-09
1.677709415837114193e-09
9.275543000342167943e-09
6.725536128016074144e-09
7.683446767714485759e-08
3.665171721678461836e-09
4.759357796757512915e-09
1.223043682330171578e-06
4.064564240735535350e-09
3.001295681315241382e-06
1.027149281185302243e-07
2.119138429179656669e-07
4.904771913061267696e-07
2.193836053265840746e-06
1.955668916739372598e-12
1.541436972729570698e-06
0.000000000000000000e+00
1.550966146623977693e-07
9.794542954466578522e-10
2.758981043626818064e-09
8.357322833774105675e-09
1.997725121327675879e-06
0.000000000000000000e+00
0.000000000000000000e+00
1.475567472652983270e-07
0.000000000000000000e+00
1.220430007053963095e-10
7.889852327025437262e-09
3.870493259228169336e-08
1.313280040271536109e-09
9.460766892122052241e-11
1.072998543349967804e-06
1.525453399153775536e-07
2.135201349062754161e-09
3.477147814123782155e-08
7.113849420647966326e-08
8.051137001530150883e-08
4.855675328485631326e-08
1.463974541593415779e-07
2.164276091676242686e-09
1.494537855251110159e-06
0.000000000000000000e+00
3.629983780228940304e-07
1.036187200043059420e-06
3.656460734191568918e-08
1.185370877010427648e-07
1.244566760760790203e-07
7.972531967936902220e-09
5.856078360011451878e-07
2.356446426876601663e-10
7.313111041185038630e-07
6.172706434881547466e-08
0.000000000000000000e+00
7.403102575409548081e-09
8.689820418794624857e-09
5.425745825959893409e-07
1.434240370912220897e-08
6.704877364427375142e-08
1.021856519400898833e-07
2.551923444116255268e-06
9.344170592839873279e-08
4.632125865100533701e-07
2.380114549893619369e-09
7.367398247026812896e-09
0.000000000000000000e+00
5.444092288087176712e-09
1.582506712338727084e-07
1.205746684718178585e-07
5.133114427735563368e-06
0.000000000000000000e+00
0.000000000000000000e+00
6.929307971859088866e-08
2.477618998852904042e-08
3.056330797335249372e-07
3.526781000573464553e-08
5.403130103331932332e-07
8.560166975257743616e-08
1.962613168871030211e-06
0.000000000000000000e+00
0.000000000000000000e+00
2.947850497037052264e-08
7.802878485563269351e-07
0.000000000000000000e+00
0.000000000000000000e+00
0.000000000000000000e+00
2.392780418247753005e-09
1.841473418195960221e-09
0.000000000000000000e+00
5.122341661945029045e-09
3.617677823974929652e-10
5.630275836665532552e-07
3.791756455484573962e-07
0.000000000000000000e+00
1.602620386620401405e-06
2.822198439389467239e-07
8.822403252395361051e-09
0.000000000000000000e+00
1.948341754598459374e-08
5.933421309833875057e-09
3.905611389853902438e-09
1.728311218585076858e-07
7.506341148655337747e-08
5.505567202135353000e-08
6.019099441090247637e-09
6.978199706964005600e-08
9.597504124769784539e-09
9.432262118025391828e-07
2.265128085099377131e-09
9.434100611827034299e-09
8.312212429473220254e-08
6.262229817366460338e-06
2.323349845845257278e-10
3.093283185151562975e-09
1.646691316636861302e-06
0.000000000000000000e+00
1.285088391256294926e-08
2.591478050817386247e-06
6.570052835108697309e-10
3.550850578903919086e-06
9.176146420486475108e-08
1.067046451197484203e-08
7.645142297008078458e-09
4.023752442350314595e-09
8.291026887263797107e-08
1.413682415574157858e-08
1.937308297783602029e-06
3.771880585645703832e-09
1.419019657333819850e-08
1.556772872390865814e-06
1.295156648595252591e-09
4.816123944095807019e-09
7.994182030755803137e-13
3.606723142368650770e-09
1.783678804656574357e-08
3.512332114041782916e-08
3.385157398838600784e-08
1.560807305622802232e-07
1.127045052840003336e-07
6.298847665675566532e-09
4.872143577472343168e-08
1.046477837718384762e-08
2.618384939978568582e-07
2.066804150047119037e-08
3.284547744897281518e-08
1.697575058301481477e-08
1.091061374580704069e-08
3.397740897526091430e-07
0.000000000000000000e+00
3.559911760930845048e-07
0.000000000000000000e+00
0.000000000000000000e+00
3.910270718332498063e-10
5.973332939390729734e-09
9.866178096729072422e-09
4.332447733901290121e-09
2.536156007426626502e-10
8.956401842397099244e-08
6.338062963351376311e-09
5.551545001480917563e-09
2.285609390639820049e-08
6.757241433064109515e-09
5.906279465506258930e-09
0.000000000000000000e+00
0.000000000000000000e+00
0.000000000000000000e+00
0.000000000000000000e+00
4.873440389019378927e-07
0.000000000000000000e+00
0.000000000000000000e+00
0.000000000000000000e+00
0.000000000000000000e+00
0.000000000000000000e+00
0.000000000000000000e+00
0.000000000000000000e+00
0.000000000000000000e+00
0.000000000000000000e+00
3.438993303461757023e-07
1.061269649937912618e-08
0.000000000000000000e+00
8.079690815065987408e-06
0.000000000000000000e+00
2.927305047251138603e-07
0.000000000000000000e+00
0.000000000000000000e+00
0.000000000000000000e+00
1.390993986660760129e-07
0.000000000000000000e+00
1.368237527400381626e-13
6.426105159107464715e-08
0.000000000000000000e+00
0.000000000000000000e+00
1.422249251703533446e-08
0.000000000000000000e+00
0.000000000000000000e+00
0.000000000000000000e+00
0.000000000000000000e+00
9.604046447009295662e-09
1.036253305386480861e-08
0.000000000000000000e+00
4.666303610179056705e-08
3.671468107313557994e-08
5.162850591489132057e-09
0.000000000000000000e+00
0.000000000000000000e+00
0.000000000000000000e+00
0.000000000000000000e+00
0.000000000000000000e+00
0.000000000000000000e+00
0.000000000000000000e+00
6.782828876339408453e-08
0.000000000000000000e+00
0.000000000000000000e+00
6.148021536311887303e-10
6.543533270786383582e-09
2.110034813540551113e-07
1.393507432112528477e-06
8.059735989718319615e-09
7.802910317877831403e-09
2.045889013757573593e-09
1.920252934439758974e-08
6.081209757979877395e-09
5.652128987065907495e-09
7.196823137434193995e-09
2.341133953365215348e-10
2.871928694858638664e-09
9.982642268369090743e-07
6.220239878729216798e-10
6.376845931299612857e-07
8.860906453023176255e-10
1.303879002989560831e-06
2.687368105824816666e-09
3.932998637878881709e-08
3.682479530198179418e-07
5.461380236937429800e-09
0.000000000000000000e+00
8.244806792845338350e-08
8.045568655745682918e-09
1.592269960326575529e-08
1.177009600894507457e-08
1.514472046437731478e-06
0.000000000000000000e+00
1.153938029574419488e-07
1.395765725220599052e-08
1.268781630869852961e-07
8.055925704297806078e-09
1.740372068681494966e-09
1.365855428758777634e-09
4.984786414752306882e-07
4.339743286951858181e-10
5.997557650516682770e-07
1.477133348970482984e-08
1.690028499090612257e-11
3.036672779899163288e-08
2.574339938270220340e-13
4.408308313941233791e-07
2.779551699916282814e-08
2.587987957269888284e-08
9.125455058267561981e-09
5.591915623881504871e-07
0.000000000000000000e+00
3.526712921697594538e-09
4.156645028174921208e-10
1.708606589545524912e-09
4.091149641283209348e-10
1.583827113904590078e-08
2.761558448582945857e-07
4.021709187895794457e-09
0.000000000000000000e+00
2.642436047750607031e-09
1.409023919762830701e-08
5.655170109974960724e-09
1.751401867977619986e-08
4.764562078207745799e-09
2.173724844567459513e-08
0.000000000000000000e+00
1.664040070181727060e-07
9.168990011687583319e-09
5.507037048602114737e-09
1.828971640804866183e-08
2.846161750724718331e-09
4.492851601867187128e-08
5.141093950555841730e-08
0.000000000000000000e+00
1.132103022438712969e-10
9.590436000905810943e-09
3.351482291691354476e-07
6.926404125806584489e-07
1.393700443941270350e-07
1.507784119780808396e-08
1.839771243794530164e-06
3.378334723080911317e-09
0.000000000000000000e+00
5.483243636916768082e-09
9.237494680292002158e-08
7.292626502675148004e-09
1.863051934947179689e-09
0.000000000000000000e+00
1.618590346197379404e-07
3.525438842189032584e-06
0.000000000000000000e+00
0.000000000000000000e+00
5.012183557084881613e-09
6.312443012745916349e-09
0.000000000000000000e+00
3.257771652442897903e-07
4.962176891609715312e-09
0.000000000000000000e+00
3.498984213479161554e-08
0.000000000000000000e+00
1.775820692273555323e-06
8.039728882636154594e-09
0.000000000000000000e+00
0.000000000000000000e+00
0.000000000000000000e+00
6.835105637037486304e-08
0.000000000000000000e+00
3.226781286613800148e-09
0.000000000000000000e+00
3.237494865970802493e-06
0.000000000000000000e+00
6.131066356829251163e-07
5.666432212336758312e-09
5.602938557558445609e-08
1.317092568342559389e-08
0.000000000000000000e+00
7.022367753961589187e-08
1.671805307523754891e-07
3.624764488563414488e-08
0.000000000000000000e+00
0.000000000000000000e+00
0.000000000000000000e+00
0.000000000000000000e+00
2.571636681381050948e-09
1.213627740526135312e-07
1.188439835431154279e-08
0.000000000000000000e+00
1.912093239297973923e-07
0.000000000000000000e+00
0.000000000000000000e+00
1.255582038339753126e-08
7.432523716488503851e-07
0.000000000000000000e+00
1.011587924537593608e-09
1.440028873922472030e-09
8.819450272312678862e-07
1.618263212321835454e-07
0.000000000000000000e+00
0.000000000000000000e+00
1.166501228944127888e-09
1.129615085915247619e-07
3.270022030932295820e-09
0.000000000000000000e+00
1.570528411320992745e-06
0.000000000000000000e+00
4.845082321458527019e-11
8.245457649991294602e-10
2.007037425144631015e-09
2.253322861633932916e-08
8.062640333150739025e-09
9.516726073854897550e-09
1.721944009602793813e-08
3.106283088527561631e-07
4.082781057679341075e-10
3.516650526336206894e-09
3.612083521176145950e-09
0.000000000000000000e+00
8.770072884058122131e-13
3.951641444621678545e-11
0.000000000000000000e+00
9.935046563214200432e-09
1.919322130561340600e-06
1.581118453941599000e-07
1.049029947353119496e-06
2.608850557805908466e-08
5.237834166393895430e-09
4.574378920096933143e-07
2.275580754940165207e-07
3.980298401984327938e-07
6.295570287306873070e-09
6.960108862585911993e-07
2.846064433015271788e-07
1.743342181725893170e-07
8.497149650565916090e-09
2.049397807013519923e-07
3.043013805381633574e-07
2.175196556208902621e-07
0.000000000000000000e+00
8.982948429547832347e-08
2.776502014967263676e-06
5.522811652447501274e-10
1.159878060263963562e-08
0.000000000000000000e+00
6.851637408544775099e-07
0.000000000000000000e+00
1.707817887108831201e-08
0.000000000000000000e+00
2.425661875804507872e-07
5.746565889808152860e-08
2.181249847410526854e-08
1.678249894609962212e-08
2.038455022557172924e-06
0.000000000000000000e+00
2.639059992759484885e-08
2.403913640591781586e-06
4.421274013566289796e-08
4.030975375712841924e-08
1.976398834813153371e-06
0.000000000000000000e+00
1.406043139695611899e-07
1.615788214337499085e-08
2.943769850105582009e-08
4.521769347842763409e-10
1.515242686878082168e-08
3.755645128222795393e-09
1.671506083766871598e-06
1.358561441122674296e-08
6.810865471607030486e-08
0.000000000000000000e+00
1.045187403292402450e-08
7.624461950683780742e-09
8.221549308018438751e-08
5.431526339805259340e-10
1.814357517559983535e-07
2.310621994183748029e-06
2.383906348768505268e-06
1.839336982811801136e-05
1.945122676261235029e-06
8.635497010800463613e-07
2.183518063247902319e-06
1.783718630576913711e-06
1.837343006627634168e-06
1.234252408721658867e-06
2.100262827298138291e-05
0.000000000000000000e+00
0.000000000000000000e+00
4.021433408496477568e-09
0.000000000000000000e+00
0.000000000000000000e+00
0.000000000000000000e+00
0.000000000000000000e+00
0.000000000000000000e+00
0.000000000000000000e+00
0.000000000000000000e+00
0.000000000000000000e+00
0.000000000000000000e+00
0.000000000000000000e+00
0.000000000000000000e+00
0.000000000000000000e+00
0.000000000000000000e+00
0.000000000000000000e+00
0.000000000000000000e+00
0.000000000000000000e+00
0.000000000000000000e+00
0.000000000000000000e+00
0.000000000000000000e+00
0.000000000000000000e+00
9.015530544331795682e-09
0.000000000000000000e+00
1.783757697104704221e-09
0.000000000000000000e+00
0.000000000000000000e+00
0.000000000000000000e+00
0.000000000000000000e+00
0.000000000000000000e+00
0.000000000000000000e+00
0.000000000000000000e+00
0.000000000000000000e+00
3.374530432864730756e-09
0.000000000000000000e+00
0.000000000000000000e+00
0.000000000000000000e+00
0.000000000000000000e+00
0.000000000000000000e+00
8.133914097818717437e-10
0.000000000000000000e+00
0.000000000000000000e+00
7.320990480508271503e-09
6.071516178707270228e-09
