4.319717845646664500e-06
1.160907316943848855e-07
4.572953457682160661e-06
0.000000000000000000e+00
2.993326830846854136e-08
3.877248218486784026e-06
3.680499958136351779e-07
6.207694696058752015e-06
3.934100689662045625e-08
4.584439011523500085e-06
7.709335392291905009e-08
0.000000000000000000e+00
1.955544348675175570e-06
1.241650807060068473e-06
1.190806688100565225e-05
2.485135652818826202e-09
3.947282323224499123e-08
7.872729952396184672e-07
4.118092817861906951e-07
7.842492095733177848e-07
3.118812628599698655e-06
3.714834747370332479e-06
4.682602749994657643e-08
2.955482045763346832e-07
1.806277964533364866e-06
5.322295919540920295e-07
1.786742473086633254e-06
7.622897442161047366e-07
5.014628186472691596e-06
3.330012987134978175e-06
2.434864882161491551e-06
3.097842864008271135e-06
5.930694896960631013e-06
7.526915055677818600e-07
7.546023539362067822e-07
0.000000000000000000e+00
1.818364808059413917e-06
7.376218604804307688e-07
1.492108640377409756e-05
3.591263975977199152e-06
1.474691430303209927e-06
5.413452981883892789e-06
8.137338227243162692e-06
1.350207128325564554e-07
3.278673554873989815e-09
2.278825377288740128e-07
2.134569427880705916e-07
2.264389031836344657e-08
1.839053197727480438e-06
1.556579377393063623e-06
1.088077851818525232e-06
5.363870059227338061e-06
7.415045729430858046e-06
0.000000000000000000e+00
4.398882992973085493e-06
0.000000000000000000e+00
3.053549413323253248e-09
4.426090640663460363e-07
0.000000000000000000e+00
1.653930610245879507e-07
2.437753892081673257e-07
7.573463335575070232e-06
5.636647415485640522e-08
2.267354147988953628e-06
0.000000000000000000e+00
1.684936137280601542e-07
1.206468732561916113e-05
3.447875997153460048e-06
0.000000000000000000e+00
6.717777068843133748e-06
0.000000000000000000e+00
1.425939808541443199e-05
3.496762133181618992e-07
6.261969701881753281e-06
7.079381703078979626e-08
5.557444637815933675e-07
7.926721082185395062e-06
4.902295014375113169e-09
4.264079507265705615e-07
1.026189888619910562e-08
1.664741589024743007e-08
3.804207608482101932e-06
2.627167759783333167e-06
4.513292424235260114e-06
7.203127694310751394e-08
1.271433234251162503e-07
4.865734126724419184e-08
1.379685130586949526e-07
8.420111896612070268e-08
5.052434062235988677e-07
0.000000000000000000e+00
2.470315729752314837e-09
2.814520883021032205e-07
8.493975087731087115e-07
9.491657237958861515e-07
4.614672022285049025e-08
8.776828508416656405e-08
7.251969691424164921e-07
7.828163006706745364e-07
1.116484327212674543e-07
3.773420758079737425e-07
1.740943815775608527e-07
2.402142058599565644e-07
1.611298898751556408e-07
3.018961436396239151e-08
4.305239720281406335e-09
4.298291583770819102e-11
1.904458146739784752e-09
5.570413122768513858e-06
4.935700181896152117e-10
7.075565463310340419e-06
4.435409195480133349e-08
2.210075962238988723e-07
1.489166692181242979e-07
7.237367372070480087e-10
2.651932362596198800e-08
0.000000000000000000e+00
2.392856401911558351e-07
3.635441998994792812e-06
3.192952746644550643e-08
6.841871424967393978e-08
5.464639798447024077e-06
1.375139504489197861e-07
1.088000044546788558e-05
6.018096428306307644e-06
1.376892555526865181e-07
0.000000000000000000e+00
0.000000000000000000e+00
1.409561463106001611e-07
2.432373378269403474e-07
3.094794109870235843e-08
2.772147524865431478e-07
0.000000000000000000e+00
0.000000000000000000e+00
3.158486833854112774e-06
7.305148756131529808e-06
5.192255159158776223e-08
1.507755882812489290e-06
6.816812856413889676e-06
7.123142609088972677e-07
2.479162958479719236e-06
2.946121355762443272e-07
0.000000000000000000e+00
0.000000000000000000e+00
6.014095561113208532e-06
1.626967183199212741e-08
6.164933097352331970e-07
1.537147369390368112e-07
2.069886040345636502e-09
1.304346994857041864e-07
1.042511286186709185e-07
1.814606953587372118e-08
1.193612035876867594e-07
0.000000000000000000e+00
5.214584319901405252e-08
1.337287585556623526e-06
6.662023821490947739e-09
8.203400057027465664e-07
7.239309951501127216e-08
1.157592919298622292e-06
7.452658934425926418e-08
3.424966976695031917e-08
1.573078179717413150e-06
5.657502697431482375e-06
8.995886702223288012e-08
2.317991913969308371e-07
1.316895179570565233e-07
4.097178134543355554e-07
1.243101337422558572e-06
1.037601919051667210e-06
3.221030997480056612e-09
1.297212559592253456e-08
0.000000000000000000e+00
0.000000000000000000e+00
1.230385919370746706e-06
5.753779987571761012e-06
9.555504831837424717e-09
4.286506737116724253e-06
1.785998847481096163e-06
5.591236913460306823e-07
9.688716090749949217e-06
3.823624297183414456e-07
2.019940978925660602e-07
2.421903673166525550e-06
3.327230160721228458e-06
7.435525731125380844e-06
1.678346779954154044e-05
1.466572848585201427e-05
2.613961669339914806e-06
9.211435099132359028e-07
2.899674029777088435e-07
2.217915806568271364e-08
7.031567747617373243e-06
2.961283598779118620e-06
7.000413916102843359e-06
4.067735972057562321e-06
6.241868049983168021e-06
3.923835265595698729e-06
1.840519507823046297e-05
7.439553883159533143e-06
9.943809345713816583e-06
6.152472451503854245e-06
7.429596735164523125e-06
2.988940877912682481e-06
7.787111826473847032e-06
1.260288399862474762e-06
7.721595466136932373e-06
4.184422778052976355e-06
1.330405575572513044e-05
6.839845809736289084e-06
9.621616925414855359e-08
8.687173249199986458e-06
7.760610060358885676e-06
8.093191354419104755e-06
3.342439640618977137e-07
2.297110313520533964e-06
2.521391628818037134e-08
2.538421250974920440e-09
3.892938821081770584e-06
4.691488356911577284e-06
1.357836254101130180e-06
1.987810037462622859e-06
7.424553132295841351e-06
2.129093672920134850e-06
1.390955958413542248e-06
6.897349521750584245e-06
4.998553777113556862e-06
2.756486310317995958e-06
1.188972987620218191e-06
1.615838641555455979e-06
3.261563051637494937e-06
6.636497346335090697e-06
8.796725410320505034e-07
3.558983280527172610e-06
1.375803913106210530e-05
1.365408593301253859e-06
3.014137064383248799e-07
3.667540659080259502e-05
4.107334916625404730e-06
8.632378580841759685e-07
1.564144986332394183e-05
9.853635674517136067e-06
1.420141302332922351e-06
2.849199290722026490e-06
2.224854824817157350e-06
1.185731889563612640e-06
1.362060970677703153e-07
3.176047584929619916e-06
4.874563046541879885e-07
2.980611384373332839e-07
1.707791057015128899e-06
1.086190536625508685e-06
3.776952326006721705e-06
1.147350644714606460e-06
5.748124294768786058e-06
9.062567187356762588e-06
6.763050805602688342e-06
2.812273805830045603e-06
7.367074886133195832e-06
8.179410542652476579e-06
7.355911293416284025e-06
1.583679363648116123e-06
1.021519528876524419e-05
8.979486665339209139e-06
7.655299668840598315e-06
9.749728633323684335e-07
2.682845206436468288e-06
9.171611168312665541e-07
1.558558579972668667e-07
5.372756959332036786e-07
2.170349262087256648e-06
2.258178938063792884e-06
3.128767502857954241e-06
6.485706194325757679e-08
3.117249747219830169e-08
2.564160013207583688e-06
6.894993589412479196e-07
9.228762820612246287e-08
4.518492460192646831e-06
2.307199565620976500e-06
1.667573087615892291e-06
3.475311984857398784e-07
2.008854835366946645e-06
8.848425636642787140e-08
1.541877310273775947e-07
9.494214054939220659e-07
4.559276931104250252e-06
1.765372417139587924e-07
4.673267085308907554e-06
5.342991471479763277e-07
9.135116556535649579e-07
2.655874187240669926e-09
4.197580892650876194e-06
5.689300337508029770e-07
1.127328800976101775e-06
5.213076974541763775e-07
1.972988883380821790e-08
1.825779008868266828e-06
1.693244712441810407e-06
2.655093567227595486e-07
7.766514613649633247e-07
3.104336201431578957e-07
7.633252039340732154e-07
2.658927087395568378e-06
1.276500967151150689e-07
3.946970821289141895e-07
2.066723254756652750e-06
4.445837760158610763e-07
3.425503081189162913e-08
8.052505506839224836e-08
6.513091221904687700e-08
3.444047251832671463e-07
1.986850520552252419e-06
1.751571332420098770e-08
0.000000000000000000e+00
4.373153501546767075e-07
3.880002168443752453e-07
8.202403023460647091e-07
1.400879909851937555e-07
5.156398401595652103e-06
1.440047414646983270e-09
2.521746409911429510e-06
1.078992590919369832e-05
2.677380734894541092e-06
5.138362212164793164e-06
9.337584856439207215e-07
5.971577934360539075e-07
3.363930645150503551e-08
2.608317345220712014e-06
8.798871675708141993e-08
2.838519094439106993e-06
5.137780476616171654e-07
1.588935333529661875e-06
1.024049183229180926e-07
2.129318090737797320e-07
4.373862907414149959e-07
7.401435482279339340e-07
4.041492474016195047e-08
9.422785751667106524e-07
6.751364480805932544e-07
1.229821805281972047e-06
5.557081976803601719e-07
7.823919645488786045e-07
2.550003955548163503e-06
2.553897502366453409e-06
3.486463810986606404e-07
2.659880671274095221e-08
1.484522272221511230e-06
1.347627005543472478e-07
4.366160737845348194e-06
1.813097924241446890e-06
1.738199983947197325e-07
5.380533352195016050e-08
2.098770437441999093e-07
1.674554596320376731e-06
2.832764778304408537e-07
4.804767286259448156e-06
3.667832402243220713e-07
5.499051894730655476e-06
3.411163788769044913e-06
2.572941184553201310e-06
0.000000000000000000e+00
3.650826556622632779e-06
5.302590011524443980e-08
6.130952669991529547e-07
1.108023070628405549e-06
9.803568445931887254e-07
3.723254593523961375e-08
4.519208687270293012e-07
8.331796379934530705e-06
2.485789423189999070e-07
5.424818994015367934e-08
2.794238866954401601e-07
8.709393455319514032e-07
5.822617410444763664e-08
3.598678631533402950e-06
3.179194720814848552e-07
1.601283884156146087e-06
2.605537119393375178e-08
6.755067829544714186e-07
8.916038041206775233e-08
1.148322098742937669e-06
2.125828899579573772e-07
2.541735000249900622e-07
1.061063358065439388e-06
1.865672174972132780e-06
1.690822841737826820e-06
2.478166152286576107e-06
4.623813651960517745e-07
1.297060180149856023e-06
1.387038395250783651e-07
3.290243739684228785e-06
4.706133704956982911e-09
3.446996856837358791e-07
3.649883183243218809e-06
6.914496566423622426e-07
6.629842914662731346e-07
2.090277320121458615e-07
9.282639439334161580e-06
3.559218555437837495e-07
8.951631969011941692e-08
1.366873334518459160e-07
1.113932910357107176e-07
1.448861894459696487e-06
1.402589873578108381e-06
1.347144120700249914e-06
5.657959718519123271e-07
1.059594751495751552e-06
1.315841927862493321e-06
5.732395038648974150e-07
6.629094514210009947e-06
1.064805474015884101e-06
9.817392765398835763e-08
8.860568279089875432e-09
2.943423282886215020e-07
2.003915142267942429e-06
1.211254954114338034e-07
1.031089368552784435e-06
2.567445847034832695e-07
7.995053010745323263e-07
7.770790944050531834e-07
8.667439033160917461e-06
1.194640830703974643e-08
1.928071640122652752e-07
5.620232172987016384e-07
7.782500119901669677e-07
1.556119122447796599e-09
1.167272898783267010e-06
5.691738351742969826e-06
7.739179608279300737e-08
0.000000000000000000e+00
1.414580008685106804e-09
9.781979315448552370e-08
2.160170197385014035e-06
0.000000000000000000e+00
3.023505087185185403e-06
4.011923238067538477e-08
0.000000000000000000e+00
1.094276854018971790e-06
1.627590791031252593e-07
2.016242888203123584e-07
3.930912839678057935e-08
1.721902208373649046e-06
9.772483053893665783e-07
8.839663223625393584e-08
3.766606141653028317e-06
3.438502815811261826e-08
1.817570627338227496e-08
3.257378864418569719e-07
2.372237986492109485e-06
6.508560912443783764e-10
0.000000000000000000e+00
1.294293783260513919e-09
6.192941270910523599e-08
7.678772107055920060e-08
6.005182484614124405e-08
1.270164489142189268e-07
0.000000000000000000e+00
1.647879610544578100e-09
1.283552046515978873e-05
1.123826098847757748e-08
3.030010731208676589e-08
2.485188588252640329e-06
1.775636405909608584e-06
1.760922941684839316e-06
4.272949354344746098e-06
2.874873317182391474e-08
3.052169574857543921e-07
1.081107754430377099e-07
1.425278099986826419e-07
7.772327421662339475e-07
6.729840151820098981e-07
5.286028681439347565e-07
4.016262877826193289e-08
2.776378380531241419e-07
3.432419134696829133e-06
0.000000000000000000e+00
1.435283593309577554e-06
2.733253978703942266e-08
0.000000000000000000e+00
0.000000000000000000e+00
0.000000000000000000e+00
4.196576863790824063e-09
4.210650104141677730e-07
4.824783445656066760e-06
0.000000000000000000e+00
1.039568246596900281e-06
1.976339980558350362e-09
7.089731184350966942e-07
0.000000000000000000e+00
5.476776095747482032e-06
3.016687344370438950e-07
1.923690888361306861e-06
0.000000000000000000e+00
9.787994486032403074e-07
1.341348934147390537e-07
0.000000000000000000e+00
0.000000000000000000e+00
0.000000000000000000e+00
6.623068884437088855e-07
0.000000000000000000e+00
2.587598544323554961e-07
0.000000000000000000e+00
0.000000000000000000e+00
0.000000000000000000e+00
3.777292704398860224e-06
1.529136461897451227e-08
0.000000000000000000e+00
0.000000000000000000e+00
2.720765621688769897e-07
0.000000000000000000e+00
0.000000000000000000e+00
2.091867656872636871e-08
2.397695652689435519e-06
0.000000000000000000e+00
1.242891539732227102e-05
6.587514690181706101e-06
2.879531564303761115e-07
2.094674833585941087e-08
4.124431907115422291e-09
0.000000000000000000e+00
8.452144584225607105e-08
3.499444289900566218e-07
2.436361512536677765e-07
5.837155185872688890e-07
1.524245902828624821e-07
3.404558697184256744e-07
6.618618098030992769e-09
1.646798409637995064e-06
0.000000000000000000e+00
3.039521745407114395e-09
1.448327111575054005e-06
1.329854853793221992e-06
9.753350127539306413e-09
9.467449672229122370e-06
1.275896011065924540e-06
1.347915485894191079e-06
4.066007477376842871e-07
7.456712296516343486e-07
3.081039267271989956e-06
2.309266847078106366e-06
3.245392008466296829e-07
1.385831183142727241e-06
7.168867277584922704e-09
8.722057742716060602e-08
6.569457582372706383e-07
6.266753302952565718e-07
4.871693022323597688e-07
2.474614291259058518e-08
7.243598787454175181e-08
5.684804449401781312e-08
1.820019512877024681e-08
2.004051111725857481e-07
1.072918554001489611e-08
5.961814508737006690e-07
3.777203971822018502e-07
1.015412678384564060e-07
2.286190152744893567e-07
7.172550908762787003e-08
5.180423867656713810e-10
0.000000000000000000e+00
0.000000000000000000e+00
0.000000000000000000e+00
3.360724513349483411e-13
0.000000000000000000e+00
0.000000000000000000e+00
8.514751925758901052e-08
9.979227222345343762e-09
1.464443344367793998e-09
7.300491944306486403e-08
0.000000000000000000e+00
1.533300775236057234e-07
6.888086545586702414e-07
1.173339455817767885e-06
1.385124477337740245e-07
0.000000000000000000e+00
1.153461184344450885e-07
9.660878319550647575e-09
5.629577515264827525e-08
9.744884899021144520e-09
0.000000000000000000e+00
1.696939904149985523e-07
0.000000000000000000e+00
1.591095184494406567e-07
2.606462032872514101e-07
0.000000000000000000e+00
0.000000000000000000e+00
1.438045238444374263e-09
5.308522066371779147e-09
6.025284449151513400e-08
9.750335721037117764e-07
0.000000000000000000e+00
1.301474981119099539e-07
0.000000000000000000e+00
0.000000000000000000e+00
9.793864386153927626e-09
5.610495623642464125e-09
7.255076095447066109e-09
2.804212861917676491e-08
0.000000000000000000e+00
1.390550210089713801e-06
1.777093757482361980e-06
5.469315222939030718e-09
1.268905265305875218e-07
8.758722742641111836e-07
8.841434464557096362e-06
4.309931966872682096e-07
3.999580666658175687e-09
1.247854129360348452e-06
2.743065863342053490e-07
3.752930126665887656e-07
6.411925213001268276e-09
8.956581609709246550e-07
4.182998836199658399e-09
1.263343705204533762e-07
1.530846844843836152e-07
5.344700184650719166e-07
6.481887453446688596e-07
1.231029841619601939e-06
3.948673281684023095e-07
8.877605495172247174e-08
9.264647360396338627e-07
1.109775894292397425e-06
0.000000000000000000e+00
1.876982125281756453e-08
2.361070755796390586e-06
5.963523221907962579e-07
7.443013032570888754e-07
3.770935119717933048e-09
4.778991424814194033e-09
4.082718305653543212e-07
3.120734248795997701e-08
7.360480225315768621e-08
2.358072492825158406e-07
3.342779564263764769e-07
0.000000000000000000e+00
0.000000000000000000e+00
7.061144913222960895e-08
1.009918015881794418e-08
0.000000000000000000e+00
0.000000000000000000e+00
1.743504299156484194e-06
3.181278174224644317e-08
0.000000000000000000e+00
5.422453455139475409e-07
3.319199137763462204e-09
9.750583451761940523e-09
1.137753891100601322e-08
5.843112305115027993e-08
9.580858204571995884e-07
2.320487624274392147e-07
9.801835787470736250e-09
0.000000000000000000e+00
1.752448781644488918e-07
1.890582357333414620e-09
0.000000000000000000e+00
1.411831362929660827e-07
1.071334168045723345e-07
2.516701957944178503e-09
2.091603477083481266e-07
1.023577397063490935e-06
6.987255662949110047e-09
2.171905606473956141e-07
0.000000000000000000e+00
0.000000000000000000e+00
0.000000000000000000e+00
0.000000000000000000e+00
0.000000000000000000e+00
9.284852886537464656e-09
7.373113248831941746e-07
0.000000000000000000e+00
0.000000000000000000e+00
7.475525762856705114e-07
1.755780187906452738e-09
8.583459134570148308e-07
1.526783080407767557e-06
8.722582833797787316e-08
0.000000000000000000e+00
1.230985802180839528e-08
0.000000000000000000e+00
0.000000000000000000e+00
7.079175645685609197e-08
0.000000000000000000e+00
8.813228369319858757e-09
8.111483151829190774e-10
1.771426809682452586e-07
2.148504707477627562e-09
0.000000000000000000e+00
0.000000000000000000e+00
0.000000000000000000e+00
2.828433132151531026e-08
6.942982508917339146e-07
0.000000000000000000e+00
1.140631766816113668e-07
5.994577723100746880e-09
2.073037649097386748e-06
1.643541168050433043e-06
5.134282776708687379e-09
1.295650008614757098e-06
4.053587332464303472e-08
3.079254184967794572e-08
2.089855826170605724e-07
3.711531348926655483e-07
2.353366710394766415e-07
2.573170831965398975e-06
2.246234180347528309e-05
3.090578957198886201e-06
5.992567366774892434e-07
2.800879656206234358e-06
3.863746371735032881e-07
1.311469191023206804e-06
4.050216944051499013e-07
2.296176973004548927e-07
1.648411114274495048e-07
3.594606710066727828e-07
0.000000000000000000e+00
4.053224074596073478e-06
0.000000000000000000e+00
2.234592422212244855e-08
2.094627262749781949e-07
3.632160172628573491e-08
0.000000000000000000e+00
5.115790102649953042e-08
6.426432150874461513e-07
1.837259901549259666e-06
1.232136924045335036e-06
0.000000000000000000e+00
0.000000000000000000e+00
0.000000000000000000e+00
4.104322437470386831e-10
5.490230705618159845e-06
9.100987341525978991e-08
0.000000000000000000e+00
3.189900894540187437e-07
3.333915643555229735e-10
0.000000000000000000e+00
0.000000000000000000e+00
4.688460286672579969e-09
0.000000000000000000e+00
3.213400532331434079e-07
3.982007967806566739e-08
7.929012895147025120e-07
5.764049859635633766e-08
4.915218579371050112e-11
2.214946306366982753e-07
3.302247023384552449e-06
1.940785296028479934e-06
2.997547198901884258e-06
1.517449703669626615e-07
0.000000000000000000e+00
0.000000000000000000e+00
4.488388827272871140e-10
0.000000000000000000e+00
0.000000000000000000e+00
0.000000000000000000e+00
0.000000000000000000e+00
3.815990190503271151e-09
0.000000000000000000e+00
2.965546457289747195e-07
3.285868217517418088e-07
0.000000000000000000e+00
0.000000000000000000e+00
0.000000000000000000e+00
1.474565913817116325e-09
0.000000000000000000e+00
4.896034688783856836e-09
0.000000000000000000e+00
0.000000000000000000e+00
8.823549002556774212e-09
0.000000000000000000e+00
4.728005542631308344e-09
0.000000000000000000e+00
9.080571850006435852e-09
2.233993434685999091e-09
0.000000000000000000e+00
0.000000000000000000e+00
0.000000000000000000e+00
5.430180749499413650e-07
5.342391062868045992e-08
1.955754811433507712e-07
3.430887147715111496e-07
5.528784186026314273e-08
0.000000000000000000e+00
0.000000000000000000e+00
1.869768880169431213e-06
3.680104754266722011e-08
0.000000000000000000e+00
7.018794878632661494e-09
0.000000000000000000e+00
0.000000000000000000e+00
1.853859621370190780e-09
0.000000000000000000e+00
1.086689294105269710e-09
9.788188926052043826e-09
0.000000000000000000e+00
0.000000000000000000e+00
0.000000000000000000e+00
1.959273959073470905e-06
0.000000000000000000e+00
8.474181413475889713e-06
6.952630542400584091e-07
8.579240784456487745e-07
7.969478588165657129e-08
2.089252104653382958e-10
1.197567257804621477e-06
7.997150164307242903e-10
0.000000000000000000e+00
2.487436567832901346e-08
1.618597707420121878e-06
6.738295610375644173e-08
7.165454718460750883e-08
4.634693596017314121e-06
1.913755625082558254e-07
7.560186787713973899e-08
1.806006650895142229e-07
5.420332627181778662e-07
3.852709937746112701e-07
0.000000000000000000e+00
5.881841502741735894e-07
1.137361778091872111e-06
2.836509111148188822e-06
0.000000000000000000e+00
1.967877778952242807e-06
3.844414209197566379e-07
6.641459382450420890e-09
2.018463192143826745e-07
2.381082282454372034e-07
1.094852706273741205e-07
6.559201324307650793e-07
4.822864241305069299e-08
5.675423722095729318e-07
5.054236567048064899e-07
1.292382734163766145e-07
1.870675191639747936e-06
1.625277263883617707e-07
1.493553725140372990e-07
1.173665168607840315e-06
1.266182493964151945e-06
8.704581233587305178e-08
2.911687886353320209e-07
9.993152616516454145e-07
2.883389811358938459e-07
1.898129431410211510e-09
0.000000000000000000e+00
0.000000000000000000e+00
1.536379556910105748e-07
0.000000000000000000e+00
6.254258266835677205e-08
2.115221207077411236e-07
3.426434659559163265e-06
1.255301356195559492e-07
0.000000000000000000e+00
1.545378438549960265e-07
0.000000000000000000e+00
0.000000000000000000e+00
0.000000000000000000e+00
7.739541452167486568e-09
2.361592033039983107e-09
6.396430052291179891e-10
2.995595593802136136e-08
1.939112280524568632e-06
1.172153645256912569e-07
5.240798600425478071e-06
2.540343189139093738e-07
3.327556186150104622e-08
0.000000000000000000e+00
8.217965863366316626e-09
1.120620822803175543e-06
4.586457578170666238e-07
5.246226919553009793e-07
0.000000000000000000e+00
0.000000000000000000e+00
0.000000000000000000e+00
5.551186621488568562e-09
2.585511538200080395e-07
8.001071449825758464e-08
6.241647199090039067e-09
0.000000000000000000e+00
2.134079295501578599e-07
2.529509686155506643e-07
0.000000000000000000e+00
7.731213003125958494e-08
0.000000000000000000e+00
5.770036182184412610e-07
2.136003818264953225e-09
1.839822627580645076e-09
5.068947075415053405e-07
1.198995249751533265e-07
1.328760035335108114e-08
2.417026792045362527e-07
0.000000000000000000e+00
1.192009335682087112e-08
0.000000000000000000e+00
8.231465358221612405e-07
5.207471645007899497e-07
4.982411638820849475e-08
1.850298247951798203e-09
2.501393510101479478e-06
1.087509531316754874e-07
1.658500963230835623e-07
1.896306258686308865e-07
6.860727808088995516e-08
8.677173424231909848e-10
2.602931772344163619e-06
9.806787915067616268e-08
4.540907241334934952e-07
6.445648637054546271e-07
9.456584848521742970e-07
2.324167169831525825e-08
2.572220978436234873e-07
1.019051615003263578e-05
3.400604953185393242e-07
7.872995411162264645e-08
3.061557663386338390e-06
6.998982371442252770e-07
2.093777453637812869e-07
1.831843690069945296e-07
6.710218514172083815e-08
1.477122424375920673e-07
0.000000000000000000e+00
2.894203419145924272e-07
1.609721067552527529e-07
8.511253213328018319e-07
0.000000000000000000e+00
4.743091608361282852e-07
0.000000000000000000e+00
4.257285297626367537e-07
1.830204965358461777e-08
7.215524011616736288e-11
1.104659304473898374e-06
4.477233233046717942e-07
1.311209185672623789e-08
0.000000000000000000e+00
0.000000000000000000e+00
0.000000000000000000e+00
0.000000000000000000e+00
2.508759067154642253e-08
2.317509517624216642e-09
0.000000000000000000e+00
0.000000000000000000e+00
0.000000000000000000e+00
0.000000000000000000e+00
5.412998049791895028e-08
0.000000000000000000e+00
0.000000000000000000e+00
0.000000000000000000e+00
0.000000000000000000e+00
0.000000000000000000e+00
0.000000000000000000e+00
2.083229366789396408e-09
9.303692038997724012e-09
6.688012810229793104e-09
1.070065067665382230e-07
9.898278676701011136e-07
0.000000000000000000e+00
1.308908167629851960e-06
0.000000000000000000e+00
2.023321712840697728e-06
0.000000000000000000e+00
0.000000000000000000e+00
4.600193221904191887e-07
1.480673148535061046e-07
0.000000000000000000e+00
0.000000000000000000e+00
3.046645815629744902e-07
1.244830372115757200e-07
0.000000000000000000e+00
0.000000000000000000e+00
0.000000000000000000e+00
2.909052376764975634e-08
9.634299580341121327e-09
0.000000000000000000e+00
0.000000000000000000e+00
8.407464946458276245e-09
0.000000000000000000e+00
0.000000000000000000e+00
1.094080630537064280e-06
9.494700137224754144e-09
4.336329482157452730e-07
0.000000000000000000e+00
0.000000000000000000e+00
0.000000000000000000e+00
7.807783504176768474e-07
0.000000000000000000e+00
8.155599529047208307e-10
0.000000000000000000e+00
6.739776381436968222e-08
2.609896521121868318e-09
0.000000000000000000e+00
2.449478397892335124e-09
1.857325848675372981e-09
0.000000000000000000e+00
2.973600658151553944e-06
0.000000000000000000e+00
1.698908960179323913e-07
0.000000000000000000e+00
5.311277462283214845e-08
1.182597316073952243e-06
4.243845808105106698e-07
0.000000000000000000e+00
0.000000000000000000e+00
0.000000000000000000e+00
0.000000000000000000e+00
7.036184968001180096e-09
0.000000000000000000e+00
1.866019561092002732e-09
1.573920656028349185e-07
2.237555918327416293e-08
6.043837856850586832e-07
9.904575648533864296e-08
0.000000000000000000e+00
1.039690333826115420e-09
1.008853928397002164e-06
3.537427630817546742e-07
2.323519794344974798e-07
2.450008906862422009e-08
2.378009043013662449e-07
9.458118910288249026e-08
1.622801846679067239e-06
1.917467251644211501e-08
6.996432944106345531e-07
2.476696181474835612e-07
6.495185971289174631e-07
2.672507832812698325e-07
1.845761943286561291e-07
9.955531822924967855e-06
0.000000000000000000e+00
6.977535438323911876e-09
8.748103823563724291e-07
3.774944357104459414e-09
1.038588948176766280e-06
2.757188255486653361e-09
7.254667252709623426e-06
1.054077891637916764e-08
1.777258376023382880e-06
4.818230259218125866e-09
0.000000000000000000e+00
1.867298671243133867e-08
3.210460164382311632e-08
2.112569674750375270e-08
0.000000000000000000e+00
3.062343267856704188e-09
2.393620093243953306e-07
3.278222777680639410e-07
1.644158942326612305e-07
1.116917587751231622e-06
1.106157938579599431e-07
2.597590753605771852e-10
0.000000000000000000e+00
5.365704396353976335e-07
3.818746336037293077e-06
8.818096830509603024e-07
0.000000000000000000e+00
0.000000000000000000e+00
4.007618201740115182e-07
4.749879742999008059e-12
1.790566306336671687e-10
1.313544273351396896e-09
8.303491227934500785e-09
1.015716816210598950e-10
7.591335893231132559e-10
6.034857591430409229e-08
1.857412854633366806e-07
2.132805860810549348e-07
3.320082697655379889e-08
0.000000000000000000e+00
6.481344598796567880e-07
6.632171789533458650e-07
0.000000000000000000e+00
0.000000000000000000e+00
0.000000000000000000e+00
9.703009027361986227e-07
5.937254741184005979e-07
6.964721137592277955e-07
2.660339930571353761e-07
1.145840542449150234e-07
9.142577361842540995e-09
1.705634957716029021e-07
0.000000000000000000e+00
0.000000000000000000e+00
7.764358400663695647e-08
0.000000000000000000e+00
7.731717488468348165e-08
0.000000000000000000e+00
2.498761553226813703e-08
0.000000000000000000e+00
2.135473664566234220e-08
0.000000000000000000e+00
0.000000000000000000e+00
7.250357203503199344e-09
0.000000000000000000e+00
0.000000000000000000e+00
0.000000000000000000e+00
0.000000000000000000e+00
7.460442041917758615e-09
1.116590340188849950e-07
0.000000000000000000e+00
1.859302415141428355e-06
0.000000000000000000e+00
0.000000000000000000e+00
1.134924900725309271e-06
3.202443865646387167e-09
7.302480042881143163e-08
0.000000000000000000e+00
4.972073242015540018e-08
0.000000000000000000e+00
0.000000000000000000e+00
0.000000000000000000e+00
1.044720193021930754e-06
2.138409627150394954e-06
0.000000000000000000e+00
0.000000000000000000e+00
6.793314175079778749e-12
0.000000000000000000e+00
0.000000000000000000e+00
3.399528338832169538e-07
0.000000000000000000e+00
6.930804818949809487e-10
1.703873264702338020e-09
3.464771225480944850e-07
9.012662616214583977e-08
6.346381553612445714e-08
3.872491660672494618e-08
5.911040990014271301e-09
0.000000000000000000e+00
9.459378835785514639e-10
9.988420091033844983e-10
2.582245883786526974e-08
3.677656401634976646e-09
4.162300726306966681e-08
0.000000000000000000e+00
5.026435712096599673e-09
0.000000000000000000e+00
6.153010758680466097e-07
9.611055062919149350e-09
0.000000000000000000e+00
0.000000000000000000e+00
2.758392625423766731e-09
3.791699842992102276e-09
4.418888366330975259e-08
2.615749838952297068e-09
1.279421291133786553e-10
2.761054247457650490e-06
2.006089960815415907e-09
4.497108108125758008e-08
5.670228730991766497e-09
1.157974409693451889e-07
7.859531336862346507e-08
1.181260927296534646e-06
1.170918721982161514e-07
5.200915254022220324e-08
1.521073471622003126e-07
1.778667865437455475e-06
4.046601631557678047e-08
9.994914762501139194e-08
4.458152034203521907e-07
1.003447437142312992e-06
0.000000000000000000e+00
7.742303154145702138e-08
2.368932605634199717e-08
4.368908719243336236e-07
0.000000000000000000e+00
6.676399433303004116e-09
3.553107603693206329e-07
2.188270173064665869e-06
2.075790916933328845e-08
2.472861240221391199e-07
1.511514540197822498e-07
8.417064378818395198e-09
1.413345329659421168e-09
0.000000000000000000e+00
8.826634143588307779e-07
3.232790106721949996e-07
1.563981300023442600e-07
3.743402203326695599e-06
0.000000000000000000e+00
1.676758358826191397e-07
9.678151400294154882e-07
1.083139295587898232e-06
1.774535860477044480e-07
3.587007080252391233e-10
1.961743212319788654e-09
0.000000000000000000e+00
0.000000000000000000e+00
8.298954412566672545e-08
1.728809273515707901e-08
0.000000000000000000e+00
4.028361999530716275e-08
6.525023577008681741e-11
0.000000000000000000e+00
2.554241973484749906e-07
0.000000000000000000e+00
6.593442236635382869e-09
0.000000000000000000e+00
2.774789891191176139e-07
3.898037448379909620e-06
9.470502604358443932e-09
2.573326440824530437e-08
3.771424061937977967e-08
1.869977836577163544e-06
1.705295127329975458e-09
0.000000000000000000e+00
0.000000000000000000e+00
5.936202196465956149e-09
1.081563816285324720e-08
3.032084805454360321e-09
0.000000000000000000e+00
1.002790384063700913e-08
0.000000000000000000e+00
3.643426671473548595e-09
0.000000000000000000e+00
0.000000000000000000e+00
5.159180460623247200e-08
0.000000000000000000e+00
5.044594075798158883e-09
6.243262018479356357e-10
2.172095142638497123e-10
1.045468334126553600e-08
5.245660794628292933e-09
8.721224844521202613e-07
9.583488669306916563e-09
1.016188207358936779e-06
1.305595844769413816e-07
2.859811047528637573e-06
2.323868784515070729e-06
5.176883988156077976e-08
8.766066761367596882e-10
5.759997634413593914e-08
0.000000000000000000e+00
1.365182242807350121e-06
2.709958124569311622e-08
0.000000000000000000e+00
2.873832194438818988e-08
0.000000000000000000e+00
4.366139394473833590e-10
0.000000000000000000e+00
2.387915420953845569e-10
1.584409603516689913e-09
4.531125696871640685e-09
0.000000000000000000e+00
0.000000000000000000e+00
2.600436088684432434e-09
8.397335271581596317e-09
0.000000000000000000e+00
2.480604450738610467e-07
2.706425084042507478e-09
9.829261848892656417e-10
0.000000000000000000e+00
1.604782795538994833e-08
3.355025812723511081e-09
4.243127804670621117e-08
0.000000000000000000e+00
0.000000000000000000e+00
8.038138332722155610e-08
0.000000000000000000e+00
0.000000000000000000e+00
3.128872494428946993e-09
0.000000000000000000e+00
0.000000000000000000e+00
2.152391118670493597e-07
2.260326814607083179e-09
0.000000000000000000e+00
0.000000000000000000e+00
1.253119307875749655e-06
4.026865099149290472e-06
2.701549650652168566e-09
5.631370569858518138e-08
0.000000000000000000e+00
1.678648886560552000e-09
0.000000000000000000e+00
7.142335611831640563e-10
6.351335457566165132e-08
6.065894808671146166e-08
4.753193949547096508e-10
0.000000000000000000e+00
0.000000000000000000e+00
6.202456575010728557e-07
0.000000000000000000e+00
0.000000000000000000e+00
0.000000000000000000e+00
4.568166644958182587e-08
0.000000000000000000e+00
7.408708313505485421e-09
6.356068560364747100e-09
1.665273648143728025e-11
5.180099833523854613e-07
3.658489289293243019e-09
8.351859648314530205e-09
0.000000000000000000e+00
0.000000000000000000e+00
1.340708255526124049e-08
0.000000000000000000e+00
0.000000000000000000e+00
0.000000000000000000e+00
0.000000000000000000e+00
0.000000000000000000e+00
0.000000000000000000e+00
1.396570592504531305e-08
2.972491074615390971e-06
1.204336740556755103e-06
6.721853740287997425e-09
5.632711008729529567e-07
5.452699625152490626e-08
0.000000000000000000e+00
2.550307076631952441e-09
4.922252117012249073e-08
1.703304275402217627e-09
6.627028028560744133e-07
2.525963964217226021e-06
1.655288350832506694e-08
7.445885330525925383e-06
8.080814239974642987e-08
4.613458713720319793e-06
3.965587325183150824e-08
2.081866590231129521e-08
1.876740007844546199e-08
0.000000000000000000e+00
1.753652605074318416e-11
0.000000000000000000e+00
5.112343387736473233e-06
3.100550145518354839e-07
3.268159389335778542e-06
8.145128163050685544e-07
5.100689577375305817e-07
8.666955864100600593e-08
4.235753863213176373e-07
1.314987514433596516e-07
6.437433057726593688e-07
3.558554562133053878e-10
0.000000000000000000e+00
0.000000000000000000e+00
5.869213115516913604e-09
0.000000000000000000e+00
5.630072408280284435e-09
0.000000000000000000e+00
0.000000000000000000e+00
2.100236207169814406e-09
1.065790797838417348e-07
4.616483906261237280e-08
7.617448432029050309e-07
6.635989393544150516e-07
5.624465129749900427e-11
0.000000000000000000e+00
2.465521617978083668e-07
3.212963974874583073e-07
0.000000000000000000e+00
1.052669276191409153e-07
0.000000000000000000e+00
0.000000000000000000e+00
0.000000000000000000e+00
0.000000000000000000e+00
4.051166957452778661e-09
0.000000000000000000e+00
3.953226634934026151e-09
1.267294325035805969e-10
0.000000000000000000e+00
0.000000000000000000e+00
0.000000000000000000e+00
0.000000000000000000e+00
0.000000000000000000e+00
0.000000000000000000e+00
2.419877631609779201e-09
4.908943537884624675e-06
0.000000000000000000e+00
1.664329545292275725e-07
1.577402652941373162e-09
3.857626751369025442e-08
0.000000000000000000e+00
0.000000000000000000e+00
1.795949611249625377e-09
0.000000000000000000e+00
0.000000000000000000e+00
0.000000000000000000e+00
0.000000000000000000e+00
5.304944039608017192e-09
4.991311470803339034e-07
4.621878133548307233e-07
7.567587658741103951e-07
2.880753697809268488e-07
0.000000000000000000e+00
2.778427301564079244e-07
0.000000000000000000e+00
3.397047976250178181e-09
0.000000000000000000e+00
8.516035450156778097e-07
0.000000000000000000e+00
1.894532317692210199e-07
0.000000000000000000e+00
0.000000000000000000e+00
0.000000000000000000e+00
2.100425966489183338e-08
0.000000000000000000e+00
3.916314028629130917e-08
3.744613952250119837e-09
0.000000000000000000e+00
0.000000000000000000e+00
2.333572779456005719e-10
0.000000000000000000e+00
2.801200707835960202e-06
4.323628122193667878e-09
5.764541128883138299e-06
0.000000000000000000e+00
3.137835824507106963e-10
1.314251901751717355e-10
0.000000000000000000e+00
1.429018681164961890e-09
2.650285102490101963e-09
0.000000000000000000e+00
0.000000000000000000e+00
0.000000000000000000e+00
0.000000000000000000e+00
3.211576427020190749e-08
0.000000000000000000e+00
2.508828256253536892e-09
9.742302076176656556e-09
4.820948085182408249e-09
8.534070339294430596e-09
3.185967045737925218e-07
0.000000000000000000e+00
3.134795090176112353e-09
1.936052512974129058e-06
0.000000000000000000e+00
3.560548300640675734e-09
1.748265958667616360e-07
0.000000000000000000e+00
6.142870656589138889e-09
0.000000000000000000e+00
0.000000000000000000e+00
0.000000000000000000e+00
3.403354265074653995e-10
1.947417104020132683e-06
5.975232753030468302e-09
7.967983606249617878e-07
6.698233079305282445e-08
5.537740221939202456e-08
2.118130453254707390e-07
3.618729635945783230e-07
3.812814064474423503e-09
0.000000000000000000e+00
2.749588475126074627e-06
3.763143041624061880e-08
1.026580136453958403e-07
1.093331434276478831e-06
1.146531332096856204e-07
2.161792167498788331e-08
7.668068633392977063e-07
2.414324171695625409e-06
2.495858780093840323e-06
1.680779249113584228e-08
1.778698788257315755e-07
0.000000000000000000e+00
0.000000000000000000e+00
1.670199054615295609e-07
9.810609071791986935e-07
1.502442081857680023e-08
4.288927968332245655e-08
5.990111517917284800e-09
0.000000000000000000e+00
0.000000000000000000e+00
4.468376744171109749e-07
1.189663301204291201e-08
7.574031180013207631e-09
1.921856984665737400e-08
1.078936691101262113e-07
1.190631309100353974e-07
1.954660319825052284e-06
1.288096171947472612e-07
0.000000000000000000e+00
1.518835546221453114e-08
0.000000000000000000e+00
0.000000000000000000e+00
0.000000000000000000e+00
4.905255757137183537e-09
0.000000000000000000e+00
0.000000000000000000e+00
0.000000000000000000e+00
2.930590312644199003e-07
5.138517611413817576e-09
0.000000000000000000e+00
0.000000000000000000e+00
1.551029527036007494e-09
2.166769490941078402e-06
2.615851091292142883e-09
0.000000000000000000e+00
5.244689571526350846e-09
0.000000000000000000e+00
1.612387166005646577e-07
0.000000000000000000e+00
0.000000000000000000e+00
5.208822262403600689e-10
1.345813984698907007e-07
1.916146402436424978e-06
7.424731052196875680e-09
1.613909894615517260e-08
4.196755583052436123e-07
3.640670627191866515e-07
0.000000000000000000e+00
2.304896051796845313e-09
9.962365083993063308e-07
2.660814324428883992e-08
0.000000000000000000e+00
0.000000000000000000e+00
1.374394820174984488e-09
1.365066615299781461e-09
2.797487184125202475e-07
3.143074467359951996e-09
4.311188905870011467e-10
5.767922175436979160e-07
4.076910613548534457e-07
0.000000000000000000e+00
9.209151841105267522e-08
9.888821068670949899e-07
3.708358287113355800e-09
1.117323449761897791e-06
0.000000000000000000e+00
0.000000000000000000e+00
7.939369162102138944e-10
1.045155850754042604e-09
1.166614879366534296e-06
9.001522016660601366e-08
3.312038421299234869e-10
9.063912784768035635e-07
2.248754526590346359e-06
0.000000000000000000e+00
0.000000000000000000e+00
0.000000000000000000e+00
0.000000000000000000e+00
0.000000000000000000e+00
3.878574350579810925e-09
2.519983666182668003e-10
6.349509251712959212e-10
0.000000000000000000e+00
0.000000000000000000e+00
7.898594667210545595e-09
6.701498911354519805e-09
2.402618065389106050e-06
0.000000000000000000e+00
0.000000000000000000e+00
0.000000000000000000e+00
1.205897177669612574e-07
2.626421746754203923e-09
9.336430295547870628e-09
0.000000000000000000e+00
6.114081685382188880e-08
1.166593506241042633e-06
8.458822975399016286e-09
3.762738176593671824e-10
4.240123807619511354e-09
1.352972955892539630e-09
0.000000000000000000e+00
1.639755282667465508e-06
2.188177603557051043e-07
5.635051536501123337e-09
9.097432140947603330e-09
6.037240609657601453e-07
2.449088469802518375e-07
5.878124653690974810e-09
0.000000000000000000e+00
5.696442713087890297e-06
3.766257528070582339e-09
2.963414935663877259e-08
2.077417548207449727e-06
9.066057060636012466e-08
5.022843652113806456e-07
1.187651946565893013e-06
1.708248299758796662e-11
4.145744867400935618e-07
1.317563800284915487e-07
3.309247858851449564e-06
7.565147939203598071e-07
6.407571504496445414e-07
5.812417384731816128e-06
3.629092049095561379e-08
4.707439700268878369e-07
1.103461499951663427e-07
9.699738257040735334e-07
2.443678397412440972e-07
1.955349944182671607e-07
7.920239575298637646e-09
0.000000000000000000e+00
6.496723603532927882e-09
3.310562490810298186e-08
0.000000000000000000e+00
1.723478026960378884e-09
4.787679586115700658e-07
0.000000000000000000e+00
0.000000000000000000e+00
7.540705837527639233e-07
1.195772370010672603e-08
2.263030864924076013e-07
2.777128749187340873e-09
1.180929021238341647e-09
2.354646397861870355e-07
8.884372704187626368e-08
5.814450432239937072e-08
3.560768959687266033e-07
1.410571002224969561e-07
3.278075055845874886e-08
0.000000000000000000e+00
2.798931291181361303e-07
4.979483037459431216e-06
5.480935705293177307e-09
3.084016819698831569e-09
1.057104714874412821e-08
1.070818882453750120e-07
5.099011346487714036e-08
1.023904701469291467e-06
0.000000000000000000e+00
0.000000000000000000e+00
3.525218783551054003e-09
1.133921728069253732e-06
1.831398810381301701e-09
0.000000000000000000e+00
0.000000000000000000e+00
0.000000000000000000e+00
0.000000000000000000e+00
6.866292778795468621e-07
0.000000000000000000e+00
3.458092834307535668e-08
0.000000000000000000e+00
9.893798669224906916e-09
0.000000000000000000e+00
0.000000000000000000e+00
2.469599813537115551e-08
2.210995262430515140e-06
1.691009221538308793e-09
1.536739979712820059e-08
7.797449796953515033e-09
1.571029173419447034e-07
0.000000000000000000e+00
9.730816152853094536e-09
0.000000000000000000e+00
1.719402717981211026e-07
1.148201065476195382e-11
4.566562438412802294e-06
2.376590479968854197e-09
0.000000000000000000e+00
1.846212849265782552e-09
1.550700972074992023e-07
1.333433252703741800e-09
6.150623121925491432e-09
2.693872147574438713e-08
2.428346412841619895e-09
0.000000000000000000e+00
0.000000000000000000e+00
1.597942111963845946e-09
1.273365342058241367e-07
0.000000000000000000e+00
0.000000000000000000e+00
0.000000000000000000e+00
6.440818083319754805e-07
0.000000000000000000e+00
0.000000000000000000e+00
0.000000000000000000e+00
5.838590944051702536e-09
0.000000000000000000e+00
4.197741418465739116e-06
4.674516418390339823e-08
0.000000000000000000e+00
1.282210178032983094e-07
5.178062778554703982e-08
0.000000000000000000e+00
7.329152840185315654e-10
3.157639705264614349e-09
0.000000000000000000e+00
1.843412644753072982e-09
2.769021456572318129e-09
0.000000000000000000e+00
0.000000000000000000e+00
0.000000000000000000e+00
0.000000000000000000e+00
7.790445692990033422e-07
0.000000000000000000e+00
0.000000000000000000e+00
0.000000000000000000e+00
3.287164762610927937e-09
3.427349293261272578e-09
0.000000000000000000e+00
0.000000000000000000e+00
0.000000000000000000e+00
0.000000000000000000e+00
7.419145475751065533e-08
3.203486357961082831e-06
8.449887456407623176e-10
2.321276042493991554e-06
0.000000000000000000e+00
9.219167651508541894e-09
2.321033365504376889e-09
0.000000000000000000e+00
0.000000000000000000e+00
0.000000000000000000e+00
0.000000000000000000e+00
4.191390789998195032e-09
0.000000000000000000e+00
2.251351460813566518e-08
6.743802183351021995e-10
8.674177820466866251e-08
2.035636015307318303e-08
6.370439109559811186e-08
2.913426122574946930e-08
2.707921566980076022e-07
8.819930030767864082e-07
1.380790735083792242e-07
1.970903440451365896e-06
2.322657337572309189e-06
1.350819331946695456e-07
4.015898014131380478e-07
3.866902797966531580e-09
1.181843316544473055e-07
1.431926790473880828e-07
1.229023816051721951e-08
7.443893537129042670e-07
2.888915844323491910e-07
5.083974770059285220e-07
1.413669252769977902e-07
2.007230506251289626e-07
1.486568805830756901e-07
0.000000000000000000e+00
3.714238800966995768e-07
1.809618481729557971e-07
3.801409036441327771e-07
5.325566689862171188e-07
2.019612793446867727e-06
0.000000000000000000e+00
4.109235476335015846e-07
2.195593879150692374e-06
6.295403522926790174e-07
1.629117396539925267e-09
8.101171715679811314e-07
0.000000000000000000e+00
2.763098052582790842e-07
0.000000000000000000e+00
1.088162662199465558e-06
3.027567752056370409e-09
1.254444992326853026e-08
2.028615426752367057e-06
1.191232925634722051e-07
1.022397668748453725e-06
5.017625781533752161e-08
0.000000000000000000e+00
2.835413624779903330e-06
1.259571575928930542e-07
6.800432661435706905e-09
1.586811663401022088e-06
0.000000000000000000e+00
0.000000000000000000e+00
0.000000000000000000e+00
8.114234617551119300e-09
1.149697936853044666e-08
2.955125866233032639e-10
4.935901909419726508e-09
1.516712700322386809e-06
1.386997006136425625e-08
2.701518269532243721e-06
2.519858071536873467e-06
3.363405198797408957e-07
8.686448005335023481e-09
2.026180778713637665e-09
0.000000000000000000e+00
5.068434916211117525e-07
1.114618841668857385e-09
0.000000000000000000e+00
2.891144958994118497e-07
7.600815088437684608e-09
1.219629439219716005e-06
3.144668969667918645e-10
0.000000000000000000e+00
0.000000000000000000e+00
1.119563961538005969e-07
0.000000000000000000e+00
3.110964641450664203e-08
2.471395355030381324e-08
0.000000000000000000e+00
7.453961643477668986e-07
0.000000000000000000e+00
5.382805312592608971e-09
0.000000000000000000e+00
0.000000000000000000e+00
0.000000000000000000e+00
0.000000000000000000e+00
0.000000000000000000e+00
0.000000000000000000e+00
2.095442930283297756e-09
8.407022633605265582e-09
0.000000000000000000e+00
0.000000000000000000e+00
8.902317993886299519e-09
5.731312313628222910e-09
0.000000000000000000e+00
4.642362050333304069e-09
6.960398195587913506e-07
0.000000000000000000e+00
3.127221646082034567e-07
6.105943306522476632e-09
2.734640247581410222e-07
1.830023848015116528e-07
0.000000000000000000e+00
2.857104552944633724e-09
2.976610957716729899e-08
1.793781621017842554e-06
4.487210247816619813e-08
3.536790060820749204e-08
7.511527400083650718e-09
0.000000000000000000e+00
7.078103880786557056e-09
4.597995761912443413e-09
0.000000000000000000e+00
0.000000000000000000e+00
0.000000000000000000e+00
0.000000000000000000e+00
0.000000000000000000e+00
6.889936685183783993e-06
2.283840331074316055e-06
7.102860877239436377e-08
1.431245777894218918e-06
1.197392407448205631e-08
0.000000000000000000e+00
0.000000000000000000e+00
1.157157996090063534e-07
4.232235184531418781e-08
0.000000000000000000e+00
0.000000000000000000e+00
0.000000000000000000e+00
1.379216740815536468e-07
0.000000000000000000e+00
0.000000000000000000e+00
0.000000000000000000e+00
5.142531400714744905e-10
2.291943301813148537e-09
3.301896533969284064e-09
0.000000000000000000e+00
0.000000000000000000e+00
0.000000000000000000e+00
1.614065436861267244e-09
0.000000000000000000e+00
2.638984597069793381e-06
5.092122723482361835e-09
8.867955848812503206e-12
1.153038510892656632e-06
0.000000000000000000e+00
0.000000000000000000e+00
3.803078811870364007e-07
0.000000000000000000e+00
1.098005909284938131e-12
8.501294779250656575e-09
4.154664612343594854e-09
0.000000000000000000e+00
9.359125030528048228e-09
7.320641426389329354e-09
2.760487802788702538e-07
1.373889224609570192e-09
2.994665010191965848e-06
7.148434377768353443e-08
4.997777836024397402e-08
5.201735042703603540e-09
0.000000000000000000e+00
2.166233116440707818e-06
0.000000000000000000e+00
4.870221559372112097e-09
1.338314291388087440e-06
2.763798420346574858e-06
4.731094804810709320e-07
1.163500428447150625e-06
5.562914111578720622e-07
3.672663979159551673e-06
8.240579063567565754e-07
1.876792111943359487e-06
2.698566845538152847e-07
6.694765488646226004e-07
1.273581773375553894e-07
7.050853696455305908e-07
8.234199526668817271e-07
5.856853135810524691e-07
3.946429956158681307e-07
6.886319852128508501e-07
6.529367624352744315e-07
1.178014130687188299e-07
3.276706365795689635e-06
2.781914076877001207e-07
7.218292807920079213e-07
3.325258830955135636e-06
5.295799709870152583e-08
1.160199900596126099e-07
7.544019631211540400e-09
1.617855104996124282e-06
6.921606343635033909e-11
3.943363822145329323e-07
2.621909231947938679e-07
2.937539136382838478e-07
2.059419657030048256e-08
1.892687890858724131e-07
4.146344778632737871e-08
3.346061205888872792e-10
4.840745049250472221e-08
9.159168712358223274e-08
1.782114651405208861e-07
4.355187499527346517e-08
0.000000000000000000e+00
5.072070194400701837e-11
0.000000000000000000e+00
6.711660915925676818e-08
6.316266176753515538e-09
7.782490207830505824e-09
0.000000000000000000e+00
2.164710632968080972e-09
1.361438961566818762e-07
0.000000000000000000e+00
0.000000000000000000e+00
0.000000000000000000e+00
0.000000000000000000e+00
0.000000000000000000e+00
0.000000000000000000e+00
0.000000000000000000e+00
0.000000000000000000e+00
1.015238240142934956e-07
0.000000000000000000e+00
0.000000000000000000e+00
0.000000000000000000e+00
0.000000000000000000e+00
0.000000000000000000e+00
0.000000000000000000e+00
0.000000000000000000e+00
0.000000000000000000e+00
0.000000000000000000e+00
0.000000000000000000e+00
0.000000000000000000e+00
5.237878895059111528e-07
0.000000000000000000e+00
0.000000000000000000e+00
0.000000000000000000e+00
1.429463054591906257e-07
5.651914420923276339e-07
3.015968585984296624e-10
0.000000000000000000e+00
1.713890355858893599e-06
8.096752139863383491e-07
5.317118052516889293e-07
6.200812663337273989e-07
0.000000000000000000e+00
0.000000000000000000e+00
9.330016759179216024e-09
4.073838155704834207e-08
0.000000000000000000e+00
0.000000000000000000e+00
0.000000000000000000e+00
0.000000000000000000e+00
0.000000000000000000e+00
4.360767604794091312e-07
0.000000000000000000e+00
5.133065172913120477e-08
2.713494779982283944e-07
0.000000000000000000e+00
7.710163757446153454e-11
2.853793716894870158e-07
0.000000000000000000e+00
1.753012838889844716e-06
0.000000000000000000e+00
0.000000000000000000e+00
8.732247813725280139e-09
0.000000000000000000e+00
3.020388419372466160e-07
3.606106417919363594e-07
6.705909716409053090e-10
2.806314958192501763e-09
0.000000000000000000e+00
2.566223713529325323e-07
6.015055120656143117e-09
0.000000000000000000e+00
0.000000000000000000e+00
4.822985566477200337e-09
0.000000000000000000e+00
7.837149595957271231e-09
0.000000000000000000e+00
2.735772941520053791e-09
0.000000000000000000e+00
1.769527059602982177e-11
5.874003949912776079e-09
3.264310862505226396e-06
3.433482476111748838e-08
5.422631943474698346e-07
1.091717422241345048e-06
7.885001984675454878e-09
0.000000000000000000e+00
0.000000000000000000e+00
2.077933004329679534e-06
1.390029980008478105e-09
2.204709304010066262e-09
7.762903209140858962e-08
1.235693162016104907e-06
2.128299229298136197e-06
2.014026563301740680e-07
7.709675173828145489e-07
7.044224759056305629e-08
1.372664996779349167e-06
9.143874990513722878e-07
7.308416115847649053e-06
0.000000000000000000e+00
1.911239522200958163e-08
4.236859307837903543e-09
1.594517584635468666e-08
2.627548383316025138e-07
2.908495844167191535e-08
0.000000000000000000e+00
9.969239727070089430e-07
5.118536705595033709e-09
8.637890402951597935e-08
4.992247326640608662e-08
2.465213455593584513e-08
4.567726534787652781e-07
5.956607083135168068e-07
0.000000000000000000e+00
0.000000000000000000e+00
6.473406699569750344e-09
0.000000000000000000e+00
6.115293160746659851e-09
1.931485030581825413e-06
3.652879554394417028e-09
3.977711742209066870e-07
0.000000000000000000e+00
0.000000000000000000e+00
9.930237609978576074e-08
0.000000000000000000e+00
1.600672703716554679e-06
7.420170788918767357e-08
3.338096243865606993e-09
5.509024276761920191e-07
9.426970564163639210e-07
9.664013589372189017e-08
0.000000000000000000e+00
0.000000000000000000e+00
1.844033050701909815e-07
0.000000000000000000e+00
0.000000000000000000e+00
9.392113753392550279e-08
5.766101907056508935e-08
0.000000000000000000e+00
6.100043492551776581e-08
5.665475644178741277e-09
0.000000000000000000e+00
6.475488589785527438e-09
0.000000000000000000e+00
0.000000000000000000e+00
6.618537327085505240e-07
2.545751343063784589e-08
0.000000000000000000e+00
2.932085578777332557e-07
5.347068849914649036e-07
3.236636558767713723e-08
0.000000000000000000e+00
0.000000000000000000e+00
0.000000000000000000e+00
0.000000000000000000e+00
4.091950358997564763e-06
2.267109948661527596e-06
6.709546696015422640e-09
9.740509732125701703e-09
0.000000000000000000e+00
6.784540484972012564e-09
1.936686970793743967e-07
0.000000000000000000e+00
0.000000000000000000e+00
0.000000000000000000e+00
0.000000000000000000e+00
0.000000000000000000e+00
0.000000000000000000e+00
3.154923206238890998e-06
2.449173663876536011e-08
3.877541843166909530e-09
0.000000000000000000e+00
0.000000000000000000e+00
0.000000000000000000e+00
3.764396794281310576e-09
0.000000000000000000e+00
3.552543859086654265e-08
0.000000000000000000e+00
1.569148899704941869e-08
3.285087188942270586e-07
3.885006982784489082e-09
1.156036333327392640e-08
9.990525073888534280e-10
0.000000000000000000e+00
0.000000000000000000e+00
5.190211709305003751e-07
7.926684197911981755e-09
1.010850638749616337e-07
1.295350244845394627e-07
6.432800958577900019e-09
6.022651746206975076e-07
1.226385126784634849e-08
1.204578666147426702e-06
1.672542282449285267e-07
1.145900885290984661e-08
1.170164978248067200e-06
0.000000000000000000e+00
3.255836418247781694e-07
1.687634352265376947e-07
8.248008498412673362e-07
6.606161662148224423e-08
4.950474590259545948e-07
2.917752226494485512e-07
5.391255442077635962e-09
3.720759877978707664e-07
6.959163556530256756e-07
9.248045884646671766e-09
0.000000000000000000e+00
0.000000000000000000e+00
0.000000000000000000e+00
1.371870865796154249e-07
4.378764373313970282e-08
0.000000000000000000e+00
2.050645520057514659e-08
1.522025172562280204e-09
5.311866058121950118e-09
0.000000000000000000e+00
0.000000000000000000e+00
2.061299255728954449e-07
8.327940008712175768e-07
0.000000000000000000e+00
0.000000000000000000e+00
7.179803862555900196e-09
0.000000000000000000e+00
4.776543605089500488e-09
0.000000000000000000e+00
1.287471746991286636e-07
2.637773333091786299e-09
6.432353671925739036e-08
1.998938898850610713e-07
6.795040974338917295e-08
5.746559228470005110e-09
3.658318235011392972e-07
1.828172613294043458e-09
2.622889780923287617e-07
6.795764306843921077e-08
0.000000000000000000e+00
6.025883436677759164e-08
0.000000000000000000e+00
0.000000000000000000e+00
0.000000000000000000e+00
0.000000000000000000e+00
0.000000000000000000e+00
0.000000000000000000e+00
5.245923695440524170e-09
1.163017714134184644e-06
4.771551687099417904e-08
0.000000000000000000e+00
0.000000000000000000e+00
1.366225188537129043e-10
9.295019509636404109e-08
1.012904675690151635e-07
1.495502317538921488e-07
1.280083400390097381e-10
1.897191070909798327e-09
0.000000000000000000e+00
0.000000000000000000e+00
0.000000000000000000e+00
3.883194210629881127e-09
4.925401406175033969e-11
1.139483618572967316e-08
0.000000000000000000e+00
0.000000000000000000e+00
1.305532038031742559e-08
8.199408512155059725e-07
0.000000000000000000e+00
2.000193717321963049e-07
4.142304277365838061e-09
3.738476195280782122e-09
1.291212914367179110e-09
0.000000000000000000e+00
9.819493662632794440e-09
0.000000000000000000e+00
1.729299370367698430e-08
0.000000000000000000e+00
6.390541984480080373e-10
7.340203111994014762e-09
6.387558926235215040e-09
1.200269439394219262e-09
6.880226166572356306e-09
0.000000000000000000e+00
0.000000000000000000e+00
0.000000000000000000e+00
0.000000000000000000e+00
0.000000000000000000e+00
4.042525481029457524e-10
0.000000000000000000e+00
3.966098116592320366e-09
4.097821104664944869e-08
7.597464879438575736e-09
8.990570421474330942e-08
0.000000000000000000e+00
1.711701536066811968e-08
4.877130166391907551e-08
9.593331462554033351e-09
2.576891811045811664e-09
1.004610084009982529e-07
0.000000000000000000e+00
1.826445839014922967e-07
4.046246431244071573e-06
1.492334149588714354e-06
6.957899358894792385e-07
0.000000000000000000e+00
3.228826130907691550e-07
3.157749972615420120e-08
3.394706071802033875e-09
3.521649603044352261e-07
0.000000000000000000e+00
0.000000000000000000e+00
1.822567128328955732e-07
3.327105844164179871e-07
0.000000000000000000e+00
6.043667895028193016e-07
2.522762088119634427e-07
4.259299544173700269e-07
4.399527409049142079e-09
6.348275292111793533e-07
2.993425027852936182e-07
7.763001121929846704e-07
4.791598584574785491e-08
7.656079219486855436e-07
3.206788434795271314e-08
1.017806653180741705e-06
1.865830768110754434e-06
2.038220827671466395e-06
0.000000000000000000e+00
1.442566173182058265e-07
4.342559236647502985e-07
1.671077427545242244e-07
0.000000000000000000e+00
0.000000000000000000e+00
5.790743529132669210e-08
2.334481678190059029e-06
0.000000000000000000e+00
4.545338683215049969e-08
1.206201716286159353e-07
0.000000000000000000e+00
3.031379094409203390e-07
9.030510561558457994e-09
6.036351578586618416e-07
2.367882530052156653e-07
4.305316849695373094e-07
2.702740573568007676e-07
0.000000000000000000e+00
2.985138110034313286e-07
2.707017983993864618e-06
7.828579451363282260e-11
7.038096327960374765e-09
1.752080152073176578e-07
9.555223279278379778e-10
0.000000000000000000e+00
6.090602511221732129e-08
0.000000000000000000e+00
1.876381272580829318e-09
0.000000000000000000e+00
1.478748590244549632e-08
6.434505372965304559e-09
8.695996811525219528e-09
5.846620183547202032e-07
0.000000000000000000e+00
1.715786540623653877e-10
0.000000000000000000e+00
3.729170146016258514e-07
1.228784299200924579e-06
0.000000000000000000e+00
0.000000000000000000e+00
0.000000000000000000e+00
0.000000000000000000e+00
0.000000000000000000e+00
0.000000000000000000e+00
0.000000000000000000e+00
3.584922936283874151e-08
1.717508268939127447e-07
1.020969122578208044e-07
5.476453566188865807e-07
2.143116830666258465e-07
1.505621014530333923e-07
1.240813162439735606e-06
1.990346163438516669e-07
9.380331178476808418e-09
7.009801766821865954e-11
5.234097670836490579e-07
2.911206706812663469e-07
6.031418919860698225e-09
6.198562108039595842e-09
9.880016449415052193e-08
6.570073907141704694e-08
5.254499058082728880e-09
0.000000000000000000e+00
3.910203716372961935e-08
2.276642652176974480e-09
3.522661273791527492e-08
0.000000000000000000e+00
0.000000000000000000e+00
6.410733703887672164e-07
0.000000000000000000e+00
0.000000000000000000e+00
5.046999831392895430e-07
7.817294728207357934e-11
0.000000000000000000e+00
7.696500858855870320e-08
0.000000000000000000e+00
0.000000000000000000e+00
2.292170620421529748e-06
5.323828489167681255e-08
7.565497561756728828e-09
3.724005637195659801e-08
1.395290460948217515e-08
0.000000000000000000e+00
0.000000000000000000e+00
1.514365237653692020e-07
9.229946584810022614e-09
4.110295890313864220e-07
4.111732110345656110e-08
1.225647281444253167e-07
1.632205339774372987e-07
9.604987383227125974e-08
1.764345540777867427e-07
1.410995142947513159e-08
0.000000000000000000e+00
3.263528185470931930e-07
5.547900361335678099e-09
0.000000000000000000e+00
6.000119956439675661e-09
2.291306373081170022e-06
0.000000000000000000e+00
2.366475428061676212e-06
1.262022351511404850e-06
3.847719654004322365e-07
1.104624402614717837e-06
2.485707568666839506e-07
3.440451337155536748e-07
3.415414795426841010e-08
0.000000000000000000e+00
6.967469801111292327e-08
6.937057150935288519e-07
0.000000000000000000e+00
3.295313319995329948e-07
3.453556701060733758e-06
3.266684132086083991e-07
7.484989623662841041e-07
6.703739927615970373e-07
0.000000000000000000e+00
3.358025679744969239e-08
2.138420329700352340e-09
2.055505632370113744e-08
3.002063067469862290e-06
2.713161393330665305e-07
5.795393676066851185e-08
0.000000000000000000e+00
2.770463879642193206e-06
6.917090189517693943e-08
0.000000000000000000e+00
2.773653307031054283e-07
6.332035784595291261e-09
0.000000000000000000e+00
2.329598913775043911e-08
8.048268718141571298e-09
5.142518944012408610e-07
0.000000000000000000e+00
0.000000000000000000e+00
5.173745876163593493e-07
0.000000000000000000e+00
0.000000000000000000e+00
2.529886167224049132e-08
5.607715536370960763e-08
4.439229712716041831e-07
0.000000000000000000e+00
2.440684286619809740e-11
0.000000000000000000e+00
0.000000000000000000e+00
0.000000000000000000e+00
0.000000000000000000e+00
0.000000000000000000e+00
0.000000000000000000e+00
0.000000000000000000e+00
0.000000000000000000e+00
0.000000000000000000e+00
7.462388040835321590e-09
0.000000000000000000e+00
2.455543153701000847e-06
0.000000000000000000e+00
0.000000000000000000e+00
0.000000000000000000e+00
0.000000000000000000e+00
0.000000000000000000e+00
0.000000000000000000e+00
0.000000000000000000e+00
0.000000000000000000e+00
0.000000000000000000e+00
0.000000000000000000e+00
0.000000000000000000e+00
7.559316941296856385e-07
1.348820877211664993e-08
0.000000000000000000e+00
2.118410748153110035e-06
1.399350324504666787e-08
3.046221763725043274e-08
0.000000000000000000e+00
1.373234454149496742e-06
9.254137722791710985e-08
7.684933933660431649e-08
0.000000000000000000e+00
0.000000000000000000e+00
3.124606848814437399e-07
0.000000000000000000e+00
0.000000000000000000e+00
0.000000000000000000e+00
7.496034903908821434e-09
1.248780421292394749e-07
0.000000000000000000e+00
5.979748696205433589e-09
1.324402987279427180e-08
0.000000000000000000e+00
0.000000000000000000e+00
2.605068402772303671e-06
0.000000000000000000e+00
0.000000000000000000e+00
2.964419376638716130e-09
0.000000000000000000e+00
4.567976077396451728e-07
6.860190193691551030e-09
0.000000000000000000e+00
1.939602434219978022e-08
7.554418424149389466e-09
0.000000000000000000e+00
1.223720346388290636e-06
0.000000000000000000e+00
0.000000000000000000e+00
1.826580273700528778e-07
4.643701423390211858e-09
8.246131244504795177e-08
2.190384762457142642e-08
8.850125965409461060e-09
0.000000000000000000e+00
2.260987685076543130e-06
5.054295684203680139e-07
1.140934955401462503e-07
9.656613286779247574e-08
1.499087034062540624e-06
2.702391022069150495e-08
1.028905103339639027e-07
1.482375068917463068e-06
1.294987495015220702e-08
3.007041641467367299e-06
2.432303290333948098e-06
9.688925009521121012e-12
1.043701014502573798e-09
7.422012515689857537e-08
1.566707652500554104e-08
4.402647579837548619e-09
1.684844619376235642e-06
3.856757189169002231e-07
8.460388301045895787e-08
9.166769245894101914e-07
3.791561482557881391e-07
0.000000000000000000e+00
6.120966418166062795e-07
0.000000000000000000e+00
6.830791221545950975e-07
1.810999350482234149e-07
2.728151287101354683e-07
3.042754315174533986e-07
8.978600973819084174e-09
0.000000000000000000e+00
5.245309964152511384e-09
1.065699564151145751e-07
0.000000000000000000e+00
5.705853141080297064e-07
5.079980436306641423e-09
4.257070997937262291e-07
3.249841640240447305e-08
6.120943396581424167e-08
9.396770650482721976e-08
2.892564907597261481e-07
3.188749175819793891e-08
3.570343380943086231e-07
1.967857627960256650e-07
1.067454569181336410e-08
9.317673715925067768e-11
5.938245121323015852e-12
5.696515259501211403e-09
0.000000000000000000e+00
4.940607034598087921e-09
0.000000000000000000e+00
0.000000000000000000e+00
0.000000000000000000e+00
0.000000000000000000e+00
0.000000000000000000e+00
0.000000000000000000e+00
0.000000000000000000e+00
0.000000000000000000e+00
0.000000000000000000e+00
0.000000000000000000e+00
8.243597449109074660e-08
0.000000000000000000e+00
1.702820773274993371e-09
0.000000000000000000e+00
2.094056128498777980e-08
0.000000000000000000e+00
0.000000000000000000e+00
0.000000000000000000e+00
0.000000000000000000e+00
0.000000000000000000e+00
0.000000000000000000e+00
5.091790100664184138e-08
2.537942300762097148e-09
4.668351891723432345e-07
4.963611743846740865e-09
1.735476189423934557e-07
3.160400012802710989e-07
6.867684305689181201e-07
1.636557385609194171e-06
0.000000000000000000e+00
0.000000000000000000e+00
0.000000000000000000e+00
1.807909058015866322e-07
7.342865160353539977e-07
3.578961349504083955e-09
9.419649416031461442e-08
2.272244170598014534e-09
6.674503172376944349e-10
0.000000000000000000e+00
0.000000000000000000e+00
0.000000000000000000e+00
0.000000000000000000e+00
0.000000000000000000e+00
0.000000000000000000e+00
0.000000000000000000e+00
1.483176561123400461e-06
1.382564174257083778e-09
0.000000000000000000e+00
0.000000000000000000e+00
2.821755495929778590e-09
0.000000000000000000e+00
0.000000000000000000e+00
2.755855120994965546e-06
3.555631877816267661e-08
4.177100443314429867e-09
1.254889109292278704e-10
0.000000000000000000e+00
6.899284130668092985e-07
0.000000000000000000e+00
1.280896722022362155e-08
0.000000000000000000e+00
0.000000000000000000e+00
0.000000000000000000e+00
0.000000000000000000e+00
9.754384855398257059e-09
0.000000000000000000e+00
7.462114126610686071e-08
0.000000000000000000e+00
0.000000000000000000e+00
4.425398270058167327e-09
0.000000000000000000e+00
1.546823455100820865e-06
9.404330647555525502e-10
3.691547512119086605e-09
5.032255103287752718e-06
1.873801465990254655e-06
5.218362275627441704e-07
4.663058916776208207e-06
3.622261885993793840e-07
2.138416220986982808e-06
5.258352757664397359e-07
1.624484902151834831e-08
3.494920974844717421e-06
6.452626166719710454e-07
4.591819333654711954e-07
0.000000000000000000e+00
2.196560870970643009e-07
3.135683641630748753e-07
7.733004458998493647e-09
3.006265842486754991e-06
5.967144716123584658e-07
1.553010406496468931e-06
2.574933262167178327e-07
8.243710425404060516e-08
5.772703648432297996e-09
1.793919039982938557e-07
6.353792603164265529e-09
1.070699227057048120e-06
7.832932524820535036e-09
0.000000000000000000e+00
0.000000000000000000e+00
0.000000000000000000e+00
0.000000000000000000e+00
0.000000000000000000e+00
0.000000000000000000e+00
0.000000000000000000e+00
0.000000000000000000e+00
2.405542609551503119e-08
0.000000000000000000e+00
1.149930881183536258e-06
0.000000000000000000e+00
1.616009548399688356e-10
1.127567691994180166e-10
0.000000000000000000e+00
2.900151674367634769e-09
0.000000000000000000e+00
2.658238351660457965e-10
0.000000000000000000e+00
2.067071420697175199e-07
1.220798462320260569e-09
3.726628250433350331e-08
0.000000000000000000e+00
0.000000000000000000e+00
0.000000000000000000e+00
6.101899430177581962e-09
0.000000000000000000e+00
7.116516265170957922e-09
4.195371161586081143e-07
3.100754852880527324e-08
0.000000000000000000e+00
0.000000000000000000e+00
4.331941916291270900e-09
0.000000000000000000e+00
0.000000000000000000e+00
6.301205530689912848e-07
0.000000000000000000e+00
1.625434509211487466e-10
3.814949744995743686e-11
0.000000000000000000e+00
1.708483978291042149e-06
3.971355688747735257e-09
0.000000000000000000e+00
4.275408400644664653e-07
9.998993846238590777e-07
7.343027164097293280e-08
3.324918951275179779e-10
3.012541185398731614e-07
0.000000000000000000e+00
1.692304785194664873e-08
2.898128286688006483e-06
6.101752880738331442e-09
1.629343842068919912e-06
5.834347120980964974e-07
3.191731821061694063e-07
3.651165343399043195e-07
0.000000000000000000e+00
2.642870242652861634e-07
1.306648158561074524e-07
1.626848877833708684e-08
2.685823297099432239e-08
7.058481799049332039e-09
1.158789046940000844e-07
1.636629463064309675e-07
5.670084490816407197e-08
3.109063300144043751e-06
8.924202710147710604e-09
0.000000000000000000e+00
0.000000000000000000e+00
1.527782522714460356e-08
1.030669182000565343e-06
3.393589338429592317e-07
3.224187707928649615e-07
7.591386861349747051e-07
1.989417341974331066e-06
1.602361123786977259e-07
5.794877111497953592e-08
3.668758630226420792e-09
1.092395773838461537e-08
5.865306889063504059e-07
0.000000000000000000e+00
2.325106152056832798e-08
2.789120344459661283e-06
1.318345539402798750e-07
2.271609218951198272e-06
1.747079920733085601e-07
7.829259374148023198e-08
4.179590632702456787e-06
1.849136843645737827e-08
3.825557648440280900e-09
5.137227958584844600e-07
0.000000000000000000e+00
9.852644922148101614e-08
3.368441525708476547e-08
3.019981704710517079e-07
4.808825906366109848e-07
6.730947461619507521e-07
0.000000000000000000e+00
0.000000000000000000e+00
7.691590475644716207e-09
7.054354256297301617e-08
2.777690326638548868e-07
7.034331162003581994e-08
6.203903240020736121e-07
1.471666735142207472e-07
2.601638682264706404e-09
1.660958304228188354e-07
0.000000000000000000e+00
8.374331783578270461e-11
5.465194519160831987e-09
1.732629698381060734e-06
3.099086987035093443e-09
0.000000000000000000e+00
0.000000000000000000e+00
3.503302650642581284e-06
5.728545242333904497e-12
3.782806068386435072e-09
1.268699918455240550e-07
4.696695299344355590e-08
5.394077184917023260e-09
5.581352269246053766e-09
1.758884815572514526e-09
5.998614938107493799e-08
4.555491273094958160e-07
2.027902645806989312e-08
9.080059015786901000e-08
4.111912801363359904e-07
1.597194182467731594e-10
2.711991697879057028e-08
1.725098712768158293e-07
9.581356152921216562e-09
3.129677679680753499e-06
3.646768789167253999e-07
3.813652938333689235e-06
2.002797998557070969e-07
1.261339122038407368e-07
4.800913302460685372e-07
1.623032972020155285e-06
7.126842547222622670e-07
2.137579997452121461e-07
1.623190399868690292e-07
0.000000000000000000e+00
5.753661866947368253e-07
1.747793021422694437e-08
1.421522171085598529e-07
9.356113537251076195e-07
3.251971349982341053e-07
4.365027095332152385e-08
9.945398460331489332e-07
3.377957114025775809e-07
2.274156400972060510e-07
2.325341057485275087e-07
0.000000000000000000e+00
1.111478354687278625e-06
3.620774350565625355e-06
5.572757255656313191e-10
2.306548594788182527e-06
0.000000000000000000e+00
1.275999466088251211e-07
3.934405157224318828e-08
6.967096055632282514e-07
0.000000000000000000e+00
8.708032073201366074e-10
1.580996809025236871e-07
1.737995205530751264e-07
1.106460612021464840e-08
2.704117036955722142e-07
8.757234937206703762e-09
0.000000000000000000e+00
3.406244672987668309e-07
0.000000000000000000e+00
5.699020633187501517e-08
4.020204187327180989e-07
0.000000000000000000e+00
0.000000000000000000e+00
9.862311856068117777e-08
6.194190405039989855e-07
0.000000000000000000e+00
4.848946799640430072e-10
9.413069212982350109e-10
1.355712242911977228e-06
6.104482697111279776e-09
0.000000000000000000e+00
4.957681376538403129e-09
5.280237928673159331e-06
4.592451148255349835e-07
1.466669563576772362e-10
0.000000000000000000e+00
1.046162651618942618e-06
0.000000000000000000e+00
0.000000000000000000e+00
5.646158456329430919e-07
3.812912297007642337e-08
3.140375497423519846e-07
1.693872633268256322e-07
8.943020901597265038e-08
0.000000000000000000e+00
4.895211532129906118e-06
0.000000000000000000e+00
3.668476411533561077e-09
0.000000000000000000e+00
0.000000000000000000e+00
0.000000000000000000e+00
0.000000000000000000e+00
0.000000000000000000e+00
3.690180392368347384e-07
2.850667613074620022e-07
0.000000000000000000e+00
6.210552072616337682e-08
3.053847592582314974e-07
4.610680726102600602e-09
1.250194685553651652e-07
8.443771237764963189e-10
0.000000000000000000e+00
1.110096281564665333e-08
1.535843580313667189e-06
6.196125355018011760e-07
4.867524694418534636e-07
1.998165089389658533e-06
2.445320888000424020e-06
4.984421480003220495e-07
6.824079634704105501e-10
6.721527334718757629e-09
8.559329245372282458e-08
3.504172809698502533e-07
2.343137310845122556e-07
5.040160999669751618e-07
1.897397510219889227e-07
4.910924999990129436e-09
1.232494497571678949e-07
3.960699814342660829e-06
7.059025364242188516e-09
3.319153396574847648e-09
7.145360303439929339e-09
2.023513587801062386e-07
1.528102266945552401e-08
1.626103909302401007e-07
4.713213456852827221e-06
1.591184251026334096e-08
3.136298687422822695e-07
1.559415409246867057e-06
2.737021532084327191e-06
7.224706610742259727e-09
5.273927072835249419e-08
1.327114973470600034e-09
0.000000000000000000e+00
1.074267643730308919e-07
2.102596541320167489e-09
3.178345142629268594e-09
0.000000000000000000e+00
1.552381974079253268e-07
0.000000000000000000e+00
9.994142828873009421e-07
0.000000000000000000e+00
4.119170071703592839e-08
3.174453055976300675e-08
0.000000000000000000e+00
0.000000000000000000e+00
0.000000000000000000e+00
6.483599577222776134e-07
0.000000000000000000e+00
0.000000000000000000e+00
0.000000000000000000e+00
0.000000000000000000e+00
7.973572024866371066e-09
0.000000000000000000e+00
3.677509408106516275e-09
2.193695891605784709e-09
0.000000000000000000e+00
0.000000000000000000e+00
1.767669211005795660e-08
0.000000000000000000e+00
6.787253425954986596e-09
1.361922929987713360e-08
1.141805228144221473e-08
1.634906766412314028e-06
1.103106406219467317e-08
1.945423491633846425e-06
0.000000000000000000e+00
7.115021105619234731e-08
3.957087244543799898e-07
1.914325764573732158e-07
1.935016598508809693e-06
0.000000000000000000e+00
5.825558258010232748e-09
5.541220957638870459e-07
0.000000000000000000e+00
3.962453121175713022e-08
5.818326442863508419e-08
6.138293873192424144e-09
5.160799787518044468e-09
7.660516665453087626e-09
9.391275739289994817e-07
3.345033064761082642e-06
1.158930729161511408e-08
1.727967600118063274e-07
1.053747809010019409e-07
0.000000000000000000e+00
1.222843820869456977e-06
2.019083780169239617e-07
2.567911906226072460e-06
2.004015868806163780e-06
9.631622788219829090e-08
8.606876349404046778e-07
3.564715411741303797e-09
7.153987402475081581e-10
1.159489855240281031e-07
8.620590392638405319e-07
1.218624902321607806e-06
1.213365266039545531e-07
1.257944859389681369e-07
1.635332722571547492e-07
6.631873930018628016e-07
7.738998775153049792e-09
1.970232171855101910e-10
6.091208604175335495e-08
3.214624344494154684e-09
4.375298487957479665e-07
2.842710955519578420e-06
1.598210452868897846e-08
2.286330458289853595e-09
3.668574777293542866e-08
4.744341364215642898e-09
1.220378686994649797e-09
9.939099982148036361e-06
2.355922035235380463e-08
1.461421447856992017e-06
1.273553795755333340e-08
1.404316549269424286e-06
6.936890258657513186e-06
0.000000000000000000e+00
0.000000000000000000e+00
3.014141611856757663e-07
0.000000000000000000e+00
0.000000000000000000e+00
1.101615794141252991e-06
1.896372781029498356e-10
4.464836820261552930e-07
2.944774202262578910e-08
0.000000000000000000e+00
1.478910771623986875e-09
8.343599802174139768e-07
0.000000000000000000e+00
1.516144987334655525e-09
0.000000000000000000e+00
4.204795178708309322e-09
0.000000000000000000e+00
2.191775649862393038e-09
1.827297069212363567e-07
9.347033369522250723e-09
0.000000000000000000e+00
3.683518556840681413e-08
1.616197664588980842e-06
5.235391634106356662e-11
5.990933527044717266e-09
0.000000000000000000e+00
0.000000000000000000e+00
5.510493727989285162e-10
0.000000000000000000e+00
0.000000000000000000e+00
8.393468675649273791e-08
4.743995305034331977e-06
0.000000000000000000e+00
2.893375317114532663e-09
0.000000000000000000e+00
3.000029948907467769e-07
0.000000000000000000e+00
0.000000000000000000e+00
1.732266063925180788e-08
1.650602854397220653e-07
0.000000000000000000e+00
0.000000000000000000e+00
7.152335967930412153e-08
9.472792328324430855e-09
3.133878294647729490e-07
0.000000000000000000e+00
6.753702458395238750e-11
1.772717306280924277e-09
0.000000000000000000e+00
0.000000000000000000e+00
0.000000000000000000e+00
1.939569171938160252e-09
6.149631914809106092e-09
2.031511181499467966e-09
4.782714668749576958e-08
9.180747042591974605e-07
2.034793888938679629e-09
2.450735836490025576e-09
9.227496633457121789e-08
0.000000000000000000e+00
0.000000000000000000e+00
0.000000000000000000e+00
2.669841478564194404e-06
0.000000000000000000e+00
6.640266292379237711e-08
0.000000000000000000e+00
3.195394837618437123e-09
9.426444513849219220e-09
1.478518356634594966e-07
1.348632050479636746e-08
1.069420996202552487e-09
9.952805690716104436e-09
5.072066322497903457e-09
0.000000000000000000e+00
1.389066817125694797e-08
0.000000000000000000e+00
0.000000000000000000e+00
3.934230363711321843e-08
8.098952619661758945e-09
1.515650467354134889e-07
0.000000000000000000e+00
1.342507260915226652e-07
9.618915441933495458e-09
0.000000000000000000e+00
0.000000000000000000e+00
6.477396823356684763e-07
3.518069391361677845e-09
2.873369567168992944e-06
3.568849749058244925e-08
6.320277634586091153e-07
6.055181955844091135e-08
1.102699265231876780e-08
5.990294926760952876e-09
1.282122411794262007e-06
7.694771397837030236e-08
2.807246630709414603e-07
1.967053293583376217e-07
6.550616819811505565e-12
1.272880822966726555e-08
0.000000000000000000e+00
0.000000000000000000e+00
1.270239067707734648e-06
1.118035015679197386e-06
6.762272874993868754e-08
1.702846503803812084e-07
5.957139705969893839e-07
2.223816863988758996e-07
1.793603041733149439e-05
1.758793473527475726e-06
1.537082994218508247e-07
2.638493867834768025e-07
3.322810471217962913e-07
8.495579777445527725e-07
1.374728071823483333e-06
1.866562229224655312e-07
5.874563271390798036e-07
2.877640667975356337e-07
1.630835377852690726e-08
8.547326402208454965e-09
3.352923840793664567e-06
1.261519059880811255e-06
1.532995952402416151e-07
7.955171668072580360e-07
7.388131439967082770e-09
0.000000000000000000e+00
5.325490448626624129e-08
0.000000000000000000e+00
0.000000000000000000e+00
1.270854710355706629e-07
0.000000000000000000e+00
2.213194516542671408e-09
0.000000000000000000e+00
1.645687603968326584e-07
2.197396931080675131e-08
2.904145368631816382e-09
9.845873449876307859e-09
0.000000000000000000e+00
0.000000000000000000e+00
2.151912870118621868e-09
7.869724072406825144e-07
0.000000000000000000e+00
4.787296781216809904e-09
0.000000000000000000e+00
0.000000000000000000e+00
2.065807302997768602e-09
4.970978807250503451e-06
1.565432583561232605e-08
4.077033377569705408e-09
1.890012057970125170e-08
5.488366241479525343e-07
5.979219253049450344e-08
2.738818238867679611e-06
1.360967671892865383e-09
0.000000000000000000e+00
0.000000000000000000e+00
0.000000000000000000e+00
0.000000000000000000e+00
2.542853394515987020e-07
1.316524778083305591e-09
0.000000000000000000e+00
1.608025240740218464e-10
9.905722464509381098e-09
1.084578798327129334e-06
5.232230648744007340e-09
4.880377879601383029e-09
8.066252554783659434e-09
4.446232548804829321e-10
0.000000000000000000e+00
0.000000000000000000e+00
0.000000000000000000e+00
0.000000000000000000e+00
0.000000000000000000e+00
0.000000000000000000e+00
6.727223649249935988e-07
0.000000000000000000e+00
5.907955236139628141e-10
1.443102526366146776e-08
7.934532142428452062e-09
0.000000000000000000e+00
7.222908493531576823e-08
4.035637175547890365e-07
3.139861703971291718e-08
4.024808731628581882e-06
0.000000000000000000e+00
8.045733523864839754e-10
0.000000000000000000e+00
8.574397725169546902e-08
5.845022315043024719e-07
4.227494798669795273e-08
1.881929705405127606e-07
2.629718665048130788e-09
2.798413731852633646e-07
6.099672988923998673e-10
1.988276153497281484e-06
0.000000000000000000e+00
0.000000000000000000e+00
1.829520641649651225e-07
2.988788878610648680e-07
0.000000000000000000e+00
3.271667310400516726e-07
1.534935845093343687e-09
3.231688879168359563e-06
3.823003691394433190e-09
0.000000000000000000e+00
1.685700965481373714e-07
1.645222957868952562e-09
7.239004276016203221e-07
3.258896299485058989e-07
6.955961566745827440e-07
9.599173012020401075e-08
1.205198572051813244e-07
7.344199843828391749e-07
1.539568611486075156e-10
0.000000000000000000e+00
0.000000000000000000e+00
0.000000000000000000e+00
1.051919454320149327e-10
2.349702867832093034e-07
9.308199082624923903e-07
2.343701011042753635e-09
1.136111170418896421e-12
0.000000000000000000e+00
5.243400025278788235e-08
7.575744120913441293e-07
3.671598802768016867e-09
3.992552706222340930e-07
3.711349165769206593e-07
0.000000000000000000e+00
8.506156490284411120e-08
0.000000000000000000e+00
1.860201992442966912e-09
0.000000000000000000e+00
2.342165998925338499e-07
8.035628162872399116e-09
1.598958647264225874e-06
4.197367218239378417e-07
2.302837742718111258e-08
0.000000000000000000e+00
0.000000000000000000e+00
3.353737838551751338e-06
3.775622872126405127e-07
6.189541323919911520e-09
2.618903427453744825e-10
0.000000000000000000e+00
0.000000000000000000e+00
3.290265282451798612e-10
2.298172319115110440e-07
0.000000000000000000e+00
2.552116484366706572e-06
3.123576775010405981e-08
8.722290090190654155e-08
7.574780802599434537e-09
1.336112998018279541e-08
9.683752466571604600e-09
1.695847004157258198e-06
9.937320299968632753e-09
2.193134207573166350e-08
2.454091372783295810e-06
0.000000000000000000e+00
0.000000000000000000e+00
1.004001048965363907e-10
6.601984292586848824e-09
7.526050467276945710e-06
3.882107524333378024e-09
6.518634076968510271e-09
1.410426353487537199e-08
5.991544066441534255e-11
2.976562285539330333e-08
1.085490364260977003e-08
2.193386531429419861e-12
1.421050001226831228e-06
1.791336785572639201e-06
2.970684809255885739e-09
1.987248943180475180e-08
1.591921119370454107e-07
7.926045952899585245e-08
1.945169998407436651e-07
4.154657631261216011e-07
3.228813438838074035e-09
2.925209628301672637e-06
2.271046071200544247e-07
0.000000000000000000e+00
2.590876420072163455e-07
8.688008534818436601e-08
6.778784467087461962e-08
6.171217314943078236e-09
6.097325808696041349e-07
7.908665793365798891e-06
2.467546345030768862e-08
6.658691376060232869e-08
3.643828350163857976e-08
4.136219367012472503e-09
7.281690361793380362e-09
0.000000000000000000e+00
6.293251431088719983e-08
2.819103031015401939e-07
2.958934430807858007e-07
6.302937549662601668e-08
4.249985607884809724e-08
8.483995372898789356e-08
8.836709497472838848e-08
1.521790831369995711e-12
4.449053676580660976e-07
3.280214002643333515e-07
1.701278392829408403e-06
3.150806060503441586e-09
8.292904141171675292e-09
8.293371138279326260e-06
0.000000000000000000e+00
1.890160206130531151e-07
0.000000000000000000e+00
1.418671152775274891e-10
1.718209887258126400e-06
0.000000000000000000e+00
6.887735821692331228e-07
0.000000000000000000e+00
3.464135261310730129e-06
5.503374822524165211e-08
3.216867980881943367e-07
3.607692178775323555e-06
3.257373464293777943e-07
1.228097445959974721e-08
8.396777495534024638e-09
0.000000000000000000e+00
0.000000000000000000e+00
1.218469833474955522e-06
4.262427921730704838e-07
5.351905087991326582e-07
8.126484090098529123e-07
0.000000000000000000e+00
2.328554238317792624e-09
0.000000000000000000e+00
1.057576159979589647e-08
4.011421417260407907e-09
8.526036481271148659e-07
5.978600281508761327e-09
7.728852224886395561e-09
1.237414721799723338e-07
1.302860113128190278e-07
0.000000000000000000e+00
1.119889020628761500e-06
1.713550545900943689e-08
2.375670646870275959e-07
0.000000000000000000e+00
2.083069494673850386e-09
7.465517093407925131e-09
0.000000000000000000e+00
1.108315106357338209e-09
0.000000000000000000e+00
7.132111363716830965e-07
0.000000000000000000e+00
2.441487012561083247e-08
1.790788317634905980e-08
6.400357133173883994e-09
0.000000000000000000e+00
0.000000000000000000e+00
0.000000000000000000e+00
0.000000000000000000e+00
0.000000000000000000e+00
3.099866603406553622e-07
8.331014988982587965e-09
0.000000000000000000e+00
2.025523144766339101e-07
0.000000000000000000e+00
1.574021325723151676e-06
9.155261437854278483e-09
5.579258832710820570e-09
0.000000000000000000e+00
9.220644692220503202e-09
6.234827321094371655e-09
2.510101154706845250e-11
2.450923020091977378e-08
0.000000000000000000e+00
3.756278843525251432e-09
0.000000000000000000e+00
1.060455834256401886e-09
1.902501480799401179e-07
6.873278124430726166e-08
0.000000000000000000e+00
3.294332202585792402e-07
4.861373170683691569e-08
9.205088247199455509e-09
2.962021738994735642e-09
1.873024046972204815e-08
1.349592104737951104e-09
4.410732401538552949e-07
3.462489317485051288e-08
2.359957278486035648e-07
1.794667880972156127e-08
1.981414925467106514e-06
3.360819400555214997e-09
1.424680931449984200e-06
2.154421054001431912e-06
6.488953374628181336e-09
1.309871322519029491e-08
3.068507936632158817e-08
3.887770105848176172e-07
1.207818058901466429e-07
2.761637233561486937e-06
2.259710981888929382e-06
0.000000000000000000e+00
0.000000000000000000e+00
1.360126899996316752e-09
3.388273910331918159e-07
4.324373890085553285e-07
4.624813811915373662e-07
0.000000000000000000e+00
5.847025619232226745e-08
0.000000000000000000e+00
0.000000000000000000e+00
1.883418718762186472e-07
0.000000000000000000e+00
0.000000000000000000e+00
6.728767765196153050e-09
0.000000000000000000e+00
0.000000000000000000e+00
0.000000000000000000e+00
0.000000000000000000e+00
8.409202223447209690e-09
2.123630160610900930e-08
1.014475396049485667e-11
0.000000000000000000e+00
2.835758152741618687e-07
2.235391649563212013e-09
9.336080353250508779e-09
6.103989758088346207e-09
0.000000000000000000e+00
8.628056491488678148e-09
9.699890597403282300e-07
3.264282733006496073e-10
1.467918564479475663e-09
0.000000000000000000e+00
5.294950256029551383e-09
0.000000000000000000e+00
0.000000000000000000e+00
4.177800150273469626e-08
0.000000000000000000e+00
0.000000000000000000e+00
1.556820024006810854e-07
1.957643824823662726e-09
4.531157671294749889e-09
3.192430764187292880e-10
6.253427109470521827e-09
0.000000000000000000e+00
6.899907756263701231e-09
0.000000000000000000e+00
2.518507402626823932e-09
9.160414649045378610e-10
0.000000000000000000e+00
2.024518885868076268e-10
2.230264195546283190e-09
6.008720188077631974e-09
6.016029008293344305e-09
9.110795673450411414e-09
0.000000000000000000e+00
0.000000000000000000e+00
5.825735005515753073e-09
0.000000000000000000e+00
0.000000000000000000e+00
1.078209521665485227e-08
9.350930696427894873e-09
2.420488556253985735e-07
0.000000000000000000e+00
6.897510047565447167e-07
7.125729339918507321e-09
2.755460581926882924e-10
0.000000000000000000e+00
0.000000000000000000e+00
0.000000000000000000e+00
2.611911220640195097e-08
1.273298133597222659e-09
4.769851180697060045e-10
7.473890839548857912e-09
2.647170731506776065e-06
4.232477294863201678e-06
9.312744353451307688e-09
0.000000000000000000e+00
5.909288613992202954e-10
0.000000000000000000e+00
0.000000000000000000e+00
0.000000000000000000e+00
3.452307550944055947e-09
6.689308662544135586e-09
9.038740422795399354e-09
1.004222305311941454e-08
7.568159987592082416e-10
2.412314570321427709e-09
0.000000000000000000e+00
0.000000000000000000e+00
0.000000000000000000e+00
2.018442524232000324e-09
5.286224791234417353e-09
4.336382914971181890e-07
1.348318678928706049e-09
5.470008002106396816e-09
0.000000000000000000e+00
4.834075753024080768e-07
1.725560707654949510e-07
6.041842720572176972e-11
3.276353254477726296e-06
0.000000000000000000e+00
4.636658559320494533e-06
3.533040739966963883e-07
1.310563561673916411e-06
1.837291421225017984e-07
1.315040776717069093e-06
6.812515493948012590e-07
0.000000000000000000e+00
2.977490964894968783e-07
8.255646548605000135e-07
1.251786557077139150e-06
0.000000000000000000e+00
8.462316145596560091e-07
0.000000000000000000e+00
1.357424679326868500e-07
1.954108208579441452e-09
1.451697016818798147e-06
1.999213461445492612e-09
6.321042747003957629e-07
1.807330995973188692e-08
0.000000000000000000e+00
0.000000000000000000e+00
2.528955178604519460e-07
9.203190209916556341e-09
2.841451518520443642e-08
1.269208524945497629e-07
0.000000000000000000e+00
0.000000000000000000e+00
0.000000000000000000e+00
9.960443136947105813e-09
0.000000000000000000e+00
0.000000000000000000e+00
7.185378958496357882e-09
9.948158963268838306e-10
9.525554105493938550e-07
5.904154942726336230e-09
3.831674089127545813e-09
0.000000000000000000e+00
6.443947597745136591e-09
0.000000000000000000e+00
2.692089884348547457e-10
6.910784833280558814e-09
5.913214096153751598e-08
0.000000000000000000e+00
0.000000000000000000e+00
0.000000000000000000e+00
1.822243916649313178e-06
0.000000000000000000e+00
1.584005482335726356e-09
0.000000000000000000e+00
0.000000000000000000e+00
0.000000000000000000e+00
9.876730544533529610e-09
1.640675009184633382e-07
5.422787694442376960e-07
8.987101618451731611e-10
7.912567490109267965e-09
1.032197260997236299e-08
0.000000000000000000e+00
8.041714067985594738e-07
3.528379920680890791e-06
1.872700217120382149e-09
2.373513829923012963e-08
1.839187468988257024e-09
0.000000000000000000e+00
1.610050426315012828e-09
0.000000000000000000e+00
1.786345455911941826e-05
0.000000000000000000e+00
0.000000000000000000e+00
0.000000000000000000e+00
0.000000000000000000e+00
2.864442905092801084e-09
1.293486207032401580e-09
5.766145783070442121e-09
0.000000000000000000e+00
0.000000000000000000e+00
0.000000000000000000e+00
7.238097623485373333e-07
0.000000000000000000e+00
3.161513859595288523e-07
2.014422584295516572e-08
9.981358850552624062e-09
0.000000000000000000e+00
0.000000000000000000e+00
6.536114982580443211e-10
3.030257644809353224e-08
1.107466118810407352e-08
0.000000000000000000e+00
0.000000000000000000e+00
0.000000000000000000e+00
0.000000000000000000e+00
3.695695305339086190e-09
0.000000000000000000e+00
0.000000000000000000e+00
0.000000000000000000e+00
0.000000000000000000e+00
0.000000000000000000e+00
0.000000000000000000e+00
0.000000000000000000e+00
0.000000000000000000e+00
9.324745420258295781e-09
1.696262330597164691e-07
1.030708407512292979e-08
1.267493843215561355e-08
8.749191593437899428e-09
3.294668982078974295e-10
8.538528106782905525e-09
6.221370796311020968e-08
2.300448329606297193e-07
8.602804513202499948e-08
2.099905316299555125e-08
3.714967000689739507e-09
3.541551407693077635e-08
3.717348917575691303e-08
2.416173572328261798e-07
0.000000000000000000e+00
4.562791389162157429e-07
0.000000000000000000e+00
3.542427293723449111e-07
1.551351269668543864e-09
0.000000000000000000e+00
4.278671283941548609e-08
1.861791787405309151e-07
0.000000000000000000e+00
2.061757868432323448e-06
3.334579332658904605e-07
0.000000000000000000e+00
6.743919698237732518e-07
8.834858178374815907e-09
1.455431508645688155e-08
1.240316827022525104e-08
3.483564725570431619e-08
3.880623378194059114e-09
1.970504627024638467e-06
1.195752332705524168e-07
3.483703778783819871e-07
8.081440228124847636e-07
0.000000000000000000e+00
3.733668307859261404e-08
9.796982425314126885e-08
9.063586325908090657e-09
2.112514385643748938e-09
0.000000000000000000e+00
2.336254974200091539e-11
1.730710508240917989e-08
1.740834960628490080e-07
4.645396955993419397e-09
1.856664084698422812e-07
3.717524954538475868e-09
1.396793209096358623e-06
1.102010593889701795e-09
4.887594329261446546e-09
0.000000000000000000e+00
4.202818926213325312e-10
0.000000000000000000e+00
5.837933247931914593e-09
2.068903104390784620e-10
7.616697494938762247e-09
3.580117979851138443e-09
6.063048729743059084e-09
1.001300802272453438e-06
0.000000000000000000e+00
1.267520421954770882e-09
0.000000000000000000e+00
0.000000000000000000e+00
5.809676295598364959e-09
2.487832375663856510e-07
0.000000000000000000e+00
2.144087796196458839e-09
4.052366442408583680e-09
0.000000000000000000e+00
5.469815711478531739e-09
0.000000000000000000e+00
0.000000000000000000e+00
0.000000000000000000e+00
4.814533754310401648e-12
2.758851280759699875e-07
3.416387173160728707e-09
1.193705088553542737e-06
7.311327863135375082e-07
0.000000000000000000e+00
2.859679992806007931e-10
2.598902648642820168e-09
7.023077674972455497e-09
9.158850566848286689e-09
4.673397668852885545e-09
0.000000000000000000e+00
1.017020334614926469e-08
0.000000000000000000e+00
1.524133930175253226e-09
0.000000000000000000e+00
6.089186793678535992e-11
9.750800167296347354e-09
4.735576375480832212e-09
8.229763537315193389e-09
0.000000000000000000e+00
6.996960788541173315e-09
1.312984609924683355e-09
2.586886260758092249e-10
1.130360516299333540e-07
1.084035639031810661e-09
9.713578386083554506e-09
4.230020067552686669e-08
4.699705868915771134e-08
3.184565287028817693e-07
1.512486960564274341e-06
4.028496647379142814e-08
0.000000000000000000e+00
1.068444248630839866e-06
0.000000000000000000e+00
4.711501162546483101e-07
1.505288622638545348e-07
1.884726685830173665e-07
1.287431672380989767e-07
3.748442978235289047e-08
0.000000000000000000e+00
0.000000000000000000e+00
3.500090495212049291e-10
7.088855613623934460e-10
2.908318492700345814e-07
1.505618719976897779e-11
4.140757425830088323e-07
2.415023061530519044e-07
0.000000000000000000e+00
6.977636690663757690e-09
3.074964638472010847e-08
9.822828772598768410e-09
9.343835216668594512e-08
1.222728201355494093e-06
1.678412786532135215e-07
3.435342676993968780e-08
2.721914604819630767e-08
1.748104239140957361e-08
6.851972216281865258e-07
9.369255735691695008e-07
1.160515878950718616e-07
6.263160656772015500e-09
7.813666343281511217e-06
1.362932100512637135e-09
2.822642954924958758e-06
3.059618052247969899e-07
8.156685105120686785e-09
4.308268231056899822e-08
1.377823195980454329e-06
1.099526869552391872e-07
5.186091486808486195e-11
6.994913519520196132e-07
7.415479785777279176e-08
0.000000000000000000e+00
5.757397403272079828e-08
4.902848793619796197e-09
2.352235350944198444e-10
9.530028250992472749e-07
1.510463903287018184e-06
8.549296381943349843e-08
5.224251822255610023e-07
5.148141895006119739e-07
5.853160018887137994e-07
0.000000000000000000e+00
7.040464655716505149e-09
0.000000000000000000e+00
1.764033754625415895e-07
6.934845941941603087e-07
4.549810750376082069e-09
5.266300173722981981e-10
9.739445694378900953e-09
0.000000000000000000e+00
1.804244753600414697e-09
7.990151651426913304e-09
0.000000000000000000e+00
0.000000000000000000e+00
2.823938638485401498e-09
0.000000000000000000e+00
0.000000000000000000e+00
0.000000000000000000e+00
0.000000000000000000e+00
0.000000000000000000e+00
3.404639983273227699e-07
0.000000000000000000e+00
0.000000000000000000e+00
0.000000000000000000e+00
1.736085719628022161e-09
2.167301893507556088e-09
2.354864534481748706e-07
1.648584486702020513e-07
5.168656684872985352e-07
6.781126327126685283e-09
0.000000000000000000e+00
0.000000000000000000e+00
0.000000000000000000e+00
0.000000000000000000e+00
3.231457115782099265e-11
1.959897355519046869e-09
2.315468705660350679e-09
2.311088875828204436e-09
1.210373884452664583e-10
2.976726065639923036e-08
1.494952606151400687e-09
7.004776758634534417e-09
0.000000000000000000e+00
3.879987886534763675e-09
0.000000000000000000e+00
5.166038477000256535e-07
0.000000000000000000e+00
2.054211245550163767e-09
6.234380234282355104e-10
0.000000000000000000e+00
1.856612308337446393e-09
0.000000000000000000e+00
0.000000000000000000e+00
3.496937808766809042e-11
0.000000000000000000e+00
0.000000000000000000e+00
0.000000000000000000e+00
2.412820832020656781e-09
3.306139140235586638e-09
0.000000000000000000e+00
0.000000000000000000e+00
8.346975555184599216e-09
0.000000000000000000e+00
0.000000000000000000e+00
0.000000000000000000e+00
1.163464791176238577e-08
6.928389806315493615e-11
0.000000000000000000e+00
4.475805559511769616e-10
8.988034316814719205e-09
0.000000000000000000e+00
1.366841528849249698e-09
0.000000000000000000e+00
0.000000000000000000e+00
3.072025273054279637e-11
0.000000000000000000e+00
0.000000000000000000e+00
0.000000000000000000e+00
0.000000000000000000e+00
0.000000000000000000e+00
0.000000000000000000e+00
0.000000000000000000e+00
0.000000000000000000e+00
1.236724722630810902e-09
1.736806184982064849e-11
1.107616487416862583e-08
0.000000000000000000e+00
3.017505321167845977e-07
3.001105994826502865e-07
5.763112209677956344e-09
3.308660012635300518e-09
0.000000000000000000e+00
0.000000000000000000e+00
0.000000000000000000e+00
0.000000000000000000e+00
0.000000000000000000e+00
0.000000000000000000e+00
0.000000000000000000e+00
0.000000000000000000e+00
1.581772863801234053e-07
2.294343603992388125e-09
1.918047720650406518e-09
7.585734707049596182e-09
0.000000000000000000e+00
8.074859003670553648e-09
0.000000000000000000e+00
6.119776241320096233e-09
1.244344005613129411e-08
0.000000000000000000e+00
1.712530534048184450e-10
6.243806582872934996e-10
1.860394949204646764e-09
0.000000000000000000e+00
1.091259704821823107e-07
0.000000000000000000e+00
0.000000000000000000e+00
1.586382580853751278e-09
0.000000000000000000e+00
0.000000000000000000e+00
0.000000000000000000e+00
1.697859630667153397e-10
0.000000000000000000e+00
0.000000000000000000e+00
0.000000000000000000e+00
0.000000000000000000e+00
0.000000000000000000e+00
5.354311216620999403e-09
0.000000000000000000e+00
0.000000000000000000e+00
0.000000000000000000e+00
6.693384069222929611e-09
3.728696906790673893e-09
0.000000000000000000e+00
5.344115705518959203e-10
0.000000000000000000e+00
0.000000000000000000e+00
1.025783035402128007e-06
3.635463841078490077e-08
3.947903337575553451e-09
6.407221420090536412e-09
3.913132786692585796e-07
4.091549581780595801e-12
1.717071427265182137e-07
8.698999209855173831e-08
6.571696076207445003e-07
5.907282229600241408e-06
4.497327399377581969e-09
1.768372612787061371e-06
2.202368563075651764e-07
0.000000000000000000e+00
9.377158676215913147e-07
7.130419703571533319e-07
1.906054762912390288e-07
5.300326506585406605e-07
2.236052409898547921e-07
3.831006267773773288e-08
6.046989398100777180e-08
9.139516699008254363e-09
1.180656794552703559e-09
8.454645126221294049e-07
1.904677127129161818e-08
2.655876301105308812e-07
2.384868080795854439e-09
0.000000000000000000e+00
2.200884097192101763e-08
0.000000000000000000e+00
2.091919213853543624e-06
2.872569737633057230e-09
0.000000000000000000e+00
1.526835404774828930e-07
2.245913492515683174e-06
1.734981509571298375e-07
1.593630258867051452e-07
9.630808150973280135e-09
2.652162933713952953e-09
0.000000000000000000e+00
4.929067642933659954e-08
0.000000000000000000e+00
8.273139506798088405e-09
0.000000000000000000e+00
0.000000000000000000e+00
0.000000000000000000e+00
0.000000000000000000e+00
0.000000000000000000e+00
0.000000000000000000e+00
0.000000000000000000e+00
0.000000000000000000e+00
6.755914494505077528e-09
0.000000000000000000e+00
0.000000000000000000e+00
0.000000000000000000e+00
0.000000000000000000e+00
0.000000000000000000e+00
0.000000000000000000e+00
0.000000000000000000e+00
0.000000000000000000e+00
4.996479230356953849e-09
0.000000000000000000e+00
4.731853131545449287e-09
0.000000000000000000e+00
0.000000000000000000e+00
1.771621427337777277e-08
5.067560593374764721e-08
2.491864563580747927e-07
1.309055086551325076e-08
7.866973561476697796e-08
0.000000000000000000e+00
6.002739416643976256e-10
1.392260600141526083e-07
4.408722631410455506e-08
0.000000000000000000e+00
7.169966842468511459e-09
0.000000000000000000e+00
0.000000000000000000e+00
1.100800339770557912e-09
0.000000000000000000e+00
1.824213740064806188e-07
3.182948304925048433e-08
0.000000000000000000e+00
0.000000000000000000e+00
4.540002009889576584e-07
0.000000000000000000e+00
0.000000000000000000e+00
2.665390796963151843e-09
0.000000000000000000e+00
0.000000000000000000e+00
0.000000000000000000e+00
0.000000000000000000e+00
0.000000000000000000e+00
0.000000000000000000e+00
3.343660459620423353e-09
7.926049505613264046e-08
0.000000000000000000e+00
0.000000000000000000e+00
9.412587154145057866e-09
3.233901813004536052e-09
3.863142694626731100e-09
2.882226013412036991e-09
0.000000000000000000e+00
0.000000000000000000e+00
8.780017601850431674e-09
0.000000000000000000e+00
4.252314056429895572e-08
0.000000000000000000e+00
5.323791185674053850e-09
5.703048699956525525e-09
0.000000000000000000e+00
4.426988766681461129e-07
0.000000000000000000e+00
0.000000000000000000e+00
9.926111488312017173e-07
1.997524101682301989e-08
0.000000000000000000e+00
0.000000000000000000e+00
0.000000000000000000e+00
0.000000000000000000e+00
0.000000000000000000e+00
3.114945190674234254e-09
0.000000000000000000e+00
0.000000000000000000e+00
3.599274212007230744e-09
6.175711497746760870e-09
6.211081426954478957e-09
6.219478621005691821e-08
2.101844032154076558e-08
5.491074261954054236e-07
1.206167721257145331e-09
4.986462087686049927e-08
1.744871269693248905e-08
1.291543583192833466e-07
1.270670253461503307e-07
2.578362234828546207e-08
2.493186102014988137e-09
0.000000000000000000e+00
9.366202903038356453e-06
1.287138616135052871e-06
8.318426125697442330e-08
1.206059664582426194e-06
1.292866727453656495e-06
6.384712492035760079e-07
0.000000000000000000e+00
3.694900954087643186e-07
3.107602786212027013e-10
6.216455972207768355e-08
4.650316896004369482e-07
1.288675277599793390e-09
2.040938653635748778e-07
5.050401430395368152e-09
3.284530425418097366e-09
3.965866426369757392e-07
5.705807737399481994e-08
1.723292916722130030e-05
4.900591221712602419e-08
0.000000000000000000e+00
1.169958068203413859e-06
1.430800722346248222e-08
7.764313636471342761e-08
2.088489381435465475e-08
5.347650322562458314e-09
3.020211414295204122e-09
3.830129742254939629e-07
0.000000000000000000e+00
0.000000000000000000e+00
1.963979485708478023e-07
8.493706182832738705e-09
0.000000000000000000e+00
8.364106918179459171e-08
0.000000000000000000e+00
8.918541460900542006e-09
1.077419256034772843e-06
0.000000000000000000e+00
8.922842020808730013e-09
2.123223992456235720e-11
0.000000000000000000e+00
4.784336926633159237e-09
4.386907193065781030e-08
4.987447121962418350e-10
0.000000000000000000e+00
0.000000000000000000e+00
1.727369913773202370e-09
0.000000000000000000e+00
1.015225947753606306e-07
6.127895524343784928e-09
2.490218586892467556e-10
2.547928978913205356e-09
0.000000000000000000e+00
4.884572746277626720e-09
3.767252287900646479e-09
4.408470477557102640e-09
9.379618859384208918e-08
0.000000000000000000e+00
1.344375610834447343e-09
0.000000000000000000e+00
3.773704975174041465e-07
4.138433762346238609e-10
7.615376211578261945e-12
6.545650688138948681e-09
7.861832962419157411e-09
0.000000000000000000e+00
1.350198203908803407e-06
1.287482209733070704e-08
6.029910792904047412e-08
0.000000000000000000e+00
0.000000000000000000e+00
0.000000000000000000e+00
1.279669135101357824e-07
3.532212815571256215e-07
3.573738527329339831e-10
4.730529568064412160e-08
2.252461172247421928e-06
0.000000000000000000e+00
7.145749350456753746e-06
0.000000000000000000e+00
0.000000000000000000e+00
0.000000000000000000e+00
2.874498150617910142e-08
3.443900720156989337e-11
0.000000000000000000e+00
0.000000000000000000e+00
1.252157266762310428e-09
6.251755166886141524e-06
0.000000000000000000e+00
1.925277715031370462e-09
7.223670550615679531e-09
2.467937143535436917e-08
0.000000000000000000e+00
2.598714576862448666e-10
7.494775355887384194e-10
8.046044386311734797e-10
4.909436857047921876e-09
3.935656245346308424e-09
7.136799484719347220e-10
0.000000000000000000e+00
0.000000000000000000e+00
4.035702616533853870e-08
0.000000000000000000e+00
2.139264099199067459e-09
2.114440011968810040e-10
1.102523516927078617e-09
4.093873851029883326e-10
0.000000000000000000e+00
2.865488513137393056e-09
0.000000000000000000e+00
4.458016178432444576e-09
1.503782341705228731e-11
8.874421197901938285e-09
0.000000000000000000e+00
0.000000000000000000e+00
0.000000000000000000e+00
6.346547287705561757e-09
0.000000000000000000e+00
5.012085885214290215e-11
0.000000000000000000e+00
2.706027069088179360e-10
0.000000000000000000e+00
4.007439657893741014e-10
1.333809791503881570e-06
2.651940747000480769e-07
1.765835921929692631e-09
6.956042284400609788e-07
7.014650549308498739e-08
0.000000000000000000e+00
9.168120982394611929e-07
5.633102873048301262e-09
1.147215922259192666e-08
2.245164068881422281e-06
1.069322941305017594e-08
0.000000000000000000e+00
1.335075353381398600e-06
2.029184315688326024e-06
1.755993683794088156e-10
2.329577171167329652e-07
8.184121611520822626e-07
2.198240167672338430e-07
1.552325102238683030e-06
1.464046306409727549e-07
2.839140655908067856e-08
6.583714462493617248e-09
1.528144792928287643e-07
9.561298974780640947e-11
2.842653401557981852e-08
5.354210941277415259e-08
2.030272753472672775e-06
6.930284257578023244e-07
0.000000000000000000e+00
2.018961140493047424e-06
1.239300928546072100e-08
6.295991283877810929e-07
2.332883752842462854e-08
5.668385760770888737e-09
8.810361884492579065e-10
5.341331377195501773e-09
0.000000000000000000e+00
1.382771870339638554e-07
4.102562733976355958e-09
2.117733322037906873e-09
2.358184048034672742e-07
3.880426646674095537e-09
0.000000000000000000e+00
0.000000000000000000e+00
0.000000000000000000e+00
6.859150403215608094e-08
0.000000000000000000e+00
0.000000000000000000e+00
4.177003187777472704e-09
1.691204865039708238e-08
0.000000000000000000e+00
1.467051258252638490e-09
0.000000000000000000e+00
0.000000000000000000e+00
1.699170137925420931e-09
0.000000000000000000e+00
5.914415485142043849e-11
0.000000000000000000e+00
0.000000000000000000e+00
5.745137698909275059e-09
2.717386982098446424e-09
7.980828442555321089e-09
8.765170811386724381e-09
4.356770499924778051e-09
4.784967586601851508e-07
2.152885826944839209e-06
2.695948523978586309e-06
0.000000000000000000e+00
0.000000000000000000e+00
4.127440167422946615e-09
0.000000000000000000e+00
0.000000000000000000e+00
0.000000000000000000e+00
0.000000000000000000e+00
4.735793979193658743e-09
1.609835976523754653e-06
1.255568893299141564e-08
0.000000000000000000e+00
8.401793927248490945e-09
0.000000000000000000e+00
4.821609334015874992e-09
1.345244626804742438e-08
0.000000000000000000e+00
0.000000000000000000e+00
0.000000000000000000e+00
1.896812129587033269e-08
2.460004644433411158e-09
1.189517262467632008e-09
1.150379969061532393e-08
8.558797048863198142e-08
6.627824955529604267e-09
1.876968624969777011e-08
4.446212997777365672e-08
1.585083353461413935e-08
2.032930801476595661e-08
1.921155323714174301e-08
6.714810929508985282e-09
7.949919478278388851e-08
1.391708082110199030e-09
0.000000000000000000e+00
1.662792925571920932e-07
1.139044911724340636e-06
3.267092267833504593e-07
1.349404854522617825e-08
1.157489393222022045e-07
2.141997299531794852e-07
5.711200401492533274e-07
1.126863708122982644e-06
7.762754421491990797e-07
7.816425458273545956e-13
1.902825715660583228e-06
0.000000000000000000e+00
6.954721243346284609e-07
5.547475439016125165e-07
4.589006493915803730e-06
2.660459813341731206e-06
5.356405319290047373e-10
0.000000000000000000e+00
1.684729085127401049e-07
9.729653527301707072e-08
5.846432227230025092e-10
1.815445926922620856e-08
0.000000000000000000e+00
1.168291352549033491e-09
1.720978382024895836e-08
2.291207001903217133e-09
3.941715931432554498e-08
8.282004841930756811e-07
1.347501843440568337e-08
2.696464918017227319e-08
0.000000000000000000e+00
1.964729676728893537e-07
2.497889909136574715e-06
6.545343378405732437e-09
0.000000000000000000e+00
1.167013846670172939e-10
1.073104201054775331e-07
8.539601736856639036e-08
0.000000000000000000e+00
0.000000000000000000e+00
0.000000000000000000e+00
1.032513637255760841e-06
1.199939703155905590e-09
1.724805076541713333e-09
0.000000000000000000e+00
0.000000000000000000e+00
6.069623026405679411e-09
5.394061730612520478e-08
1.036877733895380516e-06
2.751259273736650357e-07
1.465998025196313392e-07
0.000000000000000000e+00
2.949897037751725293e-08
2.363371578439910081e-07
0.000000000000000000e+00
7.950558966740572941e-08
6.517197892463855169e-10
0.000000000000000000e+00
4.398098099045455456e-06
0.000000000000000000e+00
0.000000000000000000e+00
0.000000000000000000e+00
0.000000000000000000e+00
0.000000000000000000e+00
0.000000000000000000e+00
0.000000000000000000e+00
0.000000000000000000e+00
3.777375301439178656e-09
2.109778352021862702e-09
3.232454659496397653e-08
2.775032703627999808e-10
0.000000000000000000e+00
0.000000000000000000e+00
0.000000000000000000e+00
0.000000000000000000e+00
0.000000000000000000e+00
0.000000000000000000e+00
0.000000000000000000e+00
0.000000000000000000e+00
0.000000000000000000e+00
3.471068623639439465e-07
0.000000000000000000e+00
0.000000000000000000e+00
0.000000000000000000e+00
0.000000000000000000e+00
0.000000000000000000e+00
5.432176042319269982e-09
3.278652016547312087e-09
0.000000000000000000e+00
0.000000000000000000e+00
0.000000000000000000e+00
0.000000000000000000e+00
0.000000000000000000e+00
0.000000000000000000e+00
0.000000000000000000e+00
0.000000000000000000e+00
7.944838564810652315e-09
0.000000000000000000e+00
1.059658529811713379e-07
0.000000000000000000e+00
3.199247089469281491e-09
0.000000000000000000e+00
0.000000000000000000e+00
8.107020832426314882e-09
3.532287795593447299e-09
0.000000000000000000e+00
6.461221335740674476e-09
1.166943732755498786e-07
0.000000000000000000e+00
0.000000000000000000e+00
3.051339389492646603e-11
4.243837281592277577e-09
0.000000000000000000e+00
5.370464961629295431e-08
0.000000000000000000e+00
5.157514859632783555e-09
0.000000000000000000e+00
0.000000000000000000e+00
0.000000000000000000e+00
0.000000000000000000e+00
0.000000000000000000e+00
5.411462566939917451e-08
0.000000000000000000e+00
2.648315566844416935e-09
0.000000000000000000e+00
0.000000000000000000e+00
2.800259801816196159e-09
1.298570424523859401e-07
3.880303633962967069e-09
0.000000000000000000e+00
0.000000000000000000e+00
4.038482881441041172e-09
3.965881134604387626e-08
0.000000000000000000e+00
0.000000000000000000e+00
0.000000000000000000e+00
0.000000000000000000e+00
0.000000000000000000e+00
0.000000000000000000e+00
3.313304075547307548e-10
0.000000000000000000e+00
0.000000000000000000e+00
0.000000000000000000e+00
0.000000000000000000e+00
0.000000000000000000e+00
1.205030075723811933e-09
0.000000000000000000e+00
0.000000000000000000e+00
7.395617007688315425e-09
9.469829365116311237e-08
0.000000000000000000e+00
2.636058979987865314e-07
0.000000000000000000e+00
1.666787541321212984e-10
1.305298313880598471e-09
2.331584925130414376e-10
0.000000000000000000e+00
0.000000000000000000e+00
0.000000000000000000e+00
0.000000000000000000e+00
1.694667323137721837e-11
5.739392849868352187e-10
0.000000000000000000e+00
6.326063726191932801e-07
0.000000000000000000e+00
3.053515218454094793e-09
2.975252044734588708e-09
0.000000000000000000e+00
4.000827669159434663e-09
3.974510054405300252e-09
1.971086227570140181e-08
1.988478270931182124e-09
5.319524234437267296e-07
1.748616185182072513e-08
1.149892568719224073e-06
1.127630639530252665e-06
6.420066824830428232e-07
8.249953680206090212e-07
2.460870973663986661e-07
3.973643742938293144e-07
8.003616471796703991e-07
1.657866732784896158e-07
7.333887719340737021e-09
4.246068669999658596e-07
1.759662154654506594e-06
3.520055088301887736e-06
4.960592718816769775e-07
1.033107537296018563e-06
8.608511592456125072e-08
1.082007514696670114e-07
4.735676952805079054e-07
1.920223803608678281e-05
0.000000000000000000e+00
7.575353322408773238e-08
8.588266382503206842e-07
0.000000000000000000e+00
7.777329003033628396e-09
4.086886633558606263e-07
1.836572449676054930e-09
5.134836111864160557e-09
1.619646923245454673e-06
1.413289680840534857e-07
0.000000000000000000e+00
5.303046236804220825e-06
7.824576542247996258e-09
3.489827538061263112e-09
2.423908540549746249e-07
9.326979188983841595e-09
4.346720174908114132e-07
2.317764202786065653e-09
2.017426448119863380e-09
7.293621138160233386e-07
6.997670425334945321e-07
0.000000000000000000e+00
1.287392326076997051e-08
0.000000000000000000e+00
0.000000000000000000e+00
1.720203757216154372e-09
0.000000000000000000e+00
0.000000000000000000e+00
0.000000000000000000e+00
2.316825664649968530e-08
0.000000000000000000e+00
0.000000000000000000e+00
2.601042008187372245e-14
1.445002700394687478e-13
9.725577981845034969e-12
0.000000000000000000e+00
0.000000000000000000e+00
9.156931213283314719e-09
0.000000000000000000e+00
2.223066672968343482e-07
0.000000000000000000e+00
2.874643598715920234e-07
0.000000000000000000e+00
1.659391273278743029e-07
0.000000000000000000e+00
2.113112032020580955e-07
0.000000000000000000e+00
8.116528533719247207e-07
0.000000000000000000e+00
0.000000000000000000e+00
5.929692648010131961e-08
3.683921612207541330e-09
0.000000000000000000e+00
0.000000000000000000e+00
0.000000000000000000e+00
1.006770222744535204e-08
0.000000000000000000e+00
0.000000000000000000e+00
3.322854436049738069e-09
0.000000000000000000e+00
1.916511216393246286e-08
0.000000000000000000e+00
7.475942531698365201e-09
0.000000000000000000e+00
7.265828685376618523e-07
4.391163770378625486e-07
0.000000000000000000e+00
0.000000000000000000e+00
0.000000000000000000e+00
0.000000000000000000e+00
0.000000000000000000e+00
0.000000000000000000e+00
0.000000000000000000e+00
0.000000000000000000e+00
0.000000000000000000e+00
0.000000000000000000e+00
0.000000000000000000e+00
7.217850206409082148e-10
5.102729350170420730e-09
6.724702739102639271e-11
0.000000000000000000e+00
0.000000000000000000e+00
0.000000000000000000e+00
0.000000000000000000e+00
0.000000000000000000e+00
0.000000000000000000e+00
0.000000000000000000e+00
1.760036916209628544e-08
9.377145602229575161e-07
1.628865646807753365e-07
1.657134731658516102e-07
0.000000000000000000e+00
4.364540018286788836e-06
3.316172012546303449e-07
3.232950263054590323e-08
6.212520986537128920e-08
1.389104795634921174e-07
6.049650096429104451e-07
4.138008762311073951e-07
3.112630508894653758e-07
2.122535924797830376e-08
3.221496402971979478e-09
6.514351866826473270e-07
6.979348086133541074e-07
6.337431468494969522e-09
0.000000000000000000e+00
8.644233844279369805e-07
1.639023480493051466e-06
1.039063235452886147e-08
0.000000000000000000e+00
0.000000000000000000e+00
0.000000000000000000e+00
2.791452118344750488e-07
2.320089009799630730e-09
4.000663800240999990e-09
1.595209830895782943e-08
0.000000000000000000e+00
7.264274245244450867e-06
2.314894373967035790e-07
5.994269525189110936e-10
2.114070518643984542e-08
9.661411013439646922e-07
2.108487706209416501e-06
0.000000000000000000e+00
0.000000000000000000e+00
0.000000000000000000e+00
5.741575215267857857e-09
0.000000000000000000e+00
9.313573059444024693e-07
0.000000000000000000e+00
0.000000000000000000e+00
0.000000000000000000e+00
6.947515895916467343e-09
0.000000000000000000e+00
0.000000000000000000e+00
7.750649011484256334e-09
0.000000000000000000e+00
0.000000000000000000e+00
4.707946477111590866e-09
8.264153805725982238e-09
0.000000000000000000e+00
0.000000000000000000e+00
0.000000000000000000e+00
0.000000000000000000e+00
0.000000000000000000e+00
9.744977047532188408e-10
2.266395071615079360e-09
0.000000000000000000e+00
0.000000000000000000e+00
0.000000000000000000e+00
0.000000000000000000e+00
6.269472163644707052e-10
0.000000000000000000e+00
0.000000000000000000e+00
0.000000000000000000e+00
0.000000000000000000e+00
0.000000000000000000e+00
0.000000000000000000e+00
0.000000000000000000e+00
0.000000000000000000e+00
8.694759912053484641e-10
8.367935677711102471e-09
0.000000000000000000e+00
0.000000000000000000e+00
0.000000000000000000e+00
0.000000000000000000e+00
0.000000000000000000e+00
0.000000000000000000e+00
3.313566088181119085e-09
0.000000000000000000e+00
0.000000000000000000e+00
2.903050855262989671e-10
5.394981350548277987e-09
1.752428584189669181e-11
0.000000000000000000e+00
0.000000000000000000e+00
0.000000000000000000e+00
0.000000000000000000e+00
0.000000000000000000e+00
0.000000000000000000e+00
0.000000000000000000e+00
7.863862450108172197e-09
2.119793673927006239e-09
0.000000000000000000e+00
4.424467736630077752e-12
2.612453829653471615e-11
0.000000000000000000e+00
0.000000000000000000e+00
0.000000000000000000e+00
1.981240171922138416e-10
7.558474734992159938e-09
0.000000000000000000e+00
0.000000000000000000e+00
8.621552360921214131e-09
0.000000000000000000e+00
0.000000000000000000e+00
0.000000000000000000e+00
0.000000000000000000e+00
0.000000000000000000e+00
0.000000000000000000e+00
8.403513440669030388e-09
0.000000000000000000e+00
2.387600672726364337e-10
0.000000000000000000e+00
9.094549113797256723e-09
3.570451099221827462e-07
1.039160295590590977e-07
0.000000000000000000e+00
3.027135164757055463e-07
0.000000000000000000e+00
1.726823768422036665e-07
9.916923318087356165e-07
0.000000000000000000e+00
5.766368644799513277e-07
1.858318341874110047e-06
3.899408018703809375e-10
4.361372774042138190e-08
9.137303891293413471e-08
1.485201295281513012e-09
5.052749543210666161e-07
2.042760449683100887e-08
9.982969828570276150e-08
0.000000000000000000e+00
0.000000000000000000e+00
2.665400870682788081e-06
2.528499187803845416e-08
2.155877256229676853e-12
0.000000000000000000e+00
5.907235731683613267e-07
4.393473886921128724e-07
0.000000000000000000e+00
1.324808596159243734e-09
3.295944281944684917e-07
5.255633936940284912e-07
0.000000000000000000e+00
9.073664841707795858e-07
0.000000000000000000e+00
1.631997648132710310e-08
0.000000000000000000e+00
4.796558261688232960e-09
0.000000000000000000e+00
0.000000000000000000e+00
1.558306594873215545e-09
0.000000000000000000e+00
0.000000000000000000e+00
0.000000000000000000e+00
0.000000000000000000e+00
0.000000000000000000e+00
6.466981616881639638e-09
0.000000000000000000e+00
0.000000000000000000e+00
0.000000000000000000e+00
0.000000000000000000e+00
0.000000000000000000e+00
8.416849084369459888e-08
7.928587137939757667e-07
4.582042478773473704e-08
0.000000000000000000e+00
0.000000000000000000e+00
0.000000000000000000e+00
2.324765979722087650e-08
0.000000000000000000e+00
8.830043896068673348e-08
0.000000000000000000e+00
0.000000000000000000e+00
0.000000000000000000e+00
0.000000000000000000e+00
7.131106940505560488e-07
0.000000000000000000e+00
0.000000000000000000e+00
0.000000000000000000e+00
1.264322158078812208e-08
8.305182177537062671e-07
2.843140722852410818e-10
0.000000000000000000e+00
0.000000000000000000e+00
0.000000000000000000e+00
0.000000000000000000e+00
4.293004618460827260e-09
0.000000000000000000e+00
0.000000000000000000e+00
0.000000000000000000e+00
0.000000000000000000e+00
3.809366688756199437e-08
0.000000000000000000e+00
0.000000000000000000e+00
0.000000000000000000e+00
0.000000000000000000e+00
2.225374995390438926e-09
0.000000000000000000e+00
0.000000000000000000e+00
9.067948170127237972e-09
0.000000000000000000e+00
0.000000000000000000e+00
2.012160216224856413e-09
0.000000000000000000e+00
1.175642516670905025e-08
2.315000983799109235e-06
0.000000000000000000e+00
0.000000000000000000e+00
0.000000000000000000e+00
3.076813914759668478e-09
0.000000000000000000e+00
1.272350800718413666e-06
0.000000000000000000e+00
7.046715655434354630e-09
2.087366510750143789e-06
1.314475639446754940e-07
1.699354434947508707e-09
1.744836168882102356e-07
4.775642281629188801e-08
0.000000000000000000e+00
2.164626806688829674e-07
0.000000000000000000e+00
5.769000277489055861e-10
8.635621270514093339e-06
5.954806869823414672e-09
8.557531714359356556e-07
2.978438260470284149e-07
3.061400093429256231e-07
0.000000000000000000e+00
3.477847769772779429e-07
1.999883636472077342e-08
0.000000000000000000e+00
0.000000000000000000e+00
9.803865452795434976e-08
2.997169445961844758e-08
8.805775664200155006e-09
2.164391688097566657e-08
3.041287470750830835e-07
7.156615744463579176e-09
0.000000000000000000e+00
4.086616058884828817e-07
8.647629101687925868e-07
2.196917980867851838e-09
2.502190682207583450e-06
5.416414428083271559e-09
0.000000000000000000e+00
0.000000000000000000e+00
0.000000000000000000e+00
2.575011137651017634e-08
2.675504617855040124e-07
2.613965648379235063e-07
7.334645779621951078e-09
8.119552035168453585e-07
0.000000000000000000e+00
3.767996759052039124e-07
6.226146709309432481e-09
1.134616312015168660e-07
3.415289597796800081e-07
1.268808631493811845e-07
6.481244781753048301e-06
5.012473547338913704e-09
7.167105650296434760e-06
6.275145381096081110e-08
3.537057580160762882e-08
1.628508883300128218e-09
6.602380153708509170e-08
0.000000000000000000e+00
7.156099712801733403e-09
0.000000000000000000e+00
0.000000000000000000e+00
0.000000000000000000e+00
0.000000000000000000e+00
0.000000000000000000e+00
0.000000000000000000e+00
0.000000000000000000e+00
0.000000000000000000e+00
7.102501697886509646e-09
0.000000000000000000e+00
5.093071990813768934e-07
4.715748502803762676e-07
7.376070954023816739e-08
2.832515235695609590e-07
4.864901939072296955e-07
8.774427850966048936e-10
0.000000000000000000e+00
0.000000000000000000e+00
1.113385383888498836e-09
2.744752407579653664e-07
1.022171680631345225e-08
0.000000000000000000e+00
2.073800908775069729e-09
0.000000000000000000e+00
8.257796224597768742e-09
2.804558789648581296e-06
1.507901137287603888e-09
0.000000000000000000e+00
6.356736664825390903e-11
0.000000000000000000e+00
0.000000000000000000e+00
2.647379062636900926e-07
6.598612767305667148e-10
1.423205020500972751e-08
1.636870194943185197e-08
1.814364325447570536e-09
7.798546164394792868e-08
1.544024144095601514e-07
2.017543891952300328e-07
5.964516702761102351e-08
1.119121531556466209e-10
4.298711360206652898e-07
1.453948499374746461e-07
0.000000000000000000e+00
1.715207087471526393e-09
0.000000000000000000e+00
3.060431907897509518e-08
1.092263460122921970e-06
0.000000000000000000e+00
5.318517182217874506e-09
1.059251886204037874e-07
1.879170374863292636e-09
0.000000000000000000e+00
5.451260776112576423e-08
3.666130794499622425e-07
8.979151644439298252e-09
0.000000000000000000e+00
3.898362077592310015e-09
0.000000000000000000e+00
4.917908746904231521e-09
5.575735873009080024e-09
2.242583434508560458e-07
1.289040596930135507e-06
5.179046080883153991e-09
4.793054841911725816e-11
0.000000000000000000e+00
0.000000000000000000e+00
1.133506799533279263e-08
2.476356030456372537e-06
1.196683419024680006e-09
3.682131364257656969e-06
4.215195303913787939e-07
4.689224564202731926e-09
7.502805321468741795e-11
3.727057276137202280e-07
0.000000000000000000e+00
7.850114229768223595e-07
1.849299269274240487e-09
4.971824818164605198e-13
1.182930873255827464e-06
3.268601858508191071e-06
2.089771689028907531e-09
1.490488585886851070e-07
5.917183187875707517e-09
0.000000000000000000e+00
3.730106527655152604e-06
1.143449566143317497e-07
0.000000000000000000e+00
0.000000000000000000e+00
1.100010962318265229e-07
3.546113589436572511e-07
0.000000000000000000e+00
3.549660732460324652e-06
1.119372655011829920e-06
8.633417536429988104e-08
0.000000000000000000e+00
1.832140134050419533e-10
3.528102920924425234e-09
6.749383373971795663e-06
3.112980317965252652e-09
0.000000000000000000e+00
0.000000000000000000e+00
5.564812166625188183e-09
0.000000000000000000e+00
1.585046427443614903e-09
2.889332773037267543e-09
4.367022854445679059e-10
5.194243923867247759e-10
9.527013622445679175e-10
3.651090541012536050e-09
1.189881686514127068e-07
3.241584067836811300e-07
2.380671162427461240e-07
1.527326737305045867e-10
0.000000000000000000e+00
0.000000000000000000e+00
1.030043494942844973e-09
1.492471994879451813e-07
3.347760824112810951e-08
6.640086702702774346e-09
0.000000000000000000e+00
4.859248647903768870e-08
3.073429510891401151e-08
3.482447441527369847e-09
9.943542877977051830e-09
0.000000000000000000e+00
2.754447223196621053e-06
1.931211386363429483e-07
6.359126558663774631e-08
5.248411927283314071e-09
0.000000000000000000e+00
1.112028069627513105e-08
1.593901544083564659e-07
0.000000000000000000e+00
1.846552066808726522e-07
1.244092384666828366e-08
2.598447501611644839e-08
5.091161381365338912e-10
5.532927502827078570e-07
7.455767558894876856e-07
2.335340695935883559e-06
4.165257223576190881e-07
4.923236263110197797e-10
0.000000000000000000e+00
5.078878473341319477e-08
7.430055859458661871e-08
1.006693201022201833e-10
2.646415975249283292e-09
1.180243387466362037e-07
1.347685163466394442e-08
6.359936719491088297e-07
6.378179477906087413e-07
1.658449377828219440e-07
2.395025866519517876e-08
3.314819991828699131e-07
1.090548948923242278e-07
1.041900593579114798e-10
3.038950646683247214e-09
1.747721540823476971e-07
1.370056779137485137e-08
4.232531125580862863e-08
2.082553240967399688e-09
2.653593810464371927e-06
0.000000000000000000e+00
9.645989962336898316e-08
4.784866947105115287e-10
5.661479463014984503e-07
0.000000000000000000e+00
2.869664683657902060e-07
1.109249492259323233e-08
0.000000000000000000e+00
1.627994805630805786e-07
1.325281662190036513e-09
1.820467616653331788e-07
0.000000000000000000e+00
0.000000000000000000e+00
5.254577217783662491e-07
0.000000000000000000e+00
0.000000000000000000e+00
0.000000000000000000e+00
3.787902869589743204e-06
0.000000000000000000e+00
0.000000000000000000e+00
0.000000000000000000e+00
0.000000000000000000e+00
0.000000000000000000e+00
0.000000000000000000e+00
0.000000000000000000e+00
0.000000000000000000e+00
0.000000000000000000e+00
0.000000000000000000e+00
2.937130316738034708e-09
0.000000000000000000e+00
0.000000000000000000e+00
0.000000000000000000e+00
0.000000000000000000e+00
0.000000000000000000e+00
0.000000000000000000e+00
0.000000000000000000e+00
0.000000000000000000e+00
0.000000000000000000e+00
0.000000000000000000e+00
0.000000000000000000e+00
0.000000000000000000e+00
6.486680490525031928e-07
0.000000000000000000e+00
0.000000000000000000e+00
0.000000000000000000e+00
0.000000000000000000e+00
0.000000000000000000e+00
0.000000000000000000e+00
0.000000000000000000e+00
4.175726431299153774e-09
0.000000000000000000e+00
0.000000000000000000e+00
0.000000000000000000e+00
0.000000000000000000e+00
0.000000000000000000e+00
4.327224689681941072e-10
0.000000000000000000e+00
0.000000000000000000e+00
0.000000000000000000e+00
0.000000000000000000e+00
0.000000000000000000e+00
0.000000000000000000e+00
0.000000000000000000e+00
0.000000000000000000e+00
0.000000000000000000e+00
0.000000000000000000e+00
1.227702939310404417e-10
0.000000000000000000e+00
0.000000000000000000e+00
2.249494173156563193e-07
0.000000000000000000e+00
2.649207075933190936e-09
2.651147745780235709e-09
0.000000000000000000e+00
0.000000000000000000e+00
5.302031809151230846e-07
0.000000000000000000e+00
3.056773056897554852e-09
0.000000000000000000e+00
0.000000000000000000e+00
4.009796938930776378e-09
8.821274377623922192e-09
0.000000000000000000e+00
9.783229870663490146e-08
6.800475915724746301e-08
0.000000000000000000e+00
4.072039594404941454e-09
0.000000000000000000e+00
0.000000000000000000e+00
0.000000000000000000e+00
0.000000000000000000e+00
3.102506411778449547e-07
0.000000000000000000e+00
0.000000000000000000e+00
0.000000000000000000e+00
8.293238984435902239e-09
0.000000000000000000e+00
0.000000000000000000e+00
8.780753013581943378e-09
4.787603646860816298e-09
4.524418339979519033e-10
1.719371844899342250e-08
3.882436061530825100e-08
1.610266906482138438e-07
4.647642626309789193e-08
1.310112907049187925e-08
3.657349054719816195e-07
3.426248156301880954e-07
1.089638512752344468e-08
4.124251873349749076e-08
1.061237412613991182e-06
6.510326944209055000e-09
6.863597263873089105e-07
4.856032091993256472e-07
2.537712362027377822e-06
0.000000000000000000e+00
0.000000000000000000e+00
3.295474826359168219e-08
0.000000000000000000e+00
0.000000000000000000e+00
2.550030785641865805e-06
0.000000000000000000e+00
1.750533442645973992e-07
1.666423726440213748e-12
1.714849872769264039e-06
2.055273853329708800e-06
8.273761977761751041e-07
1.927015880198723607e-08
7.888100839181788615e-09
2.611883189729269361e-07
1.614605025679338723e-06
0.000000000000000000e+00
6.247395933911548127e-09
0.000000000000000000e+00
4.235185429024568293e-07
2.241405212544123060e-07
7.101860433067486156e-07
3.265057841872476274e-07
4.286523136443065596e-09
4.339431995958875632e-07
3.350533575030567590e-07
1.013720929421424444e-08
1.238413034343466279e-07
1.973430308055412752e-08
0.000000000000000000e+00
0.000000000000000000e+00
1.136692944214701129e-07
0.000000000000000000e+00
1.453493880809730854e-09
5.288726967478396546e-08
1.242084746166938203e-08
6.093989668443100527e-07
1.800001655283267610e-06
0.000000000000000000e+00
4.328125839947460918e-07
5.552763804317351060e-10
0.000000000000000000e+00
1.062751930902550157e-08
0.000000000000000000e+00
0.000000000000000000e+00
1.623626921798404510e-08
0.000000000000000000e+00
0.000000000000000000e+00
0.000000000000000000e+00
0.000000000000000000e+00
0.000000000000000000e+00
1.560015006063508736e-09
2.208647131851648737e-08
0.000000000000000000e+00
0.000000000000000000e+00
0.000000000000000000e+00
0.000000000000000000e+00
1.605882440913752873e-11
4.823486392524500843e-07
1.308186181603332443e-08
0.000000000000000000e+00
0.000000000000000000e+00
0.000000000000000000e+00
0.000000000000000000e+00
2.184569636298760997e-09
6.454807355282810022e-09
0.000000000000000000e+00
1.058737780113006011e-06
3.882285160017318049e-09
0.000000000000000000e+00
2.821108069372968430e-10
3.471674059341012253e-10
2.943598143012593482e-10
3.136303161621611935e-10
1.487487963913736166e-07
0.000000000000000000e+00
0.000000000000000000e+00
2.809580346152529273e-09
4.321194957412899385e-09
0.000000000000000000e+00
2.763917428261208897e-10
3.110026902675144811e-09
4.923868535122721823e-10
0.000000000000000000e+00
0.000000000000000000e+00
0.000000000000000000e+00
0.000000000000000000e+00
3.570437501210221853e-09
0.000000000000000000e+00
0.000000000000000000e+00
0.000000000000000000e+00
5.366302957554580644e-08
9.100025594177552080e-11
2.210499849570474185e-13
2.406404853161348001e-09
8.474390633672612694e-10
0.000000000000000000e+00
5.660186763734031956e-10
2.060265513748049671e-09
0.000000000000000000e+00
0.000000000000000000e+00
0.000000000000000000e+00
0.000000000000000000e+00
0.000000000000000000e+00
0.000000000000000000e+00
7.787713585116762260e-09
0.000000000000000000e+00
9.733076566931231355e-09
0.000000000000000000e+00
0.000000000000000000e+00
9.320300087267696654e-10
0.000000000000000000e+00
8.508698745579579281e-10
0.000000000000000000e+00
4.424444810524619243e-09
0.000000000000000000e+00
7.072561647447628275e-09
0.000000000000000000e+00
0.000000000000000000e+00
5.662350796575843503e-12
0.000000000000000000e+00
0.000000000000000000e+00
0.000000000000000000e+00
1.139634608904316337e-08
5.587351026292708411e-09
0.000000000000000000e+00
0.000000000000000000e+00
0.000000000000000000e+00
0.000000000000000000e+00
1.251688058756528221e-10
5.631829935737187043e-08
9.427338198975121486e-08
1.999139875863420457e-08
0.000000000000000000e+00
0.000000000000000000e+00
5.371260840547620319e-07
2.221127275159329173e-11
1.741432598123537900e-08
3.727224964222841663e-07
3.173976438120007515e-06
5.931783775281473936e-08
1.208390472129394766e-06
1.354751617554939003e-07
9.669860467909074941e-09
1.202338673067515629e-09
0.000000000000000000e+00
2.541613497442085645e-08
8.661987571656482032e-09
0.000000000000000000e+00
0.000000000000000000e+00
2.663523179791127404e-09
1.589251064082475295e-09
1.391536130768145085e-07
3.188512279726773979e-13
8.025484277141003986e-08
2.553650801928597502e-07
1.152836944129376207e-06
9.351845520200186002e-09
0.000000000000000000e+00
0.000000000000000000e+00
0.000000000000000000e+00
1.162450047331731184e-07
0.000000000000000000e+00
6.639207583702955162e-08
3.077381904859066708e-07
4.957411192663130350e-08
0.000000000000000000e+00
2.075960992442560382e-06
0.000000000000000000e+00
1.665314499632586376e-07
0.000000000000000000e+00
0.000000000000000000e+00
0.000000000000000000e+00
4.976460786565439776e-06
5.617556197989870270e-09
0.000000000000000000e+00
0.000000000000000000e+00
0.000000000000000000e+00
0.000000000000000000e+00
0.000000000000000000e+00
0.000000000000000000e+00
0.000000000000000000e+00
0.000000000000000000e+00
0.000000000000000000e+00
0.000000000000000000e+00
0.000000000000000000e+00
0.000000000000000000e+00
0.000000000000000000e+00
0.000000000000000000e+00
0.000000000000000000e+00
0.000000000000000000e+00
0.000000000000000000e+00
0.000000000000000000e+00
0.000000000000000000e+00
0.000000000000000000e+00
0.000000000000000000e+00
0.000000000000000000e+00
0.000000000000000000e+00
0.000000000000000000e+00
0.000000000000000000e+00
0.000000000000000000e+00
0.000000000000000000e+00
1.089592083225454644e-09
4.855951196702790185e-09
0.000000000000000000e+00
0.000000000000000000e+00
0.000000000000000000e+00
0.000000000000000000e+00
6.226584048363292823e-08
0.000000000000000000e+00
0.000000000000000000e+00
0.000000000000000000e+00
0.000000000000000000e+00
0.000000000000000000e+00
0.000000000000000000e+00
0.000000000000000000e+00
1.412053904914500890e-07
0.000000000000000000e+00
0.000000000000000000e+00
0.000000000000000000e+00
9.967284597678371938e-08
0.000000000000000000e+00
0.000000000000000000e+00
2.102070600917826937e-11
0.000000000000000000e+00
5.115228796093163055e-10
0.000000000000000000e+00
0.000000000000000000e+00
4.209035786573167570e-09
1.785508274565472675e-08
0.000000000000000000e+00
1.035300792036168704e-13
0.000000000000000000e+00
0.000000000000000000e+00
0.000000000000000000e+00
3.268552539736901963e-09
0.000000000000000000e+00
0.000000000000000000e+00
0.000000000000000000e+00
0.000000000000000000e+00
0.000000000000000000e+00
0.000000000000000000e+00
1.764592298059142195e-06
0.000000000000000000e+00
0.000000000000000000e+00
0.000000000000000000e+00
0.000000000000000000e+00
0.000000000000000000e+00
0.000000000000000000e+00
1.068800870029917860e-08
0.000000000000000000e+00
0.000000000000000000e+00
0.000000000000000000e+00
0.000000000000000000e+00
1.168744390156462032e-08
3.346596055830985961e-10
3.508901613713533152e-09
7.554019987310311990e-08
5.604666508673972203e-09
0.000000000000000000e+00
0.000000000000000000e+00
7.232522358791015904e-10
0.000000000000000000e+00
0.000000000000000000e+00
1.828912354895351200e-09
8.455909039639664115e-08
5.621096366148492507e-10
8.325515068463573698e-07
4.254716579055184411e-09
9.628869435118758702e-08
1.040572783495008480e-06
0.000000000000000000e+00
1.237150740962533746e-06
0.000000000000000000e+00
2.558419396336830687e-07
8.816975594072573585e-08
4.275454656976762635e-08
6.750364178742529475e-08
1.684855427646746867e-14
9.821951607591472566e-08
2.430391532470821403e-07
3.032883455489354674e-07
1.916744452046259539e-07
6.929381513032240036e-09
1.318315128173708217e-07
5.709184733859729022e-06
2.321654051229415927e-07
7.316700134651910048e-09
3.798251047015810400e-09
8.992375200023161597e-08
0.000000000000000000e+00
0.000000000000000000e+00
9.486110741363518173e-08
3.099056122835008864e-09
0.000000000000000000e+00
6.953948972210355350e-09
0.000000000000000000e+00
8.021007857905715355e-09
0.000000000000000000e+00
0.000000000000000000e+00
0.000000000000000000e+00
0.000000000000000000e+00
8.624970737614034988e-10
1.493483225978309292e-09
0.000000000000000000e+00
2.827378109415690233e-09
9.405459877598332241e-08
0.000000000000000000e+00
0.000000000000000000e+00
9.642798559639231826e-09
9.370175035883221426e-08
1.299878094052075994e-09
2.882930116854254265e-09
0.000000000000000000e+00
1.285090611702344177e-08
1.708023944502201630e-09
8.265894080317082171e-10
6.631125160083684023e-08
2.641200467223825399e-07
4.199589009878934576e-10
0.000000000000000000e+00
1.792749230844492558e-06
4.144757781432417687e-08
0.000000000000000000e+00
0.000000000000000000e+00
0.000000000000000000e+00
2.136104768624136341e-07
6.109258876563217200e-09
0.000000000000000000e+00
0.000000000000000000e+00
0.000000000000000000e+00
1.529878723705024868e-10
6.296759380575167597e-08
2.782137409340634804e-09
2.051609326869652250e-09
7.941258317600841110e-09
1.584788265063252766e-06
2.511514480829646345e-07
2.241556273929745657e-08
7.213082131585224488e-09
7.722213091199137125e-09
2.180136107199359685e-06
4.048245472176859039e-08
1.000640509118966293e-06
1.896082864050185890e-07
1.870627897915255744e-06
1.414390453646774404e-07
0.000000000000000000e+00
1.207366762123740500e-09
6.343103264860872059e-10
9.455388294554722961e-07
4.798610007128445432e-07
1.136316943317616790e-10
8.523347219124843832e-07
2.238225107475955156e-07
2.825427998232044047e-07
1.097381456816037826e-07
1.940873204375748173e-07
1.835405441852344666e-06
3.724540453831082232e-09
2.697331922263401793e-07
1.751006521999443066e-07
9.650528154381277091e-10
1.818893792915332597e-06
4.083235580765176564e-07
6.149786457854133914e-09
6.659891749194457589e-09
4.786611995655221108e-09
2.182908298564711913e-09
1.340911950364898075e-07
0.000000000000000000e+00
0.000000000000000000e+00
3.139998057122284081e-07
3.155703325319336727e-07
0.000000000000000000e+00
0.000000000000000000e+00
1.867611558736825828e-06
2.429557071081944741e-07
2.921605641859059688e-07
9.472969964008370880e-09
0.000000000000000000e+00
7.716343475294706877e-08
0.000000000000000000e+00
0.000000000000000000e+00
0.000000000000000000e+00
2.724909853313306485e-09
0.000000000000000000e+00
2.062743789110754733e-07
0.000000000000000000e+00
0.000000000000000000e+00
0.000000000000000000e+00
0.000000000000000000e+00
8.111441379687889253e-11
0.000000000000000000e+00
0.000000000000000000e+00
0.000000000000000000e+00
0.000000000000000000e+00
0.000000000000000000e+00
2.308034874332065556e-09
9.897322073015857313e-09
9.040634019186200021e-09
0.000000000000000000e+00
8.915627347505505895e-09
0.000000000000000000e+00
0.000000000000000000e+00
0.000000000000000000e+00
0.000000000000000000e+00
0.000000000000000000e+00
0.000000000000000000e+00
0.000000000000000000e+00
0.000000000000000000e+00
0.000000000000000000e+00
0.000000000000000000e+00
0.000000000000000000e+00
0.000000000000000000e+00
0.000000000000000000e+00
0.000000000000000000e+00
0.000000000000000000e+00
6.082921277794639536e-09
1.221653778138431790e-09
0.000000000000000000e+00
0.000000000000000000e+00
6.641280414498851314e-09
0.000000000000000000e+00
0.000000000000000000e+00
0.000000000000000000e+00
0.000000000000000000e+00
0.000000000000000000e+00
0.000000000000000000e+00
0.000000000000000000e+00
0.000000000000000000e+00
0.000000000000000000e+00
5.374168221550235103e-09
4.788622476326054311e-08
0.000000000000000000e+00
0.000000000000000000e+00
0.000000000000000000e+00
0.000000000000000000e+00
0.000000000000000000e+00
0.000000000000000000e+00
0.000000000000000000e+00
0.000000000000000000e+00
1.404589000664202558e-09
0.000000000000000000e+00
3.349616806147537318e-09
0.000000000000000000e+00
0.000000000000000000e+00
1.925876347286248347e-09
0.000000000000000000e+00
7.101417622834560461e-07
5.342842612776621536e-09
2.361107590331812389e-06
1.365307644718427582e-09
5.690065307817349094e-09
1.754467717773877666e-07
8.031974196853752801e-09
0.000000000000000000e+00
0.000000000000000000e+00
9.988625606638379395e-07
0.000000000000000000e+00
1.562682094835565749e-09
0.000000000000000000e+00
3.066125686679299633e-10
8.326779821210550381e-10
1.111920555629808405e-09
7.749646258048414893e-09
4.261838512320537120e-06
0.000000000000000000e+00
0.000000000000000000e+00
0.000000000000000000e+00
0.000000000000000000e+00
0.000000000000000000e+00
1.102456224089110037e-07
0.000000000000000000e+00
4.781224027805563992e-11
2.131245224745725864e-08
0.000000000000000000e+00
3.355145494765565672e-08
1.836703376056902925e-07
3.634776479799484150e-09
8.902800914256658871e-07
1.661122794871516817e-08
3.779662804959116329e-09
6.091184445722319651e-07
3.317866514862544136e-08
9.200388895180822146e-09
1.478852595937496517e-07
0.000000000000000000e+00
4.829443582821113523e-07
2.122067371601588093e-06
3.051323194114274884e-09
8.368611474907083903e-07
8.717206512187658518e-09
1.099458813769160770e-06
0.000000000000000000e+00
2.687867484141293062e-09
1.289767737944202963e-06
1.956718733708839864e-07
1.705770245052917744e-07
1.089055217562417965e-06
1.457718639130689553e-07
0.000000000000000000e+00
3.377587631803180557e-07
5.644332077281433158e-07
1.680954575533633033e-08
1.211516718058192055e-07
0.000000000000000000e+00
6.064628905733115971e-07
5.467210939968936145e-06
1.850293251948187390e-08
5.762401997344568372e-06
6.270648889028507256e-09
1.001067317929482670e-08
0.000000000000000000e+00
9.852004723143181764e-07
8.359315462058702906e-10
1.270462121283344459e-06
1.023246113618370146e-06
0.000000000000000000e+00
0.000000000000000000e+00
9.396101319225635962e-08
2.877029503522976484e-09
5.697306093566112395e-08
1.264250748533868318e-08
0.000000000000000000e+00
0.000000000000000000e+00
1.812406082990491996e-07
0.000000000000000000e+00
0.000000000000000000e+00
8.885670865765860071e-09
1.405354510097822640e-06
0.000000000000000000e+00
0.000000000000000000e+00
9.798860673981835134e-07
0.000000000000000000e+00
0.000000000000000000e+00
0.000000000000000000e+00
0.000000000000000000e+00
0.000000000000000000e+00
1.922938110965333181e-07
0.000000000000000000e+00
9.226772235138014366e-09
0.000000000000000000e+00
0.000000000000000000e+00
0.000000000000000000e+00
3.360832279142300649e-09
1.112757330723468385e-09
0.000000000000000000e+00
0.000000000000000000e+00
2.523111106711439788e-07
0.000000000000000000e+00
7.531699708351879963e-09
1.097936959126855072e-07
1.843331154383065495e-09
0.000000000000000000e+00
0.000000000000000000e+00
4.632351036093496077e-08
5.766750987845625787e-08
0.000000000000000000e+00
1.140104677332942629e-09
0.000000000000000000e+00
0.000000000000000000e+00
0.000000000000000000e+00
0.000000000000000000e+00
2.384961589996237308e-06
0.000000000000000000e+00
0.000000000000000000e+00
0.000000000000000000e+00
1.818399431030570668e-09
2.893902319556218572e-06
0.000000000000000000e+00
1.098672472443773529e-10
7.051087713705328497e-09
2.150048805660276230e-09
3.849152392376709031e-07
6.490782911150461132e-11
3.647113771876320243e-06
6.321330570102645652e-09
2.916444419298613866e-09
0.000000000000000000e+00
1.587603115638103191e-08
1.364321633445797488e-07
1.963345084732281975e-06
4.533249295946006896e-07
2.202753979219096436e-09
1.254832568520214409e-06
0.000000000000000000e+00
4.975980573362903669e-06
0.000000000000000000e+00
0.000000000000000000e+00
1.889285705658494408e-08
5.994722300783905666e-07
8.913864091297796222e-10
0.000000000000000000e+00
3.239290435885777697e-07
9.119933679357927758e-07
0.000000000000000000e+00
1.629155264026849181e-07
0.000000000000000000e+00
2.407576573659753194e-07
1.816803546716982964e-06
1.867253907050780981e-08
5.165175664956223045e-08
0.000000000000000000e+00
0.000000000000000000e+00
3.028027606433170149e-09
0.000000000000000000e+00
5.720300464417960029e-07
6.660973550509652341e-09
0.000000000000000000e+00
0.000000000000000000e+00
2.065724258315526640e-09
0.000000000000000000e+00
1.397877924524948412e-09
1.694217246495099971e-07
2.698022569802560611e-07
0.000000000000000000e+00
7.265966051051009345e-09
1.028105334199835852e-08
0.000000000000000000e+00
6.655964739366027061e-07
2.506536977975315494e-09
3.772500090093444669e-09
3.407502724428468355e-09
1.427355922345441286e-08
0.000000000000000000e+00
0.000000000000000000e+00
0.000000000000000000e+00
0.000000000000000000e+00
0.000000000000000000e+00
0.000000000000000000e+00
0.000000000000000000e+00
1.288148254730003828e-09
0.000000000000000000e+00
0.000000000000000000e+00
0.000000000000000000e+00
0.000000000000000000e+00
0.000000000000000000e+00
0.000000000000000000e+00
2.425342948697561951e-08
0.000000000000000000e+00
0.000000000000000000e+00
0.000000000000000000e+00
0.000000000000000000e+00
0.000000000000000000e+00
0.000000000000000000e+00
0.000000000000000000e+00
0.000000000000000000e+00
8.540502527409898903e-09
5.263993685389323218e-09
0.000000000000000000e+00
0.000000000000000000e+00
0.000000000000000000e+00
4.272067422039782514e-10
8.075733859413958271e-09
1.918214593388256617e-06
6.221896331481957532e-10
6.952689091122010723e-08
2.998865600289946087e-09
7.558278447561406210e-10
0.000000000000000000e+00
5.708881900545748067e-08
5.285477300276397727e-07
0.000000000000000000e+00
2.461590931090995582e-09
3.507212795739178546e-07
2.908628449205252764e-09
0.000000000000000000e+00
0.000000000000000000e+00
2.815417232682193571e-09
0.000000000000000000e+00
0.000000000000000000e+00
0.000000000000000000e+00
4.979130441284951303e-09
0.000000000000000000e+00
2.729360515374423812e-09
0.000000000000000000e+00
0.000000000000000000e+00
5.425687454874150717e-09
0.000000000000000000e+00
6.113261008522385964e-08
3.386799107829574496e-08
8.846487986602369347e-09
4.597148119955818402e-07
3.887646471412153915e-08
2.568826857896056026e-07
1.510899960699418898e-09
1.485528505762445661e-10
1.487168077574096969e-07
4.819395144295413047e-06
3.944078343920409679e-06
1.975915182583776186e-07
5.974448713530478017e-11
4.358455818476159038e-09
1.199519346073429915e-07
0.000000000000000000e+00
1.212944322759312854e-08
3.806387667282251641e-07
4.486047089358180529e-10
2.949629447357438039e-07
5.769411473011132330e-07
5.499341000358981546e-07
1.727453081912244670e-06
1.601386969696250162e-07
2.305065294194719172e-08
7.015182656999741084e-09
7.522135661020001862e-07
1.182756914630544998e-08
2.164934898019055254e-08
2.164867218823474104e-08
3.005237942943495000e-07
0.000000000000000000e+00
2.278798660881875549e-07
2.128526865874391660e-08
2.726654457774202456e-09
3.974709006371313080e-09
0.000000000000000000e+00
1.088251977421350603e-08
1.778610858593765442e-08
0.000000000000000000e+00
2.632407181124563067e-08
1.986145292676155805e-08
1.649752667809423201e-09
0.000000000000000000e+00
1.411389116690031642e-09
0.000000000000000000e+00
0.000000000000000000e+00
0.000000000000000000e+00
1.098782831832068041e-06
0.000000000000000000e+00
4.256405450320244199e-09
0.000000000000000000e+00
0.000000000000000000e+00
0.000000000000000000e+00
0.000000000000000000e+00
0.000000000000000000e+00
0.000000000000000000e+00
0.000000000000000000e+00
0.000000000000000000e+00
1.960211326590410863e-09
7.668412571604221739e-09
0.000000000000000000e+00
0.000000000000000000e+00
0.000000000000000000e+00
1.154386897184167537e-08
6.185808310021911893e-09
1.293314255690347636e-08
1.705147023578490462e-09
1.654548924534537946e-07
2.645977603688010049e-10
1.233458890581573542e-09
0.000000000000000000e+00
0.000000000000000000e+00
0.000000000000000000e+00
3.834354979793258567e-13
5.441075359158276115e-07
0.000000000000000000e+00
0.000000000000000000e+00
0.000000000000000000e+00
0.000000000000000000e+00
0.000000000000000000e+00
0.000000000000000000e+00
0.000000000000000000e+00
0.000000000000000000e+00
1.766455037799374850e-10
6.621014403407343707e-09
6.556188480999480817e-09
8.761435132953465654e-09
4.284384047537059814e-08
4.490734450968147939e-09
5.158591775966669957e-09
5.349078492145054042e-06
9.791303767769932165e-08
1.680620620447825786e-08
1.372806309518637136e-06
3.813775251160222979e-08
0.000000000000000000e+00
4.662229002860840410e-07
4.722245350308185152e-08
1.095982725018984638e-06
1.169998199657129589e-06
7.384837203971983399e-07
3.286261005541746272e-07
3.419809786464611534e-07
1.299562200074433349e-07
4.832007221011735965e-07
6.681835529320778733e-09
2.717673623919836245e-06
1.087083845163760998e-07
6.416670572662042105e-08
0.000000000000000000e+00
2.693096412542672624e-09
4.217189143673749641e-06
2.940363508230348089e-08
3.623510824724007762e-09
3.475685389275895432e-06
6.196579249717615312e-08
7.600172047261821717e-09
1.151622370798577322e-07
0.000000000000000000e+00
0.000000000000000000e+00
0.000000000000000000e+00
0.000000000000000000e+00
0.000000000000000000e+00
0.000000000000000000e+00
0.000000000000000000e+00
0.000000000000000000e+00
0.000000000000000000e+00
0.000000000000000000e+00
0.000000000000000000e+00
2.375767991225075093e-07
0.000000000000000000e+00
0.000000000000000000e+00
2.747837291039445518e-09
0.000000000000000000e+00
0.000000000000000000e+00
0.000000000000000000e+00
0.000000000000000000e+00
0.000000000000000000e+00
0.000000000000000000e+00
0.000000000000000000e+00
0.000000000000000000e+00
0.000000000000000000e+00
0.000000000000000000e+00
2.936063170366765007e-09
0.000000000000000000e+00
0.000000000000000000e+00
4.177847401365397673e-09
4.305067875520762755e-07
1.070435473593533970e-06
6.676323209831025451e-07
1.281001345887489151e-06
5.970448910375125706e-06
3.223896385406987974e-07
6.765769455796544207e-08
1.542709604507308541e-08
1.266514804143525907e-08
1.450801589975014849e-09
3.587588253139983863e-07
3.920890279118793842e-08
4.951117489326861687e-07
0.000000000000000000e+00
0.000000000000000000e+00
1.015803530179937297e-08
2.243639301013899967e-07
1.113959697818245331e-07
1.062880783386788153e-09
3.029208073712652549e-06
9.150892266163168642e-10
8.120728125504683703e-07
8.655220540276786778e-08
1.255026518265367486e-07
3.871238618557981681e-07
0.000000000000000000e+00
1.317392639421655076e-09
0.000000000000000000e+00
6.054161172386329781e-09
2.375473862059607200e-08
4.317848478763153253e-08
1.030845965033222456e-06
2.346693150911960402e-08
2.140095375580131076e-06
2.300788992215530016e-06
4.968759181878112940e-09
1.317071962603222346e-07
3.820984154079276607e-11
3.135610882054606918e-08
0.000000000000000000e+00
9.488773144994411268e-08
2.728611150359938620e-07
4.161389824730576947e-06
1.128855453558230693e-09
9.709226755916233742e-10
6.912597161345956920e-09
0.000000000000000000e+00
0.000000000000000000e+00
3.626448830118533806e-08
3.884451094116059267e-11
0.000000000000000000e+00
9.897336283870572515e-09
1.555631734539986155e-10
0.000000000000000000e+00
1.704287342363386415e-07
5.224887900112662464e-07
4.957520900461531710e-07
9.903175168801681139e-07
8.170424621312122326e-07
6.889543442412104923e-07
9.665878906162106432e-07
5.359647730074357241e-07
1.006466504804848228e-06
4.826522399525856599e-07
7.623715987392643001e-07
3.845220533094106941e-07
1.463032219817250734e-07
1.590322426636703312e-06
3.181611224478686495e-12
0.000000000000000000e+00
1.064446863985324399e-09
0.000000000000000000e+00
2.663500309196820126e-09
0.000000000000000000e+00
5.585881979186524404e-08
0.000000000000000000e+00
2.629003503784588247e-08
3.307751796910451958e-07
0.000000000000000000e+00
7.068671819751570773e-13
0.000000000000000000e+00
0.000000000000000000e+00
0.000000000000000000e+00
0.000000000000000000e+00
1.568089302850239619e-08
3.545859215137170395e-07
1.373986037833674345e-06
9.041162957190707061e-11
3.574477887013927102e-07
0.000000000000000000e+00
0.000000000000000000e+00
6.279449848989315797e-09
8.685601642355322838e-07
1.064134096395719098e-07
0.000000000000000000e+00
7.349383879251547569e-10
0.000000000000000000e+00
7.268813884131475334e-10
4.200869625492487103e-07
7.561972665826033335e-07
1.312618422844025190e-07
1.457002667848428246e-06
7.864362032705685124e-07
3.131213475171534810e-07
1.365794560115318745e-06
2.379310330979933497e-07
1.016429749256531068e-07
0.000000000000000000e+00
1.348053615402022842e-07
8.043924637490817986e-09
1.117634951697255019e-06
1.363379595886726747e-07
6.885625793984218035e-07
3.736230169693044445e-08
1.100765871342446189e-06
6.546542294927348848e-07
6.037650109647074714e-06
1.878315600833957433e-07
8.241838855838068412e-08
1.398440304001269396e-06
4.526827268591659958e-08
7.915793958090944216e-07
5.475697548718017060e-07
4.440288581264439927e-09
3.651185124908806756e-06
6.333325472951401025e-07
5.035980313317089951e-11
0.000000000000000000e+00
2.119625605701003224e-06
5.706986030418192968e-07
8.003618177099269815e-07
1.920618686312991485e-08
9.025146937347017229e-06
4.498041761280546780e-08
7.226444331820403022e-09
9.153592883670569336e-10
6.619205183966414552e-09
5.096666200188337825e-09
9.133539151662262157e-07
5.839793175255181268e-06
4.238577044901603585e-09
9.022600124808377586e-07
9.970190149033442140e-07
1.428774343281702386e-08
3.404715926080825739e-06
0.000000000000000000e+00
2.163259438248132938e-07
0.000000000000000000e+00
2.625427839575422695e-07
1.236841598029059242e-07
5.145102477399632335e-08
0.000000000000000000e+00
2.066872228922989052e-10
1.346272515689861393e-08
6.742311597918160260e-07
4.643775586288256818e-09
3.632352640892122508e-09
2.433449708405532874e-07
1.687128659000336484e-08
0.000000000000000000e+00
4.009771146229468286e-07
1.234822200046892249e-08
9.407541256223339587e-06
1.527776134935265873e-06
1.666475668571365532e-07
7.258593281989078605e-09
2.207674896226308192e-07
5.210835141156167083e-08
1.391463277933269183e-09
4.591495894601393957e-07
5.775906863902946498e-09
0.000000000000000000e+00
5.251869879430159926e-06
1.575908754603005946e-07
9.436058121536916588e-07
8.550785679517503013e-08
4.432665150488901418e-07
0.000000000000000000e+00
2.220882379333488643e-06
6.758597154155054909e-11
8.690628305885184091e-08
2.299205164035811322e-07
9.903213822326506488e-07
2.275196720802341588e-06
2.661359133071528049e-08
0.000000000000000000e+00
1.915555714049332892e-09
5.524117696609209816e-08
2.443101493679322722e-12
1.204155921641358873e-07
0.000000000000000000e+00
0.000000000000000000e+00
6.517933570648892783e-08
9.076857168111018836e-07
0.000000000000000000e+00
0.000000000000000000e+00
5.461867846889845168e-09
1.336118327088797741e-09
2.303210600018701371e-08
2.513750763100119912e-09
3.285570983280194923e-06
0.000000000000000000e+00
4.094078462912875693e-07
3.363665682792893463e-12
0.000000000000000000e+00
0.000000000000000000e+00
8.275837792837137386e-09
7.487546582751747337e-09
6.842188593481068892e-09
0.000000000000000000e+00
0.000000000000000000e+00
0.000000000000000000e+00
1.111221479277446633e-07
4.223841756356705446e-07
1.795307440488613793e-07
1.670325815439355210e-07
1.302421920312824000e-10
9.029567991092335433e-07
4.424175159556398285e-08
3.432492121646646410e-07
0.000000000000000000e+00
1.544392702612640278e-08
2.713226976425175963e-09
8.755594649301201571e-07
0.000000000000000000e+00
5.373861355906228710e-09
3.797064437094377354e-06
8.251457757069147192e-07
2.385078914812766016e-06
5.973030958728031692e-10
3.599611630988874822e-08
1.358708573206968140e-06
3.564229302810417721e-07
0.000000000000000000e+00
8.323839040258462774e-08
1.190346576862566508e-08
1.751914879832838778e-07
2.219278769644006388e-07
2.500581075537411380e-09
9.161819747305344208e-09
2.767266323644435033e-06
1.178112256638996769e-07
1.434108980902237818e-06
6.292065108937094919e-07
0.000000000000000000e+00
0.000000000000000000e+00
0.000000000000000000e+00
1.355432033278702875e-07
0.000000000000000000e+00
9.241297505013790214e-09
0.000000000000000000e+00
0.000000000000000000e+00
6.458460575231583789e-07
9.399554983247071505e-07
2.310276556727330899e-07
6.412808062350450200e-09
0.000000000000000000e+00
2.837161172664082187e-09
0.000000000000000000e+00
0.000000000000000000e+00
1.482769373950532099e-08
4.446075507757996093e-09
0.000000000000000000e+00
0.000000000000000000e+00
0.000000000000000000e+00
0.000000000000000000e+00
3.924844060865240181e-10
3.716687615451519378e-07
1.126620485791818282e-08
0.000000000000000000e+00
5.894956967011921734e-09
0.000000000000000000e+00
2.830722905855509453e-06
8.548620478165958048e-09
0.000000000000000000e+00
3.304285769445414189e-07
1.185120268587525061e-08
2.313333652637084015e-06
2.704736346004210645e-07
7.403837685160397086e-07
1.278506687185654300e-07
0.000000000000000000e+00
6.393223657141788863e-07
7.094869260981795378e-07
1.267174454255837190e-08
5.872955455288320081e-08
6.135585977062874008e-07
6.268208494475402404e-07
1.083344685071097047e-07
2.660030773427024542e-08
0.000000000000000000e+00
3.160306789595779264e-07
1.497006337558559608e-06
5.961523470432439353e-07
5.504057298821862787e-07
1.244709437742130831e-06
7.427967685380565399e-10
7.681393299208139069e-07
5.538361165235983208e-07
1.185262476610660087e-06
0.000000000000000000e+00
4.191889217963762349e-07
0.000000000000000000e+00
0.000000000000000000e+00
0.000000000000000000e+00
7.631851985934190452e-07
0.000000000000000000e+00
8.082032628862687029e-15
5.240958671492990106e-07
0.000000000000000000e+00
0.000000000000000000e+00
3.912847268416896895e-10
0.000000000000000000e+00
3.350592336914814950e-08
2.273697852217537729e-08
1.183051256958833619e-08
0.000000000000000000e+00
2.222343908897528308e-08
2.438144974803435616e-07
0.000000000000000000e+00
1.964680862442946818e-09
3.758823652333376231e-07
1.591456855187800556e-09
0.000000000000000000e+00
0.000000000000000000e+00
1.826849569397381856e-07
0.000000000000000000e+00
5.117136492316376462e-09
0.000000000000000000e+00
2.535169185691188432e-09
9.047564475395120098e-09
1.143306121775822248e-06
3.997135991085087880e-06
0.000000000000000000e+00
1.750537848010935704e-07
0.000000000000000000e+00
2.129958573959811474e-07
0.000000000000000000e+00
1.387580397249621456e-07
1.592329317645635456e-05
1.337453454652859364e-07
4.096120331809061099e-09
2.704287567212304566e-07
5.966862204331846442e-08
5.855169433743867557e-07
2.134499936801148579e-07
0.000000000000000000e+00
0.000000000000000000e+00
1.616253598513139877e-06
6.943248109791966272e-08
1.831404347285570111e-06
2.273602035529620480e-07
7.286889740498736501e-07
3.472259368919594635e-09
3.960712508833952317e-13
4.939790869684657082e-07
2.706754820280821150e-09
1.322325582364669572e-09
4.847442003352853135e-09
0.000000000000000000e+00
1.081072661945903235e-10
1.483570315485849278e-07
2.129253928728758183e-08
1.040234565152786672e-07
0.000000000000000000e+00
6.794202089821510526e-09
2.471048219376825728e-07
9.618079133133505820e-08
1.551675232747129485e-08
0.000000000000000000e+00
0.000000000000000000e+00
0.000000000000000000e+00
2.577942836978763808e-08
1.255245081210887292e-07
4.327336267095915900e-09
0.000000000000000000e+00
8.090717074082931504e-08
2.677942575246561319e-06
4.001884974513814086e-07
1.652610315261426877e-08
1.024154183681957875e-08
1.534829596749887060e-09
1.260057197471908808e-10
7.681334734943590092e-11
2.349513250621271254e-09
3.158240247103094589e-07
3.857379837768348807e-08
0.000000000000000000e+00
2.174383162412141246e-08
5.286519222380547944e-09
4.259400832040682872e-09
1.087641066987998784e-06
3.905805012749397065e-09
2.613105998250375706e-08
1.938054339234440704e-07
9.998558425650116988e-08
0.000000000000000000e+00
0.000000000000000000e+00
1.701501717299436223e-10
3.001505888278188650e-07
6.254874547993727329e-13
6.810209729479765883e-09
6.633253946120021283e-09
6.169814810164098162e-07
0.000000000000000000e+00
1.677223053775378503e-06
5.009479053796894732e-09
0.000000000000000000e+00
3.104712789081531810e-07
2.038586011110510299e-08
0.000000000000000000e+00
1.263145350094418973e-06
5.470683461794578761e-08
6.406025931937620044e-09
5.627447841050070565e-09
3.525892910971606398e-09
0.000000000000000000e+00
7.148130976020183880e-07
0.000000000000000000e+00
0.000000000000000000e+00
2.154741878257482313e-07
0.000000000000000000e+00
0.000000000000000000e+00
0.000000000000000000e+00
2.133683452143486647e-09
2.591713732513767354e-09
1.240179699379950762e-06
0.000000000000000000e+00
0.000000000000000000e+00
0.000000000000000000e+00
5.054937357584776692e-09
4.715364099183716462e-09
0.000000000000000000e+00
5.970350325235074251e-10
0.000000000000000000e+00
0.000000000000000000e+00
0.000000000000000000e+00
0.000000000000000000e+00
8.297723184114147443e-07
8.537825557652922726e-09
0.000000000000000000e+00
1.374299927192623727e-07
1.705705727772510727e-07
9.476798936702834908e-07
5.333807706620063982e-08
8.591173923377937172e-07
0.000000000000000000e+00
1.379592163175402675e-06
0.000000000000000000e+00
1.436726734027615748e-06
4.077536919222524148e-11
3.523704492636170471e-07
7.691003247600747272e-07
6.279622652982652653e-07
3.550913447725179140e-07
4.188912683389389713e-08
1.537707561283241375e-07
1.700441174534716993e-07
2.143961665979077225e-07
1.544835140521172434e-05
2.771144522739632521e-07
1.034431193147611339e-06
4.343002729001455009e-06
8.668498594488482922e-07
9.593778713679057546e-07
5.275574608276656363e-07
5.069340431873570196e-07
1.729946319528608001e-08
4.925293506374828212e-10
4.855550184146295578e-09
4.480089614844473545e-07
5.867137331527771948e-10
0.000000000000000000e+00
1.969049590044846809e-09
1.905182642758518341e-07
0.000000000000000000e+00
0.000000000000000000e+00
2.848353553019933315e-09
2.392597480138647370e-07
0.000000000000000000e+00
1.226688439714962442e-08
9.754339558298852353e-09
2.792040731947054155e-08
0.000000000000000000e+00
8.868528134087227954e-10
0.000000000000000000e+00
0.000000000000000000e+00
0.000000000000000000e+00
1.999966858790003243e-09
3.497130640628398623e-10
0.000000000000000000e+00
6.514843331473230137e-09
8.259521955267246085e-09
2.475630935805384070e-07
1.204180311020763838e-09
0.000000000000000000e+00
0.000000000000000000e+00
0.000000000000000000e+00
3.981172613798378279e-10
0.000000000000000000e+00
0.000000000000000000e+00
7.800827539483634609e-09
1.695988904870660008e-09
1.235983121405936913e-10
1.464583654353646125e-08
1.279275011256686412e-06
3.200836484751334865e-09
1.156596418638855539e-08
0.000000000000000000e+00
8.733098866287036799e-07
3.501671522188054553e-11
9.787915189463092247e-08
1.692049409030005336e-06
1.618426459515376337e-08
4.104468871446442790e-07
1.393685522543819388e-07
5.661989348482165951e-07
0.000000000000000000e+00
0.000000000000000000e+00
0.000000000000000000e+00
4.762788989864930045e-07
1.857188514087226849e-09
5.722834650612185214e-09
1.976492747246538784e-09
9.264377709428117669e-09
0.000000000000000000e+00
2.747775118550066509e-09
0.000000000000000000e+00
0.000000000000000000e+00
0.000000000000000000e+00
3.020781180751441752e-09
0.000000000000000000e+00
0.000000000000000000e+00
4.124815120576386107e-07
0.000000000000000000e+00
0.000000000000000000e+00
0.000000000000000000e+00
6.587047530690059993e-13
0.000000000000000000e+00
6.208145464370318223e-08
7.489447284569905605e-08
0.000000000000000000e+00
8.303474352544526482e-09
0.000000000000000000e+00
1.700394602899280017e-09
2.190076884289737791e-06
0.000000000000000000e+00
0.000000000000000000e+00
7.955883063459623372e-09
1.331283101535518654e-06
0.000000000000000000e+00
0.000000000000000000e+00
3.827974381920284941e-09
1.291823537030722946e-06
5.390054269582833513e-08
7.608261398672766518e-07
2.091909294676952413e-07
8.212878697122505400e-07
0.000000000000000000e+00
8.964353526152990526e-08
2.572645385612304381e-08
4.148386167912576639e-08
1.620677721803076565e-06
5.914970984122192021e-07
2.009155934956652345e-07
7.792255587446561549e-07
7.782064699313195888e-07
2.190148734371177852e-06
1.224209882771942759e-11
1.445094852670081309e-07
0.000000000000000000e+00
5.360855759306559776e-09
1.310412613975131535e-07
9.599080641464752262e-09
6.823207172601541970e-07
5.653077450595844766e-10
1.895577099730871851e-07
0.000000000000000000e+00
4.419145049894268595e-09
1.309997574826249345e-12
0.000000000000000000e+00
1.287285490876588501e-12
0.000000000000000000e+00
2.199902382926666178e-06
7.044319690280645418e-14
2.416264521798439091e-09
8.854821231807363802e-08
8.630742343029851327e-09
0.000000000000000000e+00
4.877768855493513911e-09
0.000000000000000000e+00
0.000000000000000000e+00
1.025867835124927296e-08
2.546456912000394368e-08
2.562347560797206825e-07
8.216380109615784022e-08
0.000000000000000000e+00
9.652827426265275790e-10
5.350483078814249893e-08
0.000000000000000000e+00
1.607495292432759015e-08
8.087817150226328522e-06
5.210033293678861810e-08
4.338935877257199536e-09
8.143118748193955980e-07
2.926551871951232897e-07
0.000000000000000000e+00
0.000000000000000000e+00
1.182611413241829723e-06
5.041811412809238391e-09
2.596423769318789709e-07
9.897462405206169933e-08
4.621193170351034496e-07
8.042146115716519716e-11
4.458235025595058687e-07
1.033555122376128566e-06
2.397146126043026015e-08
1.535237856842286419e-07
3.276565241350226643e-09
1.306452168670091396e-10
6.737943749612895772e-07
0.000000000000000000e+00
3.252682745369384065e-06
0.000000000000000000e+00
0.000000000000000000e+00
3.499040417409560177e-07
0.000000000000000000e+00
1.246085190587109537e-08
2.785282049444504082e-07
0.000000000000000000e+00
0.000000000000000000e+00
0.000000000000000000e+00
0.000000000000000000e+00
0.000000000000000000e+00
5.420754511931136221e-09
6.832586336713575292e-07
2.782123864619734377e-09
6.584668366116375182e-09
2.617551286832053847e-09
4.867955993859141017e-08
4.228526790939213242e-07
0.000000000000000000e+00
7.648246480584930396e-09
0.000000000000000000e+00
2.833898236076493049e-07
8.564856379678076337e-09
0.000000000000000000e+00
1.939979954457271560e-09
0.000000000000000000e+00
4.535119391135822298e-09
0.000000000000000000e+00
1.842644564931106288e-06
1.657742814131779596e-07
8.583174726517484032e-10
2.005796417847705015e-08
2.858524250637373143e-10
1.621094404546941092e-11
0.000000000000000000e+00
3.627959932472890614e-09
1.648750441729518457e-10
0.000000000000000000e+00
0.000000000000000000e+00
0.000000000000000000e+00
1.222798715616590925e-07
7.459482276317430660e-07
8.724825306671846192e-09
0.000000000000000000e+00
8.216412439310261107e-09
1.760599133149298723e-08
6.202085387485567480e-07
7.700911055508186109e-07
2.237582030772955477e-08
3.453370212014306162e-08
5.352605398911691736e-07
0.000000000000000000e+00
1.554456844132801052e-06
4.791621108779509086e-07
2.631490580995432538e-09
3.069261067523143538e-09
0.000000000000000000e+00
3.586474406347406330e-07
7.117457734295840055e-09
1.285598614231275860e-06
9.630342745481357269e-09
3.731284725638772670e-10
8.770889792231173487e-08
2.863816683795761264e-10
1.116315957006008830e-06
1.793470545408126782e-07
1.932102122736978345e-07
9.574279147273045965e-07
1.636234897572919067e-10
2.176799966946418863e-07
0.000000000000000000e+00
0.000000000000000000e+00
0.000000000000000000e+00
0.000000000000000000e+00
3.439981188790852684e-09
2.141178123693521229e-09
2.905929663565842702e-10
0.000000000000000000e+00
0.000000000000000000e+00
0.000000000000000000e+00
0.000000000000000000e+00
0.000000000000000000e+00
1.323385734330884134e-09
0.000000000000000000e+00
4.991194568759738104e-09
8.591337419261435571e-09
3.906753136106999591e-06
2.982133151530064197e-10
1.806751697586150840e-06
0.000000000000000000e+00
0.000000000000000000e+00
4.757640503783022723e-09
4.119949104097742065e-10
0.000000000000000000e+00
4.397368247310851075e-09
5.646126233216364199e-09
1.260790895685204305e-06
0.000000000000000000e+00
0.000000000000000000e+00
0.000000000000000000e+00
2.842350799170390019e-10
9.636431208548401628e-09
5.354771737131613918e-09
0.000000000000000000e+00
5.791358859141837456e-08
0.000000000000000000e+00
0.000000000000000000e+00
0.000000000000000000e+00
0.000000000000000000e+00
0.000000000000000000e+00
0.000000000000000000e+00
0.000000000000000000e+00
0.000000000000000000e+00
6.262379059762679390e-09
3.716879973580944352e-06
2.411084842890431901e-08
3.107933022050701766e-09
0.000000000000000000e+00
5.492516511051981354e-11
0.000000000000000000e+00
3.457624742075893209e-10
5.713518476113677025e-07
7.577886235177189178e-11
4.375376150278498244e-08
2.868690174295807083e-09
4.231386441233553342e-08
1.541285570283434936e-07
1.909295915814013256e-10
4.807264808448508120e-09
3.446258745043451199e-07
9.986670157502430811e-09
1.177015036546436022e-07
1.322217570987049839e-07
4.103072015482212009e-08
1.655972026171070866e-10
3.675047466344949498e-08
4.987973589720695600e-09
0.000000000000000000e+00
1.693081008724561798e-09
1.879011052655088498e-12
1.510847710051166359e-06
0.000000000000000000e+00
0.000000000000000000e+00
0.000000000000000000e+00
5.051877138839699910e-09
6.474953018198448262e-09
0.000000000000000000e+00
8.169924292644736852e-09
6.710267257403756958e-07
3.976622364731952075e-10
0.000000000000000000e+00
0.000000000000000000e+00
0.000000000000000000e+00
0.000000000000000000e+00
0.000000000000000000e+00
9.658569055659427249e-09
0.000000000000000000e+00
0.000000000000000000e+00
0.000000000000000000e+00
0.000000000000000000e+00
0.000000000000000000e+00
0.000000000000000000e+00
0.000000000000000000e+00
0.000000000000000000e+00
3.891038602432672633e-09
4.376895734736763188e-09
0.000000000000000000e+00
3.006188720178215590e-08
6.386890571974390696e-09
0.000000000000000000e+00
8.138691498515981948e-08
6.134603935947779974e-09
0.000000000000000000e+00
0.000000000000000000e+00
5.544358305797913999e-09
3.789029090484064000e-10
3.234062351253896850e-09
1.044852240283944411e-07
1.800048110567331605e-08
4.906812733906917856e-09
1.199597665646479072e-08
4.296417088767157111e-08
0.000000000000000000e+00
1.983754884804511676e-07
4.784606133512170345e-08
1.853216531344514806e-07
1.785830261447074463e-09
6.947128650125478089e-09
3.024889672076369607e-09
2.632374389577307738e-07
2.664500016180681996e-07
3.512640622815865754e-09
9.491342156664472895e-10
3.294286088362241571e-08
3.115645483831031015e-07
2.331223214468991500e-07
1.150375883440801772e-08
4.034107092820704565e-08
2.241169916317176103e-08
0.000000000000000000e+00
7.127730583533775643e-08
2.660420648226136109e-07
2.867584498744690791e-07
0.000000000000000000e+00
1.078358806694268424e-07
5.690520765710971318e-07
1.631447615890735392e-10
3.490429278940609947e-08
9.031730363595613653e-10
9.535617806477603153e-08
4.369164585682483448e-09
0.000000000000000000e+00
4.411879472865365415e-10
0.000000000000000000e+00
0.000000000000000000e+00
1.991946385615506188e-09
0.000000000000000000e+00
6.317606437988843027e-10
4.740070380648830906e-07
8.241482163384716841e-09
0.000000000000000000e+00
0.000000000000000000e+00
0.000000000000000000e+00
1.045140606947825290e-06
3.709628515480289934e-08
0.000000000000000000e+00
3.544113891251754467e-10
0.000000000000000000e+00
0.000000000000000000e+00
6.257453222247022495e-09
6.193352254657558120e-12
0.000000000000000000e+00
2.150722655525072469e-10
0.000000000000000000e+00
0.000000000000000000e+00
1.005419858479683626e-09
5.346016337948178432e-11
0.000000000000000000e+00
7.129163037689068005e-09
4.866864290048455999e-12
3.221830979782680515e-08
0.000000000000000000e+00
0.000000000000000000e+00
7.033170490444717871e-09
0.000000000000000000e+00
7.812359399395063519e-07
2.820511824097593490e-08
6.640696597060014028e-07
4.035852096961889401e-09
2.187601433334407375e-09
1.090123213920435319e-09
9.380002552461519372e-09
2.437496391394233797e-07
2.412388312222901732e-06
2.201369975196598716e-09
0.000000000000000000e+00
0.000000000000000000e+00
0.000000000000000000e+00
0.000000000000000000e+00
0.000000000000000000e+00
2.163777480745920911e-06
5.822108306574591552e-08
8.421798813884606716e-10
0.000000000000000000e+00
1.196252608082204461e-08
2.603382398547182675e-09
1.908287750040926767e-09
0.000000000000000000e+00
0.000000000000000000e+00
1.237325363945274148e-06
5.038431893922279414e-09
2.519556785429699630e-10
0.000000000000000000e+00
5.227867028168020624e-09
2.827721914400171954e-07
1.413837225072711590e-07
1.823113926491259917e-08
1.531399718146531086e-08
1.677471459515800234e-07
2.246566488395274064e-08
3.144780009733949555e-07
0.000000000000000000e+00
9.631702546641918161e-09
1.183571953333739657e-06
0.000000000000000000e+00
0.000000000000000000e+00
4.821749044481293822e-08
0.000000000000000000e+00
0.000000000000000000e+00
1.393756487999553428e-08
8.691907169122714549e-06
2.919516717270198569e-08
0.000000000000000000e+00
0.000000000000000000e+00
0.000000000000000000e+00
0.000000000000000000e+00
6.197756086123717978e-09
0.000000000000000000e+00
1.074744182538722725e-09
2.917090735632399401e-10
0.000000000000000000e+00
0.000000000000000000e+00
0.000000000000000000e+00
5.318442131141409845e-09
0.000000000000000000e+00
0.000000000000000000e+00
3.872097309454147762e-09
2.311298930024463516e-09
0.000000000000000000e+00
0.000000000000000000e+00
0.000000000000000000e+00
2.123226465755578829e-07
7.842658078516251408e-07
9.802073464015848003e-08
1.073027249276492512e-07
1.829610937420511618e-06
0.000000000000000000e+00
0.000000000000000000e+00
1.679425878364781966e-07
0.000000000000000000e+00
9.166201380139682442e-07
1.569119487121461987e-11
0.000000000000000000e+00
6.023330570209192714e-14
5.198553481022827327e-07
0.000000000000000000e+00
8.740929757777848863e-09
4.706101037754706340e-07
0.000000000000000000e+00
5.314174700288276654e-07
0.000000000000000000e+00
3.375675294847724217e-09
0.000000000000000000e+00
2.117194863870963673e-09
0.000000000000000000e+00
2.886558353454304893e-11
0.000000000000000000e+00
0.000000000000000000e+00
0.000000000000000000e+00
3.209625901945400983e-06
7.761872780065459665e-07
0.000000000000000000e+00
5.158253379988764209e-09
1.441295638393569334e-09
3.773391821226823595e-09
5.239849443228195014e-09
8.981976051813944650e-09
0.000000000000000000e+00
0.000000000000000000e+00
0.000000000000000000e+00
0.000000000000000000e+00
0.000000000000000000e+00
0.000000000000000000e+00
0.000000000000000000e+00
6.585612499776516415e-09
0.000000000000000000e+00
0.000000000000000000e+00
0.000000000000000000e+00
0.000000000000000000e+00
3.837974560383372591e-08
2.393317970472708112e-07
0.000000000000000000e+00
8.594497558078728616e-08
0.000000000000000000e+00
8.891534619692720298e-09
2.277241506476457289e-09
0.000000000000000000e+00
0.000000000000000000e+00
1.065774526409768441e-07
0.000000000000000000e+00
0.000000000000000000e+00
1.454665987665748617e-08
0.000000000000000000e+00
0.000000000000000000e+00
4.604862602342052469e-10
0.000000000000000000e+00
3.789351499250415145e-09
0.000000000000000000e+00
0.000000000000000000e+00
0.000000000000000000e+00
0.000000000000000000e+00
2.558522504969573674e-09
1.939775131631904515e-07
5.594281482501628489e-09
4.447139900776164723e-08
8.985248456383487792e-08
5.526254653887008317e-07
5.647935452657293354e-10
3.939329695779036911e-10
2.786565858059475431e-07
1.571192342453286983e-06
1.932052953179663746e-07
2.402596237516263500e-06
7.929020107155793085e-09
0.000000000000000000e+00
1.014653207676019520e-06
3.371193812995443295e-08
2.567994705771070585e-08
1.974979568331036717e-06
5.703842020921001676e-08
6.175353006732109407e-10
0.000000000000000000e+00
0.000000000000000000e+00
1.827065965187557595e-08
8.391205952307245752e-09
0.000000000000000000e+00
4.878759174431479551e-09
1.088995649212165517e-08
0.000000000000000000e+00
4.066665042046224698e-06
0.000000000000000000e+00
1.626923151754056107e-09
0.000000000000000000e+00
1.962981031056187931e-07
1.295483165186794849e-09
0.000000000000000000e+00
0.000000000000000000e+00
0.000000000000000000e+00
0.000000000000000000e+00
0.000000000000000000e+00
0.000000000000000000e+00
0.000000000000000000e+00
0.000000000000000000e+00
0.000000000000000000e+00
0.000000000000000000e+00
0.000000000000000000e+00
5.725660390254461163e-09
0.000000000000000000e+00
1.015477664623176679e-06
0.000000000000000000e+00
0.000000000000000000e+00
5.329893859595813410e-09
6.673065988671567084e-10
1.054636413755360991e-07
7.890346362393607649e-12
4.056608826630281328e-09
6.762455179165627328e-11
5.521792356688592918e-09
0.000000000000000000e+00
1.247593066182328680e-12
0.000000000000000000e+00
1.093711610167247272e-08
1.255988868464896768e-09
0.000000000000000000e+00
0.000000000000000000e+00
0.000000000000000000e+00
0.000000000000000000e+00
0.000000000000000000e+00
0.000000000000000000e+00
2.788265729414263205e-10
9.775049658600210023e-10
0.000000000000000000e+00
0.000000000000000000e+00
0.000000000000000000e+00
0.000000000000000000e+00
1.931574233893229575e-09
0.000000000000000000e+00
4.078268833751508282e-09
1.142471783843745925e-09
0.000000000000000000e+00
2.992535774737348220e-09
3.369598822189345810e-09
0.000000000000000000e+00
8.001591056405743529e-10
3.533238896125112660e-06
0.000000000000000000e+00
0.000000000000000000e+00
7.500690735184889490e-09
6.299299732011320874e-13
0.000000000000000000e+00
3.071770393603401317e-09
7.239442822992714355e-09
7.668589319109742064e-09
1.156150375436482136e-08
2.186483882837819692e-09
3.102929667875287123e-06
1.337648001253910479e-07
8.710747401163843051e-11
2.409372790168617939e-08
1.054606091344112428e-08
8.497456178702122997e-07
3.277085980357696826e-08
1.444035446773739295e-09
1.668281299771479098e-07
2.874253723916808667e-09
6.331637081302687875e-08
0.000000000000000000e+00
1.626033419022121507e-09
0.000000000000000000e+00
1.715004486868565436e-06
4.440883771827941473e-11
0.000000000000000000e+00
7.736971063820874406e-10
1.208456296808435582e-06
1.221546388346927969e-11
4.684873600169225938e-10
1.570769825320894597e-08
0.000000000000000000e+00
0.000000000000000000e+00
0.000000000000000000e+00
0.000000000000000000e+00
9.373026728098921012e-07
2.816635991109706083e-08
9.590249483437673916e-09
0.000000000000000000e+00
0.000000000000000000e+00
0.000000000000000000e+00
0.000000000000000000e+00
0.000000000000000000e+00
3.314182928093600822e-09
0.000000000000000000e+00
5.430287330909777666e-09
4.650923202120793576e-09
0.000000000000000000e+00
1.472408479863407393e-11
0.000000000000000000e+00
0.000000000000000000e+00
2.372261276306630862e-09
9.002943279767805507e-09
5.152941962016654998e-10
0.000000000000000000e+00
6.925422901815636578e-09
0.000000000000000000e+00
6.540772812257955593e-09
0.000000000000000000e+00
1.041860264727745289e-09
0.000000000000000000e+00
1.611135891366188844e-09
0.000000000000000000e+00
7.857285488910292770e-09
0.000000000000000000e+00
1.152491435618685500e-08
0.000000000000000000e+00
0.000000000000000000e+00
4.444902668154782077e-09
8.185581101827210659e-09
3.284295857497454563e-08
2.105889649328673841e-07
1.240191421780778569e-10
7.127785295324429171e-08
9.295103495787770953e-07
1.587793341251142465e-09
5.918028023188526276e-07
1.149968937852463569e-07
0.000000000000000000e+00
1.150993300669256314e-09
1.090277947923823376e-07
1.057274889859627365e-08
3.406579907050399925e-09
3.987934114879632119e-12
7.903229737316053161e-10
0.000000000000000000e+00
7.380370448117901105e-08
2.628784159242059104e-06
5.081155052266694838e-09
1.232864033084979383e-08
1.405634808548938963e-08
0.000000000000000000e+00
0.000000000000000000e+00
0.000000000000000000e+00
0.000000000000000000e+00
1.078758055106376901e-10
0.000000000000000000e+00
2.457243297726563469e-09
1.694452521405764855e-06
0.000000000000000000e+00
1.273682687097377197e-10
3.390665748170818006e-09
2.624899464453989140e-10
7.072170404853750370e-09
0.000000000000000000e+00
0.000000000000000000e+00
0.000000000000000000e+00
0.000000000000000000e+00
0.000000000000000000e+00
1.182015707534844751e-09
2.277171944342626375e-07
4.480888576852137817e-11
6.230296278886271466e-09
0.000000000000000000e+00
0.000000000000000000e+00
5.943705527755582807e-09
4.737398806575754406e-10
0.000000000000000000e+00
0.000000000000000000e+00
2.007937593972997092e-09
0.000000000000000000e+00
2.999369197453916058e-09
0.000000000000000000e+00
6.195094215399876703e-09
7.674538693436261383e-08
8.558579622786055552e-09
3.396898318186458710e-09
1.327622317637278115e-10
1.380449816679174546e-06
1.131695697154100344e-07
4.685026411266335344e-08
9.564847828699707399e-13
1.256260304671741324e-07
2.315408531572415995e-09
3.160493644571715777e-09
2.344108480656359461e-07
1.452102327270665683e-10
1.839190133523516124e-08
5.439007821905761375e-08
7.866909901288465790e-10
1.092332446717136918e-09
6.336040769383544102e-06
6.877188525322708301e-07
2.062002479874536220e-08
0.000000000000000000e+00
1.063812327117830137e-08
4.949341825266628803e-09
2.646767143232864328e-07
5.134664249339948583e-09
1.435081912859459408e-06
0.000000000000000000e+00
0.000000000000000000e+00
6.107678132138971705e-07
0.000000000000000000e+00
0.000000000000000000e+00
2.571237445181395742e-09
0.000000000000000000e+00
0.000000000000000000e+00
0.000000000000000000e+00
0.000000000000000000e+00
0.000000000000000000e+00
0.000000000000000000e+00
0.000000000000000000e+00
0.000000000000000000e+00
2.654897635068209638e-09
0.000000000000000000e+00
1.023662844090722501e-05
0.000000000000000000e+00
1.601804058282141341e-07
8.691921848935635353e-09
0.000000000000000000e+00
1.446565818241651868e-07
0.000000000000000000e+00
0.000000000000000000e+00
0.000000000000000000e+00
0.000000000000000000e+00
1.086090492208313663e-06
0.000000000000000000e+00
4.685974488438660046e-07
5.273273373518350127e-09
6.560991749893219094e-08
0.000000000000000000e+00
7.933000922832889046e-09
0.000000000000000000e+00
7.171917226767021702e-11
4.770119854669019333e-09
6.054587942116995691e-08
0.000000000000000000e+00
1.981047681454128906e-08
0.000000000000000000e+00
0.000000000000000000e+00
6.869604884940372358e-10
0.000000000000000000e+00
5.398051339255971470e-09
4.549106369378108639e-10
1.938752802743692882e-07
0.000000000000000000e+00
9.627744930185144767e-07
3.091468414595510694e-09
0.000000000000000000e+00
4.603460321273011857e-11
1.958328084583627060e-06
7.435512205944405650e-09
3.998565478724458444e-09
4.718451851459803947e-09
1.748253097844099102e-08
3.763463152228752051e-10
1.058548150467686355e-06
2.183105465292101144e-07
1.322786147284205072e-06
1.797037718631600001e-08
3.867867093276800006e-08
0.000000000000000000e+00
0.000000000000000000e+00
5.351473220116531593e-08
9.530647844258055557e-07
9.644990939250419615e-08
2.288807143813187395e-09
1.050650235215333517e-12
0.000000000000000000e+00
0.000000000000000000e+00
0.000000000000000000e+00
6.887190817650434838e-11
8.723776367958180344e-09
0.000000000000000000e+00
0.000000000000000000e+00
0.000000000000000000e+00
0.000000000000000000e+00
0.000000000000000000e+00
0.000000000000000000e+00
0.000000000000000000e+00
6.837218569089031917e-10
0.000000000000000000e+00
8.844235566130009829e-09
3.073085963478661142e-07
6.477728131670801304e-09
0.000000000000000000e+00
0.000000000000000000e+00
0.000000000000000000e+00
4.797926500543781003e-09
0.000000000000000000e+00
7.801719825728525848e-10
4.553216415015270968e-10
1.547435096727056703e-10
0.000000000000000000e+00
1.075920522453088779e-06
0.000000000000000000e+00
1.014939243759727105e-08
3.257806246992345223e-09
0.000000000000000000e+00
9.259004229988931911e-09
6.736294189124691911e-09
3.582603937957173912e-07
9.387882471401098883e-08
4.709039824746241720e-09
2.602207516133603349e-08
2.020904332766804146e-07
4.622912399554479634e-07
1.890091709810803877e-07
0.000000000000000000e+00
3.579962282174165011e-08
3.364626621760180569e-08
3.092870315413165372e-08
4.788926730725506786e-07
1.283168904464560001e-09
2.005673650273820385e-06
8.653043437334417831e-08
5.387037926851689917e-09
1.695345872576581314e-06
0.000000000000000000e+00
8.691935704518982675e-08
1.470796640035132441e-08
1.431087355285853846e-07
6.271911843214184046e-06
2.049933300440898165e-06
2.607881697258562781e-07
2.109365368596627377e-06
6.785763417838097666e-08
2.527557940723568208e-09
2.141749291695305146e-06
0.000000000000000000e+00
0.000000000000000000e+00
0.000000000000000000e+00
7.514287290177890100e-07
8.249971870100125670e-06
9.986705435949261300e-07
1.449998308089561760e-07
1.999095999849487271e-09
0.000000000000000000e+00
1.075135092065693243e-09
4.060292368990303657e-08
0.000000000000000000e+00
0.000000000000000000e+00
6.904436133936542319e-09
9.029588632358809264e-09
1.000664724415400997e-05
0.000000000000000000e+00
2.536992615986832789e-09
0.000000000000000000e+00
0.000000000000000000e+00
8.405551810142242175e-09
0.000000000000000000e+00
8.767740311554916843e-09
6.260899021448551593e-10
0.000000000000000000e+00
0.000000000000000000e+00
0.000000000000000000e+00
0.000000000000000000e+00
0.000000000000000000e+00
5.150250004248846381e-09
0.000000000000000000e+00
0.000000000000000000e+00
0.000000000000000000e+00
0.000000000000000000e+00
5.448078255199106934e-08
0.000000000000000000e+00
0.000000000000000000e+00
0.000000000000000000e+00
0.000000000000000000e+00
0.000000000000000000e+00
0.000000000000000000e+00
0.000000000000000000e+00
7.619566311234393652e-09
1.696382923910277896e-06
4.863023872481164744e-10
2.880484295531005046e-09
0.000000000000000000e+00
6.237958150023814596e-09
1.934884030774242092e-09
0.000000000000000000e+00
9.546694990092419175e-09
1.200896448949606565e-08
6.877064606669591740e-08
1.024552798156719291e-08
0.000000000000000000e+00
0.000000000000000000e+00
2.002274387957747592e-11
7.550601116568245175e-11
7.397824020038967774e-10
4.782143715850901977e-14
2.519439545878299214e-09
1.194132881465748142e-08
2.768060625157886534e-08
6.190718604415224036e-09
1.735636523392258823e-08
1.051307396693346163e-08
0.000000000000000000e+00
3.067340230700210668e-06
2.797959863798382685e-09
0.000000000000000000e+00
3.944283889723010361e-06
4.547040646230016137e-07
2.602171145227316629e-09
8.373899663960404638e-12
1.026256995828589424e-06
0.000000000000000000e+00
0.000000000000000000e+00
9.850793958321446553e-07
0.000000000000000000e+00
0.000000000000000000e+00
8.750304480997783685e-09
6.687218834233732423e-11
1.774432822898575068e-09
0.000000000000000000e+00
0.000000000000000000e+00
0.000000000000000000e+00
8.280109113911748864e-07
0.000000000000000000e+00
5.948078030115766524e-09
3.252109914697598470e-09
7.772577248488232726e-08
8.466047418664857105e-09
0.000000000000000000e+00
6.056267665144332568e-08
0.000000000000000000e+00
0.000000000000000000e+00
3.169154050297606773e-09
8.559113973127807640e-10
0.000000000000000000e+00
0.000000000000000000e+00
4.323151969742866640e-08
0.000000000000000000e+00
0.000000000000000000e+00
4.417475274465232360e-09
4.501155004277279659e-09
4.339735326652771619e-08
0.000000000000000000e+00
3.521060705224954290e-07
2.008809438236447420e-11
0.000000000000000000e+00
0.000000000000000000e+00
1.455626619240035780e-09
1.141956715855485527e-07
2.228586586106029443e-11
4.972290634785991870e-11
1.800347604330454487e-08
9.954769453202061413e-09
1.786280567905862426e-10
4.435739275887584654e-11
0.000000000000000000e+00
6.540710639768576584e-09
8.422545327846364671e-09
1.081312483997010077e-09
8.140861318395309354e-09
5.817961667986537577e-09
1.715681747782582534e-07
0.000000000000000000e+00
1.803544620315733482e-07
1.071138342467747862e-07
0.000000000000000000e+00
8.729434064491670142e-09
8.874200041475432954e-09
1.551833292978699319e-07
1.090150053562055632e-10
4.350266280539472064e-08
1.611661204492520483e-08
0.000000000000000000e+00
3.427664196919977257e-08
3.516734903286078406e-09
1.986531401598767843e-07
0.000000000000000000e+00
8.908447313160650083e-09
3.619402777488289757e-09
3.309603702206231901e-10
0.000000000000000000e+00
3.638528589533507329e-09
0.000000000000000000e+00
1.942136407251382479e-08
0.000000000000000000e+00
3.211890309273712774e-09
0.000000000000000000e+00
3.768770184819913993e-09
0.000000000000000000e+00
1.779718900252191816e-06
0.000000000000000000e+00
0.000000000000000000e+00
6.122269358144194484e-11
1.538466687378559072e-09
0.000000000000000000e+00
0.000000000000000000e+00
0.000000000000000000e+00
0.000000000000000000e+00
1.293232604338001579e-10
4.291770272502049011e-10
4.215786053585190984e-11
6.406432717653842701e-09
6.381233319530110748e-09
4.109802775875692760e-12
2.457678727196821455e-09
0.000000000000000000e+00
6.755674064606864704e-08
8.874333268238387973e-09
0.000000000000000000e+00
0.000000000000000000e+00
6.842028610343220407e-10
5.698987504132446702e-09
1.594192999831989255e-09
0.000000000000000000e+00
0.000000000000000000e+00
6.251702489024069109e-10
1.176511066347529777e-08
5.153911186717152759e-10
0.000000000000000000e+00
0.000000000000000000e+00
0.000000000000000000e+00
0.000000000000000000e+00
1.357260970280549373e-09
3.615056254346882270e-09
4.011911869383766316e-07
0.000000000000000000e+00
1.430562002191493320e-09
1.059261389713128665e-08
3.538719664519796027e-11
6.173452415936253601e-09
1.689928086356928816e-09
9.168303338746852660e-10
4.548494025868876633e-09
1.541549643491180177e-08
0.000000000000000000e+00
4.210682844063562413e-11
3.583693910513829906e-07
1.017272599490581797e-09
2.264661702611192595e-08
6.245446382280306352e-09
3.651628048828570172e-07
4.419758425910913502e-08
2.211486105352378218e-08
6.919773642977133932e-09
1.699646531960752327e-06
2.903078000215941756e-09
5.274828906998152434e-10
3.036439863990381127e-07
2.773196285943413386e-07
0.000000000000000000e+00
3.257347884755290579e-07
8.455494082681980217e-08
1.152224967881920747e-06
8.133048012837207352e-09
2.751200689488086937e-08
0.000000000000000000e+00
3.265848391720282962e-08
1.846768737934212368e-09
1.467589498815868865e-07
3.046198315814763191e-08
7.800438073246596105e-10
4.360955152549195191e-09
9.243815490833640069e-09
0.000000000000000000e+00
0.000000000000000000e+00
0.000000000000000000e+00
0.000000000000000000e+00
7.010426461562246914e-09
0.000000000000000000e+00
0.000000000000000000e+00
0.000000000000000000e+00
0.000000000000000000e+00
0.000000000000000000e+00
1.844838309894569761e-10
0.000000000000000000e+00
0.000000000000000000e+00
0.000000000000000000e+00
0.000000000000000000e+00
3.321662688904325478e-06
0.000000000000000000e+00
4.300206768448333605e-08
4.299514522188019328e-09
3.775423862428795019e-10
0.000000000000000000e+00
7.007230795608165863e-09
2.989878344905605445e-09
7.831899573318423791e-09
0.000000000000000000e+00
5.438298700255472795e-09
5.242932754612183999e-09
3.445711715954757892e-09
0.000000000000000000e+00
0.000000000000000000e+00
2.615277026052353904e-07
7.121747636062991660e-09
0.000000000000000000e+00
3.852543173366029805e-09
0.000000000000000000e+00
8.087963188074809295e-09
5.126279400968769551e-09
0.000000000000000000e+00
0.000000000000000000e+00
0.000000000000000000e+00
3.563409336493350565e-07
1.478266731247401822e-09
1.215316842717584223e-07
1.666920490528411847e-09
0.000000000000000000e+00
4.657639163241356073e-09
3.021645866851940809e-08
6.197750312963989927e-09
0.000000000000000000e+00
7.194599138671264882e-09
3.572690809861001071e-09
7.819281680476741769e-12
0.000000000000000000e+00
0.000000000000000000e+00
3.748656070001743501e-07
0.000000000000000000e+00
1.077743149835441727e-06
9.280610946404976858e-09
2.433004731017263111e-08
6.302189881068898103e-09
2.135767118716103141e-09
7.139067292882828042e-07
2.132974330493198067e-08
9.744850260062776215e-09
1.257189144454606833e-11
1.116373035681128556e-10
1.754608347503960886e-09
1.083139689050938159e-09
7.370158372488333498e-10
0.000000000000000000e+00
6.686819986612135835e-09
8.965719741063291059e-14
1.329349547107838703e-10
6.266536178856085826e-10
1.523235426681424087e-09
0.000000000000000000e+00
4.228948924378528318e-08
1.103686599890352227e-07
0.000000000000000000e+00
5.849273431064727635e-14
0.000000000000000000e+00
3.403748671804152082e-10
3.548976390543856496e-10
0.000000000000000000e+00
7.133743338272324763e-07
0.000000000000000000e+00
0.000000000000000000e+00
0.000000000000000000e+00
0.000000000000000000e+00
5.115813883627140513e-10
3.576275386940608314e-10
0.000000000000000000e+00
0.000000000000000000e+00
2.537809129510293360e-10
0.000000000000000000e+00
0.000000000000000000e+00
1.493473344993390128e-09
4.295970690293415828e-09
0.000000000000000000e+00
0.000000000000000000e+00
0.000000000000000000e+00
0.000000000000000000e+00
0.000000000000000000e+00
0.000000000000000000e+00
0.000000000000000000e+00
0.000000000000000000e+00
0.000000000000000000e+00
7.845724070421056240e-09
2.086887607166687530e-10
0.000000000000000000e+00
0.000000000000000000e+00
0.000000000000000000e+00
6.199981639198881567e-10
5.316282880585276871e-08
6.318730871868183385e-09
0.000000000000000000e+00
0.000000000000000000e+00
0.000000000000000000e+00
0.000000000000000000e+00
0.000000000000000000e+00
4.722562785275385977e-09
2.654781283695228922e-08
9.326196703796085785e-09
8.378263416375375527e-09
0.000000000000000000e+00
7.879958907608397567e-09
2.651574071421691770e-08
0.000000000000000000e+00
7.012319969135205611e-08
0.000000000000000000e+00
4.469449947919201804e-07
2.134663290576099826e-08
1.139897332080863634e-08
4.605345239275943081e-15
6.752084402705804678e-08
4.143533072209493184e-09
8.490160574581295805e-09
3.018596572701426339e-08
1.636159541185122634e-09
1.354156076160961675e-08
5.708231398671159695e-08
0.000000000000000000e+00
2.191228865022765149e-10
6.650402895047591301e-09
6.405999286585029040e-09
8.234109394322786102e-09
1.103303767790997370e-10
2.089973971663994234e-09
4.049726953780918848e-08
1.078191075976064894e-06
0.000000000000000000e+00
1.041979974525375496e-10
8.819251995362265006e-09
1.141970429330285697e-07
3.918944742054009112e-07
2.388882869297503930e-08
6.192761858869744174e-10
7.003485291701139204e-11
6.631248328226035937e-10
1.829157658672642128e-10
3.723437530522843986e-11
0.000000000000000000e+00
1.379469021650647775e-11
1.203443957820127252e-06
1.836193348481174326e-07
2.390526105955359526e-07
4.056093239057645405e-09
6.393876788024499547e-07
2.503802249975706218e-07
1.348869460571222589e-09
0.000000000000000000e+00
0.000000000000000000e+00
2.128470177886754300e-10
4.488723559514795625e-10
1.837320989794832826e-10
4.833020650352182201e-10
1.271938998570476542e-08
0.000000000000000000e+00
0.000000000000000000e+00
7.925286205079373758e-09
1.586482589743809513e-08
0.000000000000000000e+00
0.000000000000000000e+00
2.048592628867140775e-09
7.965899606610093997e-10
8.128169071142110624e-08
9.916730547843144450e-09
3.085919367262768276e-11
0.000000000000000000e+00
1.669360316647328091e-09
3.021417114723590203e-06
0.000000000000000000e+00
9.546550217010008055e-10
2.230578502349089831e-06
0.000000000000000000e+00
1.834612817219749559e-08
9.010883594839924626e-09
5.820156356861616587e-09
4.462797839610566086e-11
0.000000000000000000e+00
9.748770679607332568e-09
5.648605139185747248e-09
9.351715846150909783e-09
8.819654340186389163e-07
0.000000000000000000e+00
2.452411329567638631e-10
0.000000000000000000e+00
6.576446764938737033e-08
5.507504283741582185e-07
6.663353424585238827e-09
0.000000000000000000e+00
1.366815581604896579e-06
0.000000000000000000e+00
2.045473053158275434e-07
8.329242717763918336e-08
8.332258261134484201e-08
1.446850885628014893e-11
0.000000000000000000e+00
4.941744236042211469e-10
4.609904635799466632e-07
8.368468940034290426e-08
1.459332210629327164e-09
3.194585707078090309e-09
8.275708296423545107e-08
4.196985798898822395e-07
0.000000000000000000e+00
0.000000000000000000e+00
0.000000000000000000e+00
3.628156663992854192e-09
0.000000000000000000e+00
2.044044267179856433e-09
0.000000000000000000e+00
0.000000000000000000e+00
1.136319371930483157e-09
0.000000000000000000e+00
0.000000000000000000e+00
9.368184450408989505e-09
2.914488206329224340e-09
8.993242595067840739e-09
0.000000000000000000e+00
0.000000000000000000e+00
0.000000000000000000e+00
3.509519785893644439e-09
4.157314492658770178e-09
2.650822450434020539e-09
2.166600410191676929e-08
1.410134897739112603e-09
5.574736672286917383e-09
1.912318969843340710e-09
0.000000000000000000e+00
4.071611492406645993e-09
3.695244804591268917e-11
2.881757277251040250e-09
0.000000000000000000e+00
0.000000000000000000e+00
5.990870466376918557e-09
5.103522937588422792e-09
8.478823865232243406e-09
0.000000000000000000e+00
0.000000000000000000e+00
1.199645660587833618e-10
1.479277926819122513e-07
8.305295864374784287e-07
8.619710456514440011e-07
8.125966246552707162e-07
8.825999771033821162e-07
2.368525855445113848e-07
2.586486289146705531e-06
5.665449975822411943e-07
4.358025307737989351e-06
5.407221124187344685e-07
1.985665676329517737e-06
2.918765744652773719e-07
1.799800656954175793e-06
3.205255852400945571e-11
1.597847244738659356e-06
1.168805397355754394e-06
6.191565660174092045e-08
3.543031425579101779e-06
3.098896073083778901e-08
9.923056154548248742e-09
3.122755032336499426e-08
2.031950252501246723e-08
1.256188220111198461e-08
1.214188358744650031e-07
4.674913043345441110e-07
2.183030858304846333e-07
5.007884169572207611e-07
9.958042937796562910e-06
1.443345468032930512e-06
7.125509000616148114e-07
2.887118455419113161e-07
8.838032954372465611e-07
6.719769203300529625e-07
2.515221142473933469e-09
1.219072487401717808e-06
3.159529740059952019e-07
3.045452558581018820e-06
3.476305323601991404e-07
2.669355847473298127e-09
1.168000918205791550e-09
2.157988063800075906e-07
4.932504111820890103e-07
0.000000000000000000e+00
1.388430860060907435e-06
1.432485419172735419e-06
1.426580183760961518e-06
4.417118191213376122e-07
7.684846536903933156e-07
1.393232878399430774e-06
4.664390758080116939e-07
8.892705949392620823e-08
7.513537525483116042e-07
7.030435540400503669e-07
6.841304980298446026e-07
2.680489842532551847e-06
4.424228983168632112e-09
1.183830022455367725e-06
1.505505764498593635e-07
1.179769810732977930e-06
2.943943627542466857e-06
0.000000000000000000e+00
0.000000000000000000e+00
3.739717979733825359e-10
9.556758939766041294e-09
0.000000000000000000e+00
0.000000000000000000e+00
5.269058078738453332e-07
2.421861836410243995e-06
1.604057274562364910e-06
4.110363818199402886e-07
1.167713321592600551e-06
3.429880734984180890e-07
1.250853301826282404e-06
8.539797704543161672e-07
2.899155049362889258e-08
2.283828459681558343e-09
4.567311009395780275e-07
8.146309227186065982e-08
7.843221396797162015e-07
8.024204589673900045e-08
1.916097716048170696e-07
3.387921765352075454e-08
0.000000000000000000e+00
3.602747966624519904e-08
1.039942276293004397e-06
4.011870373687997926e-07
1.393621346323925536e-06
6.178652824928576592e-07
1.432154817848640960e-06
2.669545722255861619e-07
1.527315163230014150e-07
1.017697741190204397e-06
4.763886408909456804e-06
9.095001587411388755e-07
3.408256930015340913e-07
3.836993016648193588e-07
4.931521289108786732e-07
1.458177962376794312e-06
1.081063373931101523e-06
2.600674179120687768e-06
7.618396011821459979e-07
1.643539690121542662e-06
6.123261186985473614e-07
3.933491825591772795e-06
5.562237106460088398e-07
6.866887058976089975e-10
0.000000000000000000e+00
4.718296420236356425e-09
0.000000000000000000e+00
0.000000000000000000e+00
7.295725357181481741e-09
4.079556603642231494e-08
1.278478545252426102e-09
2.655259777384344488e-06
0.000000000000000000e+00
0.000000000000000000e+00
8.210388813267854857e-09
7.856983330611910787e-08
0.000000000000000000e+00
0.000000000000000000e+00
4.598920799736561094e-09
4.304094431972771417e-07
1.978162487148438231e-07
1.357842847937718034e-06
2.699449908050155500e-07
4.319821528042666614e-06
9.992382956625078805e-07
4.067457268774887780e-07
1.033444164022512268e-06
6.473850788779600407e-08
0.000000000000000000e+00
5.993054230657435255e-08
5.361811883375366961e-09
1.314333303525927477e-06
2.009585159612470306e-06
1.425779910801949768e-10
1.547288945857872022e-07
1.211847461490833666e-06
6.838180297563667409e-07
1.435323611076455563e-06
4.591445872392796446e-07
3.354760110596544109e-06
5.029807326195623318e-08
2.916856089996144874e-07
0.000000000000000000e+00
0.000000000000000000e+00
1.214149165207345504e-06
6.508516321446222719e-07
9.527927318231377285e-07
0.000000000000000000e+00
0.000000000000000000e+00
8.227859504827961246e-10
0.000000000000000000e+00
2.830731382630347071e-08
0.000000000000000000e+00
0.000000000000000000e+00
1.420961570630652204e-08
4.883876272288034670e-07
1.365679736409219913e-06
3.092874578669579932e-07
4.090823608748905826e-07
1.392416919543393306e-07
1.432267026757472195e-06
1.990093096537748352e-06
3.818525158294505673e-07
7.417498864015215077e-07
6.861387191747780889e-07
8.506186759404954500e-07
0.000000000000000000e+00
0.000000000000000000e+00
3.833953954313074064e-08
0.000000000000000000e+00
1.778103331240288298e-09
4.842004575067448968e-10
0.000000000000000000e+00
5.993218366029395838e-09
0.000000000000000000e+00
0.000000000000000000e+00
0.000000000000000000e+00
0.000000000000000000e+00
0.000000000000000000e+00
7.603246103826677427e-07
1.482139509789703880e-06
2.782624974884129188e-08
7.817893674655351788e-07
1.573081590322544798e-06
7.208519718915340491e-07
8.721722224436234683e-07
1.985455782005374203e-07
7.418143013637745753e-06
1.449002979825309012e-06
5.092886112834094092e-06
4.975073508717287041e-08
0.000000000000000000e+00
3.008961257933151501e-08
5.588049134530592710e-09
7.027560200434379567e-10
4.484416393779611099e-09
1.854284761293456540e-07
2.302802613485255279e-06
1.365674240361158809e-09
6.696362788716214709e-07
2.139767502740141936e-06
5.250133199297124520e-07
1.005435592560388613e-06
3.126275260001420975e-06
3.307097586002782919e-06
1.251409457836416550e-06
0.000000000000000000e+00
0.000000000000000000e+00
8.153946851052751299e-08
3.057748472201637924e-07
1.338638185188756324e-06
0.000000000000000000e+00
0.000000000000000000e+00
0.000000000000000000e+00
0.000000000000000000e+00
0.000000000000000000e+00
2.576625135475296702e-09
0.000000000000000000e+00
0.000000000000000000e+00
1.729504761627254084e-09
0.000000000000000000e+00
4.253800867104473582e-09
0.000000000000000000e+00
3.872949946526205167e-06
1.466571006858430337e-06
7.678792712795257103e-07
4.464310165985807544e-07
2.398707920292508788e-06
2.623854413741355529e-07
6.186382393025269266e-07
1.543441157991765067e-06
1.294978687838010956e-06
1.858294851331265818e-08
5.040677024226170033e-06
1.067955508915474638e-06
1.740701350172457751e-06
2.971330126388949111e-10
9.429233394087077613e-09
0.000000000000000000e+00
1.231751070918107871e-06
3.613612022945744684e-07
3.329431024212681223e-07
6.523578122141771019e-06
7.865168072385131381e-07
1.335530555479635950e-06
9.376696752383395506e-09
9.924326249688419921e-09
0.000000000000000000e+00
0.000000000000000000e+00
2.842387214485597724e-09
6.770242144682470098e-09
1.159457876931391240e-10
2.890108985464934221e-10
1.741337740668313927e-09
4.795423933501297142e-07
0.000000000000000000e+00
1.018298245725191009e-08
2.947680854958889540e-07
2.261952261051192181e-07
5.719617206523253117e-07
6.069205937819788232e-07
1.144005636888323352e-06
4.733498371933819726e-06
2.194869239247054793e-06
1.139066057476156857e-06
2.811174226735602133e-08
4.705121625647734618e-07
0.000000000000000000e+00
7.763564902063535555e-09
7.126166323700999783e-09
4.965931665878997592e-09
1.759601559570000973e-06
0.000000000000000000e+00
2.993931491612755735e-10
0.000000000000000000e+00
4.529225883231902117e-09
0.000000000000000000e+00
2.603943061174618379e-09
1.594728971099357295e-08
6.069545293030387256e-07
5.892547392249980476e-07
2.369560206716414541e-06
3.273496531619457528e-06
4.518408047715638531e-07
0.000000000000000000e+00
0.000000000000000000e+00
2.012079448832082562e-06
3.554675220840408656e-09
0.000000000000000000e+00
6.372535832355197272e-09
5.114021206509278272e-09
2.465664117323740356e-09
0.000000000000000000e+00
0.000000000000000000e+00
3.103546752925012697e-09
1.120133430454473000e-09
9.778204912436194718e-09
0.000000000000000000e+00
9.396630140656725416e-10
8.695653086476795579e-10
3.954810381401330233e-07
9.290341722589801066e-07
1.057547706295736134e-06
1.656507947700447403e-06
1.877023237284447532e-06
8.705147820364800282e-07
0.000000000000000000e+00
0.000000000000000000e+00
1.062554815689509269e-06
0.000000000000000000e+00
0.000000000000000000e+00
2.088627724106117967e-07
3.204650156352073509e-10
4.052711499724637179e-09
2.235402916994644329e-06
0.000000000000000000e+00
0.000000000000000000e+00
0.000000000000000000e+00
0.000000000000000000e+00
1.076155609069928687e-09
1.546427625953583629e-07
1.974960417427951143e-09
2.689055520477268146e-07
0.000000000000000000e+00
1.707189944966103212e-09
3.663695224531693384e-06
0.000000000000000000e+00
0.000000000000000000e+00
