2.477813495715963654e-06
6.953534011699957773e-06
3.096648129030654673e-07
1.879122457637549815e-08
7.199679430414107628e-07
0.000000000000000000e+00
2.166604190279031172e-06
5.505959848051134031e-07
0.000000000000000000e+00
4.988276032236171886e-07
3.404333938306081109e-06
4.760348204513320525e-08
1.627194876618887065e-07
1.298738183663772361e-08
3.418647565922583453e-06
1.610880104863099405e-07
2.013887865359720308e-07
1.555838480271631852e-06
1.089375700757955201e-07
3.984657581668216153e-08
0.000000000000000000e+00
2.898088041547453031e-06
6.940606943339755475e-13
1.968081960512790829e-06
7.900039236119482666e-07
1.650612944104068447e-06
5.597502550358512963e-08
1.174819530547210888e-07
1.330095983576029539e-06
2.184651521019986831e-06
2.047046478992342600e-07
1.837623358369455673e-06
0.000000000000000000e+00
2.177787791879381984e-06
7.121876478777267039e-06
8.609841728457467980e-09
3.347776384998724097e-07
3.110694279939707485e-08
1.642449197480910783e-11
1.983977563213557005e-05
8.399910257139708847e-06
8.811948504217070877e-09
4.923621759189700242e-07
3.649353743639949244e-07
2.493386546120746061e-07
6.663528324679646175e-07
6.253675564948935062e-06
0.000000000000000000e+00
0.000000000000000000e+00
9.713215149531606585e-06
7.078232755475255544e-08
0.000000000000000000e+00
6.593837156287918333e-07
6.954530817893100902e-08
2.053235675703035668e-06
0.000000000000000000e+00
1.202431690217053983e-06
2.074268508067689254e-07
2.280020680700545199e-06
3.475408902886556461e-07
3.704885216393449809e-07
0.000000000000000000e+00
5.943579139966459479e-07
1.693059061835811008e-06
6.418754878723120783e-07
2.817605526672650740e-08
3.965445500853093108e-07
4.080130793226999231e-07
0.000000000000000000e+00
0.000000000000000000e+00
1.030980385507973551e-07
1.449558908461767714e-06
2.690314317987940740e-07
1.479126154890764155e-08
2.085277856167522259e-06
3.688575134219718166e-06
4.949185495206620544e-06
4.844600098863338644e-08
1.207902755595569033e-06
2.370267893070376886e-08
5.456248430846244446e-08
6.169477160256064963e-07
2.507162921716599158e-09
3.856104626720480155e-07
5.587371276760677574e-08
2.049617933153058402e-07
1.816063921467048203e-08
1.053028313435788732e-06
6.813174024955515051e-08
3.356626166350906715e-06
0.000000000000000000e+00
9.825977031141519547e-06
1.664503912479631254e-08
1.234905155911292240e-08
1.285021511421291507e-07
4.841356826545961667e-07
3.264756998078155448e-08
7.154154104682675097e-07
1.079820322047453374e-06
1.205014541483251378e-06
2.322462755444121285e-08
1.773463509380235337e-08
5.139650056662503630e-06
2.248205106525347219e-07
6.269027835514862090e-06
2.484372316757799126e-07
5.576406238105846569e-06
5.157644267228533863e-08
0.000000000000000000e+00
3.862563062284607440e-06
4.208725368215482376e-09
2.612258924727939302e-07
5.098131055092380848e-07
2.138515355909476057e-06
2.242444679723121226e-06
1.128405983763514087e-06
2.057581468761782162e-06
4.913175999377017433e-08
2.213493871749960817e-06
4.083042767888400704e-06
4.761926447827136144e-06
2.573179926912416704e-06
5.330462613528652582e-07
4.524489668256137520e-06
4.451954396245128009e-07
3.197496198481530882e-06
1.405265379617048893e-06
1.642747271546340926e-08
0.000000000000000000e+00
0.000000000000000000e+00
1.653545353974550380e-07
1.102954172438330716e-07
0.000000000000000000e+00
0.000000000000000000e+00
3.359095444466220215e-06
3.205689790775068104e-05
2.471844311457971344e-07
1.257096482731867582e-05
3.183433364029042423e-06
1.392824401591497008e-06
3.348426616867072880e-05
2.485795675966073759e-07
5.333396075002383441e-06
8.193630947062047198e-07
0.000000000000000000e+00
0.000000000000000000e+00
1.667851620368310250e-06
1.135866600776580526e-08
3.173025334035628475e-06
9.791373258849489503e-07
3.524881435623683501e-07
2.796689457795764611e-08
0.000000000000000000e+00
3.021130723368514737e-08
5.694016991242278891e-08
1.477400104477055720e-07
1.080449791857063246e-07
4.031137450510868803e-07
1.055877987710118759e-06
2.254659570155581605e-08
9.053589565155562013e-06
7.315553034459298942e-07
3.002594894496724010e-06
8.281970309553798870e-08
2.237039780084160157e-06
4.298464517660249840e-08
3.186159247547948326e-08
3.075992793810655712e-08
2.144249037883128040e-06
5.858585154783213511e-07
0.000000000000000000e+00
0.000000000000000000e+00
8.020587927148881136e-08
7.078373982949415222e-06
2.798725802222179482e-07
1.433138208994932938e-06
1.879940896287735086e-07
1.360861688226577826e-06
7.281323632923886180e-06
6.271739749763582950e-08
6.325019512587459758e-06
2.774582299025496468e-06
5.624943355542200152e-07
1.287120085180504248e-06
7.937568398119765334e-07
2.730907908699009567e-06
2.266889850943698548e-06
2.005397618631832302e-06
3.102703431068221107e-06
3.660625793600047473e-07
9.558360858363812440e-08
9.508364087196241599e-07
0.000000000000000000e+00
3.306715257167525124e-08
2.029075432119498146e-07
3.004620111823896877e-06
6.111141601650160737e-07
1.589179703387344489e-07
1.860595261859998573e-06
4.129071555780683411e-07
1.556759002596663777e-06
0.000000000000000000e+00
1.059366127265093382e-06
2.326208914382732473e-08
0.000000000000000000e+00
0.000000000000000000e+00
0.000000000000000000e+00
4.961167121564358240e-08
1.067222342499007937e-06
1.264735516315340647e-07
7.193189048848580569e-07
1.428961695637553930e-07
2.233938012352609803e-08
5.106589995307331264e-08
8.100583670511696255e-08
4.319585400480718818e-08
2.152390266019210685e-07
2.994072758610855090e-07
1.869565124934524647e-08
2.344063659620587714e-06
1.316822029195918731e-08
4.829481667911750264e-07
5.519681423038491630e-08
3.044583820610569092e-07
7.143630398331879405e-08
6.853869138900847702e-10
3.045363783371612953e-08
4.244740026138060784e-08
4.748969217871490400e-07
0.000000000000000000e+00
9.368311992830058443e-08
1.737620891617552843e-06
2.071185917884577066e-06
0.000000000000000000e+00
2.390742793068056926e-06
1.585542349857860245e-06
3.620444388729993079e-08
8.071345291682519019e-06
4.610951975791977020e-08
4.893277250062055828e-08
4.147976596868829802e-06
1.440297364752041176e-05
1.834713543757970911e-06
4.283259613657719456e-07
1.481477852394164074e-06
4.431002707860898226e-06
7.325246315303957090e-06
0.000000000000000000e+00
2.761386213023797609e-07
9.197757208312395960e-06
6.256938718252058607e-07
1.547604142615455203e-07
2.102709117934864480e-07
0.000000000000000000e+00
1.934642455125867855e-07
2.737107251959969290e-07
4.395521457922768604e-08
8.410283385273942258e-07
0.000000000000000000e+00
1.000131578621221706e-05
6.969280264002009062e-08
1.256685209227725863e-06
2.901355628637247719e-06
4.066450401296606287e-06
1.165722210316744167e-06
7.348007784457877278e-07
8.338779480254743248e-07
4.956650059284584131e-07
0.000000000000000000e+00
8.368855475282543921e-08
1.617968905520683620e-07
0.000000000000000000e+00
0.000000000000000000e+00
0.000000000000000000e+00
1.638158391870092601e-05
0.000000000000000000e+00
4.475048172025708482e-06
4.025127608997536299e-08
1.478700028201274108e-06
3.015397169292555191e-06
1.370837594549811911e-07
1.007821083476301283e-05
1.436062007087457459e-07
3.405265047717875859e-08
8.362081302948354278e-07
2.817752147166174836e-07
9.326006633614269958e-09
1.427413298671353914e-08
2.640603042891598307e-07
2.628825995998340659e-06
1.894096203614026308e-05
4.258527042111381888e-07
1.740755033097229898e-05
2.932803333521860623e-08
2.731330717153923615e-08
1.145500192478721146e-07
2.505263182683847845e-06
1.981573802822822472e-07
1.721062403703399468e-09
6.470637003985757474e-08
0.000000000000000000e+00
0.000000000000000000e+00
4.841231771024467889e-07
8.093786973972783017e-09
0.000000000000000000e+00
0.000000000000000000e+00
3.393485485503333621e-06
0.000000000000000000e+00
0.000000000000000000e+00
3.739043449968448840e-06
2.663336317709763534e-06
3.337001146519469330e-07
5.355156190489651635e-06
2.955943728011334315e-06
0.000000000000000000e+00
2.181807303713867441e-07
4.364267624623607844e-06
3.390143774595344439e-07
1.491554826316132676e-06
7.369636989551509032e-08
1.494014725267334143e-07
0.000000000000000000e+00
6.938461865502176806e-06
2.504048381979373517e-07
0.000000000000000000e+00
0.000000000000000000e+00
2.653127694429713301e-06
0.000000000000000000e+00
0.000000000000000000e+00
6.994479804234288167e-07
1.358954193619865691e-07
1.611725338079850189e-06
9.026157385960686952e-06
0.000000000000000000e+00
0.000000000000000000e+00
1.366051833429082762e-06
0.000000000000000000e+00
6.823110652476316318e-06
4.417514887222750986e-08
5.007087793273967691e-07
6.690983127555227838e-07
2.818055918396566994e-06
3.463832399575039744e-06
6.585667506442405283e-06
4.749829531647264957e-05
4.027345767099177465e-06
0.000000000000000000e+00
1.983473794098244980e-06
1.856588909276979393e-07
1.637936541953877168e-08
3.101078220879571745e-07
1.193413027067435905e-05
4.463624009076738730e-06
7.120699592633172870e-06
6.444535642913251650e-07
2.600512971184798516e-06
0.000000000000000000e+00
0.000000000000000000e+00
0.000000000000000000e+00
0.000000000000000000e+00
0.000000000000000000e+00
0.000000000000000000e+00
0.000000000000000000e+00
0.000000000000000000e+00
1.030031285154109355e-06
4.394966595100413542e-07
2.493841748218983412e-05
7.990744848029862624e-07
3.854246131140826037e-07
5.939955826761433855e-06
0.000000000000000000e+00
0.000000000000000000e+00
4.085495220351731405e-06
6.680274964310228825e-06
8.212187822209671140e-06
0.000000000000000000e+00
1.322025724448394612e-07
2.911133734073700907e-08
2.511733100618585013e-06
3.772830439174867934e-07
1.502081431681290269e-06
3.501134187899879180e-06
6.458613825088832527e-06
1.054572976499912329e-06
1.901349264699092600e-06
6.522727176161424723e-07
1.709050047793425620e-05
6.019490115249936935e-07
0.000000000000000000e+00
4.992558615413145162e-07
1.515847998234676197e-06
4.315585329095483758e-07
1.261431634702603333e-06
2.155332339270898956e-07
3.847448169835843146e-06
0.000000000000000000e+00
0.000000000000000000e+00
1.452353626518743113e-05
5.868517746421275660e-06
3.814830779447220266e-05
2.809320278629456880e-07
0.000000000000000000e+00
5.726780045733903535e-07
2.337912619054804964e-08
3.046595338673796505e-06
0.000000000000000000e+00
0.000000000000000000e+00
0.000000000000000000e+00
9.661432187613172573e-08
7.937093187138088979e-07
4.121728579775663093e-06
3.539146291586803272e-06
8.259125650056375889e-08
0.000000000000000000e+00
9.705075171950738877e-06
6.308568572421791032e-06
2.577437953732442111e-06
2.396910225854753662e-08
2.329480366825009696e-06
7.858291724005539436e-07
0.000000000000000000e+00
8.596788347858819179e-08
1.183181730368687568e-08
1.408061756080769555e-08
3.248258622079447377e-07
7.911827992757025640e-07
3.402529273444088176e-06
4.865949065901986614e-08
3.165683182260181638e-08
0.000000000000000000e+00
0.000000000000000000e+00
6.094271611800650135e-07
2.523531463793915464e-07
1.408266484759224113e-06
4.536988456038670847e-07
2.448137593091814779e-06
6.305091346803237684e-07
2.699815659923388012e-08
1.120216438721399754e-05
3.244712388550397009e-06
1.940789115906227380e-05
2.238187235548139142e-08
2.116109811822752818e-07
6.654340012346438016e-08
7.061714768497040495e-07
1.410684262737049721e-06
8.087243372756347526e-07
1.944988071045372635e-06
3.261781955643527908e-07
7.458407935700961389e-07
2.012094029169020359e-07
6.710548859700793400e-06
0.000000000000000000e+00
3.031443327472516103e-07
3.953171017201384529e-06
1.134956093551409140e-07
5.907343165745260194e-07
3.946232709495234303e-07
4.802192506758728996e-06
2.291031186985037493e-08
1.039603944263944868e-06
2.565810177657112945e-07
7.385211802102276124e-07
0.000000000000000000e+00
3.322206794109661132e-07
0.000000000000000000e+00
3.804951020924818295e-08
0.000000000000000000e+00
1.448422182193098706e-07
0.000000000000000000e+00
6.694550336305837845e-08
0.000000000000000000e+00
4.395902578835375607e-06
9.869463610812090337e-07
3.601127218644251116e-06
9.510180461802519858e-06
3.264505039624054916e-06
5.771819360234076157e-07
0.000000000000000000e+00
1.536494380616204580e-07
1.421839715476380661e-05
0.000000000000000000e+00
1.172753741229826119e-06
6.549066142724768724e-07
2.614824552438221872e-07
0.000000000000000000e+00
3.727464203961972089e-08
6.912547405590885319e-07
1.972407335415482521e-05
1.035702734952792525e-05
2.447054839649354108e-06
0.000000000000000000e+00
7.280757017724681646e-06
0.000000000000000000e+00
0.000000000000000000e+00
7.381614068435737863e-06
1.864858631961396895e-07
6.691739713460265193e-07
1.735892510623671114e-06
7.487496077374089509e-06
5.139642311746683845e-08
8.572476950519103411e-09
4.270237354830896948e-07
1.036080561789276544e-06
0.000000000000000000e+00
8.087288847491436172e-07
1.592871853972610552e-06
0.000000000000000000e+00
1.588586769685207400e-06
0.000000000000000000e+00
1.173808272803000818e-09
0.000000000000000000e+00
0.000000000000000000e+00
3.668205295070947614e-07
2.232815859315451235e-06
1.611140191926097032e-06
8.534174753549450543e-07
0.000000000000000000e+00
1.108278866013279185e-06
0.000000000000000000e+00
0.000000000000000000e+00
4.596108169607759919e-07
2.657612094481009990e-05
8.943248758441768587e-06
7.362577434832928702e-06
1.575442865942022763e-06
6.732512929374934174e-07
9.996230119213578291e-07
8.850803396853734739e-07
4.306945811549667269e-06
1.587614406162174419e-06
8.309429517794342246e-07
8.752582289162091911e-06
1.312281597165565472e-06
3.622358462962438352e-06
2.516673930585966446e-06
2.304952886333921924e-06
2.194198458482787828e-07
2.709756472540902905e-07
2.367132765357382596e-06
2.712708919716533273e-06
6.259891961235553026e-06
6.162410386423289310e-07
3.468934437478310429e-06
1.820583179323875811e-06
4.715644081443315372e-06
3.670879596029408276e-05
3.568764441297389567e-06
1.010392588796094060e-05
8.248441190517041832e-06
4.013865236629499123e-06
2.297130095030297525e-06
1.100659210351295769e-05
1.220319609274156392e-05
1.924414755194447935e-05
1.209852825923007913e-06
1.663410148466937244e-05
7.178635314630810171e-06
3.802254923357395455e-06
1.339393520538578741e-06
1.138053175964159891e-05
3.380749831194407307e-06
1.851643560257798526e-06
0.000000000000000000e+00
2.578153441845643101e-07
0.000000000000000000e+00
6.945060249563539401e-06
9.969716074920143001e-07
3.205530845207249513e-07
1.864348632807377726e-06
3.373988022303819889e-07
3.110077102519426262e-07
4.868364158028271049e-06
3.988611751992721111e-06
4.678275217884220183e-06
1.535192859591916203e-05
1.910855871756211855e-06
1.751887225509562995e-06
1.635036642255727202e-05
2.501633616702747531e-06
1.836713408920331858e-06
3.474468030617572367e-06
5.751992830482777208e-06
3.455191972534521483e-06
5.575697286985814571e-06
1.266019171453081071e-05
1.817520001168304589e-06
4.652404186344938353e-06
1.608289835530740675e-06
1.740808102113078348e-07
1.191500018649094272e-07
2.574763584561878815e-06
6.273517705324138660e-09
2.976179757752106525e-06
2.329233552700316068e-07
2.250253146485192701e-06
1.443176813609170495e-07
3.665905410343839321e-07
2.297503442605375312e-06
5.261135527234728215e-08
2.630114522617077455e-06
4.028896000818349421e-06
4.496650376495381352e-07
2.833477992680855095e-06
2.537622776799253188e-06
7.739311627119604964e-07
3.191875748598249629e-06
0.000000000000000000e+00
6.108226443757303059e-06
8.765943562139000278e-07
0.000000000000000000e+00
1.866047796283964999e-07
2.065235321424552239e-06
1.512993321739486419e-06
3.608617475947539788e-07
2.173027723983977921e-06
1.335396973445313051e-06
9.185379212794941850e-07
1.381419224344426766e-06
3.582106501198722981e-06
5.888639407203299925e-07
6.226116511243162677e-07
1.195418235511169769e-06
1.694026650511659682e-06
7.191155759755929466e-07
1.919058604471501894e-06
9.417651199328247458e-06
4.698969405581010506e-06
1.912623474709107541e-06
4.878955337517254520e-07
4.148704192630248144e-06
2.056111270576366223e-06
8.464458574053423945e-07
3.538296482474834193e-07
3.795897498548583826e-07
4.441858720838354202e-07
9.966676088879466988e-07
0.000000000000000000e+00
4.827446105082344729e-07
3.624238464894347089e-09
1.283309636335161485e-08
1.704891701592714526e-06
9.618900094210403040e-07
1.084101199921860825e-06
2.640032107592560351e-06
2.827443665864848299e-07
2.358790879952721298e-06
2.011400681567465654e-07
1.132472107201465406e-06
5.274039722280576825e-06
2.763333561972558527e-08
4.382862073271098780e-08
8.174777690328483004e-07
1.207265427183301654e-06
4.821151833311887458e-07
8.508346382996023749e-08
2.544653376901351294e-08
3.965305097608506912e-07
2.734060444709029980e-06
3.483364480416639708e-06
1.030347291930411302e-07
5.166711503079568502e-08
2.919415010183001868e-06
1.769346567925822455e-06
1.114079850594862364e-06
3.022808186869951896e-06
9.285325290875334758e-07
1.364237789402977796e-07
1.934666613578883698e-07
1.246736900384348701e-07
7.116152119124308228e-06
6.309811055871250574e-07
2.319125997019000351e-06
1.230666839546756819e-06
1.226239163543141331e-07
2.055786829657790804e-08
6.777797239010396879e-07
1.956226043375863810e-07
3.599769115680828691e-06
3.175317715431447141e-06
0.000000000000000000e+00
6.538249053278377687e-09
8.311384469550375798e-09
6.523063120766892098e-07
7.016423069217125885e-07
5.823537776450393721e-06
4.735139100375818089e-06
7.848719718595020822e-08
6.223920649972569663e-07
9.782746701603173278e-07
5.662470314860001963e-08
2.411230681786946661e-08
9.398700058227404952e-07
3.666289103421149775e-06
9.388506327923096251e-07
4.194842233573581325e-07
9.329941264013541513e-08
1.837091645029431675e-06
7.871851153140596580e-07
1.138907190778581935e-08
9.158015927823726088e-06
1.939960014851749293e-07
5.045620810051332228e-07
1.136678292823489755e-06
1.196033394990081433e-06
3.156472303089685738e-06
1.350828142676618882e-06
3.387229980944539420e-07
5.735570312026538886e-07
7.390514866756348056e-08
2.239374907730962150e-07
4.341743533586850390e-07
2.123670412856881740e-07
7.602523055538767949e-08
1.014174245028698351e-06
1.737287675496190786e-06
5.671687972608197015e-07
4.761707543821103172e-07
5.914417897656676359e-07
2.029462393693393096e-07
3.534572897478938103e-06
2.794653539694991196e-07
9.384981467519537546e-07
2.577295617811614648e-06
7.388841822830727324e-07
5.218768706072296482e-07
0.000000000000000000e+00
0.000000000000000000e+00
1.471397240493388381e-06
2.466581008775392547e-06
5.348120453163573984e-07
2.179511398026079405e-07
8.577439416512788739e-07
0.000000000000000000e+00
0.000000000000000000e+00
0.000000000000000000e+00
2.308010449425523802e-09
1.168433083620357138e-08
0.000000000000000000e+00
3.804534799201064743e-06
1.711051481834147125e-06
0.000000000000000000e+00
2.483661546648363583e-06
3.014194227546340699e-09
1.364732327147066826e-08
1.263346973701118259e-07
2.379329515633799019e-07
6.020000910211820155e-06
7.688773280278837774e-07
7.408891178783960640e-06
1.260316082607459975e-07
4.366551138446084224e-07
4.505044870484198327e-08
1.723039190437702928e-06
0.000000000000000000e+00
1.161683144346170593e-06
0.000000000000000000e+00
9.795955975278047845e-07
7.556438958999933675e-06
1.790210717445006594e-07
6.484352184088493232e-07
4.085485215910011902e-06
1.313573676497981069e-07
3.979123903263825923e-06
1.698267055871838238e-06
3.928050773538416252e-07
2.308179546162136830e-06
4.190140714399603894e-07
7.150409260248125065e-07
1.520052501291502267e-05
3.304785138880106388e-07
1.225127306270223926e-07
1.130320992359656884e-08
0.000000000000000000e+00
1.835060402244348410e-11
0.000000000000000000e+00
1.183620270239771344e-06
0.000000000000000000e+00
7.981745966390008107e-07
1.185869109576742630e-06
3.132451524834323209e-07
0.000000000000000000e+00
6.031133580108871683e-06
2.058513217662039096e-07
0.000000000000000000e+00
0.000000000000000000e+00
1.311836058448534459e-06
5.168911698660849652e-08
2.449141902616247535e-07
3.253606735142966500e-07
1.800977429411432240e-07
0.000000000000000000e+00
6.989704445797698465e-15
4.121971869608387351e-06
0.000000000000000000e+00
0.000000000000000000e+00
6.602821400747416192e-08
9.848789659372414462e-07
0.000000000000000000e+00
1.787577843970211688e-06
3.060935114262974821e-07
2.848011718015186489e-06
0.000000000000000000e+00
4.252473786436894443e-07
1.403664828814044085e-08
0.000000000000000000e+00
9.586602622846385202e-09
0.000000000000000000e+00
1.207150148729851935e-07
1.133668376951391110e-07
5.305290429191700241e-09
1.810905843058208120e-07
5.664224431711772922e-07
0.000000000000000000e+00
0.000000000000000000e+00
0.000000000000000000e+00
8.466881418200955522e-09
1.030414065184004357e-08
0.000000000000000000e+00
3.072090848377229122e-08
5.210702269664579944e-08
4.454076361071201973e-07
2.080560790318486397e-08
2.083315919776396186e-08
1.084368341253139079e-05
0.000000000000000000e+00
1.386105577694252133e-05
1.254215703738736920e-06
9.491889613855164498e-06
2.415038579783868045e-06
2.438791625536396168e-06
3.377148459549061954e-06
8.932611983425431390e-09
2.465895647674187785e-07
1.637663103792874608e-06
2.255004574180929922e-07
1.316207800527990912e-07
2.476246985239072274e-09
5.001267027182620950e-07
2.696758087950001936e-07
8.339632984188938281e-08
0.000000000000000000e+00
5.218965704045785969e-09
0.000000000000000000e+00
4.788955152434937190e-07
9.511702501185936853e-07
6.582234277630050201e-07
1.713843715833718306e-07
7.869301157370500732e-07
1.218385023094015196e-06
8.961646358329744544e-08
6.681104309791408014e-07
9.822842912399210036e-07
9.312786986015453294e-09
0.000000000000000000e+00
3.768188889807788655e-07
0.000000000000000000e+00
0.000000000000000000e+00
4.941143050274376947e-09
0.000000000000000000e+00
0.000000000000000000e+00
0.000000000000000000e+00
3.851110097485843653e-09
1.466378591885586502e-07
0.000000000000000000e+00
0.000000000000000000e+00
1.826468178478535265e-06
0.000000000000000000e+00
0.000000000000000000e+00
5.289483056003518868e-07
1.287047126652396400e-07
4.268946529606409968e-09
0.000000000000000000e+00
0.000000000000000000e+00
8.194547831408272032e-07
2.027929753012358560e-07
1.442314214727957733e-07
1.366386470635916339e-07
0.000000000000000000e+00
0.000000000000000000e+00
1.415441033714159857e-06
1.983856989795640402e-08
9.637101356929633766e-07
6.308938509391737171e-07
9.578690729483696487e-09
0.000000000000000000e+00
1.460542886633220405e-08
3.949681740778032690e-06
0.000000000000000000e+00
2.488306272141471709e-08
2.903367430917569436e-07
7.197675586212426424e-06
3.248445068493310828e-07
9.088505521503975615e-07
1.780569789389119251e-07
2.220749820480705239e-06
6.900674520693428349e-07
4.384674411994637921e-06
0.000000000000000000e+00
6.992721637288923375e-07
7.029074708952975925e-07
1.668270677157579485e-08
2.487190045030729380e-07
1.669837672579888022e-07
5.090526542517181952e-07
0.000000000000000000e+00
2.903008464727463434e-07
1.119653120440489147e-06
1.874714996574766701e-07
1.919952637763344683e-06
9.302795689336562646e-08
2.171025528241443681e-07
0.000000000000000000e+00
3.791398484054298024e-08
0.000000000000000000e+00
0.000000000000000000e+00
1.951051764592648397e-08
0.000000000000000000e+00
0.000000000000000000e+00
3.046592755850952017e-09
2.118356823288536361e-09
2.211104117577633588e-07
0.000000000000000000e+00
0.000000000000000000e+00
0.000000000000000000e+00
0.000000000000000000e+00
2.566326656960882246e-06
1.629923196411198205e-09
1.488728997856014757e-07
3.310268311906838790e-06
2.464333874740987085e-06
5.859246243744564708e-07
4.954358132636116352e-07
0.000000000000000000e+00
1.255796746590931434e-07
4.571540159759024391e-07
2.752001080352783902e-07
2.549461669332231395e-06
0.000000000000000000e+00
0.000000000000000000e+00
2.790373855532379821e-06
0.000000000000000000e+00
0.000000000000000000e+00
0.000000000000000000e+00
0.000000000000000000e+00
2.236598817262347438e-07
1.417006778581253457e-08
4.455714019968581852e-07
1.475531576033972669e-06
6.302514510281298499e-09
2.054756897962306539e-08
0.000000000000000000e+00
2.350581780774518847e-06
0.000000000000000000e+00
1.100605828696643584e-08
0.000000000000000000e+00
9.595236605264290120e-09
4.555643862147462642e-09
0.000000000000000000e+00
2.046843121661368059e-07
8.230615122784001869e-08
0.000000000000000000e+00
1.092312302830578119e-07
7.090061870940189692e-08
1.890699152795605187e-09
0.000000000000000000e+00
6.236705729634195450e-08
2.027722985076252371e-06
1.029211034619947895e-06
3.892099357472034171e-06
9.112187626669765450e-07
4.081321549165295437e-06
1.616833401385520119e-06
5.081092808723042253e-07
6.207853857631562278e-07
1.440662686036375817e-06
6.899210347910411656e-06
1.852564111004539882e-07
1.669254459102376131e-07
7.012778269199770875e-07
2.256221478091902100e-06
3.356500712925480912e-07
5.767572019976796582e-07
1.112514496526273433e-06
1.825001959332439583e-06
8.973867693384818267e-07
9.963513321054051630e-07
2.565195131865039002e-07
0.000000000000000000e+00
0.000000000000000000e+00
9.721235016968421405e-08
7.222335085543818423e-08
1.095566943831727258e-07
1.335475872110691853e-06
0.000000000000000000e+00
1.060721729118085932e-06
0.000000000000000000e+00
0.000000000000000000e+00
0.000000000000000000e+00
0.000000000000000000e+00
3.172213837387971580e-06
0.000000000000000000e+00
0.000000000000000000e+00
1.047408773047209252e-07
1.514886327491637985e-09
0.000000000000000000e+00
5.661411705659702420e-06
1.060675280939449294e-08
1.527955504343481152e-07
0.000000000000000000e+00
2.767023943306412548e-07
0.000000000000000000e+00
3.323875716887414455e-06
3.721369566667132034e-12
0.000000000000000000e+00
0.000000000000000000e+00
0.000000000000000000e+00
0.000000000000000000e+00
0.000000000000000000e+00
0.000000000000000000e+00
1.288327311499415373e-08
0.000000000000000000e+00
0.000000000000000000e+00
0.000000000000000000e+00
0.000000000000000000e+00
0.000000000000000000e+00
8.243297600074583897e-09
8.114908212064619875e-08
0.000000000000000000e+00
8.113703415801865049e-07
0.000000000000000000e+00
0.000000000000000000e+00
0.000000000000000000e+00
0.000000000000000000e+00
0.000000000000000000e+00
7.574869620441404550e-09
0.000000000000000000e+00
0.000000000000000000e+00
0.000000000000000000e+00
0.000000000000000000e+00
0.000000000000000000e+00
4.806096853826602455e-07
3.041194247543899110e-07
0.000000000000000000e+00
8.302787364300456829e-07
0.000000000000000000e+00
0.000000000000000000e+00
0.000000000000000000e+00
2.236884029116481543e-07
7.966824000504857395e-07
0.000000000000000000e+00
1.119566150009632111e-06
0.000000000000000000e+00
1.881142566162452567e-07
0.000000000000000000e+00
0.000000000000000000e+00
3.956112326619631858e-09
0.000000000000000000e+00
0.000000000000000000e+00
0.000000000000000000e+00
5.705407488676428329e-07
0.000000000000000000e+00
1.775757368704944383e-06
0.000000000000000000e+00
0.000000000000000000e+00
2.350164686504285783e-05
7.521572570112766698e-06
1.138669290412508417e-06
2.087704409348134504e-08
1.676751253398833796e-06
3.675512161294136604e-08
6.740785465808585286e-06
7.389622282971686218e-07
7.581713248328014743e-07
6.559369580827478785e-08
2.731625841079221573e-07
1.446663304704998154e-06
2.959060019236403605e-08
0.000000000000000000e+00
2.423181229005422210e-07
0.000000000000000000e+00
0.000000000000000000e+00
1.553135462017962709e-06
9.919782684164601960e-08
7.390381284722025157e-08
0.000000000000000000e+00
7.784700756019446999e-06
6.528793505822250154e-07
4.243137539106101030e-07
2.485204220192827052e-08
0.000000000000000000e+00
2.447209681122330949e-06
7.055101605146774091e-07
0.000000000000000000e+00
0.000000000000000000e+00
0.000000000000000000e+00
2.204102855785095016e-07
0.000000000000000000e+00
3.084924315999160171e-08
1.318266527050582226e-06
0.000000000000000000e+00
2.236699401692021638e-06
1.359673404977002065e-07
0.000000000000000000e+00
0.000000000000000000e+00
0.000000000000000000e+00
0.000000000000000000e+00
0.000000000000000000e+00
0.000000000000000000e+00
0.000000000000000000e+00
0.000000000000000000e+00
0.000000000000000000e+00
0.000000000000000000e+00
0.000000000000000000e+00
5.183940174902090803e-06
0.000000000000000000e+00
3.270656279141803680e-08
0.000000000000000000e+00
0.000000000000000000e+00
2.962718212984327693e-07
8.754133529187413387e-10
2.213467631406729197e-09
0.000000000000000000e+00
2.959659923362778500e-06
0.000000000000000000e+00
0.000000000000000000e+00
1.388009529534883768e-08
6.848110842838650569e-07
0.000000000000000000e+00
0.000000000000000000e+00
1.601963894870550575e-08
2.758229200594541908e-08
1.373433189399975163e-08
1.290498374828530359e-08
1.983486974665993330e-08
6.333791824353340871e-10
2.616698679958062712e-08
0.000000000000000000e+00
3.548860050273106026e-08
5.263673870103957597e-07
6.869819912935781758e-07
7.526276135649823118e-07
1.674787171168645727e-07
1.750839714986796025e-06
0.000000000000000000e+00
1.953691537437407533e-07
1.789110342542699073e-06
7.688609571232518647e-07
1.933380815444252221e-07
3.399683691895916127e-06
1.239292487298371270e-06
2.523430339351762086e-06
3.265184432166279294e-06
1.349141030004830100e-07
6.843506525910925120e-07
1.437538514892366948e-07
7.426593242598755751e-07
8.234755455305275973e-08
2.546357791288755834e-07
8.885930924407148268e-07
1.400119629124674248e-07
6.980595799177535810e-07
8.441729164587741252e-07
8.999846841106773354e-07
1.054385645460342857e-08
1.410733943885134067e-06
8.711045751397250569e-08
0.000000000000000000e+00
5.156617817192454822e-07
3.009125464359385660e-07
0.000000000000000000e+00
7.363207998878351646e-08
3.330878371343715116e-06
0.000000000000000000e+00
9.405758838454403303e-09
0.000000000000000000e+00
8.445758794550783932e-07
0.000000000000000000e+00
1.184578550805781560e-07
0.000000000000000000e+00
0.000000000000000000e+00
6.912932448699393717e-09
1.145676353786484469e-08
0.000000000000000000e+00
2.544547328398039099e-08
0.000000000000000000e+00
1.586764426519948756e-07
3.388601328424556414e-07
8.679756469121002738e-09
3.045080063657223945e-07
0.000000000000000000e+00
0.000000000000000000e+00
0.000000000000000000e+00
0.000000000000000000e+00
0.000000000000000000e+00
0.000000000000000000e+00
0.000000000000000000e+00
1.701691738908994722e-11
1.942600817983475281e-07
3.859199182443262544e-07
2.612046898775588488e-07
2.282486005755757219e-10
4.780582685270928778e-07
2.414626578683964908e-07
2.331185442017158493e-06
0.000000000000000000e+00
0.000000000000000000e+00
1.802632368708145805e-06
0.000000000000000000e+00
0.000000000000000000e+00
1.054830931934702676e-06
6.831739369772549253e-07
0.000000000000000000e+00
0.000000000000000000e+00
1.738320861477404833e-06
6.082999437495573147e-09
4.868309311234497727e-09
1.146048020927992184e-07
6.867701518586954990e-09
1.186531939367796440e-08
0.000000000000000000e+00
0.000000000000000000e+00
2.955112421432204428e-08
0.000000000000000000e+00
0.000000000000000000e+00
0.000000000000000000e+00
0.000000000000000000e+00
1.944000516118649102e-09
1.047600832748685207e-07
2.139441193094171467e-07
2.466926929400869994e-08
0.000000000000000000e+00
0.000000000000000000e+00
0.000000000000000000e+00
0.000000000000000000e+00
2.555141804805316497e-07
1.712180846880073659e-06
1.710363051188323880e-07
2.145720685575724929e-07
2.520624775570468046e-07
0.000000000000000000e+00
3.842833962153235916e-08
0.000000000000000000e+00
0.000000000000000000e+00
0.000000000000000000e+00
2.701657138004520675e-07
8.512070621691236738e-07
0.000000000000000000e+00
4.836024203314082115e-08
1.766505448586030980e-07
7.058417281768925022e-07
0.000000000000000000e+00
5.819115411753728040e-09
1.315059616757707772e-09
0.000000000000000000e+00
3.464695552679586399e-08
5.133149016955940169e-09
0.000000000000000000e+00
1.217806811837363057e-06
0.000000000000000000e+00
1.483931755252854146e-09
0.000000000000000000e+00
0.000000000000000000e+00
5.346841636111321350e-09
0.000000000000000000e+00
2.009115718237808323e-08
0.000000000000000000e+00
4.626413030450748920e-09
0.000000000000000000e+00
4.306016165855908184e-08
6.190666645977671578e-09
0.000000000000000000e+00
6.038176536549144657e-08
7.012278757656531525e-09
0.000000000000000000e+00
0.000000000000000000e+00
0.000000000000000000e+00
0.000000000000000000e+00
7.571039906117960072e-10
2.534623718020156957e-06
5.005801551050126363e-09
1.028172300721053034e-05
5.281182211547275074e-07
0.000000000000000000e+00
5.869570486538577825e-06
4.161141532676992938e-06
1.355651988887984771e-06
1.849221689553814940e-06
1.505792056377686094e-06
3.212476258340757340e-07
4.646478313219404299e-09
3.585267052130802767e-07
7.100179573171772063e-07
1.732812393129279371e-06
1.271006794922868721e-06
7.353108344432257582e-07
1.429570033906202298e-06
1.704992627082901890e-07
6.373396672643139027e-07
1.229769850397133268e-07
0.000000000000000000e+00
3.151729742967290804e-06
1.084479173130148411e-08
0.000000000000000000e+00
7.934645718243871215e-10
1.095699644793057814e-06
1.040744876945609576e-07
1.169586084870388731e-06
1.679743263593991287e-06
0.000000000000000000e+00
2.135011982318246737e-06
0.000000000000000000e+00
0.000000000000000000e+00
0.000000000000000000e+00
0.000000000000000000e+00
0.000000000000000000e+00
2.911556293838657439e-07
0.000000000000000000e+00
0.000000000000000000e+00
0.000000000000000000e+00
0.000000000000000000e+00
2.106856982209137641e-07
0.000000000000000000e+00
0.000000000000000000e+00
0.000000000000000000e+00
0.000000000000000000e+00
0.000000000000000000e+00
0.000000000000000000e+00
6.151227527340097367e-09
3.083324884300964186e-07
4.288082493530964712e-07
0.000000000000000000e+00
0.000000000000000000e+00
0.000000000000000000e+00
0.000000000000000000e+00
1.065193799831831711e-07
0.000000000000000000e+00
6.197527824269855046e-08
0.000000000000000000e+00
3.916096602551988326e-08
0.000000000000000000e+00
2.251977946343686199e-07
1.459434315620455891e-07
3.227311822229239624e-07
0.000000000000000000e+00
1.031691443387217078e-08
0.000000000000000000e+00
0.000000000000000000e+00
1.521958115091592845e-09
6.535509022853602801e-09
1.106993749999674037e-06
6.763964393030619249e-07
1.310120438802186982e-07
0.000000000000000000e+00
0.000000000000000000e+00
3.800419090538298406e-09
1.104146907238146014e-08
0.000000000000000000e+00
4.412508580742269260e-09
7.814647915438399650e-07
0.000000000000000000e+00
5.549213142330700066e-07
0.000000000000000000e+00
0.000000000000000000e+00
0.000000000000000000e+00
0.000000000000000000e+00
0.000000000000000000e+00
0.000000000000000000e+00
2.865288806219723483e-08
0.000000000000000000e+00
0.000000000000000000e+00
0.000000000000000000e+00
9.927636028805864044e-07
0.000000000000000000e+00
1.305994534739340907e-09
0.000000000000000000e+00
0.000000000000000000e+00
0.000000000000000000e+00
8.400988349421822932e-09
0.000000000000000000e+00
4.231833994339240235e-09
9.049515483638970181e-07
1.764931425896065775e-06
0.000000000000000000e+00
0.000000000000000000e+00
0.000000000000000000e+00
0.000000000000000000e+00
1.041503537635435350e-06
0.000000000000000000e+00
1.528354545143884025e-07
5.768138748862838838e-07
9.041697012435179204e-06
5.546658940147608519e-06
3.525467491272138432e-07
1.534217290100059472e-06
1.088823808892414036e-09
6.679760531369538512e-07
2.312314961727679474e-07
1.994142451167135732e-07
2.671061338332947344e-06
6.778351234970614314e-06
1.459902421174774645e-09
6.362180897667712998e-07
3.193566271875170060e-06
2.445578047627350315e-06
5.799392965855076909e-07
2.588269296666112496e-07
2.148179419236839749e-06
0.000000000000000000e+00
3.399186653041397221e-06
4.085909949935739860e-06
5.414634642875171266e-07
1.698763441027040244e-07
1.649788487156911287e-06
1.077472347787988838e-06
2.024229814878708567e-07
4.970844003082675044e-08
3.196817033312981948e-07
1.668102754592837300e-06
2.996986658843070472e-09
2.286334819245894323e-07
3.996654118765263775e-09
9.755322771809460392e-09
7.930616874318729970e-08
0.000000000000000000e+00
1.599506305183240329e-08
2.812051036471530097e-08
5.428618351288605481e-06
0.000000000000000000e+00
2.720802513067610562e-06
7.399869605961839625e-09
0.000000000000000000e+00
0.000000000000000000e+00
0.000000000000000000e+00
1.127799009736918379e-06
0.000000000000000000e+00
1.821123305489891209e-07
0.000000000000000000e+00
1.176416963843962549e-09
1.176008055381316808e-07
2.670910532742709620e-07
0.000000000000000000e+00
0.000000000000000000e+00
0.000000000000000000e+00
0.000000000000000000e+00
0.000000000000000000e+00
6.312505629324505207e-09
8.070264243542624172e-07
3.701821427171125833e-08
0.000000000000000000e+00
0.000000000000000000e+00
0.000000000000000000e+00
0.000000000000000000e+00
0.000000000000000000e+00
0.000000000000000000e+00
0.000000000000000000e+00
0.000000000000000000e+00
0.000000000000000000e+00
0.000000000000000000e+00
0.000000000000000000e+00
2.149408473428593425e-08
0.000000000000000000e+00
0.000000000000000000e+00
0.000000000000000000e+00
0.000000000000000000e+00
0.000000000000000000e+00
0.000000000000000000e+00
7.069132501591468554e-10
5.497942656695897767e-10
0.000000000000000000e+00
8.324473554921496543e-08
3.964470085549010037e-09
1.747909550431359094e-07
5.757781309512211010e-07
4.102399202565720771e-07
1.368658502087782836e-07
4.926437591201704436e-10
0.000000000000000000e+00
1.165265075542265549e-07
0.000000000000000000e+00
1.905735658169760427e-08
8.750642450650047977e-07
3.671818262773740571e-07
0.000000000000000000e+00
0.000000000000000000e+00
0.000000000000000000e+00
0.000000000000000000e+00
0.000000000000000000e+00
0.000000000000000000e+00
3.499530942807638212e-10
6.608221081449983103e-09
0.000000000000000000e+00
0.000000000000000000e+00
0.000000000000000000e+00
1.964679441357475298e-08
3.059881792388807753e-10
3.720256245287600905e-07
0.000000000000000000e+00
0.000000000000000000e+00
0.000000000000000000e+00
0.000000000000000000e+00
8.064754197789625323e-09
2.676963184455871669e-08
0.000000000000000000e+00
5.838883598840993727e-09
3.843884321952373284e-09
0.000000000000000000e+00
0.000000000000000000e+00
1.066703134711133316e-07
0.000000000000000000e+00
0.000000000000000000e+00
0.000000000000000000e+00
4.812710812984732911e-06
0.000000000000000000e+00
0.000000000000000000e+00
2.145701324951510003e-11
7.935391899138721783e-09
3.976114385295659304e-06
9.826476521368476824e-09
3.932765668679394366e-09
0.000000000000000000e+00
0.000000000000000000e+00
0.000000000000000000e+00
0.000000000000000000e+00
7.816824521000853565e-09
1.593468468286118878e-09
0.000000000000000000e+00
6.078003480070037767e-06
2.701369083979443531e-08
0.000000000000000000e+00
3.398646640562219545e-06
1.325922085015918128e-06
0.000000000000000000e+00
0.000000000000000000e+00
0.000000000000000000e+00
5.090282417796743175e-09
3.291519306003465317e-07
0.000000000000000000e+00
0.000000000000000000e+00
1.133178315626537369e-07
0.000000000000000000e+00
0.000000000000000000e+00
0.000000000000000000e+00
5.519265489084546061e-09
3.020373640083562350e-07
0.000000000000000000e+00
9.940506373595781042e-08
8.227930003990024943e-10
0.000000000000000000e+00
4.272869835730830346e-10
0.000000000000000000e+00
1.708012405288172886e-06
6.234608918020967394e-07
4.393711606098804623e-06
1.753961441863793880e-06
6.274215138546423987e-06
2.064155978587223217e-06
4.285517206881195307e-06
2.162445156272951863e-07
3.741356522368732840e-07
5.808464720757910982e-06
8.760287641962349880e-07
5.118786702951183543e-06
0.000000000000000000e+00
0.000000000000000000e+00
1.314390516427010880e-07
6.836960437794914469e-07
4.538816483545815572e-06
9.303408319283335004e-07
2.422505758659099229e-06
3.068942078243708238e-07
4.584564123888412723e-07
7.597355278221584740e-08
3.979379471275024116e-06
3.738623263416229747e-06
8.950484584602236282e-07
0.000000000000000000e+00
8.575027550250524655e-07
9.739316055856761523e-07
2.312314961727679474e-07
0.000000000000000000e+00
1.028069505082385149e-07
0.000000000000000000e+00
7.043831740105588324e-09
0.000000000000000000e+00
0.000000000000000000e+00
4.788391350096787846e-10
2.597304046503268182e-06
6.125037543824873865e-07
3.947594251485497807e-09
5.990223428398167016e-09
0.000000000000000000e+00
1.532475693011292606e-07
0.000000000000000000e+00
1.501913061474624556e-06
0.000000000000000000e+00
0.000000000000000000e+00
0.000000000000000000e+00
0.000000000000000000e+00
0.000000000000000000e+00
0.000000000000000000e+00
4.679418452724348754e-07
6.207696401361317839e-08
0.000000000000000000e+00
2.362210267392583773e-07
0.000000000000000000e+00
0.000000000000000000e+00
7.682031011313483759e-09
6.621038437515380792e-07
1.459529119784974682e-08
3.406647977044485742e-07
0.000000000000000000e+00
0.000000000000000000e+00
8.472766808154119644e-07
6.885637304776537349e-08
7.736552731785195647e-08
1.145096007348911371e-06
4.368757799966260791e-06
0.000000000000000000e+00
1.474994064665224869e-07
3.605950027463222796e-08
0.000000000000000000e+00
0.000000000000000000e+00
0.000000000000000000e+00
0.000000000000000000e+00
1.418503092764922258e-08
0.000000000000000000e+00
0.000000000000000000e+00
2.656983269844204187e-06
4.893642824299604399e-08
0.000000000000000000e+00
0.000000000000000000e+00
0.000000000000000000e+00
0.000000000000000000e+00
2.934285419087245828e-07
1.857434739349628217e-07
5.094232164992718026e-07
4.620614504347031470e-07
0.000000000000000000e+00
0.000000000000000000e+00
5.639809685931140848e-08
0.000000000000000000e+00
7.236091281725975932e-09
4.520429399690328864e-07
7.678954361267642525e-09
3.406827175922444439e-08
4.186384572335555276e-09
0.000000000000000000e+00
0.000000000000000000e+00
3.698011710184800904e-07
5.464612513605970889e-07
0.000000000000000000e+00
4.243351554578111973e-07
3.870504770020488650e-07
0.000000000000000000e+00
6.336532187845023145e-09
0.000000000000000000e+00
0.000000000000000000e+00
0.000000000000000000e+00
6.197337398816671339e-08
2.576394919628910429e-08
0.000000000000000000e+00
7.868088403029105393e-09
0.000000000000000000e+00
9.315518134656031179e-09
0.000000000000000000e+00
0.000000000000000000e+00
1.444144231754762586e-06
5.544913150856700668e-08
0.000000000000000000e+00
6.836216481787005250e-09
8.720304478515572555e-09
0.000000000000000000e+00
0.000000000000000000e+00
0.000000000000000000e+00
0.000000000000000000e+00
0.000000000000000000e+00
0.000000000000000000e+00
0.000000000000000000e+00
4.015886734265450286e-09
3.731476461155125435e-09
9.016666240313497838e-07
1.688465090410318226e-06
0.000000000000000000e+00
9.710749964142451063e-07
1.615897531337395776e-06
5.691713056421576766e-08
3.089135702794010285e-07
1.225275099159262027e-07
9.479030005365984834e-09
2.314153903226756626e-11
0.000000000000000000e+00
0.000000000000000000e+00
2.151298161834347411e-08
0.000000000000000000e+00
1.639960700572373753e-08
6.180762013308083169e-10
0.000000000000000000e+00
0.000000000000000000e+00
0.000000000000000000e+00
8.093501868700059276e-09
2.089171680097479111e-08
3.949360305455229536e-08
9.465319195101074001e-09
5.642921863113770087e-08
7.398767376542991769e-09
5.763245553680462763e-06
1.398192580381873995e-06
2.007879942311774357e-07
2.905480016579531366e-07
1.281726440538477618e-06
1.456196656590691418e-07
1.437557102690334432e-06
0.000000000000000000e+00
4.786758154295966960e-07
6.295083949225954711e-06
6.789134658902185038e-07
4.221434664941625670e-06
5.522406922864320222e-07
7.152895591389096808e-07
2.573471533651172649e-07
6.595591912628151476e-07
9.028005365507851820e-07
1.765402544151584152e-06
0.000000000000000000e+00
2.668550041562411934e-05
8.429320814684615470e-07
2.782296633085934445e-07
0.000000000000000000e+00
1.881109596979513299e-07
2.655575315202440834e-07
2.608207694265729515e-07
2.070326274861145066e-07
1.182188658077620858e-08
0.000000000000000000e+00
5.403692604488696816e-09
0.000000000000000000e+00
4.916263378618168645e-07
0.000000000000000000e+00
0.000000000000000000e+00
0.000000000000000000e+00
0.000000000000000000e+00
0.000000000000000000e+00
0.000000000000000000e+00
9.941897083365347498e-09
1.020937023810120081e-08
2.492087787686614320e-06
8.721754873874942859e-09
4.850274493151118804e-08
1.750479299289509072e-07
0.000000000000000000e+00
1.012110146803024691e-06
0.000000000000000000e+00
0.000000000000000000e+00
0.000000000000000000e+00
7.661896894717301620e-09
2.039831770161981694e-07
0.000000000000000000e+00
9.067074202562253049e-09
0.000000000000000000e+00
5.380785150777001036e-09
3.689005989571114696e-09
0.000000000000000000e+00
0.000000000000000000e+00
0.000000000000000000e+00
0.000000000000000000e+00
0.000000000000000000e+00
3.790054492469607794e-09
0.000000000000000000e+00
3.757921085423276963e-09
0.000000000000000000e+00
0.000000000000000000e+00
8.469272643196745776e-07
0.000000000000000000e+00
0.000000000000000000e+00
7.080434849537908804e-11
0.000000000000000000e+00
5.339406694560011601e-09
0.000000000000000000e+00
0.000000000000000000e+00
0.000000000000000000e+00
5.060412533453018114e-09
4.144028480368433520e-07
0.000000000000000000e+00
0.000000000000000000e+00
0.000000000000000000e+00
0.000000000000000000e+00
8.267139861573014059e-09
0.000000000000000000e+00
2.650484702826361172e-07
0.000000000000000000e+00
0.000000000000000000e+00
0.000000000000000000e+00
0.000000000000000000e+00
0.000000000000000000e+00
4.385971976716973586e-07
2.335246165330318036e-07
3.992306929490041512e-09
1.100626292327433475e-07
6.116414965617877897e-07
6.508430772100837203e-08
0.000000000000000000e+00
0.000000000000000000e+00
0.000000000000000000e+00
0.000000000000000000e+00
0.000000000000000000e+00
2.872468707337816340e-09
0.000000000000000000e+00
0.000000000000000000e+00
0.000000000000000000e+00
2.494066286828910961e-08
0.000000000000000000e+00
1.103838229710163432e-07
2.706405943797562941e-08
8.383895661046025793e-11
0.000000000000000000e+00
0.000000000000000000e+00
1.390927877764625009e-06
1.239197633395860976e-08
2.604853648335847538e-07
1.706012042745896906e-08
0.000000000000000000e+00
0.000000000000000000e+00
0.000000000000000000e+00
0.000000000000000000e+00
4.334631739766336977e-06
2.166760992849958711e-09
0.000000000000000000e+00
0.000000000000000000e+00
0.000000000000000000e+00
2.427654077763463647e-09
0.000000000000000000e+00
7.685076575114635489e-09
0.000000000000000000e+00
6.190201240485748713e-09
2.823700440135468170e-10
4.228648542436985736e-09
0.000000000000000000e+00
0.000000000000000000e+00
6.292916743255716483e-10
0.000000000000000000e+00
5.333235186810725281e-09
0.000000000000000000e+00
0.000000000000000000e+00
0.000000000000000000e+00
7.317436825360346120e-07
1.551651280351507012e-06
0.000000000000000000e+00
0.000000000000000000e+00
3.482115928932216775e-09
0.000000000000000000e+00
0.000000000000000000e+00
7.803767076985934636e-10
0.000000000000000000e+00
7.851659766799912177e-09
4.755680849122256859e-10
0.000000000000000000e+00
0.000000000000000000e+00
0.000000000000000000e+00
9.727080474419835809e-09
0.000000000000000000e+00
0.000000000000000000e+00
2.457766754559997935e-07
0.000000000000000000e+00
0.000000000000000000e+00
0.000000000000000000e+00
1.246371652996458579e-06
1.746735870256088674e-05
6.657147366695426172e-08
7.393373380182310939e-08
4.565088147501228377e-06
3.749357091464844416e-08
5.917213385941977322e-09
1.214690237283377883e-09
0.000000000000000000e+00
1.120145157074148301e-06
2.874162703392357798e-07
9.132347258855588734e-06
3.375375399627955630e-06
6.468838620321548660e-08
2.185965286116697825e-06
9.565625305185676552e-07
1.625169375074619893e-06
1.156796088253031485e-06
6.540170147673052270e-07
3.644103969691059319e-07
4.872044314652157482e-07
6.787302453403754043e-08
7.299439630514825694e-07
1.094667140932870097e-06
1.621469891688320786e-07
1.671302015893161297e-06
2.448791462938970653e-07
1.027269158626609169e-09
8.236664257310621906e-07
6.346894121378454656e-09
0.000000000000000000e+00
0.000000000000000000e+00
0.000000000000000000e+00
3.270584443271218333e-07
5.217315912631192987e-09
1.252391712114331312e-06
0.000000000000000000e+00
4.768648587116786075e-09
2.194946233657901757e-07
5.164438832139239821e-08
1.969142848778915322e-09
3.977377360797618167e-08
0.000000000000000000e+00
6.711651234780902087e-09
1.362405726013093954e-07
0.000000000000000000e+00
0.000000000000000000e+00
1.876850230786430984e-09
0.000000000000000000e+00
0.000000000000000000e+00
8.863976290740538388e-06
5.049906235399248544e-07
4.342968651371847955e-09
0.000000000000000000e+00
0.000000000000000000e+00
9.591573091327632028e-10
0.000000000000000000e+00
0.000000000000000000e+00
7.662766279281640891e-07
5.174839445842849273e-10
0.000000000000000000e+00
7.990998796003623283e-08
4.734519443161389063e-09
6.100100868877689209e-09
3.264477799191922713e-09
0.000000000000000000e+00
3.106532275864992698e-08
8.016010042410925962e-07
1.394178497093889746e-07
1.874932280543362140e-07
5.239665057388265268e-08
2.183489726803600206e-07
0.000000000000000000e+00
0.000000000000000000e+00
9.349593987906246184e-09
1.078257923836645205e-06
1.380594638611398750e-09
7.710718818998429924e-07
0.000000000000000000e+00
0.000000000000000000e+00
0.000000000000000000e+00
3.904835566004294378e-09
0.000000000000000000e+00
3.701178385995262943e-08
2.467310133980049613e-09
0.000000000000000000e+00
0.000000000000000000e+00
0.000000000000000000e+00
0.000000000000000000e+00
6.572448141284326084e-10
5.352981391482103390e-10
0.000000000000000000e+00
0.000000000000000000e+00
2.138087396019727748e-08
0.000000000000000000e+00
0.000000000000000000e+00
0.000000000000000000e+00
0.000000000000000000e+00
0.000000000000000000e+00
7.050546813047731121e-09
0.000000000000000000e+00
2.931508547021621780e-08
0.000000000000000000e+00
9.608799977911530732e-09
1.336633248527618889e-09
1.964453266722898661e-09
0.000000000000000000e+00
3.834252915169145126e-09
3.068917919790692395e-08
0.000000000000000000e+00
0.000000000000000000e+00
1.958096323972924324e-10
1.975471342063883640e-09
0.000000000000000000e+00
0.000000000000000000e+00
0.000000000000000000e+00
0.000000000000000000e+00
0.000000000000000000e+00
9.988432303487115860e-09
1.817090644617991302e-10
1.210987221611503628e-07
0.000000000000000000e+00
3.857558894537760352e-08
2.232556362002924288e-09
0.000000000000000000e+00
0.000000000000000000e+00
0.000000000000000000e+00
0.000000000000000000e+00
1.839555507920920263e-09
1.123004134129246268e-09
0.000000000000000000e+00
1.932718568520286340e-10
1.300721486074962741e-08
8.538490803289278119e-09
1.007972194599915383e-08
2.302831703104857297e-09
2.369668408164216089e-07
1.061166532423385434e-08
2.739683395702741109e-07
1.647088083700509742e-07
1.110696068451488827e-08
2.290595491061253597e-09
2.784672270550458961e-09
1.016533360598259605e-06
3.755989155251882039e-06
1.555489461679826491e-07
0.000000000000000000e+00
0.000000000000000000e+00
3.225160071451682597e-06
1.614456479615000717e-08
0.000000000000000000e+00
1.859859821706777439e-06
1.883765037291595945e-07
6.068958100513555110e-06
2.192009333157329820e-06
1.488341752065025503e-07
1.551150035083992407e-06
9.881325695459963754e-07
6.385340043379983399e-07
1.354240680484508630e-06
5.109812377668276895e-07
7.305855120876003639e-08
2.160833219022606499e-07
2.441698541133519029e-07
1.242600205841881689e-06
2.103261209640550078e-07
1.021744765239418484e-06
0.000000000000000000e+00
0.000000000000000000e+00
3.650468443083809689e-07
1.779728563633398153e-06
1.932995985498564551e-08
0.000000000000000000e+00
0.000000000000000000e+00
9.013042046035479871e-08
0.000000000000000000e+00
7.968062654128971189e-09
7.399224273285653908e-07
1.306935892841920577e-09
0.000000000000000000e+00
0.000000000000000000e+00
0.000000000000000000e+00
7.421564252041434884e-09
0.000000000000000000e+00
0.000000000000000000e+00
0.000000000000000000e+00
0.000000000000000000e+00
0.000000000000000000e+00
4.212564963523846018e-09
4.577208390088571832e-09
0.000000000000000000e+00
0.000000000000000000e+00
0.000000000000000000e+00
2.907426965848003420e-09
9.052065053083424573e-08
1.367180971101333853e-06
2.313411187060410157e-06
0.000000000000000000e+00
1.584203914717363659e-07
0.000000000000000000e+00
0.000000000000000000e+00
7.977438265527325711e-09
0.000000000000000000e+00
4.501162038650363684e-07
0.000000000000000000e+00
0.000000000000000000e+00
3.242384138957277173e-07
3.058086690543859731e-07
0.000000000000000000e+00
0.000000000000000000e+00
1.394920956521161770e-09
0.000000000000000000e+00
0.000000000000000000e+00
3.985057617228449089e-08
2.287061988681671210e-06
0.000000000000000000e+00
3.655539160263288068e-08
0.000000000000000000e+00
4.679187592948608199e-10
3.410115596125251614e-06
0.000000000000000000e+00
0.000000000000000000e+00
0.000000000000000000e+00
7.008839020272716880e-08
0.000000000000000000e+00
0.000000000000000000e+00
2.430066370351369187e-09
6.124094120707468392e-09
0.000000000000000000e+00
8.584643551579063114e-10
0.000000000000000000e+00
0.000000000000000000e+00
0.000000000000000000e+00
0.000000000000000000e+00
0.000000000000000000e+00
9.411798451708364155e-09
2.205576166147693584e-08
6.209635898812848609e-07
4.405174252042343142e-07
6.795728069164397311e-08
6.055380907810103963e-08
5.406054981449415209e-08
0.000000000000000000e+00
6.569936150668809205e-09
0.000000000000000000e+00
4.484635773849277030e-09
1.559034558340499643e-06
7.906109544819628354e-07
1.533767141070896400e-10
3.951467704155220417e-07
9.272777674595999997e-07
7.871437901485478505e-08
0.000000000000000000e+00
0.000000000000000000e+00
0.000000000000000000e+00
5.576491352021761827e-11
6.517006045925199942e-09
7.182822336915251071e-09
1.510915581093286164e-06
0.000000000000000000e+00
1.096150015200691996e-07
0.000000000000000000e+00
8.896159364724098850e-09
9.531764960657440611e-11
1.376136649078318896e-09
0.000000000000000000e+00
0.000000000000000000e+00
4.759055816094814872e-09
0.000000000000000000e+00
0.000000000000000000e+00
2.087590988963938798e-09
0.000000000000000000e+00
0.000000000000000000e+00
8.858961564328637905e-09
0.000000000000000000e+00
4.093802241644795004e-10
9.849487447866067669e-09
1.255442612091428600e-06
0.000000000000000000e+00
4.794801498064771295e-07
4.054339364234493814e-10
3.417417737683337009e-10
0.000000000000000000e+00
0.000000000000000000e+00
0.000000000000000000e+00
0.000000000000000000e+00
6.099373450751954806e-09
0.000000000000000000e+00
0.000000000000000000e+00
0.000000000000000000e+00
2.642503771355109166e-09
1.800726567857680038e-09
1.134491185439401306e-07
0.000000000000000000e+00
9.715760640460757713e-09
3.624810176461323863e-07
7.345204835473850835e-07
4.638911832444136962e-06
0.000000000000000000e+00
1.587012229720130563e-05
0.000000000000000000e+00
4.963468427376938052e-07
1.104841317101090681e-06
2.750169869614182971e-06
3.147884797272126889e-07
3.200963760718877893e-07
4.805938260687980801e-07
6.392825380174826932e-09
2.307049271621508524e-07
8.029284117583301850e-07
9.280181529902620241e-07
1.315954563096966012e-07
7.168906108745431993e-07
2.175451596642119512e-09
0.000000000000000000e+00
1.761302996783342678e-07
2.043802105333725194e-08
4.721313118238867901e-08
9.331105843557452317e-08
0.000000000000000000e+00
0.000000000000000000e+00
0.000000000000000000e+00
0.000000000000000000e+00
8.615780302534403745e-07
6.051148915275916806e-09
0.000000000000000000e+00
0.000000000000000000e+00
7.343893271283263857e-10
0.000000000000000000e+00
1.462479417568829376e-07
2.358314503680958296e-07
0.000000000000000000e+00
9.696407232695491984e-08
2.335168280964694532e-09
0.000000000000000000e+00
0.000000000000000000e+00
0.000000000000000000e+00
4.053907431966763397e-09
8.652276228815480863e-09
3.359373010880517540e-07
0.000000000000000000e+00
8.450940640614135191e-07
0.000000000000000000e+00
1.195180630020331591e-06
8.286503572207948309e-08
0.000000000000000000e+00
0.000000000000000000e+00
4.355055338578495139e-08
0.000000000000000000e+00
2.477572138559480663e-07
0.000000000000000000e+00
0.000000000000000000e+00
0.000000000000000000e+00
9.739107298400995205e-08
0.000000000000000000e+00
0.000000000000000000e+00
0.000000000000000000e+00
2.532189569137699436e-07
0.000000000000000000e+00
1.836748353412076540e-08
1.387335135660805463e-08
0.000000000000000000e+00
0.000000000000000000e+00
0.000000000000000000e+00
4.199990826236899011e-07
0.000000000000000000e+00
9.541312628869036416e-09
9.955150517271249555e-07
5.039868256062618457e-07
3.342066747791250236e-07
2.268815135764157276e-09
1.157766575943242060e-07
0.000000000000000000e+00
3.524674108135172901e-09
0.000000000000000000e+00
0.000000000000000000e+00
0.000000000000000000e+00
0.000000000000000000e+00
9.915038567953615711e-09
0.000000000000000000e+00
0.000000000000000000e+00
0.000000000000000000e+00
2.266518306370812752e-09
0.000000000000000000e+00
8.643164761679145158e-08
0.000000000000000000e+00
0.000000000000000000e+00
0.000000000000000000e+00
0.000000000000000000e+00
3.246588775596137566e-08
0.000000000000000000e+00
1.784095786661055172e-07
0.000000000000000000e+00
0.000000000000000000e+00
4.925654479848162737e-07
5.175513351218796743e-09
0.000000000000000000e+00
2.217775652013642684e-08
3.247806290573862498e-08
0.000000000000000000e+00
3.796059910854410191e-09
0.000000000000000000e+00
5.271389547090166161e-09
0.000000000000000000e+00
0.000000000000000000e+00
5.631577426612466297e-09
0.000000000000000000e+00
7.146034874949691584e-09
2.344251370800520817e-08
0.000000000000000000e+00
0.000000000000000000e+00
3.637559808922219418e-09
2.182508751502609812e-06
0.000000000000000000e+00
1.382514369652199093e-07
0.000000000000000000e+00
4.040454015807881660e-08
0.000000000000000000e+00
0.000000000000000000e+00
0.000000000000000000e+00
0.000000000000000000e+00
1.215930933540221304e-05
6.410335373630005051e-08
5.820871340489475187e-09
0.000000000000000000e+00
0.000000000000000000e+00
0.000000000000000000e+00
3.913071964234404732e-07
3.756158264422992943e-07
0.000000000000000000e+00
0.000000000000000000e+00
2.912132117671717424e-07
5.109682774673274253e-07
1.197509735817448018e-08
9.499793236500408966e-07
5.652125878441438545e-07
6.900446010149607901e-07
1.690291810518829152e-06
1.617219595573260449e-06
2.712206992327992339e-07
3.848228971037315205e-06
7.608727514707425144e-07
1.710132210064330138e-06
8.242220133070077281e-07
1.383283034783744370e-07
1.660714019635634031e-07
9.192363847887463635e-08
6.273919552768347785e-07
3.014230742337531410e-06
5.470145651997881941e-07
9.265885836384768481e-09
4.677152105614368338e-07
4.082100701907620532e-07
2.299175747566550854e-07
8.685757393323001452e-07
8.418345487370970659e-08
1.986834092804201646e-07
3.093478255777881714e-07
1.010360392683651298e-06
1.388107307320751715e-06
3.509191515149723273e-07
2.580243858574249316e-07
0.000000000000000000e+00
0.000000000000000000e+00
0.000000000000000000e+00
2.184580409902991960e-07
6.219271426743944176e-07
4.192500000499421731e-06
9.264518325835524593e-07
2.378893441346008331e-06
7.560533532569024828e-09
8.394991923843519999e-10
7.149096290959278122e-06
0.000000000000000000e+00
1.538681857482515625e-07
8.474131618640967645e-09
0.000000000000000000e+00
4.655674388232000638e-07
0.000000000000000000e+00
2.138562393838583375e-07
0.000000000000000000e+00
2.670331582521612290e-07
1.700556822470389307e-06
0.000000000000000000e+00
0.000000000000000000e+00
9.213995326717849821e-07
7.290229753209587216e-09
0.000000000000000000e+00
0.000000000000000000e+00
0.000000000000000000e+00
0.000000000000000000e+00
7.074900665315908554e-10
0.000000000000000000e+00
6.717071698858489981e-08
7.259562551098497352e-08
9.565942704625740589e-09
7.476213426116373739e-08
0.000000000000000000e+00
0.000000000000000000e+00
0.000000000000000000e+00
0.000000000000000000e+00
8.722588518139673397e-08
0.000000000000000000e+00
0.000000000000000000e+00
0.000000000000000000e+00
2.377136638642696198e-07
7.848634631102413550e-09
7.758044944239372853e-07
8.632412118458887562e-07
3.596478791223489679e-06
3.075005139407949173e-08
0.000000000000000000e+00
0.000000000000000000e+00
0.000000000000000000e+00
0.000000000000000000e+00
0.000000000000000000e+00
0.000000000000000000e+00
0.000000000000000000e+00
0.000000000000000000e+00
0.000000000000000000e+00
3.196015452289202585e-09
0.000000000000000000e+00
3.026157457952649565e-08
2.417636551399482414e-06
0.000000000000000000e+00
0.000000000000000000e+00
0.000000000000000000e+00
0.000000000000000000e+00
2.829596041920012794e-06
3.409575288770838597e-09
0.000000000000000000e+00
0.000000000000000000e+00
0.000000000000000000e+00
0.000000000000000000e+00
5.615550691118187387e-09
0.000000000000000000e+00
0.000000000000000000e+00
2.292823930716281211e-09
0.000000000000000000e+00
8.403564066838953295e-08
0.000000000000000000e+00
5.092388732919062022e-09
0.000000000000000000e+00
0.000000000000000000e+00
0.000000000000000000e+00
0.000000000000000000e+00
5.819499548920248344e-09
4.521639063170823647e-09
0.000000000000000000e+00
5.780234069163725508e-09
9.425406943819325534e-08
0.000000000000000000e+00
0.000000000000000000e+00
7.498321408228036944e-12
0.000000000000000000e+00
4.186782462056726217e-06
1.156416419689776376e-05
0.000000000000000000e+00
0.000000000000000000e+00
0.000000000000000000e+00
4.728905480533285299e-07
0.000000000000000000e+00
4.683625149937142851e-07
6.287534120019699913e-07
5.771864834969164804e-07
3.801442494122397875e-10
0.000000000000000000e+00
2.152454783299617702e-07
1.085892563423840329e-06
6.697413823530951049e-07
8.793639949544740375e-08
6.051316745470103342e-07
2.521182693726586876e-07
1.331969770035357215e-07
1.700338430055126082e-07
0.000000000000000000e+00
1.186772236039246309e-09
2.222793540340717300e-07
0.000000000000000000e+00
1.122902748562637498e-08
1.017539830172609072e-06
1.436380756558719440e-07
0.000000000000000000e+00
6.816087250172131462e-08
1.025933258347322408e-07
1.330243151187460171e-07
0.000000000000000000e+00
0.000000000000000000e+00
7.193141016159643186e-08
0.000000000000000000e+00
0.000000000000000000e+00
5.360004351473435236e-08
7.954072955840274517e-09
0.000000000000000000e+00
0.000000000000000000e+00
0.000000000000000000e+00
0.000000000000000000e+00
7.808647524143452756e-07
5.138838901075359900e-07
1.613462217164851609e-07
0.000000000000000000e+00
0.000000000000000000e+00
4.257175078237196431e-06
1.504643165617380873e-08
4.714775627689959947e-07
0.000000000000000000e+00
0.000000000000000000e+00
5.449588003081373699e-11
0.000000000000000000e+00
0.000000000000000000e+00
0.000000000000000000e+00
4.210065185361600015e-09
0.000000000000000000e+00
1.589514853073126233e-09
2.727763437349040032e-08
1.718155617780325883e-09
4.085600746606132816e-09
0.000000000000000000e+00
0.000000000000000000e+00
2.333132798071346770e-08
4.847632681048708037e-06
0.000000000000000000e+00
1.141812311367118582e-09
0.000000000000000000e+00
8.295977238503837725e-08
0.000000000000000000e+00
0.000000000000000000e+00
0.000000000000000000e+00
1.044040964792714021e-09
0.000000000000000000e+00
0.000000000000000000e+00
9.101481879270068021e-08
0.000000000000000000e+00
0.000000000000000000e+00
2.870581283787032589e-07
1.685411774587919354e-07
5.262771196612447966e-07
0.000000000000000000e+00
0.000000000000000000e+00
2.352020089801953873e-07
6.914086725373636000e-07
1.104344060642858949e-09
0.000000000000000000e+00
0.000000000000000000e+00
0.000000000000000000e+00
3.963008566643111408e-06
0.000000000000000000e+00
0.000000000000000000e+00
0.000000000000000000e+00
3.943895432456656636e-09
1.584496700512971756e-10
0.000000000000000000e+00
1.332663714492809959e-06
3.766917888725629382e-09
0.000000000000000000e+00
0.000000000000000000e+00
0.000000000000000000e+00
0.000000000000000000e+00
5.053106891250713772e-11
9.930735345164976025e-09
0.000000000000000000e+00
9.995299032894422453e-11
0.000000000000000000e+00
3.098263732681516558e-06
0.000000000000000000e+00
0.000000000000000000e+00
0.000000000000000000e+00
0.000000000000000000e+00
0.000000000000000000e+00
0.000000000000000000e+00
0.000000000000000000e+00
1.220127199275111707e-08
3.075493415494179317e-09
0.000000000000000000e+00
0.000000000000000000e+00
0.000000000000000000e+00
0.000000000000000000e+00
1.457578605368325952e-06
3.861964970042208734e-09
0.000000000000000000e+00
1.809365670624174527e-07
0.000000000000000000e+00
0.000000000000000000e+00
0.000000000000000000e+00
0.000000000000000000e+00
0.000000000000000000e+00
5.050506235448892767e-09
0.000000000000000000e+00
0.000000000000000000e+00
1.456004539157618183e-09
2.561291978508961620e-07
4.662392427690065233e-08
4.185881437024363549e-07
9.955023188013001345e-07
1.971490348751103738e-08
6.250982664823823143e-07
8.494919256918365136e-08
1.458141582588723395e-06
2.421063527435762808e-07
0.000000000000000000e+00
1.726076988006752799e-07
1.159207727141620126e-06
1.004547470984107349e-06
5.617135911961668171e-08
4.720640447430923814e-07
1.321157583333842922e-07
6.776349437132012099e-07
4.156182967562926933e-06
5.930832571721111890e-07
0.000000000000000000e+00
4.978337742045368941e-08
1.437324073094714549e-07
9.679706636234186590e-07
1.550877826161922712e-08
8.947425840233336203e-07
4.591787728713825345e-06
1.810655135159322526e-06
9.776430260899360292e-07
0.000000000000000000e+00
1.012879948802947183e-07
0.000000000000000000e+00
2.590340670849400340e-07
2.305187507545269909e-08
0.000000000000000000e+00
9.580813298271095846e-08
2.367914476053556427e-06
0.000000000000000000e+00
6.946670794150122674e-09
7.647132704846626439e-09
1.712562647249171732e-09
5.955164805726553823e-09
1.525068142882446409e-07
3.914881290256744251e-07
1.780911134119378403e-07
0.000000000000000000e+00
0.000000000000000000e+00
6.802772567482406885e-09
0.000000000000000000e+00
0.000000000000000000e+00
0.000000000000000000e+00
0.000000000000000000e+00
0.000000000000000000e+00
0.000000000000000000e+00
0.000000000000000000e+00
0.000000000000000000e+00
0.000000000000000000e+00
5.463941761263413355e-07
2.804704593017959269e-07
1.359908196718606632e-06
0.000000000000000000e+00
0.000000000000000000e+00
0.000000000000000000e+00
0.000000000000000000e+00
0.000000000000000000e+00
0.000000000000000000e+00
0.000000000000000000e+00
3.738409581899304612e-09
3.650048041592413028e-09
2.054629675285468693e-07
0.000000000000000000e+00
3.645066328772372799e-07
4.933274233565043687e-09
0.000000000000000000e+00
0.000000000000000000e+00
3.351490249769994989e-07
3.735684472871980688e-08
4.373812423352774204e-09
0.000000000000000000e+00
0.000000000000000000e+00
7.515570388250125689e-08
1.438804559938944294e-07
1.735051213813676441e-08
0.000000000000000000e+00
4.740226877686382068e-09
0.000000000000000000e+00
7.248184274999402987e-09
0.000000000000000000e+00
1.028479701403739455e-08
6.454559979829355143e-07
8.813803020757404738e-08
4.578510726105378126e-08
4.080719008925370872e-06
0.000000000000000000e+00
6.649844674910809772e-09
2.696953515624045394e-06
0.000000000000000000e+00
2.423158562692151463e-09
0.000000000000000000e+00
7.437965621193143306e-08
2.317981362409682333e-08
0.000000000000000000e+00
0.000000000000000000e+00
0.000000000000000000e+00
1.306500621467421297e-06
2.078318033227333217e-07
2.941690269153696136e-08
2.956112155061418889e-08
0.000000000000000000e+00
3.623732203195118018e-09
0.000000000000000000e+00
0.000000000000000000e+00
0.000000000000000000e+00
0.000000000000000000e+00
1.770350905871964642e-07
0.000000000000000000e+00
7.801712165189655934e-09
0.000000000000000000e+00
4.044964363458802836e-09
2.103390528418458416e-08
4.294335667509585619e-06
0.000000000000000000e+00
0.000000000000000000e+00
1.131773501583666075e-06
2.554294831202952309e-10
2.757664788077818230e-06
3.817861795596400043e-07
3.747200025827623904e-07
1.203939177685242612e-06
1.266859754878169042e-07
1.086220038359897444e-07
8.099258508309503668e-08
0.000000000000000000e+00
1.214458393405948300e-06
7.483212129955063574e-07
3.307376914563064929e-07
1.149407680145486665e-07
0.000000000000000000e+00
7.813282536517363042e-07
3.933671450795372948e-06
0.000000000000000000e+00
0.000000000000000000e+00
2.705439205996640339e-09
0.000000000000000000e+00
0.000000000000000000e+00
0.000000000000000000e+00
9.449212257095496170e-07
1.263293114561747643e-07
0.000000000000000000e+00
0.000000000000000000e+00
1.667775535452165059e-07
0.000000000000000000e+00
0.000000000000000000e+00
0.000000000000000000e+00
3.083612254428658161e-09
0.000000000000000000e+00
0.000000000000000000e+00
8.355202751886281476e-09
0.000000000000000000e+00
3.256306335686076636e-09
0.000000000000000000e+00
0.000000000000000000e+00
0.000000000000000000e+00
0.000000000000000000e+00
0.000000000000000000e+00
0.000000000000000000e+00
1.875522116279171314e-06
0.000000000000000000e+00
0.000000000000000000e+00
0.000000000000000000e+00
0.000000000000000000e+00
0.000000000000000000e+00
0.000000000000000000e+00
1.973807073341049545e-08
1.480728087699390016e-06
0.000000000000000000e+00
0.000000000000000000e+00
0.000000000000000000e+00
1.067680386768188328e-06
0.000000000000000000e+00
0.000000000000000000e+00
3.306278628656400542e-08
0.000000000000000000e+00
1.281543621223235618e-10
0.000000000000000000e+00
0.000000000000000000e+00
0.000000000000000000e+00
7.633938281514929258e-08
0.000000000000000000e+00
2.389404301084141480e-07
4.569264547171769664e-06
1.234823230333859101e-06
0.000000000000000000e+00
7.541090951690421207e-08
0.000000000000000000e+00
1.138737502515141387e-06
2.235338314449109021e-08
8.758624936433534458e-09
0.000000000000000000e+00
2.999660182467778213e-07
0.000000000000000000e+00
0.000000000000000000e+00
0.000000000000000000e+00
0.000000000000000000e+00
6.649374384437578556e-09
8.418123087494677748e-09
0.000000000000000000e+00
0.000000000000000000e+00
6.233449312276206911e-09
0.000000000000000000e+00
0.000000000000000000e+00
0.000000000000000000e+00
0.000000000000000000e+00
1.303474618907785043e-06
0.000000000000000000e+00
4.114391494169922225e-09
0.000000000000000000e+00
0.000000000000000000e+00
0.000000000000000000e+00
1.933390052499817102e-07
6.840309652034193277e-08
0.000000000000000000e+00
1.289504751866843435e-07
1.423013262780159494e-08
6.428989252071914962e-08
7.204867813470627880e-08
6.310677491683236440e-08
7.448062433468294330e-08
8.803947570967807223e-10
8.568542320119831857e-09
0.000000000000000000e+00
1.979011727826218703e-07
5.896258244320051745e-06
0.000000000000000000e+00
3.254125886087422259e-06
6.136763772701669950e-07
3.967534496496227803e-07
8.399723583352169953e-07
1.101984778983933211e-07
5.605424462373775896e-07
9.653724930558382766e-08
0.000000000000000000e+00
2.700905270103248768e-06
4.327461738284910098e-06
8.371004156515482464e-08
9.708787729323375970e-07
1.590468770018560463e-07
4.099549499869681313e-08
1.434189211835246169e-08
1.153463585978897754e-06
0.000000000000000000e+00
2.820646614054567181e-07
4.155418480422667926e-07
6.959284259977494003e-09
2.424114882160210982e-07
1.039662265611696057e-06
0.000000000000000000e+00
0.000000000000000000e+00
1.504483537750900268e-09
0.000000000000000000e+00
0.000000000000000000e+00
5.616542964048676367e-08
2.895874104069662280e-06
8.230243153661831457e-09
0.000000000000000000e+00
0.000000000000000000e+00
1.293033680127564367e-08
4.367180839182083218e-09
1.569732575035232003e-07
1.124759876347525278e-07
0.000000000000000000e+00
5.308252184477169067e-07
2.408753196903035132e-09
0.000000000000000000e+00
3.066897988901473582e-06
2.883655554342112737e-07
5.044517479291243944e-07
0.000000000000000000e+00
0.000000000000000000e+00
6.528540552608319558e-08
6.514597750140183052e-09
5.931860558305857012e-10
3.701807527178857526e-09
0.000000000000000000e+00
4.026296949177776696e-07
0.000000000000000000e+00
1.749365878822572995e-07
9.103633260565402452e-07
0.000000000000000000e+00
0.000000000000000000e+00
0.000000000000000000e+00
7.517840572290879209e-09
0.000000000000000000e+00
6.978690976211510133e-07
2.664354497028398328e-06
0.000000000000000000e+00
1.912283664751157630e-09
6.445927738241152838e-07
1.609589162399061024e-06
0.000000000000000000e+00
6.830246661593264434e-07
0.000000000000000000e+00
0.000000000000000000e+00
0.000000000000000000e+00
2.253725597256561741e-07
0.000000000000000000e+00
1.759772549903004801e-09
3.984517160660061563e-10
0.000000000000000000e+00
3.613519206080439972e-10
4.843319629799225368e-07
2.974435062697011745e-07
9.332540571449499112e-07
6.788238415822434035e-09
3.802058756718906807e-07
5.320965556165901944e-06
1.207332161357044242e-06
6.507126499855075963e-07
9.913720511178780725e-09
1.018822581855260978e-09
6.842514466143256868e-08
0.000000000000000000e+00
0.000000000000000000e+00
7.392454204335763279e-09
0.000000000000000000e+00
0.000000000000000000e+00
0.000000000000000000e+00
0.000000000000000000e+00
0.000000000000000000e+00
2.835193857464446410e-09
0.000000000000000000e+00
5.515603251904366289e-11
4.721963264842088392e-08
0.000000000000000000e+00
0.000000000000000000e+00
0.000000000000000000e+00
0.000000000000000000e+00
0.000000000000000000e+00
0.000000000000000000e+00
0.000000000000000000e+00
0.000000000000000000e+00
0.000000000000000000e+00
0.000000000000000000e+00
9.385115795623732993e-09
0.000000000000000000e+00
0.000000000000000000e+00
0.000000000000000000e+00
0.000000000000000000e+00
0.000000000000000000e+00
1.488666967475182901e-08
1.151775848029501503e-07
1.185326148345211550e-08
0.000000000000000000e+00
0.000000000000000000e+00
0.000000000000000000e+00
0.000000000000000000e+00
9.664531397390874190e-10
0.000000000000000000e+00
0.000000000000000000e+00
0.000000000000000000e+00
0.000000000000000000e+00
0.000000000000000000e+00
0.000000000000000000e+00
0.000000000000000000e+00
9.836283787478805607e-09
2.585731635917909443e-06
0.000000000000000000e+00
8.281743291149723518e-09
0.000000000000000000e+00
9.064635153599454043e-11
0.000000000000000000e+00
1.251612369301824401e-09
0.000000000000000000e+00
0.000000000000000000e+00
0.000000000000000000e+00
0.000000000000000000e+00
0.000000000000000000e+00
6.096853244486055701e-09
1.961266207217704505e-06
4.039214672957314178e-06
1.241937752638477832e-06
8.556966690775880124e-07
1.970285978813990369e-07
2.189689922715842840e-07
5.264745936983672436e-07
1.594429249962558970e-06
9.237286917596065905e-07
2.145017106158775277e-06
2.358088408982439432e-07
5.861708132215426303e-07
1.678633338997315150e-07
1.544875658510136418e-06
1.235883701156126335e-06
5.993791205582965631e-07
2.777930603770073503e-06
3.113995262538082898e-06
7.681249769575515529e-08
1.983485162782017142e-06
5.822153639201133046e-07
5.077329845448730339e-08
0.000000000000000000e+00
0.000000000000000000e+00
3.230067324722085687e-09
0.000000000000000000e+00
0.000000000000000000e+00
9.297383485318277963e-08
0.000000000000000000e+00
1.479700586060062051e-06
0.000000000000000000e+00
9.830324643189669587e-07
0.000000000000000000e+00
0.000000000000000000e+00
6.991660939092980698e-08
0.000000000000000000e+00
0.000000000000000000e+00
0.000000000000000000e+00
6.104801997253161971e-08
1.208522615314677751e-08
5.078636604594066739e-07
3.330877973439783091e-07
3.363024632108135847e-07
1.764869011822156608e-06
0.000000000000000000e+00
1.289504751866843435e-07
1.595124444975226652e-06
0.000000000000000000e+00
0.000000000000000000e+00
1.483190237294707003e-09
0.000000000000000000e+00
0.000000000000000000e+00
0.000000000000000000e+00
0.000000000000000000e+00
0.000000000000000000e+00
0.000000000000000000e+00
0.000000000000000000e+00
0.000000000000000000e+00
0.000000000000000000e+00
0.000000000000000000e+00
0.000000000000000000e+00
0.000000000000000000e+00
0.000000000000000000e+00
0.000000000000000000e+00
0.000000000000000000e+00
8.285609851554909255e-07
0.000000000000000000e+00
0.000000000000000000e+00
0.000000000000000000e+00
9.477111539979432564e-09
9.512937282352140755e-08
0.000000000000000000e+00
0.000000000000000000e+00
5.449902307219645081e-09
0.000000000000000000e+00
2.197828763428333332e-07
8.874117803439607322e-13
1.493113543915569608e-08
1.081382592360569106e-07
0.000000000000000000e+00
2.862718247342854738e-06
0.000000000000000000e+00
0.000000000000000000e+00
5.244626066769342287e-09
6.613228631380252409e-09
0.000000000000000000e+00
1.043988362425807281e-08
3.161694621667265892e-06
0.000000000000000000e+00
5.880227504917456827e-08
1.524956516618658497e-08
3.654044888889984577e-08
2.216195049697944341e-08
3.258961100982560311e-09
1.567168368410420953e-07
4.769312411667669949e-08
6.389607278833864257e-07
6.477475888999606468e-09
0.000000000000000000e+00
1.011902597269909165e-07
1.158433970971373128e-08
4.805910975846927613e-07
1.324776121691684239e-06
3.364487213275424438e-07
1.688530232968332712e-06
1.118791715271072462e-06
3.993272343905118760e-07
0.000000000000000000e+00
3.290839174496795749e-07
0.000000000000000000e+00
2.709117268295813119e-07
1.355824110760295298e-06
7.586363892642111750e-08
8.120472898553998675e-07
0.000000000000000000e+00
9.256505677512905095e-07
6.246410322319206898e-08
1.645016283191580442e-07
3.288485004304675385e-06
1.157815859187394381e-06
0.000000000000000000e+00
1.864310092969390098e-06
1.490388115144014591e-07
2.442443246764014475e-06
3.445528818701859564e-06
6.976123927415756043e-07
2.629579967106110416e-07
0.000000000000000000e+00
2.670998533460533508e-08
2.703685986205073277e-08
0.000000000000000000e+00
0.000000000000000000e+00
3.819223763912305003e-07
5.463050811727043765e-08
6.049868943591718562e-07
4.419145049894268595e-09
5.840587569139188417e-09
0.000000000000000000e+00
1.599523073991804267e-07
7.397547108212165767e-08
1.266865723437149427e-07
0.000000000000000000e+00
5.570877306126931217e-07
1.418801076624731650e-07
2.259989706487885996e-08
1.143722897722909693e-06
1.346534084234463080e-08
1.046828174366964959e-06
1.157620062031128327e-07
3.673723725228228432e-08
4.508607265307773559e-09
1.324195721963405958e-07
6.155432430432483670e-08
0.000000000000000000e+00
3.562030769899138249e-06
0.000000000000000000e+00
1.702294412098126486e-06
1.939192451061444444e-08
2.587493996841772059e-09
4.106519568836120015e-08
0.000000000000000000e+00
1.230390353157417849e-06
4.906088975076272618e-07
8.952817376339794464e-10
2.232126092849284760e-07
0.000000000000000000e+00
1.179950093188608662e-08
1.091525092533629504e-08
9.723912626213859767e-07
2.409717296814051224e-07
1.585369318490847945e-06
0.000000000000000000e+00
2.029209724696556805e-07
1.141598886533756740e-07
5.994179019808143494e-08
5.248466550256125629e-07
4.823129984288243577e-07
1.344133835345928674e-07
0.000000000000000000e+00
1.901472614918020554e-06
7.120902978385856841e-07
0.000000000000000000e+00
0.000000000000000000e+00
4.378966309559473302e-07
6.006287094351137057e-07
0.000000000000000000e+00
1.070750421661159635e-08
0.000000000000000000e+00
3.285428462618256162e-08
2.288314782106226630e-08
6.572245325742187561e-08
0.000000000000000000e+00
4.795740551344351843e-07
3.277919091715375544e-08
0.000000000000000000e+00
3.708174176608736161e-07
0.000000000000000000e+00
0.000000000000000000e+00
3.414610816321328457e-09
2.385017294770364060e-09
4.677921605633628133e-09
0.000000000000000000e+00
4.646086892989842454e-07
0.000000000000000000e+00
1.470768211220274679e-06
3.757263389303489021e-09
0.000000000000000000e+00
0.000000000000000000e+00
9.169215609006187151e-09
6.268414267651678529e-07
7.337930707507211991e-09
7.559698929071601015e-07
3.318794838946814707e-08
6.827643517226533731e-08
0.000000000000000000e+00
1.844736345901765162e-07
1.138832672609169094e-07
7.030652948714077866e-09
1.523020820570764045e-08
7.593046191800567613e-09
0.000000000000000000e+00
0.000000000000000000e+00
0.000000000000000000e+00
0.000000000000000000e+00
0.000000000000000000e+00
5.763323542851139791e-07
0.000000000000000000e+00
1.567399863233731594e-06
6.457355539168929681e-09
4.055715123740810668e-07
2.355403012188617140e-06
0.000000000000000000e+00
1.142629571404540911e-06
6.665591627097455785e-06
7.688872649680433824e-09
1.996438868445693515e-06
2.219960464344694628e-07
0.000000000000000000e+00
9.679270718265797768e-09
0.000000000000000000e+00
1.088822330075345235e-07
0.000000000000000000e+00
0.000000000000000000e+00
0.000000000000000000e+00
1.568524687911576621e-08
1.653762904396671729e-09
0.000000000000000000e+00
3.261918664065888152e-07
9.113596988186145609e-09
1.378830233988992404e-06
4.634495951449935092e-07
0.000000000000000000e+00
0.000000000000000000e+00
1.566259832941341301e-08
0.000000000000000000e+00
0.000000000000000000e+00
0.000000000000000000e+00
0.000000000000000000e+00
0.000000000000000000e+00
3.351849500177195296e-07
0.000000000000000000e+00
0.000000000000000000e+00
3.552781038251850987e-07
0.000000000000000000e+00
4.562730850921070669e-07
1.859226699707505759e-06
0.000000000000000000e+00
0.000000000000000000e+00
6.837269084236652361e-10
1.525776838207093533e-08
0.000000000000000000e+00
0.000000000000000000e+00
6.806708086060098140e-09
0.000000000000000000e+00
1.273542807211924810e-06
0.000000000000000000e+00
0.000000000000000000e+00
0.000000000000000000e+00
1.223871890942973550e-06
4.924571385345188901e-06
8.734435141377616674e-06
5.512058365297889395e-09
9.714141713246249310e-10
1.673934661994280759e-06
5.543243446481938008e-07
0.000000000000000000e+00
6.477629099777004740e-09
4.409094422896941978e-09
7.014131053750816136e-09
5.579928519239274465e-09
8.025255624488636386e-07
1.663071635960022832e-08
8.075650839600712061e-06
6.906714311583073140e-09
1.439607046904711751e-07
5.429143925539392512e-07
2.134691889921214170e-08
1.062083470060315449e-06
3.330395514922201983e-08
8.229462622466598987e-08
2.438786737002374139e-07
8.503411308424801973e-09
1.978635708610454458e-07
5.196380357119778637e-07
6.370153755597129930e-07
0.000000000000000000e+00
1.932186023623216897e-06
2.510557806090218946e-07
6.906776093273947481e-07
3.870567297781235538e-07
1.361793238174868748e-07
8.364929158233280759e-07
1.539210181533690047e-08
3.459733477484405739e-07
1.805641772989474703e-06
1.503189794860304573e-09
3.847058849260065472e-08
1.195516574625798967e-07
0.000000000000000000e+00
0.000000000000000000e+00
4.570197376096984954e-08
1.223669915395575458e-10
6.205885583199233224e-09
0.000000000000000000e+00
5.164701519788650330e-07
6.999306606303434819e-06
0.000000000000000000e+00
1.455931851523928344e-06
0.000000000000000000e+00
0.000000000000000000e+00
1.194202337018168691e-08
4.796464963874313980e-06
2.207949556520816259e-08
4.286280486098803522e-08
1.229293786764174001e-07
0.000000000000000000e+00
2.241340325781493448e-06
4.968605935573577881e-07
2.960023493869812228e-06
4.241821045525284717e-07
4.483786426590086194e-07
1.425878970451321948e-08
0.000000000000000000e+00
6.251493989140044505e-09
0.000000000000000000e+00
0.000000000000000000e+00
4.131523780870338669e-07
0.000000000000000000e+00
0.000000000000000000e+00
2.826884610840352252e-07
2.644950427566072904e-07
0.000000000000000000e+00
0.000000000000000000e+00
0.000000000000000000e+00
0.000000000000000000e+00
3.261314702740492066e-07
2.169687149944365956e-06
0.000000000000000000e+00
7.814371372205641819e-09
0.000000000000000000e+00
1.439247085954775685e-07
1.616731424292083830e-07
1.728612204487944837e-07
1.592217699908360373e-06
6.929980145287117921e-09
4.525384724729519803e-07
0.000000000000000000e+00
1.825931938981284475e-08
0.000000000000000000e+00
0.000000000000000000e+00
0.000000000000000000e+00
0.000000000000000000e+00
3.892492941304226406e-07
0.000000000000000000e+00
0.000000000000000000e+00
0.000000000000000000e+00
0.000000000000000000e+00
4.176718970683168664e-09
0.000000000000000000e+00
1.040328854173822037e-07
0.000000000000000000e+00
0.000000000000000000e+00
0.000000000000000000e+00
2.073651117484587303e-08
1.059744825226971443e-08
1.188394776363566052e-06
9.557313829233748947e-10
0.000000000000000000e+00
0.000000000000000000e+00
0.000000000000000000e+00
7.384776790075875397e-09
0.000000000000000000e+00
0.000000000000000000e+00
0.000000000000000000e+00
9.485846552692578371e-10
3.807805626365734497e-07
2.102232699030537333e-08
1.542054484104937728e-09
2.622122963202855317e-07
3.959884224968845956e-07
1.061441253114026040e-06
0.000000000000000000e+00
0.000000000000000000e+00
1.709564434460020266e-11
3.936034772777929902e-06
0.000000000000000000e+00
0.000000000000000000e+00
0.000000000000000000e+00
0.000000000000000000e+00
0.000000000000000000e+00
3.282325167219823925e-08
0.000000000000000000e+00
3.370339982211589813e-06
0.000000000000000000e+00
0.000000000000000000e+00
2.182852369969623396e-07
9.319052196588017978e-10
0.000000000000000000e+00
4.640336115357968083e-08
2.148385469524782820e-09
9.186007510209037719e-09
8.759840852690103929e-08
6.303473014668270480e-07
2.644552523634047247e-07
3.608644760788592976e-07
3.324731778775458224e-08
0.000000000000000000e+00
2.009033721606101608e-07
4.586390335982286348e-15
9.293819602795849733e-10
3.999643638508132426e-07
7.828071346693832311e-08
3.768251133351441240e-08
8.564479685446713120e-07
4.998690883439849131e-08
2.811854642459366005e-07
1.352612683316878339e-12
0.000000000000000000e+00
2.412717670097208611e-08
0.000000000000000000e+00
1.318862388188790646e-07
0.000000000000000000e+00
2.416508380065351957e-07
4.193999814106064150e-08
2.262924569951252352e-11
9.822446189744482581e-10
0.000000000000000000e+00
4.984048374012672866e-08
0.000000000000000000e+00
0.000000000000000000e+00
0.000000000000000000e+00
0.000000000000000000e+00
0.000000000000000000e+00
1.128422653096095019e-07
1.819851860318522085e-07
0.000000000000000000e+00
6.518398549815174192e-06
3.525829868067376083e-07
0.000000000000000000e+00
5.398672175971341858e-09
0.000000000000000000e+00
2.429055567798599213e-11
0.000000000000000000e+00
4.146360588208608533e-09
1.190004983442349840e-08
0.000000000000000000e+00
3.208641885521501536e-07
2.120516207071432291e-08
3.649546798101255263e-08
0.000000000000000000e+00
0.000000000000000000e+00
0.000000000000000000e+00
0.000000000000000000e+00
0.000000000000000000e+00
2.409882959852893691e-09
0.000000000000000000e+00
2.523162789813682139e-09
8.539396745277372247e-09
0.000000000000000000e+00
1.064812904516543313e-09
1.180315756243999203e-08
0.000000000000000000e+00
0.000000000000000000e+00
6.468468427556217648e-09
1.102297133570573351e-07
0.000000000000000000e+00
2.070144773824722506e-06
0.000000000000000000e+00
1.308514985254305429e-08
0.000000000000000000e+00
0.000000000000000000e+00
0.000000000000000000e+00
2.374106777836004767e-08
1.062001597773587491e-08
4.410151355216385127e-09
8.176649912705613588e-10
3.944147675127851471e-09
4.495746483423879170e-11
0.000000000000000000e+00
6.903708715810807917e-09
5.535623959218582968e-09
0.000000000000000000e+00
1.161111740088927036e-08
5.623591370351732621e-09
0.000000000000000000e+00
1.887375162823445862e-07
2.221476336217165226e-07
2.273156809451393201e-07
6.536092911346713663e-08
4.360104526313079987e-07
1.726153726622214890e-07
2.173164403984628734e-07
7.803415691398640774e-09
3.094865803632274037e-07
1.094885988095484208e-06
3.504632317685718590e-08
9.438872794476083072e-09
9.117484722764856997e-08
2.668149136297870427e-06
1.656183826526103076e-06
2.761186479460775445e-08
3.830319030839746119e-07
1.443239284526498523e-06
1.685856659605633467e-06
2.597000730020226911e-06
5.872255997019237839e-07
8.316622057691347436e-08
0.000000000000000000e+00
1.518980070613906719e-07
0.000000000000000000e+00
1.949244676779926522e-07
0.000000000000000000e+00
1.511012897026375867e-06
1.381793367727368604e-06
2.264069962620851584e-06
1.867000165578502902e-10
2.877849510696250945e-06
4.148293264449876006e-09
0.000000000000000000e+00
0.000000000000000000e+00
0.000000000000000000e+00
0.000000000000000000e+00
7.726812079056344373e-09
2.368493824178585783e-06
2.672790287761017680e-06
1.316532838302464370e-08
9.372874032465006167e-09
4.114205420790995049e-09
0.000000000000000000e+00
5.091614685426293363e-09
2.059460030068294145e-06
0.000000000000000000e+00
1.597696908106627234e-08
1.418786723661469296e-07
0.000000000000000000e+00
1.151158244283578824e-07
0.000000000000000000e+00
3.586552210776972061e-08
0.000000000000000000e+00
1.592900048308365513e-06
2.278067995575838722e-06
5.294761535878933500e-07
6.264647911535803360e-09
0.000000000000000000e+00
0.000000000000000000e+00
5.208007802792735674e-09
0.000000000000000000e+00
0.000000000000000000e+00
0.000000000000000000e+00
4.560639421669065996e-09
1.659576809309726286e-09
1.688158235424452869e-08
2.374243557312638586e-08
1.477614697265039467e-10
1.204151658384944312e-06
1.058219112337610568e-08
0.000000000000000000e+00
2.013653954691108083e-08
7.141436331181694186e-09
9.740181994288832357e-09
7.144941971404250580e-09
5.411458392501344861e-09
3.382363047421677038e-07
0.000000000000000000e+00
0.000000000000000000e+00
5.571299155349151988e-08
7.484697861492861648e-10
0.000000000000000000e+00
0.000000000000000000e+00
9.218505425678813481e-08
0.000000000000000000e+00
9.974745474039536930e-09
2.428287871225620620e-06
2.005323693765603821e-07
2.095027724635656341e-07
3.482000021648445909e-09
4.092641781028305559e-09
7.564029601780930534e-06
0.000000000000000000e+00
3.407883184536331100e-07
5.699402549907972571e-07
0.000000000000000000e+00
2.736408877268559081e-09
1.050032437888148706e-06
4.797082731045065884e-09
0.000000000000000000e+00
0.000000000000000000e+00
1.093582581261631770e-12
2.846272939560634541e-10
0.000000000000000000e+00
6.617189285407221178e-08
2.866245019106372638e-08
3.598103260650520330e-13
4.327659564040686746e-09
3.277965232584278965e-09
0.000000000000000000e+00
1.913323046665027505e-07
1.283359862824795528e-09
0.000000000000000000e+00
0.000000000000000000e+00
7.863608431080137962e-08
1.010552864499913994e-06
3.306350208731601015e-06
0.000000000000000000e+00
0.000000000000000000e+00
0.000000000000000000e+00
0.000000000000000000e+00
3.085938942604116164e-06
3.446445262511588226e-08
0.000000000000000000e+00
0.000000000000000000e+00
0.000000000000000000e+00
0.000000000000000000e+00
0.000000000000000000e+00
0.000000000000000000e+00
0.000000000000000000e+00
0.000000000000000000e+00
3.894547546678950312e-07
0.000000000000000000e+00
0.000000000000000000e+00
0.000000000000000000e+00
0.000000000000000000e+00
0.000000000000000000e+00
0.000000000000000000e+00
0.000000000000000000e+00
2.824797951106461369e-09
0.000000000000000000e+00
2.058415446981598507e-07
0.000000000000000000e+00
0.000000000000000000e+00
0.000000000000000000e+00
0.000000000000000000e+00
0.000000000000000000e+00
0.000000000000000000e+00
1.968029073040611365e-09
9.505115805552577513e-09
8.641721116475764575e-09
4.809042820852482691e-06
0.000000000000000000e+00
0.000000000000000000e+00
0.000000000000000000e+00
0.000000000000000000e+00
1.024227014312373285e-08
9.202518747031263047e-09
3.615968751091713784e-07
7.223226248243008740e-07
9.215718250743520912e-07
0.000000000000000000e+00
0.000000000000000000e+00
0.000000000000000000e+00
0.000000000000000000e+00
4.666651136631116970e-07
0.000000000000000000e+00
3.618357280466000248e-10
0.000000000000000000e+00
0.000000000000000000e+00
0.000000000000000000e+00
8.538259876900156087e-09
0.000000000000000000e+00
0.000000000000000000e+00
7.498054799270903459e-08
4.723029789488464303e-08
2.061235733208377496e-07
1.136501509790832642e-06
3.928494196614451539e-10
0.000000000000000000e+00
0.000000000000000000e+00
0.000000000000000000e+00
0.000000000000000000e+00
5.722934659502243449e-08
0.000000000000000000e+00
3.782741941904532723e-08
0.000000000000000000e+00
6.741863511905421547e-09
0.000000000000000000e+00
1.361309386993525550e-06
0.000000000000000000e+00
0.000000000000000000e+00
0.000000000000000000e+00
0.000000000000000000e+00
4.178819068556549610e-09
0.000000000000000000e+00
1.748175076921043569e-10
0.000000000000000000e+00
1.880225539707680582e-07
1.485757739061455140e-09
6.689931719705555224e-09
1.821142525670893519e-08
1.454063607297939598e-07
6.359063718264224008e-06
7.672203992115100846e-07
6.417027407223940827e-07
3.966286143963770883e-08
1.266418703238514354e-08
0.000000000000000000e+00
6.324144408154097619e-08
5.433369310026137100e-08
1.487861709392745979e-07
5.476483693200862035e-07
6.583444474017596804e-07
8.953938923639270797e-09
2.678006948142463983e-11
5.959942939171014586e-08
6.265575507313769776e-07
3.530971071086241864e-07
0.000000000000000000e+00
0.000000000000000000e+00
2.874434130717418157e-07
0.000000000000000000e+00
9.489555736763577443e-07
5.328220709088782314e-07
2.341899516977719031e-06
1.670818164711818099e-05
0.000000000000000000e+00
3.685610465709032724e-07
7.316514061272982872e-10
8.345483593075186945e-08
5.462884473672602326e-07
1.106604486267315224e-06
4.698113968970574206e-07
0.000000000000000000e+00
0.000000000000000000e+00
0.000000000000000000e+00
0.000000000000000000e+00
0.000000000000000000e+00
0.000000000000000000e+00
0.000000000000000000e+00
1.943142024174449034e-06
4.373915007960249568e-09
0.000000000000000000e+00
8.003782525634051126e-09
6.965405585646067266e-09
6.925798601287169731e-08
2.343555731421087529e-11
0.000000000000000000e+00
1.130417103922809474e-06
0.000000000000000000e+00
4.050067161642800784e-07
0.000000000000000000e+00
0.000000000000000000e+00
7.213129293859310565e-08
0.000000000000000000e+00
5.889709164819123544e-09
1.882875855230281559e-09
1.361192492055351977e-09
9.367480124922167306e-10
8.201680223862695129e-09
1.506192148781337892e-07
0.000000000000000000e+00
1.792805459643886934e-09
0.000000000000000000e+00
8.720947874962803326e-08
0.000000000000000000e+00
7.328450624122240242e-10
0.000000000000000000e+00
4.928165253659244627e-08
3.413221261183707611e-09
0.000000000000000000e+00
9.415123791711721424e-09
3.707540496833416910e-09
1.998792242829949828e-09
1.845584015475187911e-12
1.263087234804061154e-08
1.299929386355813676e-09
3.657693314895738013e-10
1.884845196586937277e-10
0.000000000000000000e+00
4.773344497444043100e-10
7.937613233366391796e-09
1.784432490659071391e-09
6.235538196897039143e-10
1.081877609721004774e-08
5.282405624029706814e-09
1.685787509586589294e-09
1.148503514514231938e-09
8.823090702492208948e-09
0.000000000000000000e+00
8.309933186012585793e-09
0.000000000000000000e+00
0.000000000000000000e+00
0.000000000000000000e+00
8.483271862758101634e-09
0.000000000000000000e+00
0.000000000000000000e+00
0.000000000000000000e+00
0.000000000000000000e+00
0.000000000000000000e+00
0.000000000000000000e+00
3.016428884450306214e-09
1.657573744928697579e-09
7.302961790855988511e-09
6.684626185915476526e-10
0.000000000000000000e+00
0.000000000000000000e+00
5.836813254944672735e-09
1.012737094185922615e-08
0.000000000000000000e+00
0.000000000000000000e+00
6.080194125956950302e-09
0.000000000000000000e+00
1.050002929048332589e-08
0.000000000000000000e+00
0.000000000000000000e+00
0.000000000000000000e+00
0.000000000000000000e+00
3.331325160615961067e-06
5.592802665432827780e-09
7.806368884644143691e-09
0.000000000000000000e+00
0.000000000000000000e+00
6.623003923067471987e-09
2.001678336971401961e-11
1.800930064799199926e-11
0.000000000000000000e+00
0.000000000000000000e+00
6.692008280850814117e-09
0.000000000000000000e+00
7.122462619690850261e-09
1.646572300728621485e-08
2.066854604132473128e-10
4.466605751929364487e-09
8.169963905402255477e-08
2.007270012427397887e-07
1.456539564514969243e-07
0.000000000000000000e+00
3.455804289842490107e-06
3.574348738766275346e-06
0.000000000000000000e+00
1.139622440859966446e-08
1.210474806612182874e-06
4.240181397108244710e-07
4.403315401191321143e-08
2.219907315748059773e-07
7.162568067542451899e-07
1.356230768578825518e-06
5.987540685481462788e-09
3.493188103220745688e-07
1.650903191929842251e-09
8.895473513348406414e-08
0.000000000000000000e+00
0.000000000000000000e+00
0.000000000000000000e+00
0.000000000000000000e+00
0.000000000000000000e+00
0.000000000000000000e+00
0.000000000000000000e+00
2.522258790715881105e-10
1.269095245559626051e-10
0.000000000000000000e+00
1.304988018091535196e-06
8.256034078613083693e-09
0.000000000000000000e+00
0.000000000000000000e+00
0.000000000000000000e+00
0.000000000000000000e+00
0.000000000000000000e+00
0.000000000000000000e+00
0.000000000000000000e+00
0.000000000000000000e+00
1.089358936390283361e-09
0.000000000000000000e+00
7.637833050466724671e-07
0.000000000000000000e+00
0.000000000000000000e+00
2.245079677720696054e-10
0.000000000000000000e+00
0.000000000000000000e+00
0.000000000000000000e+00
0.000000000000000000e+00
0.000000000000000000e+00
1.429249163464874073e-09
0.000000000000000000e+00
0.000000000000000000e+00
4.101353567875776207e-08
0.000000000000000000e+00
6.885752856788940335e-09
0.000000000000000000e+00
2.019822886722977273e-07
9.250021193452084844e-09
4.136761333484173520e-07
2.751116312538215425e-07
2.499943718703434570e-07
2.976897576445480809e-06
3.358911726536462083e-07
7.146135239111117698e-09
0.000000000000000000e+00
8.768516468471432290e-11
9.700236347498503164e-08
0.000000000000000000e+00
0.000000000000000000e+00
4.860417068819344877e-10
0.000000000000000000e+00
0.000000000000000000e+00
0.000000000000000000e+00
0.000000000000000000e+00
0.000000000000000000e+00
3.932718151133940410e-09
1.456979958902593353e-08
6.175519207118895793e-09
3.257607431805809028e-06
0.000000000000000000e+00
0.000000000000000000e+00
0.000000000000000000e+00
1.187991371942587193e-09
0.000000000000000000e+00
0.000000000000000000e+00
1.717457287497836660e-09
0.000000000000000000e+00
2.229033180256578817e-09
7.012855851584731681e-10
0.000000000000000000e+00
0.000000000000000000e+00
1.346171507599080996e-09
0.000000000000000000e+00
0.000000000000000000e+00
2.922988073805754539e-09
1.781439635806236765e-07
2.079892161277463458e-11
0.000000000000000000e+00
0.000000000000000000e+00
2.755292438649803444e-09
0.000000000000000000e+00
2.029164676287109614e-07
7.400009049973732544e-09
0.000000000000000000e+00
9.953014412644733966e-09
7.856465344957541674e-07
1.974160390716406255e-08
9.191480216941272374e-07
9.482169502916804049e-07
1.409194653600055053e-14
0.000000000000000000e+00
4.272251601378229680e-07
4.833538241655332968e-06
1.480461833125445992e-05
7.108221129759062507e-12
2.275858861366941710e-07
7.951384617399526178e-08
0.000000000000000000e+00
3.858785078136861557e-07
5.484299663294223137e-07
1.282888092646317091e-06
5.803012186333944555e-07
1.828387894420302473e-07
1.482879611103271600e-06
3.418474818772665458e-07
2.021021714426751714e-07
5.008423675789686058e-10
2.838533186277913956e-09
6.677569053259446719e-10
4.634778338896694549e-09
7.319039951880768058e-08
1.049849318590645453e-09
0.000000000000000000e+00
9.197847816722060088e-08
8.960091335552533565e-09
9.429514946646122553e-10
0.000000000000000000e+00
0.000000000000000000e+00
9.891485852620007790e-09
0.000000000000000000e+00
9.901846453885809751e-09
0.000000000000000000e+00
1.146393984186033776e-07
3.768954570659843739e-07
1.868582728548062732e-07
0.000000000000000000e+00
0.000000000000000000e+00
0.000000000000000000e+00
0.000000000000000000e+00
2.977716073715441780e-09
0.000000000000000000e+00
0.000000000000000000e+00
0.000000000000000000e+00
0.000000000000000000e+00
0.000000000000000000e+00
0.000000000000000000e+00
0.000000000000000000e+00
0.000000000000000000e+00
2.302585899727205287e-10
0.000000000000000000e+00
0.000000000000000000e+00
1.931798943033413707e-09
0.000000000000000000e+00
3.388987090957584769e-09
1.056810283728282229e-08
1.158474538520692931e-09
0.000000000000000000e+00
1.645739544642310648e-09
0.000000000000000000e+00
0.000000000000000000e+00
3.789991875891018935e-09
1.135717866418417543e-07
7.128761581043363549e-08
0.000000000000000000e+00
0.000000000000000000e+00
0.000000000000000000e+00
0.000000000000000000e+00
3.023417320946464315e-07
1.519971846164480667e-07
5.122806712165584031e-08
1.231299506798677612e-07
5.451487594676507342e-10
1.646330787252736627e-07
8.959387741924729198e-06
3.716637593242921866e-07
3.320933217310084729e-07
2.735731108316485916e-08
9.963255251932423562e-07
0.000000000000000000e+00
1.803462737370864488e-06
9.637109599225368584e-08
2.670320782272028737e-06
6.857625862721761223e-07
1.627782779678454972e-07
1.622652945343361353e-07
1.889327563731058035e-06
3.381630335752561223e-07
3.527838714489917038e-07
4.766854999616043642e-08
2.027168193308170885e-06
3.265877879243817006e-08
1.730514953557360514e-09
1.978231978227995569e-08
3.965891437474056147e-07
5.160786145097517874e-07
1.582296391688942094e-07
7.345177976958439103e-08
0.000000000000000000e+00
0.000000000000000000e+00
1.920649083331227303e-06
2.634513407429039944e-07
1.521253693681501318e-06
2.205864149118497153e-07
5.729421445721527562e-06
9.921951260594141786e-09
0.000000000000000000e+00
0.000000000000000000e+00
1.376972250000108033e-06
0.000000000000000000e+00
0.000000000000000000e+00
1.111579450707722572e-07
0.000000000000000000e+00
0.000000000000000000e+00
0.000000000000000000e+00
5.867298646933249984e-09
1.496075014983944129e-07
0.000000000000000000e+00
0.000000000000000000e+00
0.000000000000000000e+00
0.000000000000000000e+00
0.000000000000000000e+00
0.000000000000000000e+00
2.997234460622166807e-08
0.000000000000000000e+00
0.000000000000000000e+00
9.326226013683935889e-09
7.135395052593196397e-11
3.162136508194635098e-08
5.137125724807845017e-10
4.129229458360583749e-10
1.471134055464062840e-06
5.827821336623628667e-09
1.135218918868474702e-09
0.000000000000000000e+00
0.000000000000000000e+00
0.000000000000000000e+00
0.000000000000000000e+00
0.000000000000000000e+00
0.000000000000000000e+00
0.000000000000000000e+00
0.000000000000000000e+00
1.804680209716025274e-07
0.000000000000000000e+00
0.000000000000000000e+00
0.000000000000000000e+00
1.494424850534414873e-07
3.172829110553720966e-07
1.591871523487498052e-07
4.627671401635780057e-08
9.577861170839696570e-09
0.000000000000000000e+00
0.000000000000000000e+00
0.000000000000000000e+00
5.573185912766120964e-09
4.921816731950912072e-09
3.397302883456632117e-09
1.289010764793374619e-08
8.824533992424221651e-09
0.000000000000000000e+00
2.345747418530663708e-08
0.000000000000000000e+00
6.081015868630856858e-08
8.954506580671761640e-10
3.725052488690039354e-09
1.195179927249157004e-10
2.654146902258958107e-09
3.186468311433543477e-10
6.459861534580113585e-09
9.185882277051860001e-09
0.000000000000000000e+00
0.000000000000000000e+00
0.000000000000000000e+00
0.000000000000000000e+00
0.000000000000000000e+00
0.000000000000000000e+00
0.000000000000000000e+00
2.689303668645948164e-09
0.000000000000000000e+00
0.000000000000000000e+00
1.280696437788719777e-09
0.000000000000000000e+00
0.000000000000000000e+00
0.000000000000000000e+00
0.000000000000000000e+00
6.659824247634560379e-09
3.308644747068711922e-10
5.550480075555697113e-10
0.000000000000000000e+00
3.861498343304958780e-10
2.175715718699677836e-10
3.740819876085765827e-10
1.333479882070776057e-09
5.619583909322045656e-09
0.000000000000000000e+00
0.000000000000000000e+00
0.000000000000000000e+00
0.000000000000000000e+00
0.000000000000000000e+00
1.109564107260041510e-10
0.000000000000000000e+00
2.798638654155638505e-09
0.000000000000000000e+00
0.000000000000000000e+00
0.000000000000000000e+00
0.000000000000000000e+00
0.000000000000000000e+00
0.000000000000000000e+00
6.022486676027227759e-11
0.000000000000000000e+00
6.228535742724972124e-11
9.224606078994668223e-10
0.000000000000000000e+00
0.000000000000000000e+00
3.602631526433697218e-10
0.000000000000000000e+00
2.645940577750138800e-09
3.275050453055428079e-09
0.000000000000000000e+00
0.000000000000000000e+00
0.000000000000000000e+00
0.000000000000000000e+00
0.000000000000000000e+00
0.000000000000000000e+00
0.000000000000000000e+00
0.000000000000000000e+00
0.000000000000000000e+00
0.000000000000000000e+00
1.123616932829918369e-08
5.925614443569315881e-10
2.838432919816114008e-07
0.000000000000000000e+00
1.596579295437550172e-06
6.455402878913218956e-09
0.000000000000000000e+00
0.000000000000000000e+00
0.000000000000000000e+00
1.848695974082659177e-09
1.257715087632504947e-08
4.386599528061196906e-08
0.000000000000000000e+00
2.955430788986745938e-09
0.000000000000000000e+00
2.700536683164500573e-09
1.374035191181732785e-10
5.903519006977830941e-09
1.557191008083602668e-11
3.662094238965352133e-10
2.678489430252284365e-09
0.000000000000000000e+00
0.000000000000000000e+00
0.000000000000000000e+00
0.000000000000000000e+00
0.000000000000000000e+00
0.000000000000000000e+00
0.000000000000000000e+00
2.260767129058649516e-10
4.314419044249007129e-09
4.986799861939061884e-09
0.000000000000000000e+00
0.000000000000000000e+00
0.000000000000000000e+00
0.000000000000000000e+00
0.000000000000000000e+00
0.000000000000000000e+00
7.939308943605283275e-07
0.000000000000000000e+00
9.071125794957168864e-12
0.000000000000000000e+00
1.137483536695071962e-06
2.151219177903840318e-06
3.337159659722033211e-09
0.000000000000000000e+00
0.000000000000000000e+00
0.000000000000000000e+00
2.418416897853603587e-07
1.811512561289418954e-06
2.063748496539119515e-07
0.000000000000000000e+00
0.000000000000000000e+00
9.640804421451321105e-08
0.000000000000000000e+00
9.024683222946805472e-10
2.670686427563850884e-08
7.692002412795773125e-08
8.018459425329638179e-07
1.183662220682890620e-06
0.000000000000000000e+00
2.606809346161753638e-07
0.000000000000000000e+00
4.689190689077804564e-07
6.107349577177956235e-07
3.218971478258225716e-10
5.660902502313547302e-07
2.678637089914559510e-09
0.000000000000000000e+00
0.000000000000000000e+00
0.000000000000000000e+00
3.391455152268463280e-07
0.000000000000000000e+00
0.000000000000000000e+00
0.000000000000000000e+00
7.608527425873035099e-07
5.745013839653090315e-13
7.939834745229745749e-07
1.377530901847112688e-11
9.172286929981510184e-09
0.000000000000000000e+00
0.000000000000000000e+00
1.905825541825834080e-07
3.151229943654243471e-09
0.000000000000000000e+00
0.000000000000000000e+00
0.000000000000000000e+00
0.000000000000000000e+00
0.000000000000000000e+00
0.000000000000000000e+00
0.000000000000000000e+00
0.000000000000000000e+00
0.000000000000000000e+00
4.943028653059400312e-09
0.000000000000000000e+00
0.000000000000000000e+00
0.000000000000000000e+00
0.000000000000000000e+00
0.000000000000000000e+00
0.000000000000000000e+00
0.000000000000000000e+00
0.000000000000000000e+00
0.000000000000000000e+00
0.000000000000000000e+00
0.000000000000000000e+00
3.318712193944861610e-09
3.813526632256980520e-07
9.026461356143045123e-08
0.000000000000000000e+00
0.000000000000000000e+00
0.000000000000000000e+00
0.000000000000000000e+00
0.000000000000000000e+00
0.000000000000000000e+00
6.426748200283327606e-08
0.000000000000000000e+00
1.162347587069234578e-07
0.000000000000000000e+00
0.000000000000000000e+00
0.000000000000000000e+00
0.000000000000000000e+00
0.000000000000000000e+00
0.000000000000000000e+00
7.213948833850736264e-07
3.332771214559215878e-08
0.000000000000000000e+00
8.858719979798479471e-09
0.000000000000000000e+00
0.000000000000000000e+00
1.227765089595322934e-08
0.000000000000000000e+00
0.000000000000000000e+00
0.000000000000000000e+00
0.000000000000000000e+00
0.000000000000000000e+00
0.000000000000000000e+00
0.000000000000000000e+00
0.000000000000000000e+00
3.017558869444769698e-09
0.000000000000000000e+00
8.716808608255632862e-09
0.000000000000000000e+00
0.000000000000000000e+00
0.000000000000000000e+00
4.327431746276033664e-09
4.073007460192457074e-07
0.000000000000000000e+00
5.202675268378698092e-08
1.496182178151173048e-09
0.000000000000000000e+00
4.882825255236866724e-09
5.598764563075064871e-09
0.000000000000000000e+00
0.000000000000000000e+00
0.000000000000000000e+00
0.000000000000000000e+00
0.000000000000000000e+00
0.000000000000000000e+00
0.000000000000000000e+00
0.000000000000000000e+00
0.000000000000000000e+00
0.000000000000000000e+00
0.000000000000000000e+00
0.000000000000000000e+00
0.000000000000000000e+00
0.000000000000000000e+00
1.668758242701073868e-09
3.126311876044951532e-09
1.825601287919198512e-07
7.117275657719801529e-08
1.849215891525091138e-06
1.570337531120458152e-06
6.996958177296619397e-07
1.101920588553184643e-06
3.621773020379137620e-11
1.762993815646041185e-05
8.892549629990753601e-08
1.011623567137576174e-06
6.082990466893534176e-08
9.368068276671692729e-08
3.114450697339066210e-09
2.770952960418071598e-07
1.270767580052734047e-08
5.135124752086994704e-07
3.429783248520834604e-07
1.248010107701702509e-06
5.410303174357977696e-07
1.105010255741945002e-06
3.645526760465145344e-07
2.410139643416187027e-07
1.082667381524515804e-06
7.372044308340264251e-08
3.898610998476215173e-07
0.000000000000000000e+00
6.058257895347196609e-07
0.000000000000000000e+00
0.000000000000000000e+00
1.716083204428286990e-07
1.376095724481274374e-06
0.000000000000000000e+00
4.023009694265056169e-07
5.953323807261767797e-07
7.295430481946141299e-09
0.000000000000000000e+00
0.000000000000000000e+00
0.000000000000000000e+00
1.815400885174511814e-10
8.015929608973237919e-08
0.000000000000000000e+00
0.000000000000000000e+00
0.000000000000000000e+00
0.000000000000000000e+00
9.525950028788088275e-10
3.915248498742585070e-07
0.000000000000000000e+00
0.000000000000000000e+00
0.000000000000000000e+00
0.000000000000000000e+00
0.000000000000000000e+00
0.000000000000000000e+00
0.000000000000000000e+00
0.000000000000000000e+00
0.000000000000000000e+00
0.000000000000000000e+00
0.000000000000000000e+00
3.203295406706274662e-10
0.000000000000000000e+00
0.000000000000000000e+00
0.000000000000000000e+00
0.000000000000000000e+00
0.000000000000000000e+00
0.000000000000000000e+00
1.236563296203030404e-09
7.923256717390358972e-09
2.339276827800773617e-10
0.000000000000000000e+00
0.000000000000000000e+00
0.000000000000000000e+00
1.084525038663741725e-07
2.387163178241280548e-08
8.517673109054157976e-07
0.000000000000000000e+00
0.000000000000000000e+00
0.000000000000000000e+00
0.000000000000000000e+00
0.000000000000000000e+00
2.459061363424552837e-07
0.000000000000000000e+00
0.000000000000000000e+00
0.000000000000000000e+00
2.319008096662855678e-09
0.000000000000000000e+00
3.521078761892226794e-09
0.000000000000000000e+00
0.000000000000000000e+00
7.901872578486290877e-08
0.000000000000000000e+00
0.000000000000000000e+00
0.000000000000000000e+00
0.000000000000000000e+00
9.257257183037381765e-09
1.849390501851289059e-10
0.000000000000000000e+00
0.000000000000000000e+00
3.618579602626681435e-10
0.000000000000000000e+00
1.193030535473482701e-10
0.000000000000000000e+00
0.000000000000000000e+00
0.000000000000000000e+00
0.000000000000000000e+00
0.000000000000000000e+00
0.000000000000000000e+00
3.717698149330317392e-09
0.000000000000000000e+00
2.580315738853755647e-09
4.045707768796091841e-09
0.000000000000000000e+00
5.800279145873332709e-10
0.000000000000000000e+00
1.819845323325353093e-07
1.869812109589474858e-07
0.000000000000000000e+00
9.212475227116101451e-09
0.000000000000000000e+00
9.350107887939884677e-08
0.000000000000000000e+00
2.059614143731097746e-13
2.006418808875309878e-09
0.000000000000000000e+00
0.000000000000000000e+00
0.000000000000000000e+00
0.000000000000000000e+00
0.000000000000000000e+00
0.000000000000000000e+00
9.065248107731349592e-09
0.000000000000000000e+00
0.000000000000000000e+00
2.263996065274276326e-12
0.000000000000000000e+00
1.794572934699090183e-09
4.466606529085481725e-10
0.000000000000000000e+00
3.712148366474821159e-10
0.000000000000000000e+00
0.000000000000000000e+00
0.000000000000000000e+00
0.000000000000000000e+00
0.000000000000000000e+00
0.000000000000000000e+00
4.588011304207384455e-09
5.725262930411645357e-09
0.000000000000000000e+00
1.686832895586576342e-10
0.000000000000000000e+00
7.051848882611011504e-09
0.000000000000000000e+00
4.835611355780145004e-10
0.000000000000000000e+00
0.000000000000000000e+00
0.000000000000000000e+00
5.496185728759428457e-09
0.000000000000000000e+00
4.283735677290678723e-07
4.886186388830537908e-07
1.286468602756940527e-07
0.000000000000000000e+00
2.701819141748273978e-07
0.000000000000000000e+00
3.763455254102154868e-07
4.700322264739043021e-08
3.406175665077171288e-06
1.365792968499590643e-06
1.004687533168180380e-07
1.555124867991253268e-06
2.331806285837956239e-07
2.818368614043720299e-07
1.522700472378346603e-07
3.338007900310913101e-06
1.193208110095156371e-08
5.101766564763465794e-09
4.575486798330530291e-07
8.694258646357866382e-09
2.477408429513161536e-07
0.000000000000000000e+00
0.000000000000000000e+00
1.776627186700352468e-06
2.176536924025640474e-07
4.159725790486845654e-07
0.000000000000000000e+00
7.040187988138768560e-09
8.155088835337664932e-07
2.426051651127636433e-06
0.000000000000000000e+00
3.415726590461076739e-10
5.578534256756029208e-08
2.473746185671643616e-08
1.146962631537462585e-07
7.780870987517118920e-07
1.657588768466666806e-06
9.009277768257106800e-09
0.000000000000000000e+00
3.769911327555774960e-10
0.000000000000000000e+00
1.764120582947725779e-08
0.000000000000000000e+00
0.000000000000000000e+00
2.841591495439388382e-08
0.000000000000000000e+00
1.202184463089395194e-09
0.000000000000000000e+00
0.000000000000000000e+00
7.585883565752737923e-08
0.000000000000000000e+00
0.000000000000000000e+00
0.000000000000000000e+00
0.000000000000000000e+00
0.000000000000000000e+00
2.128010434532257023e-09
0.000000000000000000e+00
2.761528339334518023e-09
0.000000000000000000e+00
0.000000000000000000e+00
9.500458197919670056e-09
0.000000000000000000e+00
3.602102438549081853e-08
1.185219502986001316e-06
0.000000000000000000e+00
6.109491096140118316e-06
0.000000000000000000e+00
0.000000000000000000e+00
0.000000000000000000e+00
9.533041023246369150e-09
2.808262024700525217e-06
0.000000000000000000e+00
2.219180004203735734e-07
0.000000000000000000e+00
9.626319297240115702e-09
0.000000000000000000e+00
0.000000000000000000e+00
3.973232196585740894e-07
0.000000000000000000e+00
1.166152330256409186e-08
0.000000000000000000e+00
0.000000000000000000e+00
1.440699920474131090e-10
1.223963552038354052e-11
0.000000000000000000e+00
0.000000000000000000e+00
1.502447233292514284e-08
0.000000000000000000e+00
0.000000000000000000e+00
2.438943935700876864e-09
7.834512483206879097e-10
0.000000000000000000e+00
7.140674856964679407e-11
0.000000000000000000e+00
6.552241416102333460e-08
1.733103317747008987e-06
1.028641122502449434e-06
1.558460382966586621e-07
2.456847312259924365e-07
0.000000000000000000e+00
0.000000000000000000e+00
0.000000000000000000e+00
4.641246960090938956e-07
0.000000000000000000e+00
0.000000000000000000e+00
4.313902763897203840e-07
1.494542061664105859e-06
9.750264098329353146e-07
1.672576814826243208e-07
0.000000000000000000e+00
5.761042132235161262e-08
3.146717331148352059e-09
0.000000000000000000e+00
2.020536271629680414e-08
8.785809768596664071e-07
0.000000000000000000e+00
3.423736405494537394e-09
1.885357789888075786e-07
0.000000000000000000e+00
0.000000000000000000e+00
0.000000000000000000e+00
2.454090122228080872e-07
2.302264867637404677e-08
0.000000000000000000e+00
1.908644549075688701e-07
0.000000000000000000e+00
0.000000000000000000e+00
0.000000000000000000e+00
0.000000000000000000e+00
0.000000000000000000e+00
3.207805718830059050e-07
0.000000000000000000e+00
0.000000000000000000e+00
1.211909875564742833e-06
0.000000000000000000e+00
0.000000000000000000e+00
0.000000000000000000e+00
0.000000000000000000e+00
0.000000000000000000e+00
5.541144210141624171e-10
0.000000000000000000e+00
0.000000000000000000e+00
0.000000000000000000e+00
0.000000000000000000e+00
0.000000000000000000e+00
0.000000000000000000e+00
0.000000000000000000e+00
1.440393049279009574e-08
3.088959754649067690e-09
3.827405592460308981e-08
0.000000000000000000e+00
1.231415041047512204e-07
0.000000000000000000e+00
0.000000000000000000e+00
0.000000000000000000e+00
0.000000000000000000e+00
0.000000000000000000e+00
0.000000000000000000e+00
0.000000000000000000e+00
0.000000000000000000e+00
0.000000000000000000e+00
0.000000000000000000e+00
0.000000000000000000e+00
0.000000000000000000e+00
0.000000000000000000e+00
0.000000000000000000e+00
0.000000000000000000e+00
1.673173377625403191e-09
0.000000000000000000e+00
0.000000000000000000e+00
0.000000000000000000e+00
2.089867621180019341e-06
0.000000000000000000e+00
4.890499116783075806e-09
0.000000000000000000e+00
0.000000000000000000e+00
0.000000000000000000e+00
0.000000000000000000e+00
0.000000000000000000e+00
0.000000000000000000e+00
0.000000000000000000e+00
0.000000000000000000e+00
0.000000000000000000e+00
0.000000000000000000e+00
0.000000000000000000e+00
0.000000000000000000e+00
0.000000000000000000e+00
0.000000000000000000e+00
0.000000000000000000e+00
4.751738060804200359e-07
1.579555117814379628e-07
0.000000000000000000e+00
4.556342414474556790e-09
0.000000000000000000e+00
0.000000000000000000e+00
0.000000000000000000e+00
0.000000000000000000e+00
0.000000000000000000e+00
9.342453921590276877e-09
7.484035613458672742e-09
0.000000000000000000e+00
1.870183313767981303e-10
0.000000000000000000e+00
0.000000000000000000e+00
0.000000000000000000e+00
0.000000000000000000e+00
0.000000000000000000e+00
0.000000000000000000e+00
0.000000000000000000e+00
0.000000000000000000e+00
0.000000000000000000e+00
0.000000000000000000e+00
2.513881103283210905e-09
0.000000000000000000e+00
0.000000000000000000e+00
0.000000000000000000e+00
1.860814222709450405e-06
0.000000000000000000e+00
0.000000000000000000e+00
0.000000000000000000e+00
0.000000000000000000e+00
0.000000000000000000e+00
0.000000000000000000e+00
2.846383722499012947e-06
0.000000000000000000e+00
0.000000000000000000e+00
1.674851368704821652e-08
3.272464255132945254e-08
0.000000000000000000e+00
3.958632865952438351e-10
0.000000000000000000e+00
0.000000000000000000e+00
1.654467638445566990e-07
5.995158147698020912e-08
3.856314378936076537e-09
0.000000000000000000e+00
4.655823504506884092e-10
0.000000000000000000e+00
0.000000000000000000e+00
3.347877530757159548e-09
0.000000000000000000e+00
0.000000000000000000e+00
0.000000000000000000e+00
0.000000000000000000e+00
1.243455449717600914e-09
0.000000000000000000e+00
0.000000000000000000e+00
0.000000000000000000e+00
7.923456450953381136e-07
0.000000000000000000e+00
4.951482779347315955e-09
6.920126693898964731e-09
0.000000000000000000e+00
6.298624954936826725e-10
9.275550105769525544e-09
0.000000000000000000e+00
0.000000000000000000e+00
2.128328402406509667e-09
0.000000000000000000e+00
0.000000000000000000e+00
0.000000000000000000e+00
0.000000000000000000e+00
0.000000000000000000e+00
0.000000000000000000e+00
0.000000000000000000e+00
0.000000000000000000e+00
0.000000000000000000e+00
0.000000000000000000e+00
0.000000000000000000e+00
6.897954207829570805e-09
0.000000000000000000e+00
3.721487562557967976e-09
0.000000000000000000e+00
0.000000000000000000e+00
0.000000000000000000e+00
1.483144856928575450e-10
4.959556321182390093e-09
2.861030967693523053e-09
0.000000000000000000e+00
1.627278400917475665e-08
8.666264648127253167e-07
0.000000000000000000e+00
3.475084042747766944e-08
0.000000000000000000e+00
6.729593593490790226e-08
1.113785508266573743e-09
8.276173524279784033e-09
1.167011376423943148e-09
7.684269576202495955e-08
0.000000000000000000e+00
0.000000000000000000e+00
8.804303774923027959e-08
1.105263095269037876e-06
0.000000000000000000e+00
1.810798089252330101e-08
3.314759453587612370e-07
2.617968277718318859e-07
2.560734557732757821e-08
1.145086443443688040e-07
1.520212428163247864e-11
1.280300466532935388e-06
5.859839689037471544e-07
1.093220873826794559e-07
3.155054173475946300e-07
4.006232359188288683e-07
0.000000000000000000e+00
2.306841452082153410e-06
0.000000000000000000e+00
7.943025366330402903e-07
0.000000000000000000e+00
0.000000000000000000e+00
0.000000000000000000e+00
2.640354352934082272e-07
0.000000000000000000e+00
1.468664549975073896e-07
2.752546492956753355e-07
0.000000000000000000e+00
3.214946957541542361e-07
8.468078505075027351e-08
1.293504148236479523e-08
7.310597127663243100e-10
0.000000000000000000e+00
0.000000000000000000e+00
5.666492608469297920e-09
0.000000000000000000e+00
0.000000000000000000e+00
0.000000000000000000e+00
0.000000000000000000e+00
0.000000000000000000e+00
0.000000000000000000e+00
0.000000000000000000e+00
2.955137006210861728e-06
0.000000000000000000e+00
0.000000000000000000e+00
0.000000000000000000e+00
0.000000000000000000e+00
0.000000000000000000e+00
1.133651728046913831e-09
0.000000000000000000e+00
0.000000000000000000e+00
9.687635582622533548e-09
0.000000000000000000e+00
0.000000000000000000e+00
0.000000000000000000e+00
8.855401967267084729e-10
0.000000000000000000e+00
0.000000000000000000e+00
0.000000000000000000e+00
0.000000000000000000e+00
0.000000000000000000e+00
0.000000000000000000e+00
0.000000000000000000e+00
7.842120197665281012e-08
2.125251974405273359e-09
0.000000000000000000e+00
0.000000000000000000e+00
6.798837492993925480e-09
5.897188959380628148e-09
2.004846351155720185e-07
0.000000000000000000e+00
0.000000000000000000e+00
0.000000000000000000e+00
0.000000000000000000e+00
0.000000000000000000e+00
0.000000000000000000e+00
1.340411959205312087e-08
1.045736119920093188e-08
0.000000000000000000e+00
0.000000000000000000e+00
0.000000000000000000e+00
9.620853447245281131e-09
0.000000000000000000e+00
0.000000000000000000e+00
0.000000000000000000e+00
0.000000000000000000e+00
0.000000000000000000e+00
0.000000000000000000e+00
0.000000000000000000e+00
6.116052997384713308e-09
0.000000000000000000e+00
0.000000000000000000e+00
1.759889300956274383e-08
0.000000000000000000e+00
0.000000000000000000e+00
0.000000000000000000e+00
0.000000000000000000e+00
0.000000000000000000e+00
0.000000000000000000e+00
0.000000000000000000e+00
0.000000000000000000e+00
0.000000000000000000e+00
0.000000000000000000e+00
5.670335312402130512e-09
0.000000000000000000e+00
1.802060722866372089e-08
1.794353011064231396e-06
8.965134838945232332e-06
1.173718615632424189e-07
1.313930965807230677e-06
4.260514742782106623e-06
8.173914878284449514e-10
4.054020905641664285e-07
0.000000000000000000e+00
0.000000000000000000e+00
2.807980736818649348e-09
2.706392443485583499e-08
1.072559996373456670e-07
0.000000000000000000e+00
0.000000000000000000e+00
5.087064280928643711e-08
4.841214717998809647e-08
5.905967981334470096e-08
1.168461167821988056e-07
1.527548421087487895e-09
1.074512638865599001e-07
0.000000000000000000e+00
9.223735020214007818e-08
1.460760505611613524e-11
0.000000000000000000e+00
2.276141799484321382e-07
0.000000000000000000e+00
1.069332483893958852e-06
0.000000000000000000e+00
3.252675355724932160e-07
0.000000000000000000e+00
0.000000000000000000e+00
0.000000000000000000e+00
0.000000000000000000e+00
9.805317802147328621e-08
0.000000000000000000e+00
5.373209077674800938e-08
0.000000000000000000e+00
3.011919488926650956e-06
0.000000000000000000e+00
0.000000000000000000e+00
5.061206564960230025e-09
0.000000000000000000e+00
0.000000000000000000e+00
0.000000000000000000e+00
0.000000000000000000e+00
0.000000000000000000e+00
1.709046858026919136e-13
0.000000000000000000e+00
0.000000000000000000e+00
0.000000000000000000e+00
0.000000000000000000e+00
0.000000000000000000e+00
0.000000000000000000e+00
0.000000000000000000e+00
0.000000000000000000e+00
0.000000000000000000e+00
0.000000000000000000e+00
0.000000000000000000e+00
0.000000000000000000e+00
0.000000000000000000e+00
0.000000000000000000e+00
0.000000000000000000e+00
0.000000000000000000e+00
0.000000000000000000e+00
0.000000000000000000e+00
0.000000000000000000e+00
0.000000000000000000e+00
3.201672029717883561e-07
0.000000000000000000e+00
0.000000000000000000e+00
0.000000000000000000e+00
0.000000000000000000e+00
0.000000000000000000e+00
0.000000000000000000e+00
0.000000000000000000e+00
0.000000000000000000e+00
0.000000000000000000e+00
0.000000000000000000e+00
0.000000000000000000e+00
0.000000000000000000e+00
0.000000000000000000e+00
0.000000000000000000e+00
0.000000000000000000e+00
2.298621737395478704e-09
0.000000000000000000e+00
0.000000000000000000e+00
0.000000000000000000e+00
0.000000000000000000e+00
4.708998746494330589e-10
0.000000000000000000e+00
6.818267479502537753e-07
1.389614681102102622e-07
0.000000000000000000e+00
0.000000000000000000e+00
9.022304681138848537e-09
2.763480999590228748e-08
5.421347815115495905e-09
1.971969254555006046e-09
0.000000000000000000e+00
0.000000000000000000e+00
0.000000000000000000e+00
0.000000000000000000e+00
0.000000000000000000e+00
5.469695452120504342e-07
8.904333936854413878e-10
7.720131200983360031e-09
0.000000000000000000e+00
0.000000000000000000e+00
0.000000000000000000e+00
2.585162084400849380e-09
0.000000000000000000e+00
0.000000000000000000e+00
0.000000000000000000e+00
2.511442387387319286e-09
5.409113601473336530e-09
1.812479588636506378e-08
0.000000000000000000e+00
0.000000000000000000e+00
5.127131164073261971e-09
2.205237659147485374e-10
0.000000000000000000e+00
0.000000000000000000e+00
0.000000000000000000e+00
4.442910483959394696e-09
2.047981922936870092e-10
0.000000000000000000e+00
3.427170769398912853e-10
8.338207457825319580e-09
4.718234691836187267e-09
6.657305373636290824e-09
0.000000000000000000e+00
0.000000000000000000e+00
4.366686123802310249e-09
1.429860390089743305e-07
5.159598117643326987e-07
1.377733724439167418e-06
9.417804314182376402e-09
4.513676987727421874e-09
0.000000000000000000e+00
0.000000000000000000e+00
0.000000000000000000e+00
8.297186582240101416e-07
5.555895654651976656e-07
1.475286012464493979e-06
2.032260454143397510e-06
6.734840241051642806e-08
8.620863134467526834e-09
9.809773473534733057e-07
7.687593495120381704e-08
1.279410213328446844e-07
8.664039796713041142e-07
7.414803349092835560e-07
7.714306526906966610e-09
5.234424449440666649e-09
2.032076551472528081e-08
4.373210344965627883e-07
4.798676513928512577e-07
6.086724457787795473e-09
0.000000000000000000e+00
1.986344244642168633e-07
1.291043076889764052e-06
1.301666507913523674e-08
1.110286689254280645e-06
5.167605059142044155e-12
0.000000000000000000e+00
0.000000000000000000e+00
1.427284018973296043e-06
0.000000000000000000e+00
0.000000000000000000e+00
0.000000000000000000e+00
1.585250288371753413e-06
0.000000000000000000e+00
0.000000000000000000e+00
0.000000000000000000e+00
0.000000000000000000e+00
0.000000000000000000e+00
0.000000000000000000e+00
0.000000000000000000e+00
8.076453923422377557e-06
0.000000000000000000e+00
0.000000000000000000e+00
0.000000000000000000e+00
4.343709836263087709e-09
0.000000000000000000e+00
0.000000000000000000e+00
0.000000000000000000e+00
0.000000000000000000e+00
0.000000000000000000e+00
2.783153485452771747e-09
0.000000000000000000e+00
1.318591902332855170e-09
0.000000000000000000e+00
0.000000000000000000e+00
0.000000000000000000e+00
0.000000000000000000e+00
0.000000000000000000e+00
4.825355972570832819e-07
0.000000000000000000e+00
0.000000000000000000e+00
9.949754797844434506e-09
0.000000000000000000e+00
0.000000000000000000e+00
0.000000000000000000e+00
0.000000000000000000e+00
7.596867845904853311e-08
0.000000000000000000e+00
0.000000000000000000e+00
0.000000000000000000e+00
0.000000000000000000e+00
0.000000000000000000e+00
1.019414885838898499e-09
0.000000000000000000e+00
2.159665228873564047e-07
0.000000000000000000e+00
0.000000000000000000e+00
2.613992137412424199e-06
0.000000000000000000e+00
7.722832151557668112e-09
0.000000000000000000e+00
0.000000000000000000e+00
5.624353066613352325e-11
0.000000000000000000e+00
0.000000000000000000e+00
1.005307614931894022e-09
0.000000000000000000e+00
1.846031949526150129e-07
0.000000000000000000e+00
0.000000000000000000e+00
0.000000000000000000e+00
2.165123549197067732e-12
1.361247541353804991e-07
1.112082070875430873e-08
0.000000000000000000e+00
0.000000000000000000e+00
0.000000000000000000e+00
0.000000000000000000e+00
0.000000000000000000e+00
0.000000000000000000e+00
0.000000000000000000e+00
0.000000000000000000e+00
3.379711088768999616e-08
0.000000000000000000e+00
0.000000000000000000e+00
4.111351969982024457e-08
0.000000000000000000e+00
0.000000000000000000e+00
0.000000000000000000e+00
3.138403426028446574e-10
0.000000000000000000e+00
0.000000000000000000e+00
0.000000000000000000e+00
0.000000000000000000e+00
0.000000000000000000e+00
0.000000000000000000e+00
0.000000000000000000e+00
1.021098205988835161e-09
6.539244878922545468e-08
5.483745124656991266e-10
8.027745579397560505e-09
1.203572878694103565e-06
8.049388497965992428e-07
0.000000000000000000e+00
1.890503114054808975e-07
8.730605145501613151e-07
1.939623128777157035e-09
0.000000000000000000e+00
0.000000000000000000e+00
0.000000000000000000e+00
0.000000000000000000e+00
0.000000000000000000e+00
6.982563718338496983e-06
0.000000000000000000e+00
2.760460233730555046e-07
0.000000000000000000e+00
0.000000000000000000e+00
4.941174438499729149e-07
0.000000000000000000e+00
2.812079813452328381e-08
7.866153737268177792e-07
7.031524091871688142e-07
4.933442809829102771e-08
1.754956076294167389e-11
5.001105591873056255e-07
3.844828881938155973e-07
7.681479985421901802e-08
1.959893296543668839e-07
2.563540988376189489e-07
0.000000000000000000e+00
0.000000000000000000e+00
9.307053687734878622e-07
7.731655671250337036e-08
0.000000000000000000e+00
0.000000000000000000e+00
7.138549751317668779e-09
5.303373882270534523e-07
0.000000000000000000e+00
0.000000000000000000e+00
1.005726257830019676e-08
0.000000000000000000e+00
0.000000000000000000e+00
0.000000000000000000e+00
0.000000000000000000e+00
3.301387891951890197e-07
0.000000000000000000e+00
0.000000000000000000e+00
0.000000000000000000e+00
0.000000000000000000e+00
0.000000000000000000e+00
0.000000000000000000e+00
0.000000000000000000e+00
0.000000000000000000e+00
0.000000000000000000e+00
5.757132992556535100e-09
0.000000000000000000e+00
0.000000000000000000e+00
0.000000000000000000e+00
0.000000000000000000e+00
0.000000000000000000e+00
0.000000000000000000e+00
1.462612875258173517e-08
0.000000000000000000e+00
0.000000000000000000e+00
0.000000000000000000e+00
2.455038394799657908e-09
0.000000000000000000e+00
3.989251240454905201e-08
0.000000000000000000e+00
1.536694682613415353e-08
5.054492362432938535e-07
0.000000000000000000e+00
0.000000000000000000e+00
1.478105957630759804e-07
0.000000000000000000e+00
8.296635378712835518e-09
7.600537088592318469e-09
5.142184900108759393e-09
2.538183139222383033e-07
0.000000000000000000e+00
3.345181465164159818e-09
0.000000000000000000e+00
0.000000000000000000e+00
0.000000000000000000e+00
0.000000000000000000e+00
2.555366052092722384e-08
8.543390994653066173e-11
0.000000000000000000e+00
0.000000000000000000e+00
6.056124934872286758e-09
0.000000000000000000e+00
1.278006145355448098e-09
0.000000000000000000e+00
0.000000000000000000e+00
2.007778476809107815e-07
7.493582643292029388e-08
1.422034642928338144e-06
3.841082119038219389e-08
1.415727552966927760e-07
1.025361129336488375e-07
0.000000000000000000e+00
0.000000000000000000e+00
1.137273315521269978e-07
0.000000000000000000e+00
2.283882771791923005e-08
0.000000000000000000e+00
4.863572939939331263e-07
4.722559765468758997e-07
0.000000000000000000e+00
0.000000000000000000e+00
1.620901116439199541e-06
6.468422384386940394e-07
1.322717616858426481e-05
1.320681946026525111e-07
0.000000000000000000e+00
1.543001957315937034e-07
5.434600325315841474e-07
2.106669256818349822e-07
1.452879416774521815e-07
0.000000000000000000e+00
7.130130370569531806e-07
5.592480256666476635e-09
0.000000000000000000e+00
5.604780994872271549e-08
1.940221636687056161e-07
6.181859912857134987e-09
1.429793155693914741e-05
1.068279630089818966e-06
0.000000000000000000e+00
1.599467793766962131e-07
4.188199653754054452e-08
1.696636218184721656e-06
5.475700781687464769e-09
0.000000000000000000e+00
0.000000000000000000e+00
7.863474820624105632e-06
3.125944090243137907e-07
0.000000000000000000e+00
0.000000000000000000e+00
0.000000000000000000e+00
0.000000000000000000e+00
2.618412963784066960e-06
9.263633415912408964e-09
1.359675479761790484e-06
0.000000000000000000e+00
0.000000000000000000e+00
5.084028309454424743e-09
0.000000000000000000e+00
0.000000000000000000e+00
2.449677127813743027e-10
0.000000000000000000e+00
0.000000000000000000e+00
0.000000000000000000e+00
0.000000000000000000e+00
6.670053398494246721e-10
0.000000000000000000e+00
0.000000000000000000e+00
2.629528150777105111e-09
0.000000000000000000e+00
7.027233550616074353e-08
0.000000000000000000e+00
0.000000000000000000e+00
0.000000000000000000e+00
0.000000000000000000e+00
0.000000000000000000e+00
1.289593711817360600e-07
1.394577822111386922e-07
6.927040203663636930e-07
0.000000000000000000e+00
0.000000000000000000e+00
0.000000000000000000e+00
0.000000000000000000e+00
0.000000000000000000e+00
5.415503423478185141e-08
3.517409140840754844e-06
0.000000000000000000e+00
0.000000000000000000e+00
0.000000000000000000e+00
6.772923555331544776e-09
3.314982905067154206e-06
1.599991472645001522e-09
6.655269224609128287e-09
0.000000000000000000e+00
0.000000000000000000e+00
0.000000000000000000e+00
8.137138074459926429e-09
2.287692951741249203e-11
5.662158173436182551e-07
3.437103544001729460e-07
1.108543443706366816e-07
1.696805718154337228e-08
1.029852796818886418e-06
0.000000000000000000e+00
1.346361102605442284e-07
1.379377323473818251e-07
1.803994450710888486e-06
0.000000000000000000e+00
1.937890374392736703e-06
0.000000000000000000e+00
0.000000000000000000e+00
3.555676073574431939e-07
5.225367090133659076e-07
3.242585648877138738e-07
5.709063088943366893e-07
3.418448102365800878e-07
2.378975594297116913e-08
2.830963978794898139e-07
4.241691726747376379e-07
5.334716774996195454e-07
0.000000000000000000e+00
3.414295690618018853e-07
0.000000000000000000e+00
8.208121293762360438e-09
0.000000000000000000e+00
1.436495153939176816e-07
0.000000000000000000e+00
7.159652426480533904e-08
1.215973099988332251e-08
6.085147106205113232e-06
0.000000000000000000e+00
0.000000000000000000e+00
3.730744602137292532e-09
0.000000000000000000e+00
0.000000000000000000e+00
0.000000000000000000e+00
5.358882226857986097e-10
0.000000000000000000e+00
0.000000000000000000e+00
0.000000000000000000e+00
0.000000000000000000e+00
0.000000000000000000e+00
0.000000000000000000e+00
0.000000000000000000e+00
0.000000000000000000e+00
0.000000000000000000e+00
3.057286923624502606e-10
0.000000000000000000e+00
0.000000000000000000e+00
0.000000000000000000e+00
0.000000000000000000e+00
0.000000000000000000e+00
0.000000000000000000e+00
0.000000000000000000e+00
0.000000000000000000e+00
0.000000000000000000e+00
0.000000000000000000e+00
0.000000000000000000e+00
0.000000000000000000e+00
0.000000000000000000e+00
3.366881529132115247e-08
2.658125879406725289e-07
0.000000000000000000e+00
0.000000000000000000e+00
0.000000000000000000e+00
0.000000000000000000e+00
0.000000000000000000e+00
0.000000000000000000e+00
0.000000000000000000e+00
0.000000000000000000e+00
0.000000000000000000e+00
0.000000000000000000e+00
0.000000000000000000e+00
0.000000000000000000e+00
2.287843869908101624e-08
0.000000000000000000e+00
0.000000000000000000e+00
0.000000000000000000e+00
9.307191248808521777e-07
0.000000000000000000e+00
0.000000000000000000e+00
0.000000000000000000e+00
0.000000000000000000e+00
0.000000000000000000e+00
0.000000000000000000e+00
0.000000000000000000e+00
4.106008418602868915e-06
0.000000000000000000e+00
0.000000000000000000e+00
0.000000000000000000e+00
5.025652782819634012e-08
0.000000000000000000e+00
4.399620223694000742e-08
0.000000000000000000e+00
0.000000000000000000e+00
0.000000000000000000e+00
0.000000000000000000e+00
4.884087800860470452e-09
0.000000000000000000e+00
9.894166375090662768e-09
0.000000000000000000e+00
3.229095657530933750e-09
1.969084166830725735e-07
8.362550829588144552e-07
0.000000000000000000e+00
6.548511732873407709e-10
1.002270266781124519e-08
0.000000000000000000e+00
2.781057730771863135e-07
4.772593911184230819e-07
3.041596983166527934e-07
0.000000000000000000e+00
1.232072349921509158e-06
0.000000000000000000e+00
2.963922156595799606e-07
1.003006921962423803e-08
2.167237569961066868e-11
3.582547662972501712e-07
2.173671553862277506e-08
1.408620704523855238e-07
2.372810570250294404e-08
1.713610231490747537e-07
7.907253802841296420e-07
4.158331456949326821e-10
1.168127596429258119e-06
4.549793288788350765e-07
0.000000000000000000e+00
0.000000000000000000e+00
0.000000000000000000e+00
2.598737580683518900e-07
0.000000000000000000e+00
0.000000000000000000e+00
0.000000000000000000e+00
3.624311943895008881e-07
7.246246241265907884e-06
6.213936103449668735e-07
1.694636580396036152e-06
0.000000000000000000e+00
1.330779241470736451e-06
3.565574058228548893e-09
0.000000000000000000e+00
0.000000000000000000e+00
0.000000000000000000e+00
0.000000000000000000e+00
0.000000000000000000e+00
0.000000000000000000e+00
1.192295595586756463e-09
0.000000000000000000e+00
0.000000000000000000e+00
0.000000000000000000e+00
0.000000000000000000e+00
0.000000000000000000e+00
7.968781884359898982e-11
1.209926381307013799e-06
0.000000000000000000e+00
0.000000000000000000e+00
0.000000000000000000e+00
0.000000000000000000e+00
0.000000000000000000e+00
0.000000000000000000e+00
1.300334417919657426e-07
0.000000000000000000e+00
0.000000000000000000e+00
7.192435091951665527e-09
0.000000000000000000e+00
6.679630626393873172e-09
0.000000000000000000e+00
7.329082230000949494e-09
0.000000000000000000e+00
0.000000000000000000e+00
0.000000000000000000e+00
0.000000000000000000e+00
0.000000000000000000e+00
0.000000000000000000e+00
0.000000000000000000e+00
6.641046184086007997e-07
0.000000000000000000e+00
1.104880353874904131e-10
1.402839844288905624e-09
9.052900651340678451e-09
8.220295910632557934e-08
1.773251878667281289e-09
0.000000000000000000e+00
4.874957326705953164e-09
1.315366748855240075e-08
0.000000000000000000e+00
0.000000000000000000e+00
0.000000000000000000e+00
0.000000000000000000e+00
0.000000000000000000e+00
0.000000000000000000e+00
0.000000000000000000e+00
0.000000000000000000e+00
0.000000000000000000e+00
3.586800301214054798e-10
0.000000000000000000e+00
7.433345103891042527e-07
3.854779251355466840e-08
8.650503332319203764e-06
4.543331044715159805e-07
0.000000000000000000e+00
1.476235638619982637e-06
0.000000000000000000e+00
2.100400848803474219e-07
0.000000000000000000e+00
0.000000000000000000e+00
0.000000000000000000e+00
4.415411183344986057e-07
1.310398829446057789e-06
3.709883173996786354e-07
2.108945693635178031e-07
6.025602488080039620e-07
2.695880185754617742e-10
4.031334981391410111e-07
5.356283054425148293e-06
5.595448442363704089e-07
0.000000000000000000e+00
0.000000000000000000e+00
5.138177584740333259e-06
1.775242026269552298e-06
7.323047839236096479e-07
0.000000000000000000e+00
0.000000000000000000e+00
0.000000000000000000e+00
0.000000000000000000e+00
0.000000000000000000e+00
3.491789257736854779e-08
0.000000000000000000e+00
0.000000000000000000e+00
4.550735965835883690e-08
0.000000000000000000e+00
6.158411558487841830e-09
0.000000000000000000e+00
0.000000000000000000e+00
0.000000000000000000e+00
0.000000000000000000e+00
7.621381570288576768e-08
0.000000000000000000e+00
1.698758467227889923e-09
0.000000000000000000e+00
0.000000000000000000e+00
0.000000000000000000e+00
0.000000000000000000e+00
0.000000000000000000e+00
0.000000000000000000e+00
0.000000000000000000e+00
0.000000000000000000e+00
0.000000000000000000e+00
7.345359335886314511e-06
0.000000000000000000e+00
0.000000000000000000e+00
0.000000000000000000e+00
0.000000000000000000e+00
0.000000000000000000e+00
0.000000000000000000e+00
0.000000000000000000e+00
0.000000000000000000e+00
0.000000000000000000e+00
0.000000000000000000e+00
0.000000000000000000e+00
0.000000000000000000e+00
0.000000000000000000e+00
0.000000000000000000e+00
1.038531081576365978e-06
0.000000000000000000e+00
0.000000000000000000e+00
0.000000000000000000e+00
0.000000000000000000e+00
0.000000000000000000e+00
0.000000000000000000e+00
0.000000000000000000e+00
0.000000000000000000e+00
3.743617638107821222e-10
0.000000000000000000e+00
0.000000000000000000e+00
0.000000000000000000e+00
8.809179163904445886e-09
0.000000000000000000e+00
6.607002056568944681e-09
0.000000000000000000e+00
0.000000000000000000e+00
0.000000000000000000e+00
3.244438745442224103e-11
0.000000000000000000e+00
0.000000000000000000e+00
0.000000000000000000e+00
0.000000000000000000e+00
0.000000000000000000e+00
0.000000000000000000e+00
0.000000000000000000e+00
0.000000000000000000e+00
0.000000000000000000e+00
0.000000000000000000e+00
0.000000000000000000e+00
0.000000000000000000e+00
0.000000000000000000e+00
0.000000000000000000e+00
0.000000000000000000e+00
0.000000000000000000e+00
0.000000000000000000e+00
3.961352490478020627e-07
4.553550245200987945e-11
0.000000000000000000e+00
0.000000000000000000e+00
0.000000000000000000e+00
0.000000000000000000e+00
3.347020161026392771e-10
0.000000000000000000e+00
2.459658920983542885e-09
0.000000000000000000e+00
2.523721899863606843e-12
6.262440788162848548e-09
0.000000000000000000e+00
3.061011000227154000e-09
0.000000000000000000e+00
0.000000000000000000e+00
0.000000000000000000e+00
0.000000000000000000e+00
0.000000000000000000e+00
0.000000000000000000e+00
0.000000000000000000e+00
0.000000000000000000e+00
8.100209392125634622e-10
1.137298539788389462e-07
0.000000000000000000e+00
0.000000000000000000e+00
4.710385859141297260e-09
5.491849641714452446e-09
0.000000000000000000e+00
0.000000000000000000e+00
0.000000000000000000e+00
0.000000000000000000e+00
0.000000000000000000e+00
0.000000000000000000e+00
0.000000000000000000e+00
0.000000000000000000e+00
0.000000000000000000e+00
1.372477964611817924e-10
1.235861551984740458e-10
1.601598409450843974e-09
0.000000000000000000e+00
0.000000000000000000e+00
2.862225585431588115e-07
2.574262225607526489e-07
1.264654230226369691e-07
6.194319723817898193e-08
4.176551726686739130e-08
3.603191345291634207e-08
2.407684540628451941e-08
7.343285233218921348e-07
0.000000000000000000e+00
1.498236059660484898e-07
1.769725486155948602e-06
3.281553162537420576e-08
0.000000000000000000e+00
3.498177525429468915e-09
6.444385292070364812e-08
1.909818507783711539e-07
0.000000000000000000e+00
7.386971034861744556e-09
5.882984766003573895e-08
3.757406545901176287e-07
8.011442065303242543e-10
5.187128863326506689e-06
0.000000000000000000e+00
1.092683916681380651e-07
2.266075966872449499e-07
0.000000000000000000e+00
7.901348908490035683e-09
2.346369853967189556e-07
6.598940061053326644e-09
0.000000000000000000e+00
2.510673084543668665e-06
0.000000000000000000e+00
0.000000000000000000e+00
0.000000000000000000e+00
3.410758342425879164e-09
0.000000000000000000e+00
0.000000000000000000e+00
0.000000000000000000e+00
5.261686197854942293e-09
0.000000000000000000e+00
0.000000000000000000e+00
0.000000000000000000e+00
0.000000000000000000e+00
0.000000000000000000e+00
7.209237651295552496e-09
0.000000000000000000e+00
0.000000000000000000e+00
5.245143430698817610e-09
0.000000000000000000e+00
0.000000000000000000e+00
8.969228026955988753e-09
3.773860779432425261e-09
0.000000000000000000e+00
9.734916872616850014e-09
7.293186943257978783e-09
5.016531190449313726e-09
0.000000000000000000e+00
3.695203361075982684e-07
1.206097834938191227e-07
4.160866495794834918e-08
0.000000000000000000e+00
2.015330125004766160e-07
0.000000000000000000e+00
0.000000000000000000e+00
0.000000000000000000e+00
0.000000000000000000e+00
0.000000000000000000e+00
0.000000000000000000e+00
1.714307131805981044e-07
0.000000000000000000e+00
0.000000000000000000e+00
0.000000000000000000e+00
7.212288100078012576e-09
8.224107617138542992e-09
1.055663445548304935e-09
0.000000000000000000e+00
0.000000000000000000e+00
6.182194312032152084e-09
0.000000000000000000e+00
1.446407082994483062e-07
5.983196160741499625e-07
0.000000000000000000e+00
0.000000000000000000e+00
0.000000000000000000e+00
0.000000000000000000e+00
9.661294875229486934e-09
0.000000000000000000e+00
1.987910280831783894e-08
8.219616915994265582e-07
8.470581747133110184e-08
1.169035357406755793e-08
2.488401151801156175e-10
5.358361363505537156e-07
2.251542582598631270e-06
2.088332848870777525e-07
0.000000000000000000e+00
1.207005162484620087e-09
6.098259319742282969e-08
4.802361104339070152e-07
6.430188648209878011e-08
1.290635083250890602e-07
0.000000000000000000e+00
4.075380477530643475e-09
1.638314706120524988e-09
4.005490383818255395e-10
0.000000000000000000e+00
1.089594903191937192e-07
6.730643153929349864e-09
0.000000000000000000e+00
0.000000000000000000e+00
7.288156780305143911e-07
2.202358928116154857e-06
0.000000000000000000e+00
0.000000000000000000e+00
0.000000000000000000e+00
6.288490084216391551e-08
2.190297294646370574e-07
0.000000000000000000e+00
0.000000000000000000e+00
0.000000000000000000e+00
1.003279948008639622e-07
0.000000000000000000e+00
1.114990766382106813e-09
0.000000000000000000e+00
0.000000000000000000e+00
0.000000000000000000e+00
0.000000000000000000e+00
0.000000000000000000e+00
0.000000000000000000e+00
1.199735379486810416e-06
0.000000000000000000e+00
0.000000000000000000e+00
0.000000000000000000e+00
0.000000000000000000e+00
2.204792570736913149e-09
0.000000000000000000e+00
8.242614368825229576e-10
0.000000000000000000e+00
0.000000000000000000e+00
7.155374383283064077e-13
0.000000000000000000e+00
0.000000000000000000e+00
0.000000000000000000e+00
0.000000000000000000e+00
0.000000000000000000e+00
0.000000000000000000e+00
0.000000000000000000e+00
0.000000000000000000e+00
0.000000000000000000e+00
0.000000000000000000e+00
0.000000000000000000e+00
0.000000000000000000e+00
0.000000000000000000e+00
0.000000000000000000e+00
2.407586352504154092e-09
0.000000000000000000e+00
0.000000000000000000e+00
0.000000000000000000e+00
0.000000000000000000e+00
0.000000000000000000e+00
5.639854139261046839e-10
4.573313283628976933e-09
2.442504420940849741e-09
0.000000000000000000e+00
3.323303299218594020e-10
0.000000000000000000e+00
0.000000000000000000e+00
0.000000000000000000e+00
0.000000000000000000e+00
5.195366803434353642e-09
0.000000000000000000e+00
0.000000000000000000e+00
0.000000000000000000e+00
0.000000000000000000e+00
0.000000000000000000e+00
8.703675113963527110e-09
0.000000000000000000e+00
0.000000000000000000e+00
5.415699555477715421e-10
0.000000000000000000e+00
0.000000000000000000e+00
0.000000000000000000e+00
0.000000000000000000e+00
0.000000000000000000e+00
3.261556996703163236e-11
1.860663871866563568e-07
0.000000000000000000e+00
0.000000000000000000e+00
0.000000000000000000e+00
0.000000000000000000e+00
3.022312622391609693e-09
2.573975280029117130e-06
0.000000000000000000e+00
2.235896356950206609e-09
0.000000000000000000e+00
0.000000000000000000e+00
0.000000000000000000e+00
0.000000000000000000e+00
0.000000000000000000e+00
0.000000000000000000e+00
0.000000000000000000e+00
0.000000000000000000e+00
0.000000000000000000e+00
1.434138502398596415e-10
0.000000000000000000e+00
8.694835962330671464e-09
1.429265261698731138e-09
0.000000000000000000e+00
0.000000000000000000e+00
7.223840636783052105e-09
0.000000000000000000e+00
2.353317318792846891e-09
0.000000000000000000e+00
0.000000000000000000e+00
0.000000000000000000e+00
0.000000000000000000e+00
0.000000000000000000e+00
0.000000000000000000e+00
0.000000000000000000e+00
0.000000000000000000e+00
0.000000000000000000e+00
0.000000000000000000e+00
8.767650427898843191e-08
0.000000000000000000e+00
9.189609073700921726e-09
1.525818499326092592e-10
2.190607695240487374e-08
8.754826197332477022e-09
1.031910414894809946e-07
1.051733647727814969e-06
5.619675107482180465e-07
9.678979395744136127e-09
0.000000000000000000e+00
6.945830577365086356e-09
0.000000000000000000e+00
0.000000000000000000e+00
0.000000000000000000e+00
6.877722835696431503e-09
8.562273023926536553e-08
8.274257652374217287e-07
1.779745595342774322e-08
1.137831418418500107e-06
2.413343509033438750e-06
0.000000000000000000e+00
8.847601407069305424e-07
0.000000000000000000e+00
1.599374400029773824e-06
1.305821569985710084e-06
1.155302058464258153e-07
2.082427101868233876e-07
1.019152023218339309e-06
4.646028060051321518e-07
7.147851874833577313e-07
0.000000000000000000e+00
7.492004350240222266e-09
0.000000000000000000e+00
0.000000000000000000e+00
8.183070576706086285e-07
0.000000000000000000e+00
0.000000000000000000e+00
6.112317407769296551e-08
2.068419391321185685e-08
0.000000000000000000e+00
0.000000000000000000e+00
0.000000000000000000e+00
0.000000000000000000e+00
0.000000000000000000e+00
0.000000000000000000e+00
0.000000000000000000e+00
0.000000000000000000e+00
0.000000000000000000e+00
0.000000000000000000e+00
4.716372181690076104e-09
0.000000000000000000e+00
0.000000000000000000e+00
0.000000000000000000e+00
0.000000000000000000e+00
0.000000000000000000e+00
0.000000000000000000e+00
0.000000000000000000e+00
1.696771505521610379e-07
9.495936481584976718e-09
1.082933120954976403e-08
0.000000000000000000e+00
0.000000000000000000e+00
0.000000000000000000e+00
0.000000000000000000e+00
0.000000000000000000e+00
0.000000000000000000e+00
0.000000000000000000e+00
0.000000000000000000e+00
0.000000000000000000e+00
9.950849921835924761e-09
0.000000000000000000e+00
0.000000000000000000e+00
0.000000000000000000e+00
3.774223711339175225e-10
1.374687585986578142e-10
1.518986664450494573e-06
0.000000000000000000e+00
5.238069533675115963e-09
5.794493418420643138e-08
7.377797572871713783e-08
6.719380607478342426e-09
2.166630821420767461e-07
6.543606900777376723e-08
2.683094635358429514e-07
3.715839511642116122e-07
1.113304379241064623e-10
3.499174567878071684e-07
5.394985436169008608e-08
0.000000000000000000e+00
3.172481166657803442e-10
8.881059329723939300e-06
2.512370589347057148e-10
0.000000000000000000e+00
8.670752116302082868e-09
0.000000000000000000e+00
6.851443572486459743e-07
7.681176250606824851e-10
4.955974119980055548e-08
1.787191505897567367e-10
0.000000000000000000e+00
1.055642471214923717e-07
0.000000000000000000e+00
1.548004746609876747e-08
5.704270389372823047e-09
1.588317921630277851e-08
2.467920534598988525e-09
1.606053512404059802e-09
5.718109541419380548e-09
4.438471989942627260e-07
2.104562213389726821e-08
0.000000000000000000e+00
0.000000000000000000e+00
0.000000000000000000e+00
0.000000000000000000e+00
1.428115155022169347e-07
1.881585149021702819e-06
5.488509486895054579e-07
0.000000000000000000e+00
0.000000000000000000e+00
1.152654971470212786e-09
0.000000000000000000e+00
0.000000000000000000e+00
0.000000000000000000e+00
0.000000000000000000e+00
6.823548948098334677e-10
0.000000000000000000e+00
0.000000000000000000e+00
0.000000000000000000e+00
0.000000000000000000e+00
3.422859107260478595e-09
0.000000000000000000e+00
0.000000000000000000e+00
0.000000000000000000e+00
6.492439919014714178e-09
0.000000000000000000e+00
0.000000000000000000e+00
0.000000000000000000e+00
0.000000000000000000e+00
0.000000000000000000e+00
0.000000000000000000e+00
0.000000000000000000e+00
9.830215752515414351e-09
1.774852762537193485e-07
0.000000000000000000e+00
0.000000000000000000e+00
0.000000000000000000e+00
0.000000000000000000e+00
0.000000000000000000e+00
0.000000000000000000e+00
0.000000000000000000e+00
0.000000000000000000e+00
0.000000000000000000e+00
5.093788058019299569e-09
0.000000000000000000e+00
0.000000000000000000e+00
3.438768825247962013e-09
0.000000000000000000e+00
4.943035758486757913e-09
9.504259992354491260e-07
0.000000000000000000e+00
0.000000000000000000e+00
1.188121018458332401e-06
0.000000000000000000e+00
3.683995686287744320e-08
8.641798387998278486e-09
0.000000000000000000e+00
0.000000000000000000e+00
6.589175871596353318e-09
0.000000000000000000e+00
0.000000000000000000e+00
0.000000000000000000e+00
0.000000000000000000e+00
0.000000000000000000e+00
2.088413469936156730e-10
0.000000000000000000e+00
0.000000000000000000e+00
0.000000000000000000e+00
1.703595486901576805e-09
1.928565040998364566e-08
0.000000000000000000e+00
0.000000000000000000e+00
0.000000000000000000e+00
4.184530943973641115e-09
2.438705060114898515e-08
3.702221196277832860e-09
4.336710901498008752e-08
9.132804734690580517e-08
0.000000000000000000e+00
0.000000000000000000e+00
1.171936332866607700e-06
0.000000000000000000e+00
2.477420650848216610e-07
0.000000000000000000e+00
1.311130688463890692e-07
3.039978579977287154e-08
5.194754066906170920e-07
1.990201639046063065e-07
4.901575039184535854e-07
2.209622351756479475e-08
1.124521031847791619e-09
0.000000000000000000e+00
5.084083709583353539e-10
0.000000000000000000e+00
0.000000000000000000e+00
0.000000000000000000e+00
0.000000000000000000e+00
0.000000000000000000e+00
7.928091072528786754e-09
0.000000000000000000e+00
4.830643547393265180e-07
0.000000000000000000e+00
0.000000000000000000e+00
7.088627018703164140e-09
3.623965572074894226e-09
0.000000000000000000e+00
3.131484405116680136e-08
0.000000000000000000e+00
0.000000000000000000e+00
0.000000000000000000e+00
0.000000000000000000e+00
0.000000000000000000e+00
0.000000000000000000e+00
0.000000000000000000e+00
0.000000000000000000e+00
0.000000000000000000e+00
0.000000000000000000e+00
0.000000000000000000e+00
0.000000000000000000e+00
1.486791097704553977e-05
0.000000000000000000e+00
2.656369048337214878e-12
2.606746463129638869e-08
0.000000000000000000e+00
0.000000000000000000e+00
0.000000000000000000e+00
4.274663290004809824e-09
0.000000000000000000e+00
0.000000000000000000e+00
0.000000000000000000e+00
0.000000000000000000e+00
0.000000000000000000e+00
3.650257340837015363e-08
0.000000000000000000e+00
0.000000000000000000e+00
1.879666200466090231e-09
0.000000000000000000e+00
1.330388386122649536e-06
0.000000000000000000e+00
0.000000000000000000e+00
8.942635076891747303e-09
5.013492199168467778e-08
0.000000000000000000e+00
0.000000000000000000e+00
7.919851441329228692e-09
2.773675333855862846e-08
0.000000000000000000e+00
7.994866102478681569e-09
2.344954282307298854e-06
0.000000000000000000e+00
2.701822495509986766e-06
0.000000000000000000e+00
1.956088802046451747e-08
0.000000000000000000e+00
0.000000000000000000e+00
2.804864607242052443e-06
7.926475475983352226e-09
0.000000000000000000e+00
2.330064474698190224e-10
6.646551309330561708e-09
1.186877884862269639e-08
0.000000000000000000e+00
2.570963317793939495e-07
1.264287305957623175e-07
0.000000000000000000e+00
0.000000000000000000e+00
0.000000000000000000e+00
1.697983265103175654e-08
3.557426850875344826e-07
6.422270416805986315e-06
0.000000000000000000e+00
6.321254772956308443e-07
7.051160100246534057e-09
4.344218762497575881e-09
7.468667035936960019e-07
0.000000000000000000e+00
3.334882023864338407e-07
1.080928146990345340e-08
1.568367565596417990e-06
0.000000000000000000e+00
0.000000000000000000e+00
0.000000000000000000e+00
2.154673522936079166e-10
0.000000000000000000e+00
0.000000000000000000e+00
3.578081164690161131e-09
0.000000000000000000e+00
0.000000000000000000e+00
0.000000000000000000e+00
0.000000000000000000e+00
0.000000000000000000e+00
2.131868654942081776e-07
5.697791682912622946e-10
0.000000000000000000e+00
0.000000000000000000e+00
0.000000000000000000e+00
4.797093389186102286e-09
4.723824815755506279e-07
0.000000000000000000e+00
5.429751315233488640e-09
0.000000000000000000e+00
0.000000000000000000e+00
0.000000000000000000e+00
0.000000000000000000e+00
0.000000000000000000e+00
0.000000000000000000e+00
5.372001066206166797e-09
0.000000000000000000e+00
0.000000000000000000e+00
0.000000000000000000e+00
0.000000000000000000e+00
8.367425152755458839e-08
1.281342889569714316e-07
9.872702833035873482e-08
1.065725196980338296e-08
3.831347683558306016e-08
1.272811189778622065e-09
0.000000000000000000e+00
3.551309024629745181e-09
0.000000000000000000e+00
0.000000000000000000e+00
1.240697315552097280e-06
7.814795921490258479e-09
2.278558730584023806e-10
0.000000000000000000e+00
1.525813253522301238e-08
5.795741799374809489e-06
9.010400958686659578e-07
1.370857738436370710e-08
5.890423149246259982e-10
0.000000000000000000e+00
6.109061700954043772e-07
5.695182991871661216e-09
2.544793687775381841e-06
0.000000000000000000e+00
0.000000000000000000e+00
2.685508482258569529e-09
3.503567768348148093e-06
4.239826978391647572e-07
6.212468317556840702e-09
0.000000000000000000e+00
0.000000000000000000e+00
0.000000000000000000e+00
0.000000000000000000e+00
1.163124441205809489e-08
3.373363028913445305e-07
4.198652536757663256e-10
1.620473426555690821e-07
0.000000000000000000e+00
0.000000000000000000e+00
0.000000000000000000e+00
0.000000000000000000e+00
1.854557751812535571e-08
0.000000000000000000e+00
0.000000000000000000e+00
7.554526781916592881e-09
2.031244061839743154e-09
4.656055523355462356e-07
2.052866875601466745e-06
4.293602140492680519e-10
1.529505766484362539e-08
9.420385360670024966e-09
0.000000000000000000e+00
2.052620402537286282e-06
4.552794337087107124e-07
5.173585577722406015e-06
3.484355026728280791e-09
1.097721877840740490e-07
2.324844317058705201e-09
0.000000000000000000e+00
0.000000000000000000e+00
1.887860747729064315e-07
9.182352869174792431e-07
2.041593347712478135e-07
3.884187194103105867e-09
0.000000000000000000e+00
4.838576117549564515e-08
0.000000000000000000e+00
0.000000000000000000e+00
0.000000000000000000e+00
0.000000000000000000e+00
0.000000000000000000e+00
1.041701230483638163e-12
0.000000000000000000e+00
9.734262107485847082e-08
8.250989367297734134e-07
1.438190082581058959e-07
5.097934074882459754e-09
0.000000000000000000e+00
6.822974185638486233e-09
1.800206632651679683e-07
4.000775959411839722e-07
1.778330727120192023e-07
7.364453722402686253e-07
8.828908741251306758e-13
0.000000000000000000e+00
4.243274815962649882e-07
0.000000000000000000e+00
0.000000000000000000e+00
0.000000000000000000e+00
5.847687134519219398e-08
1.683474054603451009e-10
2.059431514211951253e-09
0.000000000000000000e+00
0.000000000000000000e+00
1.046134290305644754e-09
1.022872737621582928e-07
4.989907509411750652e-08
4.192540536962496844e-09
4.502811901119230242e-09
9.008911661112506408e-07
6.006128501212515403e-07
5.238021572040452156e-07
0.000000000000000000e+00
5.604518378277134616e-07
0.000000000000000000e+00
0.000000000000000000e+00
8.346444815288123209e-07
4.793899279320612550e-06
7.210230990040145116e-08
2.579018882897798903e-06
4.430322064763458911e-07
1.267138287630587001e-07
0.000000000000000000e+00
1.115249048666555609e-07
0.000000000000000000e+00
0.000000000000000000e+00
8.408504754697787575e-07
9.404217138353487826e-08
2.519578004012146266e-07
0.000000000000000000e+00
0.000000000000000000e+00
0.000000000000000000e+00
3.748848342866040184e-08
0.000000000000000000e+00
0.000000000000000000e+00
0.000000000000000000e+00
0.000000000000000000e+00
0.000000000000000000e+00
0.000000000000000000e+00
8.912134035199414939e-07
0.000000000000000000e+00
0.000000000000000000e+00
0.000000000000000000e+00
0.000000000000000000e+00
0.000000000000000000e+00
0.000000000000000000e+00
8.994754274738170352e-09
1.410018012393265963e-05
5.147624104751002960e-09
6.010911768328242033e-09
7.367050525175500297e-09
3.757789457381477405e-08
0.000000000000000000e+00
0.000000000000000000e+00
0.000000000000000000e+00
1.490873025034034072e-08
3.038194051896425663e-08
0.000000000000000000e+00
0.000000000000000000e+00
9.979297601603320800e-07
3.833051778201479465e-07
5.355881516067029224e-09
0.000000000000000000e+00
6.732537372045044322e-07
8.843853720463812351e-07
0.000000000000000000e+00
7.577332183927865117e-08
1.146814270214235876e-06
4.005830760434037074e-06
3.008560733874787729e-09
2.346887484350190789e-08
0.000000000000000000e+00
0.000000000000000000e+00
9.685327206909732922e-09
3.626045019800017144e-09
1.398445192535291426e-06
8.118133720813602849e-09
7.634261578459700104e-07
4.290664890049811220e-08
0.000000000000000000e+00
2.488047812221338972e-07
0.000000000000000000e+00
5.348209697331185453e-08
9.353517071986061637e-09
0.000000000000000000e+00
4.394463459789221815e-09
0.000000000000000000e+00
0.000000000000000000e+00
0.000000000000000000e+00
0.000000000000000000e+00
0.000000000000000000e+00
0.000000000000000000e+00
0.000000000000000000e+00
0.000000000000000000e+00
8.354352765138628456e-09
5.857276885734563621e-09
0.000000000000000000e+00
1.978340824493329819e-09
0.000000000000000000e+00
4.805891506975967786e-08
0.000000000000000000e+00
1.063744203833039137e-09
7.606450580510681903e-09
1.944239613749232376e-08
0.000000000000000000e+00
7.304010729569654359e-10
2.120856601450782364e-09
0.000000000000000000e+00
0.000000000000000000e+00
0.000000000000000000e+00
1.524485213622028823e-07
4.375132903078338131e-06
0.000000000000000000e+00
5.573019268290124728e-10
2.986762126511166571e-07
0.000000000000000000e+00
2.721722376008983701e-05
1.301800693909171969e-07
1.628188925906215445e-07
3.817191895905125421e-09
5.800713864800854935e-08
3.833713435597019270e-07
0.000000000000000000e+00
1.346038747129796320e-08
6.907321790095011238e-07
5.260141766605386238e-10
2.188833377658738755e-06
1.888052736376266694e-07
0.000000000000000000e+00
0.000000000000000000e+00
0.000000000000000000e+00
0.000000000000000000e+00
0.000000000000000000e+00
2.870956250511369490e-10
3.421718588469957467e-07
0.000000000000000000e+00
8.807258495835412759e-07
1.488065635157909128e-07
0.000000000000000000e+00
0.000000000000000000e+00
0.000000000000000000e+00
0.000000000000000000e+00
0.000000000000000000e+00
0.000000000000000000e+00
0.000000000000000000e+00
0.000000000000000000e+00
3.883673382887309344e-09
2.339751725699557028e-09
9.189883485305472277e-07
9.793494655241374858e-07
0.000000000000000000e+00
8.274300853372551501e-06
1.916361185294590541e-07
9.628652319904063006e-10
2.404773340458632447e-06
0.000000000000000000e+00
0.000000000000000000e+00
4.110456757189240307e-07
1.825981826186762191e-06
0.000000000000000000e+00
1.454426509783779409e-11
1.082356391179928323e-07
1.122722679269827495e-07
1.378439606014580932e-06
5.256066692993499601e-10
1.930015605466905981e-05
0.000000000000000000e+00
1.229588804108061595e-07
0.000000000000000000e+00
2.526227262933389284e-07
4.074042578849912388e-07
0.000000000000000000e+00
2.995376835457363995e-09
2.848024593937736881e-11
0.000000000000000000e+00
9.563131619927389693e-09
8.144056984349390405e-09
1.343783195828507360e-09
1.386895178256963845e-06
2.434044859001005534e-07
0.000000000000000000e+00
2.480333876064833021e-07
0.000000000000000000e+00
0.000000000000000000e+00
2.430975865053142115e-09
0.000000000000000000e+00
7.294826409598442751e-10
0.000000000000000000e+00
5.578867856570468575e-08
0.000000000000000000e+00
6.021192877625480833e-09
1.705789941297553014e-06
0.000000000000000000e+00
4.003563314203262280e-10
3.651549832284217700e-06
5.187954510432746247e-10
0.000000000000000000e+00
0.000000000000000000e+00
0.000000000000000000e+00
2.494089379467823164e-08
0.000000000000000000e+00
2.480369857948971912e-06
1.637946778210164211e-09
0.000000000000000000e+00
0.000000000000000000e+00
6.424508001146023162e-07
5.247654755180519714e-09
2.025211642830981873e-07
2.994547230628086254e-06
8.327449450007406995e-07
1.146634787119182874e-08
0.000000000000000000e+00
0.000000000000000000e+00
1.118517957365838811e-06
2.355516102170440718e-07
9.500107722715256386e-08
1.204534498810971854e-07
2.250045838536607334e-07
9.379546028753793507e-10
6.618468546548683662e-07
2.336327270313631743e-06
1.715027231341537117e-08
0.000000000000000000e+00
5.539667427001404576e-07
2.634738507367728744e-07
2.996151806655689143e-06
1.090954242499719840e-06
1.971340646278463282e-09
3.687263188112410717e-06
0.000000000000000000e+00
6.592371093461224518e-10
0.000000000000000000e+00
8.358504111072306841e-09
0.000000000000000000e+00
1.825605777661110096e-09
0.000000000000000000e+00
6.529221252549177734e-08
0.000000000000000000e+00
7.120782186120777624e-09
0.000000000000000000e+00
1.703849505929611041e-09
0.000000000000000000e+00
0.000000000000000000e+00
0.000000000000000000e+00
0.000000000000000000e+00
0.000000000000000000e+00
0.000000000000000000e+00
0.000000000000000000e+00
4.011757592792264404e-10
0.000000000000000000e+00
3.330792424094397575e-07
1.873950168373994529e-07
2.716386973133921856e-07
6.382140926852741813e-10
0.000000000000000000e+00
0.000000000000000000e+00
0.000000000000000000e+00
8.105324744711595031e-10
2.571981667642830871e-07
0.000000000000000000e+00
0.000000000000000000e+00
1.101729558278252696e-11
1.052306899396171502e-07
2.560206269208720187e-09
1.271600012842100114e-06
0.000000000000000000e+00
6.801208769502409268e-07
4.910638295996250235e-08
7.521648193176133645e-09
3.006412896411347901e-07
3.220535802483937005e-07
0.000000000000000000e+00
1.435546295169842779e-07
8.033396170503692701e-09
6.481377500672236280e-12
0.000000000000000000e+00
2.066613262741157087e-07
2.065208036583499052e-06
1.638364892642130144e-06
1.246931219611724373e-06
0.000000000000000000e+00
3.509793486955459230e-06
0.000000000000000000e+00
1.737328830131446011e-06
0.000000000000000000e+00
0.000000000000000000e+00
0.000000000000000000e+00
0.000000000000000000e+00
0.000000000000000000e+00
0.000000000000000000e+00
2.175007729476874374e-08
0.000000000000000000e+00
1.251045432582031935e-06
1.460553367138572867e-08
0.000000000000000000e+00
0.000000000000000000e+00
0.000000000000000000e+00
2.121554665279745677e-08
0.000000000000000000e+00
1.030897578857548069e-06
1.581085662394343672e-08
1.124200139202002902e-06
1.279152002098271623e-06
6.436206234639030299e-09
0.000000000000000000e+00
3.147990090823782339e-09
3.826233996306882545e-09
2.352128936067288123e-09
2.745438321127835479e-09
0.000000000000000000e+00
0.000000000000000000e+00
0.000000000000000000e+00
5.908172562296698516e-11
0.000000000000000000e+00
0.000000000000000000e+00
4.349447912943560368e-09
2.112571628742898611e-08
4.964520030625863001e-06
0.000000000000000000e+00
0.000000000000000000e+00
0.000000000000000000e+00
0.000000000000000000e+00
1.260797333202390291e-08
0.000000000000000000e+00
0.000000000000000000e+00
0.000000000000000000e+00
6.744950376003089332e-09
0.000000000000000000e+00
1.263515625460343017e-09
0.000000000000000000e+00
0.000000000000000000e+00
0.000000000000000000e+00
5.190403315480374147e-11
0.000000000000000000e+00
0.000000000000000000e+00
6.553091846939196330e-09
0.000000000000000000e+00
9.897358488331065018e-09
5.033454542058279912e-09
0.000000000000000000e+00
0.000000000000000000e+00
0.000000000000000000e+00
2.327433801241340916e-09
2.248469712640144280e-07
2.088848304993007332e-06
0.000000000000000000e+00
7.716946015534631442e-07
6.126438734099792782e-08
0.000000000000000000e+00
1.768197392948422930e-07
4.195733822598413099e-07
0.000000000000000000e+00
2.200476689750985315e-09
7.719091854596626945e-08
4.781546891763355234e-08
7.450003636222390924e-07
3.071561138767719967e-07
0.000000000000000000e+00
4.244646945039676211e-08
0.000000000000000000e+00
1.627750748411926907e-06
0.000000000000000000e+00
0.000000000000000000e+00
1.560780589215937653e-07
0.000000000000000000e+00
0.000000000000000000e+00
5.268318226114843128e-09
0.000000000000000000e+00
0.000000000000000000e+00
7.869581430952621304e-09
0.000000000000000000e+00
0.000000000000000000e+00
4.487934329722165216e-11
0.000000000000000000e+00
0.000000000000000000e+00
0.000000000000000000e+00
0.000000000000000000e+00
0.000000000000000000e+00
0.000000000000000000e+00
1.046128886628139298e-06
0.000000000000000000e+00
0.000000000000000000e+00
0.000000000000000000e+00
0.000000000000000000e+00
0.000000000000000000e+00
0.000000000000000000e+00
0.000000000000000000e+00
0.000000000000000000e+00
1.610023048215225572e-08
1.865732457417834667e-09
0.000000000000000000e+00
0.000000000000000000e+00
8.050600186493284127e-10
2.665010052915750549e-11
0.000000000000000000e+00
4.225120253664726988e-09
0.000000000000000000e+00
1.194671117588086418e-08
8.859120725901448168e-08
0.000000000000000000e+00
0.000000000000000000e+00
0.000000000000000000e+00
0.000000000000000000e+00
0.000000000000000000e+00
6.112168549066154810e-09
0.000000000000000000e+00
0.000000000000000000e+00
0.000000000000000000e+00
0.000000000000000000e+00
0.000000000000000000e+00
6.546498898529762300e-09
0.000000000000000000e+00
0.000000000000000000e+00
7.237276111737855899e-09
9.804778322575202765e-09
8.882260260634211591e-09
1.614107875136383541e-10
4.536417422262850607e-11
3.488753819169687631e-08
2.883824024024761457e-08
1.608961319732316042e-08
1.130716071884307894e-07
4.184766755344071498e-09
2.893425801175908418e-07
9.525653013042756356e-07
2.305077462239069064e-09
3.809995803294441430e-07
4.511501572324050358e-07
5.239480742602609098e-07
7.124791208401592968e-12
1.685272543738847162e-08
1.433018610441649798e-07
1.438208929727124996e-08
0.000000000000000000e+00
1.563112022040513693e-07
4.433356082245154539e-08
0.000000000000000000e+00
0.000000000000000000e+00
0.000000000000000000e+00
4.790967067513918209e-10
0.000000000000000000e+00
0.000000000000000000e+00
0.000000000000000000e+00
1.053668263750751066e-09
0.000000000000000000e+00
1.089889337890781462e-06
0.000000000000000000e+00
0.000000000000000000e+00
0.000000000000000000e+00
0.000000000000000000e+00
0.000000000000000000e+00
8.820380870133703866e-09
0.000000000000000000e+00
0.000000000000000000e+00
0.000000000000000000e+00
9.398638117774638090e-11
0.000000000000000000e+00
0.000000000000000000e+00
0.000000000000000000e+00
0.000000000000000000e+00
0.000000000000000000e+00
7.530196910465747351e-09
0.000000000000000000e+00
0.000000000000000000e+00
1.598140730862951386e-09
0.000000000000000000e+00
0.000000000000000000e+00
0.000000000000000000e+00
0.000000000000000000e+00
0.000000000000000000e+00
0.000000000000000000e+00
1.972177976483635575e-09
0.000000000000000000e+00
0.000000000000000000e+00
2.851536340386928714e-09
0.000000000000000000e+00
2.744527591858059168e-06
1.352064033649513775e-11
0.000000000000000000e+00
0.000000000000000000e+00
0.000000000000000000e+00
0.000000000000000000e+00
0.000000000000000000e+00
1.042505637371959892e-09
0.000000000000000000e+00
0.000000000000000000e+00
0.000000000000000000e+00
2.767553741733763673e-09
0.000000000000000000e+00
0.000000000000000000e+00
0.000000000000000000e+00
0.000000000000000000e+00
3.170024740484223003e-07
0.000000000000000000e+00
7.689891958762018476e-07
1.547452832539875089e-08
1.893453145385137759e-07
9.758257846215201425e-08
4.201203296361200046e-07
6.569830475200433284e-07
5.252076107353786938e-09
6.910423877570792683e-08
1.235312652170250658e-07
1.194448007169057746e-08
1.332443275714467745e-07
3.296421766663115704e-07
1.007071925851477090e-10
0.000000000000000000e+00
0.000000000000000000e+00
0.000000000000000000e+00
2.518115937988341102e-09
0.000000000000000000e+00
0.000000000000000000e+00
1.766298929339882307e-08
0.000000000000000000e+00
5.548785253495225334e-08
2.661994358277297579e-07
1.953111450347932987e-07
0.000000000000000000e+00
0.000000000000000000e+00
9.824749014342160081e-08
1.704236574084916356e-08
9.807502010517055169e-08
0.000000000000000000e+00
4.289134267310146242e-06
3.279586824334046469e-09
2.218496142347703426e-08
6.766276783309876919e-08
2.240592822388975947e-09
1.334045429679520112e-09
0.000000000000000000e+00
3.582382390732163913e-09
1.706181684824059630e-08
9.624553598541751853e-09
4.793719767803850118e-07
7.700385218356586847e-09
4.763484895420333487e-08
1.048735043696069624e-06
1.178203206109174062e-06
2.814400374973047292e-07
1.125189214690180961e-06
1.018377702166617382e-06
6.822705245213001035e-07
2.211268279594946762e-09
5.278870958136394620e-07
7.194624913609004579e-07
0.000000000000000000e+00
0.000000000000000000e+00
0.000000000000000000e+00
0.000000000000000000e+00
0.000000000000000000e+00
0.000000000000000000e+00
0.000000000000000000e+00
4.717857748914866534e-08
0.000000000000000000e+00
0.000000000000000000e+00
0.000000000000000000e+00
0.000000000000000000e+00
0.000000000000000000e+00
0.000000000000000000e+00
2.065179138810435688e-09
0.000000000000000000e+00
0.000000000000000000e+00
0.000000000000000000e+00
0.000000000000000000e+00
0.000000000000000000e+00
0.000000000000000000e+00
0.000000000000000000e+00
0.000000000000000000e+00
0.000000000000000000e+00
2.218968146163943778e-13
0.000000000000000000e+00
0.000000000000000000e+00
2.247345918249266106e-07
2.353616190831075983e-10
0.000000000000000000e+00
0.000000000000000000e+00
8.328933986945230572e-09
1.219885858994018690e-10
5.172912320716704926e-09
4.642622002393181901e-07
1.541751259992452106e-08
0.000000000000000000e+00
2.266433739350759424e-06
1.617577936485758983e-06
0.000000000000000000e+00
9.917165044726061751e-08
1.793396364746513427e-07
0.000000000000000000e+00
7.752579733733000467e-08
2.956149955934961326e-07
2.419785261054130387e-08
2.133913994839531370e-06
9.602171076039667241e-07
0.000000000000000000e+00
2.787736264053819468e-07
0.000000000000000000e+00
1.003625862971979643e-10
0.000000000000000000e+00
1.955648087914596545e-09
0.000000000000000000e+00
9.806442116677693832e-12
0.000000000000000000e+00
0.000000000000000000e+00
1.402005409545381553e-06
0.000000000000000000e+00
0.000000000000000000e+00
0.000000000000000000e+00
5.724598572953709663e-09
0.000000000000000000e+00
0.000000000000000000e+00
0.000000000000000000e+00
0.000000000000000000e+00
0.000000000000000000e+00
0.000000000000000000e+00
0.000000000000000000e+00
3.114114799362965869e-10
0.000000000000000000e+00
0.000000000000000000e+00
0.000000000000000000e+00
0.000000000000000000e+00
0.000000000000000000e+00
0.000000000000000000e+00
0.000000000000000000e+00
0.000000000000000000e+00
0.000000000000000000e+00
6.574349242782773217e-08
0.000000000000000000e+00
0.000000000000000000e+00
4.205604309248656136e-09
0.000000000000000000e+00
0.000000000000000000e+00
0.000000000000000000e+00
4.488942995095612787e-09
0.000000000000000000e+00
7.627138032262337219e-09
1.562164726465198328e-07
2.239314653706969693e-06
0.000000000000000000e+00
0.000000000000000000e+00
0.000000000000000000e+00
0.000000000000000000e+00
0.000000000000000000e+00
0.000000000000000000e+00
4.463242930796695873e-07
4.489824345643711467e-10
3.006655617809883552e-07
7.167148652342802961e-08
0.000000000000000000e+00
0.000000000000000000e+00
9.590302596507171984e-08
0.000000000000000000e+00
3.335324239017722903e-09
2.730376138515566709e-07
8.046071684475464281e-07
4.330450664724594390e-09
0.000000000000000000e+00
1.691738731324221590e-07
0.000000000000000000e+00
0.000000000000000000e+00
0.000000000000000000e+00
0.000000000000000000e+00
3.798123486831173068e-07
0.000000000000000000e+00
6.628313009571229486e-09
0.000000000000000000e+00
3.068524601079758440e-10
0.000000000000000000e+00
0.000000000000000000e+00
0.000000000000000000e+00
0.000000000000000000e+00
4.618914584142430613e-09
0.000000000000000000e+00
0.000000000000000000e+00
0.000000000000000000e+00
0.000000000000000000e+00
0.000000000000000000e+00
0.000000000000000000e+00
0.000000000000000000e+00
0.000000000000000000e+00
0.000000000000000000e+00
0.000000000000000000e+00
7.018875436415328295e-08
1.525514363720503752e-07
1.510783859126618722e-10
7.237881849420091385e-09
0.000000000000000000e+00
0.000000000000000000e+00
0.000000000000000000e+00
0.000000000000000000e+00
0.000000000000000000e+00
0.000000000000000000e+00
6.315158174174939631e-09
4.079298232539940727e-09
0.000000000000000000e+00
0.000000000000000000e+00
0.000000000000000000e+00
1.523560300142889901e-08
0.000000000000000000e+00
0.000000000000000000e+00
0.000000000000000000e+00
0.000000000000000000e+00
0.000000000000000000e+00
0.000000000000000000e+00
0.000000000000000000e+00
1.372427931300990167e-07
6.014053699487931226e-10
0.000000000000000000e+00
0.000000000000000000e+00
1.364790680469241124e-08
0.000000000000000000e+00
8.536468953934672754e-08
1.385824927035983478e-10
0.000000000000000000e+00
0.000000000000000000e+00
0.000000000000000000e+00
9.761425445731219952e-08
0.000000000000000000e+00
1.079567013562154898e-08
3.008187476893908752e-08
1.319296529800340068e-07
5.749052434111945331e-07
2.016139433180796914e-06
0.000000000000000000e+00
8.105370596922512050e-08
1.941704130814514428e-09
4.141299712046020431e-07
4.628616068202973111e-08
8.122831786749884486e-06
1.023183244797110092e-06
4.435430582816479728e-07
3.094242570500504996e-11
0.000000000000000000e+00
0.000000000000000000e+00
1.597126981778274057e-07
0.000000000000000000e+00
5.881855003053715336e-09
0.000000000000000000e+00
6.126834506403611158e-08
6.581382905324062449e-08
0.000000000000000000e+00
0.000000000000000000e+00
6.576229338861594442e-09
0.000000000000000000e+00
0.000000000000000000e+00
1.532726656705563073e-08
0.000000000000000000e+00
0.000000000000000000e+00
0.000000000000000000e+00
4.686974719447789539e-08
0.000000000000000000e+00
0.000000000000000000e+00
0.000000000000000000e+00
5.037559347442766011e-08
3.690557637270330815e-09
0.000000000000000000e+00
0.000000000000000000e+00
7.061738971358977324e-10
7.331548701472456742e-09
3.965891153256961843e-07
0.000000000000000000e+00
0.000000000000000000e+00
0.000000000000000000e+00
0.000000000000000000e+00
0.000000000000000000e+00
3.937682180321644410e-09
4.451870694310855470e-08
5.224589649799327162e-09
0.000000000000000000e+00
0.000000000000000000e+00
0.000000000000000000e+00
8.789173382151016511e-12
0.000000000000000000e+00
1.590485902702720722e-11
1.379661739520088304e-06
0.000000000000000000e+00
4.357912786190354382e-08
3.008046576269407524e-07
5.487151000238554843e-08
1.767532182839204324e-07
5.580319761833152370e-09
0.000000000000000000e+00
5.135992520166610120e-09
8.155766728634716856e-09
0.000000000000000000e+00
0.000000000000000000e+00
0.000000000000000000e+00
6.351294157269649077e-09
3.306069231712172041e-07
0.000000000000000000e+00
0.000000000000000000e+00
0.000000000000000000e+00
0.000000000000000000e+00
0.000000000000000000e+00
0.000000000000000000e+00
0.000000000000000000e+00
0.000000000000000000e+00
0.000000000000000000e+00
0.000000000000000000e+00
0.000000000000000000e+00
0.000000000000000000e+00
7.216786723773793710e-09
8.162364117936249386e-09
2.999279435922375114e-10
1.420151392039770144e-07
0.000000000000000000e+00
7.215790631676100020e-09
0.000000000000000000e+00
0.000000000000000000e+00
0.000000000000000000e+00
0.000000000000000000e+00
0.000000000000000000e+00
0.000000000000000000e+00
0.000000000000000000e+00
0.000000000000000000e+00
5.851608531060037421e-09
0.000000000000000000e+00
0.000000000000000000e+00
0.000000000000000000e+00
5.689692272881075041e-09
0.000000000000000000e+00
1.441789687639527529e-09
2.277723183397029061e-07
3.133572761271352647e-07
0.000000000000000000e+00
0.000000000000000000e+00
1.609966261639783625e-06
4.977875960321398452e-07
7.975464910714435973e-08
7.165014608290221076e-07
1.423051543270048569e-07
0.000000000000000000e+00
8.343513400177471340e-07
1.362044343977686367e-08
8.090913894420737051e-08
0.000000000000000000e+00
0.000000000000000000e+00
0.000000000000000000e+00
0.000000000000000000e+00
0.000000000000000000e+00
0.000000000000000000e+00
0.000000000000000000e+00
1.986512287999175896e-09
9.186399196892125474e-09
1.097364155100422067e-08
0.000000000000000000e+00
3.541066551093763337e-09
0.000000000000000000e+00
0.000000000000000000e+00
3.034620732478288119e-08
0.000000000000000000e+00
0.000000000000000000e+00
0.000000000000000000e+00
0.000000000000000000e+00
0.000000000000000000e+00
0.000000000000000000e+00
0.000000000000000000e+00
0.000000000000000000e+00
0.000000000000000000e+00
0.000000000000000000e+00
8.309529064831622236e-09
0.000000000000000000e+00
1.045638575725149622e-09
7.765270204629359796e-09
1.735496746313458516e-09
0.000000000000000000e+00
0.000000000000000000e+00
3.481679641481605358e-06
0.000000000000000000e+00
1.907329405526070332e-09
2.547105637518143340e-09
0.000000000000000000e+00
6.316442369147523550e-10
0.000000000000000000e+00
0.000000000000000000e+00
0.000000000000000000e+00
1.372187607984187707e-08
1.375377411960698737e-08
0.000000000000000000e+00
0.000000000000000000e+00
5.720440299228357617e-07
0.000000000000000000e+00
6.286624554263653408e-09
0.000000000000000000e+00
0.000000000000000000e+00
0.000000000000000000e+00
0.000000000000000000e+00
0.000000000000000000e+00
2.819412614485372615e-08
0.000000000000000000e+00
0.000000000000000000e+00
2.131432097485230770e-07
4.574711809368636750e-08
2.024168225034372881e-06
1.764098978007666574e-09
0.000000000000000000e+00
0.000000000000000000e+00
0.000000000000000000e+00
0.000000000000000000e+00
3.160496362397680059e-06
0.000000000000000000e+00
1.875616328916862585e-09
0.000000000000000000e+00
0.000000000000000000e+00
0.000000000000000000e+00
2.282277922205366849e-09
0.000000000000000000e+00
2.547103861161303939e-09
0.000000000000000000e+00
1.652152525899452939e-09
0.000000000000000000e+00
0.000000000000000000e+00
0.000000000000000000e+00
4.168281553251773630e-10
0.000000000000000000e+00
0.000000000000000000e+00
0.000000000000000000e+00
3.838198203709453082e-09
0.000000000000000000e+00
0.000000000000000000e+00
0.000000000000000000e+00
0.000000000000000000e+00
0.000000000000000000e+00
0.000000000000000000e+00
0.000000000000000000e+00
0.000000000000000000e+00
0.000000000000000000e+00
0.000000000000000000e+00
0.000000000000000000e+00
0.000000000000000000e+00
0.000000000000000000e+00
0.000000000000000000e+00
0.000000000000000000e+00
0.000000000000000000e+00
0.000000000000000000e+00
0.000000000000000000e+00
0.000000000000000000e+00
0.000000000000000000e+00
0.000000000000000000e+00
0.000000000000000000e+00
4.389352170619531535e-08
0.000000000000000000e+00
0.000000000000000000e+00
0.000000000000000000e+00
0.000000000000000000e+00
0.000000000000000000e+00
6.006168451477833514e-09
5.639511524435647516e-09
0.000000000000000000e+00
0.000000000000000000e+00
0.000000000000000000e+00
0.000000000000000000e+00
1.111062020164865771e-09
0.000000000000000000e+00
5.411430192836519382e-10
0.000000000000000000e+00
0.000000000000000000e+00
0.000000000000000000e+00
0.000000000000000000e+00
0.000000000000000000e+00
0.000000000000000000e+00
5.373049560830622795e-08
1.584439246471447404e-08
0.000000000000000000e+00
6.593511514552119479e-09
5.399862848531888915e-11
1.723398213471227791e-06
3.684932892156211892e-08
0.000000000000000000e+00
1.097583322007267270e-06
0.000000000000000000e+00
1.243014139618026093e-06
8.755826002015965059e-07
4.207460158056619548e-09
0.000000000000000000e+00
0.000000000000000000e+00
3.216066346567458822e-08
0.000000000000000000e+00
2.422351563780011929e-08
3.708859352968829626e-08
0.000000000000000000e+00
0.000000000000000000e+00
1.121327883879530418e-07
7.022400883016644002e-09
6.971642960706958547e-07
3.234406076302320798e-09
0.000000000000000000e+00
0.000000000000000000e+00
0.000000000000000000e+00
0.000000000000000000e+00
0.000000000000000000e+00
0.000000000000000000e+00
6.164402179820172023e-07
1.588192244383890284e-09
1.177095612092671217e-07
3.535370751706068404e-07
1.765519425534628484e-13
1.551072955408017151e-06
0.000000000000000000e+00
1.514546155156892837e-09
0.000000000000000000e+00
4.064474268261619727e-08
1.266196836269273263e-08
0.000000000000000000e+00
1.284319068872719072e-07
7.658970346824389708e-09
0.000000000000000000e+00
2.770196090295939939e-07
0.000000000000000000e+00
1.769657857753070829e-11
0.000000000000000000e+00
4.799984409942226193e-09
5.987923941574990749e-06
0.000000000000000000e+00
0.000000000000000000e+00
0.000000000000000000e+00
8.062722933743771137e-09
0.000000000000000000e+00
0.000000000000000000e+00
0.000000000000000000e+00
1.686969568481799797e-07
5.506885258910187986e-07
5.552590387480904610e-09
0.000000000000000000e+00
0.000000000000000000e+00
0.000000000000000000e+00
2.083496397631279251e-08
0.000000000000000000e+00
1.131498159057109376e-10
0.000000000000000000e+00
0.000000000000000000e+00
9.304355330641556066e-07
0.000000000000000000e+00
0.000000000000000000e+00
2.914207986037808951e-09
0.000000000000000000e+00
0.000000000000000000e+00
8.207816648564403295e-08
0.000000000000000000e+00
2.004533712351985741e-07
2.973735035993740894e-07
3.107155407633399591e-06
0.000000000000000000e+00
0.000000000000000000e+00
9.312346804790649912e-08
3.339450813655275851e-06
5.323132882040226832e-06
6.365691973542197957e-08
6.731148971539369086e-09
0.000000000000000000e+00
0.000000000000000000e+00
2.319121283900216213e-10
0.000000000000000000e+00
0.000000000000000000e+00
0.000000000000000000e+00
2.391822295777501495e-09
0.000000000000000000e+00
0.000000000000000000e+00
1.363149815247766128e-09
0.000000000000000000e+00
9.042047111051942920e-09
0.000000000000000000e+00
0.000000000000000000e+00
0.000000000000000000e+00
0.000000000000000000e+00
0.000000000000000000e+00
0.000000000000000000e+00
0.000000000000000000e+00
0.000000000000000000e+00
0.000000000000000000e+00
0.000000000000000000e+00
1.648202685444744020e-09
6.530810559013389138e-09
0.000000000000000000e+00
0.000000000000000000e+00
0.000000000000000000e+00
0.000000000000000000e+00
0.000000000000000000e+00
0.000000000000000000e+00
0.000000000000000000e+00
0.000000000000000000e+00
0.000000000000000000e+00
0.000000000000000000e+00
7.089661302472904936e-09
0.000000000000000000e+00
0.000000000000000000e+00
0.000000000000000000e+00
0.000000000000000000e+00
0.000000000000000000e+00
0.000000000000000000e+00
0.000000000000000000e+00
0.000000000000000000e+00
0.000000000000000000e+00
2.013281488189022639e-07
1.516511218824234675e-07
0.000000000000000000e+00
0.000000000000000000e+00
0.000000000000000000e+00
0.000000000000000000e+00
0.000000000000000000e+00
5.611922926362922226e-09
0.000000000000000000e+00
0.000000000000000000e+00
0.000000000000000000e+00
0.000000000000000000e+00
1.697114697662982508e-07
8.326503007083374541e-07
8.454618338760155893e-09
4.563736695217812667e-07
0.000000000000000000e+00
7.800904313626233488e-06
6.627637327838442616e-10
3.624192686402238905e-06
7.208515739876020234e-08
0.000000000000000000e+00
2.174340885119363520e-08
5.956667603612686435e-09
6.173596633907152409e-10
3.600135642045643181e-06
1.497944879247370409e-08
1.940189814364501331e-10
0.000000000000000000e+00
0.000000000000000000e+00
0.000000000000000000e+00
0.000000000000000000e+00
0.000000000000000000e+00
0.000000000000000000e+00
5.000153624479253267e-10
4.969712835700690334e-11
0.000000000000000000e+00
3.315084029509307584e-08
0.000000000000000000e+00
0.000000000000000000e+00
4.656507712752500083e-08
0.000000000000000000e+00
1.775929403535769779e-09
0.000000000000000000e+00
8.373465476552155451e-09
0.000000000000000000e+00
0.000000000000000000e+00
0.000000000000000000e+00
0.000000000000000000e+00
0.000000000000000000e+00
8.553755925788664172e-09
0.000000000000000000e+00
0.000000000000000000e+00
0.000000000000000000e+00
1.664721693828141724e-09
0.000000000000000000e+00
5.757576815312859253e-08
0.000000000000000000e+00
0.000000000000000000e+00
0.000000000000000000e+00
0.000000000000000000e+00
2.166406221082439743e-10
4.889034599386832269e-08
2.261324709706968861e-07
0.000000000000000000e+00
0.000000000000000000e+00
0.000000000000000000e+00
0.000000000000000000e+00
0.000000000000000000e+00
5.070187398814596236e-07
0.000000000000000000e+00
0.000000000000000000e+00
0.000000000000000000e+00
0.000000000000000000e+00
1.229278268510825001e-06
1.575345365267821762e-08
6.630776994143161573e-08
7.717204084656259511e-07
3.363074085882544750e-07
0.000000000000000000e+00
8.287511263915803283e-07
4.344411053125440958e-09
0.000000000000000000e+00
0.000000000000000000e+00
0.000000000000000000e+00
0.000000000000000000e+00
0.000000000000000000e+00
0.000000000000000000e+00
0.000000000000000000e+00
0.000000000000000000e+00
4.156457400483759557e-09
3.162548556367994479e-10
0.000000000000000000e+00
1.955368977846205780e-09
0.000000000000000000e+00
5.934007507590877140e-09
1.840734498159690702e-08
0.000000000000000000e+00
3.624221989184661652e-08
3.019540839588330527e-09
3.408873849863880423e-09
4.506995310293859802e-07
1.368770625731485779e-07
2.527237308314056463e-09
0.000000000000000000e+00
6.155790543971306761e-09
0.000000000000000000e+00
2.499857565396723658e-08
9.439866062166402116e-07
0.000000000000000000e+00
3.271985571373647872e-09
0.000000000000000000e+00
0.000000000000000000e+00
9.004119227995488473e-09
0.000000000000000000e+00
0.000000000000000000e+00
0.000000000000000000e+00
2.253180531042175971e-09
3.132743415790173458e-07
4.410061205106785565e-09
2.190279388969429419e-07
1.349772134062732221e-07
5.918166934293367376e-08
0.000000000000000000e+00
1.609723798701168107e-09
0.000000000000000000e+00
0.000000000000000000e+00
7.502982839469041210e-07
1.033018747875757981e-06
4.114779130759416148e-07
0.000000000000000000e+00
0.000000000000000000e+00
0.000000000000000000e+00
0.000000000000000000e+00
0.000000000000000000e+00
5.326162177965443334e-09
0.000000000000000000e+00
0.000000000000000000e+00
0.000000000000000000e+00
0.000000000000000000e+00
0.000000000000000000e+00
7.204491669909884877e-09
0.000000000000000000e+00
7.193443707365076989e-08
0.000000000000000000e+00
0.000000000000000000e+00
0.000000000000000000e+00
0.000000000000000000e+00
0.000000000000000000e+00
0.000000000000000000e+00
5.812041337094342452e-08
0.000000000000000000e+00
0.000000000000000000e+00
4.223654759272221781e-09
0.000000000000000000e+00
0.000000000000000000e+00
0.000000000000000000e+00
0.000000000000000000e+00
0.000000000000000000e+00
8.614505873083544429e-07
0.000000000000000000e+00
2.223627149078311049e-08
4.763260221807286143e-06
9.313962934243136260e-09
6.882503900129677277e-09
0.000000000000000000e+00
5.271882042023889881e-09
7.962186998611286981e-08
0.000000000000000000e+00
6.261601015467022080e-07
0.000000000000000000e+00
0.000000000000000000e+00
0.000000000000000000e+00
3.879237819859326919e-09
0.000000000000000000e+00
0.000000000000000000e+00
0.000000000000000000e+00
0.000000000000000000e+00
0.000000000000000000e+00
0.000000000000000000e+00
0.000000000000000000e+00
2.498275541995553795e-08
0.000000000000000000e+00
0.000000000000000000e+00
0.000000000000000000e+00
6.727397749983765607e-09
1.550833061969569826e-08
8.440790288943844644e-09
0.000000000000000000e+00
0.000000000000000000e+00
0.000000000000000000e+00
0.000000000000000000e+00
0.000000000000000000e+00
1.539880759082734585e-05
0.000000000000000000e+00
5.298159688749137786e-10
0.000000000000000000e+00
2.861527126363228035e-10
8.102256288111675531e-08
4.150263066549086943e-07
0.000000000000000000e+00
8.699170450654492015e-08
2.945315316082997015e-07
1.318790854298867998e-08
3.514515356073388830e-06
0.000000000000000000e+00
0.000000000000000000e+00
0.000000000000000000e+00
3.598485065481327183e-08
1.865623062258237042e-06
0.000000000000000000e+00
4.485493754202707350e-09
0.000000000000000000e+00
0.000000000000000000e+00
0.000000000000000000e+00
0.000000000000000000e+00
1.457546083827310213e-09
0.000000000000000000e+00
0.000000000000000000e+00
0.000000000000000000e+00
0.000000000000000000e+00
0.000000000000000000e+00
0.000000000000000000e+00
0.000000000000000000e+00
0.000000000000000000e+00
0.000000000000000000e+00
0.000000000000000000e+00
0.000000000000000000e+00
0.000000000000000000e+00
0.000000000000000000e+00
5.382637668915890572e-10
0.000000000000000000e+00
3.665540315722637388e-09
0.000000000000000000e+00
0.000000000000000000e+00
0.000000000000000000e+00
0.000000000000000000e+00
0.000000000000000000e+00
0.000000000000000000e+00
0.000000000000000000e+00
7.257454082143510732e-10
0.000000000000000000e+00
0.000000000000000000e+00
4.328577052348236975e-09
8.323535638510293211e-09
0.000000000000000000e+00
0.000000000000000000e+00
0.000000000000000000e+00
0.000000000000000000e+00
2.178965008425848282e-09
0.000000000000000000e+00
0.000000000000000000e+00
0.000000000000000000e+00
0.000000000000000000e+00
4.039096002106390415e-10
9.521851751514986972e-09
0.000000000000000000e+00
0.000000000000000000e+00
0.000000000000000000e+00
0.000000000000000000e+00
4.548614640498271910e-07
0.000000000000000000e+00
1.384967696083094779e-09
0.000000000000000000e+00
0.000000000000000000e+00
0.000000000000000000e+00
0.000000000000000000e+00
8.424196062950528585e-11
2.335581505974460015e-09
0.000000000000000000e+00
0.000000000000000000e+00
0.000000000000000000e+00
0.000000000000000000e+00
0.000000000000000000e+00
0.000000000000000000e+00
0.000000000000000000e+00
8.036082355111773268e-10
0.000000000000000000e+00
0.000000000000000000e+00
4.370569058664841577e-06
0.000000000000000000e+00
0.000000000000000000e+00
0.000000000000000000e+00
0.000000000000000000e+00
2.271165255862683807e-09
8.854843074057594521e-12
7.242289967734905076e-08
2.063728743451065384e-08
4.042451280383829726e-07
0.000000000000000000e+00
5.675680085914791562e-07
2.896419548648054842e-09
2.712428795348387212e-06
1.757525467382947681e-07
9.707815706860856153e-08
1.579066264412176679e-07
3.731880156010447536e-07
4.020474175803201433e-09
9.823984292722798273e-09
0.000000000000000000e+00
0.000000000000000000e+00
2.646580981036095181e-07
5.342673525809971125e-10
0.000000000000000000e+00
1.124338453450945963e-07
7.518507517956241060e-12
2.369734374951804057e-06
9.749862722729929487e-11
0.000000000000000000e+00
0.000000000000000000e+00
0.000000000000000000e+00
0.000000000000000000e+00
0.000000000000000000e+00
0.000000000000000000e+00
2.002710886017666780e-08
2.254568337578533033e-10
0.000000000000000000e+00
6.142040209766719272e-09
7.156832459997986007e-09
0.000000000000000000e+00
0.000000000000000000e+00
3.567208395338639093e-08
0.000000000000000000e+00
7.159023152070176366e-09
0.000000000000000000e+00
0.000000000000000000e+00
0.000000000000000000e+00
6.178365765663329512e-07
0.000000000000000000e+00
0.000000000000000000e+00
1.488077128186660048e-08
6.950234165969959577e-08
4.654998608799587601e-09
3.034234863363849399e-09
1.263747417823424257e-08
6.567292043513361932e-09
8.649612581734800187e-09
1.363025489808933344e-06
0.000000000000000000e+00
6.910950922645042738e-09
0.000000000000000000e+00
0.000000000000000000e+00
1.485092493425099747e-09
0.000000000000000000e+00
5.818905037813237868e-07
1.021685491764401377e-08
0.000000000000000000e+00
1.286534143218887039e-06
7.308690319618449394e-10
1.793756476686780843e-09
0.000000000000000000e+00
2.593406236428563716e-07
0.000000000000000000e+00
0.000000000000000000e+00
0.000000000000000000e+00
0.000000000000000000e+00
0.000000000000000000e+00
7.663138603675179183e-07
0.000000000000000000e+00
0.000000000000000000e+00
0.000000000000000000e+00
0.000000000000000000e+00
0.000000000000000000e+00
0.000000000000000000e+00
0.000000000000000000e+00
0.000000000000000000e+00
0.000000000000000000e+00
0.000000000000000000e+00
0.000000000000000000e+00
0.000000000000000000e+00
0.000000000000000000e+00
0.000000000000000000e+00
7.184933537018878269e-09
0.000000000000000000e+00
0.000000000000000000e+00
0.000000000000000000e+00
0.000000000000000000e+00
0.000000000000000000e+00
3.024428929521150167e-09
5.283322934701573104e-08
0.000000000000000000e+00
0.000000000000000000e+00
0.000000000000000000e+00
0.000000000000000000e+00
2.293243595019589520e-09
0.000000000000000000e+00
0.000000000000000000e+00
0.000000000000000000e+00
5.321739160457639173e-10
0.000000000000000000e+00
0.000000000000000000e+00
7.047603389764844906e-09
0.000000000000000000e+00
2.404810899025999760e-11
0.000000000000000000e+00
2.719098574743838981e-06
0.000000000000000000e+00
1.521322234854238786e-10
8.779377225209827884e-09
3.548170091072222476e-11
5.752551768267721854e-09
3.378609336746052350e-10
0.000000000000000000e+00
0.000000000000000000e+00
0.000000000000000000e+00
8.150591312983124226e-09
0.000000000000000000e+00
0.000000000000000000e+00
0.000000000000000000e+00
4.703895228885812685e-07
5.689592796898068627e-08
4.453224988765214221e-08
0.000000000000000000e+00
1.997007892384772276e-09
2.162664713978301734e-07
3.336915597174083814e-06
6.070359770404820665e-10
7.234398413658027494e-09
0.000000000000000000e+00
0.000000000000000000e+00
9.866740668940110481e-08
1.763477683880410041e-07
4.851079538070734998e-10
4.749258835090586217e-07
5.387266810430446640e-08
1.137038694309921993e-07
0.000000000000000000e+00
0.000000000000000000e+00
0.000000000000000000e+00
0.000000000000000000e+00
2.961067480100609828e-07
0.000000000000000000e+00
0.000000000000000000e+00
0.000000000000000000e+00
0.000000000000000000e+00
0.000000000000000000e+00
0.000000000000000000e+00
0.000000000000000000e+00
0.000000000000000000e+00
0.000000000000000000e+00
0.000000000000000000e+00
0.000000000000000000e+00
0.000000000000000000e+00
0.000000000000000000e+00
0.000000000000000000e+00
0.000000000000000000e+00
4.099409256497210663e-09
0.000000000000000000e+00
1.806940930215716890e-09
0.000000000000000000e+00
0.000000000000000000e+00
1.331093386625070707e-07
6.734511259764985880e-08
0.000000000000000000e+00
0.000000000000000000e+00
0.000000000000000000e+00
0.000000000000000000e+00
0.000000000000000000e+00
0.000000000000000000e+00
0.000000000000000000e+00
4.854126927966717631e-06
7.690574399532579264e-09
0.000000000000000000e+00
2.930032605430454851e-10
1.578159867676731665e-06
4.131683454033918679e-06
1.199206849378242623e-06
4.851419362239539623e-06
9.629658279663999565e-07
1.336906962023931555e-06
2.482166223671811167e-07
3.119771774251489660e-09
0.000000000000000000e+00
5.476687192640383728e-08
9.174577542125916807e-09
0.000000000000000000e+00
0.000000000000000000e+00
0.000000000000000000e+00
0.000000000000000000e+00
1.056502707541540076e-08
0.000000000000000000e+00
5.688705186912557110e-07
0.000000000000000000e+00
0.000000000000000000e+00
0.000000000000000000e+00
2.308048685506491893e-08
0.000000000000000000e+00
0.000000000000000000e+00
0.000000000000000000e+00
0.000000000000000000e+00
0.000000000000000000e+00
1.010168726445215270e-09
1.268876115290140660e-09
0.000000000000000000e+00
0.000000000000000000e+00
0.000000000000000000e+00
0.000000000000000000e+00
0.000000000000000000e+00
6.875220837088136250e-09
1.472122250489871220e-11
0.000000000000000000e+00
5.440203381112951320e-07
2.706581181399769775e-09
1.823261186473246198e-06
5.712828254900159664e-08
1.032505902998082092e-08
2.791721271933056414e-07
4.552844767857777697e-09
1.326102818666186067e-07
6.556842890859115869e-07
7.698753989870965597e-08
1.248326100267149741e-07
0.000000000000000000e+00
3.651911129054496996e-07
0.000000000000000000e+00
7.128493706431981991e-08
0.000000000000000000e+00
1.396727498104155529e-07
9.980052340097245178e-09
9.288567525800317526e-06
9.552681312641198019e-09
4.772906375682950397e-11
2.566011289673042484e-06
0.000000000000000000e+00
2.042437108329409057e-09
4.728351044036571693e-10
0.000000000000000000e+00
0.000000000000000000e+00
1.130431392937225610e-08
0.000000000000000000e+00
0.000000000000000000e+00
0.000000000000000000e+00
1.057829535966448020e-06
0.000000000000000000e+00
8.165275677818328859e-10
8.971784950517758261e-07
8.438786558429001161e-09
0.000000000000000000e+00
0.000000000000000000e+00
0.000000000000000000e+00
0.000000000000000000e+00
0.000000000000000000e+00
4.470357453101314604e-06
0.000000000000000000e+00
2.606871589705406222e-07
0.000000000000000000e+00
6.349763825852505761e-09
3.619712884983528056e-08
1.018584839584946167e-06
0.000000000000000000e+00
3.125806724568747086e-09
9.837606285145739093e-09
0.000000000000000000e+00
3.684332128273126727e-08
3.554571914587967285e-10
0.000000000000000000e+00
9.081547069911266590e-09
1.280927079960747506e-07
6.602368216590548400e-07
0.000000000000000000e+00
8.915070459636353917e-09
3.310785814392147586e-06
1.586852533819183009e-07
0.000000000000000000e+00
1.450926333745883312e-06
4.450354751384111296e-08
1.956452999607449783e-09
0.000000000000000000e+00
4.431998945619852748e-08
6.215849612800639079e-09
2.051798020374917542e-08
9.685822810467925592e-09
0.000000000000000000e+00
1.766571067207678425e-08
0.000000000000000000e+00
0.000000000000000000e+00
1.255304482583596837e-07
4.453008628502175270e-08
0.000000000000000000e+00
2.919577468674106058e-09
0.000000000000000000e+00
0.000000000000000000e+00
0.000000000000000000e+00
8.378484572801880859e-09
5.808573066978794941e-10
3.216292565610956444e-09
1.545371497435610308e-09
6.928511542270143764e-09
9.068161830327881034e-07
1.202159751301223878e-06
0.000000000000000000e+00
0.000000000000000000e+00
6.604690572231675105e-09
2.736549333803850459e-07
8.120392749333404936e-07
0.000000000000000000e+00
1.172163237583845330e-07
2.164261871939743287e-07
1.894057959361816756e-06
1.889847567326796707e-08
0.000000000000000000e+00
3.610869159231810954e-09
9.236003961632377468e-07
8.106316613520903047e-07
2.645692109837227690e-09
2.328397474826715552e-09
0.000000000000000000e+00
2.887591943334655298e-09
2.326872375335575782e-11
5.141760350824142733e-09
0.000000000000000000e+00
0.000000000000000000e+00
0.000000000000000000e+00
7.742611884964389901e-09
7.001487833946384853e-09
0.000000000000000000e+00
0.000000000000000000e+00
0.000000000000000000e+00
3.391572178657042969e-08
1.270430960431667700e-08
1.169017416202677850e-08
0.000000000000000000e+00
9.797110323006563704e-08
0.000000000000000000e+00
0.000000000000000000e+00
0.000000000000000000e+00
1.212996636468233191e-07
4.515958096362737706e-08
0.000000000000000000e+00
9.857380689481942682e-08
6.791081830215262016e-08
1.533752291837942039e-10
1.690289792577459593e-07
2.004174746161879739e-07
0.000000000000000000e+00
0.000000000000000000e+00
2.875408995350881014e-07
1.002894745028015677e-08
2.742273741418443933e-09
4.486301052875063533e-10
0.000000000000000000e+00
1.540067984251436428e-07
0.000000000000000000e+00
1.316565433062688584e-11
9.837534839475178816e-14
1.210049049404915422e-06
6.139797871507202132e-13
0.000000000000000000e+00
0.000000000000000000e+00
3.190370705397072015e-07
0.000000000000000000e+00
0.000000000000000000e+00
5.428403837548501087e-10
2.831782586198983154e-10
8.430175668650008447e-09
0.000000000000000000e+00
0.000000000000000000e+00
0.000000000000000000e+00
8.897514724992561241e-09
2.924103682744316757e-06
0.000000000000000000e+00
4.524552732476649908e-09
0.000000000000000000e+00
6.938625229935269090e-09
0.000000000000000000e+00
0.000000000000000000e+00
9.398730682619316212e-10
6.164104782158119633e-09
1.125700848092492379e-07
2.661165510176033422e-08
1.172525344372843392e-06
3.324113961866714817e-08
0.000000000000000000e+00
2.023726075606191444e-09
2.689887779183663952e-08
1.170109875658909004e-08
6.916533568102067875e-09
4.046694535020378680e-09
2.438344248734125586e-10
1.800675249796768185e-06
1.112262904001681818e-08
4.893804828043357702e-08
0.000000000000000000e+00
0.000000000000000000e+00
6.322947943004919580e-09
0.000000000000000000e+00
0.000000000000000000e+00
0.000000000000000000e+00
6.364575089179425049e-09
0.000000000000000000e+00
0.000000000000000000e+00
0.000000000000000000e+00
4.922088273287792976e-17
4.486132354486471741e-09
0.000000000000000000e+00
0.000000000000000000e+00
3.389615477189522608e-09
1.396077209392387886e-08
3.513107513231084056e-11
8.528447324351873249e-06
0.000000000000000000e+00
1.109672975729836253e-08
0.000000000000000000e+00
9.472418405209737102e-09
0.000000000000000000e+00
3.641783052898972528e-07
3.741120906397554791e-07
1.023965467972232091e-09
0.000000000000000000e+00
0.000000000000000000e+00
3.660451053377755670e-09
4.859734836770712718e-09
2.572311696980023044e-09
0.000000000000000000e+00
0.000000000000000000e+00
9.832105796192536218e-09
2.327783743538702765e-09
4.819306620440499955e-10
8.913437765656340162e-10
1.191268097500142176e-06
3.849707752578979125e-07
0.000000000000000000e+00
0.000000000000000000e+00
3.197446005742676789e-07
5.093287995805440005e-07
0.000000000000000000e+00
0.000000000000000000e+00
0.000000000000000000e+00
6.739468538796700159e-09
3.631458689312694332e-09
0.000000000000000000e+00
2.074882985425574589e-07
3.375214703282836126e-07
9.915269716387342669e-10
3.521695712827010993e-10
3.093972633649855197e-09
0.000000000000000000e+00
4.414228538252018552e-09
0.000000000000000000e+00
2.425517031667823176e-08
9.077989915340367588e-09
0.000000000000000000e+00
0.000000000000000000e+00
2.255026458897191333e-07
0.000000000000000000e+00
2.603161013570859383e-13
7.993924100446747616e-08
0.000000000000000000e+00
3.797347714051824141e-10
2.683159436855930835e-07
6.417494535781997911e-09
0.000000000000000000e+00
0.000000000000000000e+00
0.000000000000000000e+00
0.000000000000000000e+00
0.000000000000000000e+00
0.000000000000000000e+00
0.000000000000000000e+00
0.000000000000000000e+00
7.388353484572007801e-09
1.712431014766480075e-07
1.221552207124462427e-14
1.485471301521101850e-09
0.000000000000000000e+00
2.771606411045013374e-08
2.288206815137527883e-06
1.449693911581562134e-07
5.963015041743346956e-07
6.985166351586302724e-12
1.895087109460291686e-07
1.716387565409149829e-08
2.616278083067413718e-09
0.000000000000000000e+00
1.313902231458996539e-08
0.000000000000000000e+00
0.000000000000000000e+00
0.000000000000000000e+00
0.000000000000000000e+00
0.000000000000000000e+00
0.000000000000000000e+00
0.000000000000000000e+00
4.321481367197677059e-11
0.000000000000000000e+00
8.800563056077237434e-10
0.000000000000000000e+00
0.000000000000000000e+00
0.000000000000000000e+00
0.000000000000000000e+00
0.000000000000000000e+00
8.495538139641212183e-08
3.529436582994094351e-07
0.000000000000000000e+00
1.854291895142523572e-06
4.109156179765705019e-07
0.000000000000000000e+00
0.000000000000000000e+00
0.000000000000000000e+00
5.924428947423621139e-09
2.098476272749394411e-07
3.063017928184308403e-08
9.332814521201271418e-09
1.341348479400039650e-06
6.396880536385651794e-08
1.464229399061878212e-06
1.208265043572964714e-08
3.639361807472596411e-07
4.690742932966784906e-11
3.716492074090638198e-07
1.656742625033569283e-11
3.380349888892908439e-10
0.000000000000000000e+00
4.370736405689967796e-06
6.871064273106242126e-10
8.706907124178542290e-07
0.000000000000000000e+00
9.859211047569260700e-08
6.568868560208329654e-09
4.851652857240651429e-09
2.355521777630542601e-09
9.919183696638356196e-09
0.000000000000000000e+00
3.263328463790765577e-13
3.784769830872392049e-09
0.000000000000000000e+00
2.476486393732102442e-08
0.000000000000000000e+00
8.650799188103519555e-09
8.623106282357184682e-07
1.216630529654594284e-08
0.000000000000000000e+00
0.000000000000000000e+00
1.532945548277098169e-09
9.959115914170979522e-07
1.832935254242329393e-06
5.129928013047901914e-06
1.943725465025636367e-06
6.028811867508920841e-07
5.642473297484684736e-06
0.000000000000000000e+00
3.120603553341538827e-09
1.869242282737104688e-06
0.000000000000000000e+00
0.000000000000000000e+00
2.850657043751425590e-09
0.000000000000000000e+00
0.000000000000000000e+00
0.000000000000000000e+00
1.794172588276410352e-09
0.000000000000000000e+00
0.000000000000000000e+00
0.000000000000000000e+00
2.282769751005275793e-09
0.000000000000000000e+00
0.000000000000000000e+00
0.000000000000000000e+00
1.010520662703129346e-07
0.000000000000000000e+00
1.184489217820328122e-08
0.000000000000000000e+00
0.000000000000000000e+00
3.215771537945499858e-10
0.000000000000000000e+00
2.624196895339991897e-06
2.726387782203687493e-09
0.000000000000000000e+00
1.253017467561789999e-09
2.055938779221833101e-07
7.751499442321119204e-10
0.000000000000000000e+00
3.938566361938455884e-09
5.073887336948246229e-07
0.000000000000000000e+00
0.000000000000000000e+00
4.060822345053338722e-09
2.725767274114332395e-07
0.000000000000000000e+00
0.000000000000000000e+00
6.625732140719264862e-08
2.906536344937649119e-08
5.009888468521239702e-07
0.000000000000000000e+00
0.000000000000000000e+00
9.788909238750420627e-09
0.000000000000000000e+00
1.094830537340385490e-07
1.600577670402003605e-09
1.272272565078225171e-10
5.932692115351301254e-09
4.879646198219234066e-08
0.000000000000000000e+00
0.000000000000000000e+00
1.377383873624182797e-09
5.481579279376092018e-08
4.082165219188027550e-07
1.882441402756285243e-08
5.580195416854394352e-09
8.635733905748566031e-08
0.000000000000000000e+00
2.226537357263858041e-11
0.000000000000000000e+00
0.000000000000000000e+00
3.982602336805030063e-08
0.000000000000000000e+00
0.000000000000000000e+00
0.000000000000000000e+00
1.149783490639322281e-09
0.000000000000000000e+00
0.000000000000000000e+00
0.000000000000000000e+00
0.000000000000000000e+00
0.000000000000000000e+00
9.341125917217141250e-08
3.658508660464576678e-07
4.378811091498846508e-09
0.000000000000000000e+00
0.000000000000000000e+00
0.000000000000000000e+00
6.222948822909302180e-09
0.000000000000000000e+00
4.519705720795741399e-10
7.955650858093576971e-07
1.075278873940987978e-06
0.000000000000000000e+00
1.323272513786832860e-08
1.386957571014590940e-08
9.584797453499049880e-07
0.000000000000000000e+00
0.000000000000000000e+00
3.969163220318705498e-09
3.561976491539553535e-09
1.298768648183568075e-09
1.041781061417168530e-08
7.261562906535345974e-09
1.600910991328419186e-06
0.000000000000000000e+00
2.537047016915039421e-08
0.000000000000000000e+00
2.214973306990941637e-07
7.126272905111363798e-10
1.118074854922213035e-09
7.270119084523685160e-08
1.771429225527754170e-08
0.000000000000000000e+00
1.836808394273248268e-08
1.087361312102075317e-08
1.710272456989514467e-08
8.744561519336002675e-09
7.298900754904025234e-07
9.686939250741488650e-08
0.000000000000000000e+00
4.697569977452076273e-07
2.192777401432977058e-06
1.188213900604750961e-06
5.929079520683444571e-07
0.000000000000000000e+00
1.360878201239756891e-07
0.000000000000000000e+00
0.000000000000000000e+00
0.000000000000000000e+00
5.608781217247837958e-10
0.000000000000000000e+00
0.000000000000000000e+00
5.367220001772921023e-09
1.045831595547497272e-06
0.000000000000000000e+00
3.456234187737550201e-10
1.652577097388530092e-08
9.886540475179117493e-09
2.588037659734254703e-07
9.250261001625403878e-09
7.822881897823208419e-09
0.000000000000000000e+00
1.472755911890999414e-06
2.895119033397008934e-09
0.000000000000000000e+00
1.172751694866747130e-06
0.000000000000000000e+00
0.000000000000000000e+00
1.381807723799255427e-10
0.000000000000000000e+00
0.000000000000000000e+00
7.975404336946212425e-09
0.000000000000000000e+00
1.841419390302689862e-07
0.000000000000000000e+00
5.116375767499903304e-09
1.283983475097727478e-09
0.000000000000000000e+00
0.000000000000000000e+00
0.000000000000000000e+00
0.000000000000000000e+00
0.000000000000000000e+00
2.103382939822040498e-06
0.000000000000000000e+00
0.000000000000000000e+00
4.264856870439537317e-11
0.000000000000000000e+00
0.000000000000000000e+00
1.755153022919841987e-09
1.476893913832100225e-07
0.000000000000000000e+00
8.361837333659138949e-10
0.000000000000000000e+00
2.894644079987074292e-09
9.768605480076075764e-09
3.768085019353883958e-13
0.000000000000000000e+00
0.000000000000000000e+00
0.000000000000000000e+00
1.174459279829065395e-10
1.673205018981605008e-09
0.000000000000000000e+00
0.000000000000000000e+00
6.321751122584373661e-09
4.893642469028236519e-08
4.237123540917764331e-09
1.402657504034898750e-11
1.589213027841651638e-08
6.833884214074714691e-08
8.563314640719354998e-11
0.000000000000000000e+00
0.000000000000000000e+00
8.511500837471430714e-09
5.560271461035881657e-07
0.000000000000000000e+00
0.000000000000000000e+00
0.000000000000000000e+00
1.057250909042295461e-08
0.000000000000000000e+00
0.000000000000000000e+00
3.153660887988962713e-09
3.416379623644161256e-09
0.000000000000000000e+00
0.000000000000000000e+00
0.000000000000000000e+00
0.000000000000000000e+00
4.848478507568643181e-09
0.000000000000000000e+00
1.702463237052143086e-08
1.035314500796857828e-09
1.052496489961640691e-08
1.797983983919948514e-09
6.838703214828711907e-12
1.164571994394236754e-09
4.705030587359715355e-09
5.408075054447181174e-08
3.297632306109576916e-11
0.000000000000000000e+00
5.422692765932879411e-07
0.000000000000000000e+00
0.000000000000000000e+00
0.000000000000000000e+00
0.000000000000000000e+00
1.942711547187059296e-09
2.942037058417668050e-09
9.690273028439833070e-10
6.150176545816066209e-08
0.000000000000000000e+00
0.000000000000000000e+00
0.000000000000000000e+00
2.257358189261537973e-10
0.000000000000000000e+00
3.692374320962699130e-06
4.223721095097943135e-10
0.000000000000000000e+00
0.000000000000000000e+00
0.000000000000000000e+00
0.000000000000000000e+00
0.000000000000000000e+00
0.000000000000000000e+00
0.000000000000000000e+00
5.177326123373404698e-09
4.652717677799955709e-07
1.083540368540525378e-08
5.401844749286510705e-09
6.701854182722399855e-09
1.082430571841541678e-06
1.178422071035356566e-08
3.425118175193198056e-11
1.984350603834172944e-07
0.000000000000000000e+00
0.000000000000000000e+00
4.491430338759982988e-09
1.583606149324623402e-06
1.384394607839567470e-07
2.871310134100468758e-10
1.383151787548442258e-10
7.271621971227659742e-09
0.000000000000000000e+00
0.000000000000000000e+00
0.000000000000000000e+00
0.000000000000000000e+00
0.000000000000000000e+00
6.778001306884107180e-07
0.000000000000000000e+00
0.000000000000000000e+00
0.000000000000000000e+00
0.000000000000000000e+00
1.987895537070016871e-08
5.604318857876933180e-07
1.673331325946492143e-06
0.000000000000000000e+00
0.000000000000000000e+00
0.000000000000000000e+00
0.000000000000000000e+00
0.000000000000000000e+00
5.739222874723282075e-09
9.060940886485013834e-10
2.248436636875794647e-08
6.324619938880005066e-09
1.731791066106325161e-08
8.034093390563157300e-09
0.000000000000000000e+00
0.000000000000000000e+00
0.000000000000000000e+00
0.000000000000000000e+00
0.000000000000000000e+00
0.000000000000000000e+00
1.054342533279850613e-06
3.569441275885765208e-07
0.000000000000000000e+00
0.000000000000000000e+00
1.114310102523496937e-10
5.169194405851840202e-09
0.000000000000000000e+00
3.285753225057419513e-09
2.409616284282378729e-09
0.000000000000000000e+00
0.000000000000000000e+00
0.000000000000000000e+00
2.299607437805661903e-08
1.416316092184288777e-10
1.713579722562030838e-09
2.010045363931567408e-06
0.000000000000000000e+00
3.005108828446623193e-09
6.207147968360915424e-13
1.501910446677356958e-06
6.265364049795607571e-08
3.289349947976916155e-08
0.000000000000000000e+00
0.000000000000000000e+00
2.930681475277197023e-08
1.502465920566464774e-07
1.241902173682246993e-14
1.824987605480998809e-09
7.740389946775394492e-07
0.000000000000000000e+00
3.209969401396506328e-09
0.000000000000000000e+00
1.840175627876305953e-06
0.000000000000000000e+00
0.000000000000000000e+00
0.000000000000000000e+00
0.000000000000000000e+00
0.000000000000000000e+00
8.724248345970408991e-07
3.520519653577025565e-09
6.984685399502588155e-12
0.000000000000000000e+00
2.663782749934284766e-09
0.000000000000000000e+00
5.411189274440175723e-09
2.492053896574475402e-09
6.105135952338969219e-08
0.000000000000000000e+00
0.000000000000000000e+00
9.124609334776323522e-08
8.218206062338140327e-07
0.000000000000000000e+00
5.596795471518589693e-09
6.074103997555369006e-10
1.627467778597679882e-11
0.000000000000000000e+00
0.000000000000000000e+00
2.172911184317172228e-09
1.324563498883435386e-07
0.000000000000000000e+00
7.617506980750476941e-08
1.054298093272620918e-09
0.000000000000000000e+00
3.134678072669316862e-10
1.675132565992498712e-08
1.538191019001544646e-09
5.358598897942101758e-09
6.733258839375366733e-09
1.914607850039828918e-07
3.811075899307070358e-08
0.000000000000000000e+00
1.645492773150181165e-07
0.000000000000000000e+00
1.128669466915477315e-11
0.000000000000000000e+00
4.486967100092442706e-07
7.258740136739660898e-11
2.104742602426767917e-09
1.174869765918629128e-07
0.000000000000000000e+00
1.564254858976710238e-07
0.000000000000000000e+00
0.000000000000000000e+00
0.000000000000000000e+00
9.290808400397310152e-11
7.868005691413770819e-10
1.059021670357651601e-08
0.000000000000000000e+00
3.279992163290890161e-12
0.000000000000000000e+00
0.000000000000000000e+00
3.752949623958556913e-06
0.000000000000000000e+00
2.537935905877475307e-08
0.000000000000000000e+00
0.000000000000000000e+00
0.000000000000000000e+00
5.331805823516333476e-07
3.647719071242505606e-10
0.000000000000000000e+00
1.518517755982884410e-08
0.000000000000000000e+00
0.000000000000000000e+00
0.000000000000000000e+00
0.000000000000000000e+00
0.000000000000000000e+00
0.000000000000000000e+00
0.000000000000000000e+00
0.000000000000000000e+00
0.000000000000000000e+00
0.000000000000000000e+00
4.526627961354279250e-09
8.891211322747949453e-09
5.213351883526229358e-08
0.000000000000000000e+00
0.000000000000000000e+00
3.497605677305060112e-11
2.958154077248309477e-08
2.980796720564171665e-09
5.265314406699417304e-09
1.250477680514450185e-06
5.777804972240119241e-07
0.000000000000000000e+00
3.202329956764060626e-09
5.256111101914484607e-09
5.588532747680119428e-09
5.340273787624028046e-07
0.000000000000000000e+00
0.000000000000000000e+00
3.306142204451134603e-08
0.000000000000000000e+00
5.056536300784841842e-10
2.245846619786107112e-09
2.720217384677425798e-09
0.000000000000000000e+00
0.000000000000000000e+00
0.000000000000000000e+00
0.000000000000000000e+00
4.431404965199448043e-10
5.413341597204635036e-08
0.000000000000000000e+00
0.000000000000000000e+00
5.368173017217259257e-09
7.256996070736931870e-08
1.821458340600656811e-06
5.099764610605461712e-09
0.000000000000000000e+00
0.000000000000000000e+00
7.478876185018634715e-09
3.696564121469236852e-08
1.215294309631076430e-09
0.000000000000000000e+00
0.000000000000000000e+00
9.075258877722092166e-10
1.598539938640897162e-06
8.325689582200368477e-10
0.000000000000000000e+00
4.198389547127590049e-07
2.984142497552966233e-07
4.806914148502983153e-06
1.368860233497137813e-11
0.000000000000000000e+00
4.312759926961007295e-09
1.143773431522276951e-07
5.117448687030901056e-10
0.000000000000000000e+00
1.166226493154454147e-08
1.156274076485885871e-09
0.000000000000000000e+00
0.000000000000000000e+00
3.398844761193231534e-09
0.000000000000000000e+00
0.000000000000000000e+00
0.000000000000000000e+00
0.000000000000000000e+00
0.000000000000000000e+00
0.000000000000000000e+00
0.000000000000000000e+00
0.000000000000000000e+00
0.000000000000000000e+00
0.000000000000000000e+00
7.257141554362078750e-10
0.000000000000000000e+00
3.803389159173775624e-09
1.218501188837706195e-09
0.000000000000000000e+00
0.000000000000000000e+00
6.673187158412474673e-08
4.354448190913018379e-10
3.152969441089226166e-08
5.068387043394295688e-09
1.288878870298049151e-08
3.459311130882269936e-07
4.873355496926023989e-09
1.906473698909394443e-07
3.330902472953312099e-06
0.000000000000000000e+00
1.129641047370455453e-09
0.000000000000000000e+00
0.000000000000000000e+00
0.000000000000000000e+00
3.867921094524717773e-09
3.676437358990369830e-07
0.000000000000000000e+00
0.000000000000000000e+00
1.774688840328053629e-09
0.000000000000000000e+00
0.000000000000000000e+00
0.000000000000000000e+00
0.000000000000000000e+00
6.403627406115219856e-09
0.000000000000000000e+00
0.000000000000000000e+00
2.613296317122149048e-07
4.785606286250576602e-11
2.127233278415019413e-09
0.000000000000000000e+00
5.104333844485609006e-09
4.403659381591040756e-11
0.000000000000000000e+00
0.000000000000000000e+00
2.117837905046826563e-09
0.000000000000000000e+00
0.000000000000000000e+00
6.776943450859107543e-09
2.092151341059889091e-09
4.592482297227640231e-11
5.763513666323660800e-09
3.527899821165192407e-07
2.925767184080996230e-08
1.442980988031195011e-06
1.023517839371379523e-07
6.222113029252795968e-07
5.959749915795953257e-10
2.668634380142975715e-08
0.000000000000000000e+00
8.445860544270544779e-07
7.021202369505985530e-11
1.052936841006157920e-05
3.166075828175962670e-07
6.993530519139312673e-07
0.000000000000000000e+00
0.000000000000000000e+00
2.142103028290875955e-08
0.000000000000000000e+00
4.572324741047850694e-09
0.000000000000000000e+00
1.416353825334226713e-07
0.000000000000000000e+00
8.818165087021156978e-10
8.258670192162753665e-09
9.367817455085969414e-08
0.000000000000000000e+00
0.000000000000000000e+00
1.075984030762811017e-07
0.000000000000000000e+00
0.000000000000000000e+00
0.000000000000000000e+00
3.346193322428803185e-09
8.328403522384064672e-10
0.000000000000000000e+00
1.148733441702631808e-09
1.998492926702510886e-09
1.684451023109545531e-09
0.000000000000000000e+00
6.882908909489060534e-09
2.065845494669815707e-09
5.953195714170078645e-09
1.211715350279973791e-08
1.468097536871937336e-07
1.377999936380547297e-10
1.477991240506071335e-08
0.000000000000000000e+00
5.763612503928428055e-11
0.000000000000000000e+00
3.072651111324375961e-08
0.000000000000000000e+00
0.000000000000000000e+00
0.000000000000000000e+00
0.000000000000000000e+00
0.000000000000000000e+00
2.672489562982605094e-09
3.378637103423898225e-08
0.000000000000000000e+00
0.000000000000000000e+00
6.450032064009292299e-09
0.000000000000000000e+00
1.930445359121790716e-09
0.000000000000000000e+00
8.831520237340129142e-11
0.000000000000000000e+00
0.000000000000000000e+00
3.579022633815043264e-09
0.000000000000000000e+00
0.000000000000000000e+00
5.661954793900747518e-10
2.651847630374959408e-08
1.382110315084617014e-09
0.000000000000000000e+00
6.029576411492598709e-07
3.114133617643233265e-09
0.000000000000000000e+00
5.295751179801300168e-07
0.000000000000000000e+00
7.634432148961867171e-12
0.000000000000000000e+00
0.000000000000000000e+00
0.000000000000000000e+00
0.000000000000000000e+00
0.000000000000000000e+00
1.258221721256447267e-10
0.000000000000000000e+00
0.000000000000000000e+00
0.000000000000000000e+00
0.000000000000000000e+00
1.465680576906436272e-09
0.000000000000000000e+00
0.000000000000000000e+00
7.925691214438757015e-09
1.487474254879828095e-09
0.000000000000000000e+00
5.241119604287858280e-12
0.000000000000000000e+00
0.000000000000000000e+00
0.000000000000000000e+00
1.828807739912008401e-06
8.871733570003925706e-09
0.000000000000000000e+00
7.823817327334836591e-07
8.093809810816310346e-06
3.545809761362761492e-07
4.700593194684188347e-07
2.459777981300703686e-08
4.818966772290877998e-07
0.000000000000000000e+00
3.407530613230846939e-08
7.618342401372046879e-09
0.000000000000000000e+00
9.359844170830911025e-07
1.171952224154892974e-08
8.123311658891907427e-07
0.000000000000000000e+00
0.000000000000000000e+00
2.679535482386086187e-09
1.724061338137516941e-09
0.000000000000000000e+00
8.414877683549093490e-09
3.162383563903858885e-06
1.948138645957442350e-07
1.393349524647646831e-08
1.966141780940233730e-06
2.674680921188610228e-08
7.255061973410192877e-08
3.355509932134737028e-07
6.806155852245865390e-07
2.099021756407637440e-08
1.572936696447868599e-07
3.558721743956994032e-07
6.045992790859600063e-07
5.702026442122587468e-07
1.427729898750840221e-07
1.089050716274186925e-08
1.336801688012201339e-06
8.820402541687144549e-08
1.322704065387370065e-06
1.043199631567404140e-06
1.010167693493713159e-06
2.460576297380612232e-06
2.081914232121562236e-07
3.323287103285110788e-07
5.909284794824998244e-08
3.494931775094300974e-07
7.858139383642992470e-07
2.067264830429849098e-07
1.174684172156048589e-07
4.290937454243248794e-07
1.987803130987231270e-07
2.793794067201815778e-07
4.926784313852294872e-09
0.000000000000000000e+00
1.743220678918078193e-09
1.341669104704124038e-07
4.924729068989108782e-07
8.387314665014855564e-07
1.979689017161945230e-07
4.152386452460632427e-07
7.152243597374763340e-07
9.279222012992249802e-07
7.314651639944713679e-08
6.543857722363100038e-08
2.214818323409417644e-06
5.465776453661419509e-08
7.802554137015249580e-06
1.347180159427807666e-06
2.481903720763511956e-06
8.701040883352106903e-07
3.609996213072008686e-07
0.000000000000000000e+00
1.296547869067410375e-09
2.915296818173374049e-06
1.729622454149648547e-06
0.000000000000000000e+00
1.191120624355335167e-08
3.593106328025896801e-07
7.436734108523523901e-07
8.098933903966099024e-06
6.106652250537081272e-08
6.688753018124771188e-08
3.379960560323524987e-07
2.958526479357459493e-10
4.276916154566379191e-09
4.379311917546147015e-07
4.440403529315517517e-07
4.777311914949677885e-07
9.634457143192776130e-08
4.009881649835733697e-06
7.711392754572443664e-06
7.434677939954781323e-08
1.712157748912090938e-09
6.005605257541901665e-08
0.000000000000000000e+00
1.756901468752403161e-08
1.171934638222182912e-08
1.862697558863146696e-06
6.055662993276200723e-08
3.929410468117566779e-07
0.000000000000000000e+00
2.940370791293389630e-08
4.941753672937920783e-08
2.997049080022406997e-07
1.786599312936232309e-07
2.369713172356568975e-07
1.009878928925900254e-06
2.582156184871564619e-06
4.321215385516552487e-07
3.911141845946985995e-07
1.106406443796004169e-06
2.122870228049578145e-06
0.000000000000000000e+00
0.000000000000000000e+00
0.000000000000000000e+00
0.000000000000000000e+00
6.244749783945735544e-07
0.000000000000000000e+00
3.230260290365549736e-07
3.672349464522994822e-07
8.928712880162947840e-09
1.214880853694921825e-07
3.565072574929217808e-07
1.872206098596507218e-06
0.000000000000000000e+00
1.846051134180015652e-08
0.000000000000000000e+00
1.544054271107597742e-06
2.903121743003111987e-09
5.496733592735836282e-07
0.000000000000000000e+00
3.398760668460454326e-07
1.320355522693716921e-06
2.020434749283595011e-06
1.913747667003917741e-07
3.239676516386680305e-06
3.326655573232528695e-08
8.665960393727800692e-09
5.349365324036625680e-07
2.015675818256568164e-06
0.000000000000000000e+00
0.000000000000000000e+00
3.764362155322942272e-09
0.000000000000000000e+00
0.000000000000000000e+00
1.511846221546875313e-06
6.530411269523028750e-07
1.045759972839732654e-06
7.274148856595274992e-07
1.168897824754822068e-06
0.000000000000000000e+00
0.000000000000000000e+00
8.966815698840946425e-07
2.070097025352879427e-06
2.463722807988233399e-07
0.000000000000000000e+00
8.469222052553959657e-07
1.306388980992778670e-06
9.694633540391350834e-09
7.624560566910076886e-06
4.102376660597428781e-09
0.000000000000000000e+00
0.000000000000000000e+00
0.000000000000000000e+00
8.320014122098484677e-10
1.825461708904185798e-06
0.000000000000000000e+00
0.000000000000000000e+00
0.000000000000000000e+00
1.600340748808548597e-09
1.724303033689977838e-09
0.000000000000000000e+00
0.000000000000000000e+00
0.000000000000000000e+00
0.000000000000000000e+00
0.000000000000000000e+00
0.000000000000000000e+00
0.000000000000000000e+00
0.000000000000000000e+00
0.000000000000000000e+00
0.000000000000000000e+00
0.000000000000000000e+00
0.000000000000000000e+00
0.000000000000000000e+00
2.077153588020408392e-10
0.000000000000000000e+00
0.000000000000000000e+00
0.000000000000000000e+00
0.000000000000000000e+00
0.000000000000000000e+00
2.315502678484904209e-09
0.000000000000000000e+00
