5.047212198405759409e-06
8.968005204224027693e-06
4.314869670452026185e-07
2.305465386598370969e-06
8.362838457287580241e-07
6.876074820638677920e-08
2.982483465530094691e-06
1.037315541907446459e-05
0.000000000000000000e+00
8.142715159920044243e-06
0.000000000000000000e+00
1.276065404454129748e-06
2.261618021748290630e-07
7.975623361744510476e-08
2.254630686593372957e-07
2.017280621657846496e-06
1.757066797836159822e-06
3.265551526965282392e-07
4.576154992719239090e-07
9.357275843058232567e-08
4.679753601521952078e-06
3.522684810519649545e-09
1.616376152924203780e-06
1.869243192231806461e-06
1.669815503646532306e-07
1.125600556406425312e-05
1.053212940860248636e-06
1.178566526505164802e-05
2.437258626741822809e-05
6.245861186471302062e-06
1.575108944962266833e-05
2.206193130405154079e-05
7.746888513793237507e-06
2.758286063908599317e-05
9.826894711295608431e-06
1.699251697573345155e-05
1.344538759440183640e-05
7.581065347039839253e-06
1.677681069622849463e-07
3.075703261856688187e-06
7.404260486509883776e-06
1.437312585039762780e-05
4.034726771351415664e-06
3.867377472488442436e-06
7.197193099273135886e-06
2.040026629401836544e-06
6.052291610103566200e-07
8.200649062928277999e-06
7.385106982837896794e-06
3.546095467754639685e-05
2.780173190330970101e-06
8.937878192227799445e-06
1.474928285460919142e-05
2.817305642111023189e-07
1.631435225135646760e-06
2.529386165406322107e-06
1.664482056185079273e-06
2.820044028339907527e-05
1.509273806732380763e-05
1.096333562600193545e-06
6.049705007171723992e-06
7.505055350520706270e-07
1.224019251822028309e-05
4.312404939810221549e-07
1.831857161960215308e-06
5.562104433920467272e-06
1.248579974344465882e-05
1.536664240120444447e-05
1.067619905370520428e-06
1.119391072279540822e-06
8.029383025132119656e-06
1.827442133617296349e-06
8.281898772111162543e-06
2.017059301806511940e-07
1.434772457287181169e-06
7.700052151449199300e-07
1.326135702583997045e-06
8.454832709503534716e-07
8.896881809050682932e-07
4.429799901117803529e-06
3.077570909226778895e-06
1.179159971798071638e-05
8.181287398656422738e-07
3.202876087016193196e-06
7.196825208666268736e-06
1.901194309539278038e-06
4.936160848956205882e-07
4.420136519911466166e-06
3.326769956402131356e-06
7.385440767393447459e-06
5.637507456413004547e-06
2.868241381293046288e-06
2.531588506826665252e-06
2.771888830466195941e-06
1.856845983638777398e-06
6.429406340657806140e-08
1.822837589315895457e-06
1.124959089793264866e-05
2.890860514526139013e-06
3.845186711259884760e-06
4.589366199070354924e-06
4.399403678689850494e-06
1.590551846675225534e-06
1.861170630945707671e-06
5.235051958152325824e-06
4.993083621229743585e-06
3.787939022004138678e-06
1.885193796624662355e-06
1.156410053226863965e-05
9.621528533898526803e-07
3.963716608268441632e-06
4.756831458507804200e-06
1.511250138719333336e-05
6.130755537014920264e-06
1.393167735841416288e-06
4.078382062289165333e-06
2.316567361049237661e-06
5.598441020993050188e-06
1.371218559143017046e-06
4.809082383872009814e-06
7.998635851436119992e-07
1.322762159361445811e-06
5.243457508186111227e-07
4.160943092301749857e-07
1.508776563241553959e-06
2.825769570335978642e-06
7.922803888504859060e-06
2.249814315291587263e-06
3.780226961680455133e-06
4.712344434665283188e-06
8.576931577408686280e-06
6.183992354635847732e-06
1.381846459480584599e-06
2.018324494201806374e-06
1.440725463908165693e-05
1.048777903633890674e-05
1.838356183725409210e-06
5.221322680881712586e-06
1.033221360557945445e-05
6.961450935705215670e-07
1.343084363725211006e-06
1.689211217126285192e-06
2.498030653441674076e-07
6.137898367342131678e-07
1.186976078315638006e-06
1.498189590165566187e-06
8.994842204401720664e-08
1.444198801436868962e-06
1.026713448482041713e-06
2.916852281487081200e-06
3.853799626085674390e-07
7.743930154902045615e-07
1.513693405286176130e-06
1.037408674164908007e-05
1.058904672390781343e-06
4.195095698378281668e-06
8.003036100490135141e-07
1.482442712585907429e-05
1.823243337639723904e-06
5.728242058467003517e-07
1.925348215081612580e-06
5.713470159207645338e-07
0.000000000000000000e+00
3.922294126823544502e-06
2.194009454115075641e-07
1.035373429658648092e-06
7.702721518398902845e-07
4.968280222783505451e-07
2.025888079515425488e-06
1.398070025970810093e-06
2.406336898275185376e-05
6.958030667192360852e-07
1.950652972482203040e-07
2.107885848090518266e-07
2.977736357934190892e-06
2.518900600989582017e-06
2.332369604118866846e-07
2.139001935574924573e-07
2.013324319705134258e-06
2.091989927066606469e-06
1.445256657461868599e-05
1.750583919601922389e-06
7.878454084675468039e-07
1.645681351192251896e-07
5.812344170408323407e-06
8.170586625055875629e-07
3.524833118717651814e-06
8.716683055354224052e-07
2.401420395869990898e-08
4.442383954028628068e-07
2.010379347439084086e-07
1.558284168368118117e-07
1.376752038595441263e-06
4.789673766936175525e-06
1.436232309970364440e-06
1.574286301320171333e-07
8.256996011368755717e-07
2.213853917965025175e-07
4.397136876832519192e-07
1.191045157611370087e-06
4.205476500374061288e-07
0.000000000000000000e+00
3.960744834330398589e-07
8.497613279700999556e-09
6.818291709009827173e-09
2.153454715880798176e-06
7.447628149748197757e-07
9.690966917830223792e-10
8.667739166412502527e-07
1.084458972400170751e-06
3.139587988698622212e-06
3.773380967686534859e-07
2.628093227485805983e-07
2.502762981748674065e-06
1.993176965697784908e-07
7.677751909795915708e-07
9.598670658306218684e-06
7.604152330031865858e-08
3.308770502030711214e-08
4.658706075133522972e-06
1.997558001676225103e-06
9.994743095376179554e-07
6.345593561718487763e-08
3.760827951282408321e-07
4.033735194752807729e-07
4.474185061553725973e-06
2.255081881230580620e-07
7.418359473376767710e-07
3.332977200898312731e-07
4.124149654671782628e-06
3.379664121894165874e-07
1.564155240885156672e-06
2.477687075952417217e-06
7.350062787736533210e-06
5.843238795932848006e-06
2.642765934979252052e-07
4.785143573826644570e-06
8.074271029556712165e-09
1.726742766550160013e-07
2.346463219282668433e-07
2.217236669821431860e-06
8.487999707540438976e-07
9.412336510195018491e-08
1.459488458976920811e-07
4.908769710709748324e-07
6.269496566346788313e-07
0.000000000000000000e+00
6.902297968736093026e-07
8.637569948177770129e-08
2.605652227316568315e-08
2.356208206322207843e-08
8.044354871117320727e-08
3.586032448765763547e-07
4.614438466887804680e-07
1.124758227888378315e-06
6.102320639911340550e-07
6.387465987245377619e-07
1.574370855905726785e-07
1.415735709997534286e-06
1.553639439322296312e-09
7.279441405216857675e-08
0.000000000000000000e+00
1.657336497373762541e-06
6.274989914345496800e-07
7.570534421574848238e-08
4.130558117765303905e-09
0.000000000000000000e+00
9.050071980709617492e-08
6.146918281046964694e-07
4.576679373258230044e-07
2.505130680674483301e-07
2.865092199044738663e-07
6.191085503814974800e-06
9.348357252747518942e-07
0.000000000000000000e+00
4.955854365107370540e-06
5.786205292679369450e-06
2.353379159103496931e-06
1.515979647592757829e-06
3.223159637855133042e-06
5.332289632065112528e-08
4.577348136081127450e-07
2.364119389142160799e-08
2.080970773477019975e-07
2.946677923887364159e-08
5.351181719959186012e-09
5.210713993619719986e-07
1.501793711611298932e-08
5.077343303128145635e-06
4.668571875754423672e-07
0.000000000000000000e+00
3.801175125772715546e-07
0.000000000000000000e+00
6.812920894105900516e-09
5.439397376960641850e-09
9.276966466131852940e-07
0.000000000000000000e+00
0.000000000000000000e+00
0.000000000000000000e+00
6.681522557450136901e-10
1.028161094041024626e-07
0.000000000000000000e+00
5.554636572924209759e-07
0.000000000000000000e+00
7.631113796424671136e-11
1.264165348402457312e-06
8.660873618282494135e-08
1.726568825688445941e-07
0.000000000000000000e+00
0.000000000000000000e+00
0.000000000000000000e+00
0.000000000000000000e+00
5.661560109615493275e-09
5.356343990570167080e-08
2.211822476283487049e-07
2.916793251372951090e-09
9.629891550844149606e-09
2.325247105972039208e-09
2.539803972467780113e-06
1.241268364537972957e-06
0.000000000000000000e+00
0.000000000000000000e+00
0.000000000000000000e+00
0.000000000000000000e+00
1.089920331764915318e-08
0.000000000000000000e+00
2.145762039162946166e-07
7.387662662949878722e-06
3.856503738575156603e-08
1.585251041547053319e-08
2.695626562854158692e-06
4.153322151978500187e-06
5.805532509839395061e-06
1.634824002394452691e-06
6.215033863554708660e-06
1.470922029511712026e-06
1.837566514950594865e-06
2.706981831579469144e-06
5.787813961433130316e-07
4.044988770601776196e-07
6.219947863428387791e-07
3.866893791837355820e-07
2.237994522147346288e-06
2.295070515856423299e-07
3.158724553031788673e-07
7.389714028249727562e-06
2.685385602774204017e-08
0.000000000000000000e+00
1.722374634027801221e-07
2.580270397345429956e-08
1.147952275459829252e-06
0.000000000000000000e+00
3.377442991947532391e-09
3.267705892540107016e-07
4.008545602118829265e-07
2.028138084142483422e-07
4.897444227935920935e-07
1.566593709867447615e-06
1.019465329932245368e-07
3.350975248395116068e-07
3.158836392458397313e-08
5.115930889587616548e-06
1.526089192793733673e-07
3.412336635477686286e-09
8.446246511084609665e-07
0.000000000000000000e+00
1.023915032760669419e-07
0.000000000000000000e+00
5.675889092060515395e-09
7.775285126854214468e-08
0.000000000000000000e+00
0.000000000000000000e+00
0.000000000000000000e+00
8.089677816514040387e-10
0.000000000000000000e+00
0.000000000000000000e+00
0.000000000000000000e+00
1.144284000886841568e-09
0.000000000000000000e+00
0.000000000000000000e+00
1.559916540827543940e-06
1.123335664487967733e-07
0.000000000000000000e+00
0.000000000000000000e+00
0.000000000000000000e+00
0.000000000000000000e+00
0.000000000000000000e+00
0.000000000000000000e+00
3.612219643400749192e-06
0.000000000000000000e+00
1.014528379528201185e-06
0.000000000000000000e+00
2.736749706855334807e-07
3.029308004443009850e-07
0.000000000000000000e+00
3.486601007907097483e-10
0.000000000000000000e+00
0.000000000000000000e+00
0.000000000000000000e+00
5.869662231816619169e-07
3.732243847309746343e-09
0.000000000000000000e+00
2.352269845573573548e-08
0.000000000000000000e+00
1.319737374938512176e-10
9.939886780330198235e-08
9.296077685405634838e-09
4.315534596344150486e-10
9.420225488554478943e-09
1.363136058023239894e-12
0.000000000000000000e+00
0.000000000000000000e+00
2.149149850083631463e-06
3.181484409253698686e-09
4.272738607369319652e-09
2.730932010308606550e-06
2.356050572416279465e-07
2.063904531723892433e-07
6.039964262072317069e-08
9.991864544645068236e-07
7.455434314351805369e-08
1.173315467895008624e-06
1.381075207973481156e-06
8.632579238110338338e-07
6.607069735764525831e-06
1.630520642947885790e-07
4.628912222415237920e-07
1.704207306829630397e-06
3.007739906024653465e-06
1.455342953704530373e-06
5.686663939741265494e-07
3.289181051968625979e-07
3.478638745946227573e-07
1.434171963410335593e-06
2.204821385021205060e-06
0.000000000000000000e+00
4.303465175325982273e-06
8.434061982143248315e-08
8.730537501833168790e-07
1.115522650252387393e-06
3.630196365733695529e-09
1.189137037727050483e-06
1.700528400760958903e-06
1.318335307587403804e-07
7.407401803050106537e-09
1.884373318716825452e-06
3.793764733472926309e-07
2.321410264016776637e-08
1.320138949267857242e-06
0.000000000000000000e+00
2.717714941979920695e-08
1.646225769036391284e-07
1.049018692356185056e-06
4.778847983999412463e-09
8.367824761990050320e-07
0.000000000000000000e+00
0.000000000000000000e+00
7.621728173035080545e-07
2.123450940416660160e-06
4.346033222191181267e-07
1.868039163355206256e-07
1.411286660868427134e-07
0.000000000000000000e+00
0.000000000000000000e+00
0.000000000000000000e+00
4.081817621681693709e-07
4.869838576837537403e-08
5.810744823975255713e-06
1.564117297903067083e-07
1.924900261971243531e-13
0.000000000000000000e+00
0.000000000000000000e+00
5.299921781443117652e-07
0.000000000000000000e+00
0.000000000000000000e+00
3.582995304896030575e-07
6.227925837265502196e-07
0.000000000000000000e+00
0.000000000000000000e+00
1.980794422706821933e-06
4.480643411852724967e-09
0.000000000000000000e+00
0.000000000000000000e+00
2.356781578782829456e-07
1.031507281368249096e-06
1.045865360538300592e-06
3.552640404080875669e-10
0.000000000000000000e+00
5.720741569348319899e-08
1.424542801942152437e-06
2.672161599548417144e-06
0.000000000000000000e+00
0.000000000000000000e+00
3.053168029509834014e-07
2.830186303981463425e-06
2.172100153075007256e-07
1.186642695216733046e-08
0.000000000000000000e+00
0.000000000000000000e+00
1.173726982273137764e-08
0.000000000000000000e+00
8.549114483002995257e-08
2.430521703900012653e-07
1.912175548568484373e-06
7.960658621186667006e-08
3.074221979204594390e-07
2.825937883699225495e-07
2.242099306215550314e-08
4.714790065918350592e-06
0.000000000000000000e+00
6.741425195855299535e-09
0.000000000000000000e+00
6.404602004295156803e-07
6.781310730730183423e-06
0.000000000000000000e+00
2.670037108076783738e-11
1.447986175406867915e-08
7.747994246187772660e-09
0.000000000000000000e+00
3.094016776117314294e-08
0.000000000000000000e+00
2.638576290792116197e-07
1.423589992555207573e-07
3.388060676456916553e-08
1.745387635310180485e-06
1.234817773365648463e-06
3.475760877336142585e-06
2.565554382272239309e-07
4.663269521643087501e-07
2.347473810004885308e-06
1.390861598338233307e-05
1.766100808708870318e-06
1.234014206374922651e-07
1.794073909877624828e-06
0.000000000000000000e+00
4.116187483305111527e-06
1.877704562502913177e-06
7.356357514254341368e-07
0.000000000000000000e+00
5.133164222570485435e-07
6.813416941753303036e-09
3.735636511237316881e-08
4.601394607561815064e-07
1.540123832910467172e-07
3.088616153945622500e-07
0.000000000000000000e+00
5.405075171438511461e-06
6.017366871446938603e-08
1.920160684676375240e-06
0.000000000000000000e+00
1.028778982004041609e-07
1.838726120695355348e-06
2.540846708143362775e-06
0.000000000000000000e+00
1.170338919109781273e-07
4.639443940135379307e-09
0.000000000000000000e+00
0.000000000000000000e+00
0.000000000000000000e+00
0.000000000000000000e+00
0.000000000000000000e+00
5.130216251814090356e-09
0.000000000000000000e+00
0.000000000000000000e+00
0.000000000000000000e+00
0.000000000000000000e+00
1.401768745523668258e-08
1.433493990177225896e-09
1.337212829355394206e-08
0.000000000000000000e+00
0.000000000000000000e+00
0.000000000000000000e+00
0.000000000000000000e+00
0.000000000000000000e+00
7.184949080141223021e-09
0.000000000000000000e+00
0.000000000000000000e+00
3.043637342159399850e-09
0.000000000000000000e+00
0.000000000000000000e+00
3.817718550180870807e-07
0.000000000000000000e+00
0.000000000000000000e+00
0.000000000000000000e+00
0.000000000000000000e+00
8.388754274557541635e-11
8.275873319973925391e-09
3.514219599765056046e-07
1.077343540600850247e-06
0.000000000000000000e+00
0.000000000000000000e+00
0.000000000000000000e+00
4.932836006332763645e-08
0.000000000000000000e+00
3.227408562622713362e-09
4.692282828955285368e-08
0.000000000000000000e+00
0.000000000000000000e+00
0.000000000000000000e+00
0.000000000000000000e+00
0.000000000000000000e+00
9.171237103089424636e-09
1.187788782885945693e-07
9.435352694708853960e-07
2.425512320769485086e-06
4.985060808593289039e-09
0.000000000000000000e+00
0.000000000000000000e+00
0.000000000000000000e+00
0.000000000000000000e+00
1.971278152268496342e-06
0.000000000000000000e+00
3.207353813650115626e-07
1.524588100210166886e-08
2.332425141915450695e-09
0.000000000000000000e+00
7.130604995353451159e-09
1.729656240456733940e-08
2.166641976941718895e-08
2.465295878550932684e-08
0.000000000000000000e+00
1.015312209307062119e-10
3.038771183128119446e-06
1.722809095383581734e-08
2.633299445164993813e-08
0.000000000000000000e+00
0.000000000000000000e+00
2.941314676263573347e-07
6.857946210914178664e-09
7.149253189453474988e-09
0.000000000000000000e+00
3.104238146534044063e-07
3.037242235492954023e-09
1.733095814415719360e-06
3.045417543035000563e-06
4.880268988927127793e-08
9.159982710116310045e-07
5.202653596825257409e-08
3.237514647480566055e-06
8.290693358503631316e-07
8.264338191565911984e-08
2.419376187390298583e-06
5.758399090893817629e-09
3.104833581346611027e-07
1.399454419015455642e-07
8.558024844340650361e-10
0.000000000000000000e+00
1.310344259763951413e-06
3.890013999807706568e-07
5.278112666928791441e-07
0.000000000000000000e+00
0.000000000000000000e+00
1.344776734413244412e-07
9.481906886321667116e-07
0.000000000000000000e+00
4.196350644747326442e-08
2.785743163258302957e-06
1.046190121201107104e-07
7.121157068468164653e-07
7.876670871098667703e-09
1.011798360650573159e-07
0.000000000000000000e+00
0.000000000000000000e+00
4.722648938582096889e-09
7.738257323808284127e-08
2.797703846368904124e-09
3.816260196742859989e-09
6.831097354442761116e-10
1.183034214591316413e-06
6.516978601212031208e-07
9.242502585493639344e-08
0.000000000000000000e+00
1.717504005682712886e-07
3.066694898024024951e-09
2.768871070202294504e-07
8.560921749278804782e-09
4.098394124074644651e-10
3.914446722319553373e-07
0.000000000000000000e+00
8.547942798031726852e-09
0.000000000000000000e+00
4.767839527630712837e-07
0.000000000000000000e+00
0.000000000000000000e+00
4.127276298504511942e-08
0.000000000000000000e+00
2.686047606559327505e-09
8.834128983892242104e-09
0.000000000000000000e+00
0.000000000000000000e+00
0.000000000000000000e+00
1.893416395892799642e-10
2.520842201647610636e-09
9.905907916163414484e-08
0.000000000000000000e+00
1.828947688409243710e-06
3.988668240140214039e-08
0.000000000000000000e+00
0.000000000000000000e+00
0.000000000000000000e+00
0.000000000000000000e+00
0.000000000000000000e+00
0.000000000000000000e+00
0.000000000000000000e+00
1.580157005243165713e-09
0.000000000000000000e+00
4.694432220730959671e-07
2.745693450378894340e-08
1.676581790066578037e-10
0.000000000000000000e+00
0.000000000000000000e+00
4.904681532025279012e-07
0.000000000000000000e+00
0.000000000000000000e+00
0.000000000000000000e+00
4.804194730922972667e-08
0.000000000000000000e+00
4.931585362299983899e-09
0.000000000000000000e+00
7.827242853863936034e-09
0.000000000000000000e+00
1.123608495134931218e-08
1.418409283360233530e-06
2.100935262205894105e-06
6.169662558619393167e-10
0.000000000000000000e+00
0.000000000000000000e+00
0.000000000000000000e+00
2.076832572583953151e-08
4.710980938682496344e-09
0.000000000000000000e+00
3.306544371639574820e-09
0.000000000000000000e+00
5.088670604891376570e-06
0.000000000000000000e+00
5.581592077419372799e-09
1.338142965323640965e-06
2.301537278981413692e-06
6.842151378805283457e-06
1.187403242397522263e-08
1.803909688291582825e-09
1.656549564188480872e-08
2.821226807725452090e-09
6.556900871146353893e-07
2.439917068386421306e-07
1.851443016676057596e-07
2.315571556721351953e-08
4.621960059125740372e-08
9.067001087714743335e-07
9.020440643325855490e-07
7.614868025029863929e-08
0.000000000000000000e+00
9.750183380674570799e-07
0.000000000000000000e+00
8.310821613122243434e-07
5.884663551114499569e-06
0.000000000000000000e+00
5.833796308252203744e-07
3.249380824854597449e-06
7.229353400362015236e-07
1.392091206753320876e-07
3.867971827276051044e-06
2.441699962218990549e-06
5.333055469236569479e-06
5.710015102522447705e-06
4.507208828385955712e-08
1.478175182256791231e-08
1.049552906806638930e-07
0.000000000000000000e+00
3.124997860481926182e-08
2.806529408871938358e-08
4.221272220661376195e-09
4.839463496608686910e-09
0.000000000000000000e+00
5.851278928048486705e-08
0.000000000000000000e+00
7.947047464540446526e-08
0.000000000000000000e+00
0.000000000000000000e+00
0.000000000000000000e+00
6.255987727854517289e-07
6.284662390498851892e-08
1.951289796409128030e-09
6.643343795076361857e-07
1.432296414805023232e-07
0.000000000000000000e+00
8.542226623831083998e-07
0.000000000000000000e+00
0.000000000000000000e+00
9.071625228784796491e-09
5.911204681297022034e-08
1.377768121813005564e-09
7.365161422967503313e-07
5.742473163650174683e-09
1.814546948253337177e-07
2.769927043289044377e-08
3.542367821296465991e-08
1.110625991174174487e-08
8.181163302367622236e-09
0.000000000000000000e+00
6.896362236830100301e-08
0.000000000000000000e+00
9.157115528068970889e-07
0.000000000000000000e+00
0.000000000000000000e+00
0.000000000000000000e+00
1.145489925136189413e-09
0.000000000000000000e+00
4.931779873373898226e-09
5.385233635024633259e-06
2.098068989653256722e-07
0.000000000000000000e+00
6.815452593400550541e-07
0.000000000000000000e+00
0.000000000000000000e+00
5.253240033198380843e-06
1.210707182508485857e-06
0.000000000000000000e+00
0.000000000000000000e+00
2.106503638188428340e-09
0.000000000000000000e+00
0.000000000000000000e+00
8.851056776393306791e-08
0.000000000000000000e+00
3.400993477953306865e-07
0.000000000000000000e+00
6.660467022356897360e-08
5.156002291784034242e-09
2.051605640929210495e-08
0.000000000000000000e+00
0.000000000000000000e+00
1.321541454046837316e-08
0.000000000000000000e+00
0.000000000000000000e+00
0.000000000000000000e+00
0.000000000000000000e+00
0.000000000000000000e+00
3.644082147147287287e-09
0.000000000000000000e+00
5.040714956550118586e-09
0.000000000000000000e+00
0.000000000000000000e+00
4.062328529119696441e-10
0.000000000000000000e+00
0.000000000000000000e+00
0.000000000000000000e+00
0.000000000000000000e+00
0.000000000000000000e+00
1.022731794364517555e-06
0.000000000000000000e+00
2.620936001562768070e-08
4.324003377575991180e-09
4.665605679576856346e-09
1.068710389517946169e-06
1.218094553223636467e-06
1.883469735730614047e-07
0.000000000000000000e+00
0.000000000000000000e+00
7.088439835101212338e-10
5.950290926648449386e-09
1.897134671580147369e-09
1.595503995588387625e-08
2.213132148654040066e-07
6.937043508514761925e-07
3.903434908636427281e-09
7.120063401089282706e-07
6.078265869291499257e-06
6.009150638419669122e-06
8.063022960413945839e-07
0.000000000000000000e+00
2.033859118455438875e-06
2.396339766619348666e-07
6.909474450367270038e-07
1.463000813828330138e-07
1.786918119250913151e-06
8.234531634343511541e-08
4.636611947717028670e-07
8.217097047236165963e-07
1.832896998621436069e-07
1.114342254027178569e-07
1.151520336861722171e-06
1.764828283512542839e-07
0.000000000000000000e+00
1.890670375814806903e-07
0.000000000000000000e+00
1.871562282929062349e-08
2.030275112474555499e-07
3.201569597877096385e-06
0.000000000000000000e+00
0.000000000000000000e+00
1.187356559739782824e-07
0.000000000000000000e+00
0.000000000000000000e+00
0.000000000000000000e+00
0.000000000000000000e+00
0.000000000000000000e+00
0.000000000000000000e+00
6.262754368435707875e-07
0.000000000000000000e+00
0.000000000000000000e+00
0.000000000000000000e+00
0.000000000000000000e+00
0.000000000000000000e+00
0.000000000000000000e+00
0.000000000000000000e+00
0.000000000000000000e+00
0.000000000000000000e+00
0.000000000000000000e+00
7.734931841696379706e-07
0.000000000000000000e+00
3.382535584961487984e-09
4.854651081132033141e-08
0.000000000000000000e+00
0.000000000000000000e+00
6.160241650121633938e-09
0.000000000000000000e+00
6.261815599373221630e-08
7.967541932885069400e-07
1.446817236683273222e-06
0.000000000000000000e+00
6.654963158325699624e-08
2.268820651352143614e-07
8.110517590864674276e-09
2.101011631339133601e-07
0.000000000000000000e+00
4.521132623835910636e-08
2.759294348564367283e-09
0.000000000000000000e+00
2.435987198623479344e-07
7.089785754033073317e-07
1.161471345767495222e-06
0.000000000000000000e+00
0.000000000000000000e+00
0.000000000000000000e+00
0.000000000000000000e+00
0.000000000000000000e+00
0.000000000000000000e+00
0.000000000000000000e+00
0.000000000000000000e+00
0.000000000000000000e+00
0.000000000000000000e+00
0.000000000000000000e+00
0.000000000000000000e+00
0.000000000000000000e+00
0.000000000000000000e+00
3.148817206977128080e-09
2.312400511073064990e-07
1.855449127674546617e-08
1.686370154629912577e-07
0.000000000000000000e+00
0.000000000000000000e+00
3.999438433766044909e-07
0.000000000000000000e+00
0.000000000000000000e+00
0.000000000000000000e+00
0.000000000000000000e+00
4.092158860657946207e-07
4.923973229153943976e-09
0.000000000000000000e+00
9.617943247386406824e-11
5.123946156260217322e-09
1.188398144336133555e-07
2.805181198439754553e-09
5.109279666015709154e-09
6.784327524655964226e-06
0.000000000000000000e+00
2.638591212189567159e-08
7.406215729588438990e-08
6.782387540482659460e-09
6.217678039099894249e-10
5.633968402918299034e-09
1.437827540939906612e-05
8.028700904105789959e-08
0.000000000000000000e+00
1.929627846397607982e-10
0.000000000000000000e+00
5.638416951114777476e-07
0.000000000000000000e+00
3.328218811660121901e-09
0.000000000000000000e+00
8.231671699832077138e-07
1.385701466460886877e-06
0.000000000000000000e+00
5.823284909833859047e-11
0.000000000000000000e+00
3.775410262196743361e-10
1.143178052220861218e-10
2.596027393053645937e-09
2.575483222244656645e-07
0.000000000000000000e+00
1.181107194270225591e-07
4.473946830785280326e-07
2.176194335845593741e-08
1.809937231200819951e-07
7.671619783877758891e-08
2.357779216310973425e-08
1.723639897477369232e-08
8.592383892391808331e-06
5.555218649533344433e-07
0.000000000000000000e+00
0.000000000000000000e+00
2.179344164687790908e-06
3.342218633406446315e-06
6.727260029038006905e-07
1.247434965989668854e-06
8.171802079459666857e-08
3.987618697465222795e-07
0.000000000000000000e+00
2.426857008686056361e-07
1.240584310835401993e-06
1.778542824126816413e-08
4.607653920629672939e-07
5.460401197865394352e-08
4.576556875690585002e-07
2.444029121306812158e-07
5.038630135345556482e-08
0.000000000000000000e+00
0.000000000000000000e+00
4.112962415092624724e-08
9.363519666294450872e-07
7.122467877707094885e-07
4.882421578145113017e-09
4.899977645855813080e-10
4.030557363421394257e-07
3.089352503593545407e-06
0.000000000000000000e+00
5.831587657212367048e-09
1.441542053726152517e-06
0.000000000000000000e+00
2.314289986315998249e-07
0.000000000000000000e+00
0.000000000000000000e+00
3.946754815326025678e-12
0.000000000000000000e+00
8.031405762665144721e-09
7.744149321808890818e-09
2.906682823322626064e-07
7.170109483922715299e-08
0.000000000000000000e+00
0.000000000000000000e+00
0.000000000000000000e+00
0.000000000000000000e+00
0.000000000000000000e+00
0.000000000000000000e+00
4.982918966334182187e-09
0.000000000000000000e+00
6.849690148413856150e-09
0.000000000000000000e+00
0.000000000000000000e+00
0.000000000000000000e+00
0.000000000000000000e+00
0.000000000000000000e+00
8.224366077058675728e-09
2.014526899074553512e-06
4.603522452129027442e-09
1.578779460942314472e-06
0.000000000000000000e+00
0.000000000000000000e+00
1.592713715581339784e-06
0.000000000000000000e+00
4.346699142843135633e-07
0.000000000000000000e+00
0.000000000000000000e+00
0.000000000000000000e+00
0.000000000000000000e+00
6.729419688156212942e-09
6.461911450372781474e-09
0.000000000000000000e+00
0.000000000000000000e+00
1.412811534429181393e-09
0.000000000000000000e+00
4.019730770465912428e-09
0.000000000000000000e+00
3.877776322269710363e-08
0.000000000000000000e+00
0.000000000000000000e+00
4.483951876466107933e-09
7.747414265679708478e-09
0.000000000000000000e+00
1.257242558949656086e-07
4.810931955034902785e-07
0.000000000000000000e+00
0.000000000000000000e+00
0.000000000000000000e+00
9.115381782720533010e-10
0.000000000000000000e+00
3.525651592894973874e-08
2.521287569834385067e-06
4.842653424930176698e-07
3.380564717048173407e-09
0.000000000000000000e+00
2.630565809624840767e-08
0.000000000000000000e+00
9.634910469458191073e-08
2.851201275078096842e-09
9.072570250623357424e-09
2.537105991962107510e-08
7.484257658063597773e-09
5.708171713081355847e-09
2.770445872712912205e-09
7.930593959315501706e-09
2.867404873541090637e-06
2.001219598923853482e-07
0.000000000000000000e+00
1.360764834146266367e-08
3.743398480082760216e-08
9.186533702632004861e-07
0.000000000000000000e+00
0.000000000000000000e+00
1.121979398277517248e-08
2.209178256995514289e-10
2.118220931990322242e-09
0.000000000000000000e+00
0.000000000000000000e+00
0.000000000000000000e+00
9.288395830253648455e-09
2.837759360829750221e-08
6.452101963816403440e-09
4.371880191200716581e-09
4.868156433524006843e-10
2.076550799756660126e-06
1.287780037273478229e-06
1.658592509556910954e-06
4.541374437394551933e-06
2.464289821091369959e-07
1.037210586218861863e-05
4.693610662798164412e-06
5.192524099584261421e-07
5.625368544315278996e-07
1.111736310122068971e-06
1.452434389648260549e-06
3.325898887851508334e-06
5.773643341200340728e-09
1.353383936475438531e-06
7.958419701026286930e-06
0.000000000000000000e+00
6.571092967533331830e-07
4.764742129736987408e-07
9.940081326931249350e-07
3.707222617777006235e-08
2.810934418562283099e-08
5.885904208469128207e-09
1.182754772344196681e-06
2.538249930239544483e-07
9.040628690115681820e-09
0.000000000000000000e+00
4.076389004126212967e-08
0.000000000000000000e+00
0.000000000000000000e+00
1.177606577584811021e-06
0.000000000000000000e+00
7.197237295031300164e-08
6.170868118715588935e-07
0.000000000000000000e+00
3.310337559625509130e-09
4.471428560748336167e-09
8.259746664407430217e-09
1.967675444802807760e-07
0.000000000000000000e+00
3.050175507723906776e-07
0.000000000000000000e+00
0.000000000000000000e+00
0.000000000000000000e+00
0.000000000000000000e+00
0.000000000000000000e+00
2.919426655978440976e-08
0.000000000000000000e+00
0.000000000000000000e+00
6.862492796244623605e-07
4.141542149227461778e-07
0.000000000000000000e+00
0.000000000000000000e+00
0.000000000000000000e+00
4.138205333958921983e-09
0.000000000000000000e+00
3.506423524868296226e-07
0.000000000000000000e+00
0.000000000000000000e+00
0.000000000000000000e+00
1.135002536400975259e-09
0.000000000000000000e+00
0.000000000000000000e+00
0.000000000000000000e+00
5.541420655674755835e-09
6.427155252453076173e-09
1.394922372055518167e-10
1.559152451591216959e-08
0.000000000000000000e+00
4.599588765419326819e-11
1.642298852466694825e-09
1.127745327678120191e-10
5.919835732726141941e-10
0.000000000000000000e+00
0.000000000000000000e+00
4.985176005334324145e-08
5.250136609902256168e-07
1.567490244269720279e-07
0.000000000000000000e+00
2.347217142872892737e-10
2.998415993715752847e-06
0.000000000000000000e+00
1.244951641776737006e-10
9.661151878503915214e-09
0.000000000000000000e+00
7.237662202896899544e-08
0.000000000000000000e+00
6.992934231675462797e-09
1.820156967369257472e-06
0.000000000000000000e+00
0.000000000000000000e+00
0.000000000000000000e+00
1.390836690262631237e-08
5.684670512096090533e-09
0.000000000000000000e+00
0.000000000000000000e+00
3.279563713931565871e-07
8.871629653128820792e-09
0.000000000000000000e+00
2.174357227602286002e-08
3.548832616662167538e-10
9.157495206579824298e-09
8.877886870095608174e-09
8.408356677591655171e-09
2.639829688177997014e-07
0.000000000000000000e+00
0.000000000000000000e+00
0.000000000000000000e+00
3.205037657494358427e-08
0.000000000000000000e+00
0.000000000000000000e+00
1.718979181219992824e-09
1.927350057329135780e-09
0.000000000000000000e+00
0.000000000000000000e+00
4.420512400571396938e-09
1.311446681029337924e-06
0.000000000000000000e+00
0.000000000000000000e+00
1.269325366592966020e-06
3.035510731663748629e-09
4.397885111639965316e-10
2.230221562982137584e-09
0.000000000000000000e+00
0.000000000000000000e+00
3.150796601403271779e-08
1.568306942645314450e-11
0.000000000000000000e+00
5.000538862987013999e-07
8.187194566744437907e-07
0.000000000000000000e+00
0.000000000000000000e+00
3.387236517937708413e-07
0.000000000000000000e+00
2.012533251161130465e-09
1.147221873054604657e-09
0.000000000000000000e+00
0.000000000000000000e+00
2.421210343328539238e-09
0.000000000000000000e+00
2.238757356581855262e-12
0.000000000000000000e+00
6.364535981573382628e-11
0.000000000000000000e+00
3.869703446568451000e-10
0.000000000000000000e+00
0.000000000000000000e+00
0.000000000000000000e+00
2.460548431670872560e-09
5.029352578844736854e-08
8.244377909250033554e-07
4.410659570908137539e-08
4.023640030936803669e-06
6.011587174725718796e-06
1.312370272898988333e-06
4.935540687256434467e-07
1.401696181346778758e-06
5.302375427618244430e-09
7.172140158218098804e-06
0.000000000000000000e+00
3.934105450298375217e-07
6.266527179832337424e-06
0.000000000000000000e+00
1.568488272596368915e-07
1.738796072459081188e-06
2.461905346251569426e-08
4.889153260023704206e-08
2.123189517533319304e-07
2.717742697555536324e-09
1.063863919625873677e-06
0.000000000000000000e+00
1.877084855550492648e-06
8.212501967364005395e-08
0.000000000000000000e+00
6.545428163917677011e-07
5.302792374095588457e-07
4.367740302768652327e-07
0.000000000000000000e+00
1.322279786108992994e-06
5.753143028641716228e-08
3.893121629516826943e-07
0.000000000000000000e+00
2.619031214123879181e-08
0.000000000000000000e+00
1.254667267858167179e-06
7.110006094990239944e-08
2.194138204458795371e-09
1.341773668173118494e-06
1.499352286771227227e-08
4.113267948469001567e-08
8.218091238632041495e-07
0.000000000000000000e+00
3.532567802722041961e-07
2.363979900721346894e-09
3.192640747329278383e-07
0.000000000000000000e+00
1.072167465920870200e-09
0.000000000000000000e+00
2.069417881500612566e-08
0.000000000000000000e+00
2.146691852056292760e-11
6.150054354669975964e-10
8.726763062183451325e-11
3.329384412609215360e-08
0.000000000000000000e+00
0.000000000000000000e+00
0.000000000000000000e+00
0.000000000000000000e+00
0.000000000000000000e+00
3.852661123460165982e-08
2.982441316135009401e-08
4.300655831457333989e-08
3.757585318453493528e-06
4.043099632866642423e-09
8.290569439850514755e-07
0.000000000000000000e+00
1.952164874197137578e-09
1.758634793347368941e-09
3.710641127696590047e-09
0.000000000000000000e+00
1.206773504236480221e-06
0.000000000000000000e+00
5.881925169148871646e-09
0.000000000000000000e+00
0.000000000000000000e+00
0.000000000000000000e+00
0.000000000000000000e+00
0.000000000000000000e+00
1.483919920275411641e-08
0.000000000000000000e+00
2.446481062179373112e-07
2.174937785426322989e-09
2.157956373594061006e-07
3.091875200311733352e-09
6.512468075925426092e-07
0.000000000000000000e+00
2.189015759768153657e-07
4.701859779743244871e-06
6.991498047170807695e-09
0.000000000000000000e+00
0.000000000000000000e+00
0.000000000000000000e+00
0.000000000000000000e+00
3.311517504656080746e-09
0.000000000000000000e+00
1.713755110044345997e-10
0.000000000000000000e+00
0.000000000000000000e+00
1.887411258394422475e-07
0.000000000000000000e+00
0.000000000000000000e+00
0.000000000000000000e+00
1.633027393865837951e-11
0.000000000000000000e+00
0.000000000000000000e+00
0.000000000000000000e+00
0.000000000000000000e+00
2.565688994593529060e-09
1.990577125354775490e-08
0.000000000000000000e+00
2.299154422402693854e-09
0.000000000000000000e+00
0.000000000000000000e+00
0.000000000000000000e+00
0.000000000000000000e+00
6.454605738781538093e-09
1.970717145027833794e-09
0.000000000000000000e+00
0.000000000000000000e+00
0.000000000000000000e+00
0.000000000000000000e+00
0.000000000000000000e+00
0.000000000000000000e+00
1.513442149381205581e-09
0.000000000000000000e+00
0.000000000000000000e+00
0.000000000000000000e+00
0.000000000000000000e+00
0.000000000000000000e+00
1.497384771731447017e-09
3.993174235716878684e-09
3.633963160609710030e-06
3.786401293837116100e-06
0.000000000000000000e+00
4.120293439768829558e-08
0.000000000000000000e+00
0.000000000000000000e+00
0.000000000000000000e+00
0.000000000000000000e+00
1.635400082022897550e-07
1.490185308483660265e-09
0.000000000000000000e+00
8.159298126031444554e-09
1.447051403147270321e-07
6.035312249963453723e-09
0.000000000000000000e+00
0.000000000000000000e+00
6.888178027963931527e-09
4.706443568203155792e-10
0.000000000000000000e+00
0.000000000000000000e+00
5.829019045222594286e-08
2.539259185141418129e-06
0.000000000000000000e+00
4.010382781416410580e-06
3.841558626760388506e-09
4.475581849572307647e-10
1.449255978513974696e-05
3.925641522073419765e-06
3.721312111792940414e-07
0.000000000000000000e+00
7.938698445286718197e-07
0.000000000000000000e+00
1.142957330557692330e-06
3.546924517650040798e-06
7.760934863654256333e-07
1.995425691347918473e-07
2.200325042167605716e-07
1.427158906608383404e-07
1.591598675076966174e-06
1.062305045707034878e-06
6.467835191870108247e-07
1.858664973042323254e-06
1.410764696174737765e-07
5.738804702559718862e-07
2.544120647485215159e-08
4.006785303545257193e-08
1.993020930513011990e-07
2.613392098282929510e-06
1.149813826373247139e-07
1.787189916058196104e-07
0.000000000000000000e+00
2.844364814791333629e-07
4.348068216586398194e-07
0.000000000000000000e+00
0.000000000000000000e+00
1.752375666796979203e-08
0.000000000000000000e+00
4.158482624916359782e-07
5.848706408073667262e-08
0.000000000000000000e+00
9.414385715444950620e-09
1.338635174930047356e-10
8.848457468957349192e-07
2.742030957847418904e-08
0.000000000000000000e+00
0.000000000000000000e+00
1.057738927556783892e-07
1.768082256603520364e-06
8.176256471870146925e-08
3.303294704437576002e-08
0.000000000000000000e+00
0.000000000000000000e+00
3.890968436337516323e-09
7.131338719545965432e-08
1.283638653148955200e-07
1.716294804054996348e-07
0.000000000000000000e+00
0.000000000000000000e+00
9.664398703534970991e-07
0.000000000000000000e+00
3.849616181383908042e-09
0.000000000000000000e+00
5.457432905586756533e-08
0.000000000000000000e+00
8.634970072307623923e-09
0.000000000000000000e+00
2.040351665399953163e-09
2.358220108078512567e-08
2.675064934010151774e-06
0.000000000000000000e+00
0.000000000000000000e+00
5.355515142468902923e-09
1.202543415956824902e-07
2.333520541242251056e-07
0.000000000000000000e+00
5.511290623871900607e-07
6.751491810064180754e-07
9.893432206808938645e-07
0.000000000000000000e+00
0.000000000000000000e+00
1.623506662440377113e-09
0.000000000000000000e+00
0.000000000000000000e+00
0.000000000000000000e+00
0.000000000000000000e+00
0.000000000000000000e+00
3.472094611822740262e-09
4.879008486113889376e-08
0.000000000000000000e+00
3.329644471250503557e-07
9.009375503410410602e-07
4.175336130174400751e-07
6.666696350521306158e-08
1.447305862711800728e-06
0.000000000000000000e+00
0.000000000000000000e+00
1.404958371864495348e-09
1.122928949826018652e-08
0.000000000000000000e+00
0.000000000000000000e+00
8.192135858564597584e-09
2.527356102177691355e-09
8.829308839608529524e-09
0.000000000000000000e+00
1.615771266783028182e-10
0.000000000000000000e+00
0.000000000000000000e+00
1.168908436710580645e-08
0.000000000000000000e+00
7.836561621843429748e-09
1.791140985529793284e-10
0.000000000000000000e+00
0.000000000000000000e+00
0.000000000000000000e+00
0.000000000000000000e+00
4.620309823621937539e-07
0.000000000000000000e+00
6.269455354868114227e-08
0.000000000000000000e+00
4.080698943198513007e-07
0.000000000000000000e+00
0.000000000000000000e+00
1.277633998597593745e-09
8.118256622502428854e-10
2.562482004364596833e-09
0.000000000000000000e+00
4.564783395721860870e-08
7.395148382549621147e-10
9.792943345132698596e-09
0.000000000000000000e+00
0.000000000000000000e+00
0.000000000000000000e+00
2.293943368592010756e-10
4.703511802262028141e-09
5.811045298287353944e-07
0.000000000000000000e+00
2.183053204873885988e-08
8.775887655465552939e-11
1.939451099719491367e-10
5.335595076871868514e-09
8.579262300578704981e-11
7.831595372209676498e-10
4.374435536025345073e-11
2.003934129746198778e-09
5.503932243300369009e-07
3.194692288488454324e-09
0.000000000000000000e+00
6.150681883809738792e-07
7.793707013092898706e-09
0.000000000000000000e+00
7.837852535885758698e-07
1.597741174919065088e-06
9.460289220442064106e-06
9.645355021348223090e-07
2.534228769945912063e-06
2.230263589808600955e-06
3.474860022834036499e-06
6.854016305624099914e-07
2.515921096346573904e-06
0.000000000000000000e+00
1.880325157799234148e-07
8.419423807026760187e-07
1.065056835614086594e-06
5.922092327637074050e-07
8.231121562118914881e-09
8.135058919833682012e-07
1.073151025821061921e-07
1.065810010913992301e-06
7.239265187308774330e-08
1.594041876273877278e-08
3.220262954073405126e-07
0.000000000000000000e+00
1.630395596308176209e-09
2.321304918950772844e-06
2.653583131007053453e-08
1.198101102772852755e-07
3.130053372046859295e-08
2.976844371005427092e-08
5.715886874924080985e-09
8.291546578220732044e-07
0.000000000000000000e+00
2.688215516855052556e-08
6.093982207744375046e-09
1.883987188477931340e-08
2.207997873426847946e-08
0.000000000000000000e+00
2.113899633116034238e-08
5.155602167405959335e-09
0.000000000000000000e+00
0.000000000000000000e+00
7.803650419191399124e-07
0.000000000000000000e+00
0.000000000000000000e+00
0.000000000000000000e+00
0.000000000000000000e+00
0.000000000000000000e+00
0.000000000000000000e+00
1.242053258465602994e-06
0.000000000000000000e+00
0.000000000000000000e+00
0.000000000000000000e+00
2.387104069967449504e-09
0.000000000000000000e+00
0.000000000000000000e+00
8.265881312752298982e-09
0.000000000000000000e+00
8.550499330794991693e-08
0.000000000000000000e+00
0.000000000000000000e+00
0.000000000000000000e+00
0.000000000000000000e+00
7.396495504963240819e-08
0.000000000000000000e+00
9.781999210645153653e-09
0.000000000000000000e+00
3.346933619141623240e-09
3.327611963754861790e-08
0.000000000000000000e+00
8.368258619384505437e-08
1.384489252131970716e-07
4.640328954419459251e-10
0.000000000000000000e+00
0.000000000000000000e+00
7.891025575190724339e-07
1.082495981741260493e-09
0.000000000000000000e+00
0.000000000000000000e+00
0.000000000000000000e+00
7.151939929173067867e-09
0.000000000000000000e+00
2.641741048137191683e-07
0.000000000000000000e+00
0.000000000000000000e+00
0.000000000000000000e+00
0.000000000000000000e+00
1.666542601697074133e-07
6.185887913012777517e-10
4.012552778931421926e-08
0.000000000000000000e+00
9.583528282064435189e-08
2.048996528003499407e-08
0.000000000000000000e+00
2.134989962598865532e-10
5.082982479365227846e-09
0.000000000000000000e+00
0.000000000000000000e+00
0.000000000000000000e+00
0.000000000000000000e+00
0.000000000000000000e+00
1.345336073654834763e-07
0.000000000000000000e+00
1.121727155606322412e-09
1.705884739022778263e-11
0.000000000000000000e+00
5.105269451632921118e-08
0.000000000000000000e+00
0.000000000000000000e+00
1.899375412506287830e-08
4.150413693282395400e-11
0.000000000000000000e+00
0.000000000000000000e+00
4.693307201208973822e-11
0.000000000000000000e+00
1.243643077408762565e-09
0.000000000000000000e+00
4.258285724034749364e-09
0.000000000000000000e+00
4.965903688258777038e-09
4.033997136332345690e-09
3.536651149715908105e-08
1.723214210214152331e-10
1.877123239832356738e-12
0.000000000000000000e+00
2.057449544068390423e-09
3.114673745585605502e-07
1.474088406894225045e-09
0.000000000000000000e+00
5.165007532781373811e-09
1.647553427019943229e-09
4.183876356478322123e-09
0.000000000000000000e+00
0.000000000000000000e+00
7.811346187935885865e-12
5.354781507094230619e-09
1.275285155255545533e-10
0.000000000000000000e+00
0.000000000000000000e+00
5.592050711378249161e-10
9.295172631595960411e-09
0.000000000000000000e+00
1.128600235489329862e-08
9.623854602125447855e-09
2.193746340140023676e-08
1.274480521118448451e-08
6.256050824049452785e-07
1.477149567108426709e-07
5.560267357651582643e-09
0.000000000000000000e+00
7.091374527590232901e-07
5.106558731426957820e-09
6.018957719788886607e-06
0.000000000000000000e+00
4.108168525362998480e-07
7.614277706124994438e-07
2.033619921348872595e-06
1.172537167803966440e-06
1.967255247592447631e-09
4.167809947830392048e-06
7.494271869745716685e-09
4.697956228483235464e-07
5.874320322618586943e-06
1.357119685962970834e-06
3.106423775989242131e-07
2.545717734392383136e-07
2.673689323273720220e-07
8.170258638529048767e-07
2.400781795586226508e-07
1.804966558438536595e-07
1.637294673173528281e-07
1.480346440985158551e-06
3.063170197492581792e-07
3.629299669682950480e-07
5.127318218001164496e-06
2.733558801537583349e-07
0.000000000000000000e+00
0.000000000000000000e+00
0.000000000000000000e+00
1.662725246376339783e-08
4.059053537730505923e-09
9.283152735406474676e-07
8.311413779438225902e-09
0.000000000000000000e+00
0.000000000000000000e+00
6.053328394095558451e-10
1.098825652690038623e-08
4.208564163832306804e-09
0.000000000000000000e+00
0.000000000000000000e+00
1.175218926618981641e-06
1.269955021143687190e-07
0.000000000000000000e+00
2.798180105401115725e-07
4.644632678463267439e-09
0.000000000000000000e+00
9.087774088811784168e-09
1.774370872453800985e-07
8.245901739201144665e-08
0.000000000000000000e+00
1.303781829165018280e-07
0.000000000000000000e+00
7.304376214989360960e-09
0.000000000000000000e+00
3.285075322878583393e-09
0.000000000000000000e+00
4.039315104620300190e-09
0.000000000000000000e+00
0.000000000000000000e+00
8.931738015860446467e-09
9.936551350619993173e-07
0.000000000000000000e+00
9.304510051322267827e-09
2.672510959200735670e-07
2.230080440313031431e-07
0.000000000000000000e+00
0.000000000000000000e+00
0.000000000000000000e+00
1.829662998886760761e-08
3.952038696297677234e-09
1.135510174776754866e-08
0.000000000000000000e+00
0.000000000000000000e+00
1.019180917438688994e-08
0.000000000000000000e+00
1.778798036866646726e-06
1.871840709100069944e-06
8.843756282850279149e-10
0.000000000000000000e+00
2.444621111444278405e-12
0.000000000000000000e+00
0.000000000000000000e+00
5.135303737802132673e-09
4.280150456281717197e-09
0.000000000000000000e+00
0.000000000000000000e+00
0.000000000000000000e+00
0.000000000000000000e+00
0.000000000000000000e+00
2.565987642810796387e-06
4.330515057660022649e-09
8.310077070916577213e-09
0.000000000000000000e+00
1.656848098718910478e-07
5.692369313692324795e-07
2.371904628262200276e-07
8.068457901799774845e-08
4.712867962552991230e-08
1.813515268622722942e-06
2.762748749773891177e-07
0.000000000000000000e+00
6.327269943540159147e-07
0.000000000000000000e+00
0.000000000000000000e+00
0.000000000000000000e+00
0.000000000000000000e+00
4.635809958131176245e-08
0.000000000000000000e+00
6.503026384052645881e-08
0.000000000000000000e+00
0.000000000000000000e+00
0.000000000000000000e+00
0.000000000000000000e+00
0.000000000000000000e+00
0.000000000000000000e+00
0.000000000000000000e+00
0.000000000000000000e+00
0.000000000000000000e+00
0.000000000000000000e+00
0.000000000000000000e+00
1.196452625862320929e-08
6.559368159742007265e-09
8.821645636203356844e-09
1.429134033337220444e-09
9.684512747298867907e-09
0.000000000000000000e+00
1.194354354083770886e-06
7.311778205121299834e-08
1.445636002017636201e-07
0.000000000000000000e+00
0.000000000000000000e+00
0.000000000000000000e+00
0.000000000000000000e+00
1.860323450841860904e-08
1.137204552748016795e-09
6.853893008695877143e-09
1.187413989356400634e-08
3.927697207473102026e-07
2.572490700458729407e-07
1.350826295265505905e-07
4.619528581883969309e-08
4.027297677566821221e-07
5.191084184730243578e-08
0.000000000000000000e+00
0.000000000000000000e+00
1.042365397552202921e-06
7.180996817623963580e-06
2.841821924448595382e-07
3.587967682960879756e-07
4.744606485473923385e-07
0.000000000000000000e+00
4.075439790085511049e-07
1.486460803334921366e-07
5.605492958693503169e-08
3.704922733049897943e-07
1.326647748101095203e-06
2.763569682429078966e-06
3.532259595928621820e-09
7.498702103703180910e-08
3.985576313425553963e-08
5.456155319216726696e-11
1.729020908669554046e-07
0.000000000000000000e+00
4.948596910026026308e-08
2.084899222154490417e-07
9.894454677805697429e-08
1.591434170222782996e-06
6.344905045807536226e-09
4.381583806889466359e-08
7.275090041503062821e-08
6.348247483245472722e-10
1.098268782584455039e-07
5.801471303357175202e-09
3.322281600048881955e-06
0.000000000000000000e+00
6.929046207915234845e-07
4.257310060040708777e-09
2.586138769800072623e-08
0.000000000000000000e+00
1.116777892384845927e-09
0.000000000000000000e+00
3.827795858057925216e-09
3.837525071048730751e-07
0.000000000000000000e+00
2.149670876860909630e-07
1.778943925501152989e-08
9.294410006077669095e-07
0.000000000000000000e+00
0.000000000000000000e+00
0.000000000000000000e+00
5.742491637761304446e-08
0.000000000000000000e+00
5.648670420299595207e-09
0.000000000000000000e+00
9.187257177245555795e-08
4.684023391376967993e-09
0.000000000000000000e+00
0.000000000000000000e+00
0.000000000000000000e+00
0.000000000000000000e+00
6.594470747245395614e-09
0.000000000000000000e+00
3.786713165254695923e-08
1.709340224920197215e-09
7.366626864069303338e-09
1.295642482190828559e-10
0.000000000000000000e+00
2.184413148142994032e-07
2.615274885542362426e-09
0.000000000000000000e+00
0.000000000000000000e+00
0.000000000000000000e+00
8.150673025397736637e-09
0.000000000000000000e+00
2.592884698060515802e-07
2.325043935158532804e-09
0.000000000000000000e+00
0.000000000000000000e+00
0.000000000000000000e+00
3.444072527170050080e-10
0.000000000000000000e+00
4.317877255743951537e-08
0.000000000000000000e+00
0.000000000000000000e+00
1.344069655573321143e-08
1.528082016477583238e-08
0.000000000000000000e+00
2.535403211822995218e-07
0.000000000000000000e+00
0.000000000000000000e+00
5.706348282785711490e-09
1.233703983416489791e-07
0.000000000000000000e+00
0.000000000000000000e+00
0.000000000000000000e+00
1.963265283677628759e-08
2.702171375545958654e-09
0.000000000000000000e+00
0.000000000000000000e+00
0.000000000000000000e+00
9.553588853350447607e-08
0.000000000000000000e+00
1.904523543316827272e-07
1.658673625115625327e-07
0.000000000000000000e+00
4.275612752735469257e-09
3.439962092954829131e-09
0.000000000000000000e+00
7.467607865407899226e-09
0.000000000000000000e+00
0.000000000000000000e+00
4.869405989538222457e-10
5.865638197377620600e-09
4.652799745485936000e-08
1.069355576310826450e-10
0.000000000000000000e+00
0.000000000000000000e+00
0.000000000000000000e+00
2.278587540871512829e-09
0.000000000000000000e+00
1.207268729430666099e-09
1.238281157611709205e-07
7.884388253387442091e-09
9.633751005821977742e-07
8.245865323885936959e-09
1.476646048104157671e-06
1.772511737385684683e-08
0.000000000000000000e+00
5.265947947918903083e-06
7.872992682678159326e-06
3.416096205910434946e-06
0.000000000000000000e+00
1.061862576534622349e-06
2.122060323017649353e-06
1.576774138811742887e-06
3.624900500653893687e-06
6.252025741559918970e-07
2.858158820728817773e-09
1.273795987799530849e-05
2.552823161749984138e-07
1.918360936770113767e-07
0.000000000000000000e+00
1.173771693174785469e-06
0.000000000000000000e+00
3.887388629664201289e-06
6.651338821939134505e-07
5.408442120824474841e-07
0.000000000000000000e+00
1.098801703847129829e-06
3.761123707590741105e-06
0.000000000000000000e+00
1.746876421293563908e-08
0.000000000000000000e+00
0.000000000000000000e+00
9.708552184406471497e-09
6.639644425376900472e-07
0.000000000000000000e+00
5.246697742933292830e-09
5.945668846152329934e-08
3.921124402950226795e-07
0.000000000000000000e+00
4.758147653660671494e-09
1.979357300285755628e-08
6.640893275289272424e-07
4.353729252670746064e-07
1.496460455552295343e-10
4.807164799558449886e-08
0.000000000000000000e+00
0.000000000000000000e+00
3.635663503587238665e-08
0.000000000000000000e+00
0.000000000000000000e+00
2.785733421717395686e-08
8.985374222447717329e-09
0.000000000000000000e+00
1.991549680724347127e-07
0.000000000000000000e+00
1.329265160165959969e-06
2.487577610565949726e-08
9.710370107995913713e-08
1.887548251033877023e-08
0.000000000000000000e+00
0.000000000000000000e+00
8.507040405447696685e-08
4.281801224692571850e-08
0.000000000000000000e+00
2.974807600253370765e-08
9.791940869252613311e-11
0.000000000000000000e+00
0.000000000000000000e+00
0.000000000000000000e+00
1.560108216835942585e-06
5.556556104124865669e-09
8.597596661275019869e-07
7.046745622574235313e-07
0.000000000000000000e+00
0.000000000000000000e+00
3.699436135207179177e-08
0.000000000000000000e+00
5.587556639596868990e-09
0.000000000000000000e+00
0.000000000000000000e+00
1.087883383377175051e-08
0.000000000000000000e+00
0.000000000000000000e+00
0.000000000000000000e+00
2.187373553397264914e-07
0.000000000000000000e+00
0.000000000000000000e+00
8.837453435717179673e-09
0.000000000000000000e+00
0.000000000000000000e+00
0.000000000000000000e+00
0.000000000000000000e+00
0.000000000000000000e+00
0.000000000000000000e+00
1.909870483984832390e-09
0.000000000000000000e+00
0.000000000000000000e+00
2.931128761929358006e-08
0.000000000000000000e+00
0.000000000000000000e+00
1.528355937807646114e-06
0.000000000000000000e+00
0.000000000000000000e+00
2.456740048728534020e-06
2.883326146729814354e-07
2.595423254092565912e-08
1.255371695485507644e-09
1.268448546198897020e-08
0.000000000000000000e+00
8.050887068122847268e-09
5.696940488797430646e-11
0.000000000000000000e+00
1.588002263019916427e-08
0.000000000000000000e+00
0.000000000000000000e+00
0.000000000000000000e+00
4.110606255380844232e-07
3.195385716026066802e-07
7.909738286571155186e-08
3.074969168181951318e-09
0.000000000000000000e+00
0.000000000000000000e+00
1.931876214555927618e-09
0.000000000000000000e+00
2.578212274784164038e-07
2.469460298470949056e-07
5.447359896493253473e-08
0.000000000000000000e+00
9.283569468720997975e-09
8.988633837248016789e-09
7.258621081973615219e-08
2.188814640646796761e-08
1.342013888461224269e-06
0.000000000000000000e+00
0.000000000000000000e+00
3.636570681919693016e-06
0.000000000000000000e+00
1.460063913327758200e-06
4.811432585682950958e-09
3.063087490318139317e-07
4.639156543362332741e-07
1.481587901253078599e-06
1.014852932712528855e-05
0.000000000000000000e+00
1.160133678013153258e-07
3.257235334785946179e-07
7.998762612260179594e-07
1.234839004382592975e-07
3.502435959035210544e-07
4.808744620277138893e-07
1.673328675622087758e-08
4.411076837129712658e-09
3.549739062691514846e-07
1.635202693250903394e-07
7.789949130199147476e-09
7.337482010871809734e-11
8.299992373395070899e-07
8.509253035526853637e-08
5.933205216024362016e-07
0.000000000000000000e+00
1.017917412582391989e-07
1.642402196466719033e-07
0.000000000000000000e+00
3.555473071514825278e-08
6.356835058340948308e-09
0.000000000000000000e+00
4.716063983778440161e-07
8.697679021452131565e-09
0.000000000000000000e+00
1.981230525416322052e-06
5.578959516583381628e-08
2.807867938159347432e-09
0.000000000000000000e+00
0.000000000000000000e+00
7.756380426826581242e-09
0.000000000000000000e+00
3.686220440002330179e-09
4.042046839458635077e-07
4.284223450667923316e-06
4.611311510416271631e-08
1.186124904961616267e-07
1.859201681497779646e-08
0.000000000000000000e+00
1.877197917110606795e-07
0.000000000000000000e+00
0.000000000000000000e+00
4.879010475633549504e-07
2.119193154292986492e-10
1.310874075954870932e-09
1.272558100562370953e-11
0.000000000000000000e+00
5.942966171262886732e-12
0.000000000000000000e+00
0.000000000000000000e+00
6.067826685551835908e-09
6.245141292993139359e-09
6.238954686210718137e-09
0.000000000000000000e+00
2.891045483011112083e-07
4.380028340023045530e-09
2.146292171767427703e-10
0.000000000000000000e+00
6.606492764416223296e-15
1.664639870391226850e-09
0.000000000000000000e+00
9.077735896312333352e-09
0.000000000000000000e+00
3.716298735412237875e-08
8.956944839155767113e-07
3.660297176466542624e-09
0.000000000000000000e+00
0.000000000000000000e+00
8.581072741264961223e-09
2.277396493610694961e-09
1.102671287611656226e-10
0.000000000000000000e+00
0.000000000000000000e+00
0.000000000000000000e+00
0.000000000000000000e+00
0.000000000000000000e+00
0.000000000000000000e+00
0.000000000000000000e+00
2.274727535223064478e-07
0.000000000000000000e+00
0.000000000000000000e+00
0.000000000000000000e+00
0.000000000000000000e+00
1.110707970042312809e-08
0.000000000000000000e+00
0.000000000000000000e+00
0.000000000000000000e+00
3.878218635122721025e-09
1.075323918797721490e-08
0.000000000000000000e+00
8.687135277796187438e-08
0.000000000000000000e+00
0.000000000000000000e+00
0.000000000000000000e+00
0.000000000000000000e+00
0.000000000000000000e+00
4.095437322604311703e-10
0.000000000000000000e+00
0.000000000000000000e+00
0.000000000000000000e+00
0.000000000000000000e+00
9.892108892017859034e-07
0.000000000000000000e+00
1.134468341490446619e-08
0.000000000000000000e+00
0.000000000000000000e+00
2.047460014864554978e-07
1.913483815840777424e-09
3.405128956579517308e-10
0.000000000000000000e+00
0.000000000000000000e+00
0.000000000000000000e+00
8.608296298007189762e-08
0.000000000000000000e+00
2.105681407016390949e-09
0.000000000000000000e+00
0.000000000000000000e+00
7.635072130085518438e-09
0.000000000000000000e+00
2.931779707893156228e-09
4.825198729463409109e-08
0.000000000000000000e+00
0.000000000000000000e+00
0.000000000000000000e+00
0.000000000000000000e+00
2.370520224559413691e-09
6.410413107005297206e-07
0.000000000000000000e+00
0.000000000000000000e+00
0.000000000000000000e+00
0.000000000000000000e+00
9.449175664144604525e-09
7.713497751637987676e-08
4.709131928848364623e-07
3.053824570997676346e-07
3.491523159482312622e-08
3.706930783664574847e-06
0.000000000000000000e+00
6.425256628972420003e-07
1.965205001397407614e-06
2.200407038799312431e-07
3.568201009329641238e-06
4.845864864932991622e-08
3.454436239280767040e-07
2.526266200675308937e-07
1.449854948987194803e-06
9.694339553334430093e-08
9.673163958723307587e-08
8.494178160844967351e-08
2.669148670975118876e-06
0.000000000000000000e+00
5.984274480397289153e-07
1.715505515420545635e-09
5.236793185758870095e-07
3.110865520739025669e-07
0.000000000000000000e+00
3.704822004735319751e-09
7.004564150925318700e-10
6.162011456645188900e-10
8.811109353246138198e-08
1.363284354738425463e-06
3.897929978791125905e-09
4.102644481918105157e-07
8.288061508210375905e-07
0.000000000000000000e+00
5.830853524457779713e-07
3.254289993037673412e-08
1.272704821531078778e-07
0.000000000000000000e+00
4.865381697527482174e-08
0.000000000000000000e+00
1.906912984850350767e-06
1.218543388858961407e-06
9.694263169990335882e-09
1.134391368395881727e-05
0.000000000000000000e+00
1.050418863002278158e-09
2.825569334063970928e-09
0.000000000000000000e+00
0.000000000000000000e+00
2.185892356010299409e-07
1.667892632895018323e-07
0.000000000000000000e+00
2.153907843194247107e-07
3.368881493770459201e-07
1.456335763094784852e-08
0.000000000000000000e+00
1.182678510680545969e-09
3.563835226927380972e-09
5.968254224164581956e-10
3.644717416761977802e-09
0.000000000000000000e+00
0.000000000000000000e+00
0.000000000000000000e+00
7.223417810564569663e-07
0.000000000000000000e+00
1.418441115674795583e-07
0.000000000000000000e+00
7.655420120045164367e-08
1.994463971755067178e-08
6.852396836620755494e-07
0.000000000000000000e+00
0.000000000000000000e+00
1.304853031180996936e-10
0.000000000000000000e+00
0.000000000000000000e+00
0.000000000000000000e+00
5.275462626741500571e-07
3.934001142624765635e-07
0.000000000000000000e+00
2.816608741795789683e-07
5.544317787098407280e-07
9.249638388553194090e-09
6.022177423403718421e-09
4.904283912310347660e-08
0.000000000000000000e+00
1.112975756001333139e-08
0.000000000000000000e+00
0.000000000000000000e+00
5.335497821334911350e-09
0.000000000000000000e+00
4.910652862122333318e-08
0.000000000000000000e+00
1.129757265516673215e-07
0.000000000000000000e+00
1.129001702793175355e-06
0.000000000000000000e+00
0.000000000000000000e+00
7.524252509938378353e-07
0.000000000000000000e+00
2.246868916699895635e-06
1.820839123922723957e-08
6.583137235338654136e-08
3.134706050289537416e-09
7.462600315477629920e-09
0.000000000000000000e+00
1.487259027044274262e-08
2.752005734407703130e-08
0.000000000000000000e+00
0.000000000000000000e+00
3.778064971982075804e-09
3.367163969869579887e-07
0.000000000000000000e+00
0.000000000000000000e+00
3.214297272791100113e-09
2.724107517337870377e-08
3.538494219856858081e-10
2.841741419956633763e-08
0.000000000000000000e+00
1.296817686124995816e-06
8.019788722002374470e-10
1.969601726159453392e-06
1.232261155337255332e-07
2.096960294295513449e-08
0.000000000000000000e+00
0.000000000000000000e+00
0.000000000000000000e+00
7.000875257290317677e-07
1.638192799191529048e-07
0.000000000000000000e+00
1.301411742815616890e-07
0.000000000000000000e+00
2.903251015595742501e-06
0.000000000000000000e+00
3.569365958355774637e-07
4.976685730184726708e-09
5.677249781399495987e-09
1.007090677518363009e-08
7.251314855238888413e-07
1.544763250649339170e-08
4.734951319917968249e-10
0.000000000000000000e+00
4.953446008926221111e-08
0.000000000000000000e+00
1.155176176936834054e-09
3.838156015234517326e-09
8.707812249042490294e-09
0.000000000000000000e+00
8.123674319904239383e-07
9.307462356389351044e-09
0.000000000000000000e+00
0.000000000000000000e+00
0.000000000000000000e+00
1.964511966434656642e-06
0.000000000000000000e+00
0.000000000000000000e+00
5.045119433333411507e-09
1.071795630025462742e-08
0.000000000000000000e+00
7.337754293068599054e-10
8.001765916532121992e-10
1.908374430703574376e-10
2.963978147363377502e-07
0.000000000000000000e+00
9.069344386603006569e-09
0.000000000000000000e+00
0.000000000000000000e+00
0.000000000000000000e+00
0.000000000000000000e+00
0.000000000000000000e+00
0.000000000000000000e+00
0.000000000000000000e+00
0.000000000000000000e+00
0.000000000000000000e+00
8.197101664109140984e-09
1.073739099410886411e-06
5.969518213078117697e-08
2.233698115361448799e-09
0.000000000000000000e+00
1.712257713393228187e-08
7.442361749099291046e-08
9.496448569734639022e-07
0.000000000000000000e+00
0.000000000000000000e+00
6.915149008968057842e-10
0.000000000000000000e+00
3.059704340557800606e-06
0.000000000000000000e+00
5.876166824236861430e-07
4.926967562823847402e-07
0.000000000000000000e+00
5.939602587545778078e-09
7.528329071249117987e-09
8.993759209596774440e-11
0.000000000000000000e+00
5.744532245444133878e-07
0.000000000000000000e+00
0.000000000000000000e+00
0.000000000000000000e+00
0.000000000000000000e+00
0.000000000000000000e+00
0.000000000000000000e+00
0.000000000000000000e+00
4.684072507643577410e-07
0.000000000000000000e+00
0.000000000000000000e+00
0.000000000000000000e+00
9.990187566089048232e-10
0.000000000000000000e+00
6.059677843950339593e-07
4.794941332875168882e-09
0.000000000000000000e+00
0.000000000000000000e+00
3.612717014433997065e-09
2.295327661272494879e-08
3.593879398522403790e-07
2.727848225081430655e-10
0.000000000000000000e+00
2.403562904262912525e-09
1.195918919449923123e-08
0.000000000000000000e+00
1.803491578300508991e-08
5.104995580040849745e-06
2.375975100221694447e-06
1.880127626918692840e-07
2.682907336293283151e-07
9.605180650851252722e-09
2.715553080179233802e-07
1.438880531168251764e-06
2.134216174454195425e-06
1.914883390741195512e-10
2.885163439714233391e-06
2.634208584595398861e-08
1.813076693224502378e-07
9.798654900805559009e-06
7.615734176624755492e-08
9.417613000550772995e-06
4.619512310455320403e-06
0.000000000000000000e+00
1.136134031298752234e-07
1.466365688429505099e-06
9.173956527774862479e-07
1.755636134248561575e-07
6.367150717778713442e-07
8.703832463652361184e-07
2.819018391164718196e-06
2.515891139864834258e-08
1.203074475597532000e-07
6.466868853749474511e-07
3.476217794520786164e-12
3.374079540208185790e-07
9.547808765830723132e-09
1.236509319824108388e-06
1.962682816269989416e-08
4.080199289546726504e-08
1.027076905302237719e-06
7.656925649079937557e-10
1.355865464347516536e-07
6.063613167128778514e-09
0.000000000000000000e+00
8.220665108638058882e-07
2.048952723043839796e-07
1.991740550266740684e-09
9.780709575579749071e-09
9.886922214263904607e-08
7.062691320669500783e-09
0.000000000000000000e+00
3.272570268109120661e-07
0.000000000000000000e+00
0.000000000000000000e+00
0.000000000000000000e+00
2.008490040950050570e-09
8.731857903399031784e-09
2.136719468026626600e-09
3.753847579446301097e-07
0.000000000000000000e+00
9.695004798970785487e-09
0.000000000000000000e+00
6.044762130841263570e-07
1.467211774297538796e-07
2.283212507947496306e-09
5.210066333916074655e-08
3.986898207131162053e-07
0.000000000000000000e+00
1.022591256116811564e-08
1.560856048854475375e-07
1.274268583983939607e-07
1.159241662662680028e-07
5.201245016905886587e-07
0.000000000000000000e+00
2.243825747427763417e-07
5.485669163363127154e-08
0.000000000000000000e+00
2.586970367701724172e-06
7.168300175663944174e-09
0.000000000000000000e+00
0.000000000000000000e+00
3.985601626510515416e-09
0.000000000000000000e+00
0.000000000000000000e+00
0.000000000000000000e+00
0.000000000000000000e+00
0.000000000000000000e+00
0.000000000000000000e+00
0.000000000000000000e+00
0.000000000000000000e+00
0.000000000000000000e+00
0.000000000000000000e+00
0.000000000000000000e+00
0.000000000000000000e+00
2.429499978973126417e-08
7.037533666931494736e-09
2.094793899232172407e-06
5.765072863539444370e-09
0.000000000000000000e+00
8.277115881583085866e-09
0.000000000000000000e+00
1.936662386015086668e-08
4.977796841387771565e-09
9.656580424177718669e-09
3.654967528632369067e-08
6.609907288179783791e-09
0.000000000000000000e+00
0.000000000000000000e+00
0.000000000000000000e+00
0.000000000000000000e+00
4.942102282967653082e-09
7.525647660600043309e-09
9.490520369581645355e-08
0.000000000000000000e+00
0.000000000000000000e+00
0.000000000000000000e+00
0.000000000000000000e+00
0.000000000000000000e+00
0.000000000000000000e+00
0.000000000000000000e+00
1.093408855012967251e-06
5.769514928033459000e-07
7.515486011300254177e-09
4.097310920769814402e-06
9.136124390352051705e-08
9.135595178122457583e-07
8.646447895443998277e-07
7.688861387578072026e-07
2.627106823638314381e-06
5.097916755403275602e-07
1.183389827019709628e-06
1.414051098436175380e-06
7.437876661242626142e-07
2.417347033656369604e-08
5.858202598574280273e-07
3.037268697880790569e-06
5.226701915717058000e-08
2.655990272160124732e-07
0.000000000000000000e+00
9.140013048636319581e-07
1.521176500318688340e-07
0.000000000000000000e+00
2.787029131923191017e-07
8.647353055835083069e-09
5.075340254734328482e-07
0.000000000000000000e+00
0.000000000000000000e+00
8.218250968639040366e-09
0.000000000000000000e+00
9.033019523485563695e-07
2.867622139746117682e-09
0.000000000000000000e+00
2.956629163719526332e-09
2.850421232380995207e-08
1.366723040518991183e-06
0.000000000000000000e+00
8.103540949377929792e-09
8.485069997732352931e-07
7.714013428028465569e-09
0.000000000000000000e+00
6.258332518882525619e-07
1.091436008238133581e-08
1.680681634752545506e-06
3.469347348072915338e-06
0.000000000000000000e+00
2.443612956426477467e-08
0.000000000000000000e+00
0.000000000000000000e+00
0.000000000000000000e+00
3.600123310576464064e-09
5.379118661608117691e-08
2.056967041141888330e-09
0.000000000000000000e+00
2.628377238078627443e-10
0.000000000000000000e+00
3.335881126886874881e-09
0.000000000000000000e+00
2.377433702349662781e-06
3.682054883213936591e-09
0.000000000000000000e+00
0.000000000000000000e+00
6.196293611537839752e-08
1.428536067216157335e-09
3.884218244820658583e-07
1.152685613625692440e-09
6.379082151397597045e-08
4.003735565305532873e-09
0.000000000000000000e+00
0.000000000000000000e+00
4.421334409698829404e-09
0.000000000000000000e+00
0.000000000000000000e+00
5.932317748147397651e-09
7.852737904379125666e-10
0.000000000000000000e+00
2.388332309699592315e-10
0.000000000000000000e+00
1.921379071470608046e-12
3.691832262120442465e-07
2.227532291954048560e-07
0.000000000000000000e+00
1.779734970508428660e-10
0.000000000000000000e+00
0.000000000000000000e+00
4.251795804322000549e-09
2.081693289968100657e-10
6.867606572313889046e-08
3.423306971228612383e-09
1.110868197429226711e-08
0.000000000000000000e+00
1.677696218393975869e-06
9.978196047200071916e-09
2.019629086191798706e-08
7.835333271088984475e-09
5.311859041512434487e-08
3.450331931276195974e-08
0.000000000000000000e+00
1.126387516592330940e-08
7.093275655734032625e-08
1.239279640685708728e-06
1.147298098658211529e-05
1.609499349797260948e-06
4.297602629321772838e-07
7.983156251611944754e-07
0.000000000000000000e+00
6.212311998154973480e-09
1.152842372675877414e-07
0.000000000000000000e+00
3.279164957348257303e-06
9.205185733662801795e-07
7.452636907601117855e-08
1.462587704281759216e-07
1.457852079056465300e-07
9.361771162730292417e-07
0.000000000000000000e+00
3.079084649471042212e-07
3.198186959707527421e-07
2.284947342445775575e-08
1.217155354282795088e-08
5.123518498351131711e-09
5.880074809283541981e-07
4.140208620384555616e-09
4.333290348768059630e-07
2.429451626539957942e-07
0.000000000000000000e+00
0.000000000000000000e+00
2.355537320752887354e-09
1.516541558999051631e-08
0.000000000000000000e+00
0.000000000000000000e+00
8.453602049485198222e-07
6.206705815969826290e-09
1.986858819691406097e-07
1.239404845421177015e-08
1.627841861306933424e-08
1.859107179313923552e-08
5.269295044740829326e-08
7.622450226563159958e-09
3.470154865681251977e-07
0.000000000000000000e+00
4.011931650893529877e-06
1.810443883698553691e-08
0.000000000000000000e+00
8.259396054199896753e-06
2.466909734266664600e-07
5.785015559922612738e-07
0.000000000000000000e+00
1.715310418148874305e-07
0.000000000000000000e+00
1.264111347154539544e-06
5.162635208222354777e-09
3.060364406337612309e-09
7.977707241479947697e-07
7.667487977869313909e-08
6.476629899054842099e-09
5.533370206478593900e-09
5.252369419395108707e-07
5.770073585154023021e-06
2.929247671090706717e-07
0.000000000000000000e+00
1.199190137413097546e-06
1.812933163591878838e-07
5.315533599059563130e-06
0.000000000000000000e+00
2.302331836290250067e-07
1.057044755725655705e-05
1.002298901653375651e-07
1.030710095051290409e-08
1.388107406796734722e-09
6.635596605519822333e-07
1.295533024858741555e-06
3.361511602406608290e-08
8.498299308712375932e-08
2.158812776542617939e-06
0.000000000000000000e+00
4.934982200666127028e-09
0.000000000000000000e+00
1.046455588848971274e-09
1.455072720091266092e-07
2.622153605358334971e-09
1.531386573105919524e-08
0.000000000000000000e+00
2.644989308464573696e-06
1.095572088161134161e-06
1.128564917962648906e-06
8.619253435426799115e-07
2.872914137697080150e-07
7.489348945455276407e-07
0.000000000000000000e+00
0.000000000000000000e+00
1.090273235604399815e-05
2.171274937623479673e-09
4.528697559180727694e-07
0.000000000000000000e+00
5.133238119015004486e-07
0.000000000000000000e+00
1.415406014615427921e-08
1.017504942524283251e-07
7.213469643829739653e-08
0.000000000000000000e+00
5.513725298555982590e-08
0.000000000000000000e+00
2.273505970151745714e-07
2.855108789390214952e-07
1.477620603651530473e-08
0.000000000000000000e+00
4.895483485256590939e-08
0.000000000000000000e+00
0.000000000000000000e+00
0.000000000000000000e+00
0.000000000000000000e+00
0.000000000000000000e+00
4.417862271566264099e-07
2.582815916696290515e-08
0.000000000000000000e+00
3.938978032635986892e-10
1.952179573549983616e-08
3.084267063968582079e-09
4.646246907213935629e-06
0.000000000000000000e+00
4.375407769430239568e-08
0.000000000000000000e+00
2.682074839999160076e-10
2.906122517742915079e-06
0.000000000000000000e+00
2.032017931696827873e-07
4.970091893596872978e-09
0.000000000000000000e+00
7.444342031703854445e-09
0.000000000000000000e+00
1.702117629065469373e-07
0.000000000000000000e+00
1.661033195432537468e-07
8.545700325157667976e-07
2.046686176981893368e-06
1.814907761854556156e-07
6.386422640725086808e-11
3.014688900293549523e-06
8.741490660213457886e-07
6.598219783882086631e-07
9.637664106776355766e-07
3.662677938720548809e-09
2.575385224190540612e-06
1.401943904966174159e-06
1.704708267880050698e-07
8.102737325543785118e-08
5.473717479276274389e-08
0.000000000000000000e+00
0.000000000000000000e+00
4.488942408897855785e-07
1.984577693292521872e-07
7.363512910529834699e-09
3.326239834677835461e-07
2.759171593424980529e-07
0.000000000000000000e+00
2.766551574495679233e-07
1.734636839501035865e-06
9.279818868890288286e-08
2.467745563450307600e-09
1.123352490139950532e-06
0.000000000000000000e+00
3.309962721687043086e-07
1.529278279122081585e-06
1.866459228949679527e-06
0.000000000000000000e+00
1.061961407700096061e-09
2.225368234576308168e-06
9.428005043332632340e-10
2.211220540004887880e-09
0.000000000000000000e+00
0.000000000000000000e+00
4.261461867827165406e-07
8.256292871600123817e-10
1.349634015657130703e-10
1.904921331785658367e-09
2.546773316680628341e-07
2.702271046928217402e-07
0.000000000000000000e+00
2.500807454453024548e-07
0.000000000000000000e+00
0.000000000000000000e+00
6.176453126727210474e-09
3.768297229811423676e-09
6.012991438097969876e-09
2.614549110546704469e-08
9.507978404599271016e-09
0.000000000000000000e+00
1.308287437495891936e-06
0.000000000000000000e+00
7.415766667406842316e-09
0.000000000000000000e+00
4.288359605197911151e-07
4.234459893837083655e-09
0.000000000000000000e+00
0.000000000000000000e+00
7.334362450706066738e-09
1.748560407577315345e-09
3.105672305991902249e-07
0.000000000000000000e+00
3.248900668495480204e-07
1.363221091565947063e-09
3.020480107807088643e-06
5.404431124844677470e-09
4.702027638359140838e-07
0.000000000000000000e+00
1.798565136823526700e-07
2.309698032831875025e-07
9.627894925756663724e-09
1.371471913813593346e-08
1.094436925086483825e-06
7.719708761122490159e-10
3.701655714394291863e-06
4.798366859404268325e-08
9.945689605217467033e-09
9.722850968785223813e-09
1.089142301680112723e-06
8.497847375110723078e-06
1.751512172631919384e-06
6.824586307629942894e-06
0.000000000000000000e+00
5.726299434627435403e-09
1.126273048157599987e-07
6.353980097628664225e-06
2.400970743110519834e-06
1.613484073459403589e-06
2.455709591231425293e-07
2.128160332404149813e-07
8.608921575614658650e-07
1.602029897185275331e-06
0.000000000000000000e+00
0.000000000000000000e+00
3.970242357098641151e-09
1.325774519500555471e-06
3.423787120482302271e-07
2.132816945277227205e-08
4.728147473542776424e-08
9.927480277838185430e-07
3.037546036921412451e-08
5.145714112586574629e-07
2.882505441448302008e-06
0.000000000000000000e+00
1.014457552628300618e-06
0.000000000000000000e+00
0.000000000000000000e+00
5.944495740095590008e-08
1.145756201026415511e-08
0.000000000000000000e+00
4.501981152316147927e-07
5.913883271979614165e-10
2.561086489549779799e-07
0.000000000000000000e+00
2.800926495183375664e-07
0.000000000000000000e+00
1.087766108298637846e-07
2.912820207257027505e-08
3.094089834121405147e-06
0.000000000000000000e+00
7.128264645217541329e-09
0.000000000000000000e+00
0.000000000000000000e+00
7.798321099983240856e-09
4.739142980270116823e-07
1.710264996290788986e-07
8.507524285050749313e-07
2.852534430886066730e-09
2.882636636059032753e-07
1.704375973687888290e-09
2.696279999270245753e-08
0.000000000000000000e+00
0.000000000000000000e+00
2.052520642337185564e-08
7.055913187059559277e-09
0.000000000000000000e+00
2.464312309768956766e-09
0.000000000000000000e+00
4.081637805519733320e-12
4.373906961063767085e-07
0.000000000000000000e+00
1.082275389308051672e-07
9.164094372238196229e-09
0.000000000000000000e+00
4.076057180668613000e-08
2.592142500645877590e-09
2.240167759737232700e-06
1.721571329937887640e-08
7.952364100560771476e-09
6.338976010766828040e-09
0.000000000000000000e+00
0.000000000000000000e+00
0.000000000000000000e+00
6.119778017676935633e-09
5.007383396815612286e-09
8.344098745283190510e-08
8.968433107270357141e-09
2.782036545578847608e-10
5.714604611739559914e-08
4.019798272025809638e-09
1.246822378675460641e-08
1.914631866384297609e-06
2.065308812859711907e-08
9.868704076154699578e-09
0.000000000000000000e+00
3.426936956429926795e-09
0.000000000000000000e+00
0.000000000000000000e+00
0.000000000000000000e+00
6.351445147600998098e-09
2.017136040421974030e-07
3.491654965159796120e-09
2.547743171987804089e-08
8.177271304532496288e-09
0.000000000000000000e+00
0.000000000000000000e+00
5.389627411034325632e-09
2.970138357483165237e-09
2.394467912836262258e-07
1.634303181674567895e-08
7.313133210118394345e-08
4.454948339116526768e-07
0.000000000000000000e+00
3.217631501684081741e-06
9.964851415134035051e-07
3.505531864789190877e-08
3.200130826996883115e-09
7.032365942905016709e-07
9.130321387829098967e-08
2.457796277610668767e-08
1.691707218753890629e-08
2.210440008809655410e-08
4.321980284771598235e-08
0.000000000000000000e+00
1.329622591583756730e-06
2.839669299703473371e-08
0.000000000000000000e+00
6.120529150166476029e-08
9.770722044777357951e-07
0.000000000000000000e+00
6.517935080552206273e-09
4.770120298758229183e-09
0.000000000000000000e+00
0.000000000000000000e+00
4.638652626454131678e-06
0.000000000000000000e+00
6.289621268251721631e-08
7.831364428056986071e-07
1.247434653350865119e-07
1.147089676578616491e-07
8.600111982559610624e-07
0.000000000000000000e+00
0.000000000000000000e+00
4.938510755891911685e-07
0.000000000000000000e+00
2.432759629300562665e-07
9.583376758826034347e-09
4.473728054676939792e-09
0.000000000000000000e+00
1.902412671839215363e-09
0.000000000000000000e+00
0.000000000000000000e+00
0.000000000000000000e+00
0.000000000000000000e+00
2.968135515146741454e-09
6.144727837664731851e-09
9.717557425403811067e-09
1.100945024035127062e-08
3.219073452243037536e-09
1.636241253599735046e-09
3.642844603746198118e-08
6.516066353157157209e-09
1.425236928476181220e-09
3.353094157887426263e-08
0.000000000000000000e+00
0.000000000000000000e+00
2.245271389256231487e-06
0.000000000000000000e+00
0.000000000000000000e+00
0.000000000000000000e+00
6.791950113438360859e-09
0.000000000000000000e+00
1.478399358489923543e-08
7.929690792884969142e-10
0.000000000000000000e+00
5.889902787714618171e-09
5.935228752917964812e-09
3.202080023356757010e-08
1.075648512482985097e-07
4.883148108092427719e-09
6.892448833895059579e-10
0.000000000000000000e+00
5.369018651890655747e-08
5.232656619114095520e-08
1.724578702066992264e-09
0.000000000000000000e+00
2.369407781088739284e-08
1.468241862312424928e-06
6.434310861891390232e-09
1.880580358104566585e-09
0.000000000000000000e+00
6.010375273035606369e-06
4.143265286415953597e-09
1.291003304260129880e-08
3.711281282292588912e-09
3.353498811975441640e-07
2.408434118805757862e-09
8.030208498155388952e-09
4.575685963459363848e-08
3.287709660071413964e-06
9.263936284753526706e-09
5.258471901470329612e-06
1.482886435866248576e-08
4.501445882709731450e-09
1.376817948539610370e-07
4.838847189603256993e-08
0.000000000000000000e+00
0.000000000000000000e+00
0.000000000000000000e+00
1.173079056115966523e-07
8.201816854125354439e-06
0.000000000000000000e+00
2.507787826289131772e-07
0.000000000000000000e+00
4.251227281315550499e-08
4.894534555432983325e-08
5.183236506667299182e-09
6.528402536787325516e-06
8.032989171624649316e-07
2.732725192799989600e-07
5.920081207477778662e-07
1.928166071252235270e-09
3.546654454567033099e-07
3.281162719304120401e-07
2.311360503881587647e-06
6.169792641230742447e-07
4.271920417409091897e-08
1.029536491614635452e-07
6.821648668164925766e-08
7.537868662588209645e-10
7.653822819975175662e-08
6.188439760634878439e-10
2.535463750064081978e-07
0.000000000000000000e+00
3.861998720822157338e-08
0.000000000000000000e+00
5.175607498131284956e-08
7.019425538601353765e-07
6.934247842593777023e-09
7.549200375933651230e-09
0.000000000000000000e+00
2.765439148788573220e-06
0.000000000000000000e+00
0.000000000000000000e+00
0.000000000000000000e+00
3.369433727584691951e-07
2.136379180228686891e-06
6.526169613607635256e-07
4.883410298361923196e-08
6.159923486848128960e-06
0.000000000000000000e+00
8.085533664825561573e-08
0.000000000000000000e+00
1.196054881802410819e-07
0.000000000000000000e+00
7.063897466963453553e-09
1.837091367917764728e-09
2.153134346372098662e-06
9.984948867725051969e-09
9.597838079855591786e-09
4.834008393572730711e-08
0.000000000000000000e+00
3.314193364190032298e-08
1.926588133471796027e-08
8.106157167730998481e-08
2.175190729758469388e-07
3.982891794152010334e-10
0.000000000000000000e+00
0.000000000000000000e+00
7.422654846322984667e-08
7.108196768967900425e-07
6.857912353552819695e-07
5.176177637622458860e-07
5.213171405671346292e-08
0.000000000000000000e+00
3.839534556959733891e-08
0.000000000000000000e+00
0.000000000000000000e+00
0.000000000000000000e+00
8.113589160529954825e-07
5.766443766930251513e-09
7.155248060719543446e-10
1.680342975873827527e-08
0.000000000000000000e+00
0.000000000000000000e+00
0.000000000000000000e+00
7.474934449192005559e-09
4.350040683220868232e-08
8.041965315896959510e-07
5.560039095797719710e-09
1.290064091108433786e-07
2.138013543984129683e-09
0.000000000000000000e+00
0.000000000000000000e+00
2.555038634000084130e-07
1.915531910867684928e-08
2.937543985837010041e-09
2.147972244515017337e-09
1.310448283220466692e-08
3.012722871176265471e-08
1.269172571483068168e-07
0.000000000000000000e+00
0.000000000000000000e+00
0.000000000000000000e+00
5.427841642813291401e-07
1.299366569895710199e-08
3.634864853552244313e-09
1.390162118752868992e-08
1.595185210589988856e-07
7.361970801866846159e-07
7.922434406282263808e-07
0.000000000000000000e+00
1.482367366634207428e-07
1.190381127003092843e-09
6.565433977812062949e-06
1.645883855871943524e-07
1.130826149164931849e-06
1.721726050618599402e-07
7.178069267865794245e-07
6.698854804199072532e-08
9.032087291416246444e-07
9.377252467857033480e-07
7.615037489472342713e-09
0.000000000000000000e+00
0.000000000000000000e+00
0.000000000000000000e+00
6.372724570269383548e-09
3.370626302512391703e-07
4.907452222369101946e-11
1.923890824429008717e-09
0.000000000000000000e+00
7.576495590910781175e-07
2.012186506306079536e-08
7.117459954741889305e-09
3.295966166660946328e-08
2.117395894174478599e-07
7.604043616993294563e-09
1.421014417246624362e-06
0.000000000000000000e+00
9.099010185309452936e-07
0.000000000000000000e+00
0.000000000000000000e+00
0.000000000000000000e+00
0.000000000000000000e+00
0.000000000000000000e+00
5.548513648534481035e-09
0.000000000000000000e+00
8.143214103029094986e-09
0.000000000000000000e+00
1.716687734187871683e-07
9.006044479065167252e-07
4.367199224475371011e-08
4.644646889317982641e-09
2.865449033606637386e-08
1.115677946472715121e-06
6.909785188469186323e-09
0.000000000000000000e+00
0.000000000000000000e+00
0.000000000000000000e+00
0.000000000000000000e+00
0.000000000000000000e+00
3.337587202167924261e-07
0.000000000000000000e+00
1.706938368428723152e-09
0.000000000000000000e+00
8.319072097862090232e-10
7.589356698645133292e-09
1.949116722244070843e-06
3.436251461153005948e-08
8.754604263749854454e-10
0.000000000000000000e+00
1.022273599105005815e-09
0.000000000000000000e+00
5.543477898939386250e-10
1.029705813948567084e-07
1.922455616920615284e-08
0.000000000000000000e+00
1.682860739649072457e-09
0.000000000000000000e+00
0.000000000000000000e+00
2.763604811661934946e-08
0.000000000000000000e+00
2.367473772579842262e-09
0.000000000000000000e+00
1.660444226558865921e-09
0.000000000000000000e+00
0.000000000000000000e+00
1.678493344314802016e-09
1.904207902470034242e-09
0.000000000000000000e+00
7.587971362355006022e-10
0.000000000000000000e+00
3.388697678019525483e-08
2.109308525177766569e-06
1.403245590836377232e-07
5.054467777654281235e-08
0.000000000000000000e+00
1.350416482637228910e-06
1.236096863976854365e-06
0.000000000000000000e+00
1.611876314200344495e-06
0.000000000000000000e+00
7.472809215869347099e-07
1.089810695020787534e-07
2.416832103335764259e-07
7.846955973889180314e-09
2.764998043858213350e-07
3.230475220661332969e-09
3.196015541107044555e-07
4.661279362494497036e-08
5.845409418725466821e-07
2.796319842346406404e-09
7.358010645219792423e-09
2.757956849563925061e-07
3.692350674100453034e-07
1.934064130182377994e-06
2.379648833539249608e-07
1.607256649549526628e-06
9.072626205863798532e-09
1.535774885041973903e-08
1.133865001889944324e-08
7.090134204190690070e-07
6.680027127003995702e-07
8.466157552788899920e-09
7.692547043802733242e-09
8.551154229152757580e-11
0.000000000000000000e+00
1.238699042005464435e-06
2.794154738694487605e-07
6.396726259794149883e-09
1.661422714960281155e-07
3.345777432883778602e-09
1.437129981241014320e-06
2.213485572610807139e-07
2.372074314749283985e-09
7.668710821917557041e-08
4.105026221168373013e-07
9.211184703872277169e-08
5.088473287173655990e-08
4.350528968188882573e-07
1.082973568600209546e-07
6.396221885474062674e-10
0.000000000000000000e+00
3.328626610454854529e-11
0.000000000000000000e+00
6.045661393727641553e-07
1.391352033586201742e-10
8.825533193146384292e-09
0.000000000000000000e+00
1.032385843480199128e-09
7.472649166118117137e-09
1.182731912408030439e-09
0.000000000000000000e+00
3.019652305980002893e-09
0.000000000000000000e+00
0.000000000000000000e+00
0.000000000000000000e+00
6.088229920209187185e-09
0.000000000000000000e+00
2.580744951075075733e-09
2.908859375594374796e-09
8.647904614633716847e-09
4.445130930008645009e-09
7.306601101930709774e-09
5.159252539077563426e-11
1.922059039705104055e-10
5.815609771531171646e-09
0.000000000000000000e+00
8.342849078246672434e-09
1.262249771372125906e-08
1.247868919307393298e-09
0.000000000000000000e+00
4.287354027354695063e-09
1.080835687616854557e-08
1.188775300420275016e-08
9.804639766741729545e-09
0.000000000000000000e+00
3.158214800791370180e-10
0.000000000000000000e+00
0.000000000000000000e+00
3.006541196559631146e-11
8.823679564784470131e-09
0.000000000000000000e+00
3.378901602957284922e-09
1.170757286672596820e-07
4.082565840946017488e-09
1.549527950395201970e-09
0.000000000000000000e+00
3.135071979798453867e-09
1.953611231120255809e-11
0.000000000000000000e+00
6.465010304879115210e-09
6.271256403067582141e-09
0.000000000000000000e+00
0.000000000000000000e+00
0.000000000000000000e+00
5.680987680278803964e-09
6.609813585356505428e-09
2.185688785516504140e-08
5.202534847370543503e-09
9.254205401987292134e-09
2.390477593650075505e-09
0.000000000000000000e+00
7.310410499172803611e-09
6.151840636903216364e-08
3.634203826763382494e-09
4.982993129232227147e-09
1.591031306702461734e-08
9.646035969979038782e-09
6.315845180182577678e-09
0.000000000000000000e+00
1.518157333180170099e-08
2.474768962201778777e-06
2.830381333751574857e-07
3.430371720014591119e-08
4.623654490387707483e-07
1.051379967975663021e-06
6.780238663850468583e-07
2.849337533916695975e-06
7.732598987786332145e-07
2.570893116171646398e-07
0.000000000000000000e+00
1.294261267048568698e-07
0.000000000000000000e+00
2.884433172312128590e-07
7.975149429739758489e-09
0.000000000000000000e+00
5.134284037922043353e-07
2.612405625157521172e-09
7.893370401745869458e-09
4.172421483872312820e-07
3.904511686414480209e-06
1.202390080834447872e-06
2.901376638941854935e-10
1.086997508537024260e-05
7.878747965150978416e-08
1.632733619771897793e-05
1.311971420392410437e-09
3.453961561206142505e-09
4.259784969207203176e-09
1.142407128895683854e-07
5.642103317882174451e-08
7.447253480563631456e-09
0.000000000000000000e+00
6.978155511205841321e-07
3.176280793937280578e-09
4.774166484367015073e-08
4.006813867363234749e-07
0.000000000000000000e+00
0.000000000000000000e+00
3.281440683622349752e-07
8.599416290167027910e-09
0.000000000000000000e+00
6.070616009878904151e-09
0.000000000000000000e+00
1.665541149442617552e-09
5.755371734750269752e-10
0.000000000000000000e+00
2.795512266118294065e-09
0.000000000000000000e+00
1.167054008988088754e-09
7.911995503206981084e-09
4.122108876458696614e-09
3.050937724680125029e-09
3.926583502789071645e-09
7.324940654029887810e-11
6.644651051601613290e-09
1.083471712348682559e-08
0.000000000000000000e+00
6.822723008781395038e-08
6.669835794781420191e-09
8.741436019477077934e-09
3.044353935610644157e-10
2.808312444813054753e-07
8.150527364136905817e-09
9.059503369712729182e-09
3.533472181516117416e-08
2.393557796409595539e-09
0.000000000000000000e+00
9.561013314396404894e-09
0.000000000000000000e+00
1.014688564282550942e-07
2.979170243833095810e-09
1.880405831045095510e-09
2.016793398951222116e-09
0.000000000000000000e+00
5.161819860433070062e-10
0.000000000000000000e+00
1.798121829210685974e-08
7.342619401384808953e-09
1.172999058995927157e-10
1.357078360797459027e-08
3.811879700776898972e-10
1.953247448227557470e-07
6.745345217495923862e-06
0.000000000000000000e+00
1.925275494585321212e-10
0.000000000000000000e+00
0.000000000000000000e+00
8.833890952075762470e-09
1.259620763249813535e-08
0.000000000000000000e+00
1.807778637896717555e-08
2.392302800302559262e-09
0.000000000000000000e+00
0.000000000000000000e+00
4.810874809635379279e-09
8.098951980173296761e-07
0.000000000000000000e+00
3.762074207713794749e-09
1.110346747879020768e-08
1.497150514673251109e-09
2.006155241929263866e-09
3.047933433419913740e-11
2.822381084399694373e-08
1.790193593365074776e-08
5.066743824500008486e-07
0.000000000000000000e+00
1.226696713274577633e-05
7.191086126567824977e-08
0.000000000000000000e+00
1.122056687563599553e-06
4.430997250892687589e-06
1.716119413686101325e-06
2.002273049583891407e-07
2.939028433956991648e-07
3.089513256782083772e-06
7.946279190207405918e-09
5.027151871866974986e-12
5.938562708251993172e-07
0.000000000000000000e+00
1.018903162730566692e-06
7.885954111941373412e-09
6.995255716901738197e-07
4.959213697475206573e-07
8.491690550727071241e-08
1.979506869531633129e-08
9.400825717875704868e-08
0.000000000000000000e+00
8.277087348851352999e-10
0.000000000000000000e+00
5.179237941299597026e-11
0.000000000000000000e+00
1.988872071478908765e-07
2.542219364708164786e-13
4.005857423550196472e-09
0.000000000000000000e+00
1.006765089073269337e-07
0.000000000000000000e+00
0.000000000000000000e+00
0.000000000000000000e+00
0.000000000000000000e+00
4.377061380012037262e-09
2.303309626361382811e-10
9.651257570908455818e-09
4.725243751835250805e-09
0.000000000000000000e+00
4.640817223844351247e-06
6.513742079050643952e-08
1.557532591789367871e-08
3.315883123633511786e-09
4.981145593774272129e-07
0.000000000000000000e+00
0.000000000000000000e+00
0.000000000000000000e+00
2.238428805867442861e-06
9.957362046009166079e-09
5.009924919363584195e-08
1.599789301032217281e-09
0.000000000000000000e+00
2.809011245830106418e-09
3.404179382826555411e-09
2.803399512529836102e-09
3.385629998575723221e-09
3.671552576633985154e-06
0.000000000000000000e+00
0.000000000000000000e+00
4.165547906609390338e-09
4.121063028588584087e-13
7.553605740895363851e-09
1.697310523240957991e-07
0.000000000000000000e+00
1.796366966289042466e-08
0.000000000000000000e+00
0.000000000000000000e+00
0.000000000000000000e+00
1.376313036871579243e-07
7.229056908641950940e-09
4.295199751425116119e-09
5.580949480332719759e-09
5.306076644728818792e-08
5.258487476567097474e-07
2.040767839162072050e-07
1.148810611084627453e-06
2.261686177007504739e-06
0.000000000000000000e+00
8.749113931116880849e-07
6.185768484101572540e-07
1.460130079067312181e-07
2.865839121568569681e-07
3.212009858089004410e-07
2.266684173690691750e-09
3.469565967861854006e-07
7.714941574477052200e-08
5.814979608942394407e-09
1.206439890211186139e-07
2.915500374456314603e-07
2.347423333048936911e-06
4.674283715644378390e-08
1.129907118979645020e-07
9.893552643802649982e-09
3.311766638702806631e-09
7.870832519074610900e-07
1.458874294257839210e-06
1.096079927265236620e-06
0.000000000000000000e+00
2.807107411101350536e-12
1.325822267972398549e-06
7.959329906270795618e-08
5.083369387648417614e-07
6.416578823831287082e-09
6.608209091041317151e-09
0.000000000000000000e+00
0.000000000000000000e+00
0.000000000000000000e+00
7.349056918570795460e-09
5.677554870686662980e-09
0.000000000000000000e+00
0.000000000000000000e+00
0.000000000000000000e+00
9.232953068760707538e-09
5.622574406061175978e-09
1.452218469921717769e-07
3.081130444115842693e-07
3.406305779662943678e-07
8.964887499018914241e-09
6.739655589171889005e-08
2.098286877583177557e-08
3.423372349486974997e-11
5.956638915449730121e-08
8.800653539253744384e-10
0.000000000000000000e+00
4.336062064957957318e-10
0.000000000000000000e+00
0.000000000000000000e+00
0.000000000000000000e+00
2.056472214739812898e-10
1.350358758145375759e-07
6.381375214914442040e-07
1.332748755800139406e-08
2.254193942619053814e-09
2.526065134844657223e-09
8.617137003952279883e-10
9.442092441247496026e-09
1.254991444099573528e-09
2.890224379825667711e-07
0.000000000000000000e+00
0.000000000000000000e+00
4.428101441078524658e-09
1.225324240294867195e-06
1.277795558252137198e-08
0.000000000000000000e+00
1.470667698733052475e-09
3.180452567974612066e-10
2.362375850495368468e-09
0.000000000000000000e+00
3.235054224504096965e-09
1.569375358834168566e-11
7.888244224485418954e-11
0.000000000000000000e+00
8.201650469885635175e-10
2.675227539494784423e-10
3.235763323949925052e-10
4.952485976872367246e-09
0.000000000000000000e+00
7.880966990114757209e-10
3.678913174098852323e-09
3.465870479502086710e-09
1.133569043076931848e-07
9.765145358997529001e-10
0.000000000000000000e+00
8.169756537945715991e-11
9.395717537330483538e-10
0.000000000000000000e+00
1.356215051373510505e-08
8.048985922215479150e-10
2.621542150027522666e-10
9.682491475260235347e-10
3.995623387709201779e-09
4.318059687591357942e-09
7.936203916258932622e-10
0.000000000000000000e+00
0.000000000000000000e+00
4.415264811541419476e-07
2.609139926335046766e-08
2.451289837779313530e-09
0.000000000000000000e+00
1.210008576890686527e-06
1.011157912955695792e-08
4.371518613766056660e-08
6.002133012827925995e-09
7.043863825550999991e-10
2.526833409177697831e-09
0.000000000000000000e+00
9.055214356123997277e-09
3.264552406179177524e-09
0.000000000000000000e+00
6.754502290817754329e-09
1.488128620330542162e-09
7.674952895442288536e-10
8.293787686852738261e-06
0.000000000000000000e+00
0.000000000000000000e+00
7.797537060483250571e-10
4.498175165679185739e-09
0.000000000000000000e+00
2.947646127182679265e-09
3.354482025486049679e-09
6.162456145375472261e-08
4.141589293737979460e-09
1.468976329466187281e-10
1.982142947554166312e-07
9.927086352945480030e-08
2.279697541851533060e-09
0.000000000000000000e+00
0.000000000000000000e+00
0.000000000000000000e+00
3.344820254103098023e-10
9.115099786072278221e-10
0.000000000000000000e+00
0.000000000000000000e+00
1.361682211431514133e-09
9.620948482336189045e-09
1.787111458817491894e-09
5.115017298606971963e-10
6.101738225794406389e-09
3.244430835103173649e-10
6.521452746710565407e-07
4.208152688534028130e-07
1.919331822364256368e-07
2.165067343185000937e-07
4.188279376649006736e-07
1.163610363619227428e-06
3.270189949944324326e-07
1.514939413027605042e-06
7.708893434710262227e-08
5.742326081303872343e-08
5.335966193342756014e-07
1.455609299760851627e-09
0.000000000000000000e+00
1.402771054870299849e-08
9.513945542494184338e-08
1.065720951487492130e-07
4.859968427695093851e-08
6.671713492778508225e-08
1.528522641791596470e-09
1.732864689074631315e-06
2.945335211279598298e-07
1.340724753440269978e-09
4.595618108282906178e-09
9.962272997654508799e-07
6.451643219662628326e-09
3.484784238949600876e-09
1.230471391444609708e-09
0.000000000000000000e+00
8.210343516168450151e-09
9.232543618509225780e-09
1.812448289228996146e-07
0.000000000000000000e+00
1.281443978706775511e-10
0.000000000000000000e+00
0.000000000000000000e+00
2.418572453422029866e-09
4.129549893150397111e-07
4.351059956775316095e-08
5.660842905541585424e-09
2.957106781664720074e-11
1.921954595474062444e-09
8.330705902892532322e-09
1.911510505436808671e-09
0.000000000000000000e+00
0.000000000000000000e+00
4.687444321582745488e-10
1.138842464776246288e-09
9.507493103910746868e-08
8.396729145321302212e-11
0.000000000000000000e+00
8.622844660521877813e-10
6.486452264198305784e-09
1.820152029097243940e-09
0.000000000000000000e+00
0.000000000000000000e+00
0.000000000000000000e+00
4.194857439188126591e-08
1.442459591771694249e-07
0.000000000000000000e+00
9.324975458468998113e-09
0.000000000000000000e+00
1.967596530150217404e-09
0.000000000000000000e+00
0.000000000000000000e+00
9.294345204580167774e-08
7.117750833174341096e-09
2.022531120360326895e-08
3.686809293412807165e-07
0.000000000000000000e+00
1.045813064592948649e-06
2.663154585746951852e-09
0.000000000000000000e+00
3.364458791565994034e-07
9.174780046805608436e-09
5.700452998524951909e-09
0.000000000000000000e+00
0.000000000000000000e+00
0.000000000000000000e+00
3.361864259199265348e-11
8.595029576952128991e-09
0.000000000000000000e+00
9.922836996523187736e-10
3.198575182494778346e-09
1.417582495832903078e-09
1.414550894196509034e-07
1.135473937097231101e-08
3.443875185027422958e-09
3.344629817547684070e-08
0.000000000000000000e+00
1.568665752849085493e-10
1.710385499897881800e-09
7.705493132448282267e-09
3.647441682019803011e-09
1.315381936706216948e-08
0.000000000000000000e+00
1.643675062723559677e-08
9.278319623717834475e-08
9.730854344525141641e-08
2.125749576364910354e-09
0.000000000000000000e+00
0.000000000000000000e+00
0.000000000000000000e+00
6.494133799606061075e-07
8.159983622135769110e-08
0.000000000000000000e+00
0.000000000000000000e+00
2.299409743500291370e-06
7.856300499042845331e-07
5.989968077102503230e-09
2.437438411106995773e-07
1.225112811198414420e-07
1.929803659095341573e-07
5.861365615089653147e-09
1.190549312468647258e-07
3.479364130143380862e-09
1.184607967275042029e-07
0.000000000000000000e+00
4.784176610428403364e-08
1.443015804625247256e-07
7.076089758584203082e-08
2.304917074980039615e-07
0.000000000000000000e+00
2.051355494359086151e-07
0.000000000000000000e+00
6.200963742486464980e-09
9.740522727952338755e-06
0.000000000000000000e+00
0.000000000000000000e+00
0.000000000000000000e+00
0.000000000000000000e+00
4.622523752662033303e-10
0.000000000000000000e+00
7.144331704012074624e-08
0.000000000000000000e+00
9.076329132717830817e-10
0.000000000000000000e+00
7.694615611342214834e-09
0.000000000000000000e+00
5.967510929849595414e-09
5.478502274058882904e-08
1.379906189313828691e-10
0.000000000000000000e+00
1.896190315875401211e-09
6.070295377469392406e-09
0.000000000000000000e+00
3.164994488713546161e-09
5.917126699728214589e-08
4.552366816845676567e-11
2.998995496383827231e-09
0.000000000000000000e+00
8.637777992870354637e-11
8.102318815872422419e-09
1.200024107861352718e-10
5.350266452097685033e-09
2.848551616807526443e-08
4.511641904514362977e-08
0.000000000000000000e+00
0.000000000000000000e+00
5.144906367604562547e-07
0.000000000000000000e+00
0.000000000000000000e+00
0.000000000000000000e+00
3.839840800878846494e-08
1.938662563816251350e-09
0.000000000000000000e+00
4.503838504942882237e-14
3.320673735984769337e-10
8.784367082625976764e-07
1.202944730493982206e-07
6.521449491536657206e-10
1.315581954486333416e-07
9.744604540173895657e-06
8.202388213085498592e-10
0.000000000000000000e+00
0.000000000000000000e+00
0.000000000000000000e+00
2.777663432596000348e-09
1.993295750679635603e-09
0.000000000000000000e+00
0.000000000000000000e+00
1.353618467314632312e-10
1.633208845941425125e-11
0.000000000000000000e+00
0.000000000000000000e+00
2.170653101707387123e-10
0.000000000000000000e+00
2.402672727441768075e-09
9.230267661308744209e-10
9.744579587689372602e-10
0.000000000000000000e+00
0.000000000000000000e+00
5.573278283321769777e-09
9.428611669193287526e-09
1.430895624210393180e-09
0.000000000000000000e+00
5.933196711715993388e-10
0.000000000000000000e+00
1.408516192569209124e-09
0.000000000000000000e+00
0.000000000000000000e+00
0.000000000000000000e+00
0.000000000000000000e+00
5.336437958192163933e-10
1.336380450744911741e-10
6.129132756882427202e-10
8.054049871475399414e-09
0.000000000000000000e+00
4.758445859565085811e-10
7.579416205771849491e-09
6.440259991968844133e-10
1.951715872250403550e-10
3.798434899948688326e-09
0.000000000000000000e+00
8.656547478835818765e-09
0.000000000000000000e+00
0.000000000000000000e+00
2.220675376918279653e-08
2.065320927613356616e-07
1.910164968421668164e-07
2.409175525741602542e-09
6.370937111199737046e-09
2.002379595467118634e-09
3.325334887449571397e-07
0.000000000000000000e+00
6.624110824304807466e-07
9.455920491063807276e-08
0.000000000000000000e+00
2.635818646012921818e-06
5.914174749932499253e-08
2.847761777502455516e-07
0.000000000000000000e+00
2.698847083593136631e-07
9.291541118727764115e-07
3.708285021275514737e-07
0.000000000000000000e+00
3.004070379120094003e-07
7.190648965149648575e-09
3.069630110985599458e-06
6.894200765827918076e-08
1.804046519282564986e-06
2.057554553402951569e-07
1.434701289326767437e-06
5.178775186465145453e-09
1.525599060414606356e-07
9.144075647782301530e-07
6.441801360779209062e-06
1.425788269671102171e-07
2.888963734903882141e-08
0.000000000000000000e+00
5.672873157891444862e-07
1.527245413468492075e-10
2.104319207774096867e-07
0.000000000000000000e+00
0.000000000000000000e+00
1.484364367532187146e-11
0.000000000000000000e+00
1.399306226446128676e-10
6.973604360638319122e-09
2.166351009691425133e-08
0.000000000000000000e+00
1.647476750576970517e-07
5.986616091746554957e-09
4.345321324983331124e-11
1.066375321379098295e-09
0.000000000000000000e+00
0.000000000000000000e+00
0.000000000000000000e+00
0.000000000000000000e+00
5.334733828021853697e-07
7.913654620494980918e-09
0.000000000000000000e+00
4.885551518896136258e-09
6.337292468572286452e-09
0.000000000000000000e+00
1.313539499392391008e-08
2.097258260391754447e-07
3.758808020393189508e-08
3.089260189881315455e-07
0.000000000000000000e+00
0.000000000000000000e+00
8.923042749131582241e-09
0.000000000000000000e+00
1.338098172709578648e-06
8.208302233470021747e-07
1.526972255305736326e-07
8.383322480653987441e-09
3.618241350977768889e-08
9.098486937822447551e-13
0.000000000000000000e+00
8.015891839185940171e-10
4.546869547539245104e-09
7.550123859445534436e-10
0.000000000000000000e+00
2.330540382899926044e-06
0.000000000000000000e+00
6.406531838365481235e-07
0.000000000000000000e+00
0.000000000000000000e+00
8.603860734979207336e-09
6.962260989951118972e-09
0.000000000000000000e+00
3.064278075726178940e-08
0.000000000000000000e+00
0.000000000000000000e+00
5.847232920075384754e-09
1.815286698736429116e-09
5.847836064276634715e-07
5.759273946637222252e-09
4.093600569632371844e-09
2.505091600824016496e-08
0.000000000000000000e+00
1.196518951473990455e-06
1.090206296794349328e-06
0.000000000000000000e+00
9.695387461761129089e-07
1.444403892492118757e-06
2.839632315954077058e-06
3.714493743700586492e-07
8.534968287676747423e-07
1.083708866644883528e-06
0.000000000000000000e+00
2.052962145171477459e-06
0.000000000000000000e+00
0.000000000000000000e+00
5.970439360680757090e-07
1.104716034205921460e-06
0.000000000000000000e+00
2.751313331827986985e-06
4.005298706033499911e-06
9.899056019335716883e-10
1.162867988568905275e-07
1.318850991083309054e-06
0.000000000000000000e+00
2.128225702335839742e-07
1.057174081608991401e-08
4.652116274428408360e-07
5.954276502961874940e-07
1.284831654402296408e-07
0.000000000000000000e+00
2.391052476014010608e-07
8.151506335707381368e-06
6.519880746402861860e-10
1.722204245879765949e-08
1.958971651561114413e-09
5.176489707992004696e-07
5.907448752395794145e-08
0.000000000000000000e+00
3.582736241014572443e-08
0.000000000000000000e+00
0.000000000000000000e+00
8.524422696609690320e-07
7.103605259572987052e-09
7.036757665446202736e-07
4.750921220875170548e-07
0.000000000000000000e+00
8.022618125380631682e-09
0.000000000000000000e+00
0.000000000000000000e+00
0.000000000000000000e+00
0.000000000000000000e+00
0.000000000000000000e+00
1.142173644552713085e-08
0.000000000000000000e+00
0.000000000000000000e+00
4.119770302679626184e-09
2.410876609459933206e-09
0.000000000000000000e+00
0.000000000000000000e+00
1.996264681336512581e-10
0.000000000000000000e+00
0.000000000000000000e+00
0.000000000000000000e+00
2.293911172124296627e-10
2.425839966235798784e-06
1.508943303640819522e-09
1.021354112396011260e-09
0.000000000000000000e+00
5.233150357497606819e-09
7.642517374506496708e-08
0.000000000000000000e+00
8.063080758624607824e-11
6.061027679749031449e-09
0.000000000000000000e+00
0.000000000000000000e+00
5.684041237685732995e-09
0.000000000000000000e+00
0.000000000000000000e+00
2.287778022580511106e-10
0.000000000000000000e+00
0.000000000000000000e+00
0.000000000000000000e+00
0.000000000000000000e+00
0.000000000000000000e+00
6.544322861401496993e-09
3.341625358643796062e-07
1.371509625869293814e-07
7.612652730415447877e-09
0.000000000000000000e+00
0.000000000000000000e+00
3.083847399665273770e-09
1.243844693910034493e-09
1.043005468659430335e-07
8.880017610124468774e-09
0.000000000000000000e+00
3.898687168657488655e-07
1.048756845256626491e-10
1.412141301670999383e-07
0.000000000000000000e+00
0.000000000000000000e+00
9.026501324171931628e-09
0.000000000000000000e+00
6.244613270922627635e-09
1.789682513297918831e-09
0.000000000000000000e+00
1.775837393802603970e-10
0.000000000000000000e+00
0.000000000000000000e+00
1.061606440089235548e-06
0.000000000000000000e+00
1.963921505421239999e-07
1.309998367560183397e-07
8.539387530426267858e-10
4.644921114405065055e-10
8.079085844769906544e-09
0.000000000000000000e+00
3.480291965729520598e-08
0.000000000000000000e+00
8.876726553808111930e-08
5.619243736987300508e-09
0.000000000000000000e+00
0.000000000000000000e+00
0.000000000000000000e+00
0.000000000000000000e+00
0.000000000000000000e+00
1.573940866528289462e-09
0.000000000000000000e+00
2.582975933834719129e-12
0.000000000000000000e+00
1.053520604088475920e-09
0.000000000000000000e+00
0.000000000000000000e+00
9.860429139862958436e-10
1.613098654651423658e-09
3.303202156246243248e-09
1.638715940721624520e-09
0.000000000000000000e+00
4.049498514291371976e-09
5.889511101031530416e-09
0.000000000000000000e+00
0.000000000000000000e+00
5.381485534972085816e-11
5.010886525269597769e-06
1.178181960881374835e-07
9.988594484866553103e-08
1.262200868268337217e-07
4.084610623067419510e-07
1.231481121521937894e-07
1.170216705759230535e-06
0.000000000000000000e+00
2.535524004088074435e-07
9.589867744352886803e-08
2.984166030728374608e-06
0.000000000000000000e+00
1.075289048912964063e-07
7.605617469153003185e-08
0.000000000000000000e+00
7.326028139686968643e-08
6.096469551408745247e-09
7.019054919510381296e-07
3.653159996730437342e-09
1.646735228177931276e-07
1.229929353030456696e-06
4.678805254343387787e-08
0.000000000000000000e+00
0.000000000000000000e+00
5.487878297572024167e-06
3.690060879080192535e-08
1.031845158649957739e-06
1.393282559547515120e-06
4.946704734720697161e-07
0.000000000000000000e+00
1.625430172680353280e-06
5.185247786698710115e-10
7.774556820550060365e-07
1.245688991957649705e-07
2.608183669039476626e-09
0.000000000000000000e+00
1.028068408182036819e-09
1.386730730246199528e-09
0.000000000000000000e+00
0.000000000000000000e+00
4.457589568573894212e-07
0.000000000000000000e+00
3.888526389772550829e-09
1.012171679803941515e-09
7.846717164916583442e-10
3.095013880738406442e-07
9.414090840209610178e-09
2.444229210141202202e-07
5.741718656082639427e-09
2.269223841722123325e-06
4.272750402378733270e-07
4.068717363026053135e-09
0.000000000000000000e+00
0.000000000000000000e+00
9.059919534593063872e-07
1.013166661678610581e-09
2.555643163759668823e-08
9.428552383283772542e-10
2.840287834260379896e-06
0.000000000000000000e+00
0.000000000000000000e+00
0.000000000000000000e+00
8.900810755108068406e-09
0.000000000000000000e+00
3.858882990925849299e-09
4.241365036961042279e-09
0.000000000000000000e+00
0.000000000000000000e+00
0.000000000000000000e+00
0.000000000000000000e+00
1.277792804899036128e-08
2.612722260764144266e-09
1.873675242736183577e-10
0.000000000000000000e+00
0.000000000000000000e+00
2.350177830123811873e-09
3.579692986477311933e-08
0.000000000000000000e+00
0.000000000000000000e+00
0.000000000000000000e+00
0.000000000000000000e+00
1.876805129086278612e-07
2.353322543058311567e-06
0.000000000000000000e+00
0.000000000000000000e+00
0.000000000000000000e+00
0.000000000000000000e+00
0.000000000000000000e+00
1.320296205697957248e-09
0.000000000000000000e+00
0.000000000000000000e+00
7.207709984413668280e-09
0.000000000000000000e+00
4.599815284223041090e-08
0.000000000000000000e+00
6.468481750232513150e-09
0.000000000000000000e+00
8.960807207358811866e-09
0.000000000000000000e+00
0.000000000000000000e+00
0.000000000000000000e+00
0.000000000000000000e+00
0.000000000000000000e+00
0.000000000000000000e+00
0.000000000000000000e+00
9.051597771758679301e-06
6.160706167435137104e-09
3.798968606361086131e-08
0.000000000000000000e+00
0.000000000000000000e+00
0.000000000000000000e+00
2.895814077419345267e-06
0.000000000000000000e+00
0.000000000000000000e+00
0.000000000000000000e+00
0.000000000000000000e+00
3.391071246028332098e-08
1.191723719706772044e-09
1.898790287668816745e-06
1.126667381612378449e-08
2.807937562465667725e-07
0.000000000000000000e+00
1.378399616669412353e-07
4.271878708550502779e-07
1.665454192334436812e-06
1.301826810413964086e-12
0.000000000000000000e+00
2.805283472184783022e-08
0.000000000000000000e+00
1.124197524404735304e-06
1.415308670260628787e-08
8.622122891210892703e-07
1.785035124157730024e-07
4.196115899190999698e-09
6.560490817264508223e-08
0.000000000000000000e+00
1.127643045606419037e-07
0.000000000000000000e+00
2.530945550915930653e-07
6.099565325712319463e-06
1.131836846468559088e-08
1.163595109154869078e-09
0.000000000000000000e+00
0.000000000000000000e+00
1.029604391078464687e-06
0.000000000000000000e+00
0.000000000000000000e+00
0.000000000000000000e+00
0.000000000000000000e+00
0.000000000000000000e+00
4.848430990023189224e-09
8.541649094695458189e-07
9.097087527720759681e-09
0.000000000000000000e+00
5.525805368833403008e-10
5.994612362059115185e-09
0.000000000000000000e+00
5.011735026982933050e-09
0.000000000000000000e+00
0.000000000000000000e+00
5.441469053124592392e-09
8.132392537163468660e-09
0.000000000000000000e+00
0.000000000000000000e+00
7.488217157458620932e-09
0.000000000000000000e+00
5.321442841932366719e-09
0.000000000000000000e+00
0.000000000000000000e+00
1.691654372137918472e-09
0.000000000000000000e+00
0.000000000000000000e+00
8.712761068174756929e-10
3.084978175138530787e-07
0.000000000000000000e+00
0.000000000000000000e+00
0.000000000000000000e+00
5.992592200243507250e-09
5.760603660753815802e-10
2.483567795863450556e-10
2.126014815584387208e-11
0.000000000000000000e+00
4.173494438930447359e-09
1.462830141463200562e-07
9.327753502930136165e-08
0.000000000000000000e+00
2.143432320522720147e-09
0.000000000000000000e+00
0.000000000000000000e+00
1.432521878896864109e-10
0.000000000000000000e+00
9.107763432325555186e-09
0.000000000000000000e+00
0.000000000000000000e+00
1.733056706143543124e-05
1.658579162899798121e-09
0.000000000000000000e+00
0.000000000000000000e+00
7.438893590006045997e-08
2.661407272341875796e-08
2.033226476072513833e-09
3.781874813313379491e-09
0.000000000000000000e+00
0.000000000000000000e+00
0.000000000000000000e+00
8.801492867860361002e-09
7.787811506787534199e-10
0.000000000000000000e+00
0.000000000000000000e+00
3.031453088553348607e-09
1.176234998290226486e-09
1.485773903908693683e-08
0.000000000000000000e+00
6.251248407806997420e-09
2.467588910981532990e-10
0.000000000000000000e+00
0.000000000000000000e+00
2.873796312030663103e-09
0.000000000000000000e+00
0.000000000000000000e+00
8.174042420705518452e-08
0.000000000000000000e+00
4.322448177163096261e-08
2.886892325193457509e-08
9.653583532553966506e-08
3.076157994996719935e-08
4.621651896741241217e-07
0.000000000000000000e+00
0.000000000000000000e+00
5.120995751894952264e-07
0.000000000000000000e+00
2.576814495114376768e-06
2.104686274151390535e-07
8.776828569478922759e-11
9.185456661953139701e-08
0.000000000000000000e+00
3.125469731912744464e-07
0.000000000000000000e+00
4.795516019839851651e-07
3.658744418544301880e-09
8.305241827599729731e-09
2.984709510656102793e-07
9.930796522894524969e-07
0.000000000000000000e+00
1.462066578916676463e-09
1.024624118883821211e-08
3.931160463821470330e-08
6.985534928283243516e-10
2.171979263110301872e-09
7.536887096648570150e-07
3.024150316832674434e-07
2.238045198055260698e-07
0.000000000000000000e+00
7.956129977060300007e-09
0.000000000000000000e+00
0.000000000000000000e+00
8.907849569084191899e-09
2.050765335326332206e-09
1.292776801165018696e-06
0.000000000000000000e+00
0.000000000000000000e+00
2.562392964478021895e-08
4.821078203320894318e-09
3.129081562747160206e-07
0.000000000000000000e+00
0.000000000000000000e+00
0.000000000000000000e+00
0.000000000000000000e+00
0.000000000000000000e+00
0.000000000000000000e+00
3.647518198590660177e-08
0.000000000000000000e+00
0.000000000000000000e+00
0.000000000000000000e+00
9.277648871375276940e-09
5.803861835573798089e-09
0.000000000000000000e+00
5.372714326767891180e-07
4.158437103777418153e-14
0.000000000000000000e+00
8.598868284082072933e-09
0.000000000000000000e+00
0.000000000000000000e+00
0.000000000000000000e+00
8.219765312844629079e-09
0.000000000000000000e+00
0.000000000000000000e+00
0.000000000000000000e+00
0.000000000000000000e+00
2.581742153395794048e-09
0.000000000000000000e+00
0.000000000000000000e+00
1.409864136547867020e-08
0.000000000000000000e+00
1.531115345621003598e-09
0.000000000000000000e+00
0.000000000000000000e+00
0.000000000000000000e+00
0.000000000000000000e+00
1.082059553070280344e-09
5.302987560185101756e-08
0.000000000000000000e+00
4.386174090598160547e-09
1.482958538190359832e-07
0.000000000000000000e+00
0.000000000000000000e+00
4.834805622522253543e-07
1.998871645980671019e-08
3.979517657626274740e-07
1.162958824352244847e-06
8.328160383541671763e-11
2.079884922068231390e-07
0.000000000000000000e+00
0.000000000000000000e+00
4.475149850691195752e-08
6.236114700186590198e-07
0.000000000000000000e+00
4.258410626789554954e-06
1.645193314914195071e-08
8.158065725183405448e-07
1.511456559910584474e-07
2.571310915300273336e-07
5.360809751664419309e-08
9.151449376076925546e-09
2.426119971588036606e-09
4.713330170602603175e-09
3.268623686381033622e-06
1.844188318500528112e-06
0.000000000000000000e+00
1.159506155090639368e-06
0.000000000000000000e+00
5.047501872468274087e-06
0.000000000000000000e+00
0.000000000000000000e+00
3.221897415528474085e-08
4.688383459239275908e-09
1.039412040881870780e-07
5.898968424844497349e-07
0.000000000000000000e+00
5.732599284158368391e-09
1.993188725180061738e-09
2.485015784259303473e-07
0.000000000000000000e+00
1.046480804234306561e-07
5.508347555860382272e-09
5.137037017988177467e-09
0.000000000000000000e+00
8.024386710658859556e-10
4.143241749687831543e-09
4.370054682567570126e-07
0.000000000000000000e+00
0.000000000000000000e+00
0.000000000000000000e+00
0.000000000000000000e+00
1.716883133440205711e-07
1.385980485935078832e-08
1.948524674943996615e-09
2.844432911430772037e-09
2.497574200788221788e-07
4.486894766841942328e-08
2.844901425547163853e-09
2.163785062236911472e-08
2.733524695486266864e-07
0.000000000000000000e+00
2.659584108499757349e-09
3.426668948591782282e-09
1.950808403705650562e-08
0.000000000000000000e+00
2.077425023117029923e-07
7.218785569307328842e-09
1.031875399348791689e-06
9.482418406037140812e-09
3.719704123709977051e-13
1.160439524028333835e-06
4.630076766432011937e-09
1.929574864334426820e-07
0.000000000000000000e+00
0.000000000000000000e+00
1.635802249211337767e-08
0.000000000000000000e+00
0.000000000000000000e+00
0.000000000000000000e+00
0.000000000000000000e+00
7.674783725208911278e-11
2.922775799163446209e-09
0.000000000000000000e+00
3.141163162911908557e-10
0.000000000000000000e+00
3.575545193257312349e-08
3.530574943511055608e-08
9.610747753185933107e-09
1.031542751661618240e-06
3.111659907517605461e-08
8.930011244356883537e-12
1.082320636669464875e-06
0.000000000000000000e+00
6.369550078488828149e-07
1.016836503886509036e-09
0.000000000000000000e+00
9.782042980077676475e-07
0.000000000000000000e+00
0.000000000000000000e+00
0.000000000000000000e+00
4.856686359744344372e-07
7.044063750072382390e-07
2.735032644807233737e-09
4.422851702656771522e-07
1.261061015611630864e-07
0.000000000000000000e+00
0.000000000000000000e+00
5.286749455990502611e-07
6.048750389453516618e-10
4.727815028360282668e-09
1.162834564638615120e-06
2.073806903979402705e-09
1.773501594470872078e-06
1.924201171732420335e-07
2.542046928510899306e-08
2.320410175116194296e-07
5.499101618511303968e-09
2.489022108420613222e-07
5.002020575517462930e-09
0.000000000000000000e+00
9.992596687879995443e-07
6.555417257914086804e-07
0.000000000000000000e+00
0.000000000000000000e+00
6.758615000990175758e-09
0.000000000000000000e+00
0.000000000000000000e+00
0.000000000000000000e+00
0.000000000000000000e+00
0.000000000000000000e+00
5.383251178159298433e-09
9.652753263367230829e-09
0.000000000000000000e+00
0.000000000000000000e+00
0.000000000000000000e+00
0.000000000000000000e+00
0.000000000000000000e+00
7.178567202476004994e-12
0.000000000000000000e+00
6.828866503383324016e-07
9.937453526731587772e-09
2.009265864799658630e-09
0.000000000000000000e+00
6.904927886353107169e-06
0.000000000000000000e+00
8.056771250153360597e-09
1.471774591088603756e-09
0.000000000000000000e+00
1.809020886867074296e-06
1.043955322188594437e-08
0.000000000000000000e+00
0.000000000000000000e+00
3.623376598760330580e-10
8.493701670886366628e-07
0.000000000000000000e+00
5.818337811547280580e-09
0.000000000000000000e+00
0.000000000000000000e+00
0.000000000000000000e+00
0.000000000000000000e+00
3.377267354665036692e-10
0.000000000000000000e+00
8.218079550204038242e-09
0.000000000000000000e+00
1.287908446556684794e-08
0.000000000000000000e+00
3.931083902841692179e-09
0.000000000000000000e+00
0.000000000000000000e+00
0.000000000000000000e+00
1.468081878286398023e-09
1.408956773474301372e-08
2.707208679453287914e-09
0.000000000000000000e+00
6.146986999272519014e-12
6.420106757332177949e-08
0.000000000000000000e+00
0.000000000000000000e+00
0.000000000000000000e+00
1.474592608019520412e-07
9.391763811095188430e-09
3.256892284753121203e-07
1.430372208233166020e-06
1.093015384867612738e-06
1.100007580134843010e-06
2.521167061786400154e-07
1.631945707458726247e-07
8.480791393594699912e-07
3.335409530791366706e-07
5.948422199253400322e-08
9.817858170890758629e-08
1.080892729987681378e-06
1.524493427496054210e-06
6.087132220500279800e-08
1.719703141134232283e-05
4.190059854636274395e-09
1.841883943143329816e-07
0.000000000000000000e+00
0.000000000000000000e+00
8.295836018135105405e-09
7.278882776518003084e-07
0.000000000000000000e+00
4.558227146844728850e-07
0.000000000000000000e+00
5.311364681404029398e-09
5.217715326466532133e-08
0.000000000000000000e+00
1.097912094571995567e-09
0.000000000000000000e+00
3.585069352496361716e-09
0.000000000000000000e+00
0.000000000000000000e+00
1.670870375392041751e-08
5.395614266490156297e-08
0.000000000000000000e+00
4.061619041095809735e-09
2.390393882834018768e-09
0.000000000000000000e+00
0.000000000000000000e+00
0.000000000000000000e+00
8.617096480811881065e-10
0.000000000000000000e+00
1.774418478817096911e-07
0.000000000000000000e+00
0.000000000000000000e+00
0.000000000000000000e+00
0.000000000000000000e+00
0.000000000000000000e+00
1.371532054594837291e-10
0.000000000000000000e+00
8.669993611931658961e-09
0.000000000000000000e+00
1.183568798523992882e-08
0.000000000000000000e+00
7.142814411054132506e-07
5.697508242974436143e-09
6.295471699502286356e-09
3.060113273889442098e-10
0.000000000000000000e+00
0.000000000000000000e+00
0.000000000000000000e+00
0.000000000000000000e+00
5.182801743330855970e-09
2.977061619446885743e-08
1.150901880464516580e-06
0.000000000000000000e+00
8.389624106541759829e-09
0.000000000000000000e+00
0.000000000000000000e+00
0.000000000000000000e+00
4.565985364024527371e-06
1.086297487518095295e-07
0.000000000000000000e+00
1.693062188223848352e-07
0.000000000000000000e+00
0.000000000000000000e+00
0.000000000000000000e+00
6.635131888366174735e-10
6.146816531327203847e-07
0.000000000000000000e+00
3.244059021412226684e-09
0.000000000000000000e+00
2.879590113025187748e-07
0.000000000000000000e+00
2.565397494436183479e-08
1.581028974406706311e-09
0.000000000000000000e+00
2.081368393191951327e-07
0.000000000000000000e+00
3.485513957457442302e-07
9.149067281555289810e-09
3.045277594537765253e-07
1.929606341377620993e-08
0.000000000000000000e+00
0.000000000000000000e+00
2.160649188454044634e-07
7.089632276802149136e-07
2.114257313223788515e-06
1.725318412582055316e-07
1.296851621646055719e-07
1.211828415392801617e-08
0.000000000000000000e+00
0.000000000000000000e+00
9.904267628257912293e-09
4.749943549597901438e-09
0.000000000000000000e+00
8.497766046389187977e-09
2.228615382515730658e-11
1.220742604224334116e-11
1.018508214656321798e-06
0.000000000000000000e+00
0.000000000000000000e+00
0.000000000000000000e+00
0.000000000000000000e+00
7.513047073359757633e-09
6.140618324934621342e-08
1.426603120080471854e-07
0.000000000000000000e+00
3.950854088330402192e-10
0.000000000000000000e+00
0.000000000000000000e+00
4.948403353743913158e-10
0.000000000000000000e+00
0.000000000000000000e+00
0.000000000000000000e+00
4.548407428472955871e-09
2.097603157835692400e-07
0.000000000000000000e+00
0.000000000000000000e+00
5.839073224933599704e-09
5.054160978623656320e-10
0.000000000000000000e+00
0.000000000000000000e+00
0.000000000000000000e+00
7.680450941904837237e-09
8.590726352508681885e-09
3.311182217302643949e-09
0.000000000000000000e+00
0.000000000000000000e+00
8.034435694526109728e-08
0.000000000000000000e+00
0.000000000000000000e+00
0.000000000000000000e+00
4.017351784568745643e-09
7.869584983666300104e-09
0.000000000000000000e+00
6.612246039594538161e-08
0.000000000000000000e+00
7.651408395759062842e-07
0.000000000000000000e+00
0.000000000000000000e+00
0.000000000000000000e+00
0.000000000000000000e+00
0.000000000000000000e+00
2.453252001544115046e-08
1.814514316578197395e-09
0.000000000000000000e+00
6.180637251995690917e-11
0.000000000000000000e+00
0.000000000000000000e+00
9.191187810841938699e-10
0.000000000000000000e+00
0.000000000000000000e+00
0.000000000000000000e+00
0.000000000000000000e+00
0.000000000000000000e+00
0.000000000000000000e+00
8.081154412309388135e-09
0.000000000000000000e+00
0.000000000000000000e+00
0.000000000000000000e+00
2.779782404260799922e-09
1.707662846683888347e-07
2.300815232780806241e-10
0.000000000000000000e+00
3.185924191129174687e-09
0.000000000000000000e+00
0.000000000000000000e+00
9.403361644899632665e-09
0.000000000000000000e+00
0.000000000000000000e+00
3.992678045960929012e-07
8.005170311353726476e-12
1.301869815506506711e-06
3.761279458558419719e-06
4.652227744372794405e-06
1.227690091809563455e-07
5.441391337512868631e-09
2.839807962118356954e-07
0.000000000000000000e+00
1.870919641433488323e-09
1.245445673703216016e-06
0.000000000000000000e+00
0.000000000000000000e+00
0.000000000000000000e+00
1.496491464081373124e-08
1.504634610682842322e-06
3.581554608445003396e-07
6.950206170586170629e-07
4.644027455924515380e-07
2.391302977855502832e-08
1.711056825115520041e-06
6.924674380570650101e-07
0.000000000000000000e+00
3.571828344206551265e-08
0.000000000000000000e+00
8.064091616688529029e-08
6.656173212604699074e-08
0.000000000000000000e+00
0.000000000000000000e+00
0.000000000000000000e+00
0.000000000000000000e+00
0.000000000000000000e+00
0.000000000000000000e+00
7.618144337584453751e-09
1.252034422805081704e-07
0.000000000000000000e+00
4.720622504006399822e-11
0.000000000000000000e+00
6.838117769802920520e-06
0.000000000000000000e+00
1.119826453788164144e-08
4.146165910601240512e-10
8.721029232106047857e-09
5.181894913164342142e-09
0.000000000000000000e+00
8.210395918695212458e-09
0.000000000000000000e+00
0.000000000000000000e+00
0.000000000000000000e+00
0.000000000000000000e+00
0.000000000000000000e+00
9.924067789768287184e-09
0.000000000000000000e+00
0.000000000000000000e+00
0.000000000000000000e+00
7.989393679963541217e-08
0.000000000000000000e+00
0.000000000000000000e+00
7.195838591655956407e-09
0.000000000000000000e+00
0.000000000000000000e+00
0.000000000000000000e+00
0.000000000000000000e+00
9.317590254909191572e-09
0.000000000000000000e+00
0.000000000000000000e+00
2.637067231248124699e-10
0.000000000000000000e+00
7.237043742058801854e-10
0.000000000000000000e+00
1.071491606552399389e-08
1.701576546331295958e-09
4.713049506221977936e-09
3.685043736822990468e-08
0.000000000000000000e+00
0.000000000000000000e+00
7.251618416859173522e-09
0.000000000000000000e+00
0.000000000000000000e+00
8.513579174973529007e-09
1.768103032873113989e-07
9.393583582095743623e-07
2.735025983469085986e-09
1.962990836545941420e-07
0.000000000000000000e+00
0.000000000000000000e+00
0.000000000000000000e+00
0.000000000000000000e+00
0.000000000000000000e+00
3.445750351716014848e-09
0.000000000000000000e+00
3.650832969270823014e-09
0.000000000000000000e+00
6.774463212622094943e-09
1.761420207913033664e-06
1.425683837652513830e-08
8.102094106732238288e-09
7.188038466665602755e-07
2.597366410839185846e-08
1.777197722319101558e-09
1.298860907716914426e-09
0.000000000000000000e+00
6.184797674002595613e-10
1.759115519917031634e-08
1.428429108329964947e-08
4.967258249166661699e-08
2.260512474094866775e-06
1.103483704412155930e-08
7.194315809755380542e-09
0.000000000000000000e+00
1.850621629273518920e-06
1.621260459216955496e-08
3.284059175712172873e-06
0.000000000000000000e+00
9.715409277077924344e-08
6.409750952229842369e-09
0.000000000000000000e+00
8.421408210779190995e-07
4.657900021243222000e-08
6.424044407538076484e-09
0.000000000000000000e+00
0.000000000000000000e+00
5.492067245427278976e-09
0.000000000000000000e+00
3.703249262798635755e-09
0.000000000000000000e+00
0.000000000000000000e+00
0.000000000000000000e+00
2.441456203872149899e-10
0.000000000000000000e+00
4.630109906589296997e-10
1.243109295501199085e-07
1.238022491634183098e-06
6.109299647505395114e-06
0.000000000000000000e+00
1.895695476150649483e-07
0.000000000000000000e+00
1.121480597277013658e-08
5.637122768575864029e-09
1.055223020074436135e-09
5.349657072883928777e-08
0.000000000000000000e+00
1.405997295478300657e-06
2.359367590187844144e-09
0.000000000000000000e+00
0.000000000000000000e+00
4.174999457262629221e-09
7.000647173072138685e-09
3.338735723446006887e-06
9.547222568073721050e-09
1.734023369337478471e-09
7.547733993362726324e-09
8.369189785639719048e-10
2.086446215798787307e-08
1.427760043526404843e-08
4.897695475847285707e-07
1.171045660441905056e-08
0.000000000000000000e+00
4.395667758672061609e-07
8.540470020079737878e-08
2.469076605393638602e-07
0.000000000000000000e+00
3.688689576009096527e-09
5.018880866458630408e-10
1.901298674056306481e-06
0.000000000000000000e+00
0.000000000000000000e+00
6.547589581629154054e-09
2.080132954773716847e-09
6.932423701755396905e-08
5.515037315717563615e-09
5.839537209340051049e-08
0.000000000000000000e+00
0.000000000000000000e+00
5.596784702355250829e-10
4.368458039749611999e-09
0.000000000000000000e+00
8.725162814471332240e-09
0.000000000000000000e+00
0.000000000000000000e+00
0.000000000000000000e+00
4.191055325009074295e-08
7.942640434244196967e-10
1.243191505295726529e-08
1.526735502466181060e-07
2.822279725478438195e-07
4.881009729729157698e-08
1.524821016118949046e-07
2.831137824177432094e-10
9.328226155957963783e-07
5.054926077718846500e-08
0.000000000000000000e+00
0.000000000000000000e+00
0.000000000000000000e+00
3.055873492030514171e-07
9.479103724174819945e-09
2.504274789316696115e-06
1.985404729509809840e-09
2.675301686849707039e-07
1.002972567221149802e-06
3.240304913276759180e-09
1.838799676079361234e-06
4.049392288152375841e-08
8.561873414691945072e-07
1.477706916830356931e-07
2.406176369262880144e-09
2.251370432304611313e-07
1.985451358876844097e-09
7.217712436613510363e-07
0.000000000000000000e+00
9.211168716660722566e-09
2.378651231538242428e-07
4.834658895447319082e-09
4.447265951057488564e-07
4.578941172894701594e-07
0.000000000000000000e+00
0.000000000000000000e+00
2.774486063117365120e-07
0.000000000000000000e+00
3.970392903340780322e-10
1.193456853343377588e-07
0.000000000000000000e+00
0.000000000000000000e+00
7.656495437657895309e-10
0.000000000000000000e+00
0.000000000000000000e+00
0.000000000000000000e+00
0.000000000000000000e+00
1.298846807884501686e-09
4.736447345443650647e-10
0.000000000000000000e+00
6.010230979569541887e-09
3.620388433489551971e-10
5.992504825691469250e-10
0.000000000000000000e+00
0.000000000000000000e+00
0.000000000000000000e+00
7.363711862495847527e-10
0.000000000000000000e+00
0.000000000000000000e+00
3.090136480032867894e-11
0.000000000000000000e+00
0.000000000000000000e+00
0.000000000000000000e+00
0.000000000000000000e+00
2.354833883444484854e-09
0.000000000000000000e+00
2.666172171927883028e-09
9.490306069892540108e-07
4.853117907543946785e-09
1.002227900670504823e-08
7.452282346775973565e-08
5.284568516117360559e-08
0.000000000000000000e+00
0.000000000000000000e+00
1.607336486131316633e-08
4.022278343729368544e-10
1.133535709740840502e-09
0.000000000000000000e+00
5.609050113264402171e-09
0.000000000000000000e+00
1.329920062964617955e-10
6.586649003992306461e-09
0.000000000000000000e+00
0.000000000000000000e+00
5.086441046131540134e-09
0.000000000000000000e+00
0.000000000000000000e+00
8.069124035614549939e-09
0.000000000000000000e+00
0.000000000000000000e+00
5.766730648559814654e-09
0.000000000000000000e+00
1.704584140505005507e-09
3.475465054636472928e-11
2.783757402369246847e-08
2.607079295557923615e-06
4.951568044475607167e-08
0.000000000000000000e+00
6.184930789743248170e-09
6.660777103206783067e-07
0.000000000000000000e+00
4.370549255838795943e-09
0.000000000000000000e+00
0.000000000000000000e+00
0.000000000000000000e+00
4.834788001062406693e-07
0.000000000000000000e+00
0.000000000000000000e+00
0.000000000000000000e+00
2.765129636372876121e-07
2.355050980895612156e-07
0.000000000000000000e+00
4.695892563688630617e-09
4.297443751966056880e-07
0.000000000000000000e+00
5.147433967067627236e-06
1.840681773668251253e-11
0.000000000000000000e+00
0.000000000000000000e+00
3.548431095623527654e-07
2.632554867432190804e-07
0.000000000000000000e+00
0.000000000000000000e+00
0.000000000000000000e+00
3.633832346139342917e-09
6.575082522886077641e-08
7.275859914557258890e-09
3.764276446105441210e-09
0.000000000000000000e+00
6.172159601192106493e-07
0.000000000000000000e+00
0.000000000000000000e+00
0.000000000000000000e+00
6.670643983852642123e-07
4.983104484601597051e-10
0.000000000000000000e+00
7.510096544649513817e-09
6.698769539070781320e-09
0.000000000000000000e+00
0.000000000000000000e+00
0.000000000000000000e+00
0.000000000000000000e+00
0.000000000000000000e+00
2.176212161864032879e-11
7.806807644783475553e-09
0.000000000000000000e+00
0.000000000000000000e+00
0.000000000000000000e+00
0.000000000000000000e+00
6.991253940213937312e-07
8.268471241024144547e-09
7.350898556524043670e-09
4.034161236177169485e-07
1.772047752979233337e-08
0.000000000000000000e+00
3.351212418678528593e-09
2.263941389912815794e-08
4.620565619006811175e-07
0.000000000000000000e+00
0.000000000000000000e+00
7.867453177823335864e-08
0.000000000000000000e+00
0.000000000000000000e+00
0.000000000000000000e+00
0.000000000000000000e+00
0.000000000000000000e+00
2.368599205659904783e-10
0.000000000000000000e+00
0.000000000000000000e+00
8.850453703246330406e-09
1.353107847990031587e-07
6.506165846076328307e-07
4.847594823331746738e-07
5.521942014752312389e-08
1.711581717245280743e-06
0.000000000000000000e+00
4.492320826443574333e-08
4.694900894719467033e-07
2.438692581208101728e-10
0.000000000000000000e+00
3.863297948214494681e-08
0.000000000000000000e+00
1.435978788322245236e-06
4.102099993019692192e-09
1.360573804731757264e-07
1.575064967340722433e-09
0.000000000000000000e+00
3.306359417365456466e-07
1.238138338521821424e-07
7.506629984277424228e-09
0.000000000000000000e+00
7.011874458839884028e-08
0.000000000000000000e+00
5.221404464350598573e-08
1.977735593072793563e-07
6.814057762483116676e-09
1.170760356217215303e-06
8.842087027005618438e-07
2.842908997990889475e-06
1.125107132793345954e-06
0.000000000000000000e+00
2.731414951995247975e-07
4.229210901485203067e-07
0.000000000000000000e+00
0.000000000000000000e+00
9.964154514818801545e-07
2.907118101802552701e-09
0.000000000000000000e+00
0.000000000000000000e+00
1.825956452705668198e-08
5.462731933469910928e-10
0.000000000000000000e+00
0.000000000000000000e+00
0.000000000000000000e+00
0.000000000000000000e+00
0.000000000000000000e+00
9.260088529305932070e-11
4.188994040532634244e-09
0.000000000000000000e+00
0.000000000000000000e+00
0.000000000000000000e+00
0.000000000000000000e+00
0.000000000000000000e+00
0.000000000000000000e+00
0.000000000000000000e+00
1.935756799298360420e-08
6.927800555445173813e-09
3.014314415850094520e-07
1.443970916170655983e-07
0.000000000000000000e+00
6.531889695793324790e-09
1.109542768773508215e-08
0.000000000000000000e+00
0.000000000000000000e+00
2.199134172542471788e-07
1.356763146276307452e-09
1.535095939253494635e-09
0.000000000000000000e+00
2.168244472855462845e-09
8.220555902660464653e-10
0.000000000000000000e+00
8.215901847741235997e-10
1.129214013961821195e-10
0.000000000000000000e+00
2.017867643810955514e-11
0.000000000000000000e+00
0.000000000000000000e+00
1.167552443614994218e-10
1.504922586548218533e-08
7.373964105994446072e-09
1.211931222044881906e-09
0.000000000000000000e+00
9.604018275100045798e-11
5.554626980597276997e-09
8.145256025215985574e-09
0.000000000000000000e+00
3.686472282993236149e-08
0.000000000000000000e+00
3.244645385702682461e-10
8.523942796045957948e-08
7.014999425791756948e-08
0.000000000000000000e+00
9.494558526057517156e-07
0.000000000000000000e+00
8.444376931038277689e-07
1.107654199472563050e-07
0.000000000000000000e+00
0.000000000000000000e+00
6.452730758610414341e-07
0.000000000000000000e+00
6.155785285955062136e-06
1.203028148211160442e-07
8.853176609591173474e-07
9.164471634903748054e-07
1.090052563768040272e-07
3.062106088691507466e-06
1.199064936230342937e-08
0.000000000000000000e+00
2.414790811755551658e-09
0.000000000000000000e+00
0.000000000000000000e+00
6.742651326163695558e-09
0.000000000000000000e+00
9.602931514210433228e-13
0.000000000000000000e+00
0.000000000000000000e+00
1.802384304028237239e-07
9.383507659777023946e-08
6.343132685771024626e-09
0.000000000000000000e+00
0.000000000000000000e+00
0.000000000000000000e+00
0.000000000000000000e+00
1.837259566705995439e-09
1.928107451476535061e-09
7.531141044125888584e-09
0.000000000000000000e+00
1.438435204281773849e-10
0.000000000000000000e+00
0.000000000000000000e+00
0.000000000000000000e+00
1.700596774512064258e-09
9.655529709107213421e-10
6.434617838557699088e-10
3.507399481961215315e-09
3.006328519461476390e-09
3.700731943112600675e-09
0.000000000000000000e+00
1.717308517612536889e-09
3.377200963328164107e-09
3.322946184880493092e-08
0.000000000000000000e+00
0.000000000000000000e+00
2.102959371086399187e-07
0.000000000000000000e+00
1.662918265310509014e-07
1.380608338763522625e-08
3.756905897489559720e-08
2.990688252602069497e-10
1.559486761948392086e-08
0.000000000000000000e+00
0.000000000000000000e+00
4.488563831728242803e-07
9.767603392774049098e-10
6.633659593857643699e-11
9.381908583350195840e-09
0.000000000000000000e+00
0.000000000000000000e+00
0.000000000000000000e+00
0.000000000000000000e+00
0.000000000000000000e+00
0.000000000000000000e+00
0.000000000000000000e+00
0.000000000000000000e+00
2.070330111791918171e-07
2.129927452187985182e-06
6.905683136437801295e-08
3.588955451050424017e-06
8.038446139835286885e-07
0.000000000000000000e+00
0.000000000000000000e+00
1.347417082797619514e-06
2.750595740508288145e-06
1.692949467724247370e-06
1.446340718302963069e-07
0.000000000000000000e+00
6.746503089516409091e-08
9.761874508740220335e-08
3.081673938254425593e-08
7.345345807152625639e-07
4.108936835223175876e-08
4.285377386281652434e-09
0.000000000000000000e+00
0.000000000000000000e+00
4.060867979660542915e-07
0.000000000000000000e+00
0.000000000000000000e+00
0.000000000000000000e+00
0.000000000000000000e+00
4.569671148146881023e-07
0.000000000000000000e+00
0.000000000000000000e+00
0.000000000000000000e+00
0.000000000000000000e+00
3.676494664262008882e-09
4.402404663039760635e-09
6.048220711818430573e-06
2.774962482021692267e-09
0.000000000000000000e+00
0.000000000000000000e+00
0.000000000000000000e+00
0.000000000000000000e+00
7.192025641700183769e-09
1.547427473269635811e-06
0.000000000000000000e+00
1.998196808017382864e-08
2.193169621023116633e-06
0.000000000000000000e+00
0.000000000000000000e+00
0.000000000000000000e+00
0.000000000000000000e+00
5.520902846001263242e-08
5.225311155987455436e-11
0.000000000000000000e+00
9.860750651569105685e-07
7.341022456586188127e-09
1.868850603159444290e-07
8.559952107134449761e-07
1.262433357851477922e-08
6.869716457913455088e-07
7.710174827479931992e-07
0.000000000000000000e+00
6.788514639310960774e-08
2.877039939619407960e-09
7.632003473645454505e-09
8.196243683755710663e-09
2.268279968120623380e-05
5.541187988455931190e-07
5.103348854618161567e-10
1.767564981491887011e-06
3.348791821622398857e-08
2.175220060962601565e-06
2.785816199946111738e-08
5.808170726595562883e-07
1.982567443548077790e-09
4.613678470377635676e-07
6.823991611781821121e-07
1.244458935900638608e-08
6.602986957204848295e-08
8.027430276058566960e-09
4.324215581164025934e-07
0.000000000000000000e+00
2.821070097525080200e-07
3.471627962881029816e-08
1.287684767703467514e-07
4.565444839954579948e-07
8.828843038599654136e-12
2.523294426737265894e-07
8.079402391558687668e-07
6.544198960511948826e-09
5.086557735012320336e-07
1.739825393087812699e-06
0.000000000000000000e+00
0.000000000000000000e+00
2.997598613774243859e-09
6.428053467288918910e-08
0.000000000000000000e+00
2.769881923825323611e-08
4.672356226365081966e-07
2.262825091747799888e-07
6.140484742900298443e-08
2.686590727662974132e-09
1.303188490453521808e-08
7.597661351610440761e-06
9.647540544222010794e-10
5.765813284597243182e-07
0.000000000000000000e+00
5.174563355581085489e-08
5.745995395045611076e-07
0.000000000000000000e+00
0.000000000000000000e+00
5.677750891663890798e-08
1.802559101982126322e-09
1.284844756810343824e-06
0.000000000000000000e+00
8.880427344593044836e-07
0.000000000000000000e+00
6.109143555477203336e-07
1.768896595422120299e-06
6.494848889815330040e-07
4.327187639319163281e-07
0.000000000000000000e+00
0.000000000000000000e+00
3.220016253635549219e-09
3.224508660082392453e-09
2.710226210123067858e-10
0.000000000000000000e+00
6.302749966380361002e-07
0.000000000000000000e+00
0.000000000000000000e+00
0.000000000000000000e+00
7.856630190872238018e-07
9.332080885826599115e-09
0.000000000000000000e+00
0.000000000000000000e+00
4.308108123712850457e-12
0.000000000000000000e+00
8.702366827151308826e-09
2.149365172954276204e-06
9.384563348646679515e-09
7.730011075679499299e-10
1.633137891587921331e-08
8.641526605401850247e-09
0.000000000000000000e+00
3.736895237693715899e-09
3.410475901688414524e-09
3.421648742119032249e-08
6.729663226678894716e-08
2.507799536033417098e-06
4.288117860795637171e-09
5.395497169047303032e-07
0.000000000000000000e+00
3.909806256530146129e-09
4.750863258351500917e-09
5.656393686770400109e-10
4.327403075876645744e-07
1.060630805405082810e-09
6.604101940865803044e-07
4.849821166885703860e-08
4.889978413302742410e-07
2.519439931347733364e-06
3.418261655951937428e-07
1.810430035220633727e-06
1.154312485596165061e-06
0.000000000000000000e+00
2.891914618885493837e-07
0.000000000000000000e+00
5.336042931958218105e-07
4.144399938250248328e-13
4.301796707295579836e-06
1.196755761156964581e-06
8.492756498057474346e-10
1.630587576073594391e-07
2.265636112497304566e-06
2.095387641176671423e-09
8.919035394683305640e-07
1.216279077453918944e-09
3.568515296592522645e-07
3.891762467844728235e-09
0.000000000000000000e+00
0.000000000000000000e+00
0.000000000000000000e+00
0.000000000000000000e+00
0.000000000000000000e+00
0.000000000000000000e+00
0.000000000000000000e+00
5.066056019131792709e-09
2.847463376198788865e-10
1.005422660682597780e-07
0.000000000000000000e+00
0.000000000000000000e+00
2.432037490507354960e-06
6.230501141055166947e-13
3.766080780565062014e-08
1.177469584945356473e-06
1.501260088465627973e-10
0.000000000000000000e+00
0.000000000000000000e+00
0.000000000000000000e+00
0.000000000000000000e+00
3.669194086342031369e-07
7.657364875512939761e-08
8.934298421081621200e-06
1.011712356557836756e-06
1.990840701182605699e-06
4.569201053072902141e-07
0.000000000000000000e+00
2.134012550003561159e-10
8.205738311062305002e-08
3.404248047900182428e-07
0.000000000000000000e+00
5.006299019783000404e-08
1.417857106389419641e-06
0.000000000000000000e+00
2.051317449236478296e-12
1.637546063193440204e-07
0.000000000000000000e+00
1.420384933226159774e-06
1.041960331349400803e-06
1.700886542721491423e-09
5.776171292382059619e-07
0.000000000000000000e+00
0.000000000000000000e+00
3.500890244367838022e-09
3.071996212966610074e-09
1.085806011075218791e-11
0.000000000000000000e+00
3.769216618820792064e-07
2.033724522121360678e-09
0.000000000000000000e+00
3.833471734493443250e-12
0.000000000000000000e+00
5.118989975017029792e-06
1.598147377990244422e-06
0.000000000000000000e+00
7.628218554600607604e-07
1.277041405955969822e-06
0.000000000000000000e+00
9.724566041313664755e-09
0.000000000000000000e+00
9.066484452091572166e-09
9.050023841439269745e-09
1.481897893285122336e-08
1.988976316980028969e-09
0.000000000000000000e+00
2.643859575712781407e-09
8.043008037361687457e-09
8.523431738183262496e-09
0.000000000000000000e+00
0.000000000000000000e+00
2.217163000750588253e-06
1.019481942421407439e-06
1.132131274061976001e-06
1.846534928517939989e-06
0.000000000000000000e+00
2.751488636931753717e-07
2.955097722079358391e-09
6.483941774604318198e-07
1.381883862450195011e-06
4.349582525264850119e-07
7.536102941685385304e-08
7.106138610879497719e-08
7.698019999224925414e-07
1.501624780075871968e-08
5.062511831965821330e-08
5.625895482808118686e-07
4.308735242375405505e-06
1.844978669396368787e-06
1.060368163052771706e-06
0.000000000000000000e+00
0.000000000000000000e+00
0.000000000000000000e+00
2.668756224011303857e-06
6.071871894164360128e-09
6.854960155067146843e-09
8.817627872304001357e-08
3.599152975652941677e-09
0.000000000000000000e+00
4.894326934845594224e-07
3.210821830634813523e-09
0.000000000000000000e+00
5.066733699266023905e-10
0.000000000000000000e+00
5.003635727973687608e-09
6.781839673175582561e-11
5.353633536486768207e-09
0.000000000000000000e+00
5.888049159352704010e-08
4.732935465767695860e-08
8.561217056460290742e-13
6.280801212454889537e-09
2.908639771703747101e-06
1.043314682647178415e-06
1.167911705124424770e-06
0.000000000000000000e+00
0.000000000000000000e+00
0.000000000000000000e+00
4.178995141046470962e-07
2.136499006155645475e-06
4.666284691978717092e-09
5.412373660362845840e-09
1.691357056188280694e-06
1.637217028616078096e-10
4.328863489888590266e-09
4.401077831062139012e-07
0.000000000000000000e+00
3.589663890579686267e-07
2.989300895706037409e-08
1.201698523800587282e-06
8.434019491687649861e-07
1.763427448508991802e-08
2.744691869338566903e-07
0.000000000000000000e+00
0.000000000000000000e+00
1.961565576635848629e-09
2.522443409702646022e-08
7.103860184543009382e-07
1.888073919431576542e-09
0.000000000000000000e+00
0.000000000000000000e+00
5.954312154443641703e-09
0.000000000000000000e+00
4.366418338008770661e-08
0.000000000000000000e+00
1.084085639035947679e-07
6.119617257382969910e-09
0.000000000000000000e+00
2.186318113217566861e-07
0.000000000000000000e+00
0.000000000000000000e+00
0.000000000000000000e+00
9.538522055541065470e-11
0.000000000000000000e+00
0.000000000000000000e+00
1.846982122799545323e-09
8.204186663363088883e-09
1.425391055187574807e-10
5.746908371406789229e-08
0.000000000000000000e+00
1.084152212449396302e-10
0.000000000000000000e+00
9.527422548671893310e-07
8.013651040528202429e-07
0.000000000000000000e+00
3.697383874623483280e-07
1.545131340208172332e-06
5.595621246357040945e-07
0.000000000000000000e+00
4.189645252949958376e-08
1.242206906226783758e-07
1.089551088240270360e-10
1.454812945667072199e-07
1.709033470298493285e-09
3.899926639405748574e-07
0.000000000000000000e+00
0.000000000000000000e+00
1.661423283394469763e-07
5.810561560792848468e-07
1.106208287637855392e-06
9.249072263628477231e-07
3.628471034744507051e-08
2.250752917376530604e-09
0.000000000000000000e+00
8.958119579460799287e-09
9.055167282667753170e-09
0.000000000000000000e+00
7.639102683754117606e-10
2.369021245840485790e-08
1.596615062382511496e-09
0.000000000000000000e+00
4.391607966169885913e-09
0.000000000000000000e+00
4.966020483720967604e-09
1.248832631972618401e-06
3.238102008751297944e-10
0.000000000000000000e+00
5.042791517695377479e-09
1.791904225001417217e-07
5.350293097450276036e-09
0.000000000000000000e+00
9.580037385603645816e-08
7.422385372990447649e-09
4.642903377316542901e-07
5.932675506414852862e-08
0.000000000000000000e+00
4.214971482952023507e-08
0.000000000000000000e+00
9.584174449628335424e-07
0.000000000000000000e+00
0.000000000000000000e+00
0.000000000000000000e+00
7.547889708803268149e-07
1.022611861856148607e-08
2.058541781480016652e-07
2.997279864302981878e-07
5.635225193145743106e-07
4.112035867365193553e-08
2.499060656191431917e-07
2.305457040552294501e-12
4.054673752307280665e-08
1.304299303228617646e-06
6.937558860720116627e-10
0.000000000000000000e+00
2.359763584536267444e-08
1.012068196359905414e-06
8.212135860219405004e-09
0.000000000000000000e+00
1.377203204810939496e-07
1.877944555417343508e-07
9.530715772143594222e-09
1.248078433491173200e-06
0.000000000000000000e+00
8.190333744551026030e-09
5.771970679191440468e-10
2.610854674817142396e-12
0.000000000000000000e+00
1.000710292409223712e-09
0.000000000000000000e+00
4.358654948077855806e-08
0.000000000000000000e+00
0.000000000000000000e+00
0.000000000000000000e+00
4.817225285336235174e-09
3.358685107812675597e-09
3.671882353728506132e-08
5.910784306450977965e-09
6.031594779187798849e-09
1.155473849934196551e-08
0.000000000000000000e+00
9.853463822651065129e-09
0.000000000000000000e+00
1.013435735330858734e-08
4.306019718569586985e-07
3.308619489494901700e-10
0.000000000000000000e+00
0.000000000000000000e+00
1.093177437461179125e-09
9.704030468071778159e-09
1.761660115562335704e-07
9.576510251463332679e-09
3.412227389532063171e-09
7.678962106183462311e-07
2.104288299165091303e-08
2.936402552222716622e-07
0.000000000000000000e+00
7.733079177008050920e-10
3.399052502572885714e-06
8.180939516932994593e-07
1.550191370824904880e-07
2.303816927451407537e-06
7.766026755007260363e-08
7.535192736440876615e-08
1.108791991555335699e-08
4.274293985417898512e-08
0.000000000000000000e+00
0.000000000000000000e+00
2.902638129853585269e-07
1.719648707876331173e-07
2.810029400279745460e-07
1.208731646329397336e-06
6.773296590267818829e-09
7.170039673098926869e-09
9.983554427606122772e-09
0.000000000000000000e+00
0.000000000000000000e+00
8.170320420219923108e-09
2.374962171369787711e-10
8.613343815966345574e-09
1.373733626852668976e-10
0.000000000000000000e+00
0.000000000000000000e+00
5.318343543336823132e-09
1.454972817782618222e-07
0.000000000000000000e+00
1.530609807787186583e-07
0.000000000000000000e+00
0.000000000000000000e+00
2.502106966062456195e-09
0.000000000000000000e+00
0.000000000000000000e+00
0.000000000000000000e+00
1.099433877271849269e-08
0.000000000000000000e+00
1.210829303488480946e-08
4.070519477039624689e-10
3.450577601427085028e-09
3.320331343203974939e-09
3.560189087981058265e-10
0.000000000000000000e+00
5.337657057680189610e-06
1.117139891704255206e-08
5.418750788521720096e-06
0.000000000000000000e+00
0.000000000000000000e+00
9.095729502917038189e-09
8.459606348765191797e-09
0.000000000000000000e+00
6.910515537583705736e-08
3.663588099556136513e-09
0.000000000000000000e+00
6.553206866044547496e-09
1.785383005881158169e-07
1.115314507416087508e-09
8.673412210669084743e-09
8.324919420488186006e-09
0.000000000000000000e+00
7.910822219514557219e-09
5.993384093017084524e-06
2.132854319825128186e-07
0.000000000000000000e+00
5.111953669256763533e-07
0.000000000000000000e+00
1.220009266944543924e-06
2.931615616930116630e-09
3.357868982867273644e-10
8.911182192150590708e-08
9.213290752541070106e-08
3.300749396029090121e-10
0.000000000000000000e+00
7.529145307216822403e-09
1.762911705505132431e-09
1.092184689355235605e-07
5.128982252244895790e-07
3.342013314977521077e-07
1.511089635641837958e-07
1.502722511759202462e-06
4.962161792576580410e-10
2.896666018159521627e-09
0.000000000000000000e+00
9.988611537892211345e-08
9.575901183112023318e-10
0.000000000000000000e+00
0.000000000000000000e+00
0.000000000000000000e+00
1.053633069680870449e-09
0.000000000000000000e+00
0.000000000000000000e+00
0.000000000000000000e+00
1.099372866519843228e-06
2.176733682190956642e-09
0.000000000000000000e+00
4.830868149952038948e-08
1.091800516661578513e-08
1.854980724580457263e-09
0.000000000000000000e+00
9.295815672771823301e-09
0.000000000000000000e+00
3.526830161248994955e-09
0.000000000000000000e+00
5.577800443745672965e-09
5.639751998742781325e-10
1.893686540910266558e-09
0.000000000000000000e+00
3.298990636224630180e-09
0.000000000000000000e+00
2.133998089348665417e-09
0.000000000000000000e+00
1.639363915728608845e-07
9.647231458131955151e-09
0.000000000000000000e+00
0.000000000000000000e+00
7.874453089584676491e-09
2.061998927160857420e-08
3.951768405840994092e-07
0.000000000000000000e+00
2.197290768890525214e-06
1.023798934518538317e-09
7.191896429503685795e-07
1.609364232990628807e-07
1.034413230627251323e-06
7.409227009702590294e-07
2.283678242065434461e-07
6.072146447877457831e-07
8.108100857384670235e-09
1.870334287445984955e-08
6.585723966168188781e-09
3.089600242311973943e-10
1.326123566514070262e-08
2.910005569844997808e-09
1.837539116422703955e-07
5.191252983038907587e-10
1.577377702233206946e-06
5.348060767573770136e-07
0.000000000000000000e+00
0.000000000000000000e+00
0.000000000000000000e+00
6.183450196317608061e-09
0.000000000000000000e+00
0.000000000000000000e+00
0.000000000000000000e+00
0.000000000000000000e+00
2.832698242638542752e-10
4.714347134893159819e-09
5.472043707044349503e-09
0.000000000000000000e+00
7.250999374264210928e-07
0.000000000000000000e+00
3.821933880487904389e-09
3.000230108796131390e-08
6.893972681609739084e-07
9.623971664041164331e-07
0.000000000000000000e+00
0.000000000000000000e+00
2.413373678677999123e-08
1.835853424836386694e-08
0.000000000000000000e+00
1.935649152073892765e-06
8.069163470736384625e-08
0.000000000000000000e+00
1.904665580809705716e-08
8.339382517874582845e-09
0.000000000000000000e+00
4.237067798840143951e-07
7.101674248666256517e-10
9.311026616387607646e-08
1.985183750718988449e-08
9.634811704017920420e-08
3.702813273775973357e-07
1.548781824567413423e-06
1.177780063699174207e-06
2.060797186231866363e-07
0.000000000000000000e+00
6.648694039768088260e-09
1.494598045326256397e-08
1.515444409960764460e-07
5.689470867764612194e-07
2.618148142730092331e-09
9.524938997251819472e-12
9.400027010997291654e-06
1.709974242203315953e-07
0.000000000000000000e+00
2.592940617773820122e-08
0.000000000000000000e+00
2.792752695768285776e-09
0.000000000000000000e+00
0.000000000000000000e+00
1.609437999539053976e-10
5.909904121637055141e-09
0.000000000000000000e+00
4.829755262392154691e-09
0.000000000000000000e+00
0.000000000000000000e+00
0.000000000000000000e+00
0.000000000000000000e+00
8.570383158712502336e-08
0.000000000000000000e+00
6.847336919690860668e-09
1.098181456882230123e-08
0.000000000000000000e+00
8.587504929380429530e-09
6.551911013730205013e-08
4.638710038307181094e-08
5.332188024453898834e-09
1.457215077771412126e-11
0.000000000000000000e+00
0.000000000000000000e+00
3.554502525648928213e-10
3.097021944453715037e-11
4.335160674884264154e-09
0.000000000000000000e+00
5.825121661473531276e-06
5.324581220378377111e-09
0.000000000000000000e+00
4.443758712113776710e-07
6.654403819084109273e-07
0.000000000000000000e+00
6.078989827074110508e-07
5.559305122915247921e-07
9.305733783548930660e-08
0.000000000000000000e+00
6.420449172317432840e-10
2.746570615386190184e-08
8.673159967997889908e-09
2.370231015902390936e-07
4.930427053295716178e-07
9.123215249928762205e-07
4.987820823032507178e-09
0.000000000000000000e+00
3.775226105062756687e-06
5.419280668661485834e-08
0.000000000000000000e+00
7.139553837021139771e-09
2.147716449130143701e-10
0.000000000000000000e+00
0.000000000000000000e+00
0.000000000000000000e+00
0.000000000000000000e+00
0.000000000000000000e+00
3.045616814301155273e-10
0.000000000000000000e+00
4.978476741968052011e-09
0.000000000000000000e+00
5.390309976149865179e-09
5.040359241093028686e-10
0.000000000000000000e+00
0.000000000000000000e+00
0.000000000000000000e+00
1.436374907903825715e-09
7.701416393501858693e-09
2.746443783507857006e-07
0.000000000000000000e+00
6.296414056805588189e-09
0.000000000000000000e+00
6.743796632235898869e-09
1.169206953477441857e-08
0.000000000000000000e+00
0.000000000000000000e+00
1.927125126144346723e-09
3.956813099392775257e-09
2.321161900908919051e-06
2.254710125271230936e-06
2.826200662386924023e-10
0.000000000000000000e+00
0.000000000000000000e+00
0.000000000000000000e+00
0.000000000000000000e+00
0.000000000000000000e+00
0.000000000000000000e+00
0.000000000000000000e+00
1.502694413346716829e-09
1.760903922676249067e-10
3.862725606040839921e-08
3.044562504328496289e-07
8.318388466932447045e-08
1.121761350475480867e-08
2.486262701495434158e-06
0.000000000000000000e+00
0.000000000000000000e+00
0.000000000000000000e+00
1.202234557240444701e-06
0.000000000000000000e+00
2.195573722829635699e-09
4.039998771077080164e-07
4.949085030681033004e-10
5.504204025896797248e-08
0.000000000000000000e+00
1.118901380436909676e-07
4.181957447002560002e-09
1.100649171803524951e-07
6.110120409630326321e-08
2.255905116044232273e-07
0.000000000000000000e+00
3.204841334536467912e-07
0.000000000000000000e+00
0.000000000000000000e+00
6.912806771453006149e-09
2.359321911171718966e-07
6.533676377706854055e-10
1.693415327963521122e-07
4.478978965494206932e-09
4.186016440144157968e-07
0.000000000000000000e+00
0.000000000000000000e+00
2.591587644928949885e-06
1.549923496213523322e-07
0.000000000000000000e+00
1.936748361686113640e-08
0.000000000000000000e+00
1.720626974233141482e-09
5.140111447587969451e-09
0.000000000000000000e+00
1.472784005862592949e-09
2.165961680844485926e-11
1.865735482775576770e-10
0.000000000000000000e+00
1.502878377301897217e-09
3.340513143879064728e-10
1.287998263599376969e-09
0.000000000000000000e+00
6.631421189950970074e-09
0.000000000000000000e+00
0.000000000000000000e+00
0.000000000000000000e+00
6.794647067209780289e-09
0.000000000000000000e+00
0.000000000000000000e+00
0.000000000000000000e+00
0.000000000000000000e+00
0.000000000000000000e+00
5.647903256189579224e-10
1.417227121248976207e-12
3.794720981886712252e-09
8.737159884475431681e-10
2.450376825890998589e-07
6.502697491583830924e-09
0.000000000000000000e+00
0.000000000000000000e+00
8.251636707257148373e-09
1.369181834576238543e-08
1.016455399849292007e-07
2.345073468745795253e-08
8.435667098183330381e-08
7.321086741285398602e-07
0.000000000000000000e+00
1.985566022710827383e-08
9.651519121689489111e-07
1.777273013203739538e-07
6.084954975449363701e-07
2.077431698888076994e-10
0.000000000000000000e+00
9.658303667947620852e-08
3.094574196893518092e-08
5.650131473800001913e-09
0.000000000000000000e+00
0.000000000000000000e+00
4.193267244545495487e-08
4.728508784523910435e-08
9.659832933550660528e-09
0.000000000000000000e+00
6.989990808392576582e-09
9.252053132513538003e-07
3.647242863280553138e-07
3.137327553304203320e-08
0.000000000000000000e+00
1.116980286042235093e-08
5.086192800263233948e-09
3.662671943516215833e-09
0.000000000000000000e+00
8.226857417525934579e-09
3.972461914969471763e-09
3.842224871597466063e-10
0.000000000000000000e+00
0.000000000000000000e+00
0.000000000000000000e+00
6.575108013606723034e-09
2.951978572696134506e-08
0.000000000000000000e+00
0.000000000000000000e+00
0.000000000000000000e+00
0.000000000000000000e+00
0.000000000000000000e+00
0.000000000000000000e+00
3.500680995083271796e-11
0.000000000000000000e+00
0.000000000000000000e+00
0.000000000000000000e+00
0.000000000000000000e+00
8.766309456120779942e-09
1.647611214128374968e-10
0.000000000000000000e+00
0.000000000000000000e+00
4.696260269554386468e-09
4.912578677185308607e-10
0.000000000000000000e+00
3.951802511892310577e-07
0.000000000000000000e+00
0.000000000000000000e+00
0.000000000000000000e+00
0.000000000000000000e+00
1.253788095567642813e-08
9.804347333997043279e-10
0.000000000000000000e+00
3.787924640619166894e-09
8.495651968587480951e-07
4.678187792706012260e-08
1.678651351255666668e-08
2.877452942584568518e-09
2.952812883094679819e-09
7.368755632342072204e-07
5.767832931269367691e-07
3.300281719020858873e-07
1.570477436985129316e-08
3.792552050185804546e-09
1.293459354201331735e-05
4.374698505671403836e-07
2.484273009528692455e-09
0.000000000000000000e+00
2.043568425591502091e-09
6.832572285730975636e-10
2.289950451483946381e-09
0.000000000000000000e+00
1.847669239829485832e-10
8.506287896281605754e-10
0.000000000000000000e+00
2.911431096208616509e-10
0.000000000000000000e+00
0.000000000000000000e+00
0.000000000000000000e+00
4.763685979014553595e-08
3.022922001605365949e-08
1.762612500399995952e-09
0.000000000000000000e+00
7.283383638423401862e-07
3.117647029426962035e-09
0.000000000000000000e+00
0.000000000000000000e+00
1.297461860172433035e-10
3.212751664705137955e-07
0.000000000000000000e+00
3.943460835653667118e-10
0.000000000000000000e+00
2.932707729996764101e-06
6.508537597760266635e-10
3.235899612263892777e-06
6.667153495953925813e-09
1.951756019025197020e-07
1.196575908579688985e-06
4.253636998186038909e-09
3.179086993654323123e-10
0.000000000000000000e+00
1.161338492039476478e-08
1.422470058409786020e-10
5.405698999538799399e-09
0.000000000000000000e+00
2.792710915855423082e-07
8.133863360626492067e-09
0.000000000000000000e+00
1.170856411825127452e-09
0.000000000000000000e+00
3.171865614604030270e-08
9.676531576019442582e-09
6.820206635893555358e-06
0.000000000000000000e+00
0.000000000000000000e+00
0.000000000000000000e+00
6.094934779099503430e-09
0.000000000000000000e+00
6.650388684192876099e-09
5.939612357508394780e-09
0.000000000000000000e+00
6.552612319410400232e-08
5.743721054329853359e-09
3.993643193922480350e-09
9.244979781719564471e-10
0.000000000000000000e+00
0.000000000000000000e+00
0.000000000000000000e+00
2.141618216100482641e-09
3.291493522183941423e-09
1.777527125490507842e-09
0.000000000000000000e+00
0.000000000000000000e+00
8.716796173757757060e-09
8.101769140012038406e-07
0.000000000000000000e+00
2.133957224259575014e-07
2.584857605736345931e-10
0.000000000000000000e+00
2.518843302823370323e-07
3.762698042919510044e-06
3.825348215968915611e-08
0.000000000000000000e+00
1.869900927431444870e-07
5.657423418625739941e-09
0.000000000000000000e+00
2.357783017714609741e-07
0.000000000000000000e+00
7.347752961628373214e-10
6.575209265946568848e-09
5.744383315686718561e-07
0.000000000000000000e+00
0.000000000000000000e+00
0.000000000000000000e+00
6.492404622804315295e-07
1.336920121275397833e-07
0.000000000000000000e+00
0.000000000000000000e+00
4.422236354884034881e-09
0.000000000000000000e+00
0.000000000000000000e+00
8.964899378405277730e-10
1.133316884782686884e-09
1.508469127387002118e-09
0.000000000000000000e+00
0.000000000000000000e+00
7.216099273676945813e-09
8.650771121665457031e-08
0.000000000000000000e+00
0.000000000000000000e+00
0.000000000000000000e+00
4.495545713467663518e-09
0.000000000000000000e+00
6.004539532256103485e-09
1.201134125494718319e-08
0.000000000000000000e+00
0.000000000000000000e+00
8.749217461634373194e-10
4.510261319978781103e-08
0.000000000000000000e+00
0.000000000000000000e+00
0.000000000000000000e+00
0.000000000000000000e+00
0.000000000000000000e+00
0.000000000000000000e+00
1.117081649404383370e-09
5.620747423051852820e-09
2.736348037046809623e-08
2.347310257277968049e-08
8.294507125583550078e-08
1.989406541724747512e-07
2.308674085238493490e-13
1.808135863257120945e-07
0.000000000000000000e+00
0.000000000000000000e+00
2.058026637996590580e-09
7.782881006335173879e-10
5.956207260737755860e-08
0.000000000000000000e+00
2.170347670471528545e-06
7.901446608116202697e-09
6.101841688171960598e-12
6.114024841963328072e-09
7.228258027680567466e-07
0.000000000000000000e+00
0.000000000000000000e+00
0.000000000000000000e+00
0.000000000000000000e+00
6.595362450623198924e-11
1.269566496375773568e-08
0.000000000000000000e+00
0.000000000000000000e+00
0.000000000000000000e+00
6.216507131284743082e-08
9.908362841315465630e-08
5.001321135011949082e-09
0.000000000000000000e+00
0.000000000000000000e+00
0.000000000000000000e+00
0.000000000000000000e+00
1.973911523123206280e-08
5.202473403187468648e-07
1.274440197818194065e-08
0.000000000000000000e+00
6.051219543223851360e-07
0.000000000000000000e+00
5.662322450916690286e-07
1.013293626783706713e-08
1.129985948561396114e-11
2.956597455749943038e-08
3.304719128557898067e-12
2.053488515230128542e-06
0.000000000000000000e+00
3.593812891722336644e-07
0.000000000000000000e+00
0.000000000000000000e+00
0.000000000000000000e+00
3.808458881593423939e-09
1.975661767517067346e-08
4.310829471165789073e-09
2.830095359451778592e-11
0.000000000000000000e+00
4.041504908514070848e-09
1.077840920515882317e-06
4.154706770677710215e-15
1.029414598008315807e-08
9.547867563242107281e-08
0.000000000000000000e+00
4.597306357823072176e-08
5.679748671383322289e-09
0.000000000000000000e+00
0.000000000000000000e+00
0.000000000000000000e+00
0.000000000000000000e+00
1.157261664275210933e-08
2.790229380877917720e-08
3.077470944745641646e-09
7.243697837111540139e-07
5.877296302969625685e-07
0.000000000000000000e+00
7.836113695702806581e-07
3.790569191863824017e-09
0.000000000000000000e+00
3.782988500233841478e-08
3.761859268536227319e-09
6.224783355435192789e-09
0.000000000000000000e+00
1.505554569902756157e-09
2.714919622448519476e-09
0.000000000000000000e+00
0.000000000000000000e+00
0.000000000000000000e+00
0.000000000000000000e+00
0.000000000000000000e+00
0.000000000000000000e+00
0.000000000000000000e+00
7.072725072276853098e-09
1.355699996707926402e-10
0.000000000000000000e+00
9.797556099755411196e-10
1.740986377285480557e-08
0.000000000000000000e+00
4.491294447461768868e-09
1.150860629017813608e-09
4.391980468199108145e-08
0.000000000000000000e+00
2.662949548370985298e-11
2.380075727614894276e-07
1.667178950448544583e-09
6.787524320372995135e-09
0.000000000000000000e+00
1.102407836128804774e-07
0.000000000000000000e+00
3.277493476616655244e-07
1.244016174795081753e-11
7.123699408140282685e-10
0.000000000000000000e+00
1.638744890897214646e-07
9.159194860330899246e-07
2.580151203801506199e-09
0.000000000000000000e+00
4.496230499029252314e-09
1.151343212768551894e-06
2.532733844873291673e-07
2.796211049371777335e-07
3.181418017916826102e-09
0.000000000000000000e+00
1.116368011366830615e-07
0.000000000000000000e+00
3.233053824658327358e-09
1.563306710750111961e-07
0.000000000000000000e+00
0.000000000000000000e+00
3.230464562520296568e-09
0.000000000000000000e+00
7.414790309523411338e-11
0.000000000000000000e+00
3.382188695777443854e-10
3.369782231033013886e-10
0.000000000000000000e+00
5.276323378211600357e-09
0.000000000000000000e+00
0.000000000000000000e+00
0.000000000000000000e+00
3.896090117194717095e-09
7.424166614811156251e-09
3.327397507746354677e-06
7.764786147390623228e-09
1.891575038825976662e-07
3.193422628555708798e-07
2.376047580909812496e-09
7.237919985580987259e-11
9.788986972125712782e-07
8.526284567267339298e-09
1.919917593795616995e-07
1.821145664826495647e-12
7.668236889912805054e-07
3.326069872855441645e-07
0.000000000000000000e+00
3.606245968512666877e-08
2.300500501900559769e-12
1.183747215804942243e-07
1.901820922967090155e-07
6.269917446561149021e-15
0.000000000000000000e+00
0.000000000000000000e+00
2.906706640715128742e-06
0.000000000000000000e+00
1.556835327320982287e-09
6.889617765182265430e-09
0.000000000000000000e+00
9.074746287751622731e-09
0.000000000000000000e+00
0.000000000000000000e+00
0.000000000000000000e+00
1.298232632507279050e-10
2.441419866272553918e-08
0.000000000000000000e+00
0.000000000000000000e+00
0.000000000000000000e+00
1.075795785787647674e-09
7.054163475572750031e-09
0.000000000000000000e+00
7.799465073787814617e-09
1.099897617429235197e-09
0.000000000000000000e+00
7.187404005293274167e-09
0.000000000000000000e+00
1.343056421632127240e-08
0.000000000000000000e+00
0.000000000000000000e+00
0.000000000000000000e+00
3.295155467930577231e-11
2.419842815015726956e-08
9.352515206728639896e-09
6.984667955123313732e-09
1.706468879092426505e-06
1.447040820501399594e-09
4.817970022941153729e-09
2.370077964997108211e-07
1.265683894225832357e-14
2.370488694225514337e-09
2.187355008231861575e-08
1.426992497499668389e-07
5.383656187518681691e-08
0.000000000000000000e+00
5.877424769096251111e-09
0.000000000000000000e+00
1.039430586047274119e-08
0.000000000000000000e+00
1.649691512284334749e-06
4.081262432009680197e-06
1.168999119727232028e-06
2.092889417326659895e-06
2.855022103176452219e-07
1.554474882148326742e-10
6.136559136393771041e-07
1.943340155463602059e-09
3.200330625507952220e-12
0.000000000000000000e+00
0.000000000000000000e+00
1.219225822524094838e-07
0.000000000000000000e+00
1.323436737976635413e-08
2.105802643370680016e-09
0.000000000000000000e+00
0.000000000000000000e+00
0.000000000000000000e+00
0.000000000000000000e+00
0.000000000000000000e+00
2.396458864684092305e-10
0.000000000000000000e+00
0.000000000000000000e+00
0.000000000000000000e+00
0.000000000000000000e+00
3.130082193436578564e-09
1.485440104254109883e-09
6.092642479416099377e-08
3.549802674029933769e-09
7.529782664050799212e-08
0.000000000000000000e+00
2.331459192372875577e-10
0.000000000000000000e+00
2.470687210376354415e-09
0.000000000000000000e+00
0.000000000000000000e+00
1.533812854503935341e-09
6.219260662021497410e-09
0.000000000000000000e+00
3.318584296252424792e-11
0.000000000000000000e+00
0.000000000000000000e+00
9.600103112461511046e-07
0.000000000000000000e+00
0.000000000000000000e+00
3.660222125390077963e-09
2.097555125146755017e-07
9.101675004785647616e-07
2.375588934455663548e-07
7.302885762783262180e-08
4.178496126883146644e-08
1.458428933176492137e-08
8.402090401204986847e-08
8.872448375996100367e-08
0.000000000000000000e+00
2.364939604149185470e-07
0.000000000000000000e+00
0.000000000000000000e+00
0.000000000000000000e+00
0.000000000000000000e+00
0.000000000000000000e+00
5.079810421193542425e-07
0.000000000000000000e+00
0.000000000000000000e+00
1.137609686452378810e-07
4.942871001389903540e-09
0.000000000000000000e+00
4.824059818275827638e-09
9.921100385668069066e-09
0.000000000000000000e+00
4.610746486832795199e-07
0.000000000000000000e+00
0.000000000000000000e+00
8.020691333321394723e-10
3.235357537434424557e-09
7.078454489217733681e-10
0.000000000000000000e+00
0.000000000000000000e+00
0.000000000000000000e+00
0.000000000000000000e+00
0.000000000000000000e+00
1.998744103559602081e-08
1.656986370335289394e-07
6.882120651141576673e-09
0.000000000000000000e+00
0.000000000000000000e+00
0.000000000000000000e+00
1.262768001275560437e-09
1.047818471988648525e-07
2.895508943723257289e-09
4.262172836888566962e-09
0.000000000000000000e+00
3.836031770010350783e-10
3.033856543765978131e-08
0.000000000000000000e+00
7.240611221703829870e-09
0.000000000000000000e+00
0.000000000000000000e+00
0.000000000000000000e+00
4.329708190198289230e-06
0.000000000000000000e+00
3.375184405740583315e-06
0.000000000000000000e+00
2.950296448034350760e-06
0.000000000000000000e+00
0.000000000000000000e+00
0.000000000000000000e+00
3.041938090309059817e-10
1.036124928077697405e-07
2.694119416446483228e-07
2.693957057431362045e-08
2.821648870110493590e-08
1.061254994993987566e-08
1.917847384902415797e-06
4.415196883655880811e-07
3.960393257784744492e-07
0.000000000000000000e+00
0.000000000000000000e+00
2.356309813933421538e-08
0.000000000000000000e+00
2.358809524594107643e-06
0.000000000000000000e+00
9.183022484648972750e-06
1.815028016771691455e-09
0.000000000000000000e+00
1.153314066471011756e-08
9.876141016107453652e-10
1.047986053492877545e-08
0.000000000000000000e+00
0.000000000000000000e+00
0.000000000000000000e+00
0.000000000000000000e+00
1.211550504365277448e-08
2.607415012789715547e-07
0.000000000000000000e+00
0.000000000000000000e+00
1.084864975631205652e-09
8.783794247513299069e-10
6.990581891130887016e-09
9.039643478203629456e-10
1.156313600425562527e-09
1.524883552761480132e-09
0.000000000000000000e+00
0.000000000000000000e+00
2.362543771727843023e-10
7.789636491395413032e-09
0.000000000000000000e+00
0.000000000000000000e+00
2.043510693994221583e-09
1.490428613859506868e-10
0.000000000000000000e+00
0.000000000000000000e+00
0.000000000000000000e+00
3.283141258858535139e-10
1.378346325964230346e-08
2.687313269689184381e-07
0.000000000000000000e+00
0.000000000000000000e+00
6.754216630433518276e-11
0.000000000000000000e+00
0.000000000000000000e+00
0.000000000000000000e+00
2.606232119006790526e-09
3.700475037504702414e-09
1.199994270617565917e-10
4.091014602636278141e-07
4.851957555729313754e-07
3.293570305373805240e-09
0.000000000000000000e+00
1.709285697870654985e-06
9.997791039495496079e-09
1.049055842194945853e-09
0.000000000000000000e+00
1.864389105321606621e-06
2.962421490337874275e-07
0.000000000000000000e+00
0.000000000000000000e+00
3.324398903714609332e-06
0.000000000000000000e+00
2.729390757849614602e-07
7.929540579709737358e-09
2.750559531250473810e-07
0.000000000000000000e+00
0.000000000000000000e+00
2.981648483668664085e-09
6.483886316743792122e-09
0.000000000000000000e+00
5.909464029230093729e-09
0.000000000000000000e+00
1.213659402310440782e-06
0.000000000000000000e+00
6.879022862449346576e-08
8.140522700372798681e-10
0.000000000000000000e+00
9.748852392021944979e-09
0.000000000000000000e+00
8.880464008598210057e-08
1.147253243516388466e-07
0.000000000000000000e+00
3.516049451590674835e-09
9.066174477823096822e-09
2.462577697315282421e-08
0.000000000000000000e+00
2.880657046233636720e-09
6.109666550457859557e-09
0.000000000000000000e+00
9.268299017151093722e-09
0.000000000000000000e+00
0.000000000000000000e+00
0.000000000000000000e+00
8.303822039701369562e-12
7.518156561713007502e-13
1.270442195888676906e-09
0.000000000000000000e+00
0.000000000000000000e+00
2.171613305845809805e-10
3.529776818056440391e-11
0.000000000000000000e+00
8.294422038090942806e-09
6.726234236253958443e-09
1.905131284729577601e-06
1.269025995398465056e-09
1.385948706911221961e-07
6.938240648679538936e-09
2.626496353741458734e-09
7.754378472668577160e-09
0.000000000000000000e+00
0.000000000000000000e+00
0.000000000000000000e+00
0.000000000000000000e+00
2.855083947039815939e-10
0.000000000000000000e+00
9.260482936035430157e-10
8.774473592154663493e-09
0.000000000000000000e+00
8.911205995332238672e-09
1.876749564644342172e-07
1.636027491258573718e-06
5.254695452094892971e-07
0.000000000000000000e+00
0.000000000000000000e+00
0.000000000000000000e+00
0.000000000000000000e+00
2.157122258594768027e-09
0.000000000000000000e+00
0.000000000000000000e+00
0.000000000000000000e+00
1.429196601065996219e-07
4.454668023345931260e-10
0.000000000000000000e+00
0.000000000000000000e+00
3.805678883139762547e-09
4.814689091858781467e-08
2.385337927179875805e-09
0.000000000000000000e+00
9.013346868869120954e-08
4.727390390257824038e-08
8.546533258879662753e-09
2.117869657425330843e-09
1.283986534872383345e-06
3.061442654939128261e-09
0.000000000000000000e+00
7.563390191922536587e-11
0.000000000000000000e+00
2.373534790933717886e-08
0.000000000000000000e+00
4.724013180634756282e-08
3.892163924490432692e-09
1.842110606276037288e-07
5.371402433951288913e-09
0.000000000000000000e+00
0.000000000000000000e+00
0.000000000000000000e+00
0.000000000000000000e+00
0.000000000000000000e+00
4.271561715452065755e-10
0.000000000000000000e+00
0.000000000000000000e+00
0.000000000000000000e+00
6.554665787916746922e-08
1.567353180575992155e-08
0.000000000000000000e+00
0.000000000000000000e+00
7.648366384671589913e-09
0.000000000000000000e+00
4.497848316020736092e-09
3.492048872288933126e-09
0.000000000000000000e+00
0.000000000000000000e+00
0.000000000000000000e+00
0.000000000000000000e+00
4.021350474836538069e-10
5.354690468806211356e-09
4.216612059515512101e-10
2.697515633087732567e-08
0.000000000000000000e+00
6.906591920596838463e-07
8.934873108046303969e-07
2.125174489719938720e-07
0.000000000000000000e+00
1.308346903039492304e-10
0.000000000000000000e+00
5.975107075784080735e-09
4.988415724938022322e-08
0.000000000000000000e+00
0.000000000000000000e+00
0.000000000000000000e+00
0.000000000000000000e+00
1.840631425054084502e-09
0.000000000000000000e+00
2.802663345846667653e-08
5.933077140696241258e-09
4.668593067691517717e-09
4.126243791091610547e-11
3.134864867693210044e-10
6.464216273371903299e-09
7.908798238531744573e-08
0.000000000000000000e+00
2.753229288998682023e-08
3.342621957003188982e-09
9.564070424517012725e-09
0.000000000000000000e+00
8.571865994788652188e-10
6.354319292967147703e-10
5.578792983129687855e-09
0.000000000000000000e+00
0.000000000000000000e+00
3.590106416595517658e-07
3.618157506934949197e-07
0.000000000000000000e+00
0.000000000000000000e+00
5.431868430605391040e-07
0.000000000000000000e+00
8.659812351652362850e-07
3.100180379078665283e-07
6.782736505783759640e-08
9.241580869456811342e-07
4.510366125032305717e-07
2.497635165354950004e-08
3.173437619352625916e-07
3.390981362372258445e-07
0.000000000000000000e+00
0.000000000000000000e+00
7.707389171329737110e-10
2.975425275053567020e-07
0.000000000000000000e+00
9.506299747386037780e-09
0.000000000000000000e+00
1.834660601218729425e-08
0.000000000000000000e+00
0.000000000000000000e+00
0.000000000000000000e+00
3.048672078675984665e-11
9.236725967420866823e-11
1.017333994823843568e-09
0.000000000000000000e+00
0.000000000000000000e+00
0.000000000000000000e+00
9.684145041433112056e-09
1.543355665489798412e-08
0.000000000000000000e+00
0.000000000000000000e+00
2.461715276069753600e-08
6.699889354422339238e-07
3.049807730803877348e-07
8.458193292426585685e-07
2.820621887167362729e-07
0.000000000000000000e+00
1.540602454497275176e-07
2.371024038438918069e-06
0.000000000000000000e+00
1.501668634773523081e-06
3.753972777076342027e-08
1.685844267740321811e-06
2.130950065293291118e-07
0.000000000000000000e+00
1.840715242451551603e-07
2.561396650335723280e-10
0.000000000000000000e+00
6.238471961239611119e-09
0.000000000000000000e+00
4.401818998189810372e-08
9.937896859602002309e-12
0.000000000000000000e+00
3.762784217542503029e-07
3.602923293044568709e-09
1.659805515252799069e-09
2.272352503496222198e-06
0.000000000000000000e+00
6.269254448909578059e-09
1.157548922492424026e-06
4.020764208689797670e-06
0.000000000000000000e+00
6.586325866919651162e-07
2.284870903590530133e-11
0.000000000000000000e+00
0.000000000000000000e+00
2.994638919062708737e-07
0.000000000000000000e+00
0.000000000000000000e+00
0.000000000000000000e+00
0.000000000000000000e+00
2.312929012759923353e-07
2.790214725933992668e-09
0.000000000000000000e+00
8.257394767952064285e-11
9.930609223829378607e-09
3.899941702911746688e-09
2.339394011841022802e-09
5.916775069891855310e-09
0.000000000000000000e+00
1.170138919093233199e-08
1.044985893372540886e-07
0.000000000000000000e+00
0.000000000000000000e+00
2.724414969179633772e-07
2.080581040786455560e-09
1.628412737986195680e-09
5.483404379447165411e-07
7.632651204403373413e-07
5.467821324600663502e-07
3.863722709829264801e-12
7.357737530355734634e-08
5.637973074512636629e-11
0.000000000000000000e+00
2.001129359996411949e-06
1.543420773131298773e-11
3.026378259107787017e-09
4.660902566677727066e-11
1.155058342305892438e-07
1.110395032810629345e-06
8.838347831385817699e-09
0.000000000000000000e+00
4.716658619230429395e-09
1.887624057061998428e-09
1.081060005958534020e-07
1.548571548770638628e-10
0.000000000000000000e+00
0.000000000000000000e+00
0.000000000000000000e+00
4.093093863843932922e-09
1.597338372683054786e-09
3.627612654710787865e-09
8.794530437228331721e-09
9.825779443417559378e-07
0.000000000000000000e+00
2.967585466251421167e-08
2.047183897957438603e-07
4.766239403153349485e-09
4.358871485976578697e-09
1.126625792657875991e-09
2.880719840447909519e-08
1.865562149205857168e-09
4.957735555422004836e-08
1.565745755272018869e-09
1.132302827500097919e-06
0.000000000000000000e+00
4.163342381957590987e-08
2.315089647764168035e-10
6.825418452649500978e-09
0.000000000000000000e+00
1.753127309989110927e-09
2.195533088666934418e-09
0.000000000000000000e+00
1.301560814681579359e-07
3.655339364527776524e-10
8.059132028392923530e-09
0.000000000000000000e+00
1.140389485954074189e-06
1.485985119675792276e-11
0.000000000000000000e+00
0.000000000000000000e+00
2.457307800796115771e-06
3.809537361121329013e-07
0.000000000000000000e+00
0.000000000000000000e+00
0.000000000000000000e+00
2.763719209042392322e-08
1.558539408641479440e-09
4.808883069529201748e-09
5.040284301038866488e-10
0.000000000000000000e+00
9.386900501340278424e-07
8.780514981765463745e-09
0.000000000000000000e+00
0.000000000000000000e+00
8.387218031202792190e-08
3.781544521963553507e-11
5.359423571604793324e-09
0.000000000000000000e+00
4.209014718981052283e-07
6.571845734271164474e-09
1.521310721841473423e-08
0.000000000000000000e+00
3.901289827214909911e-13
0.000000000000000000e+00
5.318293805345319925e-09
0.000000000000000000e+00
4.535580355735646663e-09
6.993982424319256097e-07
0.000000000000000000e+00
8.803716089467172878e-10
4.732291074560635025e-07
4.873150771800283110e-09
2.949848809663535576e-09
1.816063965875969188e-10
2.218315309221452480e-08
6.539175312347822455e-10
1.670414008003717754e-06
0.000000000000000000e+00
0.000000000000000000e+00
7.253307288124233310e-09
9.168982906260225718e-09
1.405618066385727616e-09
0.000000000000000000e+00
0.000000000000000000e+00
6.370342475747747812e-07
8.892050686881702859e-07
3.252289388910867274e-07
7.187793471530312672e-09
5.814133618997630037e-09
0.000000000000000000e+00
0.000000000000000000e+00
9.417195911964881816e-08
3.613367425714386627e-06
8.429767035522672813e-07
3.023156978088081814e-07
8.830591369246576505e-09
1.919290298246778548e-06
2.781175012511738487e-10
1.811460350609195302e-07
2.765137026017328026e-07
1.279889545457990607e-07
3.037981866071959303e-09
0.000000000000000000e+00
0.000000000000000000e+00
2.946828780991950225e-09
1.028901519539715537e-09
0.000000000000000000e+00
0.000000000000000000e+00
9.370612730208449648e-09
9.480057849842182804e-10
5.071952302593274453e-10
0.000000000000000000e+00
0.000000000000000000e+00
2.435360801911201634e-09
0.000000000000000000e+00
0.000000000000000000e+00
0.000000000000000000e+00
9.685752200283559432e-10
3.509936119527878873e-09
7.902928089720262506e-09
1.303447766387577644e-10
1.760743773004946888e-09
0.000000000000000000e+00
7.147662461903792064e-10
6.953030595724385421e-09
1.043047981319489281e-09
0.000000000000000000e+00
2.381857342470539152e-07
2.751312372373249104e-11
6.442910205350926844e-09
9.914983278846989379e-10
9.307575266070955422e-10
1.015738160248247368e-09
5.761318089270162091e-09
4.969650246877677091e-10
0.000000000000000000e+00
3.274262194707944218e-09
8.535628204242584616e-09
0.000000000000000000e+00
0.000000000000000000e+00
1.199112148242420517e-06
0.000000000000000000e+00
0.000000000000000000e+00
0.000000000000000000e+00
7.840447735496525183e-10
1.103040503380725568e-08
3.407321536030849529e-09
6.398997776102532953e-09
6.737879516549583059e-07
4.039749867956743401e-09
0.000000000000000000e+00
0.000000000000000000e+00
9.345264118110208074e-08
1.730377974240582262e-08
4.691288690850115017e-09
2.780542018854248454e-09
2.812006849595150015e-09
3.717530949742808843e-09
3.645357071757615586e-10
4.371393060864647850e-07
0.000000000000000000e+00
5.595786092271737289e-07
0.000000000000000000e+00
0.000000000000000000e+00
2.064205091301118955e-07
0.000000000000000000e+00
1.678484409239899833e-06
1.557646456262773427e-09
4.428716948723376845e-08
1.376467480440624058e-06
2.002575683945906349e-06
8.791180903244821820e-07
1.253251835642288370e-09
0.000000000000000000e+00
6.492758188869629521e-07
2.895365724953080644e-09
0.000000000000000000e+00
0.000000000000000000e+00
3.491436029179340039e-09
9.053783855961228255e-07
2.076689948476984071e-12
2.678355599528003950e-07
1.065062747329648118e-06
9.364147217638674192e-07
0.000000000000000000e+00
1.783986736114684390e-09
0.000000000000000000e+00
1.361380869147055250e-10
6.320939860415819567e-08
3.945386985865217966e-12
1.610070285096298903e-06
0.000000000000000000e+00
0.000000000000000000e+00
0.000000000000000000e+00
1.321771136986171769e-09
9.766852144821314141e-07
0.000000000000000000e+00
0.000000000000000000e+00
5.310578998773962667e-08
6.450815437375467809e-09
0.000000000000000000e+00
0.000000000000000000e+00
2.822134206326154526e-07
3.040618451466414740e-11
5.655691470707324697e-09
7.363702529683546771e-12
0.000000000000000000e+00
0.000000000000000000e+00
0.000000000000000000e+00
0.000000000000000000e+00
0.000000000000000000e+00
0.000000000000000000e+00
1.084413625562774541e-08
5.762124111186039954e-09
3.915569812829033935e-10
0.000000000000000000e+00
2.891082928613286640e-09
6.657622897421333619e-09
1.371826783724827692e-06
1.157871507007079970e-10
1.865672893952563527e-10
1.160314155868036323e-08
1.515942926744173747e-07
0.000000000000000000e+00
7.773053312121191993e-09
3.954447602705357667e-10
8.451887193589024960e-13
1.094492745323805138e-06
0.000000000000000000e+00
0.000000000000000000e+00
2.526343800823838137e-09
2.412144226582313422e-07
1.363551291433395818e-06
4.403348086157166108e-08
0.000000000000000000e+00
0.000000000000000000e+00
6.907324063831765670e-07
1.782003877792703861e-08
7.946458140395407099e-07
1.555738826652941498e-08
5.495629693541559391e-07
1.988301301381056874e-09
7.033765125896707104e-09
0.000000000000000000e+00
0.000000000000000000e+00
0.000000000000000000e+00
2.337891373827005737e-07
6.337520517263328657e-07
3.506073653625207953e-07
3.156369055012930858e-10
1.772599205196456751e-07
2.453864489382340253e-08
1.172707470686873421e-06
6.745602298963149224e-09
6.670143548603846284e-09
4.951596110913669690e-07
7.240500199401367354e-09
0.000000000000000000e+00
8.884237345796464069e-09
2.628144590843817241e-09
4.415304886151716346e-07
0.000000000000000000e+00
0.000000000000000000e+00
0.000000000000000000e+00
5.778067357908867052e-09
0.000000000000000000e+00
7.366610361714265309e-07
2.948609107988886535e-07
0.000000000000000000e+00
2.160256140637528688e-10
0.000000000000000000e+00
0.000000000000000000e+00
0.000000000000000000e+00
7.763136800065240095e-10
0.000000000000000000e+00
0.000000000000000000e+00
1.148233799708187064e-10
1.808770494493572301e-11
0.000000000000000000e+00
1.792987802673451370e-07
1.776003788478419665e-09
9.205876381201960612e-07
0.000000000000000000e+00
0.000000000000000000e+00
1.187013367598410696e-07
4.523250662913369524e-09
0.000000000000000000e+00
2.799570530953587877e-08
3.746213117494789913e-09
0.000000000000000000e+00
0.000000000000000000e+00
0.000000000000000000e+00
0.000000000000000000e+00
1.213533209920569789e-06
3.055100705751101486e-08
0.000000000000000000e+00
1.606036725831927470e-08
0.000000000000000000e+00
6.062467194922760427e-10
1.398346771708247616e-08
2.555894162981076079e-09
0.000000000000000000e+00
0.000000000000000000e+00
0.000000000000000000e+00
0.000000000000000000e+00
0.000000000000000000e+00
2.916079893111600541e-07
2.783307362363984794e-09
7.168302396109993424e-09
4.742503563193167793e-07
1.014636907825661183e-07
2.087046823362470604e-06
0.000000000000000000e+00
1.744792683666673838e-07
2.899356754682003157e-09
0.000000000000000000e+00
0.000000000000000000e+00
0.000000000000000000e+00
0.000000000000000000e+00
0.000000000000000000e+00
0.000000000000000000e+00
2.366394025177243066e-10
0.000000000000000000e+00
1.524510118144917215e-08
0.000000000000000000e+00
7.602113605287286191e-09
5.295141214389786910e-09
3.465103537436675651e-09
1.993884918283228558e-10
0.000000000000000000e+00
4.006418308222237101e-09
3.601096365546396783e-10
8.880676055644798339e-11
6.137612640344514148e-09
0.000000000000000000e+00
3.217043742509417825e-09
3.170269602392750130e-12
0.000000000000000000e+00
8.964727271632000338e-08
0.000000000000000000e+00
0.000000000000000000e+00
1.609736455243648834e-09
9.761076669168033959e-11
0.000000000000000000e+00
1.252630621451089610e-08
3.072530230241454774e-09
7.115684486080908755e-09
5.520977425232942437e-11
1.212397071626014622e-09
9.572869164031772016e-10
2.008095772998430562e-10
7.599104123734434779e-10
0.000000000000000000e+00
0.000000000000000000e+00
3.464915465656304150e-09
0.000000000000000000e+00
1.007634864436113276e-06
4.069505843418141922e-10
0.000000000000000000e+00
8.103539173021090392e-09
1.503249302814424482e-09
7.613150643237531767e-08
9.193465189127891790e-08
6.473843128240730493e-10
0.000000000000000000e+00
8.893954017707983439e-09
0.000000000000000000e+00
3.140149251734669633e-09
7.824726822036609519e-08
0.000000000000000000e+00
4.048982038540316353e-09
0.000000000000000000e+00
4.084700633288917970e-11
1.182854147963041669e-09
0.000000000000000000e+00
1.931151211165271775e-10
0.000000000000000000e+00
0.000000000000000000e+00
1.353786440588811146e-11
6.966753285375659743e-10
0.000000000000000000e+00
4.029655428783307514e-11
0.000000000000000000e+00
2.801654318318469450e-06
1.330939469745828774e-09
0.000000000000000000e+00
0.000000000000000000e+00
5.945198466861256748e-08
9.136487677530169549e-10
0.000000000000000000e+00
0.000000000000000000e+00
0.000000000000000000e+00
0.000000000000000000e+00
1.277447314596003025e-10
0.000000000000000000e+00
2.585684732991921919e-08
0.000000000000000000e+00
0.000000000000000000e+00
4.170149781046461612e-10
1.252808412566253082e-10
0.000000000000000000e+00
5.500763844423772753e-09
1.598367105337672456e-09
0.000000000000000000e+00
0.000000000000000000e+00
0.000000000000000000e+00
8.958778857648397320e-11
5.317502882462576963e-09
1.780785119365191349e-08
0.000000000000000000e+00
3.793255043404997195e-09
5.123304211429591248e-11
0.000000000000000000e+00
3.818188432092028961e-08
3.852955501315591391e-07
0.000000000000000000e+00
1.188922666983671661e-07
3.071988885494647548e-08
3.746712309293798171e-06
0.000000000000000000e+00
0.000000000000000000e+00
5.324988366917082772e-11
7.093638032529270276e-07
1.402083071866400132e-08
1.133341331893689130e-08
1.676095651159670297e-10
6.625975879082091069e-10
3.276256002604505113e-11
0.000000000000000000e+00
1.661015403442434035e-06
8.002582624344611872e-11
7.375196897640989846e-09
0.000000000000000000e+00
0.000000000000000000e+00
8.190410127895120240e-09
2.221412984115822553e-11
1.209580489103245782e-07
5.487296395045859754e-09
2.568506474176501797e-08
0.000000000000000000e+00
1.315231035192709896e-08
2.054285408448208727e-09
0.000000000000000000e+00
5.247723589008046474e-09
2.420406701730826171e-07
1.247426961725750516e-08
0.000000000000000000e+00
0.000000000000000000e+00
1.209600308804681390e-09
0.000000000000000000e+00
4.084415472505042999e-09
2.005881896138816955e-07
0.000000000000000000e+00
1.148182832366728690e-06
2.941028531822098557e-10
0.000000000000000000e+00
3.088435340803385998e-10
6.712216986670682672e-07
1.725485310188901167e-09
1.713624242505318307e-09
0.000000000000000000e+00
0.000000000000000000e+00
7.137832547243760928e-10
4.300485745289961415e-09
0.000000000000000000e+00
2.639657159519970264e-09
0.000000000000000000e+00
0.000000000000000000e+00
0.000000000000000000e+00
0.000000000000000000e+00
0.000000000000000000e+00
0.000000000000000000e+00
0.000000000000000000e+00
0.000000000000000000e+00
0.000000000000000000e+00
0.000000000000000000e+00
8.124233730200103309e-09
6.084146964013825709e-09
1.970937413275919425e-09
8.721559585644911294e-10
1.201811095086213754e-09
0.000000000000000000e+00
0.000000000000000000e+00
4.699908240368699808e-10
4.137760800659862070e-09
0.000000000000000000e+00
1.009370018123512125e-10
0.000000000000000000e+00
5.421782134362729266e-09
3.053664432428604414e-09
1.037416152982473250e-09
2.173802293725657364e-08
0.000000000000000000e+00
3.210010106613481184e-07
4.840529754801536910e-07
2.030081560633334448e-07
1.271012166625951068e-07
8.714445137725235213e-11
5.620980569887024103e-09
5.885400500282855774e-10
4.691704358350534676e-09
0.000000000000000000e+00
9.873815653982376261e-11
0.000000000000000000e+00
0.000000000000000000e+00
0.000000000000000000e+00
3.542527382549565118e-09
0.000000000000000000e+00
3.731049691424459525e-09
2.358918615996685730e-09
1.874732369344656036e-08
1.049236475481052366e-09
0.000000000000000000e+00
2.873971816086395847e-08
7.624719522425493778e-09
7.684260339146931074e-09
4.059634051145621925e-08
5.596220709058741249e-11
0.000000000000000000e+00
1.020058260081668777e-09
0.000000000000000000e+00
0.000000000000000000e+00
0.000000000000000000e+00
0.000000000000000000e+00
2.718822322833602811e-08
0.000000000000000000e+00
1.351017272099852562e-05
0.000000000000000000e+00
2.064659383904654533e-06
0.000000000000000000e+00
7.204190577425606534e-09
4.703675671180462814e-09
5.876625852607730849e-09
3.606509257902956733e-10
2.689855976845123564e-11
0.000000000000000000e+00
5.085125209802754398e-09
1.688396977783668262e-08
2.634772044984856620e-08
7.548325853257153994e-10
0.000000000000000000e+00
5.890622656323785122e-09
1.521995529607522712e-09
0.000000000000000000e+00
2.766980221335924028e-12
0.000000000000000000e+00
7.145704028488353288e-10
2.973431278974203451e-08
2.148961328884979594e-07
7.390869249945808406e-09
3.685249794216360897e-08
3.196903364255376800e-08
6.027749464010412339e-07
1.318768227065447718e-05
5.929678437155416759e-08
6.787905135752225760e-07
9.364940822820244648e-09
3.326339310660841875e-07
0.000000000000000000e+00
1.902747293058837386e-09
0.000000000000000000e+00
0.000000000000000000e+00
9.356904140389588065e-10
2.205669646926367022e-09
0.000000000000000000e+00
5.842053241167377564e-08
3.216839772335333691e-08
0.000000000000000000e+00
1.766206403353010046e-09
1.855583464660526261e-10
0.000000000000000000e+00
0.000000000000000000e+00
4.446202517272013210e-09
1.374503568740692572e-07
0.000000000000000000e+00
0.000000000000000000e+00
1.031406904328235896e-11
2.254055969652668523e-10
4.353834981429827167e-08
1.954673223281133687e-07
0.000000000000000000e+00
0.000000000000000000e+00
2.300045025549479760e-07
1.976286284843808971e-06
1.827290228850753095e-11
0.000000000000000000e+00
1.070510279532754794e-06
1.128063531474765568e-09
7.093120535373031998e-10
2.853292688925757048e-12
4.820092840418510605e-07
0.000000000000000000e+00
3.617606214589841329e-09
0.000000000000000000e+00
0.000000000000000000e+00
0.000000000000000000e+00
0.000000000000000000e+00
7.027356474509360851e-10
1.663759796599606489e-09
7.148056591077533994e-10
4.335059955451470159e-08
1.473889454928212217e-09
1.026458903652383015e-06
2.275790889072482059e-09
6.977354111148414972e-11
2.871632931444878523e-09
7.345138386405380970e-10
0.000000000000000000e+00
2.913467334053621016e-08
5.862562435510199066e-09
8.815645102799862798e-09
0.000000000000000000e+00
4.801262054598964824e-09
1.075455058341390213e-09
3.317132332703032205e-11
2.442684110537385322e-10
2.865204518087693941e-09
9.131221889724372431e-10
0.000000000000000000e+00
1.203208285005530342e-06
2.519987343796437074e-11
0.000000000000000000e+00
1.222351642127250670e-08
0.000000000000000000e+00
5.968230909481064828e-10
0.000000000000000000e+00
1.769728807943238280e-09
0.000000000000000000e+00
4.703475386946820436e-09
3.881791554860569704e-10
0.000000000000000000e+00
0.000000000000000000e+00
1.251741643670811754e-08
6.338891078705444215e-10
4.523018071189710554e-10
4.462699099150313486e-09
1.271396854463091586e-06
3.245822810526988178e-08
1.333449461959901328e-09
1.403140270639369191e-09
7.181386081356322393e-07
1.187846798700320505e-08
1.705484606873142184e-07
0.000000000000000000e+00
1.042781363480571599e-07
0.000000000000000000e+00
1.803566851421578576e-09
8.655240968380439881e-10
3.610578573898237664e-07
6.323976897704142175e-10
1.003728142268123236e-10
0.000000000000000000e+00
3.458116992760551511e-08
0.000000000000000000e+00
1.310116015673656875e-08
0.000000000000000000e+00
9.576406508060575362e-12
2.750694783060225745e-09
0.000000000000000000e+00
0.000000000000000000e+00
0.000000000000000000e+00
0.000000000000000000e+00
3.930002989704917127e-08
0.000000000000000000e+00
2.743726801313073338e-09
0.000000000000000000e+00
0.000000000000000000e+00
3.159413286546453037e-10
0.000000000000000000e+00
2.629662633479856737e-11
5.568212904649705308e-11
0.000000000000000000e+00
1.704613783459762999e-09
7.341901309132481401e-09
1.896029381133305936e-14
0.000000000000000000e+00
3.342014167628803989e-07
3.768953205085523450e-10
0.000000000000000000e+00
0.000000000000000000e+00
3.728533926050658920e-09
0.000000000000000000e+00
7.902969834105988411e-09
0.000000000000000000e+00
6.170541855254896291e-09
2.041806057562212118e-09
4.269719244831549076e-09
1.127366218156566902e-07
0.000000000000000000e+00
5.523268242768608616e-08
1.358626349201585981e-07
8.663552653054296115e-10
0.000000000000000000e+00
3.139480619918089133e-10
1.560893458929513145e-08
1.237008273591300167e-10
6.895579218735292670e-09
0.000000000000000000e+00
9.500290047981252428e-07
1.026201085913003297e-11
0.000000000000000000e+00
0.000000000000000000e+00
0.000000000000000000e+00
9.113514352065976709e-07
3.833734751879092073e-07
5.723246090383327100e-07
0.000000000000000000e+00
2.404389354282443492e-09
2.127775511340246339e-09
3.582553809167166037e-09
0.000000000000000000e+00
8.243331017787625115e-10
0.000000000000000000e+00
6.008668407275763457e-08
0.000000000000000000e+00
8.767327308589756285e-09
0.000000000000000000e+00
0.000000000000000000e+00
0.000000000000000000e+00
8.043197219365083583e-09
1.089707490908864429e-11
6.825292331313903560e-09
6.369986493837132002e-08
0.000000000000000000e+00
2.488489414531613875e-09
1.165668095381988678e-08
0.000000000000000000e+00
0.000000000000000000e+00
0.000000000000000000e+00
3.479990254295906027e-11
8.592561329123782343e-09
0.000000000000000000e+00
5.582328554964988143e-08
0.000000000000000000e+00
2.417273663013475016e-06
4.317361135264263794e-09
0.000000000000000000e+00
6.483633114839904010e-07
0.000000000000000000e+00
0.000000000000000000e+00
1.164443347079213709e-05
0.000000000000000000e+00
4.150265908720029984e-09
2.765713880137354863e-09
4.422993526986829238e-09
1.831007567787423795e-09
0.000000000000000000e+00
0.000000000000000000e+00
0.000000000000000000e+00
5.651426437935924696e-09
4.050075162395638806e-13
4.687767063416004021e-09
7.664665346851506911e-09
0.000000000000000000e+00
0.000000000000000000e+00
0.000000000000000000e+00
0.000000000000000000e+00
5.870137265162611584e-09
0.000000000000000000e+00
1.064456967014848487e-09
0.000000000000000000e+00
3.455234764970782635e-09
2.207340532578427883e-09
5.818706849680665982e-09
0.000000000000000000e+00
6.618665615576446726e-09
3.177547114319168031e-10
7.870235130269520596e-09
6.702704808958515059e-07
3.527738323683138333e-09
4.386904173259154049e-09
3.833031114730545141e-11
5.337898869584023487e-07
1.655431867975121207e-11
0.000000000000000000e+00
4.595655855865743433e-09
1.629525070434567624e-09
2.342287697132405810e-09
1.671104588041316674e-09
3.343750831774627841e-10
0.000000000000000000e+00
0.000000000000000000e+00
1.157217863201331909e-10
4.385467822221045253e-10
0.000000000000000000e+00
1.088543228888738668e-07
0.000000000000000000e+00
5.638256528328611239e-09
4.838758513869834132e-07
2.092016559984699597e-09
0.000000000000000000e+00
6.679026398614951177e-08
0.000000000000000000e+00
0.000000000000000000e+00
3.069846677208887264e-12
1.560604658834563452e-07
0.000000000000000000e+00
0.000000000000000000e+00
2.161888623675167764e-08
0.000000000000000000e+00
2.559975520455282094e-08
1.222231621467173568e-10
0.000000000000000000e+00
0.000000000000000000e+00
0.000000000000000000e+00
2.307930770939492504e-07
4.485026239287037697e-10
0.000000000000000000e+00
0.000000000000000000e+00
0.000000000000000000e+00
0.000000000000000000e+00
7.336894286558148792e-11
0.000000000000000000e+00
8.968891407334922405e-09
1.318665288074782893e-09
0.000000000000000000e+00
0.000000000000000000e+00
5.646712875062576131e-09
3.961950767461530631e-08
1.377934495394583791e-07
0.000000000000000000e+00
1.377566505311733636e-09
1.954817996363544808e-08
9.544437289121798784e-12
1.002488403401002870e-08
9.657104449445341743e-09
6.668905982998296622e-10
0.000000000000000000e+00
2.742769389385557588e-08
0.000000000000000000e+00
2.634685714042461768e-08
0.000000000000000000e+00
0.000000000000000000e+00
0.000000000000000000e+00
3.585997276900343422e-08
0.000000000000000000e+00
1.173827479661326834e-09
1.097653745674165293e-09
1.466729827370727435e-06
1.476707467418236774e-08
0.000000000000000000e+00
9.247403198742176755e-08
1.984808584154507116e-08
0.000000000000000000e+00
3.155952832400998886e-09
4.382697760263454256e-09
5.510263356711675442e-09
7.995156536821923510e-09
4.997881219992450497e-09
5.152475637260067742e-07
1.589461021467286628e-06
2.472392566232883837e-07
2.033739843199100505e-09
1.094040271709673107e-06
0.000000000000000000e+00
6.712290723243086177e-09
1.036907981699641823e-08
1.282762980281404452e-07
1.265700859676144319e-07
1.818312611590044980e-09
3.112043511777073945e-09
4.343187587352304035e-09
0.000000000000000000e+00
6.401065899552804694e-09
3.193595166095519744e-09
5.841070205292453466e-08
1.477883682099445650e-08
8.184355237972340547e-08
0.000000000000000000e+00
0.000000000000000000e+00
2.433588264239006094e-08
0.000000000000000000e+00
2.429749883958720602e-06
1.838740004700412101e-08
1.405521175001922529e-07
1.828180188567785081e-06
4.062577261265687412e-07
7.269878210536262486e-07
5.116458812182145266e-09
6.896510917897558102e-09
3.928137743969273288e-07
4.384637861676310422e-07
3.975472111505951034e-07
1.671728888652523892e-08
5.023709377383056562e-07
6.223258878890192136e-06
1.417711672502264264e-07
2.799154117383295670e-06
1.316291786679357756e-07
1.018445550116098275e-09
2.744230300777417142e-07
7.036372835500515066e-07
7.038108762458250567e-09
5.424885873850371354e-09
1.719213997830593144e-07
3.582447618555306690e-07
1.070783696377475280e-06
5.528153792511147913e-07
1.769294613040983677e-06
4.588716365105938166e-06
9.180270765796194610e-09
1.925279633496757015e-07
2.211727467837931727e-09
7.496142018226237269e-08
5.854826667928136885e-08
3.292055517079006677e-09
1.398731654944640468e-07
2.735000315112756653e-08
6.611330860550879152e-08
4.007917766557511641e-07
5.868836865374760237e-07
1.275863610317173880e-06
6.756817469977249857e-07
2.333219129013741622e-07
6.082167942622618284e-07
4.459772551257401574e-09
1.070606231223791838e-06
1.920702061397605576e-06
4.817553644897998311e-07
4.815154852622072212e-08
0.000000000000000000e+00
5.375676437324727885e-07
5.534561751119326800e-07
7.556703280897636432e-07
2.193485499901726143e-07
3.415265723560878541e-07
0.000000000000000000e+00
5.896788390913343392e-09
5.572116545948802013e-09
3.471719765002490021e-07
7.510609495442466255e-11
4.297933742236637045e-07
6.479865977127019505e-09
8.633015369241547887e-08
1.913504320327774622e-06
3.094265593972522765e-06
4.717741433069022605e-07
8.403355877817375585e-07
7.487422487573169860e-11
2.773864196115027880e-07
2.558329015300842002e-07
1.434312935089110397e-07
9.877297088678460568e-06
1.779937974788481370e-07
3.955786951337358914e-07
1.338507971127000928e-09
0.000000000000000000e+00
1.235119839293474797e-06
3.800937292908201925e-06
1.649591894192781183e-07
9.191124377139203716e-07
2.483087939708639169e-07
5.629984229926776607e-07
6.878729585935161595e-09
1.732221761585606146e-07
2.165546902688220143e-06
2.519184583160694046e-10
3.862447306435257133e-10
0.000000000000000000e+00
1.594322174280904392e-10
5.301979744132268024e-09
0.000000000000000000e+00
4.189967839351993462e-08
0.000000000000000000e+00
4.145939556110533886e-07
7.519837481595459394e-07
5.762393229247209092e-09
3.997507064923411235e-06
1.555531099484142032e-07
0.000000000000000000e+00
0.000000000000000000e+00
4.048640089848731805e-09
5.051519451626518276e-07
1.974158170270357004e-09
4.473639023672149051e-07
1.580285458047114844e-09
6.167877319995795915e-09
9.643345677545767103e-09
1.398185833778597953e-08
1.068927645064832177e-06
1.067075118044158444e-06
4.248791540817364876e-09
3.981811769193654982e-09
1.667633853230654495e-08
4.387190983834443614e-07
1.405856210112688132e-06
8.668113338217153796e-08
9.240369536200887524e-07
4.983234020983218215e-07
2.226658125437097624e-06
1.871965537247888278e-06
6.197893753778771497e-09
4.807551704288925976e-06
0.000000000000000000e+00
6.559557164109719452e-07
2.418115263580489227e-09
2.790079065562167671e-07
6.376109240591176786e-07
4.185073976259445772e-07
4.677030673860826937e-08
1.472870394536585081e-06
0.000000000000000000e+00
1.780741110124495208e-09
8.688615160679091787e-09
6.360805855365470052e-07
6.127344465145512231e-11
0.000000000000000000e+00
6.563031433870492037e-07
1.847502744567464106e-06
4.189998605852451874e-07
2.217928170011873590e-07
4.734299920983175980e-07
4.989776698494097218e-07
1.136598086759477155e-07
2.887530747841537959e-08
5.574464623236963234e-08
1.108422464923819462e-09
3.329482689551355179e-09
3.804635079207585591e-11
7.167335525082307868e-07
3.942821820146491518e-07
8.669664097737950215e-09
1.123399506752775778e-08
6.107243279984686524e-07
7.154893637562054209e-07
8.562915354559663683e-07
3.787664937249246577e-08
4.757434055591147626e-07
2.297402033946127631e-06
2.273992834034288535e-07
3.246177493476665177e-10
7.901759246919937141e-09
3.463265008107896392e-09
1.932610075527918525e-06
2.470537108223425093e-10
1.680787590885302052e-06
7.499543386302320869e-08
3.636405097040551482e-07
1.494390318157456932e-07
2.098737894584701280e-07
1.160419287771219388e-06
2.265660326017382431e-09
1.085272938183834412e-08
6.528171070385724306e-07
0.000000000000000000e+00
3.069443366143786989e-08
2.254685847746795702e-11
3.001259187840332743e-07
9.707237040856853127e-07
8.210027999666635878e-07
3.144883242711671301e-09
3.188278242305386811e-06
5.074385001080372604e-08
8.034978016269178624e-09
0.000000000000000000e+00
5.884090569452382624e-06
5.565432559251348721e-10
3.830448633834748762e-07
9.818337503020302393e-07
2.306031365861826998e-09
0.000000000000000000e+00
6.880746195037090729e-09
3.650822311129786613e-09
2.473886206999509341e-09
8.034660936573345680e-08
4.822233723444924181e-09
3.348076038633962526e-09
4.558243116292715058e-09
1.316633380099574424e-08
1.702212557574966922e-07
3.729251716322323773e-07
4.558149058198068815e-08
4.412897851580055431e-07
6.692818601550243329e-07
9.618893237473002955e-09
2.118916029303363757e-07
4.445595447322148175e-09
5.741675295212189667e-07
5.992102369845042631e-10
7.160876780432090527e-09
4.560232191863633489e-09
2.269069376836796437e-08
2.489548762696358608e-07
4.022028196604132688e-11
1.869588484026962760e-09
2.532388521103712264e-07
0.000000000000000000e+00
1.926790389461530140e-07
2.604599103506188840e-06
4.867666120844660327e-06
2.829250389524418097e-09
6.004229113898418291e-09
0.000000000000000000e+00
0.000000000000000000e+00
5.970482441775004645e-10
