7.904735866759438068e-06
4.781346163440503005e-08
5.412287009676219895e-07
4.315428157042333623e-07
1.899114295156323351e-06
0.000000000000000000e+00
3.555154080459033139e-06
1.253539494427968748e-06
0.000000000000000000e+00
4.448415040769759798e-07
5.763833996752509847e-07
1.240321267914623604e-07
8.100954801193438470e-06
1.818905275285942480e-07
7.104312658157141414e-07
3.865466879915402387e-08
0.000000000000000000e+00
1.263582012460406911e-12
2.929712472621304187e-09
1.605927479886304354e-07
3.249733993015979649e-07
9.518930710328277200e-07
1.505215550423599780e-06
3.667895043690805323e-06
1.816178337321616709e-05
3.610534804465714842e-06
4.340853593021165580e-06
3.343050821058568545e-06
5.365106972021749243e-06
8.363277288481185678e-07
4.506895479039485508e-08
3.651699444162659347e-06
4.920951255371619482e-07
4.657609053992928239e-07
7.639105206180829555e-06
5.816898465127451345e-07
1.184142911370145157e-05
3.099016112173558213e-06
4.660867602979124058e-07
5.440437689685495570e-06
2.476959480190998875e-06
2.455374215060146526e-06
1.719398710520181339e-06
3.825297426374163479e-06
8.142589649651199579e-06
2.627377625685767271e-06
0.000000000000000000e+00
4.404738547236775048e-07
1.561969725116796326e-06
6.253515948628773913e-06
9.203153240378014743e-06
1.931906581376097165e-06
2.964896793855587021e-06
5.036487891629803926e-06
2.788830443023471162e-06
7.986354830791242421e-06
3.564437747627380304e-06
4.783032636623829603e-06
1.492967840022174641e-06
1.153152243205113336e-05
5.450532626127824187e-06
1.027166035783011466e-06
8.311271812999621034e-06
1.301979955314891413e-05
1.638545882087782957e-06
5.081971721665468067e-06
4.278223514120327309e-06
0.000000000000000000e+00
7.322172677959315479e-06
2.085074083879590034e-05
6.758986728527816013e-06
5.132927185513835866e-07
3.971500063926214352e-06
5.193497145228320733e-06
3.199823822797043249e-06
4.914267719868803397e-06
8.092449206742458045e-06
1.445387511012086179e-06
1.271243718292680569e-06
5.220215371082304046e-06
9.460218279855325818e-07
2.693897386052412912e-06
2.228318635388859548e-06
1.034780962072545663e-05
1.205532680614851415e-05
5.094636890135006979e-06
1.350432512481347658e-06
2.686620427994057536e-05
5.084984422865090892e-06
1.657727466408687178e-06
7.982290298969019204e-06
4.426420616709947353e-07
2.303652536284062080e-06
3.210372369721881114e-06
1.865908416220918298e-06
5.499468443304067478e-06
2.375922889541470795e-07
4.821812581212725490e-06
1.985614744626218453e-06
1.145318310591392219e-05
2.228785206170869060e-06
3.848451342491898686e-06
1.196659013658063486e-06
3.336930603836663067e-06
1.026361951517174020e-05
6.343063432723283768e-06
1.089168563339626417e-05
1.195289314637193456e-05
9.740791028889361769e-06
1.159010935225524008e-06
1.100495592254446819e-05
5.504140432321946719e-08
1.009359607451187912e-06
4.355441433290252462e-06
1.144253815255069640e-06
3.504709411572548561e-06
1.303282260778360069e-06
3.109975637016759720e-07
2.304227791682933457e-06
3.004562358910334297e-07
1.074643218856863314e-08
1.776641624928743113e-07
4.463927325559780002e-07
5.905304533371236175e-06
5.330507519829552621e-06
1.873798964879824780e-06
5.446581781143322587e-06
3.017106791958212852e-06
2.574190375526086427e-06
7.230059964058455080e-07
1.324980985373258591e-06
8.404219542512691987e-09
3.352869271111558191e-06
1.018345187731029000e-06
9.764974493009503931e-06
5.461348791868658736e-06
6.099517335655946226e-09
1.926180175360059366e-06
0.000000000000000000e+00
8.329614615831815172e-07
2.097563793768131291e-07
8.763464620642480440e-07
1.331666135229170322e-05
7.066321359161520377e-06
3.895036400081153261e-07
3.046455276489723474e-06
0.000000000000000000e+00
1.495256583439186215e-06
2.239484501842525788e-06
4.713655599175581301e-08
3.109372812559740851e-07
2.348890802750247531e-06
2.648917188707855530e-06
2.070980826829327270e-06
6.749485415014078171e-09
1.741983282954606693e-06
2.271784069307614118e-06
2.928449475803063251e-06
1.448928742320276797e-06
7.853708439142792486e-07
3.161739869028679095e-06
5.716413298273437249e-08
1.432325916539411992e-06
1.888726160359510686e-06
1.487659687882114667e-06
1.627904566703364253e-06
9.752891401149099693e-07
2.752547914042224875e-07
7.858841577501607389e-09
1.375138651837914949e-07
1.094310277949261945e-06
0.000000000000000000e+00
5.697420988326484803e-07
4.861676572431861132e-08
9.475285196458571590e-07
1.093396733153895184e-07
6.182858101055899169e-07
5.638324864776222967e-07
6.261267571971984580e-06
3.085770856614544755e-07
1.100967708111966203e-07
1.572746555211779196e-07
1.676224030688899802e-07
2.849207589861180168e-07
1.093648847927397583e-06
1.544051315249816980e-06
7.618866220582276583e-06
9.848116633293102495e-08
8.464198799629230052e-07
6.777570433769142255e-07
1.882386300167127047e-06
4.283656380721367896e-07
2.656809385825908976e-07
9.509853953204583377e-07
3.856526291201589629e-06
2.360902499276562594e-06
2.439039690216304734e-07
3.712324541993439198e-06
7.810278361830569338e-07
4.081158806457096944e-07
2.468943591793504311e-07
3.176963048190373229e-07
1.124420123232994229e-06
4.899106897937599570e-07
1.171434450952801853e-05
2.345592235997173702e-07
7.537791589129483327e-06
6.925323958739681984e-08
7.568548312519851606e-07
0.000000000000000000e+00
2.402859138328494737e-07
6.704840416205115616e-07
5.425712856776954141e-07
1.711773194301713374e-07
1.856663971011585090e-06
4.285661532321682898e-07
1.252766764991974924e-06
9.883010676503545255e-08
4.277619154890999198e-06
1.669754681188351242e-07
1.121679886750825972e-07
0.000000000000000000e+00
1.117373429337931157e-07
5.840253152200602926e-07
9.348404006459531956e-08
3.900678393620182760e-07
1.792660384580813115e-07
8.245307867582596373e-07
7.062613462949229870e-07
3.928962996724294499e-06
4.156455304382689064e-07
7.205326255643740296e-06
5.683718882210087031e-07
0.000000000000000000e+00
2.309495528152183397e-07
9.238863007965392171e-09
7.468899099194459268e-08
2.330351023260845977e-09
7.581626704222799162e-08
1.111337155634828378e-06
2.929124889305967372e-07
1.814613028727762867e-07
1.156580992756062187e-06
2.514100060579949059e-06
0.000000000000000000e+00
9.135598588727589231e-08
9.289143463320215233e-07
4.541849705219647149e-07
5.311825361786759458e-07
4.197499592351050524e-08
4.871886858381913044e-07
2.057334995697601698e-06
3.339303702887264080e-06
0.000000000000000000e+00
1.376155012167146197e-07
8.664625283927307464e-07
1.643635982873092871e-06
9.285573696615756489e-07
2.060488213828648441e-06
6.340372920021764003e-07
2.057725367876628297e-07
2.789122618196415715e-06
9.520450703348615207e-07
2.836175561071740958e-08
2.171470896428218111e-06
7.275903612935508136e-07
5.346940952222212218e-07
2.953950684059236664e-07
7.532579274993622676e-06
8.059269021032378078e-07
1.292082174586539622e-06
3.701300386182992952e-07
9.184939813167147804e-07
2.804294929603656783e-08
1.216889017996436451e-06
3.288671024392897380e-08
6.432209875839589586e-09
1.245534576810314320e-06
0.000000000000000000e+00
3.260453013353981078e-06
3.807919313203456113e-08
0.000000000000000000e+00
3.641682866373230354e-08
0.000000000000000000e+00
0.000000000000000000e+00
0.000000000000000000e+00
0.000000000000000000e+00
0.000000000000000000e+00
0.000000000000000000e+00
2.227189810355412192e-07
0.000000000000000000e+00
0.000000000000000000e+00
1.006008460535667837e-06
1.000872543954756111e-05
0.000000000000000000e+00
0.000000000000000000e+00
0.000000000000000000e+00
0.000000000000000000e+00
0.000000000000000000e+00
2.649796897458145395e-06
0.000000000000000000e+00
1.123184802054311149e-06
1.243405591822011047e-07
2.610063498664771942e-09
4.939863629260798916e-07
9.762170094518296537e-08
0.000000000000000000e+00
4.408201448313775472e-07
0.000000000000000000e+00
5.255420543193167759e-09
2.282254882857159828e-07
0.000000000000000000e+00
5.913176437388756312e-07
0.000000000000000000e+00
1.658089487932556949e-08
5.458960394832956808e-09
3.850303983199410141e-06
8.498565762238285970e-07
2.557002005687536439e-07
4.532842012849869207e-07
2.128723153305145388e-08
1.267644620384089649e-07
3.328247899503367080e-08
1.764837165296739840e-08
3.018410325239528902e-06
4.594891379383625463e-06
8.752419233815089683e-08
1.018072453007334843e-06
6.333409174885673565e-08
1.468617710997932591e-06
1.579448252186921309e-07
3.688402898660569917e-07
4.911185680356311423e-09
1.209903732757311445e-08
6.516897883557248861e-07
6.604296487466854160e-08
1.685954629238040070e-07
7.498636023228755221e-06
1.804551061468373518e-06
2.473447239026427269e-06
1.108928017856669612e-06
3.685022420540917665e-07
1.180922666321748693e-07
5.851338755746837705e-07
1.653119738875830080e-06
7.866719897720031440e-07
1.759601218509487808e-06
3.297321427453425713e-06
1.428408893389132572e-07
1.495462953471360379e-07
1.319427980206455686e-07
8.524171448698325548e-07
6.316102485470764805e-08
0.000000000000000000e+00
0.000000000000000000e+00
2.079816795230726711e-06
1.677003957922806876e-08
9.468912480770086404e-07
6.488832582363102119e-08
2.368703775346148177e-07
0.000000000000000000e+00
0.000000000000000000e+00
3.951195139961782843e-06
1.125839261817418446e-07
1.441948285219041281e-07
7.472009855291616987e-08
8.141940952555160038e-07
0.000000000000000000e+00
5.471146096169832163e-07
6.226181881174852606e-08
0.000000000000000000e+00
0.000000000000000000e+00
3.716331020697793974e-09
0.000000000000000000e+00
0.000000000000000000e+00
0.000000000000000000e+00
2.429209473575610900e-07
6.532479801535373554e-08
1.821648993427515961e-06
0.000000000000000000e+00
0.000000000000000000e+00
6.434410124711575918e-07
1.393966158502735198e-06
3.201392928531276993e-07
0.000000000000000000e+00
0.000000000000000000e+00
0.000000000000000000e+00
4.120641328153595850e-11
2.036732382748596137e-07
1.122336428238668304e-07
5.304293448915586850e-09
0.000000000000000000e+00
1.121726654673693702e-06
0.000000000000000000e+00
5.828138682772987522e-07
0.000000000000000000e+00
5.810104539705207571e-07
1.898690413781878306e-07
8.232939308072673157e-07
4.983927283319644630e-06
1.183925313341660512e-08
9.795209052754216827e-07
2.094212732117739506e-07
1.424398021754313959e-08
2.928056552775615273e-08
1.286872191030852264e-07
2.689570521852147067e-07
2.598380206109141000e-06
3.547755422772524980e-09
4.087137028818688123e-07
5.721041418382810662e-08
7.680968337808735669e-06
1.838576508816913702e-07
1.428977896011929261e-07
5.845695341122336686e-07
2.327814172531361692e-06
7.543399647147452924e-07
6.535792635986581445e-07
1.454553284929716028e-06
5.637431513605406508e-06
2.602019435471447650e-07
9.637663112016525702e-08
2.683646869172662264e-07
6.763880264770705253e-07
1.259910732187563553e-06
8.075070390134442277e-09
7.036867799570245552e-08
1.475995787814099458e-07
3.394826535441097803e-07
3.480431018942908850e-07
0.000000000000000000e+00
0.000000000000000000e+00
0.000000000000000000e+00
7.190959827596543619e-09
0.000000000000000000e+00
0.000000000000000000e+00
8.245448839261371177e-07
0.000000000000000000e+00
7.078367048052314203e-07
6.083324137762247119e-07
3.676168702781978936e-08
0.000000000000000000e+00
6.787196866753220093e-07
1.977168722078204155e-06
4.940965936839347705e-06
2.401814072072738782e-07
5.048242357474919118e-08
2.297655782967922278e-06
1.350896212670704699e-07
1.390677425661124289e-06
2.561462431049932320e-10
1.362692160000733566e-06
0.000000000000000000e+00
0.000000000000000000e+00
2.361239012316218577e-06
0.000000000000000000e+00
0.000000000000000000e+00
0.000000000000000000e+00
0.000000000000000000e+00
1.784948295835420140e-07
0.000000000000000000e+00
3.747284722521726508e-07
0.000000000000000000e+00
3.051085570859868312e-07
6.916794177413976286e-07
2.077127419397584163e-06
0.000000000000000000e+00
0.000000000000000000e+00
4.310004896979080513e-06
0.000000000000000000e+00
3.630058813541836571e-07
4.129715307499282062e-06
1.173949684130093374e-07
0.000000000000000000e+00
6.050338470231508836e-07
2.481773009321841528e-09
5.017508541982351744e-08
0.000000000000000000e+00
2.971077037727809511e-07
0.000000000000000000e+00
2.668650040504871868e-06
2.408998511782556307e-07
4.090525749234075192e-07
2.764343420835757570e-09
0.000000000000000000e+00
8.189146569748118054e-07
1.403323892645857995e-07
1.494243747401924338e-06
2.210989578088629059e-06
1.128325433086274643e-08
6.057602774944825796e-08
1.714893897997171734e-07
0.000000000000000000e+00
8.615565434411109891e-07
1.062041263821811299e-07
7.449842343021373381e-08
3.954760927626921330e-07
1.584403617016505450e-05
4.702423268554412061e-07
2.177745273002074100e-07
2.388236225669970736e-06
6.762945304217282683e-06
9.767834399099228904e-07
1.449658498131611850e-06
1.801892267394578084e-06
5.752524430135963485e-07
1.158783931032303371e-07
1.826598918341915123e-06
8.734413086131098680e-07
9.336968531670208904e-08
3.668423573799373116e-07
0.000000000000000000e+00
0.000000000000000000e+00
2.331125443788550911e-07
7.213361019609010327e-09
6.197978564159711823e-06
4.634987647023081081e-07
0.000000000000000000e+00
2.061117387874844553e-10
0.000000000000000000e+00
1.315448722172263274e-10
7.570850613092261483e-09
2.123851032820311957e-07
0.000000000000000000e+00
1.456582481296209153e-06
2.721945113748347467e-09
0.000000000000000000e+00
2.734615867083789453e-09
2.083836960764529067e-07
1.354554939325680607e-07
4.607327809935668483e-06
9.392056767865142319e-07
0.000000000000000000e+00
1.420724942136075697e-07
0.000000000000000000e+00
0.000000000000000000e+00
9.917543231097170064e-09
0.000000000000000000e+00
0.000000000000000000e+00
0.000000000000000000e+00
0.000000000000000000e+00
0.000000000000000000e+00
0.000000000000000000e+00
0.000000000000000000e+00
0.000000000000000000e+00
2.358942555180654210e-11
2.726714001255459152e-07
0.000000000000000000e+00
1.323477704318065662e-06
1.701781400242907694e-07
0.000000000000000000e+00
0.000000000000000000e+00
0.000000000000000000e+00
0.000000000000000000e+00
4.803156912203121465e-07
4.635741390757175395e-08
6.939735591737772324e-11
0.000000000000000000e+00
1.577518844442238333e-07
0.000000000000000000e+00
0.000000000000000000e+00
0.000000000000000000e+00
0.000000000000000000e+00
4.860612534685060382e-07
0.000000000000000000e+00
0.000000000000000000e+00
6.254718414311355446e-07
1.362288948314471781e-08
0.000000000000000000e+00
0.000000000000000000e+00
4.497173904383089393e-07
0.000000000000000000e+00
1.319055229487275938e-07
1.382621661605298868e-07
0.000000000000000000e+00
5.629221888625579595e-08
2.825755274216135149e-08
2.965482792660623090e-08
1.011173935694387183e-07
1.085245457943528891e-07
2.511722868803190067e-06
7.287234893738059327e-06
1.568337324897584040e-06
1.991722001548623666e-06
1.396057314195786603e-06
1.623195373667840613e-07
1.813403258665857720e-07
2.622279225761303678e-06
2.661719008756335825e-06
6.275039599046294825e-09
4.901743068330688402e-06
7.762799327792890836e-07
1.376076488668331876e-05
0.000000000000000000e+00
4.116351348670832522e-08
6.153089771032682620e-07
6.509223715589484982e-10
1.838461116676626261e-06
3.382669149232242489e-07
3.619601102400338277e-06
1.501009251114737708e-06
2.432431983834248967e-06
1.759035370696437894e-07
2.140735375633084914e-07
6.459467840613797307e-07
0.000000000000000000e+00
1.482663947172113694e-06
1.309758346224043635e-07
8.701531939436790708e-09
0.000000000000000000e+00
0.000000000000000000e+00
0.000000000000000000e+00
0.000000000000000000e+00
0.000000000000000000e+00
2.055412409163182019e-07
1.820382180994783994e-06
0.000000000000000000e+00
2.189184897360973991e-06
3.025790533683903050e-07
1.342692712569260038e-07
0.000000000000000000e+00
0.000000000000000000e+00
4.520638867688830942e-07
9.059427270585729275e-07
1.069914006279759633e-07
0.000000000000000000e+00
6.648012345067400020e-07
2.311597654625074938e-06
1.994429794649477117e-06
0.000000000000000000e+00
2.675927134987432510e-06
0.000000000000000000e+00
0.000000000000000000e+00
2.413814748081222206e-08
0.000000000000000000e+00
0.000000000000000000e+00
0.000000000000000000e+00
6.168159671915418585e-08
6.898538913446827792e-07
0.000000000000000000e+00
0.000000000000000000e+00
0.000000000000000000e+00
0.000000000000000000e+00
7.922240641278222029e-09
0.000000000000000000e+00
8.743647583742131246e-08
1.210737877954670694e-06
1.415925225956016220e-07
1.713523147373052780e-06
5.896608286093396600e-07
0.000000000000000000e+00
0.000000000000000000e+00
0.000000000000000000e+00
1.409332242019445403e-07
4.176172296865843236e-08
5.771595201764512240e-09
2.026718792791371015e-10
0.000000000000000000e+00
2.274726718098918354e-08
2.880336467114830157e-07
6.995392141107004136e-07
5.588966587311006151e-07
1.814275130129772151e-08
0.000000000000000000e+00
2.324545675946865231e-07
1.375361247113460195e-08
3.097067047264090434e-10
0.000000000000000000e+00
2.800508047684502344e-09
1.237034563672523291e-08
6.001014298817608505e-07
1.395928279634972569e-07
1.025621454431302482e-08
1.239270552844118356e-08
0.000000000000000000e+00
2.827283962503202019e-09
0.000000000000000000e+00
1.263638296222779900e-06
1.843804220413858275e-09
3.173648792653693818e-06
2.614935112887906143e-07
5.504799673872184940e-07
5.338203550309117418e-07
1.995688762690406293e-06
8.154061426068892615e-09
1.945834071648278041e-08
2.415441713310428895e-08
4.009573785879183561e-06
2.258325970672103722e-08
1.604252494735725065e-11
0.000000000000000000e+00
4.974520493306044955e-07
0.000000000000000000e+00
2.514798097763559781e-06
6.380235362257735687e-08
0.000000000000000000e+00
9.764245589849451790e-08
2.942550452189607313e-07
5.301844339555827901e-06
0.000000000000000000e+00
6.264501166697300505e-07
1.729517293824756052e-07
3.122227951735112583e-07
5.776562943538010586e-07
2.040283675341925118e-08
8.816959962132386863e-06
2.395420892753463704e-07
1.873663336482422892e-06
9.323012477580050472e-07
1.225363099877085915e-08
2.350589767274868791e-07
0.000000000000000000e+00
0.000000000000000000e+00
9.469984547649801243e-07
0.000000000000000000e+00
0.000000000000000000e+00
6.873661391182395164e-07
3.341667422773753060e-07
2.347544381109401002e-07
5.871318542460812751e-09
7.216301014523196500e-07
0.000000000000000000e+00
2.236746240669162944e-06
0.000000000000000000e+00
0.000000000000000000e+00
6.714723213008255698e-07
7.062617851660846213e-11
0.000000000000000000e+00
0.000000000000000000e+00
0.000000000000000000e+00
0.000000000000000000e+00
0.000000000000000000e+00
1.233669255640279516e-08
0.000000000000000000e+00
0.000000000000000000e+00
3.112715489805850666e-07
0.000000000000000000e+00
5.227966539678163826e-07
7.393363254948326357e-09
0.000000000000000000e+00
3.016022631641135376e-08
5.361702637429743845e-09
5.803908607049379498e-07
0.000000000000000000e+00
0.000000000000000000e+00
2.236798524180017012e-09
8.225006453699279518e-09
5.415721915369431372e-08
0.000000000000000000e+00
0.000000000000000000e+00
0.000000000000000000e+00
1.904169444344461226e-08
1.357691843395514297e-07
0.000000000000000000e+00
2.214364525077172630e-10
1.222477067130967043e-06
8.987684374517357355e-09
0.000000000000000000e+00
3.834067001662333496e-07
1.362771371304916102e-07
5.322764877746521961e-07
5.208676512324927899e-08
3.128073444713663775e-07
2.099656910559133394e-07
0.000000000000000000e+00
6.690125928798806854e-07
7.362742508121300489e-06
2.971815774799324572e-06
3.022928041218619910e-08
6.168025947772548534e-07
3.237886403439915739e-07
3.926616955141071230e-06
2.992696636283653788e-06
1.107787284126970917e-06
1.817568744399977732e-07
0.000000000000000000e+00
2.143640376317534901e-09
1.947568534887977876e-06
5.080597702544764616e-07
0.000000000000000000e+00
9.042818938098662329e-09
7.689207848216028651e-08
3.276974211985361762e-07
9.621998060538317077e-07
1.198899894916394260e-07
5.856128154846373945e-06
3.038313707293127663e-07
0.000000000000000000e+00
4.211348070271014876e-08
3.378547432930645300e-07
8.800056434665748384e-07
4.175499725533882156e-06
1.718571752462594304e-06
2.731591848714742810e-06
0.000000000000000000e+00
1.347081024505314417e-06
0.000000000000000000e+00
0.000000000000000000e+00
0.000000000000000000e+00
0.000000000000000000e+00
3.833424671029206365e-06
7.967530279984202934e-08
3.949953395476768492e-07
1.737385457722950832e-09
0.000000000000000000e+00
0.000000000000000000e+00
0.000000000000000000e+00
3.923500457858608570e-08
0.000000000000000000e+00
2.693929701536035282e-08
2.430440959599877715e-09
7.377926181106886361e-07
8.325735052494565025e-07
5.706663159799063578e-07
0.000000000000000000e+00
1.402295424668409396e-06
4.875689185723786068e-08
9.930548827696838998e-09
1.285159711983396846e-08
1.795454007691432707e-09
0.000000000000000000e+00
0.000000000000000000e+00
5.779744327583102859e-08
5.410076830969501316e-09
0.000000000000000000e+00
0.000000000000000000e+00
6.713888069498352706e-06
1.523251569324202137e-08
1.367418576592172030e-06
0.000000000000000000e+00
1.539297855845944696e-10
4.736020002837904030e-07
5.173400374758330145e-09
8.932269146555427142e-09
2.096040248034114484e-07
0.000000000000000000e+00
0.000000000000000000e+00
7.998628603900215239e-08
0.000000000000000000e+00
1.587993324392300565e-06
0.000000000000000000e+00
9.720567106796806911e-08
2.095833373516597931e-08
0.000000000000000000e+00
0.000000000000000000e+00
8.734161269785545301e-07
4.454504765050160131e-09
3.092015310457441046e-09
5.396604052521070116e-09
0.000000000000000000e+00
4.234573580674805271e-08
9.628274710848927498e-07
2.199720938733662479e-07
9.734918648973689415e-07
8.011015850684088946e-09
0.000000000000000000e+00
0.000000000000000000e+00
0.000000000000000000e+00
2.602946835850161733e-07
5.203540931475458819e-10
0.000000000000000000e+00
1.136502191911858972e-06
9.988492255530445618e-10
0.000000000000000000e+00
4.764378047639183933e-08
6.451583800526350387e-08
0.000000000000000000e+00
2.200251980610801184e-09
1.624528422894400137e-08
7.926179250716813840e-07
1.015507766766177156e-08
0.000000000000000000e+00
0.000000000000000000e+00
0.000000000000000000e+00
5.728451242248411290e-07
6.620012982239131816e-08
5.392748914090361723e-09
2.321779106750909705e-07
4.662462288251845166e-06
1.541587479891859402e-08
3.068180731702341291e-08
0.000000000000000000e+00
4.891826392849907279e-07
3.007154418810387142e-07
1.610712274668912869e-07
2.714876927711884491e-07
8.580816945880087587e-09
9.230611794919241220e-07
3.792955283188348403e-07
2.779196677238360280e-07
1.337075218543759547e-06
1.289178840124804992e-06
0.000000000000000000e+00
8.334196763826184906e-07
1.817770680645480752e-07
9.221962500305380672e-07
5.443141937178097578e-09
2.867218995561415795e-08
7.945187689983868040e-07
3.360029268151265569e-07
0.000000000000000000e+00
3.267999773015617393e-07
2.327618320308033617e-09
6.321560022115590982e-07
2.964313353004399687e-06
0.000000000000000000e+00
0.000000000000000000e+00
0.000000000000000000e+00
1.598930232660222828e-08
3.601268394604062451e-09
0.000000000000000000e+00
3.039744150834522429e-11
4.260649006937455852e-07
1.721756916595040821e-06
7.475373422494158149e-07
5.961788218655783567e-08
7.835175779291603249e-07
0.000000000000000000e+00
0.000000000000000000e+00
0.000000000000000000e+00
0.000000000000000000e+00
5.037106842742389290e-10
0.000000000000000000e+00
7.036232485546634052e-09
2.578954827470170130e-08
3.639442525127378758e-08
0.000000000000000000e+00
0.000000000000000000e+00
5.087350540833313062e-09
1.330173517999355681e-06
0.000000000000000000e+00
0.000000000000000000e+00
0.000000000000000000e+00
8.408175489194036345e-08
5.424561209110834170e-07
7.187340997916180640e-07
1.433164129593933467e-06
2.320077641115858569e-07
3.906665426711697364e-07
2.000001586566213518e-07
1.539594904897967353e-07
2.167528236896032467e-07
0.000000000000000000e+00
0.000000000000000000e+00
6.373028216266618529e-10
4.254557151028848239e-09
4.427912203563977300e-10
0.000000000000000000e+00
6.047117917518107788e-09
0.000000000000000000e+00
1.757582481332065072e-06
1.963270790383830899e-07
0.000000000000000000e+00
5.251913748338665755e-08
5.934239055704892962e-08
0.000000000000000000e+00
0.000000000000000000e+00
2.769521323386925360e-08
0.000000000000000000e+00
0.000000000000000000e+00
0.000000000000000000e+00
1.682618266940494323e-09
0.000000000000000000e+00
0.000000000000000000e+00
0.000000000000000000e+00
0.000000000000000000e+00
4.418338050982129062e-07
5.436356786958640441e-08
0.000000000000000000e+00
0.000000000000000000e+00
0.000000000000000000e+00
8.388043037932391144e-10
0.000000000000000000e+00
0.000000000000000000e+00
0.000000000000000000e+00
2.103764018102083355e-06
0.000000000000000000e+00
0.000000000000000000e+00
0.000000000000000000e+00
2.369658460565915448e-07
8.840217446959286463e-09
0.000000000000000000e+00
0.000000000000000000e+00
4.425455113477028135e-09
0.000000000000000000e+00
1.430431884053007252e-10
0.000000000000000000e+00
3.770391998614286422e-08
6.012587316917006319e-09
6.816704534173823049e-09
0.000000000000000000e+00
4.643184503549946385e-09
0.000000000000000000e+00
0.000000000000000000e+00
0.000000000000000000e+00
0.000000000000000000e+00
0.000000000000000000e+00
3.384055702326804749e-08
0.000000000000000000e+00
2.256381179677191540e-07
5.221923515819071326e-07
0.000000000000000000e+00
0.000000000000000000e+00
1.387205088576592971e-07
6.708652335873921402e-07
0.000000000000000000e+00
0.000000000000000000e+00
1.558434159498744975e-09
0.000000000000000000e+00
0.000000000000000000e+00
0.000000000000000000e+00
0.000000000000000000e+00
0.000000000000000000e+00
0.000000000000000000e+00
0.000000000000000000e+00
2.208999383412901807e-08
0.000000000000000000e+00
7.972619009422032832e-09
4.897833605355117470e-07
3.361972389370748715e-08
7.207148211563207951e-09
3.311158138785685878e-07
0.000000000000000000e+00
1.101359248423250392e-05
3.020374379048007540e-06
4.395556516101351008e-06
1.578256274115119595e-06
1.567079721098707523e-06
2.826537013334018411e-07
1.614602211930105113e-07
2.175633451173553112e-09
0.000000000000000000e+00
0.000000000000000000e+00
0.000000000000000000e+00
1.694386810413561761e-06
7.530507446062983945e-06
3.713061573762388434e-07
4.830816919820790645e-07
4.104399522475432605e-07
1.192335616906348150e-06
1.222414280910300022e-09
1.562055331305600703e-06
3.549637597188848304e-07
4.037811720536410576e-07
5.921639285588753410e-07
2.303473678466616548e-08
1.181877678391174413e-06
5.413613166638242546e-07
2.777709973145192635e-08
1.797776718603927293e-07
1.355858216811611783e-06
2.811520403156464454e-07
7.978189664470392017e-09
0.000000000000000000e+00
0.000000000000000000e+00
1.708189145688265853e-08
7.707551930025147158e-09
7.202964447117210511e-09
2.832482550729764625e-07
0.000000000000000000e+00
0.000000000000000000e+00
1.650120040608271665e-09
0.000000000000000000e+00
1.062321874911731356e-08
1.001892826479888754e-07
3.291837469276970296e-09
2.831545771186938509e-07
9.124742064159363508e-07
4.164285627439312520e-08
0.000000000000000000e+00
0.000000000000000000e+00
0.000000000000000000e+00
0.000000000000000000e+00
1.367249495842770557e-07
2.514826974220341071e-06
0.000000000000000000e+00
1.259399962788565475e-11
0.000000000000000000e+00
0.000000000000000000e+00
0.000000000000000000e+00
0.000000000000000000e+00
0.000000000000000000e+00
0.000000000000000000e+00
4.159147337645663356e-08
4.070783177212433657e-08
2.177290792104713546e-09
1.377275538061439875e-08
0.000000000000000000e+00
3.830786852176970569e-07
2.070161997380637331e-07
0.000000000000000000e+00
5.733820640507758526e-10
7.453465400431014132e-08
3.403448260996810859e-07
0.000000000000000000e+00
4.112506246656266740e-07
0.000000000000000000e+00
0.000000000000000000e+00
3.209870413911630749e-08
0.000000000000000000e+00
0.000000000000000000e+00
5.253380369607540956e-11
2.915105379308613465e-10
0.000000000000000000e+00
3.337561338412342593e-07
0.000000000000000000e+00
0.000000000000000000e+00
1.433937200090440456e-06
0.000000000000000000e+00
8.851510813201457495e-08
0.000000000000000000e+00
0.000000000000000000e+00
0.000000000000000000e+00
7.637256089765287470e-07
0.000000000000000000e+00
1.010712491478216180e-08
0.000000000000000000e+00
2.140152233209846599e-08
0.000000000000000000e+00
0.000000000000000000e+00
5.945381520433556943e-09
7.896082365732581820e-08
1.937423519393632887e-07
5.565505389881764131e-09
1.313062214514104653e-09
2.208007465753780707e-08
0.000000000000000000e+00
0.000000000000000000e+00
2.025883460987643048e-09
3.392941749780220562e-08
1.110480152277659727e-09
0.000000000000000000e+00
0.000000000000000000e+00
0.000000000000000000e+00
0.000000000000000000e+00
0.000000000000000000e+00
0.000000000000000000e+00
0.000000000000000000e+00
2.650287100891546288e-09
2.170785773358829829e-10
2.682545300558558665e-06
3.810180226881954013e-10
0.000000000000000000e+00
0.000000000000000000e+00
0.000000000000000000e+00
2.255344178081486461e-08
0.000000000000000000e+00
2.702553381084271678e-08
0.000000000000000000e+00
0.000000000000000000e+00
0.000000000000000000e+00
4.723875512979702762e-09
7.285753778063508435e-09
2.792340865198639221e-07
2.241877794517677103e-09
1.204487602990411688e-06
8.812477062747348100e-06
1.431622553837996747e-08
8.117230221316162897e-10
2.180089495595893823e-06
0.000000000000000000e+00
1.202763769470038824e-06
3.947713267393737624e-08
1.202015255330479704e-06
3.942586772609502077e-07
2.528580367311406008e-08
1.812486743801855482e-06
0.000000000000000000e+00
8.098054422589484602e-07
2.899714900195249356e-06
1.508304876551846974e-06
2.598103776563220890e-07
8.405724543081305455e-07
7.438842999363259878e-07
0.000000000000000000e+00
0.000000000000000000e+00
6.412668653865694068e-07
5.325625238583597820e-07
2.273403197250445373e-06
0.000000000000000000e+00
0.000000000000000000e+00
0.000000000000000000e+00
0.000000000000000000e+00
9.264197160518961027e-07
0.000000000000000000e+00
7.281060447894560639e-07
4.997021960662095807e-07
3.694329508974192322e-09
1.239140967612684108e-08
6.286973075475543737e-08
9.654942232373286970e-07
0.000000000000000000e+00
2.888070227413663815e-09
7.570715609972467064e-09
2.608792044611618621e-07
4.449576920251274714e-07
8.485396847390802577e-07
5.401415705819090363e-07
1.409235210303450003e-06
2.281720057339953200e-08
0.000000000000000000e+00
0.000000000000000000e+00
0.000000000000000000e+00
8.380203553315368481e-07
4.574918222033375059e-09
0.000000000000000000e+00
0.000000000000000000e+00
0.000000000000000000e+00
0.000000000000000000e+00
0.000000000000000000e+00
6.946035568944353145e-07
0.000000000000000000e+00
3.267016435160030596e-09
0.000000000000000000e+00
1.312115838203453677e-08
7.599654239243136544e-09
0.000000000000000000e+00
0.000000000000000000e+00
0.000000000000000000e+00
2.668956722295945383e-10
3.329697335630044108e-07
8.329760881053971389e-09
2.352206429634406959e-09
1.511920686425582971e-07
0.000000000000000000e+00
1.774087877493002452e-06
4.905464834337180946e-07
4.381227824978850549e-08
9.955105895187443821e-08
5.871107333632608061e-08
0.000000000000000000e+00
2.051302061545356992e-08
0.000000000000000000e+00
7.220268827268228051e-09
1.007084392767865211e-06
9.421234494766395073e-07
5.215060050467457131e-10
0.000000000000000000e+00
0.000000000000000000e+00
0.000000000000000000e+00
0.000000000000000000e+00
1.904155510601412971e-06
2.196802917353579687e-08
4.998126428290561307e-07
0.000000000000000000e+00
0.000000000000000000e+00
0.000000000000000000e+00
6.936900831533421297e-09
0.000000000000000000e+00
3.619255339870619537e-09
0.000000000000000000e+00
3.107365031951303536e-08
0.000000000000000000e+00
0.000000000000000000e+00
2.562254630689153601e-09
0.000000000000000000e+00
7.066328858856829598e-12
0.000000000000000000e+00
0.000000000000000000e+00
0.000000000000000000e+00
0.000000000000000000e+00
9.576127979471493745e-08
1.982905587283312343e-06
1.955378914342276175e-10
0.000000000000000000e+00
0.000000000000000000e+00
0.000000000000000000e+00
0.000000000000000000e+00
0.000000000000000000e+00
0.000000000000000000e+00
0.000000000000000000e+00
0.000000000000000000e+00
8.117457261924698741e-10
1.360232343428080526e-10
1.417450789631402586e-06
0.000000000000000000e+00
4.640498474373089266e-08
5.926538371170408936e-09
6.260033842409029603e-07
7.460888795662867778e-09
4.799401267518987879e-06
3.607748340073158033e-06
0.000000000000000000e+00
4.697214137650007615e-07
2.738109515121323057e-06
3.201171949740455602e-08
8.076224844444368500e-07
2.340399987588170916e-06
0.000000000000000000e+00
1.209726178785786033e-06
5.765701303062087391e-07
1.078175387192459311e-06
3.132596759769512573e-07
9.342817186563934229e-09
2.510117269594047684e-07
1.104610191760002635e-06
1.688446104708418716e-06
0.000000000000000000e+00
4.018963295493449550e-08
5.676965564305191947e-10
1.117603787292864581e-09
9.079081486618179042e-09
5.978579338261624798e-07
1.012014308798825368e-06
0.000000000000000000e+00
3.845084393105935305e-06
1.525403914293121943e-09
0.000000000000000000e+00
5.549376957958429557e-09
2.192818868707036017e-07
1.928950332796830480e-09
0.000000000000000000e+00
0.000000000000000000e+00
0.000000000000000000e+00
0.000000000000000000e+00
0.000000000000000000e+00
0.000000000000000000e+00
0.000000000000000000e+00
0.000000000000000000e+00
4.597799829753057566e-08
1.556395679003230725e-09
0.000000000000000000e+00
0.000000000000000000e+00
0.000000000000000000e+00
0.000000000000000000e+00
0.000000000000000000e+00
0.000000000000000000e+00
0.000000000000000000e+00
0.000000000000000000e+00
1.028850338258280317e-09
2.790821440612489823e-07
3.956398764159985149e-09
0.000000000000000000e+00
5.225865606917068362e-06
1.389733142787008546e-06
4.013573402517067734e-07
2.514654262597559864e-08
3.702272710626175467e-09
3.866953193210065365e-07
0.000000000000000000e+00
0.000000000000000000e+00
9.342119966504469630e-09
4.014420351694525380e-09
0.000000000000000000e+00
4.837883871289250237e-09
0.000000000000000000e+00
0.000000000000000000e+00
1.821404396196157904e-07
3.402617210213065846e-07
5.344995557265974639e-09
1.663439386234699668e-09
2.449952205552108353e-07
0.000000000000000000e+00
0.000000000000000000e+00
0.000000000000000000e+00
2.458754408962704474e-07
0.000000000000000000e+00
5.906041877778989146e-09
3.627422273666525143e-08
0.000000000000000000e+00
5.422821303113778413e-09
1.929591375571249046e-09
0.000000000000000000e+00
3.279290297086845385e-07
0.000000000000000000e+00
1.629266055402922575e-09
4.707687364935431162e-11
0.000000000000000000e+00
0.000000000000000000e+00
2.075842608917355392e-09
0.000000000000000000e+00
0.000000000000000000e+00
0.000000000000000000e+00
0.000000000000000000e+00
0.000000000000000000e+00
2.050548459919809829e-07
8.410922625046168832e-09
0.000000000000000000e+00
1.079788631841438473e-07
0.000000000000000000e+00
5.283523840660109272e-09
1.804885019218716025e-09
0.000000000000000000e+00
6.055245638236783634e-09
0.000000000000000000e+00
0.000000000000000000e+00
0.000000000000000000e+00
0.000000000000000000e+00
0.000000000000000000e+00
0.000000000000000000e+00
8.346376745294037391e-08
1.854011060231641750e-07
4.033470002440253666e-09
7.213053976329319994e-08
2.574338111571705667e-07
8.955675667721152422e-08
6.940052799109253101e-07
8.179961810128588695e-07
2.701416406125645153e-06
2.000999366202904639e-08
0.000000000000000000e+00
6.727400858608234557e-09
0.000000000000000000e+00
1.066503330093837576e-07
3.811521320784549971e-09
5.323388450051425025e-07
6.862364898552186787e-08
6.652136903539940249e-07
1.133430941990809515e-06
8.804316280475177336e-07
5.510083269655297045e-07
0.000000000000000000e+00
3.955095451146917185e-07
6.485407197942549828e-07
1.276569037145236507e-07
4.050941413424880011e-07
3.790901481615094326e-10
1.067956922895518801e-08
1.919826786433986854e-07
2.726958712173654931e-07
7.056710327191240140e-09
2.909195018219179474e-08
2.102949139271004242e-07
0.000000000000000000e+00
0.000000000000000000e+00
7.986494132694588188e-09
2.221806596480746521e-07
0.000000000000000000e+00
0.000000000000000000e+00
2.837163615154736362e-09
0.000000000000000000e+00
0.000000000000000000e+00
0.000000000000000000e+00
8.047980948333588458e-09
0.000000000000000000e+00
1.776642193362931721e-07
0.000000000000000000e+00
8.110241367376147537e-10
1.381260290145291947e-06
0.000000000000000000e+00
0.000000000000000000e+00
0.000000000000000000e+00
1.106408404893954867e-07
4.275105602857820486e-09
2.613891751934716012e-07
2.035450918924652797e-09
0.000000000000000000e+00
0.000000000000000000e+00
3.508583201750070657e-09
0.000000000000000000e+00
0.000000000000000000e+00
0.000000000000000000e+00
0.000000000000000000e+00
0.000000000000000000e+00
0.000000000000000000e+00
0.000000000000000000e+00
3.940955561887449221e-09
4.630317018694540820e-09
3.936921622038624946e-11
9.927355465455534045e-11
1.954536941184414900e-07
3.451332020176778315e-08
1.271779836997666280e-07
0.000000000000000000e+00
1.718345465917536785e-10
3.061257132230821298e-07
5.993507468105008229e-09
6.677502284446745762e-08
1.446685701012029313e-06
2.211220504477751092e-07
4.530468231678241864e-07
2.581759417807916179e-06
0.000000000000000000e+00
0.000000000000000000e+00
9.947501666829339229e-07
0.000000000000000000e+00
1.738336230516779324e-08
0.000000000000000000e+00
0.000000000000000000e+00
1.706236485432555128e-09
0.000000000000000000e+00
0.000000000000000000e+00
0.000000000000000000e+00
0.000000000000000000e+00
0.000000000000000000e+00
0.000000000000000000e+00
0.000000000000000000e+00
2.774390717164010312e-10
8.912950875128444750e-07
0.000000000000000000e+00
0.000000000000000000e+00
0.000000000000000000e+00
0.000000000000000000e+00
2.862558412530802343e-09
0.000000000000000000e+00
0.000000000000000000e+00
2.410186006329695374e-08
0.000000000000000000e+00
0.000000000000000000e+00
0.000000000000000000e+00
1.100094326744738282e-08
0.000000000000000000e+00
7.441590099688255577e-08
0.000000000000000000e+00
0.000000000000000000e+00
0.000000000000000000e+00
0.000000000000000000e+00
7.253150524633156238e-09
0.000000000000000000e+00
0.000000000000000000e+00
0.000000000000000000e+00
0.000000000000000000e+00
0.000000000000000000e+00
2.365056275266397279e-07
1.622606826678918424e-09
8.359806180635587225e-09
2.599377779688438750e-08
0.000000000000000000e+00
0.000000000000000000e+00
1.846410313532942382e-08
1.738351045332819922e-07
1.189550946634199136e-08
0.000000000000000000e+00
0.000000000000000000e+00
1.127908035414293408e-06
2.319434543096576817e-06
1.960349436558317393e-06
0.000000000000000000e+00
1.496907088949228637e-06
0.000000000000000000e+00
1.102651822293410078e-06
3.934960659535136074e-06
1.600296002379764104e-07
1.429717566558963426e-09
3.609137593230116181e-07
7.181000682976446114e-07
5.006434022902794823e-08
2.724302134993195068e-07
0.000000000000000000e+00
7.398664365609874949e-07
8.879794677341124043e-09
0.000000000000000000e+00
2.375941221544053406e-08
3.296619752291007899e-06
3.894255939940194366e-08
1.775675400494947098e-06
8.058947855715814512e-07
0.000000000000000000e+00
4.605862784501368878e-07
5.577645652010687627e-07
5.869633312727273733e-08
0.000000000000000000e+00
9.540223055992669288e-10
0.000000000000000000e+00
1.609801074664574116e-07
0.000000000000000000e+00
1.229387862622388639e-07
0.000000000000000000e+00
0.000000000000000000e+00
0.000000000000000000e+00
4.938838742418738548e-07
0.000000000000000000e+00
2.459678460908776287e-09
0.000000000000000000e+00
0.000000000000000000e+00
0.000000000000000000e+00
3.233574943806161173e-06
2.112497399231472173e-10
0.000000000000000000e+00
0.000000000000000000e+00
0.000000000000000000e+00
0.000000000000000000e+00
0.000000000000000000e+00
1.704130947466353518e-09
8.864553819876164198e-07
0.000000000000000000e+00
1.463502474763345163e-08
1.312199859881957309e-08
4.251556333656481002e-07
0.000000000000000000e+00
0.000000000000000000e+00
0.000000000000000000e+00
2.532761982365627773e-07
0.000000000000000000e+00
0.000000000000000000e+00
6.218527026646825107e-09
0.000000000000000000e+00
6.237962923982820485e-10
5.579595896421096768e-09
0.000000000000000000e+00
0.000000000000000000e+00
0.000000000000000000e+00
0.000000000000000000e+00
4.119095819987705909e-08
0.000000000000000000e+00
3.945976345676172059e-08
8.721683002477220725e-07
0.000000000000000000e+00
4.934922248622797269e-09
0.000000000000000000e+00
2.322553482869693653e-09
5.292310589766202611e-08
0.000000000000000000e+00
0.000000000000000000e+00
1.016778810480900574e-06
7.149316729737620335e-07
3.237509149656148111e-09
6.331150075311597902e-07
0.000000000000000000e+00
1.612671662876152823e-09
0.000000000000000000e+00
0.000000000000000000e+00
0.000000000000000000e+00
0.000000000000000000e+00
0.000000000000000000e+00
1.307071340050924846e-09
1.147851733662719198e-07
0.000000000000000000e+00
5.951643743173917755e-06
0.000000000000000000e+00
0.000000000000000000e+00
0.000000000000000000e+00
1.080206368797576033e-09
1.305264731854549609e-06
2.779602709779283032e-06
0.000000000000000000e+00
3.636907663917554601e-09
1.065869099647898111e-07
7.309266436550387880e-08
7.321050929931516293e-07
3.192608488689074875e-08
2.005859414566657506e-06
7.718652341281995177e-06
0.000000000000000000e+00
3.548388178842287743e-07
0.000000000000000000e+00
1.322136881753976922e-06
6.654029505170910852e-08
0.000000000000000000e+00
0.000000000000000000e+00
9.251046321878675371e-06
1.152174263552296907e-06
0.000000000000000000e+00
7.076201882227906026e-07
1.972487666535016615e-07
0.000000000000000000e+00
2.264129683737792220e-08
1.690808062448923010e-06
1.303084928849784774e-07
0.000000000000000000e+00
9.828651315046954551e-08
8.207048836084140930e-07
3.049482984351925552e-06
3.332304913783445954e-06
0.000000000000000000e+00
2.322160071344114840e-06
5.844588812919937482e-08
4.785236455973063130e-07
4.054355517979502110e-09
0.000000000000000000e+00
2.767303328710113419e-07
4.659630459258323754e-10
0.000000000000000000e+00
6.078213043991809172e-09
0.000000000000000000e+00
4.688509136485663475e-09
1.176884012465961860e-07
5.621614036499522626e-07
0.000000000000000000e+00
8.745318780256639002e-08
2.170179641325375997e-06
0.000000000000000000e+00
0.000000000000000000e+00
3.438412704781512730e-06
0.000000000000000000e+00
3.560739481045516186e-10
1.416303376799987745e-07
0.000000000000000000e+00
0.000000000000000000e+00
3.413178149003215367e-07
0.000000000000000000e+00
0.000000000000000000e+00
0.000000000000000000e+00
0.000000000000000000e+00
0.000000000000000000e+00
3.520070346318959764e-11
0.000000000000000000e+00
0.000000000000000000e+00
4.633162973277649144e-07
1.378071168289807247e-08
1.176792139290228079e-07
0.000000000000000000e+00
0.000000000000000000e+00
5.358598009763682057e-09
1.073657496242219622e-09
5.915726930538767192e-08
1.646501068819361535e-08
4.223730627472832566e-07
0.000000000000000000e+00
1.195056825054052752e-06
9.346479146188357845e-08
0.000000000000000000e+00
2.697387424532848854e-09
0.000000000000000000e+00
4.746496244933950948e-07
1.802146840645946213e-07
0.000000000000000000e+00
5.280269554930328013e-09
0.000000000000000000e+00
0.000000000000000000e+00
0.000000000000000000e+00
6.541046104757697321e-08
4.865769298589839309e-08
0.000000000000000000e+00
3.294739769899024395e-08
0.000000000000000000e+00
1.984443770197685808e-06
9.470896955576790788e-09
5.811350706208529004e-11
0.000000000000000000e+00
7.318751826801417337e-09
0.000000000000000000e+00
1.563755176903214306e-06
0.000000000000000000e+00
0.000000000000000000e+00
0.000000000000000000e+00
0.000000000000000000e+00
0.000000000000000000e+00
0.000000000000000000e+00
6.623679382755653933e-08
0.000000000000000000e+00
0.000000000000000000e+00
8.445754318131548644e-09
1.277048777836853333e-08
0.000000000000000000e+00
0.000000000000000000e+00
4.013346810438633838e-08
0.000000000000000000e+00
0.000000000000000000e+00
0.000000000000000000e+00
0.000000000000000000e+00
6.941939911797589957e-09
0.000000000000000000e+00
0.000000000000000000e+00
0.000000000000000000e+00
1.251735739060677588e-06
9.335856816505838651e-07
2.552253519638725265e-09
2.440890227717318339e-07
0.000000000000000000e+00
0.000000000000000000e+00
0.000000000000000000e+00
5.391421975531329736e-09
5.989712690279702656e-07
3.869824993785186962e-08
1.569309375781813287e-07
0.000000000000000000e+00
0.000000000000000000e+00
0.000000000000000000e+00
7.284749585778627079e-07
2.089112285830196925e-06
3.014831463588052429e-06
7.792350764646016614e-09
2.958316542844841024e-07
1.239562834598473273e-07
1.005274654630738951e-07
1.044174609887704719e-06
1.400181037780612314e-08
9.683622437250960502e-08
1.087485088646644726e-07
0.000000000000000000e+00
1.836318297421257739e-08
0.000000000000000000e+00
0.000000000000000000e+00
5.366676987250684761e-07
1.716349231628555572e-07
9.048893048202444334e-07
4.222573332657297840e-11
0.000000000000000000e+00
2.675792387663022964e-08
0.000000000000000000e+00
9.018530136017943732e-07
1.613304378977886699e-09
0.000000000000000000e+00
4.863664315735150012e-08
2.199973749839045922e-07
8.065249090805082233e-08
5.446372597361914814e-07
3.047935308586602332e-07
6.587047209904994816e-06
1.824736614253197331e-06
2.891955563910642013e-09
0.000000000000000000e+00
0.000000000000000000e+00
0.000000000000000000e+00
3.372511159227542521e-08
2.618506300677836407e-07
0.000000000000000000e+00
0.000000000000000000e+00
0.000000000000000000e+00
0.000000000000000000e+00
2.578206259595816618e-10
0.000000000000000000e+00
7.386274925025304583e-10
8.180938237956070225e-08
0.000000000000000000e+00
0.000000000000000000e+00
5.750904641388387972e-09
0.000000000000000000e+00
6.127466978256279617e-09
0.000000000000000000e+00
1.517766747838322772e-07
9.436584150535054505e-06
0.000000000000000000e+00
1.001160132574341333e-08
7.469060392395476811e-07
1.254371273518017915e-08
1.958708056859492785e-10
6.864601118650170974e-07
1.011867539091326762e-06
3.659529124178106940e-09
1.075799671568233862e-09
9.088417241009949521e-10
0.000000000000000000e+00
0.000000000000000000e+00
4.505443129687591863e-09
5.337998043586367203e-09
0.000000000000000000e+00
1.234379851666744798e-07
0.000000000000000000e+00
0.000000000000000000e+00
0.000000000000000000e+00
0.000000000000000000e+00
0.000000000000000000e+00
0.000000000000000000e+00
0.000000000000000000e+00
0.000000000000000000e+00
0.000000000000000000e+00
0.000000000000000000e+00
0.000000000000000000e+00
0.000000000000000000e+00
0.000000000000000000e+00
0.000000000000000000e+00
0.000000000000000000e+00
1.119667331295204349e-06
6.810242592081294788e-09
6.319341082416940480e-06
1.062871675117094128e-07
0.000000000000000000e+00
0.000000000000000000e+00
0.000000000000000000e+00
8.886874014457646354e-10
0.000000000000000000e+00
2.731078296847044840e-08
5.103412484275260397e-11
0.000000000000000000e+00
1.051089260073467813e-08
1.925315196160681808e-08
0.000000000000000000e+00
0.000000000000000000e+00
0.000000000000000000e+00
0.000000000000000000e+00
8.764101266933721490e-08
0.000000000000000000e+00
0.000000000000000000e+00
0.000000000000000000e+00
0.000000000000000000e+00
0.000000000000000000e+00
0.000000000000000000e+00
0.000000000000000000e+00
0.000000000000000000e+00
7.947902531668660231e-07
0.000000000000000000e+00
8.106412430208820297e-09
1.643996796474311850e-07
2.072001166197878774e-07
1.923647459989297204e-06
0.000000000000000000e+00
3.542235393894088702e-09
2.457171603964525275e-07
2.521915575925959274e-06
3.308095131160371238e-08
2.833916596500785090e-06
1.523474324471862928e-08
6.246879280524808564e-08
2.718197947615408339e-06
5.249422230235722964e-09
7.728066520940046757e-06
1.739095409902802203e-07
2.325117431922762989e-09
0.000000000000000000e+00
0.000000000000000000e+00
4.487808791253655727e-09
3.946492483919428196e-07
1.119203645316702023e-07
1.327814413976113883e-09
0.000000000000000000e+00
3.045968810511112679e-08
5.403311433838098310e-07
4.854283019994909409e-07
8.491044241054623853e-07
0.000000000000000000e+00
2.061656090290853172e-07
1.086604228817122930e-08
0.000000000000000000e+00
2.832633683169660799e-09
6.149535636268410599e-08
1.705862132439506240e-06
2.659940037119667977e-07
4.209713040381757310e-07
1.804413396477855258e-09
3.067970322234714331e-09
1.347840168364200508e-07
0.000000000000000000e+00
0.000000000000000000e+00
0.000000000000000000e+00
1.545158852422900964e-06
0.000000000000000000e+00
3.381182889228284694e-09
8.439774887847306672e-07
1.783892457751790062e-06
0.000000000000000000e+00
3.702905644331622170e-07
0.000000000000000000e+00
0.000000000000000000e+00
0.000000000000000000e+00
0.000000000000000000e+00
0.000000000000000000e+00
0.000000000000000000e+00
0.000000000000000000e+00
2.859487757689294085e-09
5.658470669800408359e-08
5.341105890899200404e-10
0.000000000000000000e+00
3.880496706187841482e-07
0.000000000000000000e+00
2.328884107782869251e-07
0.000000000000000000e+00
4.749213644572591875e-08
1.849489783545266164e-09
0.000000000000000000e+00
1.616541226212575566e-06
7.104893029463710263e-08
6.745990077661190298e-08
1.342413725069491193e-06
7.493472509167986573e-09
2.471224433975294232e-07
0.000000000000000000e+00
6.748210878981808492e-09
4.975742040613795325e-09
0.000000000000000000e+00
0.000000000000000000e+00
2.358362394261348527e-07
0.000000000000000000e+00
0.000000000000000000e+00
4.340357850907139436e-09
0.000000000000000000e+00
8.816842367309618567e-09
0.000000000000000000e+00
1.271331029784050770e-06
0.000000000000000000e+00
0.000000000000000000e+00
0.000000000000000000e+00
7.874828789056209644e-09
4.063429770440052380e-08
0.000000000000000000e+00
0.000000000000000000e+00
0.000000000000000000e+00
2.707897465370479040e-06
0.000000000000000000e+00
5.102500089115835635e-10
1.195635832118568942e-06
4.630358034773962572e-06
1.391978912579361349e-06
0.000000000000000000e+00
2.212680527691190946e-07
1.672721623435791116e-07
1.136481159846880473e-06
0.000000000000000000e+00
1.855068063605358475e-07
3.582814088076702319e-06
5.495354216122905200e-08
8.920914673637980741e-09
4.219393304083496332e-06
0.000000000000000000e+00
5.392723489983097807e-10
7.393443866021698341e-07
0.000000000000000000e+00
0.000000000000000000e+00
3.625823641328906888e-09
3.210318254787125625e-06
1.211071548823383637e-06
1.401221311425615568e-06
1.429526861329577514e-07
7.269395155162783340e-06
9.025692548902952694e-08
1.897095103231549729e-06
3.548912843598373001e-07
1.671240852374467067e-07
2.264131993001683441e-09
2.654187483130954206e-06
1.601703729647852015e-06
0.000000000000000000e+00
0.000000000000000000e+00
1.968282532516241190e-07
4.232510730783900499e-10
3.042289108634577133e-06
0.000000000000000000e+00
4.538595987924054498e-08
0.000000000000000000e+00
4.875580543739488348e-07
2.392110616256104549e-07
1.502895798921599635e-07
1.622048898752836976e-06
6.575519240215044192e-09
2.224255446492406918e-09
1.331638941337587312e-07
0.000000000000000000e+00
0.000000000000000000e+00
0.000000000000000000e+00
3.775683694584586192e-07
0.000000000000000000e+00
1.005512615392945008e-07
1.346586032013874501e-06
0.000000000000000000e+00
2.743792748560736072e-09
3.431089856675839656e-09
6.733038304673755192e-08
0.000000000000000000e+00
0.000000000000000000e+00
0.000000000000000000e+00
0.000000000000000000e+00
0.000000000000000000e+00
0.000000000000000000e+00
0.000000000000000000e+00
3.734378584141495594e-09
1.704231955557133915e-08
1.862719898326758994e-07
0.000000000000000000e+00
2.438145543237624224e-07
4.807527034245140385e-07
2.873303230899182381e-07
1.994012593931060451e-11
1.506143689766759053e-07
2.677676524953653825e-09
0.000000000000000000e+00
0.000000000000000000e+00
2.321292640772298910e-06
4.089341310020699893e-09
6.134638130816938428e-09
0.000000000000000000e+00
1.320703830742786522e-07
2.779408925235316019e-09
1.225685082317795604e-07
5.186349572028348121e-09
1.381445002834880142e-07
3.008717897046153666e-08
6.885558150315773673e-07
4.503881143591570435e-07
2.518592907563288463e-07
8.523014685124508105e-07
1.012420582924278278e-07
3.191141928482466028e-08
6.007085175951942801e-07
0.000000000000000000e+00
3.771127126128703821e-07
5.139841618984064553e-07
2.568636192634699000e-09
2.935256873115577037e-07
2.024741831974097295e-07
9.647555643255145696e-09
1.153591355773642135e-07
3.532059338340332033e-07
1.247919044544687495e-06
1.159900193670182489e-06
1.431463232393070939e-07
2.917531283230800909e-08
1.069386001972816302e-07
0.000000000000000000e+00
5.748932885296653694e-09
0.000000000000000000e+00
7.811632372067833785e-07
2.162721415288615390e-07
3.195772023900644854e-06
5.806590479551232420e-07
3.688441330140790342e-09
1.163330693998432253e-07
0.000000000000000000e+00
0.000000000000000000e+00
1.401633539899194147e-06
4.671258935218247643e-09
2.704222481497708941e-07
5.721514639844826888e-07
2.535407759296504082e-07
0.000000000000000000e+00
5.299576173456443939e-07
0.000000000000000000e+00
7.775932431286491919e-08
1.908046831644583108e-09
0.000000000000000000e+00
1.525611992292397190e-08
7.613886054969043471e-07
2.217288823658236652e-07
0.000000000000000000e+00
0.000000000000000000e+00
0.000000000000000000e+00
7.320904327201560591e-09
0.000000000000000000e+00
3.157391148533861269e-08
7.635605925315758213e-07
0.000000000000000000e+00
0.000000000000000000e+00
0.000000000000000000e+00
0.000000000000000000e+00
0.000000000000000000e+00
3.665910242034442490e-09
1.865784637899992049e-09
2.465665449591369907e-09
6.573592781222714621e-10
0.000000000000000000e+00
0.000000000000000000e+00
2.688328777367132716e-07
1.174301900164209655e-07
3.259349012907364340e-09
0.000000000000000000e+00
0.000000000000000000e+00
0.000000000000000000e+00
0.000000000000000000e+00
0.000000000000000000e+00
1.464648278215463506e-07
0.000000000000000000e+00
0.000000000000000000e+00
0.000000000000000000e+00
9.527956308374996297e-07
4.075743049725133460e-07
3.862454320824326715e-07
3.840957560896640643e-07
3.238363319724157918e-07
5.422777121566468850e-06
0.000000000000000000e+00
0.000000000000000000e+00
0.000000000000000000e+00
1.087130158339277841e-06
0.000000000000000000e+00
4.756329996524755188e-09
0.000000000000000000e+00
3.083382882351770604e-09
1.813634464831181958e-09
0.000000000000000000e+00
1.309093363488500472e-06
0.000000000000000000e+00
0.000000000000000000e+00
1.832773932619602419e-07
3.624264977020175138e-08
0.000000000000000000e+00
0.000000000000000000e+00
0.000000000000000000e+00
0.000000000000000000e+00
8.814070042717503384e-07
0.000000000000000000e+00
0.000000000000000000e+00
2.153733191789797274e-07
2.145762891814229079e-07
1.134252869405827369e-08
2.718689700031973189e-07
0.000000000000000000e+00
0.000000000000000000e+00
6.702338684050346274e-09
2.825555345253860651e-09
0.000000000000000000e+00
0.000000000000000000e+00
0.000000000000000000e+00
0.000000000000000000e+00
0.000000000000000000e+00
3.129028982584713958e-07
3.056042974236561349e-09
2.111665509119120543e-08
1.787951759979478084e-07
0.000000000000000000e+00
0.000000000000000000e+00
0.000000000000000000e+00
4.553880330604442861e-07
6.006690114190860186e-07
7.615017949547109311e-09
1.101535418435162228e-09
0.000000000000000000e+00
0.000000000000000000e+00
2.850038871571314303e-09
5.392410002968972549e-06
1.127808627643389627e-05
2.596772674223757349e-06
5.433188107417663559e-06
9.199784472002647817e-07
6.941669425941654481e-07
3.385752734175184742e-06
1.202370299324684311e-06
3.591090091958903940e-08
9.143408163936328492e-08
5.448459319268295076e-07
4.412507692563849560e-09
1.585882841936836485e-06
9.830319669390519266e-08
0.000000000000000000e+00
0.000000000000000000e+00
1.354006968767862418e-07
0.000000000000000000e+00
7.698816375523165334e-07
0.000000000000000000e+00
0.000000000000000000e+00
0.000000000000000000e+00
3.746478114408091642e-07
4.702099598574704942e-09
0.000000000000000000e+00
0.000000000000000000e+00
0.000000000000000000e+00
5.000131420018760764e-09
8.163382858583645429e-09
0.000000000000000000e+00
0.000000000000000000e+00
0.000000000000000000e+00
0.000000000000000000e+00
3.596086628476768965e-07
5.966951022173816455e-08
4.109492977022455307e-07
1.080566335076582618e-06
7.268581292407816363e-09
2.047414904282618409e-09
3.126599867897539298e-09
0.000000000000000000e+00
1.952458861254058320e-09
3.488648417260264978e-06
0.000000000000000000e+00
0.000000000000000000e+00
0.000000000000000000e+00
0.000000000000000000e+00
0.000000000000000000e+00
0.000000000000000000e+00
0.000000000000000000e+00
5.429789240452009835e-08
4.280005683199306077e-09
9.632473485510217870e-09
8.146621155447064666e-09
1.468159727124884739e-08
1.522509023743623402e-06
7.309890470708069188e-09
2.007371193712970125e-07
4.400522357173031196e-06
2.773229255126352655e-07
6.685304043685391662e-08
3.701330513194989180e-07
1.847909487651122618e-07
6.740365847690554801e-07
2.634149325331236469e-07
3.525319369757085042e-09
1.805395299925294239e-07
1.294378080274327658e-06
1.283709849531078362e-07
7.963669190758082550e-08
3.140332083262364904e-08
5.803681233373936266e-07
9.430708814761601388e-06
9.580172388723440235e-08
9.519397963231313042e-07
6.886296688435322721e-08
1.556925894874439109e-07
4.087889635684405221e-07
0.000000000000000000e+00
5.028331997891655192e-06
4.884192890131089371e-07
6.898296760482480749e-07
6.258699727368366439e-07
6.005294483912848591e-09
1.324786946810263544e-08
2.199897330967814923e-08
5.197351171659647662e-08
0.000000000000000000e+00
5.855261164811054186e-08
1.537092884973390028e-06
1.457304410479309809e-08
1.176019281956541818e-07
0.000000000000000000e+00
6.156254244160663802e-07
1.814995098659011319e-10
1.816481130845204461e-06
1.435631560298133991e-07
0.000000000000000000e+00
2.786511004160274751e-06
1.486304199715959840e-07
9.614910112532015773e-08
0.000000000000000000e+00
6.008391562062342928e-09
7.947631885940609209e-09
2.000726473383451776e-09
2.267711806780425832e-06
2.255944764328887686e-06
0.000000000000000000e+00
2.166519266211253125e-07
9.275433754396544828e-09
8.077827295949191466e-09
8.199922376661561430e-07
1.149791387433651835e-06
5.447543749426131399e-09
7.042753509267640766e-07
3.058064237393409712e-07
1.457402959204046056e-06
1.285803136852337047e-06
0.000000000000000000e+00
8.516699567806540472e-10
1.616659517367224908e-08
4.588586577369824226e-08
0.000000000000000000e+00
2.295845717981137568e-07
6.827366405559587292e-07
3.386863454579724930e-06
0.000000000000000000e+00
1.319382914033440102e-08
4.579276549065980362e-07
4.374500804260605946e-06
8.446759238722734153e-06
1.170624159385624807e-06
3.550238325544796680e-09
2.540222112656920217e-07
0.000000000000000000e+00
6.940639991626085248e-07
3.485951367565576220e-07
0.000000000000000000e+00
3.261284575728495838e-08
3.784918689575533790e-08
1.047658315656008199e-08
1.615743713045958430e-06
1.088824603812099667e-07
0.000000000000000000e+00
0.000000000000000000e+00
2.835524242073006462e-07
3.766360521240130765e-07
5.297725351738336030e-07
7.034755071799736470e-07
0.000000000000000000e+00
8.585473096900386736e-07
6.315491685171537029e-09
1.784238179425301496e-07
1.680449202012823662e-07
0.000000000000000000e+00
5.224403309966874076e-08
2.550521571720310021e-08
0.000000000000000000e+00
2.922561407103785314e-06
1.874230548537525465e-07
1.585880085031021736e-07
0.000000000000000000e+00
0.000000000000000000e+00
8.992304678656637407e-09
0.000000000000000000e+00
0.000000000000000000e+00
0.000000000000000000e+00
4.796660846295708325e-07
0.000000000000000000e+00
5.397315661070933857e-08
0.000000000000000000e+00
5.088700127942047402e-09
5.452101548009125054e-10
3.713451945941415033e-08
1.768916924049790396e-08
2.899473088291415479e-07
3.154131622551403780e-09
0.000000000000000000e+00
9.394528888151398860e-07
1.570041945342381950e-07
3.457722641542204656e-08
0.000000000000000000e+00
9.999191696863363177e-09
1.196614221044001170e-06
8.548879937286812947e-10
0.000000000000000000e+00
0.000000000000000000e+00
9.038583925757848192e-08
0.000000000000000000e+00
6.754137160669415607e-08
8.807254481268955715e-09
3.271104276336700423e-07
0.000000000000000000e+00
0.000000000000000000e+00
0.000000000000000000e+00
6.337817239909782074e-07
1.156281200564990286e-06
3.209458441233437043e-07
3.210051602309249574e-07
2.028200015047332272e-06
4.864020297645765822e-07
4.381981000278756255e-07
0.000000000000000000e+00
3.810304747275949921e-07
0.000000000000000000e+00
9.396242717230052222e-07
6.397245215339353308e-06
2.106215202246630724e-09
4.454900892625346387e-09
6.126860512267739978e-07
4.636360699805663899e-07
0.000000000000000000e+00
8.621557867627416272e-07
2.986215577038819902e-07
1.635393573451437987e-06
7.420819656545063481e-07
1.127350870433474483e-07
0.000000000000000000e+00
1.534994424901015009e-07
1.790940196144674701e-08
2.365916573765503017e-09
0.000000000000000000e+00
1.715884536679368466e-07
0.000000000000000000e+00
0.000000000000000000e+00
2.944026800122401255e-09
0.000000000000000000e+00
0.000000000000000000e+00
0.000000000000000000e+00
0.000000000000000000e+00
0.000000000000000000e+00
0.000000000000000000e+00
0.000000000000000000e+00
1.734849348622446996e-07
0.000000000000000000e+00
2.027280210370463465e-08
4.703147624240955338e-06
0.000000000000000000e+00
2.504443097350872449e-09
0.000000000000000000e+00
0.000000000000000000e+00
4.789856333786701725e-08
0.000000000000000000e+00
5.925095365455490537e-07
4.350900155714043649e-07
7.821623881909545162e-08
0.000000000000000000e+00
6.300893584665345770e-09
0.000000000000000000e+00
0.000000000000000000e+00
1.871883767989857006e-07
3.290354433360676012e-09
3.100053902471699985e-08
2.566691970073975426e-09
0.000000000000000000e+00
0.000000000000000000e+00
3.455790533735125791e-07
6.055164192275697133e-08
4.223282346060841519e-08
0.000000000000000000e+00
1.636975753172009718e-06
8.386503047574933589e-09
5.822595028348587221e-08
6.917480988022361998e-08
2.047016550932312384e-06
3.570897320059884805e-07
9.445611937053399743e-08
1.055290521634333345e-09
5.726082008550292812e-07
5.805804903502576053e-07
7.190897122200112790e-06
1.991793965316901449e-07
1.761809045319751021e-07
0.000000000000000000e+00
6.589228291886684019e-07
1.998471788056122023e-07
3.786245201808924321e-07
2.946498398159747012e-06
5.210947620071237907e-07
1.049043589773646090e-06
4.520009042607853189e-07
3.288857186589666526e-08
2.229867277492303401e-07
6.633625844187918119e-07
1.416413930588333869e-10
7.341924401771393605e-08
0.000000000000000000e+00
1.313438360739382915e-06
0.000000000000000000e+00
0.000000000000000000e+00
3.635494039144759881e-08
1.843214469943177392e-08
2.763924644710868961e-10
2.808773388096597046e-06
7.030354520765058624e-09
1.278507113511295756e-07
0.000000000000000000e+00
0.000000000000000000e+00
4.125965006096521392e-06
3.315435890272055985e-07
2.827728621923597530e-06
7.138389719330007210e-07
1.061294963022874072e-08
0.000000000000000000e+00
1.378280387598351808e-07
7.345843933137530257e-09
3.986453975812764838e-07
4.794501506921733380e-08
8.226617609352615546e-08
9.298807981394929811e-07
6.805867087678052485e-07
0.000000000000000000e+00
5.309474637726907531e-09
0.000000000000000000e+00
0.000000000000000000e+00
7.783677702377644891e-09
8.092151837502115086e-09
0.000000000000000000e+00
0.000000000000000000e+00
1.511661025688226800e-06
0.000000000000000000e+00
0.000000000000000000e+00
0.000000000000000000e+00
0.000000000000000000e+00
1.953528183662456286e-08
0.000000000000000000e+00
0.000000000000000000e+00
0.000000000000000000e+00
0.000000000000000000e+00
2.248599912491044961e-06
1.288524664744272741e-08
0.000000000000000000e+00
2.846606061979173319e-09
0.000000000000000000e+00
0.000000000000000000e+00
0.000000000000000000e+00
2.829999345976830227e-07
0.000000000000000000e+00
1.668342086702523375e-08
0.000000000000000000e+00
0.000000000000000000e+00
0.000000000000000000e+00
5.178202755473648722e-09
0.000000000000000000e+00
1.183807896154576156e-07
9.406964096569936373e-10
0.000000000000000000e+00
0.000000000000000000e+00
8.327438294486455561e-09
1.125042192740011160e-08
0.000000000000000000e+00
6.450756728781925631e-08
5.834634976054076105e-06
1.568787943995175738e-08
1.603313648956827819e-06
3.716095520189810486e-08
4.059637603859300725e-07
2.498244944248995125e-09
1.788542590475117322e-06
1.639203560444002505e-06
7.012483251855883282e-07
3.200256969648762606e-06
6.719482144035282545e-07
0.000000000000000000e+00
2.696280489544733427e-06
6.242975700843089726e-07
8.801911235423176549e-07
3.445468053087097360e-07
2.800903530442155898e-06
5.327646022124099545e-07
0.000000000000000000e+00
1.473716793043422513e-08
6.323317620626767166e-07
9.944773893266756204e-08
8.929630368470498070e-09
0.000000000000000000e+00
3.764521636639983626e-07
1.125367475651728455e-06
1.069104627049455303e-08
0.000000000000000000e+00
1.443014667756870040e-07
9.832232450435185456e-08
3.324959640949032291e-09
0.000000000000000000e+00
0.000000000000000000e+00
0.000000000000000000e+00
9.809404133420684957e-08
2.652794250934675802e-07
7.695671655483238283e-09
5.786111589856091086e-09
2.199458549512200989e-06
0.000000000000000000e+00
1.388262699242304166e-10
0.000000000000000000e+00
0.000000000000000000e+00
2.561720835458913825e-09
0.000000000000000000e+00
0.000000000000000000e+00
0.000000000000000000e+00
1.742014865691032810e-09
0.000000000000000000e+00
6.720398543214045617e-11
4.214788518197565281e-09
0.000000000000000000e+00
0.000000000000000000e+00
1.944367333805985254e-08
0.000000000000000000e+00
2.786468371596129145e-07
3.196495299562229775e-07
7.001716539889457636e-07
7.496138465512558469e-08
0.000000000000000000e+00
1.924864179159158084e-08
1.731628529455520038e-08
1.508462244004249442e-09
0.000000000000000000e+00
0.000000000000000000e+00
0.000000000000000000e+00
0.000000000000000000e+00
0.000000000000000000e+00
4.648695206554975812e-09
1.622260867861768929e-07
1.405277938459903453e-08
6.784711814589172718e-08
8.261784034679919841e-10
6.779159775760490447e-07
6.529059071169740491e-09
1.706891765707041486e-07
0.000000000000000000e+00
0.000000000000000000e+00
0.000000000000000000e+00
0.000000000000000000e+00
1.644527736210932289e-09
0.000000000000000000e+00
0.000000000000000000e+00
0.000000000000000000e+00
8.440214855909289327e-07
3.542314441773442013e-09
8.136544238368514925e-07
2.864491762011311948e-06
2.771800566847559821e-08
1.225817385375194135e-07
8.128504305204842240e-07
0.000000000000000000e+00
3.873132925491518108e-08
0.000000000000000000e+00
0.000000000000000000e+00
4.085821103672060417e-07
1.869547894273182465e-08
1.604363205842673779e-06
6.635560225731751416e-07
0.000000000000000000e+00
6.557152598674065302e-09
0.000000000000000000e+00
4.053427460348757450e-08
2.710367823510750895e-07
7.191310658072325168e-08
3.945761761769972509e-07
0.000000000000000000e+00
6.832124643807446773e-09
3.379106416900867771e-08
1.498858398507607603e-10
4.514503757491183933e-07
2.092215538596065016e-07
8.781657179213198106e-09
9.604930255591170862e-07
4.787720442323006864e-09
4.557981014841061551e-07
6.094074706197716296e-06
4.671114766097161919e-07
4.752641871164087206e-07
6.228499955795996357e-07
7.929776835169377591e-09
0.000000000000000000e+00
1.328493652863471652e-07
8.453899802418618492e-09
1.260822955373441800e-06
0.000000000000000000e+00
6.066165383344923612e-07
0.000000000000000000e+00
7.056777349134790711e-07
1.504990478906620410e-07
0.000000000000000000e+00
0.000000000000000000e+00
0.000000000000000000e+00
3.545612798916408792e-07
0.000000000000000000e+00
1.677850320902507519e-07
1.403798605137396294e-10
3.621092048433638411e-07
0.000000000000000000e+00
3.941050579214788741e-07
0.000000000000000000e+00
0.000000000000000000e+00
8.086296965359451860e-09
9.343630757996379543e-09
0.000000000000000000e+00
1.698099771907379818e-09
1.254372961057015345e-07
3.254505109850924782e-09
0.000000000000000000e+00
5.503013156271663320e-09
4.236682968894456280e-07
8.739969636906153028e-09
0.000000000000000000e+00
1.698127789495629258e-06
1.777597802288255480e-08
7.716310257421810093e-09
0.000000000000000000e+00
6.305975297493660037e-09
8.135264017994359165e-09
0.000000000000000000e+00
1.089352394956222270e-07
7.493040854456012312e-09
2.313295794920122717e-07
6.467751489935835707e-08
1.023323079607507680e-07
0.000000000000000000e+00
0.000000000000000000e+00
4.643370410395419867e-10
3.376667834231739107e-10
4.019143240441280795e-09
6.556311404892767314e-07
8.312894372863866010e-09
2.293241863071671105e-07
1.553863739900407381e-06
7.784449529424364300e-09
5.800885993778592820e-09
1.230538146046455950e-06
5.767473680862167384e-07
5.877166131540434435e-07
3.328050866002740804e-07
0.000000000000000000e+00
2.483599992331164685e-08
0.000000000000000000e+00
1.278769161672244081e-07
1.020801718709662964e-07
1.882305582512344699e-07
2.586407976679083731e-09
1.674698921760864323e-07
5.353170795530104442e-09
3.127121339652205734e-10
2.074516380901059165e-08
9.972072803066112101e-07
0.000000000000000000e+00
0.000000000000000000e+00
5.779512690651245066e-08
1.172796828541322611e-06
2.187937475639500917e-08
1.957483064529697003e-08
1.416261738995672204e-06
0.000000000000000000e+00
3.476152130588161526e-07
0.000000000000000000e+00
6.327384172166716780e-10
7.014993457232776564e-07
4.105354037164943293e-06
0.000000000000000000e+00
0.000000000000000000e+00
0.000000000000000000e+00
1.725209419767281815e-09
7.647064421689719893e-07
0.000000000000000000e+00
4.287746335762676608e-08
0.000000000000000000e+00
5.305071493211244160e-09
2.246563610697194235e-07
2.760363031484303065e-07
0.000000000000000000e+00
2.501837848001287057e-08
1.287976947317304166e-09
0.000000000000000000e+00
5.241462076810421422e-06
3.455411956565512810e-09
3.236483525625999391e-09
1.176278097148042434e-08
0.000000000000000000e+00
0.000000000000000000e+00
0.000000000000000000e+00
5.521593848811789940e-09
4.590761903955353773e-08
1.455318643373004761e-09
0.000000000000000000e+00
8.390980497097189073e-07
2.917313501882290439e-09
0.000000000000000000e+00
2.263788928758003749e-06
7.545641445005912828e-09
4.223622340759902727e-09
4.480833482034540793e-09
3.721222583408234641e-07
0.000000000000000000e+00
0.000000000000000000e+00
0.000000000000000000e+00
0.000000000000000000e+00
3.481842014707581257e-08
0.000000000000000000e+00
0.000000000000000000e+00
0.000000000000000000e+00
4.719136725839234714e-08
1.899442547692586913e-10
2.474199067847848710e-09
3.101481738099209906e-08
9.156801894505406381e-08
1.036506631635347730e-07
3.124976501567289233e-06
2.048431646528570127e-08
3.361517286748494371e-08
3.644506918476508872e-08
1.438900767425366212e-07
4.857624389842385426e-06
1.486095243308227509e-05
4.058874310430837795e-06
1.087730439053302689e-07
4.346878199612547178e-07
0.000000000000000000e+00
4.848630851483903825e-06
4.694269648553017760e-07
1.012135726341512054e-06
8.635320227767806500e-07
5.310031951921700966e-07
1.219080036918285259e-08
2.457704511016345350e-07
1.325447669842105825e-06
2.452499074934166856e-06
1.465292456259703613e-07
9.781015108956125914e-08
8.263834416766258073e-08
7.228178056095657666e-09
1.978659298629281693e-07
1.364357331112842076e-06
0.000000000000000000e+00
6.913447592182819790e-09
3.088728988132061204e-07
0.000000000000000000e+00
0.000000000000000000e+00
3.692305483582458692e-07
1.335624659759560018e-07
0.000000000000000000e+00
0.000000000000000000e+00
1.616213864963356173e-07
0.000000000000000000e+00
0.000000000000000000e+00
0.000000000000000000e+00
0.000000000000000000e+00
0.000000000000000000e+00
2.317011915664579647e-09
5.049259187844823416e-12
0.000000000000000000e+00
6.396326135416074976e-09
3.999900854978477582e-06
7.445532901328988373e-07
2.031003143443399495e-09
3.700678234963561408e-07
2.172304292002991133e-08
1.420015571795829601e-08
0.000000000000000000e+00
1.647489852985017933e-06
0.000000000000000000e+00
0.000000000000000000e+00
0.000000000000000000e+00
0.000000000000000000e+00
0.000000000000000000e+00
0.000000000000000000e+00
6.430989074601711764e-11
3.795391734229269787e-08
7.507367172365775332e-09
1.195215593163823087e-09
4.093823890993775194e-11
0.000000000000000000e+00
1.204836230783712381e-10
0.000000000000000000e+00
4.029416516004857840e-07
4.831044453368349423e-10
2.494056872137662140e-08
1.318753994894450443e-09
1.228062096458870656e-09
0.000000000000000000e+00
0.000000000000000000e+00
5.221050702886032013e-09
0.000000000000000000e+00
0.000000000000000000e+00
0.000000000000000000e+00
0.000000000000000000e+00
0.000000000000000000e+00
2.436790699777979796e-11
3.109659374445072899e-08
0.000000000000000000e+00
1.464215699797932757e-07
0.000000000000000000e+00
0.000000000000000000e+00
0.000000000000000000e+00
0.000000000000000000e+00
0.000000000000000000e+00
2.730783155158178488e-09
0.000000000000000000e+00
7.204114194081512323e-09
4.332873171364326481e-09
5.970125727117192582e-09
2.366451923307977268e-09
3.731712272525555818e-09
3.821020444494394042e-10
2.213448397014872171e-06
2.361618012258759336e-09
2.718431035830803921e-09
3.480840282676922470e-09
1.344769430033920798e-06
3.916213699994841591e-07
0.000000000000000000e+00
6.273285180213861167e-08
9.084935186365328263e-07
4.265506170497701532e-09
1.221867620415650890e-07
0.000000000000000000e+00
2.742146534728817642e-06
1.958799202839145437e-06
2.182315768095577369e-07
1.051315848599188030e-06
1.020818331198825035e-06
4.924429049424361438e-06
0.000000000000000000e+00
1.131174443003146735e-08
0.000000000000000000e+00
3.174724039212151183e-09
0.000000000000000000e+00
3.489549271762371063e-07
6.001673114042205270e-07
1.714339077807380818e-06
5.767175252913148142e-07
0.000000000000000000e+00
3.836042594684840878e-08
5.526519331056078954e-08
7.301302389350894373e-07
6.677712462987983599e-07
2.670511207725212444e-07
0.000000000000000000e+00
0.000000000000000000e+00
0.000000000000000000e+00
0.000000000000000000e+00
0.000000000000000000e+00
0.000000000000000000e+00
0.000000000000000000e+00
7.054361539360343158e-09
0.000000000000000000e+00
3.419992955500106291e-09
0.000000000000000000e+00
4.403354125770420069e-09
0.000000000000000000e+00
1.473520967465447029e-07
1.027175766665777701e-08
0.000000000000000000e+00
1.504308784205932170e-06
0.000000000000000000e+00
0.000000000000000000e+00
0.000000000000000000e+00
0.000000000000000000e+00
6.261164031684529618e-09
0.000000000000000000e+00
0.000000000000000000e+00
0.000000000000000000e+00
4.361259470897493884e-06
3.884252031127743976e-09
1.868706931418273598e-07
1.148860519606387243e-06
1.456832521284923132e-08
0.000000000000000000e+00
0.000000000000000000e+00
0.000000000000000000e+00
0.000000000000000000e+00
1.719896447482938129e-09
0.000000000000000000e+00
5.348891995993199089e-09
0.000000000000000000e+00
0.000000000000000000e+00
7.235831933627423496e-09
1.146406969354529792e-08
3.426431760544801364e-07
9.571453851719979866e-09
5.160470939458150497e-10
2.407711008345359005e-07
0.000000000000000000e+00
1.775307456597374767e-09
1.170694208241229717e-08
7.052359052295287256e-08
0.000000000000000000e+00
1.985152708883219930e-09
0.000000000000000000e+00
4.693699942603934971e-11
0.000000000000000000e+00
9.115947996463091840e-09
0.000000000000000000e+00
0.000000000000000000e+00
4.607763059993885690e-09
8.970857834356138483e-09
0.000000000000000000e+00
1.050108693334550480e-07
0.000000000000000000e+00
0.000000000000000000e+00
4.159138313752919203e-07
8.201382684092095587e-09
0.000000000000000000e+00
1.965883100751852908e-08
0.000000000000000000e+00
0.000000000000000000e+00
3.721617458651849120e-09
2.997848413954784519e-09
1.090289316607595538e-07
3.714917795605288120e-07
4.838232214865456626e-08
0.000000000000000000e+00
2.132713461833191104e-06
8.038911758490030479e-09
9.991911156248534098e-07
1.120810022570140063e-08
1.046471425070194528e-07
9.936175437985639292e-09
0.000000000000000000e+00
5.743077508668648079e-06
9.886908856060472317e-07
2.073428220228379359e-07
0.000000000000000000e+00
5.831936888966993138e-08
2.180279125241213478e-06
7.107868214006884955e-07
2.923861757153645158e-07
1.042503043890974368e-07
4.291543973522493616e-06
1.062946193997049704e-05
2.739675721841194900e-07
9.460553656026604585e-07
9.723246421344811097e-07
0.000000000000000000e+00
2.157479334075063093e-10
6.009065032230864745e-07
1.375586151652896660e-07
0.000000000000000000e+00
0.000000000000000000e+00
4.898525585161905838e-09
0.000000000000000000e+00
0.000000000000000000e+00
0.000000000000000000e+00
3.641468282467030804e-08
2.369120863932039356e-07
3.546576721191740944e-08
6.229119303702290722e-11
0.000000000000000000e+00
2.392284059737903590e-08
1.095865016509378620e-07
7.339551189033954870e-08
2.671022070188655562e-09
5.929886626176994469e-08
0.000000000000000000e+00
3.293214945188083220e-08
1.162092218010002398e-07
9.982969118027540389e-09
2.538062260359907896e-10
7.781419242292031413e-08
2.051509255807104637e-07
2.257642961467354326e-07
0.000000000000000000e+00
0.000000000000000000e+00
0.000000000000000000e+00
1.854810847135013319e-07
3.203710907673240627e-10
1.859070266618800815e-07
0.000000000000000000e+00
0.000000000000000000e+00
1.755071865616741889e-09
3.149624490106361918e-06
8.396700224011510727e-08
2.335153048704796674e-08
9.223168149219418410e-07
0.000000000000000000e+00
0.000000000000000000e+00
0.000000000000000000e+00
4.031907696600001145e-09
0.000000000000000000e+00
4.687224386401567244e-09
4.071199271038494771e-07
4.272083060641307384e-06
5.110235790084516339e-08
2.182666314354264614e-08
1.540291947321748012e-07
3.329926911987968197e-08
2.877048599359000036e-09
8.228012937649964442e-09
1.120277828836613310e-10
2.285053369632805698e-06
3.035159679143362155e-08
4.856509008277498651e-07
6.026847927387279924e-07
2.436170234432211146e-06
2.733569033352978295e-07
6.314623988146195188e-07
1.425418897499364235e-11
2.580681837116571842e-07
2.235411784567986615e-07
0.000000000000000000e+00
0.000000000000000000e+00
1.376176186340671848e-07
0.000000000000000000e+00
2.586545200244927400e-09
0.000000000000000000e+00
0.000000000000000000e+00
0.000000000000000000e+00
2.084828976123276334e-09
1.364514218948897906e-06
0.000000000000000000e+00
0.000000000000000000e+00
0.000000000000000000e+00
0.000000000000000000e+00
0.000000000000000000e+00
0.000000000000000000e+00
0.000000000000000000e+00
0.000000000000000000e+00
0.000000000000000000e+00
2.042475443886360154e-06
0.000000000000000000e+00
0.000000000000000000e+00
0.000000000000000000e+00
8.153127062371368083e-09
2.019596401225953741e-08
0.000000000000000000e+00
2.098440177178417798e-07
0.000000000000000000e+00
2.020343117692391388e-06
1.140780227615323383e-06
0.000000000000000000e+00
0.000000000000000000e+00
0.000000000000000000e+00
0.000000000000000000e+00
0.000000000000000000e+00
0.000000000000000000e+00
0.000000000000000000e+00
0.000000000000000000e+00
0.000000000000000000e+00
0.000000000000000000e+00
0.000000000000000000e+00
3.322863051380409161e-08
0.000000000000000000e+00
1.323293190580443479e-06
3.418459755266667344e-06
0.000000000000000000e+00
6.862390478090674151e-07
0.000000000000000000e+00
0.000000000000000000e+00
2.829239519996917807e-06
1.082029967847120133e-07
2.901869633475939736e-09
1.825023190349384095e-07
3.310165297421008290e-08
2.429020762306777215e-09
3.118741931373847365e-09
0.000000000000000000e+00
1.566036530675773975e-06
0.000000000000000000e+00
0.000000000000000000e+00
0.000000000000000000e+00
1.298972875929393922e-07
0.000000000000000000e+00
1.445289665724658335e-09
1.618814637893706276e-09
1.641699753918146598e-07
0.000000000000000000e+00
3.773875434376350313e-09
0.000000000000000000e+00
0.000000000000000000e+00
0.000000000000000000e+00
0.000000000000000000e+00
1.797139134396275040e-06
0.000000000000000000e+00
0.000000000000000000e+00
0.000000000000000000e+00
2.663654630197243023e-09
0.000000000000000000e+00
1.145504580080114465e-08
0.000000000000000000e+00
0.000000000000000000e+00
0.000000000000000000e+00
2.104193015384225873e-07
0.000000000000000000e+00
1.197974636157894679e-10
0.000000000000000000e+00
0.000000000000000000e+00
0.000000000000000000e+00
0.000000000000000000e+00
0.000000000000000000e+00
0.000000000000000000e+00
0.000000000000000000e+00
0.000000000000000000e+00
0.000000000000000000e+00
0.000000000000000000e+00
0.000000000000000000e+00
0.000000000000000000e+00
0.000000000000000000e+00
2.858739467370696730e-09
0.000000000000000000e+00
0.000000000000000000e+00
5.666448421592917839e-10
9.693269298338691442e-09
2.881462624060304734e-09
0.000000000000000000e+00
0.000000000000000000e+00
3.134545977445668541e-06
3.688775507271202514e-08
0.000000000000000000e+00
0.000000000000000000e+00
0.000000000000000000e+00
0.000000000000000000e+00
0.000000000000000000e+00
0.000000000000000000e+00
2.021416589670366193e-09
0.000000000000000000e+00
2.457340331218915708e-09
0.000000000000000000e+00
0.000000000000000000e+00
3.540963300352473198e-09
1.440786490114476237e-09
0.000000000000000000e+00
8.196984424557740567e-09
0.000000000000000000e+00
2.909999530231743847e-08
5.808713510191410023e-09
0.000000000000000000e+00
0.000000000000000000e+00
0.000000000000000000e+00
2.954656075360162504e-08
1.083564793447067132e-09
5.231299393670951758e-09
0.000000000000000000e+00
0.000000000000000000e+00
0.000000000000000000e+00
0.000000000000000000e+00
0.000000000000000000e+00
4.001350806248638037e-09
0.000000000000000000e+00
0.000000000000000000e+00
0.000000000000000000e+00
0.000000000000000000e+00
0.000000000000000000e+00
0.000000000000000000e+00
0.000000000000000000e+00
0.000000000000000000e+00
0.000000000000000000e+00
0.000000000000000000e+00
2.108782259924169011e-09
0.000000000000000000e+00
1.878959432488613857e-09
5.394409918757503419e-11
0.000000000000000000e+00
0.000000000000000000e+00
7.626209885813750589e-09
0.000000000000000000e+00
3.273388851643410646e-11
7.206247687463473994e-08
1.844393970884539158e-09
3.847921981048330053e-09
1.452175979466119315e-08
3.515337576587285184e-09
1.622225020980749832e-08
6.165094657006875423e-09
4.968562805629517243e-08
2.802013341351994313e-07
2.885885841408253327e-08
3.080804390265257098e-06
3.973168986703967676e-06
0.000000000000000000e+00
1.200592464556393679e-06
2.848610733963141683e-07
0.000000000000000000e+00
2.777548635535254107e-09
0.000000000000000000e+00
2.219198051989224041e-07
1.403166862701255013e-07
0.000000000000000000e+00
7.524047759943641722e-06
2.390485462910874048e-07
2.572456025973224314e-08
2.342871230354148793e-09
2.798008047477651417e-08
5.353572305466514081e-07
3.217090238649689127e-07
1.265343485101766419e-06
1.876494515329341084e-08
8.819677788096669246e-08
1.645594061017163767e-08
0.000000000000000000e+00
1.631750933483999688e-06
0.000000000000000000e+00
1.206991928626166555e-08
0.000000000000000000e+00
3.403349921882181661e-07
6.273673847090321942e-08
0.000000000000000000e+00
0.000000000000000000e+00
4.562935029817083432e-10
4.239118389648410812e-09
1.612653818483522628e-06
0.000000000000000000e+00
6.205310931761687243e-09
0.000000000000000000e+00
0.000000000000000000e+00
0.000000000000000000e+00
0.000000000000000000e+00
0.000000000000000000e+00
0.000000000000000000e+00
4.715469401617156109e-07
0.000000000000000000e+00
5.444641959506668627e-10
3.310858920357873103e-09
0.000000000000000000e+00
2.100539830962588894e-07
3.217728362869820558e-06
0.000000000000000000e+00
1.061491783360679619e-08
1.238456235341800493e-07
1.772160942437039921e-07
3.210459453839575872e-09
0.000000000000000000e+00
0.000000000000000000e+00
0.000000000000000000e+00
0.000000000000000000e+00
7.100353638378464893e-09
0.000000000000000000e+00
0.000000000000000000e+00
0.000000000000000000e+00
0.000000000000000000e+00
4.006377452014930896e-08
0.000000000000000000e+00
0.000000000000000000e+00
0.000000000000000000e+00
0.000000000000000000e+00
0.000000000000000000e+00
0.000000000000000000e+00
8.717869093288754812e-09
1.850831381489115302e-07
0.000000000000000000e+00
2.890945552280754782e-06
0.000000000000000000e+00
0.000000000000000000e+00
0.000000000000000000e+00
0.000000000000000000e+00
4.861662628030671840e-09
0.000000000000000000e+00
5.907729132559325080e-07
1.002531044291821161e-10
5.198110830662017179e-09
9.934017164425767987e-09
0.000000000000000000e+00
0.000000000000000000e+00
4.622959348665744983e-09
0.000000000000000000e+00
0.000000000000000000e+00
1.783493871698738076e-06
0.000000000000000000e+00
0.000000000000000000e+00
1.249452763474323547e-09
0.000000000000000000e+00
0.000000000000000000e+00
1.895669129226007499e-06
0.000000000000000000e+00
8.661541528454108629e-07
0.000000000000000000e+00
2.728480330560500988e-09
7.867811291362158954e-07
0.000000000000000000e+00
0.000000000000000000e+00
9.228450181808511843e-08
3.271389559245108103e-08
3.176104428348480724e-06
5.115912582454029689e-09
1.456770746699476149e-06
7.259957897076674271e-07
4.952038921146595385e-07
1.385758650940260850e-06
1.363154211730943643e-07
9.999655548043051567e-10
2.944689492245800011e-10
8.226038517022971064e-08
1.044699956764816307e-06
0.000000000000000000e+00
2.963382144116621930e-07
2.840361057465656813e-09
5.426410876196996469e-09
1.882267156361194793e-06
1.685887873748015409e-09
0.000000000000000000e+00
0.000000000000000000e+00
2.230520266266466933e-07
3.984424665759433992e-07
2.364475619742734125e-07
0.000000000000000000e+00
3.547938547399098752e-07
2.084588324180458585e-08
9.007795256366080139e-07
8.198838372663885821e-07
1.372742872263188474e-06
0.000000000000000000e+00
0.000000000000000000e+00
0.000000000000000000e+00
0.000000000000000000e+00
0.000000000000000000e+00
0.000000000000000000e+00
0.000000000000000000e+00
1.074754777619091328e-06
9.230621600408994709e-08
0.000000000000000000e+00
0.000000000000000000e+00
8.100835557911523210e-09
0.000000000000000000e+00
0.000000000000000000e+00
0.000000000000000000e+00
0.000000000000000000e+00
0.000000000000000000e+00
0.000000000000000000e+00
0.000000000000000000e+00
0.000000000000000000e+00
0.000000000000000000e+00
0.000000000000000000e+00
6.482449022016112394e-10
0.000000000000000000e+00
0.000000000000000000e+00
7.127092658265610225e-07
0.000000000000000000e+00
2.043166489329450997e-07
1.569987517768822727e-08
2.416517652648053627e-09
0.000000000000000000e+00
0.000000000000000000e+00
3.687726859991080630e-11
0.000000000000000000e+00
0.000000000000000000e+00
0.000000000000000000e+00
0.000000000000000000e+00
0.000000000000000000e+00
0.000000000000000000e+00
0.000000000000000000e+00
0.000000000000000000e+00
0.000000000000000000e+00
0.000000000000000000e+00
0.000000000000000000e+00
0.000000000000000000e+00
4.706692813272184139e-09
9.131674083562302258e-09
1.465768395547684122e-09
3.113767299556258195e-10
2.740527627054234472e-08
0.000000000000000000e+00
0.000000000000000000e+00
0.000000000000000000e+00
4.107922890739246213e-09
0.000000000000000000e+00
0.000000000000000000e+00
0.000000000000000000e+00
0.000000000000000000e+00
0.000000000000000000e+00
0.000000000000000000e+00
9.079383858079381753e-07
0.000000000000000000e+00
2.533235177182291409e-09
0.000000000000000000e+00
1.568535367368895095e-06
0.000000000000000000e+00
0.000000000000000000e+00
0.000000000000000000e+00
0.000000000000000000e+00
4.063985414859416778e-08
0.000000000000000000e+00
0.000000000000000000e+00
4.587885200635355432e-07
2.285720768213650445e-07
4.884052717812892297e-09
8.286224484344018038e-10
9.585324534100436722e-09
2.091483608523958537e-08
8.138294305126692052e-08
1.329517544945701957e-06
5.603316139968228526e-07
8.096461279194500094e-09
1.167686491498898249e-06
8.824875408208754379e-07
0.000000000000000000e+00
5.382436825129843783e-07
0.000000000000000000e+00
7.541408422184758820e-07
0.000000000000000000e+00
0.000000000000000000e+00
0.000000000000000000e+00
4.679655830841511488e-06
2.284643443317690981e-07
1.716600479539920343e-07
7.989122963181216619e-08
5.324173990139263735e-14
6.394471085968689295e-08
2.545986490076757036e-06
3.730016828740190249e-08
2.816085320489492005e-08
2.450937699904898182e-06
0.000000000000000000e+00
3.636132950290971166e-09
0.000000000000000000e+00
1.298821956652318477e-07
2.209284843956993427e-07
3.150532279505569022e-07
3.230126139897038229e-07
3.381681494829535950e-07
4.009545762073685182e-07
5.137248959563578410e-10
5.808852066024883243e-09
1.020804241136374912e-08
1.132204285880789030e-08
4.682579213266535589e-09
0.000000000000000000e+00
1.979159833354060538e-06
1.287478568201549933e-07
0.000000000000000000e+00
6.197026447551934325e-09
1.716950919217197224e-07
1.518065495531573106e-08
4.973394993612600956e-07
1.381812708700635994e-08
0.000000000000000000e+00
0.000000000000000000e+00
0.000000000000000000e+00
0.000000000000000000e+00
2.376163621420346317e-07
0.000000000000000000e+00
9.323356664481252665e-08
0.000000000000000000e+00
0.000000000000000000e+00
0.000000000000000000e+00
3.809267923315928783e-08
0.000000000000000000e+00
1.267037585961361401e-09
0.000000000000000000e+00
1.485116363220129188e-09
7.240567256872054713e-09
0.000000000000000000e+00
0.000000000000000000e+00
4.991801816345287079e-08
0.000000000000000000e+00
0.000000000000000000e+00
7.256058154325728538e-08
0.000000000000000000e+00
1.726033076465682825e-07
0.000000000000000000e+00
3.266270368840196170e-06
0.000000000000000000e+00
1.260929138879873790e-07
1.825529838406225736e-09
4.463408629362675129e-07
7.000607382678936119e-08
0.000000000000000000e+00
0.000000000000000000e+00
2.515294361682407498e-10
0.000000000000000000e+00
0.000000000000000000e+00
1.189827458780712277e-09
9.799203226634745079e-09
1.093569963472873496e-07
1.539708136988338083e-06
1.072611688357483217e-08
6.430197707629758952e-09
3.913590376214415301e-07
0.000000000000000000e+00
1.113743678615719546e-06
7.031322297734732274e-07
3.362264578754547983e-06
9.859363103714713361e-09
5.748520948145596776e-07
2.384564083968143677e-07
0.000000000000000000e+00
6.545510018440836575e-07
2.743220761658449192e-09
1.280411368043132825e-07
2.237150242834218261e-09
0.000000000000000000e+00
4.943364118048521050e-08
4.695270376942062285e-07
3.738369613870418107e-09
7.461769655492389575e-07
2.482829131622565910e-06
1.068322816877298465e-07
1.717886419783098972e-07
5.300023531162878498e-08
0.000000000000000000e+00
2.996967225499247434e-07
0.000000000000000000e+00
0.000000000000000000e+00
1.534659332946830546e-07
7.569234128368407255e-08
0.000000000000000000e+00
1.721853493119596124e-10
0.000000000000000000e+00
1.680488248556599729e-10
3.977337712512962753e-07
3.502097115415381268e-06
0.000000000000000000e+00
0.000000000000000000e+00
0.000000000000000000e+00
3.129256853640072222e-09
0.000000000000000000e+00
0.000000000000000000e+00
0.000000000000000000e+00
0.000000000000000000e+00
0.000000000000000000e+00
0.000000000000000000e+00
0.000000000000000000e+00
0.000000000000000000e+00
0.000000000000000000e+00
0.000000000000000000e+00
7.637209975541736640e-09
1.508896119162272953e-08
7.542972753071808256e-07
0.000000000000000000e+00
0.000000000000000000e+00
0.000000000000000000e+00
0.000000000000000000e+00
0.000000000000000000e+00
0.000000000000000000e+00
0.000000000000000000e+00
0.000000000000000000e+00
0.000000000000000000e+00
0.000000000000000000e+00
0.000000000000000000e+00
0.000000000000000000e+00
0.000000000000000000e+00
0.000000000000000000e+00
0.000000000000000000e+00
3.482053978487442691e-09
0.000000000000000000e+00
0.000000000000000000e+00
0.000000000000000000e+00
0.000000000000000000e+00
3.289132743944378490e-09
0.000000000000000000e+00
0.000000000000000000e+00
0.000000000000000000e+00
1.106568774389415921e-07
6.695192400485439066e-09
0.000000000000000000e+00
0.000000000000000000e+00
2.306949353769738309e-10
0.000000000000000000e+00
0.000000000000000000e+00
0.000000000000000000e+00
0.000000000000000000e+00
0.000000000000000000e+00
0.000000000000000000e+00
0.000000000000000000e+00
0.000000000000000000e+00
0.000000000000000000e+00
0.000000000000000000e+00
3.629289924145240320e-10
4.264295512257376686e-07
0.000000000000000000e+00
0.000000000000000000e+00
0.000000000000000000e+00
0.000000000000000000e+00
0.000000000000000000e+00
1.706332852791092591e-07
0.000000000000000000e+00
0.000000000000000000e+00
0.000000000000000000e+00
0.000000000000000000e+00
0.000000000000000000e+00
1.032143703838528381e-09
0.000000000000000000e+00
0.000000000000000000e+00
5.600880204070790569e-09
0.000000000000000000e+00
0.000000000000000000e+00
0.000000000000000000e+00
0.000000000000000000e+00
0.000000000000000000e+00
0.000000000000000000e+00
0.000000000000000000e+00
4.891035132459364831e-08
0.000000000000000000e+00
2.474337054692021809e-11
7.652796618629054137e-09
0.000000000000000000e+00
7.295470894064237655e-10
5.111783885070053657e-09
0.000000000000000000e+00
0.000000000000000000e+00
0.000000000000000000e+00
0.000000000000000000e+00
3.891746092055115014e-10
1.221974876841613877e-08
0.000000000000000000e+00
0.000000000000000000e+00
0.000000000000000000e+00
0.000000000000000000e+00
0.000000000000000000e+00
0.000000000000000000e+00
3.465941311731057795e-09
0.000000000000000000e+00
4.463614189376130525e-08
0.000000000000000000e+00
0.000000000000000000e+00
2.691756684214396955e-08
2.393245722487336025e-06
1.073505941917574091e-07
4.871574077469631447e-08
2.126432541160738765e-08
3.148132066144171404e-08
1.277437178259788197e-07
7.006726718827849254e-07
2.863916733986116014e-06
1.082185690393089317e-06
4.891006710749934427e-07
0.000000000000000000e+00
2.308915725279803155e-09
2.850458535874622612e-08
5.555800271395128220e-06
1.061899752130557317e-06
9.598188199788637576e-08
0.000000000000000000e+00
3.791535488351094330e-11
3.280730993537872564e-07
4.192673713987460360e-06
1.935790372442625085e-08
2.054956524943918339e-07
1.299615860261837952e-06
3.317679329484235495e-06
0.000000000000000000e+00
5.077718583379464690e-07
2.639337139953568112e-07
0.000000000000000000e+00
6.248851214252226782e-09
0.000000000000000000e+00
0.000000000000000000e+00
4.393037489336393264e-09
0.000000000000000000e+00
0.000000000000000000e+00
0.000000000000000000e+00
0.000000000000000000e+00
8.384140492978531256e-09
1.116457724492647685e-06
0.000000000000000000e+00
1.262791329281753860e-07
1.142452088487289075e-08
0.000000000000000000e+00
9.611031415168724834e-11
1.104579496313817799e-06
0.000000000000000000e+00
0.000000000000000000e+00
0.000000000000000000e+00
0.000000000000000000e+00
0.000000000000000000e+00
3.767219780570485455e-08
9.460432437435883912e-09
0.000000000000000000e+00
0.000000000000000000e+00
1.426983686769744963e-08
9.986330695710421423e-08
0.000000000000000000e+00
0.000000000000000000e+00
1.219128762386390008e-07
0.000000000000000000e+00
0.000000000000000000e+00
0.000000000000000000e+00
0.000000000000000000e+00
1.313192001362040173e-06
6.948600583811526121e-10
5.479516289597086143e-07
0.000000000000000000e+00
1.633783028864854714e-07
0.000000000000000000e+00
0.000000000000000000e+00
0.000000000000000000e+00
0.000000000000000000e+00
0.000000000000000000e+00
0.000000000000000000e+00
1.523514754353527678e-07
4.634323502727966115e-08
0.000000000000000000e+00
0.000000000000000000e+00
0.000000000000000000e+00
1.792217219076519541e-08
0.000000000000000000e+00
0.000000000000000000e+00
0.000000000000000000e+00
0.000000000000000000e+00
0.000000000000000000e+00
0.000000000000000000e+00
6.913496690685860813e-07
5.991742102473551768e-10
0.000000000000000000e+00
7.843934390905360488e-09
0.000000000000000000e+00
1.326058374218064273e-08
2.161783818621643150e-08
0.000000000000000000e+00
0.000000000000000000e+00
1.433207774681477531e-08
0.000000000000000000e+00
0.000000000000000000e+00
0.000000000000000000e+00
6.789483819602537551e-08
0.000000000000000000e+00
8.979944609091572438e-13
0.000000000000000000e+00
5.610762077168374162e-09
1.381562086955057111e-10
1.130591620324139512e-09
0.000000000000000000e+00
5.349966247791826390e-09
7.127700740738873719e-08
1.807737959325095289e-08
3.776215635298285633e-06
9.502684861217858270e-09
3.070907723667914979e-06
0.000000000000000000e+00
1.287988084186508786e-06
5.361100008371977310e-09
4.371318595985940192e-07
9.378238630119994923e-09
7.081266630848404020e-07
3.271206194810361012e-09
1.453531268680308131e-07
1.311405526394082699e-07
1.714661692631125334e-07
5.267308367251644086e-08
9.370808840003519435e-08
6.477422598294424461e-09
3.882284147493919590e-07
9.448955751167886774e-08
1.021064008455141447e-06
1.231693289582835860e-07
8.711072041478473693e-07
4.298432259020046331e-07
9.456795737605716567e-07
6.572039637831039727e-06
0.000000000000000000e+00
1.010645789278896700e-09
3.349541429997771047e-06
1.940949623246979172e-10
3.184478600815054961e-07
0.000000000000000000e+00
0.000000000000000000e+00
4.640771678054989025e-08
0.000000000000000000e+00
5.056510872236685827e-06
0.000000000000000000e+00
6.883736691776221051e-09
0.000000000000000000e+00
0.000000000000000000e+00
0.000000000000000000e+00
0.000000000000000000e+00
0.000000000000000000e+00
0.000000000000000000e+00
0.000000000000000000e+00
0.000000000000000000e+00
0.000000000000000000e+00
0.000000000000000000e+00
0.000000000000000000e+00
0.000000000000000000e+00
0.000000000000000000e+00
0.000000000000000000e+00
0.000000000000000000e+00
0.000000000000000000e+00
0.000000000000000000e+00
7.767715715090162121e-07
0.000000000000000000e+00
0.000000000000000000e+00
0.000000000000000000e+00
0.000000000000000000e+00
0.000000000000000000e+00
0.000000000000000000e+00
0.000000000000000000e+00
5.788283630181467743e-08
0.000000000000000000e+00
0.000000000000000000e+00
0.000000000000000000e+00
0.000000000000000000e+00
2.464261433798853318e-13
3.496093725630089466e-08
0.000000000000000000e+00
0.000000000000000000e+00
0.000000000000000000e+00
0.000000000000000000e+00
0.000000000000000000e+00
0.000000000000000000e+00
0.000000000000000000e+00
0.000000000000000000e+00
0.000000000000000000e+00
0.000000000000000000e+00
0.000000000000000000e+00
0.000000000000000000e+00
0.000000000000000000e+00
0.000000000000000000e+00
0.000000000000000000e+00
0.000000000000000000e+00
0.000000000000000000e+00
0.000000000000000000e+00
0.000000000000000000e+00
5.136030978292183136e-08
0.000000000000000000e+00
9.850515425569028594e-08
8.345761415284869145e-08
0.000000000000000000e+00
0.000000000000000000e+00
0.000000000000000000e+00
0.000000000000000000e+00
0.000000000000000000e+00
0.000000000000000000e+00
0.000000000000000000e+00
0.000000000000000000e+00
0.000000000000000000e+00
0.000000000000000000e+00
0.000000000000000000e+00
0.000000000000000000e+00
0.000000000000000000e+00
0.000000000000000000e+00
3.111134613820176753e-11
2.724330094849847228e-09
1.344815473203198053e-06
0.000000000000000000e+00
0.000000000000000000e+00
0.000000000000000000e+00
0.000000000000000000e+00
0.000000000000000000e+00
0.000000000000000000e+00
0.000000000000000000e+00
0.000000000000000000e+00
0.000000000000000000e+00
0.000000000000000000e+00
3.829714323444477486e-09
0.000000000000000000e+00
0.000000000000000000e+00
0.000000000000000000e+00
4.605161141313374173e-09
0.000000000000000000e+00
1.844495778335897285e-09
8.303590592895204736e-10
7.508470289963042887e-09
0.000000000000000000e+00
9.977752313261589734e-08
1.971454139493289404e-06
7.629345333270975971e-08
2.669930552201549290e-07
0.000000000000000000e+00
0.000000000000000000e+00
1.244394010058158528e-08
0.000000000000000000e+00
1.983823327833533767e-09
4.444753454180272456e-09
0.000000000000000000e+00
0.000000000000000000e+00
0.000000000000000000e+00
0.000000000000000000e+00
0.000000000000000000e+00
1.392847025272203609e-06
2.283395588165149093e-06
1.361794033982732799e-06
8.481613633648521500e-09
1.009309812616265845e-06
1.257125319398255670e-07
0.000000000000000000e+00
1.158074269369535614e-06
0.000000000000000000e+00
4.499197542306987430e-11
0.000000000000000000e+00
0.000000000000000000e+00
8.620812081971962471e-07
3.152293537311834370e-09
0.000000000000000000e+00
0.000000000000000000e+00
0.000000000000000000e+00
0.000000000000000000e+00
0.000000000000000000e+00
3.987876198152662255e-07
5.887459764153391006e-08
0.000000000000000000e+00
0.000000000000000000e+00
0.000000000000000000e+00
0.000000000000000000e+00
0.000000000000000000e+00
0.000000000000000000e+00
2.538497634319014651e-09
0.000000000000000000e+00
0.000000000000000000e+00
4.853289325978948909e-09
0.000000000000000000e+00
0.000000000000000000e+00
1.350744227579525614e-08
1.082044150280125905e-06
1.258919269275793340e-06
0.000000000000000000e+00
0.000000000000000000e+00
0.000000000000000000e+00
0.000000000000000000e+00
0.000000000000000000e+00
3.948086302330011677e-10
0.000000000000000000e+00
1.153359448835544754e-06
6.828670962022442836e-08
0.000000000000000000e+00
0.000000000000000000e+00
2.647508878794724296e-09
0.000000000000000000e+00
0.000000000000000000e+00
0.000000000000000000e+00
0.000000000000000000e+00
0.000000000000000000e+00
0.000000000000000000e+00
0.000000000000000000e+00
0.000000000000000000e+00
0.000000000000000000e+00
4.815345011621730009e-09
0.000000000000000000e+00
3.067155418534639466e-08
0.000000000000000000e+00
0.000000000000000000e+00
1.711682351412946446e-09
0.000000000000000000e+00
0.000000000000000000e+00
0.000000000000000000e+00
0.000000000000000000e+00
0.000000000000000000e+00
4.942519726824912141e-09
0.000000000000000000e+00
7.035239057984199462e-09
0.000000000000000000e+00
8.408201068732523709e-08
0.000000000000000000e+00
2.118222681701809051e-07
0.000000000000000000e+00
0.000000000000000000e+00
2.131989917941723434e-09
0.000000000000000000e+00
0.000000000000000000e+00
0.000000000000000000e+00
0.000000000000000000e+00
0.000000000000000000e+00
0.000000000000000000e+00
0.000000000000000000e+00
3.651117879144294420e-07
1.949643575471782242e-07
6.042702782593778466e-09
3.149347094222321175e-07
1.151644369201676454e-06
0.000000000000000000e+00
0.000000000000000000e+00
9.450689049117499962e-07
1.274340633017345681e-08
0.000000000000000000e+00
4.194064047169376863e-07
3.234436292132158997e-07
0.000000000000000000e+00
1.043151698354449763e-08
5.695510285619320712e-09
2.397558773736818694e-08
5.177013817636577642e-10
1.170049941379147640e-07
1.841732100160697883e-09
1.924518500118210795e-07
8.037418552930830629e-08
6.168727395561290905e-08
1.428635982847481500e-07
0.000000000000000000e+00
0.000000000000000000e+00
3.636626288994193601e-08
0.000000000000000000e+00
0.000000000000000000e+00
0.000000000000000000e+00
0.000000000000000000e+00
0.000000000000000000e+00
7.117958222835341076e-09
0.000000000000000000e+00
4.988085056112367965e-09
0.000000000000000000e+00
0.000000000000000000e+00
0.000000000000000000e+00
2.792468922763191586e-09
0.000000000000000000e+00
0.000000000000000000e+00
0.000000000000000000e+00
0.000000000000000000e+00
1.463607759433216415e-07
0.000000000000000000e+00
0.000000000000000000e+00
0.000000000000000000e+00
0.000000000000000000e+00
4.987286583713057553e-09
0.000000000000000000e+00
3.283156732591940852e-11
3.393320513467301680e-09
1.917530023654023807e-10
0.000000000000000000e+00
1.800732185586184642e-08
0.000000000000000000e+00
6.295781673770761699e-09
0.000000000000000000e+00
1.068070698551082387e-08
3.080637270613806322e-06
1.902375812434797808e-09
0.000000000000000000e+00
0.000000000000000000e+00
0.000000000000000000e+00
3.970354711668733216e-09
0.000000000000000000e+00
0.000000000000000000e+00
4.414794918528031076e-10
5.165696759235061108e-09
8.597820233546826785e-09
2.354664196957401145e-08
0.000000000000000000e+00
2.862108061663093395e-08
0.000000000000000000e+00
9.790301014334090723e-09
5.185015194975051145e-10
2.218654117314144969e-06
0.000000000000000000e+00
2.336704483241192065e-06
0.000000000000000000e+00
0.000000000000000000e+00
0.000000000000000000e+00
0.000000000000000000e+00
0.000000000000000000e+00
1.873455168777127255e-08
6.460589929702109657e-07
7.988625156940543093e-07
0.000000000000000000e+00
0.000000000000000000e+00
1.069008135345939081e-07
0.000000000000000000e+00
9.880902318570861098e-09
3.023444833161192946e-06
2.137242631761182565e-07
0.000000000000000000e+00
5.677359240507939830e-07
0.000000000000000000e+00
3.369591183854936389e-07
1.705903741822112352e-06
3.756225908091437304e-08
3.999479503136171843e-08
3.411199713809764944e-07
3.226172395898174727e-07
3.311843556730309501e-06
0.000000000000000000e+00
4.209924853171287396e-08
2.071936933134566061e-08
3.380741375735851761e-08
5.325308194414901664e-09
1.151984179159626365e-07
6.776207101211184636e-06
3.988936125853825843e-10
1.932381754610190683e-10
2.335115141249843873e-06
3.149056624351942446e-07
6.308847541602879971e-12
1.146491513281944208e-06
1.356216330350434873e-06
0.000000000000000000e+00
0.000000000000000000e+00
0.000000000000000000e+00
3.574871016098768450e-06
0.000000000000000000e+00
0.000000000000000000e+00
0.000000000000000000e+00
7.002113333598458667e-10
2.254458175698914602e-09
7.780648161315184552e-07
7.447522154535590744e-09
8.732156331348051026e-09
1.307712871323474246e-08
2.059702630674564716e-09
3.086891853243400874e-09
0.000000000000000000e+00
9.833465597353097110e-09
2.179312096452570846e-13
0.000000000000000000e+00
0.000000000000000000e+00
9.583920324018890824e-10
0.000000000000000000e+00
1.392939878996912739e-07
3.432101891576166963e-08
1.658592929665303473e-09
2.682607771475886693e-07
1.329019028162292670e-08
0.000000000000000000e+00
6.802202356936959404e-09
8.119634742342896061e-09
0.000000000000000000e+00
0.000000000000000000e+00
3.567876216692411617e-09
0.000000000000000000e+00
6.392622875495135304e-09
0.000000000000000000e+00
0.000000000000000000e+00
3.227357183277490549e-06
8.606837127445032820e-07
1.488699439278207137e-07
8.448029689134273212e-07
0.000000000000000000e+00
0.000000000000000000e+00
0.000000000000000000e+00
2.261948683912606839e-10
0.000000000000000000e+00
0.000000000000000000e+00
0.000000000000000000e+00
5.346513010096032303e-09
2.558620426640345613e-09
0.000000000000000000e+00
5.934529756501660813e-09
1.786104235179664101e-06
1.723276660259287496e-10
1.200838113391000661e-07
8.141967100527836010e-09
3.940474682662120642e-11
7.738314877769880695e-09
0.000000000000000000e+00
0.000000000000000000e+00
2.749653837952337199e-09
0.000000000000000000e+00
0.000000000000000000e+00
1.868968801943537983e-08
2.636831482050183695e-07
0.000000000000000000e+00
6.252719231270020828e-09
0.000000000000000000e+00
7.878147698647808284e-07
8.749761093440611148e-08
1.491645562623489241e-08
1.147224608644137334e-07
2.237622176437525923e-08
2.308878208623355022e-07
2.848165365776367253e-07
3.051690782740479335e-06
0.000000000000000000e+00
9.059897797258908980e-12
0.000000000000000000e+00
9.495448125562688801e-07
3.241881207927121977e-09
8.031695131194283022e-08
7.964601200782794876e-11
0.000000000000000000e+00
6.280385544954469879e-09
0.000000000000000000e+00
4.476406356701545519e-09
5.927109025805066267e-09
0.000000000000000000e+00
0.000000000000000000e+00
2.979984401463298127e-07
0.000000000000000000e+00
0.000000000000000000e+00
0.000000000000000000e+00
0.000000000000000000e+00
0.000000000000000000e+00
1.396889537375045620e-08
0.000000000000000000e+00
0.000000000000000000e+00
0.000000000000000000e+00
0.000000000000000000e+00
7.964686687955691013e-10
0.000000000000000000e+00
0.000000000000000000e+00
0.000000000000000000e+00
1.772869517857600385e-09
5.517694745549306390e-09
4.997737505618715659e-06
0.000000000000000000e+00
0.000000000000000000e+00
0.000000000000000000e+00
0.000000000000000000e+00
0.000000000000000000e+00
0.000000000000000000e+00
2.892644790364329310e-09
0.000000000000000000e+00
0.000000000000000000e+00
0.000000000000000000e+00
0.000000000000000000e+00
0.000000000000000000e+00
0.000000000000000000e+00
0.000000000000000000e+00
1.576689223625749037e-09
0.000000000000000000e+00
0.000000000000000000e+00
0.000000000000000000e+00
0.000000000000000000e+00
1.651976666572352315e-09
6.937816432461829663e-10
0.000000000000000000e+00
0.000000000000000000e+00
0.000000000000000000e+00
8.294063214009383955e-09
0.000000000000000000e+00
0.000000000000000000e+00
1.678101768654016723e-09
1.085398526612380010e-08
8.184277255907090876e-09
0.000000000000000000e+00
4.784034445037832484e-06
0.000000000000000000e+00
0.000000000000000000e+00
3.757794519998469696e-09
0.000000000000000000e+00
0.000000000000000000e+00
0.000000000000000000e+00
8.420213415405441992e-10
0.000000000000000000e+00
0.000000000000000000e+00
0.000000000000000000e+00
0.000000000000000000e+00
0.000000000000000000e+00
1.663990367717360641e-08
1.567302774674317334e-06
4.920539531383383292e-09
0.000000000000000000e+00
0.000000000000000000e+00
0.000000000000000000e+00
0.000000000000000000e+00
0.000000000000000000e+00
0.000000000000000000e+00
0.000000000000000000e+00
0.000000000000000000e+00
0.000000000000000000e+00
0.000000000000000000e+00
6.195785662299613250e-09
0.000000000000000000e+00
3.013461702394693020e-10
0.000000000000000000e+00
0.000000000000000000e+00
8.292692754707786662e-09
1.977498413907596841e-07
2.940518939453795610e-10
2.684410915776425099e-09
9.061563055468013772e-09
1.828383574320469052e-06
3.974114406446460634e-06
3.239871944060723763e-07
9.052966447598009836e-07
1.167411133040641147e-11
0.000000000000000000e+00
0.000000000000000000e+00
0.000000000000000000e+00
9.896251640384434722e-07
1.874761466069685412e-07
6.111782795414910652e-07
3.755223133339313790e-06
4.153343411417154130e-07
0.000000000000000000e+00
1.785054735137237003e-07
6.991455592242346029e-08
3.501054834487149492e-06
1.110135205983908691e-09
2.180341653001960367e-06
6.060616328795731533e-07
1.386261033076152671e-06
7.846869820582469401e-10
3.344852530062780716e-06
0.000000000000000000e+00
0.000000000000000000e+00
0.000000000000000000e+00
0.000000000000000000e+00
0.000000000000000000e+00
0.000000000000000000e+00
0.000000000000000000e+00
0.000000000000000000e+00
0.000000000000000000e+00
0.000000000000000000e+00
0.000000000000000000e+00
0.000000000000000000e+00
2.748014871212234311e-10
3.452879981935552678e-09
1.204852679848045227e-07
0.000000000000000000e+00
0.000000000000000000e+00
1.934915339063536521e-09
8.744713980712859325e-11
3.891530298005818622e-08
0.000000000000000000e+00
2.496558515474589512e-08
0.000000000000000000e+00
0.000000000000000000e+00
0.000000000000000000e+00
0.000000000000000000e+00
0.000000000000000000e+00
9.891858165911315837e-12
0.000000000000000000e+00
0.000000000000000000e+00
0.000000000000000000e+00
1.753958031258662231e-06
0.000000000000000000e+00
3.982524958701105788e-07
0.000000000000000000e+00
0.000000000000000000e+00
0.000000000000000000e+00
0.000000000000000000e+00
0.000000000000000000e+00
0.000000000000000000e+00
0.000000000000000000e+00
0.000000000000000000e+00
0.000000000000000000e+00
0.000000000000000000e+00
0.000000000000000000e+00
0.000000000000000000e+00
0.000000000000000000e+00
3.801160719518748010e-09
9.133442446795925207e-09
4.945934772848659122e-09
3.264335690644770693e-09
5.400166536162487319e-09
8.521562899765910970e-10
3.568075088861144550e-12
0.000000000000000000e+00
7.806190893688835786e-08
5.482360787567586158e-09
0.000000000000000000e+00
0.000000000000000000e+00
3.060278253030901396e-09
0.000000000000000000e+00
6.425871390547399642e-08
0.000000000000000000e+00
0.000000000000000000e+00
1.940938254563207011e-08
5.541242131812396110e-09
1.744517241775156435e-08
0.000000000000000000e+00
0.000000000000000000e+00
5.444628303763465738e-09
0.000000000000000000e+00
0.000000000000000000e+00
3.089728579652728513e-07
1.811623207004231517e-07
5.350092123990179971e-06
8.787641831986547913e-07
3.472725325082137715e-07
0.000000000000000000e+00
0.000000000000000000e+00
3.416618710616603494e-06
2.783316404020297341e-07
1.659610575188708026e-06
0.000000000000000000e+00
2.461588088920052542e-08
5.288139277581649367e-07
1.568168613630405162e-06
0.000000000000000000e+00
0.000000000000000000e+00
0.000000000000000000e+00
9.825865845414227806e-07
0.000000000000000000e+00
7.266335533273604597e-09
0.000000000000000000e+00
1.937469704671457293e-07
0.000000000000000000e+00
0.000000000000000000e+00
0.000000000000000000e+00
0.000000000000000000e+00
0.000000000000000000e+00
0.000000000000000000e+00
0.000000000000000000e+00
0.000000000000000000e+00
0.000000000000000000e+00
0.000000000000000000e+00
0.000000000000000000e+00
2.204256777105229048e-09
0.000000000000000000e+00
0.000000000000000000e+00
0.000000000000000000e+00
0.000000000000000000e+00
0.000000000000000000e+00
0.000000000000000000e+00
0.000000000000000000e+00
0.000000000000000000e+00
0.000000000000000000e+00
0.000000000000000000e+00
0.000000000000000000e+00
0.000000000000000000e+00
8.142071905581360625e-09
0.000000000000000000e+00
0.000000000000000000e+00
6.345772476379352156e-07
0.000000000000000000e+00
0.000000000000000000e+00
0.000000000000000000e+00
0.000000000000000000e+00
0.000000000000000000e+00
0.000000000000000000e+00
3.175528728860399497e-09
0.000000000000000000e+00
0.000000000000000000e+00
0.000000000000000000e+00
0.000000000000000000e+00
0.000000000000000000e+00
0.000000000000000000e+00
0.000000000000000000e+00
0.000000000000000000e+00
0.000000000000000000e+00
0.000000000000000000e+00
0.000000000000000000e+00
0.000000000000000000e+00
0.000000000000000000e+00
0.000000000000000000e+00
0.000000000000000000e+00
5.519870782677571697e-09
9.773170051019519633e-10
4.942306564004184111e-10
3.671644377423177730e-10
0.000000000000000000e+00
0.000000000000000000e+00
4.619076676704025886e-08
0.000000000000000000e+00
0.000000000000000000e+00
0.000000000000000000e+00
0.000000000000000000e+00
0.000000000000000000e+00
0.000000000000000000e+00
0.000000000000000000e+00
0.000000000000000000e+00
0.000000000000000000e+00
0.000000000000000000e+00
0.000000000000000000e+00
0.000000000000000000e+00
0.000000000000000000e+00
3.095419920384756551e-09
0.000000000000000000e+00
0.000000000000000000e+00
0.000000000000000000e+00
0.000000000000000000e+00
0.000000000000000000e+00
1.184131690479262033e-07
3.711726481725463600e-09
1.291427764726904570e-08
0.000000000000000000e+00
0.000000000000000000e+00
0.000000000000000000e+00
0.000000000000000000e+00
3.274899462724079058e-09
0.000000000000000000e+00
0.000000000000000000e+00
0.000000000000000000e+00
0.000000000000000000e+00
4.307116885371442550e-09
0.000000000000000000e+00
0.000000000000000000e+00
0.000000000000000000e+00
0.000000000000000000e+00
0.000000000000000000e+00
1.880977578139209072e-07
4.768460257764672861e-07
3.111378488185323477e-09
2.500718387921097019e-08
0.000000000000000000e+00
1.250596337598608443e-08
6.864251389515629853e-09
1.324512854949944085e-08
0.000000000000000000e+00
6.173461031266924692e-08
3.198164177931062113e-09
5.632712714032095391e-07
1.328180019299907144e-06
5.486457439474179409e-07
0.000000000000000000e+00
1.811563805631521973e-07
3.503007661720403121e-08
6.136243655419093557e-07
0.000000000000000000e+00
3.852635188650310738e-08
6.476587266490696493e-09
4.585401502943398100e-11
1.074003082648933294e-12
2.413467257156298729e-07
7.928305194582208060e-07
0.000000000000000000e+00
1.252485844815964811e-06
7.986072247945230629e-09
0.000000000000000000e+00
0.000000000000000000e+00
0.000000000000000000e+00
5.683602921635610983e-07
9.069846207410137140e-09
0.000000000000000000e+00
8.291839037610770902e-08
0.000000000000000000e+00
0.000000000000000000e+00
0.000000000000000000e+00
1.206509097073649173e-07
0.000000000000000000e+00
4.376608941925042018e-08
9.312094206848087197e-09
3.667417258768068677e-09
0.000000000000000000e+00
1.678258865212001183e-09
1.876563571201472769e-09
2.182706566600245424e-07
0.000000000000000000e+00
0.000000000000000000e+00
0.000000000000000000e+00
0.000000000000000000e+00
0.000000000000000000e+00
9.751526022228063084e-07
3.306142275505408179e-07
2.402581605887021965e-11
0.000000000000000000e+00
0.000000000000000000e+00
0.000000000000000000e+00
0.000000000000000000e+00
0.000000000000000000e+00
0.000000000000000000e+00
3.895572753265241772e-09
0.000000000000000000e+00
4.529498109917540205e-09
0.000000000000000000e+00
3.005172175107873045e-06
0.000000000000000000e+00
0.000000000000000000e+00
5.317053464182208700e-10
0.000000000000000000e+00
1.449040382794919424e-06
4.881202926299010869e-07
3.118913411981338868e-07
5.233919964098276978e-09
8.878969310899265110e-07
3.722032261066487990e-06
5.212218923134059878e-08
5.413507437879161444e-07
1.770736389516969211e-06
1.707298764586084872e-07
4.531839579158258857e-07
6.646245083175017498e-07
1.481488283161525032e-07
1.523531167890723736e-08
1.247898808287573047e-06
1.020660079120716546e-06
2.987885636684950441e-07
0.000000000000000000e+00
0.000000000000000000e+00
1.715457074169535190e-06
5.126009341438475531e-07
0.000000000000000000e+00
2.853792580026492942e-07
0.000000000000000000e+00
0.000000000000000000e+00
0.000000000000000000e+00
6.193154717948345933e-07
0.000000000000000000e+00
4.240749529316190092e-09
0.000000000000000000e+00
0.000000000000000000e+00
0.000000000000000000e+00
6.641394065809436142e-07
0.000000000000000000e+00
0.000000000000000000e+00
0.000000000000000000e+00
0.000000000000000000e+00
9.115105892298913659e-10
0.000000000000000000e+00
0.000000000000000000e+00
0.000000000000000000e+00
0.000000000000000000e+00
0.000000000000000000e+00
0.000000000000000000e+00
0.000000000000000000e+00
0.000000000000000000e+00
0.000000000000000000e+00
0.000000000000000000e+00
0.000000000000000000e+00
0.000000000000000000e+00
0.000000000000000000e+00
0.000000000000000000e+00
0.000000000000000000e+00
0.000000000000000000e+00
2.317888103675613820e-09
0.000000000000000000e+00
0.000000000000000000e+00
6.285714615472670630e-09
0.000000000000000000e+00
7.272957347481678880e-09
7.307933813649469812e-09
0.000000000000000000e+00
0.000000000000000000e+00
0.000000000000000000e+00
0.000000000000000000e+00
1.848342146004711140e-09
0.000000000000000000e+00
0.000000000000000000e+00
0.000000000000000000e+00
0.000000000000000000e+00
0.000000000000000000e+00
0.000000000000000000e+00
0.000000000000000000e+00
0.000000000000000000e+00
0.000000000000000000e+00
0.000000000000000000e+00
0.000000000000000000e+00
0.000000000000000000e+00
0.000000000000000000e+00
2.600014070708311920e-08
0.000000000000000000e+00
0.000000000000000000e+00
0.000000000000000000e+00
0.000000000000000000e+00
0.000000000000000000e+00
9.342877582696473837e-09
0.000000000000000000e+00
1.086502221525620371e-09
0.000000000000000000e+00
0.000000000000000000e+00
7.772257837324048069e-10
0.000000000000000000e+00
0.000000000000000000e+00
1.536862193063370796e-08
1.749910327752957073e-09
0.000000000000000000e+00
7.281245606449715524e-10
2.104711738226683337e-09
2.277999594513246961e-10
0.000000000000000000e+00
0.000000000000000000e+00
0.000000000000000000e+00
7.643946808855162089e-09
0.000000000000000000e+00
0.000000000000000000e+00
0.000000000000000000e+00
0.000000000000000000e+00
0.000000000000000000e+00
0.000000000000000000e+00
0.000000000000000000e+00
0.000000000000000000e+00
0.000000000000000000e+00
0.000000000000000000e+00
1.377018463699641870e-07
0.000000000000000000e+00
0.000000000000000000e+00
0.000000000000000000e+00
0.000000000000000000e+00
0.000000000000000000e+00
0.000000000000000000e+00
0.000000000000000000e+00
0.000000000000000000e+00
3.166167106272155252e-09
0.000000000000000000e+00
0.000000000000000000e+00
0.000000000000000000e+00
0.000000000000000000e+00
3.516749336185398533e-09
1.998655241308711084e-09
0.000000000000000000e+00
0.000000000000000000e+00
0.000000000000000000e+00
1.484146250341211726e-09
1.296752543566981331e-06
2.595684023276589869e-08
4.870193492934049573e-07
5.052994538345956244e-07
5.779937950478597486e-08
4.291663628919195617e-07
2.259945404148311354e-06
0.000000000000000000e+00
0.000000000000000000e+00
5.074447926745051518e-06
0.000000000000000000e+00
7.767122056634434557e-09
2.291780454299896519e-08
3.036528255506709684e-07
0.000000000000000000e+00
0.000000000000000000e+00
8.204167900593972718e-11
0.000000000000000000e+00
2.968404260172974318e-07
1.083095724219163003e-09
4.330749647785125944e-10
1.023660615828703158e-06
1.507140439116483321e-07
5.664457489729102235e-07
0.000000000000000000e+00
0.000000000000000000e+00
2.926037467876341225e-10
0.000000000000000000e+00
0.000000000000000000e+00
0.000000000000000000e+00
0.000000000000000000e+00
4.031209499544274877e-08
4.121843630855437368e-06
0.000000000000000000e+00
0.000000000000000000e+00
7.608632301980833290e-08
0.000000000000000000e+00
0.000000000000000000e+00
2.084737271701442296e-09
0.000000000000000000e+00
0.000000000000000000e+00
0.000000000000000000e+00
5.577990958016698642e-09
1.708997842797543854e-06
2.873159488103738113e-09
0.000000000000000000e+00
6.775676686388010239e-10
0.000000000000000000e+00
6.553545972565189004e-08
0.000000000000000000e+00
1.484511500393637107e-07
0.000000000000000000e+00
5.925925847805046942e-07
2.095161599768857741e-09
0.000000000000000000e+00
0.000000000000000000e+00
7.931371470704107196e-08
1.806083460564877896e-08
0.000000000000000000e+00
0.000000000000000000e+00
0.000000000000000000e+00
5.825755806654342450e-07
7.284613445790455444e-08
6.212077607870014617e-08
7.367827681292737907e-09
3.411790032714634435e-07
1.993251544263330288e-06
6.892449988527005189e-08
0.000000000000000000e+00
1.816864255488326307e-06
0.000000000000000000e+00
0.000000000000000000e+00
0.000000000000000000e+00
0.000000000000000000e+00
0.000000000000000000e+00
0.000000000000000000e+00
0.000000000000000000e+00
7.999773998790260521e-08
7.260881602633162402e-07
3.271841933383257128e-06
1.840857777324345079e-08
4.170636280775852356e-09
3.929847558481469605e-09
0.000000000000000000e+00
1.331723797903805462e-08
6.419363529630572884e-08
0.000000000000000000e+00
0.000000000000000000e+00
2.026636707341822330e-07
0.000000000000000000e+00
0.000000000000000000e+00
0.000000000000000000e+00
8.033708809307427146e-07
0.000000000000000000e+00
3.755756665668741334e-07
0.000000000000000000e+00
0.000000000000000000e+00
0.000000000000000000e+00
2.343272242910643399e-10
0.000000000000000000e+00
0.000000000000000000e+00
0.000000000000000000e+00
1.392499782149059229e-09
4.548141987470444292e-07
0.000000000000000000e+00
1.498787227660614008e-08
0.000000000000000000e+00
0.000000000000000000e+00
0.000000000000000000e+00
0.000000000000000000e+00
0.000000000000000000e+00
4.527626273898022191e-08
2.608574050100287423e-07
2.169806695428988519e-10
2.619727368369240139e-08
6.994619550226843785e-09
4.562868749502513310e-09
9.108505061306004791e-09
0.000000000000000000e+00
0.000000000000000000e+00
0.000000000000000000e+00
0.000000000000000000e+00
0.000000000000000000e+00
0.000000000000000000e+00
0.000000000000000000e+00
5.804791314290014270e-09
5.242966505392132603e-09
0.000000000000000000e+00
0.000000000000000000e+00
0.000000000000000000e+00
0.000000000000000000e+00
0.000000000000000000e+00
0.000000000000000000e+00
0.000000000000000000e+00
2.236796511900784878e-11
0.000000000000000000e+00
2.425206524492296012e-08
0.000000000000000000e+00
0.000000000000000000e+00
0.000000000000000000e+00
0.000000000000000000e+00
0.000000000000000000e+00
0.000000000000000000e+00
0.000000000000000000e+00
0.000000000000000000e+00
0.000000000000000000e+00
6.046091627354144293e-09
4.936006092748357332e-08
6.613027903057400181e-09
3.090935152272322739e-08
1.780850666932565218e-08
2.232604714436092763e-07
5.729118512931563600e-09
3.238396573124191491e-08
2.912745742378319846e-07
6.717715717030614542e-09
0.000000000000000000e+00
2.338265403523109853e-07
5.088961430033123179e-08
0.000000000000000000e+00
0.000000000000000000e+00
0.000000000000000000e+00
1.930621884582706116e-08
0.000000000000000000e+00
1.274503419468331344e-10
2.409190642538305838e-07
0.000000000000000000e+00
0.000000000000000000e+00
0.000000000000000000e+00
7.465640123882621992e-07
7.191878808043838944e-07
2.265301333181923837e-07
1.991281584068360644e-09
5.318300022594257825e-09
6.212405168071200023e-08
0.000000000000000000e+00
0.000000000000000000e+00
0.000000000000000000e+00
1.029051972523120639e-07
5.695130056437847088e-08
0.000000000000000000e+00
0.000000000000000000e+00
4.768386574482974538e-09
0.000000000000000000e+00
3.924562719248569920e-08
1.956223849575167151e-09
0.000000000000000000e+00
2.734919064550922485e-07
2.895234047173289582e-06
0.000000000000000000e+00
0.000000000000000000e+00
2.569194350598991150e-07
0.000000000000000000e+00
3.055572506127646193e-07
0.000000000000000000e+00
0.000000000000000000e+00
0.000000000000000000e+00
0.000000000000000000e+00
1.996758758338046391e-09
0.000000000000000000e+00
0.000000000000000000e+00
0.000000000000000000e+00
0.000000000000000000e+00
0.000000000000000000e+00
0.000000000000000000e+00
1.196330767783138072e-08
0.000000000000000000e+00
2.142667426596744917e-06
0.000000000000000000e+00
0.000000000000000000e+00
0.000000000000000000e+00
0.000000000000000000e+00
0.000000000000000000e+00
0.000000000000000000e+00
0.000000000000000000e+00
6.381183914605514929e-10
0.000000000000000000e+00
0.000000000000000000e+00
0.000000000000000000e+00
5.248766421495076884e-10
0.000000000000000000e+00
1.497577839515429332e-09
0.000000000000000000e+00
0.000000000000000000e+00
2.399201504132975060e-09
8.328944200997057123e-10
0.000000000000000000e+00
0.000000000000000000e+00
0.000000000000000000e+00
0.000000000000000000e+00
1.662941867541789520e-10
0.000000000000000000e+00
0.000000000000000000e+00
2.533811738203439745e-08
0.000000000000000000e+00
0.000000000000000000e+00
0.000000000000000000e+00
2.891844819163935654e-10
0.000000000000000000e+00
7.296333137674082536e-08
4.006031758763128892e-06
4.268522388883866370e-06
6.591195500504909432e-08
1.210417121910722926e-05
2.191481826230301522e-06
2.701397647797421087e-07
0.000000000000000000e+00
2.654946911206934601e-06
1.608335423952667043e-06
5.744182658418139908e-07
3.131921832988382448e-09
0.000000000000000000e+00
0.000000000000000000e+00
0.000000000000000000e+00
0.000000000000000000e+00
0.000000000000000000e+00
7.257563652274257038e-07
0.000000000000000000e+00
0.000000000000000000e+00
3.196206677102964022e-08
4.346560444901115261e-09
3.787649305309059855e-09
0.000000000000000000e+00
0.000000000000000000e+00
0.000000000000000000e+00
8.159871889290570834e-09
0.000000000000000000e+00
0.000000000000000000e+00
1.266845628400403712e-09
1.060987870005192235e-06
0.000000000000000000e+00
0.000000000000000000e+00
5.028199367984598211e-08
0.000000000000000000e+00
0.000000000000000000e+00
0.000000000000000000e+00
2.740330955930403434e-06
0.000000000000000000e+00
5.788475618828670122e-07
0.000000000000000000e+00
1.049432398758654017e-06
9.115659622693783604e-07
9.554850066706421785e-08
8.848210164558167889e-09
0.000000000000000000e+00
8.072384538593269099e-09
3.475990695278596831e-07
0.000000000000000000e+00
2.849448321740055690e-07
7.073201118146243971e-07
1.251201524610223714e-06
1.303228969184999642e-09
1.420343176405935992e-09
2.193267505390394945e-07
1.195301706502505112e-07
7.104196120266692560e-10
8.401959803450154141e-07
2.838167461050034035e-07
6.561082344092028507e-09
8.993728215500595979e-07
7.919055633465177380e-09
2.116722157552430872e-07
1.336001531626607175e-07
1.169129291156423278e-07
6.749169187969528139e-06
0.000000000000000000e+00
1.807658200903006218e-08
1.487246148457188610e-08
9.076606133362474793e-09
8.004104188330529723e-07
7.465454032740126422e-09
2.114492900773257134e-07
8.792971684101758001e-09
0.000000000000000000e+00
7.469236784629629256e-09
0.000000000000000000e+00
9.544214663037564605e-08
1.407412213438874460e-07
2.835744226103997789e-07
6.016342013026587665e-06
2.323634902268167934e-07
3.936785901714756619e-07
0.000000000000000000e+00
3.573240974219515920e-07
0.000000000000000000e+00
3.200241849299345631e-08
1.558269957513402915e-07
5.459085514303296804e-06
0.000000000000000000e+00
5.889985743579018163e-08
7.151096070856510778e-08
3.656552560737935664e-10
5.258595479062933009e-07
6.549561337720888332e-09
0.000000000000000000e+00
9.726820238142863673e-09
1.461155420656723436e-06
0.000000000000000000e+00
3.777193114729016088e-06
1.350246776610219968e-07
3.234465140167230857e-08
5.911934977120836265e-07
2.214175310655264184e-06
0.000000000000000000e+00
0.000000000000000000e+00
1.161116642833803780e-06
1.393284332351640842e-08
1.732844452817516867e-06
0.000000000000000000e+00
5.276315384605823056e-09
1.199933763018634636e-06
0.000000000000000000e+00
2.442418825781417224e-13
2.001833081521908753e-07
4.993269726583093870e-07
6.600341606599613442e-08
8.085430636128876358e-08
2.303465009845240274e-07
7.951011515849870648e-10
0.000000000000000000e+00
2.900685331042041071e-06
3.083226545186334988e-07
0.000000000000000000e+00
5.502887923114485602e-09
6.552718900820764247e-07
0.000000000000000000e+00
1.467750782024879186e-10
0.000000000000000000e+00
0.000000000000000000e+00
0.000000000000000000e+00
8.119731553790643375e-09
5.383803625136351911e-09
0.000000000000000000e+00
1.184925074726450589e-10
0.000000000000000000e+00
0.000000000000000000e+00
6.002385816827882081e-06
1.517974226317164721e-07
1.689624298251146683e-07
4.855949531368253247e-10
1.015339194054831751e-06
2.841775881279318128e-07
1.370672606526568416e-07
6.364905269506948571e-10
2.353930767640122212e-06
1.968534189822346292e-11
1.964203192983404733e-06
3.333651932280190522e-08
3.978449569785880158e-09
8.261457296043772658e-09
4.192916847056693541e-10
6.443166711278536241e-08
2.430560197552722457e-09
2.608327804409782402e-06
9.995791288019972853e-07
2.032556067899093932e-10
2.684738298341926566e-08
2.033839621162769618e-07
0.000000000000000000e+00
0.000000000000000000e+00
4.944655756844440475e-06
0.000000000000000000e+00
0.000000000000000000e+00
0.000000000000000000e+00
1.113070413616412679e-09
3.886831052568595624e-07
0.000000000000000000e+00
2.500927021031884578e-09
5.688298276851355695e-09
0.000000000000000000e+00
0.000000000000000000e+00
3.488818789421088695e-09
0.000000000000000000e+00
1.944919603147354792e-08
0.000000000000000000e+00
8.546394525410505594e-08
0.000000000000000000e+00
0.000000000000000000e+00
8.551583050575572997e-07
0.000000000000000000e+00
5.973228667244256940e-07
5.644278644467703998e-07
1.614445799269503823e-09
0.000000000000000000e+00
1.665920040805346503e-10
8.885587376994408260e-09
3.491497864160919562e-06
9.071581819064533647e-10
0.000000000000000000e+00
4.232706629636595608e-09
1.284366248910373542e-07
5.659359647580686214e-09
2.936679948106757365e-07
0.000000000000000000e+00
5.309113930707098916e-07
1.011799213301856071e-06
0.000000000000000000e+00
0.000000000000000000e+00
8.774592288318672217e-07
2.841631498995411675e-07
3.869814335644150560e-08
3.094642806900083087e-06
0.000000000000000000e+00
0.000000000000000000e+00
1.196809648718044627e-06
3.436750217744588554e-09
1.727987495314664557e-07
4.959489263711702733e-09
4.352073423863345170e-10
3.047092604901990853e-07
8.594118980909115635e-07
0.000000000000000000e+00
1.696061644906876609e-06
1.693143181213940807e-09
9.349286900217634866e-10
0.000000000000000000e+00
0.000000000000000000e+00
0.000000000000000000e+00
1.703542373832078738e-08
0.000000000000000000e+00
4.146867468080017716e-06
0.000000000000000000e+00
0.000000000000000000e+00
4.089966125775390537e-07
1.041420549796612249e-08
0.000000000000000000e+00
0.000000000000000000e+00
0.000000000000000000e+00
0.000000000000000000e+00
1.671199512109922125e-09
0.000000000000000000e+00
0.000000000000000000e+00
0.000000000000000000e+00
0.000000000000000000e+00
1.480211011539722676e-07
0.000000000000000000e+00
1.132271387760397374e-09
3.834106365729894605e-09
5.864802421484682782e-09
0.000000000000000000e+00
5.265702185397458379e-08
0.000000000000000000e+00
0.000000000000000000e+00
7.516210587255045539e-08
1.220325729356375177e-09
3.343436638658658921e-09
0.000000000000000000e+00
0.000000000000000000e+00
0.000000000000000000e+00
5.999770564812934026e-07
0.000000000000000000e+00
0.000000000000000000e+00
0.000000000000000000e+00
1.012633106256544124e-07
0.000000000000000000e+00
3.879547989527054597e-07
1.844973951392603340e-09
2.940599708178837091e-10
9.152902435971554951e-09
0.000000000000000000e+00
4.394326680312587996e-09
0.000000000000000000e+00
1.693402501556917628e-10
6.765655591323138651e-09
2.491269768256643147e-08
5.502291742232046090e-07
6.539629993085327442e-08
2.169537083318573423e-06
0.000000000000000000e+00
0.000000000000000000e+00
4.219153026951971697e-07
0.000000000000000000e+00
0.000000000000000000e+00
1.254512085324677173e-07
7.145727565216475341e-09
5.027329279982950538e-06
1.937208615743202245e-09
7.473907999155926518e-07
0.000000000000000000e+00
6.942009349586442113e-07
3.106677359809850714e-09
4.608598374034045264e-07
8.238758120171496557e-09
0.000000000000000000e+00
3.105180439888499677e-06
0.000000000000000000e+00
7.735985150247870479e-07
0.000000000000000000e+00
7.661270506886808107e-10
5.384677592701336835e-07
0.000000000000000000e+00
0.000000000000000000e+00
0.000000000000000000e+00
1.154287665450226541e-09
0.000000000000000000e+00
0.000000000000000000e+00
0.000000000000000000e+00
5.752105902701032392e-09
2.309540336753457268e-09
0.000000000000000000e+00
1.958886608477428126e-09
7.548559111114627740e-09
8.042548849118702492e-09
2.125791209728333797e-11
1.587814879577820193e-09
1.122936144071218223e-08
2.059162973466754920e-08
1.392100101860194172e-09
8.496102310573405703e-08
5.662855429022783937e-08
5.571883932020682551e-08
1.767781782291422132e-06
1.949517240973364096e-07
0.000000000000000000e+00
8.902055128601205070e-07
0.000000000000000000e+00
3.673663741210475564e-06
6.975889732530049514e-07
3.489928417366172653e-07
4.048975554837852542e-08
1.729745097156509814e-10
0.000000000000000000e+00
3.167660622693801997e-08
0.000000000000000000e+00
4.903627370822505327e-08
0.000000000000000000e+00
0.000000000000000000e+00
4.660531960354319381e-10
0.000000000000000000e+00
2.233759666125934018e-08
9.157799518710874054e-10
1.691461619657275151e-07
0.000000000000000000e+00
2.305343826947137131e-08
1.937905267368478235e-07
0.000000000000000000e+00
2.812681421104912260e-09
0.000000000000000000e+00
0.000000000000000000e+00
0.000000000000000000e+00
1.766695731930667534e-06
0.000000000000000000e+00
2.484617596110183513e-07
3.768759881950245472e-08
3.551489413666786277e-08
0.000000000000000000e+00
3.871839737712434726e-09
4.149238819195488759e-08
0.000000000000000000e+00
0.000000000000000000e+00
0.000000000000000000e+00
0.000000000000000000e+00
0.000000000000000000e+00
1.148999757560886792e-07
2.294897250010308198e-08
6.947261876888433108e-09
0.000000000000000000e+00
2.043575586530010924e-10
1.637615910932144203e-11
9.959480848920065910e-06
0.000000000000000000e+00
1.478211629546422046e-06
0.000000000000000000e+00
0.000000000000000000e+00
1.487535001842843485e-07
0.000000000000000000e+00
1.065521644250111422e-07
1.514463008334132610e-07
1.790484986941009993e-07
8.068236923008953454e-08
3.224124327516619815e-07
8.951267460588496760e-08
2.030795485552516766e-06
1.031238738846695924e-07
3.088768130155017388e-09
0.000000000000000000e+00
1.201339472345352988e-07
1.516681038538081339e-07
1.012584655880888196e-12
4.514062457161571729e-09
7.272957347481678880e-09
0.000000000000000000e+00
5.847517670076740615e-08
6.239661565210496974e-10
0.000000000000000000e+00
0.000000000000000000e+00
0.000000000000000000e+00
0.000000000000000000e+00
7.361743215028582199e-09
1.105259030964589329e-07
0.000000000000000000e+00
4.766396721755938870e-10
6.837140631432703231e-09
0.000000000000000000e+00
0.000000000000000000e+00
0.000000000000000000e+00
0.000000000000000000e+00
0.000000000000000000e+00
0.000000000000000000e+00
1.407989835833234338e-09
0.000000000000000000e+00
0.000000000000000000e+00
0.000000000000000000e+00
0.000000000000000000e+00
2.972863022421279311e-08
9.043852777779193275e-09
1.512900382749648998e-08
7.043385430449689011e-09
9.166412269223656040e-07
0.000000000000000000e+00
0.000000000000000000e+00
2.633082862857349937e-09
0.000000000000000000e+00
1.809759631044016714e-08
6.384157646976973410e-10
2.169240502780667157e-07
0.000000000000000000e+00
2.606293946882942691e-06
4.180865573744085850e-07
2.303274868609150872e-07
0.000000000000000000e+00
2.990856842188804876e-07
6.323603862767868122e-09
0.000000000000000000e+00
5.863984711140801664e-07
2.361395168293256575e-08
0.000000000000000000e+00
0.000000000000000000e+00
1.058269276654755231e-06
0.000000000000000000e+00
8.933475470485063852e-08
4.997337179485361602e-12
0.000000000000000000e+00
6.769560627617465798e-07
0.000000000000000000e+00
9.610636197976418771e-07
6.763511278817802008e-11
0.000000000000000000e+00
0.000000000000000000e+00
0.000000000000000000e+00
1.472491018006394370e-09
0.000000000000000000e+00
0.000000000000000000e+00
0.000000000000000000e+00
0.000000000000000000e+00
2.568759782661800273e-08
0.000000000000000000e+00
1.993489462392972200e-08
0.000000000000000000e+00
7.930155447866127361e-07
0.000000000000000000e+00
3.250986702063585199e-10
0.000000000000000000e+00
0.000000000000000000e+00
2.842484946086187847e-06
1.856620656326413155e-06
0.000000000000000000e+00
9.524164790164491023e-10
0.000000000000000000e+00
2.052520597928264579e-09
3.084972943767638753e-09
9.074565987532423605e-09
1.551483524986352336e-10
0.000000000000000000e+00
0.000000000000000000e+00
0.000000000000000000e+00
0.000000000000000000e+00
0.000000000000000000e+00
1.641524960405149614e-07
4.404472342400822527e-10
0.000000000000000000e+00
0.000000000000000000e+00
0.000000000000000000e+00
2.343059861686924705e-07
1.660333396102942061e-06
1.599187839929072652e-07
0.000000000000000000e+00
1.488230168433801737e-06
1.834335648709384259e-06
2.608978093121550046e-06
2.639383183122845367e-07
8.661440453749946755e-09
4.331955381076113554e-07
5.863402634531666990e-07
1.876610804174561054e-05
4.092676197942068939e-10
0.000000000000000000e+00
3.417410141537402524e-07
7.624902376157649542e-10
0.000000000000000000e+00
3.267216925451066345e-06
0.000000000000000000e+00
5.037489003711925761e-08
1.143645931733772159e-06
0.000000000000000000e+00
0.000000000000000000e+00
3.602938249969156459e-06
2.761382802418665960e-07
0.000000000000000000e+00
0.000000000000000000e+00
3.192295039422532454e-10
8.428165720886227064e-09
7.292968717820258462e-08
0.000000000000000000e+00
0.000000000000000000e+00
2.730589754307288786e-09
6.733933588520812918e-08
9.245923471290495854e-12
0.000000000000000000e+00
0.000000000000000000e+00
0.000000000000000000e+00
2.138403620843831732e-10
0.000000000000000000e+00
0.000000000000000000e+00
9.312566273678157813e-10
0.000000000000000000e+00
0.000000000000000000e+00
2.885463867841053798e-09
3.187487607192451833e-09
0.000000000000000000e+00
7.258674994403691016e-09
0.000000000000000000e+00
0.000000000000000000e+00
0.000000000000000000e+00
0.000000000000000000e+00
0.000000000000000000e+00
6.138907604480436930e-09
0.000000000000000000e+00
0.000000000000000000e+00
0.000000000000000000e+00
0.000000000000000000e+00
0.000000000000000000e+00
0.000000000000000000e+00
0.000000000000000000e+00
9.723580829401612391e-10
5.818591164441500041e-10
3.534576853425619447e-09
2.492317889846162871e-07
1.101819293580774684e-07
9.870098693909312715e-08
0.000000000000000000e+00
0.000000000000000000e+00
0.000000000000000000e+00
0.000000000000000000e+00
1.352502636109420564e-06
4.497421102200860332e-08
9.846777260236194707e-08
2.618500957396463491e-06
3.728031742866733111e-06
0.000000000000000000e+00
3.165914819192039431e-08
0.000000000000000000e+00
1.205272610604879446e-06
4.353986327032544068e-08
0.000000000000000000e+00
0.000000000000000000e+00
5.044676640864054207e-07
4.241585571662653820e-08
0.000000000000000000e+00
0.000000000000000000e+00
0.000000000000000000e+00
0.000000000000000000e+00
0.000000000000000000e+00
6.141111619228922791e-09
3.000992343515918037e-09
0.000000000000000000e+00
0.000000000000000000e+00
0.000000000000000000e+00
0.000000000000000000e+00
0.000000000000000000e+00
0.000000000000000000e+00
0.000000000000000000e+00
1.532222015931949954e-09
0.000000000000000000e+00
0.000000000000000000e+00
0.000000000000000000e+00
2.398215626087107921e-09
0.000000000000000000e+00
0.000000000000000000e+00
0.000000000000000000e+00
0.000000000000000000e+00
0.000000000000000000e+00
0.000000000000000000e+00
7.377530142349542075e-09
1.133130922426062170e-09
4.060733772348612547e-06
5.257081170384481084e-08
0.000000000000000000e+00
1.530135875782434596e-07
4.508985682605270995e-07
7.461162798705345267e-10
7.812432301079752506e-08
0.000000000000000000e+00
0.000000000000000000e+00
0.000000000000000000e+00
0.000000000000000000e+00
1.427025431155470869e-08
3.327395461383275688e-07
0.000000000000000000e+00
7.400956292258342728e-09
3.641784829255811928e-08
3.256073739521525567e-07
7.363757958955829963e-08
2.711800846100231865e-07
0.000000000000000000e+00
3.017091216861444991e-07
1.459085723354291986e-07
2.093254281021472707e-08
0.000000000000000000e+00
1.022113990667428141e-10
1.011477984702580102e-10
6.153477443149313331e-07
2.078319766951608472e-06
0.000000000000000000e+00
0.000000000000000000e+00
9.300183734239908517e-09
0.000000000000000000e+00
2.251775441663994570e-07
6.577555389242206729e-09
5.705032890546135604e-08
5.586113616118382197e-07
1.271776568501081783e-07
0.000000000000000000e+00
5.066334463066368698e-09
1.499087602496729232e-06
1.428078766352314233e-09
8.415740992973042012e-09
3.717478103126836686e-09
1.912844993512408109e-09
2.985612468364706729e-07
5.190694096768311283e-09
6.372102498430898265e-12
9.259220945523338742e-09
0.000000000000000000e+00
1.975011043597874050e-09
2.385534259019550518e-08
2.145437250078430225e-08
3.039683633687673137e-07
4.133970321618107846e-07
4.270283113783079898e-07
2.397104958973272915e-09
9.185725389215804171e-07
2.432358314763405360e-08
2.713232163387147011e-07
1.152221784650464542e-06
1.198601129459575532e-08
0.000000000000000000e+00
1.487116541021293870e-09
6.168928479155511013e-08
1.473921162897795512e-08
8.576934078519116156e-07
0.000000000000000000e+00
8.079069635513747016e-10
0.000000000000000000e+00
8.288401631695307969e-10
0.000000000000000000e+00
0.000000000000000000e+00
4.124389718640486535e-10
1.910148039740988679e-09
0.000000000000000000e+00
0.000000000000000000e+00
7.931312495657039108e-09
0.000000000000000000e+00
9.915451792963381195e-10
1.041319023897813167e-06
3.156625538736079761e-08
0.000000000000000000e+00
0.000000000000000000e+00
7.543384250574547423e-10
1.389299342235972290e-09
0.000000000000000000e+00
1.315100295329330038e-08
3.097885947767053949e-09
0.000000000000000000e+00
0.000000000000000000e+00
0.000000000000000000e+00
0.000000000000000000e+00
1.032502172648719352e-08
0.000000000000000000e+00
5.758848509174185892e-09
0.000000000000000000e+00
0.000000000000000000e+00
1.699987484116149972e-09
0.000000000000000000e+00
5.577161843461908575e-09
1.261013125031240634e-07
4.921860141671174915e-10
5.976632522219915700e-10
2.545862010094879224e-08
2.696381606881459447e-08
5.326779017877925071e-09
7.048370331830255964e-09
1.203030830509987936e-08
1.887465714389691129e-06
6.085139858669208479e-08
0.000000000000000000e+00
1.717586286531513906e-07
0.000000000000000000e+00
0.000000000000000000e+00
2.236505309838321409e-07
0.000000000000000000e+00
0.000000000000000000e+00
2.146898125943152991e-08
5.502524231815186795e-07
1.674063665468850104e-09
1.558783395694263163e-07
6.265481289347007987e-08
8.241894988714193460e-08
2.482457546193472808e-07
4.649670093392899162e-10
0.000000000000000000e+00
1.664994009331621783e-08
2.298315706639186828e-07
0.000000000000000000e+00
0.000000000000000000e+00
0.000000000000000000e+00
2.259986503494459953e-10
8.814388330335987121e-09
1.233069951922516339e-06
0.000000000000000000e+00
0.000000000000000000e+00
0.000000000000000000e+00
0.000000000000000000e+00
0.000000000000000000e+00
0.000000000000000000e+00
0.000000000000000000e+00
4.900768679760858504e-11
0.000000000000000000e+00
0.000000000000000000e+00
5.698017844224523287e-07
1.284124717670920290e-08
9.731992101080777502e-09
4.473788450809479400e-09
0.000000000000000000e+00
5.964438720695852680e-09
0.000000000000000000e+00
0.000000000000000000e+00
0.000000000000000000e+00
0.000000000000000000e+00
0.000000000000000000e+00
1.903302848660359814e-09
0.000000000000000000e+00
0.000000000000000000e+00
0.000000000000000000e+00
0.000000000000000000e+00
0.000000000000000000e+00
0.000000000000000000e+00
1.335593147189229057e-08
2.360387441058264812e-08
6.422420142371265683e-07
1.127766040553979110e-07
0.000000000000000000e+00
0.000000000000000000e+00
0.000000000000000000e+00
0.000000000000000000e+00
4.373171158533750713e-09
0.000000000000000000e+00
0.000000000000000000e+00
0.000000000000000000e+00
0.000000000000000000e+00
1.402662064720061608e-06
3.703236473029392073e-08
9.033322978524438440e-10
4.338074788279300265e-08
3.888166943966098188e-08
1.270373251038847684e-09
1.268795273290379555e-07
1.241473324142816637e-08
3.455187069789644738e-08
0.000000000000000000e+00
1.340638355884493649e-08
3.612212253756297287e-07
8.367678994147809135e-09
1.955039124368340708e-06
4.332746641466656001e-07
1.842308172683715384e-08
2.850636837692377412e-09
6.968425481090889662e-08
2.085835603793384507e-06
1.870740362619471853e-08
0.000000000000000000e+00
2.104364966726279818e-07
1.111454139390843920e-06
6.335147872960078530e-08
9.169928816277206352e-09
9.396202704792244731e-10
8.872332841747265775e-07
2.364684178246534429e-06
0.000000000000000000e+00
0.000000000000000000e+00
2.771063520867755869e-07
0.000000000000000000e+00
0.000000000000000000e+00
0.000000000000000000e+00
0.000000000000000000e+00
0.000000000000000000e+00
0.000000000000000000e+00
0.000000000000000000e+00
0.000000000000000000e+00
0.000000000000000000e+00
1.337932985734369140e-06
0.000000000000000000e+00
0.000000000000000000e+00
0.000000000000000000e+00
0.000000000000000000e+00
0.000000000000000000e+00
0.000000000000000000e+00
6.142938957509613829e-08
0.000000000000000000e+00
0.000000000000000000e+00
0.000000000000000000e+00
0.000000000000000000e+00
0.000000000000000000e+00
0.000000000000000000e+00
0.000000000000000000e+00
6.157093821457237937e-07
1.484429468234793603e-09
0.000000000000000000e+00
3.359273748060331855e-09
0.000000000000000000e+00
7.868031559610244585e-09
3.890880506673966011e-09
3.192422326492305729e-09
0.000000000000000000e+00
0.000000000000000000e+00
0.000000000000000000e+00
0.000000000000000000e+00
1.608920285889325896e-07
6.249862849472265225e-08
9.238123155341781967e-09
0.000000000000000000e+00
1.580665931477653885e-09
0.000000000000000000e+00
5.079718423672829886e-09
7.480214208044344559e-07
0.000000000000000000e+00
2.163789147857642092e-09
0.000000000000000000e+00
0.000000000000000000e+00
0.000000000000000000e+00
2.457414050027750818e-09
0.000000000000000000e+00
3.729337905156171473e-08
2.513226016187530831e-10
1.290799445996526629e-06
3.009613692483981140e-06
0.000000000000000000e+00
0.000000000000000000e+00
1.462443378841271624e-06
1.631604845897527412e-06
7.208486252352486190e-09
8.016340871108695865e-06
1.336220634584606159e-06
0.000000000000000000e+00
0.000000000000000000e+00
2.280830585732473992e-06
0.000000000000000000e+00
2.395756482087563199e-08
2.187594674296633457e-07
4.471611418921384029e-07
2.723179459707125716e-09
3.076438588323071599e-07
7.618966719746822491e-07
0.000000000000000000e+00
1.749321851653509730e-13
3.901486067547921266e-08
0.000000000000000000e+00
0.000000000000000000e+00
1.517491909908130765e-06
3.820783334163024847e-08
2.757940542608139367e-08
4.944665121797697793e-09
7.020459213968877066e-10
5.210036846392540610e-09
0.000000000000000000e+00
1.170227847069327254e-06
7.211685897345887497e-07
6.354089521209971281e-08
0.000000000000000000e+00
0.000000000000000000e+00
0.000000000000000000e+00
0.000000000000000000e+00
5.723437723759161599e-09
4.218853710824532754e-09
0.000000000000000000e+00
0.000000000000000000e+00
3.929779168743152695e-09
3.199533296083245659e-07
0.000000000000000000e+00
0.000000000000000000e+00
0.000000000000000000e+00
8.748015289938848582e-08
2.648436359109496152e-09
0.000000000000000000e+00
0.000000000000000000e+00
9.611016427157892394e-10
2.269883170313846676e-09
0.000000000000000000e+00
0.000000000000000000e+00
0.000000000000000000e+00
0.000000000000000000e+00
1.296478369106068840e-09
7.544120883551386214e-09
0.000000000000000000e+00
2.130193577087879930e-09
0.000000000000000000e+00
0.000000000000000000e+00
0.000000000000000000e+00
0.000000000000000000e+00
2.528899589737676479e-10
0.000000000000000000e+00
8.275256924150653504e-09
2.198557780275223195e-09
9.051100313683946297e-09
0.000000000000000000e+00
0.000000000000000000e+00
1.360639423353404709e-08
2.257889491374953650e-06
9.890015917335404083e-09
2.957235096801014151e-07
8.460307121538335196e-09
2.131389322812538012e-07
0.000000000000000000e+00
7.474943330976202560e-09
0.000000000000000000e+00
1.514206473984813783e-06
0.000000000000000000e+00
0.000000000000000000e+00
0.000000000000000000e+00
0.000000000000000000e+00
0.000000000000000000e+00
1.091076455850270577e-06
4.806425977221806534e-07
0.000000000000000000e+00
0.000000000000000000e+00
6.961740517397174699e-09
0.000000000000000000e+00
0.000000000000000000e+00
0.000000000000000000e+00
6.789341711055385531e-08
0.000000000000000000e+00
0.000000000000000000e+00
0.000000000000000000e+00
0.000000000000000000e+00
1.843647510213486385e-07
0.000000000000000000e+00
0.000000000000000000e+00
2.127090510839479975e-06
3.779734072395513067e-07
0.000000000000000000e+00
0.000000000000000000e+00
0.000000000000000000e+00
0.000000000000000000e+00
3.968133626131020719e-07
0.000000000000000000e+00
0.000000000000000000e+00
2.871697546424911707e-09
4.393231449739687378e-07
0.000000000000000000e+00
0.000000000000000000e+00
7.770790944050531834e-08
9.814198342894542293e-09
7.018184987828135490e-06
1.959134764140113560e-11
0.000000000000000000e+00
2.728401682361436542e-07
4.020502331059105927e-07
0.000000000000000000e+00
1.195418963817473923e-08
0.000000000000000000e+00
0.000000000000000000e+00
2.811072796760072379e-08
0.000000000000000000e+00
5.147712034414553273e-09
3.028638730029342696e-06
1.375737923581255018e-07
0.000000000000000000e+00
0.000000000000000000e+00
0.000000000000000000e+00
0.000000000000000000e+00
0.000000000000000000e+00
0.000000000000000000e+00
0.000000000000000000e+00
0.000000000000000000e+00
1.424712536390870810e-06
7.851228694955025844e-11
1.821485625441709999e-06
0.000000000000000000e+00
0.000000000000000000e+00
8.519627670011686860e-09
1.522746231330529554e-07
0.000000000000000000e+00
0.000000000000000000e+00
0.000000000000000000e+00
0.000000000000000000e+00
0.000000000000000000e+00
6.885309655757509972e-09
0.000000000000000000e+00
0.000000000000000000e+00
8.612415225428549093e-10
5.389917134834831813e-08
1.834452728610713734e-10
9.540357837067858782e-09
1.408694938476173775e-09
2.052567144028571988e-10
0.000000000000000000e+00
4.144528720217977025e-09
0.000000000000000000e+00
6.351175141361409260e-09
4.930158059579525798e-09
5.616116252604719250e-11
0.000000000000000000e+00
0.000000000000000000e+00
0.000000000000000000e+00
0.000000000000000000e+00
0.000000000000000000e+00
0.000000000000000000e+00
0.000000000000000000e+00
0.000000000000000000e+00
0.000000000000000000e+00
1.380944136819550749e-09
0.000000000000000000e+00
0.000000000000000000e+00
2.597974724238838462e-09
0.000000000000000000e+00
8.643008975184329756e-09
0.000000000000000000e+00
0.000000000000000000e+00
0.000000000000000000e+00
0.000000000000000000e+00
0.000000000000000000e+00
3.608044973901769481e-09
5.684057668986497447e-09
0.000000000000000000e+00
1.364685253690822719e-09
6.565492594035049478e-09
0.000000000000000000e+00
0.000000000000000000e+00
0.000000000000000000e+00
5.915981660109537188e-07
6.628422255516852601e-10
0.000000000000000000e+00
2.783401896522263996e-06
9.435201064889042755e-09
2.034212371881949366e-07
0.000000000000000000e+00
1.765283919041849003e-08
5.238522504669163027e-09
0.000000000000000000e+00
9.054963889809641842e-09
1.501079168519936502e-06
1.476283131296440843e-07
0.000000000000000000e+00
0.000000000000000000e+00
0.000000000000000000e+00
0.000000000000000000e+00
0.000000000000000000e+00
0.000000000000000000e+00
7.446353578188791289e-08
0.000000000000000000e+00
0.000000000000000000e+00
0.000000000000000000e+00
0.000000000000000000e+00
7.613314423338124470e-09
0.000000000000000000e+00
8.589609912235118827e-09
0.000000000000000000e+00
1.622293893888127059e-06
0.000000000000000000e+00
0.000000000000000000e+00
0.000000000000000000e+00
0.000000000000000000e+00
0.000000000000000000e+00
0.000000000000000000e+00
0.000000000000000000e+00
0.000000000000000000e+00
0.000000000000000000e+00
1.256907324886924471e-07
0.000000000000000000e+00
5.066036923295769157e-09
0.000000000000000000e+00
1.294425544529076433e-07
0.000000000000000000e+00
0.000000000000000000e+00
0.000000000000000000e+00
0.000000000000000000e+00
1.475177341392353014e-10
0.000000000000000000e+00
1.891154113309312379e-07
1.308690822376945562e-09
1.138640257636325259e-07
2.384296138302488544e-08
0.000000000000000000e+00
3.476122856227448210e-07
0.000000000000000000e+00
1.068457038400083547e-07
9.760477148734736375e-11
0.000000000000000000e+00
5.615636400335688450e-09
2.989607494896517892e-08
2.035298649616379407e-07
3.648529656175014679e-08
1.084747069945990461e-09
1.229251456180691093e-08
2.286437563725485234e-07
3.194593546140822582e-06
0.000000000000000000e+00
4.555671395678473345e-08
9.882150919793275534e-08
4.326743692217860371e-06
0.000000000000000000e+00
0.000000000000000000e+00
0.000000000000000000e+00
0.000000000000000000e+00
0.000000000000000000e+00
9.767183506426135864e-09
1.556971263028117392e-08
2.078318850351479341e-09
0.000000000000000000e+00
8.083755886900689802e-09
0.000000000000000000e+00
0.000000000000000000e+00
1.077733249865708842e-10
0.000000000000000000e+00
0.000000000000000000e+00
1.496875938755692914e-06
0.000000000000000000e+00
0.000000000000000000e+00
2.488607151462929323e-07
0.000000000000000000e+00
2.350940121687017381e-06
0.000000000000000000e+00
5.687230668627307750e-07
9.481733798111235956e-08
1.277176806979696266e-06
0.000000000000000000e+00
0.000000000000000000e+00
0.000000000000000000e+00
5.111482348496565464e-10
2.208026872452251155e-09
0.000000000000000000e+00
1.285194599631722667e-07
0.000000000000000000e+00
6.935708118938066491e-10
7.472286824850016274e-07
7.856034933695354994e-09
0.000000000000000000e+00
0.000000000000000000e+00
3.945194171350863144e-10
1.126539928009151481e-08
6.917491646163398400e-07
0.000000000000000000e+00
8.372255777544523880e-09
0.000000000000000000e+00
0.000000000000000000e+00
5.645770517759274298e-09
0.000000000000000000e+00
3.807210935402594032e-10
1.569703811377110014e-09
0.000000000000000000e+00
0.000000000000000000e+00
1.045048936276771201e-09
0.000000000000000000e+00
0.000000000000000000e+00
0.000000000000000000e+00
0.000000000000000000e+00
0.000000000000000000e+00
0.000000000000000000e+00
1.636875879285071278e-07
2.211546501484917826e-09
6.071104508009739220e-08
2.037452162539921119e-08
1.247184258090783260e-07
6.700603627507462079e-09
2.168564378735027276e-06
1.410054392181336880e-05
5.089330290530824641e-09
0.000000000000000000e+00
7.367232157662328973e-09
3.088929645400639856e-07
1.485277039137145039e-06
2.718408893542800797e-07
0.000000000000000000e+00
4.152843402493999747e-09
0.000000000000000000e+00
0.000000000000000000e+00
0.000000000000000000e+00
0.000000000000000000e+00
0.000000000000000000e+00
0.000000000000000000e+00
0.000000000000000000e+00
0.000000000000000000e+00
0.000000000000000000e+00
0.000000000000000000e+00
0.000000000000000000e+00
8.762829906139302238e-10
0.000000000000000000e+00
6.377049999173323158e-09
2.598306458878596459e-09
0.000000000000000000e+00
3.894458444619885995e-08
2.287722011828918767e-09
0.000000000000000000e+00
4.218143168088772654e-09
7.774307586583262264e-11
0.000000000000000000e+00
0.000000000000000000e+00
3.009139618370682001e-06
0.000000000000000000e+00
3.355818876116245519e-07
8.685100638672338391e-09
0.000000000000000000e+00
2.809221300026365498e-08
7.195251505720534624e-09
4.998163376512820832e-07
2.487685168972575411e-09
0.000000000000000000e+00
2.867973591946793022e-07
8.344644086832886387e-09
0.000000000000000000e+00
3.303577189583961626e-09
0.000000000000000000e+00
0.000000000000000000e+00
0.000000000000000000e+00
0.000000000000000000e+00
0.000000000000000000e+00
1.335490651399595663e-08
1.123968900174077135e-07
7.632618093111886992e-09
3.600720610563712398e-09
0.000000000000000000e+00
2.858007235317927552e-07
0.000000000000000000e+00
0.000000000000000000e+00
0.000000000000000000e+00
0.000000000000000000e+00
0.000000000000000000e+00
6.184617262761094025e-09
0.000000000000000000e+00
5.119806019138195552e-07
3.205255394433947913e-09
4.628611716128716580e-09
0.000000000000000000e+00
0.000000000000000000e+00
1.559411599849624963e-09
0.000000000000000000e+00
0.000000000000000000e+00
3.230024914202545006e-09
0.000000000000000000e+00
0.000000000000000000e+00
0.000000000000000000e+00
2.783260510952345612e-09
2.768777029871216655e-08
2.178288838194930577e-08
0.000000000000000000e+00
0.000000000000000000e+00
5.914057510381098837e-07
3.891292621460706869e-08
2.615416105911094746e-09
0.000000000000000000e+00
8.718102684213135944e-09
2.138213943680966622e-07
3.052243755519157276e-07
1.081097877886350034e-07
2.438895023715303978e-07
7.112048283630656442e-09
0.000000000000000000e+00
0.000000000000000000e+00
7.039903771044464520e-09
6.713905520427942974e-08
1.576823080995382043e-07
6.193616730598705544e-09
9.460136993766354863e-07
2.372958789464973961e-07
0.000000000000000000e+00
7.671834723055326322e-09
7.805108559466589213e-09
4.272139586536383149e-10
7.558405172858329024e-07
2.422920708511355770e-08
5.776270572965813699e-09
1.620629859644395765e-06
0.000000000000000000e+00
0.000000000000000000e+00
2.032517443240067223e-07
0.000000000000000000e+00
0.000000000000000000e+00
0.000000000000000000e+00
1.869510546370634074e-09
0.000000000000000000e+00
0.000000000000000000e+00
0.000000000000000000e+00
0.000000000000000000e+00
0.000000000000000000e+00
0.000000000000000000e+00
1.164622953631067048e-09
0.000000000000000000e+00
1.580212796170599177e-07
0.000000000000000000e+00
2.677375265935921789e-10
0.000000000000000000e+00
2.624831374475888879e-08
8.152987902576569468e-07
0.000000000000000000e+00
2.268439175168168731e-06
0.000000000000000000e+00
0.000000000000000000e+00
3.446190222078371335e-09
0.000000000000000000e+00
3.881144294837213238e-09
0.000000000000000000e+00
1.120146544963951385e-10
0.000000000000000000e+00
1.170717709442214982e-07
5.674686498480241426e-09
0.000000000000000000e+00
0.000000000000000000e+00
0.000000000000000000e+00
0.000000000000000000e+00
0.000000000000000000e+00
6.176992251027968450e-09
5.594541274689390775e-09
0.000000000000000000e+00
0.000000000000000000e+00
0.000000000000000000e+00
0.000000000000000000e+00
0.000000000000000000e+00
1.411776917592533209e-09
1.686445614268450299e-07
4.645434970029782562e-08
8.610975932299425040e-09
0.000000000000000000e+00
0.000000000000000000e+00
8.076654012256767601e-09
3.055947956909221830e-07
1.813156202956633933e-08
3.377539803395279705e-09
0.000000000000000000e+00
0.000000000000000000e+00
2.249301189749530749e-09
0.000000000000000000e+00
0.000000000000000000e+00
0.000000000000000000e+00
0.000000000000000000e+00
0.000000000000000000e+00
0.000000000000000000e+00
0.000000000000000000e+00
0.000000000000000000e+00
1.801867877126994699e-09
0.000000000000000000e+00
6.615191949776999536e-09
0.000000000000000000e+00
0.000000000000000000e+00
0.000000000000000000e+00
0.000000000000000000e+00
5.624128789349924773e-07
0.000000000000000000e+00
0.000000000000000000e+00
1.121088111233348172e-09
3.883323440589947495e-09
0.000000000000000000e+00
7.027511372825756553e-08
0.000000000000000000e+00
0.000000000000000000e+00
0.000000000000000000e+00
0.000000000000000000e+00
0.000000000000000000e+00
0.000000000000000000e+00
2.071040761109088635e-08
0.000000000000000000e+00
0.000000000000000000e+00
0.000000000000000000e+00
0.000000000000000000e+00
0.000000000000000000e+00
0.000000000000000000e+00
0.000000000000000000e+00
1.050011135816930619e-07
0.000000000000000000e+00
3.619047461711488722e-08
0.000000000000000000e+00
0.000000000000000000e+00
4.036745337998581817e-08
2.046539293587557040e-08
6.201448172760137822e-07
4.374091844283611863e-08
2.842862727447936777e-07
4.806814146718352276e-08
5.026568938859554692e-09
0.000000000000000000e+00
0.000000000000000000e+00
0.000000000000000000e+00
6.750282750545011368e-07
0.000000000000000000e+00
6.711145061899514985e-08
0.000000000000000000e+00
4.715894590390234953e-07
0.000000000000000000e+00
0.000000000000000000e+00
0.000000000000000000e+00
0.000000000000000000e+00
0.000000000000000000e+00
0.000000000000000000e+00
0.000000000000000000e+00
0.000000000000000000e+00
0.000000000000000000e+00
0.000000000000000000e+00
0.000000000000000000e+00
1.186666676034064949e-08
0.000000000000000000e+00
0.000000000000000000e+00
0.000000000000000000e+00
0.000000000000000000e+00
0.000000000000000000e+00
0.000000000000000000e+00
2.983679081580703496e-09
0.000000000000000000e+00
0.000000000000000000e+00
0.000000000000000000e+00
0.000000000000000000e+00
0.000000000000000000e+00
0.000000000000000000e+00
0.000000000000000000e+00
0.000000000000000000e+00
3.618231061985888175e-11
1.855094029779014164e-11
3.828638455161126330e-06
3.095365741501154844e-07
4.906163919571326915e-09
4.042598287373744270e-12
1.634332136291050119e-07
8.204588652915845159e-08
5.246715204521024134e-07
1.210594263723052677e-10
7.584832673046548734e-08
0.000000000000000000e+00
5.485137322125410719e-08
2.236678966482941178e-07
1.503443485262323520e-07
1.075731574928795453e-07
3.805179088489651917e-11
7.635054544152808376e-08
1.208409941000354593e-07
0.000000000000000000e+00
0.000000000000000000e+00
0.000000000000000000e+00
2.430292340704909293e-07
1.049570297340096658e-08
0.000000000000000000e+00
0.000000000000000000e+00
0.000000000000000000e+00
2.337344007230512943e-08
9.165878722683373780e-09
0.000000000000000000e+00
2.505884211245756887e-08
6.820409907959401608e-07
0.000000000000000000e+00
0.000000000000000000e+00
3.895623876815079711e-07
0.000000000000000000e+00
8.721387168009187008e-09
0.000000000000000000e+00
1.025527510134516262e-10
1.004345384636451399e-09
0.000000000000000000e+00
0.000000000000000000e+00
0.000000000000000000e+00
2.249933430675810087e-07
0.000000000000000000e+00
4.052751734207049594e-08
5.263459113002966205e-10
1.866202747891065883e-09
4.485602167481061997e-10
3.209061835707238686e-11
0.000000000000000000e+00
2.752986638654419949e-08
2.880329041943241464e-08
3.543653814830349802e-09
7.650386990576407698e-09
3.347632615557927238e-09
0.000000000000000000e+00
5.063670727167846053e-08
6.502604232849762411e-09
1.209123610124152037e-07
2.587659198027836283e-09
0.000000000000000000e+00
0.000000000000000000e+00
5.124984880922056618e-09
0.000000000000000000e+00
1.472115940259755007e-07
0.000000000000000000e+00
6.745989183931655475e-11
0.000000000000000000e+00
0.000000000000000000e+00
0.000000000000000000e+00
0.000000000000000000e+00
0.000000000000000000e+00
0.000000000000000000e+00
1.509739222527173297e-09
0.000000000000000000e+00
1.046670661253301660e-07
0.000000000000000000e+00
2.386825030953332316e-07
0.000000000000000000e+00
0.000000000000000000e+00
2.807524701609054318e-08
5.893605248274980113e-07
0.000000000000000000e+00
0.000000000000000000e+00
0.000000000000000000e+00
0.000000000000000000e+00
0.000000000000000000e+00
0.000000000000000000e+00
0.000000000000000000e+00
3.742058396483116667e-08
0.000000000000000000e+00
0.000000000000000000e+00
1.525899850918222000e-09
0.000000000000000000e+00
0.000000000000000000e+00
0.000000000000000000e+00
0.000000000000000000e+00
0.000000000000000000e+00
0.000000000000000000e+00
0.000000000000000000e+00
9.005057810540506580e-11
4.707187528651957109e-08
0.000000000000000000e+00
0.000000000000000000e+00
3.610484688998383263e-10
5.586440465776831843e-07
9.007933954308100510e-09
0.000000000000000000e+00
1.384710568430591593e-08
0.000000000000000000e+00
3.125683600835316156e-10
1.886473910417407751e-07
2.188430556770981639e-07
0.000000000000000000e+00
1.009426455311768223e-06
4.365419137286608020e-11
0.000000000000000000e+00
2.243970982362952782e-07
9.565764180763380864e-09
4.769695749473612523e-09
9.216447161009000411e-09
2.397659386588202324e-07
7.461349014192819595e-07
0.000000000000000000e+00
0.000000000000000000e+00
0.000000000000000000e+00
2.363518269987707754e-09
2.442017477122249147e-09
0.000000000000000000e+00
2.584596892063473206e-08
2.835340353612991748e-07
9.406830514535613474e-08
0.000000000000000000e+00
0.000000000000000000e+00
0.000000000000000000e+00
0.000000000000000000e+00
0.000000000000000000e+00
0.000000000000000000e+00
0.000000000000000000e+00
4.340129322599750594e-08
0.000000000000000000e+00
1.630146351239147862e-09
0.000000000000000000e+00
2.832285304066317622e-07
6.630558573306188919e-07
2.688643974124715896e-07
0.000000000000000000e+00
2.895467510199978278e-08
0.000000000000000000e+00
1.075133870820366155e-09
2.796204157107240462e-09
0.000000000000000000e+00
1.309743709043686977e-07
3.262211691890115617e-07
0.000000000000000000e+00
1.498757001172634773e-06
0.000000000000000000e+00
2.298545496159931645e-07
0.000000000000000000e+00
7.682773883743720944e-08
9.365558071294799447e-07
3.824536065621941816e-07
6.805424845879315399e-07
1.269651619395517628e-07
0.000000000000000000e+00
0.000000000000000000e+00
0.000000000000000000e+00
0.000000000000000000e+00
0.000000000000000000e+00
3.245467610213381704e-07
0.000000000000000000e+00
0.000000000000000000e+00
1.361701951196891969e-08
0.000000000000000000e+00
1.706561697512043452e-10
0.000000000000000000e+00
0.000000000000000000e+00
2.482514638302291132e-09
0.000000000000000000e+00
0.000000000000000000e+00
0.000000000000000000e+00
0.000000000000000000e+00
0.000000000000000000e+00
3.058523656562783799e-09
3.254752467540811267e-09
5.383737726460946504e-12
1.023886753159786167e-09
1.146883823821553960e-05
1.986080349070107331e-07
4.367408124039684481e-08
5.306773243063389600e-09
2.121970155144481396e-09
0.000000000000000000e+00
2.269913466079742648e-06
4.819789012344699586e-11
9.554499911246239208e-07
0.000000000000000000e+00
1.535854821099746914e-08
1.974061518694725237e-07
4.360024785654559309e-09
2.840017486960277893e-06
2.999724557639638078e-08
7.375480493010400096e-08
7.715048013778869063e-07
3.525005709548167943e-08
0.000000000000000000e+00
1.301459384706049605e-08
2.901261009213840225e-09
0.000000000000000000e+00
6.976538315939251333e-07
0.000000000000000000e+00
1.361033923785726074e-06
8.827514413889403500e-11
8.445843491244886536e-08
9.967034142466246749e-11
7.240604643632408965e-11
1.869782551011667238e-08
1.237723495250975247e-06
0.000000000000000000e+00
1.044347209244733676e-05
0.000000000000000000e+00
3.361190920259105042e-06
8.323992801706481259e-07
0.000000000000000000e+00
0.000000000000000000e+00
0.000000000000000000e+00
6.938432467462618547e-11
6.258109692680591252e-07
0.000000000000000000e+00
0.000000000000000000e+00
0.000000000000000000e+00
0.000000000000000000e+00
1.910986924258395447e-07
9.997191963151408345e-10
2.333564674827925955e-09
0.000000000000000000e+00
8.053461897361557931e-07
1.737297594672781997e-08
5.425420557259030829e-09
2.960799383444623345e-10
2.603478321816510288e-07
2.658246103237615898e-06
0.000000000000000000e+00
3.818601257421505579e-08
2.390937652307911776e-06
0.000000000000000000e+00
1.930341113620670512e-07
0.000000000000000000e+00
0.000000000000000000e+00
4.849298740339236247e-09
0.000000000000000000e+00
2.405410981509703561e-09
1.101900688749157808e-12
0.000000000000000000e+00
2.994140757550667331e-08
0.000000000000000000e+00
0.000000000000000000e+00
0.000000000000000000e+00
0.000000000000000000e+00
2.970561796544757271e-09
0.000000000000000000e+00
8.828152431306079961e-08
1.745205313596898122e-09
0.000000000000000000e+00
1.053633980063750641e-08
4.736794290138846009e-12
4.156555988288346271e-09
3.588919241792609682e-07
5.527566031560127158e-07
1.055823517503995390e-08
7.626654863202020351e-09
4.203252501611132175e-07
2.628426143402862181e-09
0.000000000000000000e+00
3.727286411958630197e-06
8.718705544197291601e-07
6.042830236197005433e-09
0.000000000000000000e+00
4.377506801489516874e-09
6.256853701813724911e-09
1.803491223029141111e-08
2.059807790999457211e-08
2.538623533610007144e-08
8.276066409962368198e-07
2.846656457222707104e-07
4.545802596567227738e-07
0.000000000000000000e+00
1.191792442511996342e-09
8.636455994803782232e-09
0.000000000000000000e+00
0.000000000000000000e+00
0.000000000000000000e+00
0.000000000000000000e+00
6.350620473938306532e-09
8.299642928477624082e-08
0.000000000000000000e+00
0.000000000000000000e+00
2.221954176206963893e-09
1.063238528331567068e-07
4.882851385445974302e-07
0.000000000000000000e+00
0.000000000000000000e+00
0.000000000000000000e+00
0.000000000000000000e+00
9.087760766135488666e-09
1.512301537331950385e-07
0.000000000000000000e+00
1.415310890706678038e-07
3.837763813407946145e-07
0.000000000000000000e+00
0.000000000000000000e+00
1.933165849621332200e-09
0.000000000000000000e+00
0.000000000000000000e+00
0.000000000000000000e+00
0.000000000000000000e+00
1.018243054318190843e-07
0.000000000000000000e+00
0.000000000000000000e+00
4.781143796844800065e-12
1.399068505492095937e-08
8.290367836671919122e-10
5.404782754681036749e-08
0.000000000000000000e+00
0.000000000000000000e+00
3.183549604490742979e-11
0.000000000000000000e+00
0.000000000000000000e+00
0.000000000000000000e+00
0.000000000000000000e+00
0.000000000000000000e+00
0.000000000000000000e+00
4.133603681566455634e-09
5.822861908200138714e-07
0.000000000000000000e+00
8.001296123438805807e-07
3.815918692140485291e-09
2.196217110395082273e-06
0.000000000000000000e+00
6.608140701303000242e-10
0.000000000000000000e+00
8.723528566179084009e-10
1.575388530739019188e-08
8.691145012562628835e-07
0.000000000000000000e+00
0.000000000000000000e+00
7.699672011085567647e-09
0.000000000000000000e+00
0.000000000000000000e+00
0.000000000000000000e+00
0.000000000000000000e+00
7.438264226777846488e-09
2.052349401537867379e-07
0.000000000000000000e+00
8.588105920859234743e-11
3.579055771751882276e-07
1.361409762701271120e-09
0.000000000000000000e+00
0.000000000000000000e+00
0.000000000000000000e+00
7.488606179606449587e-09
7.394576186925405636e-07
5.811289671697750236e-09
1.666845292902507936e-07
1.234363389279735657e-09
0.000000000000000000e+00
7.798989010154855350e-09
2.582688907182273397e-08
0.000000000000000000e+00
1.816245591423903960e-11
1.342800146630906966e-07
2.863330017532916827e-09
5.114648260473586561e-09
6.211848244674911257e-07
2.470808224686038557e-09
1.098014248968048889e-10
1.352204037630144740e-08
2.880869942600838840e-07
0.000000000000000000e+00
0.000000000000000000e+00
0.000000000000000000e+00
8.671233509005560336e-09
0.000000000000000000e+00
4.354764326919280393e-10
0.000000000000000000e+00
0.000000000000000000e+00
0.000000000000000000e+00
0.000000000000000000e+00
0.000000000000000000e+00
0.000000000000000000e+00
3.327716342482744949e-07
0.000000000000000000e+00
0.000000000000000000e+00
6.444578648512333530e-09
3.110382396087629786e-09
0.000000000000000000e+00
0.000000000000000000e+00
0.000000000000000000e+00
3.687403049568160895e-09
0.000000000000000000e+00
0.000000000000000000e+00
0.000000000000000000e+00
2.685555120299221166e-12
3.008075559474132632e-13
5.482021606439957395e-06
5.861843010990241964e-09
9.006770440578293346e-09
0.000000000000000000e+00
1.825771998864578194e-11
6.117439887987075053e-09
5.370071320953684335e-08
0.000000000000000000e+00
9.635251672079903074e-07
0.000000000000000000e+00
2.066634507968956314e-08
0.000000000000000000e+00
1.976259822455972426e-09
0.000000000000000000e+00
0.000000000000000000e+00
0.000000000000000000e+00
0.000000000000000000e+00
0.000000000000000000e+00
1.103314506423203056e-08
0.000000000000000000e+00
5.491110641742125154e-07
1.158008672064170241e-06
4.957022792240195486e-09
0.000000000000000000e+00
0.000000000000000000e+00
0.000000000000000000e+00
0.000000000000000000e+00
2.830249368201975813e-09
7.400843049509830962e-09
9.831429256584780368e-15
6.501886584686644710e-09
4.256349939169012941e-08
0.000000000000000000e+00
1.260810122971633973e-08
1.315903208620738951e-08
9.596111567589105107e-07
1.546794337059509417e-08
0.000000000000000000e+00
0.000000000000000000e+00
1.322178130869211543e-11
0.000000000000000000e+00
0.000000000000000000e+00
0.000000000000000000e+00
0.000000000000000000e+00
6.380129313754423492e-09
0.000000000000000000e+00
3.423165084726065288e-09
0.000000000000000000e+00
0.000000000000000000e+00
7.836783879611175507e-07
0.000000000000000000e+00
6.187430012793981859e-10
1.602853960669392563e-10
1.082157119469684403e-08
0.000000000000000000e+00
0.000000000000000000e+00
0.000000000000000000e+00
1.147626349506936094e-08
1.561898343993561866e-08
0.000000000000000000e+00
3.510334778411561274e-08
2.833224641562992474e-07
4.011836640671617715e-09
0.000000000000000000e+00
0.000000000000000000e+00
7.021498760195754585e-08
6.199388780103731733e-10
1.189029985582124027e-09
2.752996053345668770e-08
8.636024340091807971e-09
2.487664962913527233e-09
7.464886347952059964e-12
1.747393298501265235e-06
1.158554710500858675e-10
3.701687205648340750e-07
0.000000000000000000e+00
0.000000000000000000e+00
0.000000000000000000e+00
0.000000000000000000e+00
9.505884968064037821e-09
0.000000000000000000e+00
0.000000000000000000e+00
0.000000000000000000e+00
1.054683025358826853e-07
2.846194391281642311e-08
3.543295379326849570e-10
5.755510651406225975e-11
2.336316740070287779e-08
1.263702415599254891e-06
6.841996302853203815e-09
0.000000000000000000e+00
0.000000000000000000e+00
0.000000000000000000e+00
0.000000000000000000e+00
3.025094770237046760e-07
2.948250976686495051e-09
8.881628446033573709e-07
2.515797570268318850e-10
3.474198484454404934e-09
1.379351317609689431e-07
6.697917456222057808e-07
0.000000000000000000e+00
8.284348318454703985e-09
0.000000000000000000e+00
1.579592208145186305e-07
4.854670887510792454e-09
7.838402780180331320e-07
2.691990985681513848e-08
5.463492071949849205e-12
0.000000000000000000e+00
7.304979590117000043e-07
8.300899030644348642e-12
8.158481112907622901e-10
1.399025606474424421e-08
0.000000000000000000e+00
1.231464152873229523e-09
0.000000000000000000e+00
0.000000000000000000e+00
0.000000000000000000e+00
0.000000000000000000e+00
0.000000000000000000e+00
0.000000000000000000e+00
0.000000000000000000e+00
0.000000000000000000e+00
0.000000000000000000e+00
0.000000000000000000e+00
3.288442573801120261e-10
1.590128917428046407e-09
1.503979376593633788e-07
0.000000000000000000e+00
4.262769692786605447e-09
0.000000000000000000e+00
0.000000000000000000e+00
0.000000000000000000e+00
0.000000000000000000e+00
9.028793337972906841e-13
2.423229261694359593e-07
1.758900680215447210e-06
1.360062015010043979e-06
5.550935405773671505e-11
1.127126893152308185e-06
6.144189046430881262e-10
3.801893910804210464e-07
0.000000000000000000e+00
1.015860243147592712e-10
2.913576491181402162e-09
1.357545556857076008e-06
6.259910645400879048e-11
6.084452763843728462e-08
4.525222419005103802e-09
0.000000000000000000e+00
4.579027972795302048e-06
1.836056817694498022e-08
0.000000000000000000e+00
1.934146176552076213e-09
0.000000000000000000e+00
1.961855033982828900e-08
1.813317993537566508e-07
0.000000000000000000e+00
2.076885108337478414e-09
8.469392298593447777e-08
5.812596555188065395e-07
8.463557077398320416e-10
1.490658441127834521e-08
0.000000000000000000e+00
2.298894630214931567e-09
0.000000000000000000e+00
2.116517805461626267e-08
6.812192476779443950e-11
2.411973065719053011e-09
1.924805381747773936e-08
0.000000000000000000e+00
1.586628717298310676e-09
0.000000000000000000e+00
0.000000000000000000e+00
0.000000000000000000e+00
0.000000000000000000e+00
0.000000000000000000e+00
2.187971119838039158e-07
0.000000000000000000e+00
0.000000000000000000e+00
0.000000000000000000e+00
0.000000000000000000e+00
0.000000000000000000e+00
0.000000000000000000e+00
0.000000000000000000e+00
5.292121159072848968e-07
0.000000000000000000e+00
0.000000000000000000e+00
1.950475869705314835e-08
0.000000000000000000e+00
0.000000000000000000e+00
0.000000000000000000e+00
0.000000000000000000e+00
5.972795591446811159e-09
0.000000000000000000e+00
1.044337416544749431e-08
5.157656524090725725e-10
6.497021254325829887e-10
0.000000000000000000e+00
4.819326804295087641e-08
0.000000000000000000e+00
0.000000000000000000e+00
3.694554706612507289e-08
0.000000000000000000e+00
0.000000000000000000e+00
3.403790804767936606e-09
0.000000000000000000e+00
0.000000000000000000e+00
1.531046289748871914e-09
1.051652254863144620e-11
3.589040398210840976e-09
0.000000000000000000e+00
1.845418956536448718e-11
0.000000000000000000e+00
1.158051873062504455e-06
9.898783126516264019e-09
2.401767673632093647e-08
6.000411278961337302e-09
4.583533108615256424e-09
0.000000000000000000e+00
0.000000000000000000e+00
4.342209081187320407e-08
0.000000000000000000e+00
0.000000000000000000e+00
9.782091109356017000e-11
0.000000000000000000e+00
0.000000000000000000e+00
0.000000000000000000e+00
0.000000000000000000e+00
1.032078742468911514e-07
0.000000000000000000e+00
0.000000000000000000e+00
5.723228557741322220e-09
9.599745887101107655e-09
0.000000000000000000e+00
7.418338859865869495e-11
3.935685555234158528e-08
0.000000000000000000e+00
9.337968620570791245e-09
0.000000000000000000e+00
4.701399802797823213e-07
1.326348524344211910e-06
4.948072618304877324e-09
5.656279888910376030e-09
2.882513285840104800e-07
3.365924650111651317e-09
3.160587416783933179e-11
1.284121420308537154e-10
0.000000000000000000e+00
7.266594270749493489e-11
4.050192217164294561e-07
2.803943175422318745e-07
0.000000000000000000e+00
0.000000000000000000e+00
0.000000000000000000e+00
1.162886853478539706e-08
0.000000000000000000e+00
5.577349851084616519e-15
3.155865346826658424e-09
9.782163967742008026e-10
0.000000000000000000e+00
0.000000000000000000e+00
0.000000000000000000e+00
0.000000000000000000e+00
0.000000000000000000e+00
0.000000000000000000e+00
2.091403302983962931e-06
0.000000000000000000e+00
0.000000000000000000e+00
0.000000000000000000e+00
0.000000000000000000e+00
2.449876079779755855e-09
1.115934935569384834e-07
1.212223651236854494e-06
0.000000000000000000e+00
5.506620492923275378e-09
8.608914754404395353e-07
9.564676134443672595e-11
5.481518172700816649e-08
7.957486047871498158e-08
1.251174719385517164e-09
1.610139435115343076e-07
8.687429442488792120e-09
0.000000000000000000e+00
8.534851048125347006e-09
9.930834039550973102e-07
7.237057619846609668e-09
7.376430133376743470e-09
1.459514642476733570e-08
1.593340015482169747e-09
8.605803714090143330e-07
7.902644938440062106e-08
6.282019793246718109e-09
0.000000000000000000e+00
0.000000000000000000e+00
0.000000000000000000e+00
0.000000000000000000e+00
8.621582878731715027e-07
3.667408421392792661e-08
3.947948812310642097e-08
0.000000000000000000e+00
0.000000000000000000e+00
1.459318177410295903e-08
0.000000000000000000e+00
1.804585481046672157e-09
0.000000000000000000e+00
8.972127041317889962e-09
3.037053204479889246e-07
3.060632192131151896e-09
1.833027840625334193e-09
0.000000000000000000e+00
0.000000000000000000e+00
1.398042570599500323e-07
0.000000000000000000e+00
3.301688366263988428e-06
3.715883281074638944e-07
2.916848188760923222e-06
3.395271563899626699e-10
0.000000000000000000e+00
1.172258290438321637e-08
1.460986087664650768e-08
3.037821727502887370e-07
1.052174791738025306e-08
7.544104365731288397e-14
0.000000000000000000e+00
2.294582167501613146e-13
2.037085380379721755e-07
0.000000000000000000e+00
3.620237748691579327e-06
0.000000000000000000e+00
0.000000000000000000e+00
1.674794111750088632e-05
5.819966730769010610e-10
2.865785120320651913e-08
7.028837956113420660e-09
0.000000000000000000e+00
2.655920980032533407e-06
1.203198621624324005e-06
7.785782685232334188e-09
0.000000000000000000e+00
0.000000000000000000e+00
3.879008225737834437e-09
6.014003517407218169e-09
0.000000000000000000e+00
0.000000000000000000e+00
0.000000000000000000e+00
0.000000000000000000e+00
1.554126640712638618e-07
3.874405507531264448e-08
2.842377888612190873e-08
1.019608397712090664e-08
8.095834558297099193e-10
4.664315045310729602e-10
1.199837312837459535e-10
0.000000000000000000e+00
3.179166085942597419e-08
0.000000000000000000e+00
2.419958400334820681e-10
3.521727265365370840e-08
1.125297721671358886e-08
4.099658834633146398e-09
0.000000000000000000e+00
0.000000000000000000e+00
9.294840310758445412e-07
4.675250409036380006e-08
0.000000000000000000e+00
0.000000000000000000e+00
2.025850820430719068e-09
0.000000000000000000e+00
4.793272978531604167e-08
1.117865533473150208e-08
0.000000000000000000e+00
0.000000000000000000e+00
0.000000000000000000e+00
0.000000000000000000e+00
0.000000000000000000e+00
2.853334513108762849e-10
9.826072755458881147e-07
0.000000000000000000e+00
0.000000000000000000e+00
1.226331214354559052e-08
0.000000000000000000e+00
0.000000000000000000e+00
6.236393346625845879e-06
2.254050279759667319e-09
1.261255877516020973e-09
6.676579289432993392e-08
3.414977189919454759e-10
2.184175149771983016e-12
0.000000000000000000e+00
0.000000000000000000e+00
5.275408909710677108e-08
0.000000000000000000e+00
0.000000000000000000e+00
0.000000000000000000e+00
7.379451858469110448e-07
2.637215779088819545e-09
0.000000000000000000e+00
0.000000000000000000e+00
6.883654890543766669e-08
0.000000000000000000e+00
1.080922995555511079e-08
1.490733092524010317e-09
9.854494109617917275e-09
0.000000000000000000e+00
0.000000000000000000e+00
0.000000000000000000e+00
4.266674125119607197e-09
0.000000000000000000e+00
0.000000000000000000e+00
1.935984705880855472e-09
1.997136900300233719e-09
2.607866811388248607e-09
8.871365864138169854e-09
1.823651452070862433e-08
6.474781155674236288e-09
1.392096837804501774e-08
4.117801495340245310e-07
7.384485911643423606e-08
7.584810557403898201e-10
0.000000000000000000e+00
5.670342488883761689e-07
0.000000000000000000e+00
3.836686524039123469e-09
9.283344759580813843e-09
9.632361042122283834e-08
4.743180959110304684e-09
6.990786687310901470e-07
0.000000000000000000e+00
8.644337867735885084e-08
0.000000000000000000e+00
1.723317322177564392e-11
4.653259111364604905e-08
2.035992885396353813e-08
1.365009527631855235e-08
0.000000000000000000e+00
1.430198608431965113e-06
0.000000000000000000e+00
0.000000000000000000e+00
0.000000000000000000e+00
0.000000000000000000e+00
3.344861454479541862e-08
0.000000000000000000e+00
8.184506024300208793e-12
0.000000000000000000e+00
0.000000000000000000e+00
0.000000000000000000e+00
0.000000000000000000e+00
2.438207502564182505e-07
4.294309796648576594e-09
1.579120945116585517e-09
0.000000000000000000e+00
0.000000000000000000e+00
0.000000000000000000e+00
1.931129247623175615e-07
7.271849344903102974e-09
3.803999337748109610e-09
5.188614426998583440e-09
0.000000000000000000e+00
8.705557386079476601e-10
0.000000000000000000e+00
1.342925202152400743e-07
3.105221080268449896e-10
0.000000000000000000e+00
4.648514817517934716e-08
3.175404383881641479e-11
1.541151846140564885e-07
0.000000000000000000e+00
7.526225864751268091e-09
5.668537639280657459e-09
5.356782725729480887e-11
8.499838333175802063e-11
9.140008194741255920e-10
0.000000000000000000e+00
0.000000000000000000e+00
0.000000000000000000e+00
7.539638602338527562e-08
0.000000000000000000e+00
4.873810866001804243e-08
7.344158348132623360e-07
4.234236919420375500e-11
2.371755847274670259e-10
0.000000000000000000e+00
0.000000000000000000e+00
9.224958716913533863e-07
3.432396311620067308e-10
0.000000000000000000e+00
0.000000000000000000e+00
0.000000000000000000e+00
0.000000000000000000e+00
0.000000000000000000e+00
8.711071863842789753e-09
0.000000000000000000e+00
0.000000000000000000e+00
0.000000000000000000e+00
0.000000000000000000e+00
0.000000000000000000e+00
3.192129582885172567e-08
2.897975036830757745e-06
4.972956269000405882e-09
0.000000000000000000e+00
0.000000000000000000e+00
0.000000000000000000e+00
0.000000000000000000e+00
0.000000000000000000e+00
0.000000000000000000e+00
0.000000000000000000e+00
2.458662251569876389e-08
4.721385060690863611e-09
2.820077042997581884e-07
0.000000000000000000e+00
6.355200365959490227e-09
6.173303201961743980e-09
0.000000000000000000e+00
8.261285544541863146e-10
0.000000000000000000e+00
1.510847780217261516e-09
8.412631302689987933e-08
1.211721269100962672e-06
1.069339905512833866e-08
3.337976750117377378e-06
8.517415217568213848e-09
2.265225784725544145e-10
7.030558801801589652e-09
3.988207097904705734e-09
4.456206070813095721e-09
0.000000000000000000e+00
0.000000000000000000e+00
0.000000000000000000e+00
0.000000000000000000e+00
6.716610982948623132e-07
0.000000000000000000e+00
0.000000000000000000e+00
0.000000000000000000e+00
6.155132847851518818e-09
6.847410105592643959e-08
0.000000000000000000e+00
0.000000000000000000e+00
1.229360293564241147e-07
0.000000000000000000e+00
0.000000000000000000e+00
1.852622610876153431e-09
2.384819008938166007e-09
3.437928386418320770e-09
5.210200697547406889e-07
8.657612937668091035e-08
0.000000000000000000e+00
3.604059939377179944e-09
7.910700740298981515e-12
5.621397125565863462e-09
1.046567543738774475e-08
1.145291861348596285e-08
0.000000000000000000e+00
0.000000000000000000e+00
0.000000000000000000e+00
0.000000000000000000e+00
1.479123934444714905e-08
2.171914701420973870e-07
0.000000000000000000e+00
0.000000000000000000e+00
0.000000000000000000e+00
1.361221357853992231e-08
5.774273947878327817e-09
1.934163549321965547e-07
0.000000000000000000e+00
0.000000000000000000e+00
0.000000000000000000e+00
9.610467976983727567e-10
0.000000000000000000e+00
0.000000000000000000e+00
0.000000000000000000e+00
4.063602716541936388e-07
2.115575714611850344e-09
0.000000000000000000e+00
3.877374638250330463e-06
1.488160483731348904e-09
0.000000000000000000e+00
7.920555766816050891e-09
9.630078956490706332e-10
7.168273441493511200e-07
4.846975798500352539e-08
7.023924695204186719e-07
1.735539889580195450e-08
9.570865586283616722e-06
0.000000000000000000e+00
0.000000000000000000e+00
0.000000000000000000e+00
0.000000000000000000e+00
1.670474460979676223e-07
0.000000000000000000e+00
0.000000000000000000e+00
0.000000000000000000e+00
0.000000000000000000e+00
2.676300736581538331e-09
3.764001610395695252e-11
7.871221008315387735e-09
2.014257063365221256e-07
3.113792104159074370e-07
7.545149394161398959e-09
0.000000000000000000e+00
0.000000000000000000e+00
0.000000000000000000e+00
5.975986816508793709e-09
2.749517502564913229e-09
9.912248799537337618e-09
0.000000000000000000e+00
5.089732191265738948e-09
0.000000000000000000e+00
7.355853426371794512e-11
4.910885991193936206e-07
1.677424776858060795e-08
0.000000000000000000e+00
0.000000000000000000e+00
2.004846919589908794e-07
2.640413754306791816e-07
0.000000000000000000e+00
0.000000000000000000e+00
1.118963552926288685e-07
4.871966439168318175e-07
0.000000000000000000e+00
0.000000000000000000e+00
0.000000000000000000e+00
1.025223468786862213e-06
0.000000000000000000e+00
0.000000000000000000e+00
0.000000000000000000e+00
0.000000000000000000e+00
5.190985916669887956e-07
8.222691860737540992e-09
6.300850952101200164e-09
1.390124237943268781e-09
0.000000000000000000e+00
0.000000000000000000e+00
7.432063298118407602e-10
0.000000000000000000e+00
0.000000000000000000e+00
0.000000000000000000e+00
0.000000000000000000e+00
0.000000000000000000e+00
0.000000000000000000e+00
0.000000000000000000e+00
4.237367789983181865e-08
0.000000000000000000e+00
0.000000000000000000e+00
0.000000000000000000e+00
4.314059873222753083e-11
9.735041217595608032e-09
0.000000000000000000e+00
0.000000000000000000e+00
9.331046157967648469e-09
0.000000000000000000e+00
6.097262250648327608e-09
0.000000000000000000e+00
8.067479129181265307e-09
9.676186935037023318e-12
0.000000000000000000e+00
0.000000000000000000e+00
4.008675773548020516e-07
1.613802851352375001e-06
0.000000000000000000e+00
5.307351346600652775e-12
0.000000000000000000e+00
3.282820904004779550e-09
7.261797829727356657e-10
9.630033659391301626e-09
0.000000000000000000e+00
0.000000000000000000e+00
0.000000000000000000e+00
0.000000000000000000e+00
0.000000000000000000e+00
0.000000000000000000e+00
0.000000000000000000e+00
6.191164025892703648e-09
0.000000000000000000e+00
1.792901827002424398e-08
0.000000000000000000e+00
0.000000000000000000e+00
7.165927851104925139e-09
2.888036760850809515e-06
1.363949166943712044e-07
1.316678662988124415e-06
1.700238350110794272e-08
0.000000000000000000e+00
0.000000000000000000e+00
4.107622686433387571e-09
9.578648274555234821e-08
0.000000000000000000e+00
7.394787893133525358e-09
2.467428761310230811e-10
0.000000000000000000e+00
2.444943092427820375e-08
1.914088088028620405e-08
5.808321475342381746e-06
2.592520900179806631e-07
2.280166881973855197e-06
1.816238359708677308e-08
3.596738462618986887e-09
1.881099649381212657e-07
3.554309557785018114e-08
2.382509620701966924e-07
8.173504284059163183e-06
2.487732686518029368e-08
2.183887090723146684e-06
6.119269073678879067e-06
1.086304018826922402e-05
5.606762442766921595e-06
0.000000000000000000e+00
0.000000000000000000e+00
0.000000000000000000e+00
0.000000000000000000e+00
0.000000000000000000e+00
0.000000000000000000e+00
0.000000000000000000e+00
6.469135893638622292e-09
0.000000000000000000e+00
0.000000000000000000e+00
6.828980714246313255e-10
2.113684116622494003e-09
3.387645053365417880e-09
0.000000000000000000e+00
0.000000000000000000e+00
0.000000000000000000e+00
0.000000000000000000e+00
5.345656139965626608e-10
0.000000000000000000e+00
3.697898209864547425e-09
2.605486715268057196e-09
0.000000000000000000e+00
0.000000000000000000e+00
0.000000000000000000e+00
0.000000000000000000e+00
0.000000000000000000e+00
2.173061730559311400e-09
0.000000000000000000e+00
7.107591182275996289e-10
0.000000000000000000e+00
3.375939527927585004e-10
0.000000000000000000e+00
0.000000000000000000e+00
0.000000000000000000e+00
0.000000000000000000e+00
0.000000000000000000e+00
0.000000000000000000e+00
0.000000000000000000e+00
1.436426755319075710e-09
8.972011578123328945e-09
0.000000000000000000e+00
0.000000000000000000e+00
0.000000000000000000e+00
0.000000000000000000e+00
1.248060654823746063e-09
0.000000000000000000e+00
7.020307002392200957e-09
4.983095269750492662e-09
0.000000000000000000e+00
9.594862682149596367e-09
1.910896996193400810e-09
0.000000000000000000e+00
