8.079815643213805743e-07
1.929965378622000571e-07
1.494623091957691940e-07
1.721309139668392163e-08
3.009506599482847378e-07
9.377873055882446351e-08
0.000000000000000000e+00
9.242622809324529953e-07
2.971963795062038116e-07
0.000000000000000000e+00
2.427081591260815685e-10
1.523964527905263822e-07
7.538380231153496425e-08
2.443277367092377972e-07
3.089448341597744729e-08
0.000000000000000000e+00
5.476636396987977218e-13
1.206105224582643132e-07
2.841597961378283799e-07
1.041394170897547156e-07
1.923797299241414294e-07
1.895939476526109502e-06
8.043683010328095406e-06
2.436174497688625706e-07
5.007125878364604432e-07
0.000000000000000000e+00
1.167657046607928351e-05
6.426340792842211158e-09
2.865941951313288882e-06
3.053808768527233042e-06
2.265518261879151396e-08
6.097276923355821054e-07
6.159665139060521710e-11
9.662496267992537469e-06
6.770838467673456762e-07
1.738916779459032114e-07
1.330586751890905362e-08
2.305304462879576022e-07
3.324303179397247732e-07
0.000000000000000000e+00
0.000000000000000000e+00
0.000000000000000000e+00
0.000000000000000000e+00
2.311928255949169397e-06
1.076584226211707573e-07
0.000000000000000000e+00
4.563955542380426778e-07
1.084205564438889269e-06
6.341138487186981365e-06
2.067219384116469882e-06
8.142312708514509723e-07
7.785021693962335121e-07
3.345349171013367595e-07
2.436716613374301232e-06
0.000000000000000000e+00
0.000000000000000000e+00
5.178806077310582623e-07
1.264509563725368935e-07
2.322153562772655278e-07
5.827576643469001283e-09
4.023756616788887186e-07
1.643989655519817461e-08
2.277064595546107739e-05
4.475572040973929688e-06
1.214709310914940943e-08
1.319035334290674655e-07
6.751216005795868114e-06
3.117909363936632872e-05
1.110926586989080533e-05
1.762267132221495558e-08
6.390090590002728277e-08
7.405429869322688319e-07
1.040544650443564478e-09
6.597427386623166967e-07
7.720022949797566980e-07
1.977287311660802516e-08
2.749757754827442113e-07
1.115231782478076639e-07
5.090215537961739756e-08
0.000000000000000000e+00
1.334393218144214188e-08
9.140819656749954447e-09
2.261325349195431045e-08
1.813004473660839722e-06
2.731905794917111052e-07
1.456360365637010545e-07
1.877356953627895564e-05
5.236619315951429598e-08
1.636617668054896058e-07
6.868717150609882083e-08
8.772744877205695957e-07
5.764717343481606804e-07
2.893415285143419169e-06
2.216342181782238185e-06
4.705465883603210386e-08
2.479389422660460696e-07
1.086474554767846712e-07
5.408144332363917783e-08
4.045944479003082961e-06
0.000000000000000000e+00
1.017371459965943359e-06
1.611412159263636568e-07
4.468586212169611827e-07
4.758888280775863677e-06
3.163491024693598774e-09
7.614504283992573619e-06
2.017923605990290525e-07
2.607440592328202911e-07
3.273564459504996194e-07
4.734702940822899109e-07
5.148504200747083814e-08
3.015194852196145803e-05
3.608434553825645708e-06
5.723363187826180365e-07
8.513537181897845585e-07
1.068626076516920875e-07
2.577553232185891829e-06
2.379016905251774006e-06
1.213213977280247491e-06
1.799062829377362505e-06
1.005827471090015024e-06
4.478123685203172499e-07
1.529126529931090772e-05
8.844925105222500861e-06
1.793864976207260042e-05
5.620179877041664440e-07
2.971132175844104495e-07
1.674813006502517965e-06
1.833094529501977377e-07
0.000000000000000000e+00
0.000000000000000000e+00
5.546748070628382266e-06
5.358520866138860583e-06
3.885299975081579760e-06
0.000000000000000000e+00
2.506472083041444421e-05
0.000000000000000000e+00
0.000000000000000000e+00
7.482260571123333648e-06
1.432317503713420592e-06
4.259258730598958209e-06
3.548979293555021286e-06
3.948560333810746670e-06
0.000000000000000000e+00
6.563971624018449802e-07
9.549646620143903419e-07
7.387094456134946086e-07
3.985463081335183233e-06
2.215302004060504260e-07
2.229874780823593028e-06
3.822946382570080459e-05
2.790566577459685504e-05
3.947860932385083288e-06
1.351595642518077511e-06
1.379634704790078104e-05
1.534709190309513360e-05
6.506375029857736081e-07
3.114801984338555485e-06
3.311602768008015119e-06
2.804851249038620153e-07
1.076781018127803691e-06
8.359997991647105664e-06
2.217127075709868222e-06
1.210533173434669152e-05
2.275147039654257242e-07
1.323184392276743893e-06
3.273938318670843728e-06
2.065549551844014786e-06
2.290066277055302635e-06
2.023224169533932582e-06
4.359648301033303142e-06
8.721592166693881154e-06
7.832324627088382840e-06
6.598461823159595951e-06
1.731647716951556504e-05
4.384295152703998610e-06
8.415832780883647501e-06
9.554532880429178476e-07
6.157658845040714368e-07
3.999752607342088595e-06
5.080065875517902896e-06
6.981178557907696813e-06
2.871808874260750599e-06
5.836449759044626262e-07
6.709314675390487537e-06
2.073076984743238427e-06
3.974449100496713072e-06
3.506259872665395960e-06
4.350009021436562762e-06
4.096259544894564897e-06
2.362178747716825455e-06
6.976231361477402970e-06
3.861943696392700076e-06
7.609681915710098110e-07
6.594534625037340447e-06
1.018174589262343943e-05
5.379671392802265473e-07
4.551452548184897751e-06
8.158717719197738916e-06
1.921774355650995858e-06
1.380515914206625894e-05
3.635092980402987450e-06
2.698265689105028287e-06
3.091273015343176667e-07
4.482372787606436759e-06
9.292836693930439651e-06
9.042265958214557031e-08
2.061601662717293948e-06
2.154266894649481401e-06
9.384720556226966437e-07
1.818167038436513394e-05
1.305768546444596723e-05
1.153020093624945730e-05
3.351403563556232257e-07
3.237852865822787862e-07
6.023230980645166710e-08
3.560407719760405598e-07
1.207903778777108528e-06
9.592306469130562618e-07
2.796532214688340900e-07
3.164835860047787719e-08
4.798355348611949012e-06
4.829672889172798023e-06
2.084597781504271552e-06
1.389695739817398135e-06
1.594657805981114507e-05
2.289462841531531012e-08
5.628844235161523102e-08
2.477425368851982057e-06
1.463938588130986318e-06
5.229003363638184965e-06
1.113312464440241456e-06
3.496274757708306424e-06
5.945046268607256934e-07
0.000000000000000000e+00
6.261828389142465312e-07
8.182776696230575908e-07
1.750049136717279907e-06
6.197448101374902762e-07
2.570706783444620669e-06
2.830637413353542797e-06
1.096203845918353181e-06
0.000000000000000000e+00
3.400231776140572038e-07
2.483370735717471689e-07
1.966200215974822640e-06
6.447402824960590806e-07
1.121190962294349447e-06
7.529823506047250703e-06
5.515900284080998972e-06
1.382622514256581781e-07
6.012854214532126207e-07
4.692778361459204461e-07
1.236706168583623366e-07
1.417497855982219335e-06
2.198424454036285169e-06
1.040840834320988506e-05
1.508775312686339021e-06
2.055621450836042641e-07
3.237291990032531430e-09
1.017028466776537243e-06
1.141942448157351464e-06
1.123574566719298673e-09
4.235172923472418915e-08
1.058851580637565348e-06
2.034402157846670889e-08
0.000000000000000000e+00
2.823177283062250353e-07
1.285810981244139839e-06
2.793250359900412150e-07
8.627276315564813558e-07
6.463969270953384694e-07
1.379669583911891095e-06
2.838377213265630417e-07
4.843565193368704058e-07
1.545021632409770973e-06
1.477032753882667748e-07
8.636514507998072077e-07
2.861712005142180715e-07
3.808777591984835453e-06
4.874934234067040961e-07
4.189399476217658957e-07
7.507600940925840405e-08
3.724992936326998461e-08
8.405147866596962558e-08
2.808334329529316165e-07
4.429265345606836490e-07
2.778412877546543314e-08
4.198440137770376168e-07
1.473596911161223488e-09
2.265298917336622253e-06
1.160060634219917119e-07
2.293703147415726562e-07
3.570064022184737951e-09
8.457679712137178285e-08
1.596660013092332520e-06
5.325513825482630637e-07
3.037903752556303516e-06
2.402056793471274432e-07
6.743314173718317761e-08
3.124881686744629405e-07
2.216522943854215555e-06
3.840962961021432420e-07
6.670494485661038198e-07
2.358211077080341056e-06
7.844967626624566037e-07
1.594432319507177453e-08
2.076711638210326782e-07
3.559293872967828065e-07
1.256557698070537299e-05
0.000000000000000000e+00
5.192418370825180318e-07
4.602306660217436729e-07
0.000000000000000000e+00
5.004030967370454164e-08
6.045008262844930869e-07
4.931139756081392989e-06
2.135364638888859190e-06
2.653723925050144317e-07
9.709357300380361266e-07
7.501260057551917271e-08
1.552613895228205365e-07
1.555119411023042630e-06
3.395304926101516685e-09
2.962749192647606833e-07
2.082243781842407770e-06
1.489902956564037595e-06
2.949808504126849584e-07
5.042979410063708201e-06
4.752157849452487426e-07
3.715095431289228145e-08
1.597089431015774608e-05
0.000000000000000000e+00
1.301247380069980863e-06
1.327770071668510354e-08
8.884805993147892877e-07
1.773687586137384642e-06
1.872287043624965008e-06
3.605638084991369396e-06
3.150571501464582980e-07
7.653638363080972340e-07
1.787561672017545789e-07
8.008057079678110313e-07
1.607205263098876458e-06
1.156116056222344923e-07
1.724079368159436854e-08
5.692521085620683152e-07
3.772595846385229379e-06
3.071630771955824457e-06
1.072880422725575045e-06
2.387325139352469705e-06
1.141060437248597736e-07
4.914836608804762363e-07
8.070295507422997616e-07
1.208743810821033549e-06
9.724019633949865238e-08
9.104744094656780362e-06
4.241057638409984065e-08
1.154243363998830318e-06
1.363032311019196641e-06
0.000000000000000000e+00
1.953813182353769662e-07
1.600406847046542680e-07
3.644942125902161933e-07
0.000000000000000000e+00
0.000000000000000000e+00
7.388431200183731562e-09
5.518426178241497837e-07
4.473129422422061907e-08
1.294557350206559931e-08
3.724438357721737702e-08
1.082440306277021591e-07
8.085676483915449353e-08
0.000000000000000000e+00
1.721543299026961904e-07
1.049670117936329916e-06
1.623571165509929415e-06
4.258593889971962199e-06
3.917844182410590292e-08
1.058235466189216822e-05
1.557819473418931011e-06
1.236394098214077530e-07
7.008300144661916420e-06
6.930143172212410718e-06
1.532925466563028749e-06
3.477942755125695840e-06
1.487024860580277164e-06
0.000000000000000000e+00
5.663801516675448511e-07
2.280799975551417447e-07
5.973948304927034769e-07
3.503816685679339571e-07
4.659507055748690618e-07
1.493630321647287928e-07
1.474492989927966846e-07
6.686641427222639322e-07
5.170004442334175110e-06
0.000000000000000000e+00
2.620530494823469780e-06
4.421262644882517634e-08
3.965355119817104423e-07
0.000000000000000000e+00
0.000000000000000000e+00
2.465187094458087813e-07
5.108340133119781967e-07
0.000000000000000000e+00
5.372077680476650130e-07
2.312581237617905572e-09
5.221872356742096599e-07
2.286391463712789118e-06
3.954300353825601633e-08
0.000000000000000000e+00
0.000000000000000000e+00
0.000000000000000000e+00
0.000000000000000000e+00
0.000000000000000000e+00
9.052695260081122797e-10
0.000000000000000000e+00
0.000000000000000000e+00
6.444031974695008103e-09
7.097338539097108878e-07
0.000000000000000000e+00
0.000000000000000000e+00
1.280521289004354912e-08
9.939482126242182858e-09
0.000000000000000000e+00
0.000000000000000000e+00
3.904983145730511751e-07
0.000000000000000000e+00
5.393032154188404093e-08
1.461416786696645431e-06
2.721990810528041038e-08
1.005698413791833445e-05
0.000000000000000000e+00
1.045951648848131299e-06
1.401782583343447186e-06
2.666865839273668826e-06
1.221238363768861745e-07
4.996232050302751304e-08
1.824066316657990683e-06
2.079124072906779475e-07
5.043010560257243924e-07
2.706069381019915454e-06
1.995376123886671849e-06
8.291928565995476674e-07
3.473211791060748510e-06
2.544685230532195419e-06
4.730034561362117529e-06
1.907458681671414524e-06
2.248183790243274416e-07
4.724537348010926507e-07
1.964902480722230393e-07
3.084299180500238435e-07
5.828787408290736494e-08
8.955817065725568682e-07
3.088779976678779349e-06
9.492185881754267029e-07
6.693250043099396862e-07
4.923402485701444675e-08
5.735269610340765212e-07
1.477452258313860511e-07
4.086180727114196998e-09
6.042109816917218268e-07
5.507213813871203456e-07
9.284022439715045039e-08
8.353221225831930496e-09
0.000000000000000000e+00
2.051394005775364349e-07
2.327335550944553688e-07
5.136395841986995947e-08
0.000000000000000000e+00
2.120767135238565970e-07
4.055900149069202598e-08
3.545948246141961135e-08
2.811987309669916613e-09
1.751333833510670956e-08
0.000000000000000000e+00
1.899872046351447352e-07
1.952454340425902046e-07
6.499256244296702789e-08
1.776265357023021352e-08
2.904143912019208074e-06
1.117246881676692283e-07
1.885410938484710641e-07
7.654961677872051951e-07
9.000876843856531195e-08
3.980594343033772020e-08
1.474045632221532287e-07
0.000000000000000000e+00
0.000000000000000000e+00
7.451157557625265326e-08
6.345416068143094890e-07
0.000000000000000000e+00
6.791483428969513625e-07
8.693086073208178277e-08
1.052898028319759760e-06
0.000000000000000000e+00
1.676624918900415651e-07
9.298243242028547684e-08
4.001467743819375755e-07
5.682614755642134696e-06
5.483244081005977932e-07
2.249085611083501135e-07
1.303913904848741367e-06
6.543095398825471420e-09
1.897596177968807751e-07
2.167964368027242017e-07
3.924027964785636868e-07
2.010599153834391473e-08
0.000000000000000000e+00
3.186232561347424053e-06
1.011561153063667007e-06
0.000000000000000000e+00
6.401320029603141393e-10
1.135921223749392084e-08
8.580441885897016618e-07
2.691239444629900390e-07
1.982725024163300986e-07
0.000000000000000000e+00
3.873326193115644855e-08
0.000000000000000000e+00
1.884768252580215631e-08
3.286242531430616509e-07
2.602578375032749136e-09
0.000000000000000000e+00
1.440381822703784565e-07
6.613311853698178311e-08
3.133295933821500512e-08
1.232278350471460726e-06
5.201124508857901674e-07
5.686306394636631012e-06
3.312755325168836862e-06
4.767234997871128144e-07
3.374527324240261805e-08
4.803786737284099218e-07
1.486959462226877804e-07
9.186084071188815869e-07
2.300380174347083084e-06
1.753323658704175614e-06
2.035554643953219056e-06
4.476346404658215761e-08
1.848525812420120928e-06
3.700736215250799432e-07
8.893314316082978621e-07
1.074662350220023654e-06
8.186729587578156497e-07
1.259764701444510138e-07
0.000000000000000000e+00
3.713022067586280173e-08
4.261703452357323840e-07
2.894683159837541098e-09
1.479058795439414098e-07
3.666708492389147978e-09
0.000000000000000000e+00
0.000000000000000000e+00
0.000000000000000000e+00
1.989110387512482703e-06
0.000000000000000000e+00
1.444700785668828757e-07
1.433563738828524947e-06
3.098704937087859435e-08
0.000000000000000000e+00
2.329336666662129574e-06
0.000000000000000000e+00
7.321786910097216605e-08
0.000000000000000000e+00
2.593567387521034107e-07
0.000000000000000000e+00
0.000000000000000000e+00
3.935071163141401485e-06
0.000000000000000000e+00
0.000000000000000000e+00
4.625800187341155834e-09
0.000000000000000000e+00
0.000000000000000000e+00
1.714496100646556442e-08
1.838837988543673418e-07
1.835626051160943462e-08
3.504619314753654180e-07
4.515374030233942904e-07
1.292409251618664712e-06
4.876352122096250241e-08
1.641059043322457001e-06
0.000000000000000000e+00
7.373084365269733098e-09
8.069623902429157170e-08
0.000000000000000000e+00
0.000000000000000000e+00
2.375582752733862435e-08
7.712906757717519213e-09
5.153203801455674693e-07
0.000000000000000000e+00
1.581318542775989044e-06
4.722237267884565881e-09
1.418024908161896747e-06
9.635319884182536043e-07
0.000000000000000000e+00
5.934135515417438000e-06
6.808254937595847878e-08
3.118415634162374772e-06
0.000000000000000000e+00
1.102540707620391913e-07
2.796805276261693507e-08
2.601092452536590827e-09
2.314654494739443180e-07
2.863365580196841620e-06
5.202314667940299842e-08
3.540982049798913067e-07
8.050840705209338921e-08
4.588192155097203795e-07
1.920879640238126740e-06
2.054917125349220441e-08
6.143851010165235493e-07
0.000000000000000000e+00
8.003949574231228326e-07
2.529975517973070964e-06
1.160796273325104266e-06
9.869675920981535455e-08
1.427431357114983257e-06
1.998354122179080150e-07
2.318210817975341342e-06
1.776902195160801057e-06
3.663877805593074299e-07
1.751893279333671671e-07
1.949443912963033654e-06
2.480792318237945437e-06
5.783373921985912602e-07
0.000000000000000000e+00
2.607444704594286122e-09
4.607916537224809872e-07
0.000000000000000000e+00
7.705088478360266890e-07
3.037657902993373682e-09
0.000000000000000000e+00
0.000000000000000000e+00
1.354065375380741898e-07
0.000000000000000000e+00
9.126032551876051002e-08
2.335901854166877456e-07
0.000000000000000000e+00
8.224012582047635078e-09
2.493713395779195707e-07
2.980432611821015598e-08
2.776066821752465330e-06
1.694955564790490143e-10
0.000000000000000000e+00
3.740499039395217551e-07
1.044261832561232950e-08
0.000000000000000000e+00
2.136758503468172421e-08
0.000000000000000000e+00
0.000000000000000000e+00
5.645913461194140837e-07
0.000000000000000000e+00
2.817413815137115307e-06
0.000000000000000000e+00
1.177957869913370814e-06
0.000000000000000000e+00
0.000000000000000000e+00
6.385774668160593137e-06
0.000000000000000000e+00
6.929892215623567608e-09
1.628890345273248386e-06
2.573092842794721946e-06
1.856663267574276688e-09
0.000000000000000000e+00
7.144071787479333580e-07
0.000000000000000000e+00
1.208295770993572660e-06
3.487041211336361357e-10
0.000000000000000000e+00
8.117567951160253870e-09
3.522345366491208551e-07
1.136365881393430755e-06
2.923054864822915988e-07
0.000000000000000000e+00
1.631139241453638533e-07
6.611456626615108689e-08
5.273838699082489256e-09
0.000000000000000000e+00
0.000000000000000000e+00
6.014121112229986466e-08
3.708704241489613196e-07
2.958969616884132847e-06
2.017665110543021001e-06
1.437560172234952915e-06
8.070912116409090231e-08
1.406801430903215078e-07
6.235812293198250700e-07
4.135274522809595510e-08
6.841711979177489411e-07
3.424562180498469388e-07
2.098754293911042623e-06
3.583967327358550392e-07
3.226738556350028375e-07
1.814954202927765436e-06
4.213184183754492551e-06
2.914955985033884645e-06
1.661100839100981830e-07
8.788412486637753318e-08
5.897694336454151198e-06
4.795036147697828710e-06
9.046817126545647625e-07
1.863348586539359530e-07
8.343045010406058282e-07
8.429459512626635842e-07
6.307508328973199241e-07
1.123635001931688748e-06
3.178082508270563267e-08
9.902348097057256382e-08
4.115892807021737099e-06
6.433190833377011586e-07
2.239110244772746228e-06
1.354160730215880903e-07
8.547347647436254192e-07
3.274190474300553433e-09
7.562058357279966003e-08
1.357965061288268771e-06
0.000000000000000000e+00
1.743687789712566882e-07
0.000000000000000000e+00
4.063663539000117453e-07
2.003626605073804967e-06
0.000000000000000000e+00
2.594461534499714617e-07
6.812697961322555784e-08
1.451271032237855252e-07
1.788292536275548628e-08
4.775928914568794426e-07
6.628835791389064980e-08
2.293249110607575858e-07
1.803516965992457699e-06
0.000000000000000000e+00
0.000000000000000000e+00
1.109771687879401725e-06
0.000000000000000000e+00
0.000000000000000000e+00
2.123762072869794792e-07
0.000000000000000000e+00
0.000000000000000000e+00
2.016736777576966233e-10
1.020421152020389854e-07
1.600243990651506465e-07
3.382433760634739883e-06
1.713638994260691106e-06
0.000000000000000000e+00
6.963196685916273054e-09
1.182014375267215200e-09
1.451735158752853749e-07
1.462102687810329371e-07
9.548351442845159909e-09
0.000000000000000000e+00
1.194660725900575926e-08
9.463552608224290452e-09
1.386793826441135025e-07
0.000000000000000000e+00
4.114794762699602870e-07
0.000000000000000000e+00
0.000000000000000000e+00
2.603559039471292635e-07
1.227293296324205585e-06
0.000000000000000000e+00
0.000000000000000000e+00
0.000000000000000000e+00
6.495923798865987919e-09
0.000000000000000000e+00
2.594315207105069021e-09
1.279564799006038811e-06
6.203590601217001677e-07
0.000000000000000000e+00
0.000000000000000000e+00
6.227575255479678162e-08
7.661573704353941139e-07
0.000000000000000000e+00
1.271318328388559848e-10
3.596693431973108090e-06
2.482729769326397218e-06
1.489681949351506773e-06
1.960608386752937804e-08
1.176246314571471885e-06
4.482390920657053357e-07
7.339961030083941296e-06
3.543319735399563797e-07
3.883158683493093122e-07
4.766366146213840693e-06
3.290370642616835539e-08
1.085198135797327268e-07
1.726660370238164433e-09
1.415946712768345606e-06
5.459278327180072665e-07
1.904380042105913162e-06
1.413549171047634445e-07
1.263306472765179933e-07
5.800967755931196734e-06
5.744810209762363229e-07
6.175667977004195563e-08
8.947326023189816624e-06
2.892904547024954809e-07
1.076157047918968601e-07
1.536682106006992399e-07
1.023153231471951585e-06
1.400913788529578596e-06
0.000000000000000000e+00
2.099189032378490083e-06
0.000000000000000000e+00
1.050196729579511157e-07
0.000000000000000000e+00
0.000000000000000000e+00
3.616810317907948047e-07
6.344579901451652404e-07
0.000000000000000000e+00
0.000000000000000000e+00
0.000000000000000000e+00
3.357923333169310354e-06
1.623428261154913343e-06
3.571138336155854631e-07
0.000000000000000000e+00
0.000000000000000000e+00
0.000000000000000000e+00
1.092932038204708078e-07
5.167539711692370474e-07
1.828841277529136278e-06
6.156075755825440865e-07
0.000000000000000000e+00
0.000000000000000000e+00
5.971744485577801242e-07
0.000000000000000000e+00
0.000000000000000000e+00
9.602664441388242267e-09
4.613299552147509530e-06
6.034755806183511595e-09
2.442105540012562415e-07
3.239198909099627599e-09
5.369770406105089933e-07
0.000000000000000000e+00
0.000000000000000000e+00
0.000000000000000000e+00
3.251667294534854591e-06
0.000000000000000000e+00
0.000000000000000000e+00
0.000000000000000000e+00
0.000000000000000000e+00
0.000000000000000000e+00
0.000000000000000000e+00
2.012248367933011650e-09
6.716388156746688765e-07
4.980862513548345305e-07
4.870178713645145763e-07
0.000000000000000000e+00
2.463652890583034605e-07
2.726041059553097057e-10
0.000000000000000000e+00
1.668727236392442137e-06
1.507073875472997315e-06
1.923358922795159742e-06
7.263243162469734671e-08
0.000000000000000000e+00
0.000000000000000000e+00
0.000000000000000000e+00
0.000000000000000000e+00
6.998412800385267474e-07
3.222598365937301423e-08
6.753236303502774263e-10
4.237464850120886695e-07
0.000000000000000000e+00
0.000000000000000000e+00
6.985871325859704939e-10
0.000000000000000000e+00
6.371740808586157101e-12
0.000000000000000000e+00
6.755668024993610743e-09
0.000000000000000000e+00
4.485236786422319710e-07
8.870937762139874394e-08
2.742742388761598704e-08
1.432700742043380160e-06
5.423372044788266066e-07
0.000000000000000000e+00
8.828345698930206709e-08
0.000000000000000000e+00
7.858280355321767274e-07
5.766740400758862961e-07
9.551339275049031130e-08
9.790475985482771648e-08
1.000089923763880506e-06
5.515811452028174244e-08
5.129600708642101381e-07
2.552076239226153120e-07
4.368018835521070287e-07
1.701577502899453975e-06
2.779759711302176584e-07
6.695198351280851057e-08
6.850176532680052333e-07
6.496022251667454839e-06
8.886673619201701513e-09
8.777541324889170937e-07
2.570271817603497766e-07
8.716233956818086881e-09
3.630007086030673236e-07
1.441310271133033893e-08
6.740926892234710976e-07
4.678251457335136365e-07
0.000000000000000000e+00
5.494703714248316828e-07
3.811591966496052919e-07
9.684887345429160632e-07
1.310630614170804620e-05
1.538356968922016677e-06
3.355752937750366982e-07
1.782707137465422420e-08
2.102253482405558316e-08
1.502174654888221994e-06
9.049919036385745130e-09
1.517967831432542880e-07
8.433751474967721151e-09
3.161373385296428751e-08
2.043755102931754664e-07
1.135018905529250333e-07
6.117238626757171005e-08
3.488821231911742871e-09
8.623736391655256739e-09
8.794318162586023391e-09
1.178628306064410936e-09
1.874196620121892920e-08
0.000000000000000000e+00
0.000000000000000000e+00
4.572136766411993847e-11
6.512864691998743183e-10
3.816280411683692364e-07
1.207297799510342884e-07
0.000000000000000000e+00
1.587927983548453881e-10
2.575943680582781781e-09
2.718068969898013165e-07
0.000000000000000000e+00
0.000000000000000000e+00
1.192657208548553172e-07
1.149930881183536258e-06
7.795559895384940319e-07
6.675104913256291184e-08
2.847363305136241252e-07
4.268970243970215961e-08
0.000000000000000000e+00
6.413015967154933605e-07
3.068374780923477374e-07
1.461070723962620832e-06
1.010078790386614855e-06
0.000000000000000000e+00
0.000000000000000000e+00
0.000000000000000000e+00
1.948281465047330130e-07
0.000000000000000000e+00
0.000000000000000000e+00
3.872585363495772981e-09
1.229101712851843331e-06
0.000000000000000000e+00
1.770224855590640800e-07
0.000000000000000000e+00
3.296706241329161458e-09
0.000000000000000000e+00
0.000000000000000000e+00
2.426891132500941239e-09
2.752778671677447164e-09
4.415809598867781460e-06
0.000000000000000000e+00
1.586765847605420277e-07
2.293661509611411020e-07
0.000000000000000000e+00
3.905127243797323899e-08
1.568904473003840394e-08
2.662402763531357408e-11
4.788959131474257447e-07
1.238890149579674471e-06
2.299400847505239653e-07
2.566714556451188400e-06
3.202867446816526353e-07
0.000000000000000000e+00
0.000000000000000000e+00
1.066818100525779300e-08
4.704978767700040976e-11
2.738138391578104347e-07
1.421256285993877100e-07
0.000000000000000000e+00
8.694447828361262509e-09
8.591094768917173496e-08
0.000000000000000000e+00
2.115623374265851453e-07
0.000000000000000000e+00
5.768820976470578898e-10
4.188191269349772483e-07
6.387051998402171193e-11
2.710521052051717561e-08
5.947481618306937889e-09
4.081028848190726421e-08
6.752333092663320713e-08
3.790271136949741049e-07
1.332973056378250476e-07
2.918594077527814079e-08
1.408299112881650217e-07
2.347181862205616198e-07
1.029409233410660818e-07
4.869626081926980987e-06
3.912790802473864460e-08
1.221188057343169930e-07
1.481873255215759855e-06
0.000000000000000000e+00
0.000000000000000000e+00
5.781509671010098828e-08
4.665642336476594210e-06
1.741035589475359302e-06
2.570932089440702839e-08
1.553515744490141515e-06
1.601086069058510475e-06
0.000000000000000000e+00
3.742573539966542739e-07
2.649672481425113801e-09
2.104814313952374505e-07
0.000000000000000000e+00
0.000000000000000000e+00
4.258530225342838094e-06
3.639160013335640542e-07
1.506282387708779424e-07
1.372363840346224606e-06
3.256688430042231630e-08
1.150713373476719426e-07
0.000000000000000000e+00
6.549266231559158769e-07
0.000000000000000000e+00
4.341327439760789275e-07
1.794107262753641407e-08
8.118813070723263081e-07
9.245717791372953798e-08
2.458586390030603752e-10
1.288238138386077480e-07
0.000000000000000000e+00
0.000000000000000000e+00
2.459203187754610553e-07
0.000000000000000000e+00
6.693018406167539069e-08
2.681734656562184682e-08
7.059777762385976985e-10
0.000000000000000000e+00
4.559847468499356182e-07
0.000000000000000000e+00
0.000000000000000000e+00
0.000000000000000000e+00
0.000000000000000000e+00
3.070655729686677660e-09
0.000000000000000000e+00
7.808947266596533154e-09
0.000000000000000000e+00
3.370992942564043915e-07
1.692067030489852186e-06
4.483406979005621906e-09
0.000000000000000000e+00
6.715052336403459776e-08
3.364652334525430888e-09
1.879802535853514200e-09
1.840471597347459465e-08
1.304640733224005089e-07
2.794809461192926392e-06
7.972930093913532801e-10
6.074235869846233982e-08
1.896173102977627423e-07
5.798298730042006355e-07
2.767413036508514779e-07
3.897500562288769288e-07
0.000000000000000000e+00
0.000000000000000000e+00
0.000000000000000000e+00
2.550247860111376497e-11
1.089046097746404484e-08
9.954742807849470410e-09
3.646908552923378011e-08
0.000000000000000000e+00
1.798916287043539342e-07
2.160269190198960132e-07
0.000000000000000000e+00
1.203448164233122952e-06
2.434287882380203882e-09
5.060388774680291135e-10
0.000000000000000000e+00
3.623543909370141591e-09
0.000000000000000000e+00
0.000000000000000000e+00
4.885910342977695109e-08
2.355557349176251591e-08
9.883940492727560923e-07
0.000000000000000000e+00
0.000000000000000000e+00
0.000000000000000000e+00
0.000000000000000000e+00
0.000000000000000000e+00
0.000000000000000000e+00
5.347685849699246319e-09
1.614803013527676967e-10
0.000000000000000000e+00
0.000000000000000000e+00
0.000000000000000000e+00
0.000000000000000000e+00
5.806840785993472309e-09
0.000000000000000000e+00
0.000000000000000000e+00
0.000000000000000000e+00
0.000000000000000000e+00
0.000000000000000000e+00
0.000000000000000000e+00
0.000000000000000000e+00
6.777819550052299746e-08
2.125463005597794108e-08
4.584826740483549656e-09
0.000000000000000000e+00
0.000000000000000000e+00
9.403199996427247243e-09
0.000000000000000000e+00
0.000000000000000000e+00
0.000000000000000000e+00
0.000000000000000000e+00
0.000000000000000000e+00
0.000000000000000000e+00
1.328576471060216591e-09
0.000000000000000000e+00
1.559011053586800699e-07
2.202688476060643552e-09
0.000000000000000000e+00
0.000000000000000000e+00
5.465233821055903718e-10
0.000000000000000000e+00
1.266820093270837333e-09
5.390460842136235442e-07
2.475975691140774870e-07
5.658137069985968992e-06
5.919255272601731122e-07
0.000000000000000000e+00
0.000000000000000000e+00
5.278999992697208654e-07
6.181104339475496090e-08
8.623577741673216224e-06
0.000000000000000000e+00
0.000000000000000000e+00
1.168737799162045121e-05
9.282464361604070291e-07
1.575211712179225287e-07
1.364840841233672109e-06
8.959760862126131542e-07
1.393823225726009696e-07
1.922152023325907066e-06
2.774007498373975977e-06
1.487029749114299193e-06
9.663045830166083761e-07
5.618261980089300778e-07
1.050159198712208308e-06
0.000000000000000000e+00
4.366312111869774526e-08
2.437831270185597532e-08
9.872644568531541154e-08
4.773914383804367390e-07
8.742064849798225623e-09
1.716246629257511813e-07
3.612212822190485895e-07
9.054744509739975911e-09
0.000000000000000000e+00
3.839011242234846577e-07
1.104811815366701921e-07
2.741515103821257071e-08
2.235115559301448229e-08
0.000000000000000000e+00
0.000000000000000000e+00
0.000000000000000000e+00
0.000000000000000000e+00
0.000000000000000000e+00
0.000000000000000000e+00
5.680927728235474206e-09
0.000000000000000000e+00
5.409577852333313785e-08
0.000000000000000000e+00
9.392757682746832870e-10
1.560666646582831163e-06
3.794685485974946815e-12
0.000000000000000000e+00
0.000000000000000000e+00
4.636270034552580910e-09
5.551837656270208754e-09
1.260784276979620699e-08
0.000000000000000000e+00
1.339719574389164336e-06
4.500661621165136239e-09
0.000000000000000000e+00
8.129222806019242853e-07
1.432715208693480236e-07
3.256191316580725470e-09
3.279096745245624334e-07
0.000000000000000000e+00
1.896324341998933960e-08
3.337021325933164917e-07
0.000000000000000000e+00
1.779648606259343069e-08
0.000000000000000000e+00
0.000000000000000000e+00
0.000000000000000000e+00
0.000000000000000000e+00
4.064020941996204783e-08
1.627371943868638482e-06
7.917335231866218237e-09
4.105876971749466975e-09
0.000000000000000000e+00
5.075376119378915973e-09
0.000000000000000000e+00
6.634311322528674282e-09
4.534260078514762426e-09
5.148073634053673686e-10
0.000000000000000000e+00
5.051741709394264035e-07
0.000000000000000000e+00
3.493613121463567950e-06
0.000000000000000000e+00
0.000000000000000000e+00
0.000000000000000000e+00
1.162980378666134129e-09
3.785109448095624884e-10
0.000000000000000000e+00
2.036170627661704202e-07
6.141338815268682083e-08
4.508172537498467136e-07
6.456918981712078676e-07
0.000000000000000000e+00
0.000000000000000000e+00
6.549842002101513572e-09
4.571409029097139864e-09
0.000000000000000000e+00
0.000000000000000000e+00
8.714303056933658809e-09
0.000000000000000000e+00
0.000000000000000000e+00
0.000000000000000000e+00
8.503495650680203966e-12
6.094209137330608428e-09
0.000000000000000000e+00
0.000000000000000000e+00
4.913521589600122752e-09
2.391962183878604264e-10
3.111538831035431940e-07
5.540840675166691653e-07
3.054231854093814036e-07
1.661985947976063471e-06
1.666416116208324638e-09
1.150975705854762055e-07
1.641106564420624636e-06
1.171573103420087136e-06
4.052153144584735855e-06
3.250091253903519828e-07
4.367710193520224493e-09
6.119112640590174124e-06
7.187684900600288529e-07
0.000000000000000000e+00
0.000000000000000000e+00
4.026857823191676289e-06
6.417848794626479503e-07
4.973898271032339835e-08
6.289150178417912684e-08
1.172626411971577909e-06
1.750389856169931591e-06
5.475308384461641253e-08
1.565519937685166951e-06
1.018465923152689356e-06
1.184376401397457812e-06
3.100910532793932362e-07
1.383058112480739510e-09
2.318627366548753344e-06
4.562315858436249982e-09
4.689514412348216865e-07
1.351540845462295692e-06
7.700139192934329913e-09
0.000000000000000000e+00
0.000000000000000000e+00
3.085177946449135788e-10
3.858173386106500402e-06
0.000000000000000000e+00
5.484716893988661468e-07
3.082729733705491526e-07
2.925604825065875048e-08
6.434191845983150415e-08
0.000000000000000000e+00
7.498823038076807279e-07
1.245508807201645141e-09
6.081575687488793847e-09
0.000000000000000000e+00
0.000000000000000000e+00
0.000000000000000000e+00
0.000000000000000000e+00
4.532346498109518507e-09
5.375630607318271359e-08
6.750493497520437813e-09
5.633775668201224107e-09
0.000000000000000000e+00
0.000000000000000000e+00
2.496086892733728746e-07
4.319243573913666978e-11
0.000000000000000000e+00
0.000000000000000000e+00
0.000000000000000000e+00
1.075840373232495040e-06
0.000000000000000000e+00
0.000000000000000000e+00
0.000000000000000000e+00
0.000000000000000000e+00
2.441528046404073393e-08
1.113550496256721090e-07
2.956521427677216707e-07
9.240477538696723059e-08
4.432517357599863317e-07
1.263851467925292127e-09
1.536067628649107064e-08
0.000000000000000000e+00
2.243971550797141390e-07
1.198334871332917828e-07
0.000000000000000000e+00
1.290674617848708294e-06
0.000000000000000000e+00
6.375286520921008560e-09
1.189556009251191426e-08
0.000000000000000000e+00
0.000000000000000000e+00
1.308783481590580777e-08
2.324575461898348294e-06
0.000000000000000000e+00
2.197690252003781097e-09
0.000000000000000000e+00
0.000000000000000000e+00
5.120885659959384384e-11
0.000000000000000000e+00
0.000000000000000000e+00
0.000000000000000000e+00
0.000000000000000000e+00
5.927957014151274961e-10
0.000000000000000000e+00
3.242390134161610149e-09
0.000000000000000000e+00
0.000000000000000000e+00
0.000000000000000000e+00
3.143567184338280640e-09
0.000000000000000000e+00
9.968881187205624883e-08
7.591338402335168212e-08
0.000000000000000000e+00
1.230180735056762842e-09
0.000000000000000000e+00
0.000000000000000000e+00
6.421480236440402223e-09
0.000000000000000000e+00
0.000000000000000000e+00
0.000000000000000000e+00
9.851947382899517436e-12
0.000000000000000000e+00
1.909341129646691115e-09
0.000000000000000000e+00
0.000000000000000000e+00
6.698717697872780263e-06
0.000000000000000000e+00
6.799271146107344066e-10
1.065432229552243371e-06
6.390555640223283262e-09
2.031476782349272980e-07
1.712036691969842650e-06
3.250069369187258417e-07
6.501809224346288829e-08
1.138781655640741519e-07
3.943121029692520096e-08
5.310000119607138913e-07
1.022668243422231171e-07
3.192715212207986042e-07
6.926355808900552802e-07
0.000000000000000000e+00
3.943030151276616380e-07
1.455233017422230546e-10
1.077355591405648738e-06
9.410538126530809677e-08
5.260716662291997636e-08
5.364505284433107590e-09
0.000000000000000000e+00
3.842769444872828899e-07
1.417656790181354154e-06
4.840377698656084249e-08
7.456453787746397666e-10
1.254902144864900038e-06
1.045133330990211107e-06
0.000000000000000000e+00
6.391741891320634750e-08
5.739867674492415972e-07
0.000000000000000000e+00
5.631844324227586185e-09
0.000000000000000000e+00
0.000000000000000000e+00
0.000000000000000000e+00
0.000000000000000000e+00
0.000000000000000000e+00
3.037272620076691965e-07
0.000000000000000000e+00
0.000000000000000000e+00
3.047716079507267750e-09
0.000000000000000000e+00
6.324111456734726744e-09
4.464064886633423157e-07
1.408651655765424948e-06
1.865548160395746891e-09
0.000000000000000000e+00
0.000000000000000000e+00
0.000000000000000000e+00
7.116494199488343497e-11
2.082862060603929422e-08
9.472485906769634312e-09
3.406984887988073751e-06
3.209868282283423468e-07
0.000000000000000000e+00
2.018852910623536445e-06
0.000000000000000000e+00
1.324481635478491626e-10
0.000000000000000000e+00
0.000000000000000000e+00
0.000000000000000000e+00
0.000000000000000000e+00
7.551128611282820202e-09
1.205743956234073266e-06
0.000000000000000000e+00
1.568665641826783030e-09
0.000000000000000000e+00
0.000000000000000000e+00
0.000000000000000000e+00
0.000000000000000000e+00
0.000000000000000000e+00
5.010555303996966359e-10
0.000000000000000000e+00
0.000000000000000000e+00
1.681751314208668191e-06
2.498036846820816947e-11
0.000000000000000000e+00
0.000000000000000000e+00
6.277066422200050511e-09
0.000000000000000000e+00
0.000000000000000000e+00
0.000000000000000000e+00
8.407853968606104900e-09
0.000000000000000000e+00
0.000000000000000000e+00
0.000000000000000000e+00
0.000000000000000000e+00
0.000000000000000000e+00
2.598445973944762954e-07
0.000000000000000000e+00
0.000000000000000000e+00
0.000000000000000000e+00
0.000000000000000000e+00
0.000000000000000000e+00
2.710481006307219332e-10
0.000000000000000000e+00
0.000000000000000000e+00
0.000000000000000000e+00
0.000000000000000000e+00
0.000000000000000000e+00
0.000000000000000000e+00
8.668199491523864708e-09
0.000000000000000000e+00
0.000000000000000000e+00
0.000000000000000000e+00
2.068137973765260540e-06
2.328630444026202895e-07
0.000000000000000000e+00
1.456147202816282515e-07
9.740671380598087126e-09
2.109569692265722551e-07
0.000000000000000000e+00
1.187083057629934046e-06
8.897152952158648986e-07
5.009360393160022795e-08
6.446090878853283357e-07
7.266233978953096084e-07
0.000000000000000000e+00
2.071198821340658469e-07
4.017711052739514344e-09
1.117658232629992199e-08
7.858079698053188622e-07
0.000000000000000000e+00
1.158301074610790238e-06
2.270552670324832434e-07
1.295571792070404626e-06
9.045937190421682317e-07
2.632585392348119058e-06
5.194631853555620182e-07
6.981325100241519976e-07
6.915748258506937418e-07
8.196536214200023096e-07
5.650147727465082426e-07
9.803451916923222598e-08
4.006151854696327064e-08
1.544078827464545611e-06
1.287905206481809728e-06
6.081614856157102622e-07
3.102677226252126275e-08
7.946769073896575719e-07
4.857125812662843600e-09
0.000000000000000000e+00
0.000000000000000000e+00
0.000000000000000000e+00
2.796751232381211594e-06
2.376001020820694976e-06
2.197545683202406508e-07
0.000000000000000000e+00
0.000000000000000000e+00
8.307617349601059686e-08
4.289342427910014521e-07
6.581329370369815024e-10
0.000000000000000000e+00
1.539564586927610890e-09
0.000000000000000000e+00
0.000000000000000000e+00
1.538837977932416834e-06
2.332954662787045663e-10
0.000000000000000000e+00
4.975130423190421425e-07
2.850276814569951966e-07
5.826424065435986677e-11
0.000000000000000000e+00
0.000000000000000000e+00
2.665844363036740106e-07
0.000000000000000000e+00
6.591449164261575788e-08
0.000000000000000000e+00
6.294651910820903140e-09
0.000000000000000000e+00
0.000000000000000000e+00
1.311883268684255199e-09
0.000000000000000000e+00
9.721969718157197349e-07
0.000000000000000000e+00
1.676032534980720357e-09
0.000000000000000000e+00
0.000000000000000000e+00
0.000000000000000000e+00
0.000000000000000000e+00
0.000000000000000000e+00
7.356942610670103022e-09
5.211680420558195692e-09
4.151590715650854690e-08
1.124119179962690396e-07
6.287817200245626736e-07
5.544501391341327690e-07
1.183630615742004011e-07
0.000000000000000000e+00
0.000000000000000000e+00
2.481851026914227987e-07
6.441892352881950501e-09
1.356917134209822962e-09
1.123124775403994136e-06
0.000000000000000000e+00
0.000000000000000000e+00
0.000000000000000000e+00
0.000000000000000000e+00
3.510813257889822125e-07
0.000000000000000000e+00
0.000000000000000000e+00
0.000000000000000000e+00
0.000000000000000000e+00
4.254149388316363911e-08
1.587460019436548464e-06
0.000000000000000000e+00
0.000000000000000000e+00
2.473582583206734853e-08
0.000000000000000000e+00
1.525387638423580938e-08
2.529261911021762899e-09
2.660401454690486389e-09
1.628271628639765822e-09
8.914177840324555291e-09
0.000000000000000000e+00
4.057131075541065002e-09
0.000000000000000000e+00
3.594777808757498860e-09
3.528065617430797829e-09
0.000000000000000000e+00
0.000000000000000000e+00
1.951013040013549471e-08
1.862959038589906413e-06
3.958089394018315943e-07
0.000000000000000000e+00
0.000000000000000000e+00
8.452252231450074760e-09
1.084390494066056476e-10
0.000000000000000000e+00
2.172836355285312493e-09
0.000000000000000000e+00
3.611898558020243399e-09
0.000000000000000000e+00
1.019872852836556376e-09
0.000000000000000000e+00
5.902929274270718452e-07
3.824111445283051580e-07
5.313464157552516554e-07
2.091228523681820661e-08
3.663555787625227822e-07
1.243299578845835640e-07
0.000000000000000000e+00
3.181979124633471656e-08
0.000000000000000000e+00
3.487347839836729690e-06
7.742592629256250802e-07
3.680035661091096699e-06
6.503371423605130985e-07
6.278601745179912541e-07
2.280141302435367834e-07
4.014335388546896866e-07
3.131138726075732848e-08
6.542107655604922911e-08
4.101516708487906726e-07
5.476955493577406742e-07
1.414352794881779118e-07
2.787204493870376609e-07
2.234680096080410294e-06
3.564932171684631612e-07
9.415073805030260701e-07
3.108733892531745369e-08
1.049393194563208453e-08
3.708790927703375928e-07
0.000000000000000000e+00
6.577437261512386613e-09
2.678409032341733109e-07
2.036596669086065958e-08
1.206850924972968642e-06
1.780450247679254971e-06
5.798089830477692885e-08
0.000000000000000000e+00
0.000000000000000000e+00
2.012036020460072905e-06
0.000000000000000000e+00
0.000000000000000000e+00
1.065444692471828603e-07
4.143722946992056677e-07
5.817502142235753126e-07
1.233293822622272273e-08
1.315999725193250924e-06
6.988277050368196797e-07
2.139567641279427335e-06
1.797675054149294738e-06
5.759932530935429895e-09
1.724595335872436408e-06
5.141155767773852858e-08
0.000000000000000000e+00
0.000000000000000000e+00
5.506573530489333734e-10
3.133854420411807951e-08
3.779426993588685946e-09
0.000000000000000000e+00
5.074260229775973130e-07
6.646755146277882886e-09
0.000000000000000000e+00
9.720607430097061297e-09
6.499376037361059844e-10
0.000000000000000000e+00
6.005715249557397328e-07
1.174186081698280759e-07
6.312445141251621372e-13
1.552012349748110864e-07
9.175060017296843284e-11
2.034392654337580097e-09
1.967635299138237315e-08
0.000000000000000000e+00
0.000000000000000000e+00
3.135264705633744597e-06
0.000000000000000000e+00
0.000000000000000000e+00
5.868653474294660555e-08
0.000000000000000000e+00
1.135260959017614368e-06
0.000000000000000000e+00
0.000000000000000000e+00
0.000000000000000000e+00
0.000000000000000000e+00
0.000000000000000000e+00
0.000000000000000000e+00
5.226897670240759908e-08
0.000000000000000000e+00
7.096490435287705623e-07
0.000000000000000000e+00
6.627286097682372201e-08
0.000000000000000000e+00
0.000000000000000000e+00
1.014688564282550942e-06
0.000000000000000000e+00
1.812635708198229167e-09
1.369721780442034742e-09
5.301172834037970460e-10
0.000000000000000000e+00
0.000000000000000000e+00
1.546604835311882198e-07
0.000000000000000000e+00
0.000000000000000000e+00
4.017952637269672778e-09
4.685676735505239776e-09
0.000000000000000000e+00
0.000000000000000000e+00
0.000000000000000000e+00
9.421049718127960659e-09
0.000000000000000000e+00
0.000000000000000000e+00
0.000000000000000000e+00
4.541680809211356973e-09
4.191128027741797268e-06
3.321489083774054052e-09
4.618582920556946192e-07
0.000000000000000000e+00
3.787904656604723641e-09
0.000000000000000000e+00
0.000000000000000000e+00
7.413357483443405727e-09
5.135109670817428196e-09
1.350770872932116617e-07
0.000000000000000000e+00
2.132502530116653361e-08
6.154631932986376341e-07
5.481685771968614063e-09
7.827891579381685006e-08
4.568230167478759540e-07
1.312161579392068234e-08
5.665888238581828773e-07
0.000000000000000000e+00
1.925347987707937136e-06
3.844311038392334012e-07
6.896299531433669472e-09
6.055743597244145349e-06
1.072404984370223247e-06
1.737053366923646536e-06
6.575668010100343963e-08
1.878561590729077579e-07
4.226978660426539136e-07
0.000000000000000000e+00
3.229050662412191741e-07
1.343221214256118401e-07
2.169456223555243923e-07
2.713724711611575913e-08
2.119673354172846302e-06
2.283063622599001974e-06
0.000000000000000000e+00
7.907601684564724565e-08
1.197096821670129430e-07
3.089567934821957351e-09
6.749494900759600569e-07
1.163207556942325027e-07
4.289578026117624177e-09
1.173055466097139288e-07
6.624374577768321615e-07
7.410370130855881143e-07
1.361120993692566117e-08
1.549306176684694947e-07
3.642893631194965565e-08
0.000000000000000000e+00
1.053058511502058536e-07
0.000000000000000000e+00
3.561960113529494265e-07
1.275918634746631142e-06
1.421918227606511209e-07
8.822969732591445791e-08
1.055297275343036745e-06
7.324292141674959566e-07
3.331419806684721152e-09
1.056535747778752921e-08
0.000000000000000000e+00
6.714010236663625619e-09
5.969711764919338748e-07
0.000000000000000000e+00
0.000000000000000000e+00
1.388866022189461091e-09
9.009480272936798428e-09
8.889326497119043324e-10
0.000000000000000000e+00
0.000000000000000000e+00
0.000000000000000000e+00
6.284379594490019372e-08
6.154041720662917214e-10
3.274509907669198583e-08
4.680171983295622340e-08
0.000000000000000000e+00
0.000000000000000000e+00
0.000000000000000000e+00
0.000000000000000000e+00
0.000000000000000000e+00
3.724859309883754577e-10
1.505033608850681048e-08
1.168251273497844522e-07
1.215119141306786332e-06
4.948662368775558207e-09
0.000000000000000000e+00
3.133553434508939972e-07
2.075886271768467850e-07
0.000000000000000000e+00
2.386075503846285528e-10
0.000000000000000000e+00
0.000000000000000000e+00
0.000000000000000000e+00
0.000000000000000000e+00
8.891379299491575239e-10
0.000000000000000000e+00
1.675949867774306767e-08
3.834366907540243119e-06
0.000000000000000000e+00
0.000000000000000000e+00
1.564608055559801869e-06
0.000000000000000000e+00
0.000000000000000000e+00
1.875534394457645249e-09
2.776309626639772432e-09
6.056824020106432727e-08
1.357399014523252845e-06
6.893225759085908066e-07
1.405617467753472738e-06
6.709664379656032906e-09
1.992147069529437431e-08
7.888709241399283201e-09
0.000000000000000000e+00
0.000000000000000000e+00
4.195957359343083226e-08
0.000000000000000000e+00
0.000000000000000000e+00
1.198752329401031602e-06
1.198983568428957369e-06
7.066928731092048110e-08
6.962572456359339412e-07
5.619055087890956202e-08
1.432111389476631302e-06
9.750895060278708115e-07
0.000000000000000000e+00
0.000000000000000000e+00
4.316260628911550157e-07
3.636843359799968312e-08
0.000000000000000000e+00
1.487200762539941934e-08
0.000000000000000000e+00
0.000000000000000000e+00
4.938688675792946015e-07
1.520609657745808363e-06
1.428516497981036082e-06
2.605233140329232810e-09
3.249225528634269722e-07
9.811226830969133061e-11
0.000000000000000000e+00
3.187629715739603853e-08
1.082747758118784986e-07
3.765512985864916118e-07
0.000000000000000000e+00
2.244147268015694863e-08
0.000000000000000000e+00
8.620386893198883627e-08
8.944612659433914814e-07
3.215516075627533610e-09
2.762581743809278123e-06
8.160342623853011901e-09
1.283617052649788093e-07
4.170631484612385975e-08
2.867157718355883844e-06
5.434733907350164372e-07
0.000000000000000000e+00
2.018838358708308078e-07
0.000000000000000000e+00
1.636501707480420009e-07
0.000000000000000000e+00
1.480166100797930540e-09
0.000000000000000000e+00
4.044328871799507397e-09
0.000000000000000000e+00
0.000000000000000000e+00
0.000000000000000000e+00
7.880411345695392811e-08
5.642316391885060511e-09
0.000000000000000000e+00
0.000000000000000000e+00
0.000000000000000000e+00
3.821240823764782135e-10
0.000000000000000000e+00
0.000000000000000000e+00
0.000000000000000000e+00
1.313532322910759831e-07
4.896190050618365319e-11
4.491973371045787644e-08
0.000000000000000000e+00
0.000000000000000000e+00
0.000000000000000000e+00
3.249590236009680666e-06
1.384555616823490709e-06
6.256319906583485135e-10
0.000000000000000000e+00
0.000000000000000000e+00
0.000000000000000000e+00
4.604076195846573683e-07
0.000000000000000000e+00
3.567364217360591283e-07
0.000000000000000000e+00
0.000000000000000000e+00
5.139626864547608420e-06
1.624134853273062618e-07
4.213914550632580358e-09
1.605809582527761847e-11
0.000000000000000000e+00
0.000000000000000000e+00
0.000000000000000000e+00
2.990812930647734902e-09
0.000000000000000000e+00
4.061153635603886869e-09
0.000000000000000000e+00
0.000000000000000000e+00
4.203040475658781361e-07
8.754496572116465813e-10
1.388152814918441891e-09
0.000000000000000000e+00
8.207003077131957980e-09
0.000000000000000000e+00
8.832292675009512095e-10
2.634519375988020329e-07
5.875623987350309108e-09
0.000000000000000000e+00
8.276104246363047423e-09
1.321505465057271067e-07
0.000000000000000000e+00
0.000000000000000000e+00
0.000000000000000000e+00
0.000000000000000000e+00
0.000000000000000000e+00
0.000000000000000000e+00
0.000000000000000000e+00
0.000000000000000000e+00
4.700595113149574900e-08
1.645552805129568696e-09
3.915872959225907834e-09
0.000000000000000000e+00
2.593834324216004461e-06
0.000000000000000000e+00
1.660984544349375369e-10
0.000000000000000000e+00
0.000000000000000000e+00
2.599912022560602054e-06
0.000000000000000000e+00
1.172338404131778589e-08
0.000000000000000000e+00
0.000000000000000000e+00
0.000000000000000000e+00
2.865704784582590037e-09
5.976847905486692980e-09
7.741733497823588550e-06
4.015183492356300121e-07
3.150964175802073441e-06
1.006401475933671463e-06
8.690106056974400417e-08
3.980408109782729298e-07
4.297732516533869784e-07
0.000000000000000000e+00
1.567511958455725107e-06
2.203556022095654043e-07
1.048329636432754342e-06
7.231233944970938410e-10
5.956496806902578101e-06
9.931452495948178694e-07
4.743971260268153856e-08
6.078747105675574858e-08
6.088098416512366384e-07
1.367148911413096357e-06
0.000000000000000000e+00
3.355787203673799013e-09
1.803631022312401910e-07
3.286720229311868025e-08
1.177892272608005442e-06
3.828673698080820031e-07
4.940769144923251588e-07
5.526655133536451103e-09
1.143727317298726120e-07
1.264914715193299344e-07
1.349846343146055005e-06
0.000000000000000000e+00
0.000000000000000000e+00
3.569747608622719781e-09
9.744414164458703453e-10
2.517741215513069619e-08
2.499206397388320511e-09
4.191353752958093537e-07
8.558855846274582291e-09
0.000000000000000000e+00
7.953064482535410207e-07
6.573858399860910140e-07
6.965717602724907920e-07
2.300208379324431007e-08
2.617299799112515757e-07
0.000000000000000000e+00
0.000000000000000000e+00
5.310688422355269722e-08
0.000000000000000000e+00
0.000000000000000000e+00
1.060960386212173034e-07
7.726124806595180416e-08
0.000000000000000000e+00
0.000000000000000000e+00
0.000000000000000000e+00
9.834155711985204107e-10
6.681063524638375384e-08
0.000000000000000000e+00
1.965328010555822402e-06
0.000000000000000000e+00
7.000408253077239351e-09
0.000000000000000000e+00
5.239788603006445555e-10
9.519973254157321207e-09
0.000000000000000000e+00
0.000000000000000000e+00
4.852563351143146519e-10
4.794680990016786382e-07
0.000000000000000000e+00
0.000000000000000000e+00
0.000000000000000000e+00
2.752442185283143772e-07
0.000000000000000000e+00
0.000000000000000000e+00
0.000000000000000000e+00
6.420435028076099115e-08
8.609644552848294552e-09
2.245405816836409940e-08
5.639107598653936293e-07
3.711481213031220250e-06
5.084846321778968559e-09
1.161330374088720419e-07
4.994137725589098409e-08
0.000000000000000000e+00
0.000000000000000000e+00
0.000000000000000000e+00
3.681019489221171170e-09
0.000000000000000000e+00
5.508792000341600215e-08
2.050398677511111600e-07
0.000000000000000000e+00
5.011834502965939464e-08
0.000000000000000000e+00
0.000000000000000000e+00
0.000000000000000000e+00
0.000000000000000000e+00
4.580662960051995469e-09
1.708170671577136090e-08
1.550684487483522389e-07
0.000000000000000000e+00
0.000000000000000000e+00
0.000000000000000000e+00
0.000000000000000000e+00
3.912834500852113706e-09
1.116989210458996240e-06
0.000000000000000000e+00
6.595124446562294906e-09
0.000000000000000000e+00
0.000000000000000000e+00
2.565318624192514108e-08
2.644741528001759434e-07
4.768724082282460586e-08
4.545925378351967083e-07
2.525247388973639318e-08
1.181667830252308704e-08
9.636780617938711657e-08
8.606827464063826483e-07
0.000000000000000000e+00
7.513130384495525504e-08
4.391637048684060574e-06
8.399145372095517814e-06
1.180090384877985343e-05
5.626103529721149243e-07
8.239361704909242690e-06
2.736319402174558491e-07
1.260693238691601437e-07
0.000000000000000000e+00
3.694471786275244085e-07
6.375690873028361239e-07
1.845200472416763660e-07
2.729899733822094277e-06
2.294155137860798277e-06
1.062016053765546530e-06
1.160739088845730294e-06
2.067307462993994704e-07
1.307422166973992717e-06
1.430402352120552223e-09
1.128346752921061125e-06
4.635443815459439065e-07
1.017920794765814207e-06
2.901459197346412111e-07
1.215755787598027382e-06
2.361261230987565796e-08
9.270839207431436080e-09
1.159541511697170790e-06
3.175074425598722883e-08
5.360805688248149181e-10
5.230101578490575776e-07
2.810174315470703732e-10
0.000000000000000000e+00
3.823307004324760783e-09
0.000000000000000000e+00
1.532911142021475825e-06
1.428850460172270687e-08
0.000000000000000000e+00
0.000000000000000000e+00
8.297924014577517937e-10
3.717398389113668600e-09
0.000000000000000000e+00
0.000000000000000000e+00
0.000000000000000000e+00
5.065513732915860601e-07
4.663904373813920756e-09
0.000000000000000000e+00
0.000000000000000000e+00
9.715923852127161808e-07
1.890697660655860091e-07
0.000000000000000000e+00
3.135566544187895488e-07
1.126853703681263141e-06
4.838351586045064323e-08
0.000000000000000000e+00
1.454560106139979325e-06
0.000000000000000000e+00
0.000000000000000000e+00
0.000000000000000000e+00
4.749005881876655621e-07
7.538564772424649618e-10
2.356648849399789469e-07
0.000000000000000000e+00
0.000000000000000000e+00
3.195993122928619812e-11
0.000000000000000000e+00
0.000000000000000000e+00
0.000000000000000000e+00
0.000000000000000000e+00
6.058306079026465341e-10
0.000000000000000000e+00
0.000000000000000000e+00
8.093373971007622458e-09
0.000000000000000000e+00
0.000000000000000000e+00
0.000000000000000000e+00
6.593972479151943844e-09
1.776874341885559261e-06
1.919493008983863547e-09
0.000000000000000000e+00
1.243884817370144447e-08
0.000000000000000000e+00
2.064766552178909365e-10
5.416408725977817085e-07
7.814526981064773281e-08
1.414242750685801298e-10
0.000000000000000000e+00
1.659720183511126379e-08
0.000000000000000000e+00
0.000000000000000000e+00
0.000000000000000000e+00
2.377528431907194317e-07
1.357873884444416035e-06
2.012344779700470099e-08
2.721263037130938756e-08
0.000000000000000000e+00
4.015610954866133397e-08
1.926747827951658110e-08
2.054716787824872881e-07
1.830162091209786013e-06
5.029185672356106807e-07
0.000000000000000000e+00
0.000000000000000000e+00
2.118663076089433162e-07
3.523683389516918396e-08
5.840636276843724772e-07
2.884317495954746846e-07
7.552859671022815746e-08
0.000000000000000000e+00
1.270326919211584027e-07
2.975271797822642839e-07
0.000000000000000000e+00
3.003342499141581357e-07
0.000000000000000000e+00
8.896406598069006577e-07
2.081846730561665026e-07
1.424249603587668389e-06
1.074142915058473591e-06
1.843358290898322593e-06
2.712149580474942923e-07
2.609590943336570490e-08
5.845736783527399894e-09
7.551576253206349065e-09
0.000000000000000000e+00
1.197137066810682882e-06
3.074770438260543415e-10
0.000000000000000000e+00
0.000000000000000000e+00
1.223880161660417798e-07
6.222303454705979675e-07
1.368851030747464392e-06
1.793496835489349905e-06
7.727704200988227967e-07
1.011015937635306727e-09
7.317881909330026247e-07
1.340372477898199577e-06
7.381353861468653577e-10
0.000000000000000000e+00
0.000000000000000000e+00
2.329805459666545175e-09
0.000000000000000000e+00
0.000000000000000000e+00
3.888326993717328151e-09
5.554185111833476185e-09
0.000000000000000000e+00
0.000000000000000000e+00
0.000000000000000000e+00
0.000000000000000000e+00
0.000000000000000000e+00
5.475044861924516226e-09
0.000000000000000000e+00
0.000000000000000000e+00
0.000000000000000000e+00
8.643061022439724184e-08
0.000000000000000000e+00
4.133523816562956199e-07
6.843644229093115428e-08
4.240490736329149968e-10
1.377739144992062847e-09
5.287738247261586366e-08
6.729069355060346425e-07
0.000000000000000000e+00
4.033001005154801533e-06
2.583005027645413065e-07
8.551763741593276791e-09
4.084038440765880296e-09
0.000000000000000000e+00
0.000000000000000000e+00
2.513257584269013023e-07
1.767238018146599643e-07
1.648269298826221529e-09
2.876773486093497922e-09
4.380574407988196972e-13
9.223258601309680671e-09
2.457150571899546776e-07
0.000000000000000000e+00
2.665353493469524437e-09
2.928056908046983153e-09
3.225157474417983394e-09
0.000000000000000000e+00
4.861511887499503359e-11
0.000000000000000000e+00
0.000000000000000000e+00
0.000000000000000000e+00
2.600352821957585547e-09
0.000000000000000000e+00
4.236941464341725805e-09
0.000000000000000000e+00
2.055848158377671098e-09
0.000000000000000000e+00
8.691236175195626856e-09
0.000000000000000000e+00
0.000000000000000000e+00
1.861893224486266263e-06
6.888718218078793143e-08
4.947538627675385214e-07
0.000000000000000000e+00
0.000000000000000000e+00
8.590414601883367141e-09
1.844974484299655160e-08
0.000000000000000000e+00
0.000000000000000000e+00
0.000000000000000000e+00
0.000000000000000000e+00
0.000000000000000000e+00
0.000000000000000000e+00
1.250739245506338193e-07
0.000000000000000000e+00
1.073691091590944779e-08
3.664250414203706896e-07
8.640443411422893405e-06
4.743360761949588777e-07
3.836784685518068727e-07
7.708006251050392166e-07
8.802387014839041512e-07
4.451414383765950333e-07
2.074850158351182472e-07
1.406425127470356529e-07
5.526173367798037361e-07
4.372821749143440684e-08
5.912850724598683883e-07
3.540129023260618624e-10
2.959207904495997354e-06
1.253783299404176432e-09
1.157638735094224103e-06
4.601500222634058446e-06
5.787484269603737630e-07
1.005246190288744401e-06
1.817251131797092967e-07
5.496852736541768536e-06
0.000000000000000000e+00
7.117340317108755698e-08
8.779892368693253957e-07
1.507321485405554995e-06
6.547449249438841434e-09
2.883922718410758534e-07
8.103317128416165360e-09
9.386373622799482064e-11
5.847607398301590820e-10
0.000000000000000000e+00
0.000000000000000000e+00
0.000000000000000000e+00
0.000000000000000000e+00
4.985238000188019214e-09
2.511621914891293272e-07
1.386384155921405181e-06
5.492458967637503520e-07
0.000000000000000000e+00
1.910941364258178510e-06
3.415556548702625150e-08
0.000000000000000000e+00
4.427328903489069489e-08
1.769609880852840433e-08
0.000000000000000000e+00
4.053908320145183097e-10
1.371018854001704312e-08
9.467717063671443611e-07
0.000000000000000000e+00
5.506722189352331043e-09
1.027309053824865259e-06
0.000000000000000000e+00
0.000000000000000000e+00
7.046092154183725143e-09
2.752820860152382920e-09
0.000000000000000000e+00
0.000000000000000000e+00
2.652179142970112480e-09
3.101389012272193213e-08
3.963981143328965118e-09
0.000000000000000000e+00
0.000000000000000000e+00
1.213847440340032335e-07
5.560995219866526895e-08
0.000000000000000000e+00
1.336355765629848591e-11
0.000000000000000000e+00
7.991956429975743958e-09
0.000000000000000000e+00
0.000000000000000000e+00
5.744627440407157337e-09
0.000000000000000000e+00
0.000000000000000000e+00
1.694763682280608919e-06
0.000000000000000000e+00
0.000000000000000000e+00
3.784902613546137218e-09
2.911092906288104132e-06
3.182950877089751884e-06
4.522453078692478812e-09
5.882879605678681401e-08
6.251125910239352379e-07
3.473239758022828028e-06
0.000000000000000000e+00
0.000000000000000000e+00
6.942983645785716362e-07
0.000000000000000000e+00
1.292601723434927408e-07
1.241019447206781479e-07
9.147818218480097130e-07
2.794491535951237893e-07
7.096197350620059296e-06
3.701292598634609021e-06
8.743324997340096161e-07
1.572000883243163116e-06
8.846894883340894467e-10
3.273740674103464698e-07
0.000000000000000000e+00
3.794777967414120212e-07
2.274685044767466024e-07
7.977323548402637243e-07
1.998849256779067218e-06
0.000000000000000000e+00
5.728130503257489181e-08
0.000000000000000000e+00
6.657693774059225689e-08
1.632838234399969224e-06
6.397904144250787795e-07
5.188116602994341520e-10
2.066613973283892847e-07
5.470851647260133177e-07
6.039301059246326986e-09
0.000000000000000000e+00
1.492879775355504535e-08
6.781860406590567436e-09
8.758916578699427191e-07
7.694870873820036650e-07
2.476384963756572688e-07
2.054345486612874083e-06
0.000000000000000000e+00
0.000000000000000000e+00
6.248719273571623489e-06
0.000000000000000000e+00
1.461644938416384321e-08
7.937292423321196111e-08
1.585359825639898190e-07
1.028822907755966298e-06
0.000000000000000000e+00
8.645440630061784759e-08
3.810278883520368254e-07
2.210639848954087938e-08
2.367723128671173072e-09
2.607786342423423775e-08
2.389761675658519380e-06
9.015415258772918605e-08
0.000000000000000000e+00
1.878705120361701120e-06
7.915484161458152812e-07
1.352291967293695052e-08
0.000000000000000000e+00
1.661625645965614240e-07
4.188043476460734382e-07
1.601646999915828928e-06
0.000000000000000000e+00
1.374499305484278011e-07
0.000000000000000000e+00
7.012206992840219755e-07
2.436818569151455449e-08
2.034678345808060840e-06
1.875251314231718425e-06
6.710929483233485371e-06
0.000000000000000000e+00
1.220294734594062902e-06
9.765616368895280175e-07
2.399085815341095440e-06
3.052632848721259506e-07
0.000000000000000000e+00
6.888531629556382541e-07
1.305445607613364700e-06
1.260096837540913839e-06
3.371549439634691225e-07
1.287089759216542006e-07
2.415615938389237272e-07
1.230679799846257083e-06
0.000000000000000000e+00
1.685798906692070886e-06
4.126120245473430259e-07
1.663753664615796879e-06
1.131874910242913757e-06
8.452287147520110011e-06
5.520931836144882254e-07
1.118382897402625531e-06
3.873116938279963506e-08
0.000000000000000000e+00
2.053569048143799591e-08
6.186648988659726456e-07
6.486648373993375571e-08
1.581282845108944457e-06
4.701378486515750410e-08
1.346725486683908457e-08
5.095755000183999073e-07
2.736904569644593721e-08
1.702103276102207019e-07
0.000000000000000000e+00
5.251059587152440145e-09
0.000000000000000000e+00
8.561497288894770463e-09
9.553239266324453638e-08
1.750916922560463718e-08
1.499593480502880993e-07
1.402370930492224943e-08
1.522362680361766252e-09
1.073222648528826539e-07
1.673470819696376566e-07
6.304559985181867887e-09
0.000000000000000000e+00
1.459691674199348199e-07
3.493228106776768982e-08
1.622880034801710281e-07
0.000000000000000000e+00
3.638592005472673918e-08
7.670440140827849973e-07
3.771874368396765931e-09
2.613673473206290510e-07
2.664866940449428512e-07
0.000000000000000000e+00
0.000000000000000000e+00
1.718560582730788155e-08
1.152363449108406712e-08
0.000000000000000000e+00
0.000000000000000000e+00
4.416729204592684255e-09
2.089671324867481417e-09
5.612610110006244213e-08
0.000000000000000000e+00
1.183101687729504192e-07
1.683102901495203696e-08
0.000000000000000000e+00
0.000000000000000000e+00
1.966836249422954097e-09
9.862157313023089955e-09
8.373377227144374046e-07
0.000000000000000000e+00
1.096368350772536360e-06
2.756442540885473136e-08
0.000000000000000000e+00
0.000000000000000000e+00
0.000000000000000000e+00
1.791583486010495108e-07
3.161591877187674982e-08
0.000000000000000000e+00
3.687323442136403173e-07
1.923267660686178715e-07
0.000000000000000000e+00
1.829719451507116901e-07
2.777368877104890998e-07
3.063037752326636110e-07
2.501845131064328598e-08
3.646919140010140836e-06
1.659860231484344695e-06
0.000000000000000000e+00
4.303151968088059220e-07
9.385887551616178825e-07
2.807205419230740517e-07
8.594717542109719943e-07
1.150415940287530248e-07
5.650075962648770656e-10
2.511114189474028535e-06
9.877495443788575358e-08
5.531333613362221513e-09
8.313313628605101258e-07
6.162275099086400587e-07
0.000000000000000000e+00
1.696496497061161790e-06
1.168296762443787884e-06
4.637138228957837782e-09
1.469986159463587683e-07
0.000000000000000000e+00
2.439789113850565627e-06
3.161949990726498072e-08
7.259667199832620099e-06
7.452816248587623704e-07
4.226939722684619483e-07
5.239034450710278179e-08
0.000000000000000000e+00
0.000000000000000000e+00
0.000000000000000000e+00
2.269974856972112320e-06
0.000000000000000000e+00
1.073791011663161044e-07
5.479404485697614291e-09
0.000000000000000000e+00
0.000000000000000000e+00
0.000000000000000000e+00
0.000000000000000000e+00
3.665783410156109312e-08
0.000000000000000000e+00
0.000000000000000000e+00
0.000000000000000000e+00
0.000000000000000000e+00
0.000000000000000000e+00
0.000000000000000000e+00
1.219295455712199328e-07
7.040647620470963375e-09
0.000000000000000000e+00
3.736323961334164778e-08
1.111071901149784935e-09
0.000000000000000000e+00
0.000000000000000000e+00
1.203957200601735167e-08
1.320498849155526955e-10
1.515899228365924500e-08
3.563683037555165356e-07
0.000000000000000000e+00
4.542262558970833197e-06
2.271673793075024150e-06
1.399586011530118412e-07
0.000000000000000000e+00
1.084539014151175707e-09
6.108111278990691062e-07
1.250254399565164931e-06
5.514930290217989750e-09
8.609428192585255601e-08
0.000000000000000000e+00
0.000000000000000000e+00
3.713740870381343484e-09
1.570750828250311315e-05
2.899410674217506312e-06
1.139357479473801504e-07
2.525679065001895651e-06
1.623728508093336131e-06
2.916210632974980399e-07
8.237867632487905212e-07
1.713306971851125127e-07
1.638670852344148443e-07
8.620136782155896071e-08
3.601571165745554026e-07
7.334973588513094001e-07
9.285092694710783690e-09
1.124980286704158061e-08
8.934304673857695889e-08
3.313436991447815672e-08
5.046074136316747172e-08
0.000000000000000000e+00
2.257049130927057945e-10
4.445932972885202616e-06
0.000000000000000000e+00
2.568635304456279300e-09
0.000000000000000000e+00
3.007588844639030867e-08
0.000000000000000000e+00
0.000000000000000000e+00
2.038634875134448521e-06
6.538991328852716833e-06
0.000000000000000000e+00
8.176615295951705775e-08
0.000000000000000000e+00
0.000000000000000000e+00
3.335329950004961574e-07
3.244789548162430037e-09
6.321373291484633228e-08
4.050288566759263631e-07
2.359101136661934106e-09
6.234144755978832109e-09
0.000000000000000000e+00
0.000000000000000000e+00
0.000000000000000000e+00
0.000000000000000000e+00
0.000000000000000000e+00
0.000000000000000000e+00
0.000000000000000000e+00
7.020102543719985988e-07
2.878899465486028930e-07
3.218613073840970173e-06
0.000000000000000000e+00
9.283672497417683189e-09
1.571141524436825421e-06
2.405521115633746376e-09
4.820043475461943672e-09
1.391998183386533583e-09
2.235990059773484973e-09
4.456172320033147116e-09
2.257072861944209308e-10
9.601451012031247956e-08
1.137569185516440484e-07
0.000000000000000000e+00
4.735840608560692999e-09
4.689195876039775612e-08
2.252801278856964018e-09
3.429491925999172963e-07
2.223595707562253665e-08
0.000000000000000000e+00
3.220415223381678516e-08
5.922801360469520660e-09
7.052462613899024291e-09
1.630653656548020081e-08
3.187976972185424529e-06
0.000000000000000000e+00
4.416309984378585796e-09
1.017258455249248073e-08
1.262811100133376385e-08
3.095347267390025081e-07
3.424233625537453918e-07
0.000000000000000000e+00
7.894776103967160452e-07
4.197844191367039457e-06
9.785665611161675770e-08
1.303592966905853245e-07
1.265025161956145894e-06
0.000000000000000000e+00
5.353076630854047835e-07
5.139853328728349879e-06
3.408455597764259437e-07
0.000000000000000000e+00
2.797700744849862531e-06
4.667311159778364527e-08
9.854984384105591744e-09
2.190472336849325075e-08
1.700310647834157862e-08
1.212285525298284483e-07
2.858948846551356837e-06
5.021445304009830579e-07
0.000000000000000000e+00
6.743975689005310414e-08
6.790514817112125456e-07
0.000000000000000000e+00
1.739355070640158374e-06
2.400492746801319299e-07
0.000000000000000000e+00
4.199756098444140662e-09
4.144802971950412029e-07
3.518870244079153053e-06
6.827077925208868692e-08
0.000000000000000000e+00
4.834941336184783722e-10
2.135154545612749644e-06
2.241324459362203925e-08
5.116414740768959746e-07
8.060913501140021253e-07
1.680077446053473977e-07
5.777230427383983624e-08
5.061978392006949434e-09
0.000000000000000000e+00
3.085632727106712991e-07
0.000000000000000000e+00
0.000000000000000000e+00
5.887453426112188026e-06
0.000000000000000000e+00
1.739798335620434955e-06
1.606137445264721464e-08
1.631241275390493684e-07
7.089455689168744357e-09
9.868792449907459741e-10
4.798597274202620611e-06
4.238666750921993298e-09
3.113723892056441400e-07
0.000000000000000000e+00
3.151500749254410039e-08
0.000000000000000000e+00
1.305288210851074382e-09
1.092445245376438834e-07
6.222495407826045266e-09
7.328937901007748223e-09
9.150724622486450244e-07
0.000000000000000000e+00
1.170804875272324352e-08
6.316019153018714860e-06
3.233115535294928122e-07
9.601883732557325857e-09
0.000000000000000000e+00
8.066726842059779301e-09
4.061461389426312962e-09
0.000000000000000000e+00
1.269939730264013633e-06
9.590506167000967253e-09
0.000000000000000000e+00
0.000000000000000000e+00
0.000000000000000000e+00
0.000000000000000000e+00
9.978036814572988078e-07
0.000000000000000000e+00
0.000000000000000000e+00
0.000000000000000000e+00
9.218383638653904200e-07
1.925842818550904667e-09
2.179131985968751906e-09
1.228739563430281123e-07
9.327384731250276673e-08
3.251302782558695981e-09
0.000000000000000000e+00
1.257631083717569709e-07
9.345727747245291539e-09
1.505681801461378200e-08
1.038849131873575971e-05
7.639885168941873417e-09
0.000000000000000000e+00
0.000000000000000000e+00
8.312913450936321169e-07
0.000000000000000000e+00
1.537293456976840389e-07
0.000000000000000000e+00
7.490690734357485780e-08
1.221872480527963489e-06
0.000000000000000000e+00
6.176601452523300395e-09
4.847685275422008999e-08
1.567931384727216937e-08
2.929372158178011887e-07
0.000000000000000000e+00
2.307345766894286498e-06
0.000000000000000000e+00
4.614192903318325989e-07
1.487720055592944846e-06
7.309861871362954844e-07
9.212604368258325849e-07
8.578945767112600151e-07
1.695444439064885955e-06
1.084919745153456461e-06
7.872539953268642421e-09
0.000000000000000000e+00
0.000000000000000000e+00
3.724946351368885189e-09
6.391245506165432744e-07
3.409364239814749453e-07
0.000000000000000000e+00
1.026936615744489245e-06
3.446800747042289004e-06
1.331317776021023747e-07
0.000000000000000000e+00
0.000000000000000000e+00
1.202408128619936178e-07
4.547765115603397135e-07
2.044894809039021766e-10
0.000000000000000000e+00
2.108241119458398316e-07
1.627216477118054172e-07
0.000000000000000000e+00
1.433980543197321822e-07
6.462057555722822144e-09
0.000000000000000000e+00
4.554517651911282883e-09
1.261372801764082396e-07
0.000000000000000000e+00
0.000000000000000000e+00
6.178682898649867639e-09
1.372445552760837018e-07
8.055731086642481387e-07
1.918551930657486082e-07
2.298401113876025192e-07
0.000000000000000000e+00
0.000000000000000000e+00
0.000000000000000000e+00
0.000000000000000000e+00
7.381665056982456008e-08
7.499533438704020227e-09
0.000000000000000000e+00
4.457087854348174005e-08
0.000000000000000000e+00
1.614798321725174901e-07
3.169801643387870627e-10
0.000000000000000000e+00
0.000000000000000000e+00
0.000000000000000000e+00
0.000000000000000000e+00
6.973210133764951024e-07
6.378543844220985193e-07
0.000000000000000000e+00
0.000000000000000000e+00
0.000000000000000000e+00
6.625982873487146207e-09
0.000000000000000000e+00
0.000000000000000000e+00
0.000000000000000000e+00
0.000000000000000000e+00
0.000000000000000000e+00
0.000000000000000000e+00
1.513657707619131543e-06
1.083211298436026482e-09
0.000000000000000000e+00
0.000000000000000000e+00
0.000000000000000000e+00
0.000000000000000000e+00
0.000000000000000000e+00
1.654471361689502373e-06
0.000000000000000000e+00
0.000000000000000000e+00
1.651726222462457372e-08
0.000000000000000000e+00
3.166852380331874883e-08
0.000000000000000000e+00
2.839590074188436120e-08
2.187115599738831406e-09
1.368200770457406179e-07
5.785765821997301828e-08
0.000000000000000000e+00
3.891350388585124165e-07
4.130028798954299418e-07
1.096335381589597091e-05
0.000000000000000000e+00
4.002805781055940315e-06
0.000000000000000000e+00
6.649613055742520373e-07
3.549695293258992024e-07
1.574615140498281107e-07
1.521912196267294348e-07
0.000000000000000000e+00
3.304102733636682387e-07
1.326747489649449108e-09
0.000000000000000000e+00
4.143876140005886555e-07
8.608829205059009837e-09
1.510194778120421688e-07
1.196164731709359330e-07
4.008246889952715719e-08
7.445704053310464587e-09
7.987478767290667747e-08
0.000000000000000000e+00
1.185072591169955558e-07
9.148454771512604111e-10
6.287077098932059016e-07
1.810030516935512424e-05
0.000000000000000000e+00
5.317535567428421928e-08
0.000000000000000000e+00
1.261539921415533172e-07
2.279672983718228352e-08
1.904685689169127727e-07
1.439174326378633850e-07
8.037072518618515460e-08
4.448012802527046006e-08
3.485156639726483263e-06
2.411382915568083263e-08
1.411626442404667614e-07
8.024282038832097896e-08
0.000000000000000000e+00
3.291095254098763689e-07
0.000000000000000000e+00
0.000000000000000000e+00
0.000000000000000000e+00
0.000000000000000000e+00
7.838676374660735746e-09
5.978486115054693073e-07
0.000000000000000000e+00
0.000000000000000000e+00
6.913872852010172210e-08
8.978746635079914995e-09
0.000000000000000000e+00
1.178521502609441995e-09
7.459636890416732058e-07
1.930807229655329138e-06
0.000000000000000000e+00
2.666488585489901197e-09
7.308622116397600621e-07
0.000000000000000000e+00
0.000000000000000000e+00
0.000000000000000000e+00
0.000000000000000000e+00
4.977943390827022085e-09
6.879727898478904535e-09
0.000000000000000000e+00
9.126323696762028703e-09
0.000000000000000000e+00
0.000000000000000000e+00
6.530860474640576285e-08
3.327177466871944489e-07
6.838631065875233617e-07
4.995362701265548822e-07
0.000000000000000000e+00
0.000000000000000000e+00
0.000000000000000000e+00
6.160422003631538246e-07
1.396507798290258506e-09
2.441053084112354554e-07
0.000000000000000000e+00
0.000000000000000000e+00
0.000000000000000000e+00
3.491963385116036989e-09
4.354212279622515780e-08
0.000000000000000000e+00
0.000000000000000000e+00
0.000000000000000000e+00
2.167066748270940479e-09
0.000000000000000000e+00
0.000000000000000000e+00
1.231180135619069915e-06
0.000000000000000000e+00
0.000000000000000000e+00
8.125998363084363518e-08
6.486818193707222235e-09
6.391802642724542238e-09
1.654543098084104713e-07
1.138334596362255979e-06
5.354001473278913181e-07
3.713937815064127790e-07
1.390279862789611798e-06
1.056799945331476920e-07
4.311181101002148353e-07
2.799810545184300281e-06
2.729252628341782838e-07
5.671496410286636092e-07
7.330791618187504355e-08
2.721689007501026936e-08
0.000000000000000000e+00
1.879835394902329426e-06
1.565478697784783435e-07
9.137787415625098220e-09
4.100237660509264970e-08
0.000000000000000000e+00
8.685935313224035781e-07
1.480264266717767896e-08
1.961709870101913111e-07
1.357532397605609731e-07
1.061227635545947123e-06
6.200804136824444868e-07
1.688175998992846871e-08
2.910823013735353015e-07
4.302166800584927842e-08
0.000000000000000000e+00
6.947684738634052337e-08
6.604340683225018438e-07
1.182455307002783229e-07
0.000000000000000000e+00
4.299049727318760006e-10
1.337233584308705758e-06
0.000000000000000000e+00
0.000000000000000000e+00
2.615506977665660315e-10
0.000000000000000000e+00
9.514189436288233992e-10
0.000000000000000000e+00
1.211302560477633961e-07
6.868418722660862841e-09
0.000000000000000000e+00
1.754324216562963556e-06
6.318275609373813495e-07
3.698831733345286921e-06
1.505131486112532002e-08
0.000000000000000000e+00
0.000000000000000000e+00
4.615760218484865618e-08
4.270467979239356282e-09
0.000000000000000000e+00
1.696006945994810167e-10
1.198481203168455522e-09
0.000000000000000000e+00
6.914621053510927595e-08
8.801541162561932197e-10
1.174393360336978276e-10
0.000000000000000000e+00
0.000000000000000000e+00
0.000000000000000000e+00
0.000000000000000000e+00
0.000000000000000000e+00
0.000000000000000000e+00
1.831234364146894222e-08
0.000000000000000000e+00
0.000000000000000000e+00
1.096475910067340465e-09
0.000000000000000000e+00
1.815597450161021698e-08
0.000000000000000000e+00
4.319468338565002341e-09
0.000000000000000000e+00
4.801208319804572966e-09
0.000000000000000000e+00
3.632539824494074310e-09
0.000000000000000000e+00
5.523240087512704122e-09
3.296092287996543746e-09
4.384428820003449800e-09
1.028645968403907318e-08
0.000000000000000000e+00
0.000000000000000000e+00
5.932244562245614361e-08
1.355939693858942974e-09
0.000000000000000000e+00
1.474917521449015112e-09
5.953738835273725272e-09
0.000000000000000000e+00
8.899645109750053962e-08
2.037309698721401219e-08
0.000000000000000000e+00
4.310217516234615687e-09
3.577267762011615559e-07
0.000000000000000000e+00
0.000000000000000000e+00
0.000000000000000000e+00
0.000000000000000000e+00
2.892005301902145220e-09
0.000000000000000000e+00
0.000000000000000000e+00
0.000000000000000000e+00
9.854604909875774865e-10
0.000000000000000000e+00
0.000000000000000000e+00
0.000000000000000000e+00
7.299677751149147298e-09
1.348773093212685126e-08
7.990302641758262325e-09
0.000000000000000000e+00
3.339926779588608952e-09
0.000000000000000000e+00
8.521686467588551750e-09
0.000000000000000000e+00
0.000000000000000000e+00
8.754585500980738288e-09
0.000000000000000000e+00
0.000000000000000000e+00
1.577321745438453604e-10
2.010178468125900508e-09
3.683490845673986769e-09
8.358461700552766160e-10
9.956627522456074075e-09
3.865003872505212712e-09
4.174859569161526451e-09
2.668761567292676773e-07
0.000000000000000000e+00
1.297236212849384174e-05
7.971396343009473640e-08
2.315511665074154735e-06
1.236301272911077831e-06
1.818919940888008568e-06
0.000000000000000000e+00
6.059265977853556251e-09
1.217327053382177837e-06
3.324812496430240571e-06
1.804264456950477324e-06
1.366572632832685485e-07
1.450299919270037208e-06
3.404162782771891216e-07
5.695894742530072108e-07
4.573662693019286962e-08
1.334146872977726161e-06
1.428915197720925789e-06
2.145601882830305840e-07
2.834582119248807430e-06
1.103996237361570820e-05
0.000000000000000000e+00
7.158034520671208156e-08
1.638673978732185788e-07
0.000000000000000000e+00
0.000000000000000000e+00
0.000000000000000000e+00
0.000000000000000000e+00
6.559115917070812429e-09
5.738014507983280055e-09
2.350835330844347482e-07
0.000000000000000000e+00
0.000000000000000000e+00
6.347258274530531708e-09
1.768900914633775301e-09
1.315278286284637943e-08
0.000000000000000000e+00
0.000000000000000000e+00
1.279493062611436471e-06
0.000000000000000000e+00
0.000000000000000000e+00
2.745603637777094264e-07
7.447201522126078999e-09
5.173092620935904051e-09
0.000000000000000000e+00
1.428152440752228358e-08
3.475572611932875589e-06
4.888502758149115834e-07
0.000000000000000000e+00
3.534404768856802548e-09
0.000000000000000000e+00
0.000000000000000000e+00
0.000000000000000000e+00
1.556049400441850139e-09
0.000000000000000000e+00
0.000000000000000000e+00
0.000000000000000000e+00
0.000000000000000000e+00
5.430397465033820481e-09
0.000000000000000000e+00
1.209869648910455453e-09
0.000000000000000000e+00
2.062679627101715596e-08
0.000000000000000000e+00
5.515509826636844082e-09
4.034851119882887360e-09
4.174315337834855200e-10
1.138892091745447033e-08
0.000000000000000000e+00
7.881907890805450734e-07
0.000000000000000000e+00
4.590111757352133282e-08
1.820031569899072110e-09
9.740778850186870841e-09
0.000000000000000000e+00
5.307568828882835987e-10
0.000000000000000000e+00
6.582130396282082074e-09
0.000000000000000000e+00
0.000000000000000000e+00
0.000000000000000000e+00
0.000000000000000000e+00
0.000000000000000000e+00
0.000000000000000000e+00
8.278836283182045008e-09
0.000000000000000000e+00
0.000000000000000000e+00
0.000000000000000000e+00
1.260854816109713283e-07
0.000000000000000000e+00
1.233188555715969414e-07
2.289148426370957168e-07
5.887441645313629124e-08
0.000000000000000000e+00
2.196354529360178276e-07
4.416692434006108670e-07
5.180903599466546439e-07
6.680854980345429794e-09
0.000000000000000000e+00
1.161492150458798278e-06
0.000000000000000000e+00
0.000000000000000000e+00
1.425790685516403755e-07
1.734627663729781943e-09
0.000000000000000000e+00
6.231721840777026955e-07
2.990258565205294872e-07
3.524032479162997333e-07
9.342179509985726327e-07
3.479305519249464851e-07
6.407380510609073099e-07
8.230252745988764218e-08
6.782896022627937782e-09
3.351364297188297314e-09
4.644494921990371950e-08
0.000000000000000000e+00
6.859414369841942971e-09
1.054237600328633562e-06
0.000000000000000000e+00
0.000000000000000000e+00
1.404988214659397272e-08
2.199608273301123518e-09
1.375864755459588196e-08
2.069971856144547928e-07
1.382098324675951062e-10
6.680609772047318984e-07
0.000000000000000000e+00
9.073819917659875500e-09
2.729396264555816742e-09
4.789962915197065740e-08
1.121405546200548997e-08
1.244054146809503436e-06
1.284537063384050271e-07
4.229171179925828028e-10
1.811954035702001420e-07
0.000000000000000000e+00
0.000000000000000000e+00
0.000000000000000000e+00
7.190956239355728030e-07
0.000000000000000000e+00
0.000000000000000000e+00
1.689525075398989884e-09
0.000000000000000000e+00
3.737672216175269568e-07
4.075220196020357122e-12
2.814385668958863107e-10
0.000000000000000000e+00
0.000000000000000000e+00
1.270784082407772075e-07
0.000000000000000000e+00
1.615292344325780505e-09
0.000000000000000000e+00
7.147332325985189527e-08
0.000000000000000000e+00
6.617228098804162073e-09
0.000000000000000000e+00
1.553222659822495189e-06
1.124700975196901709e-05
0.000000000000000000e+00
2.434778778592772142e-08
6.671616858966444852e-08
8.121590511223075737e-09
6.151882985250267666e-07
2.847530367944273166e-06
0.000000000000000000e+00
2.593345094226151559e-09
3.785631719210869051e-08
3.191542319314066845e-08
2.436714829912034475e-09
2.401082497272000182e-07
5.143833163856470492e-07
3.122169346170267090e-06
9.564484315660592983e-08
2.630306994433340151e-08
5.518712100638367701e-07
0.000000000000000000e+00
7.459641892637591809e-06
5.985651569062611088e-06
8.195573172997683287e-06
2.639204854659737975e-09
4.850950290347100236e-07
9.831927272330176493e-09
3.130869572487426922e-07
0.000000000000000000e+00
5.892206722535320296e-09
6.291123554547084495e-06
3.956944567562459270e-07
9.978219168260693550e-06
4.242096007800455482e-09
0.000000000000000000e+00
0.000000000000000000e+00
0.000000000000000000e+00
3.189213160226245236e-08
6.975211817916715518e-06
3.843447782259090673e-09
1.052934450740394823e-07
1.520251480258139054e-08
9.856376692596313660e-08
3.432975006489868974e-07
5.246914902556909510e-09
0.000000000000000000e+00
3.046939696105255280e-07
1.287469046928890748e-07
0.000000000000000000e+00
0.000000000000000000e+00
0.000000000000000000e+00
0.000000000000000000e+00
3.144530746901352813e-10
5.510039646772213473e-11
0.000000000000000000e+00
0.000000000000000000e+00
0.000000000000000000e+00
0.000000000000000000e+00
0.000000000000000000e+00
0.000000000000000000e+00
7.635654952764525660e-08
0.000000000000000000e+00
0.000000000000000000e+00
5.281011681290692650e-07
4.272270871297223493e-06
0.000000000000000000e+00
2.937881333764380543e-07
8.362617265333938121e-09
0.000000000000000000e+00
0.000000000000000000e+00
3.918419366755188094e-09
1.667377791392254949e-09
8.256431094366689649e-09
0.000000000000000000e+00
0.000000000000000000e+00
1.144661698759819046e-09
0.000000000000000000e+00
0.000000000000000000e+00
0.000000000000000000e+00
1.221652290439578792e-08
3.720125985040567684e-09
1.043649220378028986e-07
0.000000000000000000e+00
0.000000000000000000e+00
0.000000000000000000e+00
0.000000000000000000e+00
3.578148266569769476e-07
0.000000000000000000e+00
7.490779125873814337e-07
0.000000000000000000e+00
0.000000000000000000e+00
1.582629920449107885e-06
0.000000000000000000e+00
0.000000000000000000e+00
0.000000000000000000e+00
0.000000000000000000e+00
0.000000000000000000e+00
0.000000000000000000e+00
5.137862135740078884e-09
0.000000000000000000e+00
3.964933270594883652e-09
9.543120460531184790e-11
0.000000000000000000e+00
2.250207487008992757e-08
0.000000000000000000e+00
0.000000000000000000e+00
0.000000000000000000e+00
0.000000000000000000e+00
0.000000000000000000e+00
0.000000000000000000e+00
0.000000000000000000e+00
0.000000000000000000e+00
0.000000000000000000e+00
0.000000000000000000e+00
1.653313375094001003e-09
0.000000000000000000e+00
0.000000000000000000e+00
0.000000000000000000e+00
0.000000000000000000e+00
4.932458330664246660e-10
2.269941457022639497e-10
0.000000000000000000e+00
1.344123701230159895e-09
4.802984676643973216e-09
2.981842772697973487e-09
0.000000000000000000e+00
0.000000000000000000e+00
0.000000000000000000e+00
0.000000000000000000e+00
0.000000000000000000e+00
0.000000000000000000e+00
0.000000000000000000e+00
0.000000000000000000e+00
0.000000000000000000e+00
3.140608214380335994e-06
0.000000000000000000e+00
0.000000000000000000e+00
0.000000000000000000e+00
7.809999829078151379e-07
0.000000000000000000e+00
0.000000000000000000e+00
1.783564407276116981e-09
1.774689284417263480e-09
0.000000000000000000e+00
5.049441309523672317e-09
0.000000000000000000e+00
3.823969585425857076e-09
0.000000000000000000e+00
0.000000000000000000e+00
0.000000000000000000e+00
5.376679155233432539e-07
0.000000000000000000e+00
0.000000000000000000e+00
3.319068353491161361e-09
0.000000000000000000e+00
0.000000000000000000e+00
0.000000000000000000e+00
0.000000000000000000e+00
0.000000000000000000e+00
0.000000000000000000e+00
0.000000000000000000e+00
3.603582499067670142e-08
0.000000000000000000e+00
1.972492169599604495e-10
8.166516352048347471e-09
0.000000000000000000e+00
0.000000000000000000e+00
0.000000000000000000e+00
0.000000000000000000e+00
1.463988708039209996e-09
5.883996401223612338e-09
0.000000000000000000e+00
7.437010118849229912e-09
4.457383767642042471e-11
1.107340267481049523e-05
9.609157132217660546e-07
1.206816619969686144e-07
1.298726260756666306e-06
4.604133074792571279e-09
0.000000000000000000e+00
2.646063101963136432e-08
3.316337995329377009e-07
9.791172033146722242e-07
1.157153164399460366e-07
2.295064405188895762e-08
7.901572729451800114e-08
4.336982897257257719e-07
9.619126606352779163e-10
9.929204480840780889e-08
2.060270617221249267e-06
1.749985933940934046e-08
4.821618304617913964e-08
3.978594165232607338e-08
3.712504081931911060e-08
1.898574186753876347e-09
2.980334556923480704e-07
0.000000000000000000e+00
7.025786175063331029e-08
0.000000000000000000e+00
2.319378893389512086e-07
2.508712126925161101e-10
5.151724167262727860e-07
0.000000000000000000e+00
0.000000000000000000e+00
5.149040021024120506e-07
0.000000000000000000e+00
8.656131811335399107e-09
6.226295479194732252e-09
0.000000000000000000e+00
6.914986361294950257e-09
0.000000000000000000e+00
0.000000000000000000e+00
6.124051044054112936e-09
0.000000000000000000e+00
0.000000000000000000e+00
5.766003230434080251e-09
1.790196613171701756e-08
0.000000000000000000e+00
0.000000000000000000e+00
2.582106084503266175e-09
0.000000000000000000e+00
5.177283254886866359e-11
0.000000000000000000e+00
0.000000000000000000e+00
0.000000000000000000e+00
0.000000000000000000e+00
0.000000000000000000e+00
0.000000000000000000e+00
1.596559551231280238e-09
9.926126587345152075e-11
4.860106628257199191e-07
0.000000000000000000e+00
1.899696178142562530e-09
0.000000000000000000e+00
0.000000000000000000e+00
8.297973419502113757e-10
1.023014561951640644e-07
0.000000000000000000e+00
2.587909477824723581e-07
1.352392919873324217e-10
0.000000000000000000e+00
0.000000000000000000e+00
0.000000000000000000e+00
4.824001642589337280e-09
0.000000000000000000e+00
0.000000000000000000e+00
0.000000000000000000e+00
0.000000000000000000e+00
2.493703160633131688e-11
0.000000000000000000e+00
5.689748377335490659e-06
0.000000000000000000e+00
0.000000000000000000e+00
0.000000000000000000e+00
1.306787140720189200e-07
0.000000000000000000e+00
1.542534155962727027e-10
7.387780698309143190e-08
0.000000000000000000e+00
5.872790698191465708e-09
2.110369301533410180e-08
6.428132248714746311e-09
6.158671350675604117e-09
0.000000000000000000e+00
0.000000000000000000e+00
1.015170586482483372e-11
0.000000000000000000e+00
4.659653218830328569e-10
1.182994324722130841e-08
0.000000000000000000e+00
0.000000000000000000e+00
1.946984156120379339e-07
0.000000000000000000e+00
0.000000000000000000e+00
0.000000000000000000e+00
1.689470924270963792e-10
3.509149859581839337e-09
4.141308129756993139e-10
2.010532851315360858e-09
0.000000000000000000e+00
6.159071586075981486e-10
9.101547071566074010e-09
3.655394875679007782e-09
8.914378781810228247e-07
2.161423253710381687e-07
9.727794036962222890e-08
1.994320200537913479e-06
0.000000000000000000e+00
1.596769379830220714e-06
7.748818120489886496e-07
0.000000000000000000e+00
4.147850347635539947e-07
0.000000000000000000e+00
4.814090792670810970e-10
6.528430276375729591e-07
4.040898602397646755e-07
2.014348581269587157e-07
8.368724380147796182e-09
1.124260279539157636e-06
1.119146233463652607e-07
1.313947564085538033e-07
0.000000000000000000e+00
1.012152281987255265e-07
0.000000000000000000e+00
0.000000000000000000e+00
1.100334770853805821e-06
0.000000000000000000e+00
4.871296255259949248e-08
2.122082207733910764e-07
1.807278771082110325e-09
0.000000000000000000e+00
2.117462599926511757e-06
3.261941401433432475e-07
0.000000000000000000e+00
2.524843466744641773e-06
4.178909875918179750e-07
1.039246626532985829e-07
0.000000000000000000e+00
0.000000000000000000e+00
0.000000000000000000e+00
0.000000000000000000e+00
0.000000000000000000e+00
0.000000000000000000e+00
0.000000000000000000e+00
0.000000000000000000e+00
0.000000000000000000e+00
0.000000000000000000e+00
0.000000000000000000e+00
3.672562911560817156e-07
1.388109627242783972e-09
6.603056590392952785e-08
0.000000000000000000e+00
0.000000000000000000e+00
0.000000000000000000e+00
1.573289267753352760e-07
0.000000000000000000e+00
6.471957969544916978e-10
1.258503544432354460e-11
0.000000000000000000e+00
1.987476988540848311e-10
2.380405206281466235e-09
0.000000000000000000e+00
9.647393994782760274e-09
0.000000000000000000e+00
0.000000000000000000e+00
2.039684687815679354e-07
6.241295977815752849e-07
0.000000000000000000e+00
9.113394128235086100e-08
7.668277568484427320e-09
0.000000000000000000e+00
0.000000000000000000e+00
0.000000000000000000e+00
0.000000000000000000e+00
0.000000000000000000e+00
0.000000000000000000e+00
6.319198497806155501e-09
0.000000000000000000e+00
0.000000000000000000e+00
0.000000000000000000e+00
2.562841494579970458e-08
0.000000000000000000e+00
1.136266369883287553e-08
0.000000000000000000e+00
2.718412439595141450e-10
0.000000000000000000e+00
0.000000000000000000e+00
0.000000000000000000e+00
0.000000000000000000e+00
0.000000000000000000e+00
0.000000000000000000e+00
0.000000000000000000e+00
2.139216803698218428e-07
0.000000000000000000e+00
0.000000000000000000e+00
0.000000000000000000e+00
0.000000000000000000e+00
0.000000000000000000e+00
0.000000000000000000e+00
0.000000000000000000e+00
0.000000000000000000e+00
0.000000000000000000e+00
2.465516679706070136e-09
0.000000000000000000e+00
0.000000000000000000e+00
0.000000000000000000e+00
0.000000000000000000e+00
4.026358510923061518e-13
1.694548529274086945e-10
0.000000000000000000e+00
3.101763823565306666e-08
0.000000000000000000e+00
6.341753344685230331e-09
0.000000000000000000e+00
9.249538912570187676e-09
0.000000000000000000e+00
0.000000000000000000e+00
0.000000000000000000e+00
0.000000000000000000e+00
0.000000000000000000e+00
2.769064977314883436e-09
0.000000000000000000e+00
2.776311402996611832e-10
3.364440948061542258e-09
0.000000000000000000e+00
0.000000000000000000e+00
0.000000000000000000e+00
0.000000000000000000e+00
0.000000000000000000e+00
0.000000000000000000e+00
0.000000000000000000e+00
0.000000000000000000e+00
0.000000000000000000e+00
0.000000000000000000e+00
0.000000000000000000e+00
0.000000000000000000e+00
0.000000000000000000e+00
0.000000000000000000e+00
0.000000000000000000e+00
0.000000000000000000e+00
1.804151134043863181e-10
0.000000000000000000e+00
0.000000000000000000e+00
1.493789270057277463e-08
1.416965655920421341e-08
0.000000000000000000e+00
5.489169563333007318e-09
0.000000000000000000e+00
1.189166869153268635e-05
0.000000000000000000e+00
1.417890427291013111e-08
4.289790567213458417e-08
3.098313356986182043e-07
3.567934356851765187e-07
3.093603936576982960e-06
9.578598110238090158e-07
3.044849372635383133e-10
0.000000000000000000e+00
1.185512275014843908e-07
2.627108415254042484e-07
0.000000000000000000e+00
1.744744508869189303e-06
1.372435320945442072e-07
5.643918110642687225e-10
3.983222711667622207e-07
2.054483694280406780e-08
2.481087051364738727e-07
8.138991915984661318e-07
6.822810973972082138e-07
0.000000000000000000e+00
4.281455403543077409e-07
9.721954938868293539e-07
1.211366340569952627e-09
1.434813712286597820e-09
2.504898191091342596e-07
0.000000000000000000e+00
7.795923693265649490e-07
0.000000000000000000e+00
0.000000000000000000e+00
3.505597305775154382e-07
8.895472802805670653e-09
8.672314834257122129e-06
1.872549830750358524e-07
0.000000000000000000e+00
0.000000000000000000e+00
0.000000000000000000e+00
0.000000000000000000e+00
0.000000000000000000e+00
0.000000000000000000e+00
4.133386823923501652e-07
0.000000000000000000e+00
1.044097919233877292e-09
0.000000000000000000e+00
0.000000000000000000e+00
4.082340243627413656e-09
0.000000000000000000e+00
0.000000000000000000e+00
0.000000000000000000e+00
0.000000000000000000e+00
1.184913216434324568e-07
9.977265591487594065e-08
4.171236867023253581e-08
0.000000000000000000e+00
2.365405407545040362e-06
0.000000000000000000e+00
6.614440106744723380e-09
1.359923089694348164e-06
1.723631792849289468e-09
1.887271589007255557e-12
0.000000000000000000e+00
8.094493075816444616e-09
0.000000000000000000e+00
1.931448778691446932e-09
6.923065232200542596e-09
0.000000000000000000e+00
0.000000000000000000e+00
7.062588847084327881e-10
0.000000000000000000e+00
0.000000000000000000e+00
1.841960539650244755e-07
0.000000000000000000e+00
8.697209352703794139e-08
1.178685860026007504e-08
0.000000000000000000e+00
0.000000000000000000e+00
0.000000000000000000e+00
0.000000000000000000e+00
9.981866888608692534e-09
0.000000000000000000e+00
0.000000000000000000e+00
6.390566964498134439e-10
8.259957695599950966e-08
2.259700977447209880e-06
6.384823780791748504e-09
8.560701481030719151e-09
0.000000000000000000e+00
0.000000000000000000e+00
1.349885536683359533e-07
2.825801743711053859e-07
7.630142739856182743e-09
1.283233785898119095e-07
0.000000000000000000e+00
2.281173692608717829e-06
0.000000000000000000e+00
0.000000000000000000e+00
9.230860769093851559e-07
1.340806687899487315e-09
7.084552180458558723e-07
0.000000000000000000e+00
8.391007000341232924e-09
1.237826495525951032e-06
6.336086926239659078e-07
8.045682164947720594e-08
1.255446324677222947e-08
6.082188974687596783e-07
5.486890586325898767e-07
1.625424488338467199e-07
1.903597706132131862e-07
0.000000000000000000e+00
2.969961769849760458e-07
1.270503133810052532e-07
5.857069709236384369e-07
1.293024524784414098e-06
0.000000000000000000e+00
2.160590817368301941e-08
1.255507808828326688e-09
0.000000000000000000e+00
5.228092163633846212e-07
9.589236960039215774e-09
8.215178537440692708e-12
2.282179778489989985e-09
0.000000000000000000e+00
1.645724410082038958e-06
5.395322855150652686e-09
3.226159606128931046e-07
7.224725351306915400e-08
0.000000000000000000e+00
0.000000000000000000e+00
0.000000000000000000e+00
0.000000000000000000e+00
0.000000000000000000e+00
0.000000000000000000e+00
0.000000000000000000e+00
0.000000000000000000e+00
0.000000000000000000e+00
1.447980650937097380e-07
0.000000000000000000e+00
0.000000000000000000e+00
0.000000000000000000e+00
0.000000000000000000e+00
1.629290036220254478e-09
0.000000000000000000e+00
0.000000000000000000e+00
0.000000000000000000e+00
0.000000000000000000e+00
0.000000000000000000e+00
0.000000000000000000e+00
0.000000000000000000e+00
0.000000000000000000e+00
0.000000000000000000e+00
0.000000000000000000e+00
4.761684976983815432e-06
6.137099717307137325e-09
0.000000000000000000e+00
0.000000000000000000e+00
0.000000000000000000e+00
1.326820542324469443e-09
6.840222832593667590e-10
0.000000000000000000e+00
0.000000000000000000e+00
0.000000000000000000e+00
0.000000000000000000e+00
0.000000000000000000e+00
0.000000000000000000e+00
0.000000000000000000e+00
0.000000000000000000e+00
1.924425951926878042e-09
8.703040776936177281e-08
0.000000000000000000e+00
0.000000000000000000e+00
0.000000000000000000e+00
1.225160417561710346e-09
0.000000000000000000e+00
0.000000000000000000e+00
0.000000000000000000e+00
0.000000000000000000e+00
8.359814507308271914e-10
2.063751392000767737e-09
0.000000000000000000e+00
9.312640658620807699e-10
0.000000000000000000e+00
0.000000000000000000e+00
0.000000000000000000e+00
0.000000000000000000e+00
7.797863688097095292e-09
0.000000000000000000e+00
0.000000000000000000e+00
0.000000000000000000e+00
0.000000000000000000e+00
1.743002542298199842e-08
0.000000000000000000e+00
0.000000000000000000e+00
0.000000000000000000e+00
0.000000000000000000e+00
4.924267105188562255e-10
0.000000000000000000e+00
0.000000000000000000e+00
0.000000000000000000e+00
6.906914506998873549e-08
0.000000000000000000e+00
0.000000000000000000e+00
0.000000000000000000e+00
0.000000000000000000e+00
0.000000000000000000e+00
0.000000000000000000e+00
0.000000000000000000e+00
0.000000000000000000e+00
0.000000000000000000e+00
0.000000000000000000e+00
0.000000000000000000e+00
7.121249812058749740e-09
1.083556799841289831e-09
4.101315482785139466e-07
0.000000000000000000e+00
3.116778373168926919e-07
7.763920756298503534e-11
0.000000000000000000e+00
0.000000000000000000e+00
0.000000000000000000e+00
2.525852593748822983e-08
0.000000000000000000e+00
5.557184157289896120e-10
0.000000000000000000e+00
4.847156898080129395e-09
0.000000000000000000e+00
0.000000000000000000e+00
0.000000000000000000e+00
0.000000000000000000e+00
2.172447464976468012e-11
0.000000000000000000e+00
0.000000000000000000e+00
0.000000000000000000e+00
0.000000000000000000e+00
1.203161903440275182e-09
0.000000000000000000e+00
0.000000000000000000e+00
0.000000000000000000e+00
0.000000000000000000e+00
0.000000000000000000e+00
7.646994149013153219e-11
1.194344956267912039e-09
3.250919977659805227e-09
0.000000000000000000e+00
3.653821920579503058e-07
8.539639111404540017e-07
0.000000000000000000e+00
2.688286926399996446e-09
8.829761668494029436e-07
9.371630085297510959e-07
7.114002720243206568e-09
5.985805984209946473e-08
2.305910129507537931e-06
8.874636137079505716e-08
0.000000000000000000e+00
4.333807339662598679e-07
4.120873882129671983e-07
1.089494574557647866e-07
3.805424057645723224e-06
2.980995361667737598e-07
1.043957013280305546e-06
8.161103792758694908e-09
0.000000000000000000e+00
1.945975782291498035e-06
2.147456598322605714e-06
3.686726302021270385e-08
2.905518101670168107e-07
1.731530296922301204e-08
5.206400714996561874e-07
7.500829957152177485e-10
3.197316900127589179e-08
9.653564347900100984e-08
0.000000000000000000e+00
0.000000000000000000e+00
9.229406572330844938e-09
0.000000000000000000e+00
0.000000000000000000e+00
1.545906513911177171e-07
0.000000000000000000e+00
0.000000000000000000e+00
6.355843074068445731e-10
0.000000000000000000e+00
0.000000000000000000e+00
0.000000000000000000e+00
9.005718837329368398e-09
0.000000000000000000e+00
0.000000000000000000e+00
9.234867093255161308e-09
0.000000000000000000e+00
1.042934414385854325e-07
0.000000000000000000e+00
0.000000000000000000e+00
0.000000000000000000e+00
0.000000000000000000e+00
0.000000000000000000e+00
1.694701268206699751e-07
4.615099857829818575e-09
5.413816950294858543e-08
2.133023372152820230e-06
8.866054486134089530e-07
0.000000000000000000e+00
0.000000000000000000e+00
0.000000000000000000e+00
6.802169494335430500e-09
5.027198426432732958e-07
1.456965719626168720e-06
0.000000000000000000e+00
2.970012569214475207e-10
0.000000000000000000e+00
2.539166565895811800e-08
2.552786204645940416e-09
0.000000000000000000e+00
0.000000000000000000e+00
0.000000000000000000e+00
0.000000000000000000e+00
1.361637053109987505e-10
0.000000000000000000e+00
0.000000000000000000e+00
0.000000000000000000e+00
0.000000000000000000e+00
0.000000000000000000e+00
0.000000000000000000e+00
0.000000000000000000e+00
0.000000000000000000e+00
0.000000000000000000e+00
8.738862078416786972e-09
0.000000000000000000e+00
5.168525052390293695e-10
3.995237136678042589e-07
5.865791852244228721e-09
0.000000000000000000e+00
0.000000000000000000e+00
7.056012024664326532e-11
0.000000000000000000e+00
0.000000000000000000e+00
7.364469478687851733e-09
0.000000000000000000e+00
0.000000000000000000e+00
0.000000000000000000e+00
0.000000000000000000e+00
0.000000000000000000e+00
0.000000000000000000e+00
0.000000000000000000e+00
0.000000000000000000e+00
0.000000000000000000e+00
0.000000000000000000e+00
5.574188435275573283e-07
0.000000000000000000e+00
2.382139374645930729e-09
4.865998448622121941e-07
2.630427786698419368e-08
1.248180723223413224e-07
6.753458819730440155e-06
3.027681572120854980e-08
3.459137758454744471e-07
6.644022505497559905e-07
9.800685347727267072e-07
0.000000000000000000e+00
2.244276856799842790e-06
3.987507852798444219e-07
0.000000000000000000e+00
0.000000000000000000e+00
3.653375983958540019e-07
2.110701643687207252e-06
4.031086575650988379e-09
5.490867920343589503e-07
0.000000000000000000e+00
7.597275586412877146e-10
6.177159548315103166e-07
1.289991899966480560e-07
1.206164415634702891e-05
1.631753576702976716e-07
9.119650457023453782e-08
2.755495245310157770e-07
6.088289428163307093e-09
6.451912781813007314e-07
0.000000000000000000e+00
1.767250978446099907e-06
0.000000000000000000e+00
0.000000000000000000e+00
1.791983983423506288e-08
0.000000000000000000e+00
0.000000000000000000e+00
0.000000000000000000e+00
0.000000000000000000e+00
0.000000000000000000e+00
0.000000000000000000e+00
0.000000000000000000e+00
0.000000000000000000e+00
0.000000000000000000e+00
0.000000000000000000e+00
0.000000000000000000e+00
0.000000000000000000e+00
0.000000000000000000e+00
0.000000000000000000e+00
0.000000000000000000e+00
0.000000000000000000e+00
0.000000000000000000e+00
0.000000000000000000e+00
0.000000000000000000e+00
4.347196824738830401e-09
0.000000000000000000e+00
0.000000000000000000e+00
6.675832331382025586e-09
7.463419215980593435e-09
0.000000000000000000e+00
4.975706069387797470e-09
0.000000000000000000e+00
0.000000000000000000e+00
0.000000000000000000e+00
0.000000000000000000e+00
0.000000000000000000e+00
0.000000000000000000e+00
0.000000000000000000e+00
0.000000000000000000e+00
0.000000000000000000e+00
0.000000000000000000e+00
0.000000000000000000e+00
0.000000000000000000e+00
0.000000000000000000e+00
0.000000000000000000e+00
0.000000000000000000e+00
0.000000000000000000e+00
2.919045449800705683e-09
0.000000000000000000e+00
0.000000000000000000e+00
0.000000000000000000e+00
0.000000000000000000e+00
0.000000000000000000e+00
0.000000000000000000e+00
4.109470410185167566e-06
0.000000000000000000e+00
3.965939754380087834e-07
0.000000000000000000e+00
3.120265290590396035e-08
0.000000000000000000e+00
7.558435655141693132e-09
0.000000000000000000e+00
5.510697178578993771e-07
0.000000000000000000e+00
0.000000000000000000e+00
8.291942243943140056e-09
4.014908960847662911e-10
0.000000000000000000e+00
3.756041699887191498e-09
0.000000000000000000e+00
0.000000000000000000e+00
0.000000000000000000e+00
0.000000000000000000e+00
3.570614808268146589e-07
8.793776942184194922e-07
0.000000000000000000e+00
0.000000000000000000e+00
3.399655312819049868e-08
0.000000000000000000e+00
0.000000000000000000e+00
0.000000000000000000e+00
0.000000000000000000e+00
0.000000000000000000e+00
0.000000000000000000e+00
0.000000000000000000e+00
0.000000000000000000e+00
5.991653787701389788e-12
0.000000000000000000e+00
7.791053135974834731e-09
1.707867042233246480e-10
2.862240666701154623e-09
0.000000000000000000e+00
3.425611530549765860e-11
0.000000000000000000e+00
0.000000000000000000e+00
1.898014119205981842e-07
3.138771909050319664e-09
0.000000000000000000e+00
5.859327467661046285e-10
1.968413414488168200e-07
0.000000000000000000e+00
0.000000000000000000e+00
1.541146389172354247e-06
0.000000000000000000e+00
0.000000000000000000e+00
0.000000000000000000e+00
0.000000000000000000e+00
7.150219971663318574e-09
0.000000000000000000e+00
0.000000000000000000e+00
1.652209746794142120e-08
0.000000000000000000e+00
0.000000000000000000e+00
0.000000000000000000e+00
0.000000000000000000e+00
0.000000000000000000e+00
0.000000000000000000e+00
0.000000000000000000e+00
0.000000000000000000e+00
0.000000000000000000e+00
0.000000000000000000e+00
5.358543120337344590e-08
5.642601941246994102e-10
2.049967804396146676e-07
1.346087287856789771e-06
4.806400966117507778e-07
0.000000000000000000e+00
6.605192766073741950e-07
4.495173925533890724e-06
7.807602742104791105e-06
0.000000000000000000e+00
3.509911948640365154e-06
1.416593846670366474e-07
3.065608566998889728e-08
2.499457707472174661e-08
4.830204147765471134e-07
1.007814702802534157e-07
2.599967672267666785e-07
3.404569213216745993e-07
1.913866043423695373e-07
3.177524149577948265e-06
1.195494281347464494e-08
5.757610921364175738e-08
9.921702570636625751e-08
0.000000000000000000e+00
0.000000000000000000e+00
0.000000000000000000e+00
0.000000000000000000e+00
0.000000000000000000e+00
0.000000000000000000e+00
0.000000000000000000e+00
0.000000000000000000e+00
0.000000000000000000e+00
0.000000000000000000e+00
6.341020934996777214e-07
0.000000000000000000e+00
0.000000000000000000e+00
1.103076630037946870e-09
1.162195850668013009e-08
0.000000000000000000e+00
0.000000000000000000e+00
8.820669705755790346e-08
0.000000000000000000e+00
0.000000000000000000e+00
0.000000000000000000e+00
0.000000000000000000e+00
0.000000000000000000e+00
0.000000000000000000e+00
0.000000000000000000e+00
0.000000000000000000e+00
0.000000000000000000e+00
0.000000000000000000e+00
0.000000000000000000e+00
0.000000000000000000e+00
0.000000000000000000e+00
0.000000000000000000e+00
0.000000000000000000e+00
3.965109351966589202e-10
3.572889454517280683e-06
0.000000000000000000e+00
0.000000000000000000e+00
0.000000000000000000e+00
0.000000000000000000e+00
0.000000000000000000e+00
0.000000000000000000e+00
0.000000000000000000e+00
0.000000000000000000e+00
0.000000000000000000e+00
0.000000000000000000e+00
0.000000000000000000e+00
3.809958126765877751e-09
0.000000000000000000e+00
0.000000000000000000e+00
4.532307862348261551e-09
0.000000000000000000e+00
0.000000000000000000e+00
8.879466606437347309e-10
0.000000000000000000e+00
0.000000000000000000e+00
2.569407513419719180e-07
1.609714694872366181e-09
0.000000000000000000e+00
0.000000000000000000e+00
0.000000000000000000e+00
0.000000000000000000e+00
0.000000000000000000e+00
0.000000000000000000e+00
0.000000000000000000e+00
0.000000000000000000e+00
0.000000000000000000e+00
6.076392082832171582e-07
0.000000000000000000e+00
1.766272572645277705e-09
0.000000000000000000e+00
6.057501167333612102e-09
0.000000000000000000e+00
0.000000000000000000e+00
0.000000000000000000e+00
0.000000000000000000e+00
1.959708173515650742e-09
0.000000000000000000e+00
0.000000000000000000e+00
0.000000000000000000e+00
0.000000000000000000e+00
0.000000000000000000e+00
0.000000000000000000e+00
0.000000000000000000e+00
0.000000000000000000e+00
0.000000000000000000e+00
0.000000000000000000e+00
8.146781027562610689e-09
6.894211765029467642e-06
1.883649787259855657e-07
0.000000000000000000e+00
1.943712504726136103e-06
2.431756058740575099e-07
1.526188384559645783e-06
0.000000000000000000e+00
8.188978313228290062e-07
7.764899692119797692e-07
0.000000000000000000e+00
0.000000000000000000e+00
9.284408406529109925e-06
3.421992005314677954e-07
3.891831745761464845e-09
2.453661409163032658e-06
6.720828893413965943e-10
8.901579349185340106e-06
0.000000000000000000e+00
6.652332729117915733e-08
7.052624937387008686e-07
1.615136511645687278e-06
4.369191628939006478e-06
4.031436162676982349e-07
0.000000000000000000e+00
9.149022872634304804e-08
5.889202370212842652e-08
2.176381258323090151e-06
4.371239814560112791e-09
7.047238455015758518e-07
9.739802635522210039e-07
2.492474449056203412e-09
2.224670367922954028e-07
2.266219780722167343e-07
5.928995516768509333e-09
6.644635952568478388e-09
0.000000000000000000e+00
0.000000000000000000e+00
0.000000000000000000e+00
0.000000000000000000e+00
6.409536581486463547e-07
6.530720852992999426e-09
2.913142793659062590e-07
0.000000000000000000e+00
3.917186575108644320e-09
1.959403483908772614e-08
0.000000000000000000e+00
1.409096483939720201e-07
3.923549332651710131e-11
8.981405841268497170e-09
0.000000000000000000e+00
3.783795534673117800e-07
1.548670525153283961e-08
0.000000000000000000e+00
0.000000000000000000e+00
2.358090966936288169e-08
5.492677956908664783e-08
1.856725995175168009e-09
0.000000000000000000e+00
7.655578393439554930e-10
0.000000000000000000e+00
0.000000000000000000e+00
0.000000000000000000e+00
1.660952797521986213e-08
0.000000000000000000e+00
1.037942856663143232e-10
0.000000000000000000e+00
1.020675974294782407e-10
2.837675481259793742e-07
1.216213907362373448e-09
5.169505448709976747e-12
0.000000000000000000e+00
1.225952388494988554e-07
7.187258788121653197e-09
0.000000000000000000e+00
3.795295810959942173e-07
1.132983342699844798e-07
0.000000000000000000e+00
7.466048259630042594e-07
1.096300820790929720e-06
1.515658937023545150e-06
7.921468068161630072e-07
1.548876298329560086e-07
0.000000000000000000e+00
7.088539177857455797e-08
2.116584418843103776e-08
7.698169185443859419e-11
4.838717586608254351e-07
2.504342333509157470e-08
0.000000000000000000e+00
1.851208430991846399e-08
1.440302810351568041e-07
1.810415051295422018e-05
4.290520223548810463e-07
7.486751663066115725e-09
0.000000000000000000e+00
0.000000000000000000e+00
0.000000000000000000e+00
1.736436827659559867e-10
3.152603085254668258e-07
9.692153071227949113e-07
7.293716186573817595e-10
1.682633921085141537e-09
6.444536211347440258e-07
1.310468178417067975e-06
2.347274374869812164e-09
1.433913894288707525e-07
7.498001663996944899e-10
0.000000000000000000e+00
6.177528710793467326e-09
0.000000000000000000e+00
0.000000000000000000e+00
6.836691213152334967e-09
1.156483069031377653e-11
0.000000000000000000e+00
0.000000000000000000e+00
0.000000000000000000e+00
0.000000000000000000e+00
0.000000000000000000e+00
6.474950851043104194e-07
3.276794946494021588e-10
0.000000000000000000e+00
2.652224884158727036e-09
0.000000000000000000e+00
1.453583808874725491e-09
0.000000000000000000e+00
3.005284243684513967e-09
1.459659699776238995e-07
2.291758116612641061e-09
4.015466181783722277e-09
7.106877433216141071e-07
1.246789871345299616e-08
0.000000000000000000e+00
0.000000000000000000e+00
1.131906013362993235e-09
0.000000000000000000e+00
9.904869813226468978e-09
0.000000000000000000e+00
3.728179709394652264e-10
0.000000000000000000e+00
0.000000000000000000e+00
0.000000000000000000e+00
7.591933331996258971e-11
0.000000000000000000e+00
0.000000000000000000e+00
0.000000000000000000e+00
0.000000000000000000e+00
2.424287437463590322e-09
0.000000000000000000e+00
8.713292309892040066e-09
0.000000000000000000e+00
2.947613893411471508e-06
1.284491077058191877e-06
0.000000000000000000e+00
5.776064071483233420e-09
1.147133659173960041e-07
0.000000000000000000e+00
0.000000000000000000e+00
0.000000000000000000e+00
2.007283672611492875e-09
3.344064580801386910e-08
5.281899007059109863e-07
2.896657491646692506e-08
0.000000000000000000e+00
0.000000000000000000e+00
2.356688355575897731e-06
2.904759185184957460e-06
2.487158781150355935e-07
3.216892139334959211e-07
0.000000000000000000e+00
0.000000000000000000e+00
7.886077924013079610e-07
8.756084071137593128e-07
7.171028642005694564e-07
0.000000000000000000e+00
5.524528319256205577e-07
8.202076173802197445e-07
1.065648636000560145e-08
1.288678674882248743e-08
0.000000000000000000e+00
2.984835703045973787e-07
1.603175547870705486e-07
0.000000000000000000e+00
3.082488547079265118e-06
0.000000000000000000e+00
1.532765878664577031e-07
0.000000000000000000e+00
0.000000000000000000e+00
2.377246310913960770e-08
0.000000000000000000e+00
2.965023504497565909e-10
0.000000000000000000e+00
2.865240711358296721e-09
8.189039704120659735e-07
0.000000000000000000e+00
3.980469642783646123e-08
0.000000000000000000e+00
1.322877807297118125e-07
0.000000000000000000e+00
0.000000000000000000e+00
0.000000000000000000e+00
6.736944335727912403e-09
1.538010940826950446e-09
0.000000000000000000e+00
0.000000000000000000e+00
0.000000000000000000e+00
0.000000000000000000e+00
6.473749092350544743e-09
0.000000000000000000e+00
0.000000000000000000e+00
1.150537110028437837e-09
0.000000000000000000e+00
0.000000000000000000e+00
0.000000000000000000e+00
0.000000000000000000e+00
0.000000000000000000e+00
0.000000000000000000e+00
0.000000000000000000e+00
0.000000000000000000e+00
0.000000000000000000e+00
0.000000000000000000e+00
0.000000000000000000e+00
0.000000000000000000e+00
0.000000000000000000e+00
0.000000000000000000e+00
0.000000000000000000e+00
6.298600396803522017e-07
1.511503838758088136e-10
1.284597206385740265e-09
4.553750432290115668e-10
4.649791662814095616e-09
7.758094398013781756e-06
3.020182326451958943e-09
0.000000000000000000e+00
2.438254753656110552e-08
2.117637454279730491e-10
2.838186219378258102e-08
2.049235376944125164e-07
0.000000000000000000e+00
1.804824307782837423e-07
0.000000000000000000e+00
0.000000000000000000e+00
0.000000000000000000e+00
0.000000000000000000e+00
3.517196319080539979e-06
0.000000000000000000e+00
1.580089701747056097e-06
1.897028312214388279e-08
0.000000000000000000e+00
1.846287432272220030e-06
9.055753480424755253e-08
9.388649857555719791e-09
2.429230150369221519e-09
0.000000000000000000e+00
0.000000000000000000e+00
0.000000000000000000e+00
0.000000000000000000e+00
0.000000000000000000e+00
0.000000000000000000e+00
0.000000000000000000e+00
6.024526442161004525e-07
0.000000000000000000e+00
2.122151787631310071e-09
2.218838801582023734e-07
3.623937816499278597e-09
0.000000000000000000e+00
2.825706815201556310e-06
4.420921868586447090e-06
0.000000000000000000e+00
1.123810600134333981e-09
1.226286059363701497e-07
7.431184485540143214e-07
2.466197656758595258e-06
8.381474181362591480e-09
0.000000000000000000e+00
5.447882358566857874e-07
4.381232656669453718e-07
0.000000000000000000e+00
8.088036906883644406e-07
0.000000000000000000e+00
0.000000000000000000e+00
3.191275084191147471e-07
8.276058061085223017e-09
2.084092756149402703e-07
4.480076587487502593e-10
0.000000000000000000e+00
0.000000000000000000e+00
0.000000000000000000e+00
8.799203214948647656e-07
3.135353665584261762e-08
0.000000000000000000e+00
1.480667606301722117e-07
0.000000000000000000e+00
0.000000000000000000e+00
0.000000000000000000e+00
0.000000000000000000e+00
0.000000000000000000e+00
8.013217893676483072e-07
0.000000000000000000e+00
0.000000000000000000e+00
0.000000000000000000e+00
0.000000000000000000e+00
0.000000000000000000e+00
8.688791020006192412e-09
0.000000000000000000e+00
0.000000000000000000e+00
0.000000000000000000e+00
0.000000000000000000e+00
0.000000000000000000e+00
0.000000000000000000e+00
0.000000000000000000e+00
0.000000000000000000e+00
4.496564454115059561e-09
0.000000000000000000e+00
1.261930577811654075e-07
0.000000000000000000e+00
0.000000000000000000e+00
0.000000000000000000e+00
9.146781110302981688e-09
0.000000000000000000e+00
2.223535577883239966e-09
9.458058798372803722e-07
3.838794782495824620e-06
0.000000000000000000e+00
5.595774066335934549e-09
0.000000000000000000e+00
0.000000000000000000e+00
0.000000000000000000e+00
6.096843918612648849e-09
0.000000000000000000e+00
0.000000000000000000e+00
0.000000000000000000e+00
0.000000000000000000e+00
0.000000000000000000e+00
0.000000000000000000e+00
0.000000000000000000e+00
0.000000000000000000e+00
0.000000000000000000e+00
0.000000000000000000e+00
4.754951543617380594e-09
0.000000000000000000e+00
0.000000000000000000e+00
1.446613662192675065e-10
0.000000000000000000e+00
0.000000000000000000e+00
1.614053388721004012e-07
0.000000000000000000e+00
1.091801227204314273e-08
6.390257212274264020e-10
0.000000000000000000e+00
6.250899242665752809e-10
0.000000000000000000e+00
0.000000000000000000e+00
0.000000000000000000e+00
2.094461132307046114e-10
0.000000000000000000e+00
4.865599478875992645e-09
0.000000000000000000e+00
0.000000000000000000e+00
8.209902091493859189e-08
2.523082230254658498e-06
0.000000000000000000e+00
2.629317918945162091e-07
2.346316847479101853e-07
1.438641845652455231e-07
1.090499779365927679e-07
1.643784202087772428e-07
0.000000000000000000e+00
4.665332120623588708e-09
3.179775148964836262e-06
2.020445499795187061e-08
5.560771398904762464e-08
1.000363226921763271e-06
1.491980638427398143e-13
9.103684561750924331e-08
3.911124935029874905e-08
1.575769914552438422e-08
7.673460977741797251e-09
5.774507094713499100e-09
6.108385832703788765e-07
6.940898078511281710e-09
1.589101685794958030e-07
0.000000000000000000e+00
1.543667281111993361e-06
3.008753083122428507e-06
1.901473336424208682e-12
0.000000000000000000e+00
0.000000000000000000e+00
0.000000000000000000e+00
2.321824297268904047e-07
8.962126152312066552e-09
9.646686294217943214e-07
0.000000000000000000e+00
0.000000000000000000e+00
2.635876406031911756e-08
6.443941060751967598e-07
0.000000000000000000e+00
0.000000000000000000e+00
0.000000000000000000e+00
0.000000000000000000e+00
0.000000000000000000e+00
1.376065597469278146e-06
2.530918834509066073e-07
0.000000000000000000e+00
0.000000000000000000e+00
0.000000000000000000e+00
0.000000000000000000e+00
0.000000000000000000e+00
3.802539616515332455e-09
0.000000000000000000e+00
0.000000000000000000e+00
0.000000000000000000e+00
0.000000000000000000e+00
0.000000000000000000e+00
0.000000000000000000e+00
0.000000000000000000e+00
0.000000000000000000e+00
0.000000000000000000e+00
0.000000000000000000e+00
0.000000000000000000e+00
0.000000000000000000e+00
0.000000000000000000e+00
0.000000000000000000e+00
0.000000000000000000e+00
0.000000000000000000e+00
0.000000000000000000e+00
0.000000000000000000e+00
5.119944468390258407e-10
0.000000000000000000e+00
2.404882515349981986e-09
0.000000000000000000e+00
0.000000000000000000e+00
8.623395331142091891e-09
0.000000000000000000e+00
6.960770626562862162e-09
0.000000000000000000e+00
0.000000000000000000e+00
0.000000000000000000e+00
0.000000000000000000e+00
0.000000000000000000e+00
0.000000000000000000e+00
1.176267261371322093e-08
0.000000000000000000e+00
0.000000000000000000e+00
0.000000000000000000e+00
0.000000000000000000e+00
0.000000000000000000e+00
5.106876033167395690e-10
2.461135295561689418e-09
0.000000000000000000e+00
2.019511363693382577e-10
0.000000000000000000e+00
0.000000000000000000e+00
5.033643724061676039e-09
1.981204506007472332e-10
0.000000000000000000e+00
6.731636914558691842e-10
6.085490777962831999e-09
0.000000000000000000e+00
0.000000000000000000e+00
0.000000000000000000e+00
4.245517715162350214e-09
0.000000000000000000e+00
0.000000000000000000e+00
5.209916764670197153e-08
6.195317592272431284e-09
1.466391665871924488e-07
0.000000000000000000e+00
0.000000000000000000e+00
0.000000000000000000e+00
0.000000000000000000e+00
0.000000000000000000e+00
0.000000000000000000e+00
2.076489868940711858e-09
5.403059777364660476e-09
0.000000000000000000e+00
0.000000000000000000e+00
0.000000000000000000e+00
0.000000000000000000e+00
0.000000000000000000e+00
0.000000000000000000e+00
0.000000000000000000e+00
6.467627322592761629e-09
0.000000000000000000e+00
0.000000000000000000e+00
7.001323409916437868e-10
0.000000000000000000e+00
8.740761003878105839e-09
1.772852524506429717e-11
0.000000000000000000e+00
0.000000000000000000e+00
0.000000000000000000e+00
0.000000000000000000e+00
5.284623512125108391e-07
5.687404041054833215e-07
0.000000000000000000e+00
3.821032823481118612e-09
6.497610911537776701e-07
8.259020489731483394e-08
1.108040009967226069e-06
8.740957291308859567e-09
5.645309997248659784e-09
0.000000000000000000e+00
0.000000000000000000e+00
0.000000000000000000e+00
0.000000000000000000e+00
1.498082440321013564e-07
1.759699017611637828e-07
4.496574845802570053e-08
6.671252994472354203e-10
1.120360025197442155e-06
5.448846374100924095e-10
0.000000000000000000e+00
1.240510583144782686e-09
6.253889406337975743e-09
4.075742243703217582e-10
3.204684961843895508e-09
8.781138038926883382e-10
0.000000000000000000e+00
0.000000000000000000e+00
0.000000000000000000e+00
3.936515557967368295e-09
4.453432289608372230e-09
5.623443755098378460e-08
1.040535607899073511e-06
2.344246240681968629e-06
4.786905982712141849e-09
0.000000000000000000e+00
3.531214209928634773e-09
2.893283408411662094e-07
0.000000000000000000e+00
0.000000000000000000e+00
4.496462679526302963e-06
2.307354804997885367e-07
4.331135698976140702e-07
3.993896602327851042e-10
8.034891862962467712e-09
0.000000000000000000e+00
0.000000000000000000e+00
0.000000000000000000e+00
3.688372052224053732e-09
2.313147451360464402e-09
0.000000000000000000e+00
0.000000000000000000e+00
0.000000000000000000e+00
0.000000000000000000e+00
3.904518930397671284e-09
7.134616009096816924e-09
2.560733136647286301e-08
8.091321035408327589e-08
1.876293026725761592e-06
2.436755153212288860e-07
1.238592695074203220e-08
1.719291844892723020e-06
1.187092948384815827e-06
0.000000000000000000e+00
0.000000000000000000e+00
0.000000000000000000e+00
1.253348955287947319e-06
3.509909163312840974e-07
0.000000000000000000e+00
5.009477632711423212e-08
7.377830115729011595e-06
5.706753469780778687e-08
4.503000194944206669e-09
0.000000000000000000e+00
2.641098184597012732e-08
3.244512072342331521e-07
4.777541107614524662e-06
2.229840134759797365e-07
1.345056602986005601e-06
2.211576061172948471e-11
7.743519603309323429e-09
7.366543375297851526e-09
2.223537904910699581e-07
8.533606177252295311e-08
0.000000000000000000e+00
1.708188619886641391e-06
0.000000000000000000e+00
0.000000000000000000e+00
0.000000000000000000e+00
6.182488618833303917e-07
0.000000000000000000e+00
0.000000000000000000e+00
0.000000000000000000e+00
0.000000000000000000e+00
2.393329534555732607e-09
0.000000000000000000e+00
0.000000000000000000e+00
3.958388283820113429e-09
0.000000000000000000e+00
0.000000000000000000e+00
0.000000000000000000e+00
0.000000000000000000e+00
0.000000000000000000e+00
0.000000000000000000e+00
0.000000000000000000e+00
0.000000000000000000e+00
0.000000000000000000e+00
0.000000000000000000e+00
0.000000000000000000e+00
0.000000000000000000e+00
0.000000000000000000e+00
3.215946620116483246e-09
0.000000000000000000e+00
0.000000000000000000e+00
0.000000000000000000e+00
1.326409988788856964e-11
0.000000000000000000e+00
0.000000000000000000e+00
0.000000000000000000e+00
1.936385940481955004e-09
0.000000000000000000e+00
0.000000000000000000e+00
0.000000000000000000e+00
0.000000000000000000e+00
0.000000000000000000e+00
1.817798420233884826e-06
0.000000000000000000e+00
8.618593838605193014e-09
0.000000000000000000e+00
0.000000000000000000e+00
0.000000000000000000e+00
9.754907104309040733e-09
2.619477690313232188e-10
0.000000000000000000e+00
5.240890388336083561e-09
3.514911472990434049e-09
9.791667565650641336e-08
1.030313723227038736e-09
0.000000000000000000e+00
0.000000000000000000e+00
0.000000000000000000e+00
2.534050480562655139e-08
0.000000000000000000e+00
0.000000000000000000e+00
0.000000000000000000e+00
3.610639680573513033e-07
4.417957999436339378e-09
1.165655476143001579e-06
0.000000000000000000e+00
0.000000000000000000e+00
0.000000000000000000e+00
0.000000000000000000e+00
0.000000000000000000e+00
1.519476988676160545e-09
3.878781670851871866e-11
0.000000000000000000e+00
0.000000000000000000e+00
8.027906117646921302e-10
0.000000000000000000e+00
8.705043796908285003e-08
0.000000000000000000e+00
5.415669690478353004e-09
0.000000000000000000e+00
2.710908164615943861e-09
0.000000000000000000e+00
8.398686190957960207e-10
0.000000000000000000e+00
1.941123706217240397e-08
1.932439541718622422e-09
0.000000000000000000e+00
0.000000000000000000e+00
0.000000000000000000e+00
9.136695844347286766e-09
1.444930433081026422e-07
1.944606253800884588e-07
7.411798730316832007e-09
1.437449981267491239e-07
4.938813731314439792e-07
0.000000000000000000e+00
3.516290121297060978e-07
7.513427817684714682e-07
8.184314737036402221e-08
2.889636903091741260e-07
2.925148692156653851e-07
5.988501015963265672e-06
5.789383905607792258e-08
4.579338508392538643e-07
1.541500438406728790e-08
0.000000000000000000e+00
8.659866352900280617e-07
0.000000000000000000e+00
0.000000000000000000e+00
0.000000000000000000e+00
0.000000000000000000e+00
0.000000000000000000e+00
0.000000000000000000e+00
1.065883825646096739e-09
1.961032225494818704e-08
2.597302106721599557e-08
0.000000000000000000e+00
0.000000000000000000e+00
0.000000000000000000e+00
1.707976426956747673e-09
0.000000000000000000e+00
0.000000000000000000e+00
3.162324674121919088e-06
1.262960225290044036e-08
1.523965380556546734e-07
0.000000000000000000e+00
0.000000000000000000e+00
0.000000000000000000e+00
0.000000000000000000e+00
3.235708447846263880e-07
0.000000000000000000e+00
0.000000000000000000e+00
0.000000000000000000e+00
7.262255241613502221e-09
0.000000000000000000e+00
8.920661542788366205e-09
0.000000000000000000e+00
0.000000000000000000e+00
8.350299118831117084e-09
0.000000000000000000e+00
0.000000000000000000e+00
0.000000000000000000e+00
0.000000000000000000e+00
0.000000000000000000e+00
5.309734874003879668e-09
0.000000000000000000e+00
1.242059624928515404e-06
0.000000000000000000e+00
1.863520310285693427e-10
6.920104738128429744e-07
3.206005061429095804e-08
1.697009963663731469e-07
5.904846744897440658e-08
0.000000000000000000e+00
1.796181891222659033e-06
1.799956850234707417e-09
5.881150286768388469e-07
3.976283746709441402e-09
4.619774784941910184e-09
5.255613473309495021e-07
0.000000000000000000e+00
1.389448023303430091e-08
1.087218379325349815e-06
0.000000000000000000e+00
0.000000000000000000e+00
0.000000000000000000e+00
6.431079002666706401e-10
0.000000000000000000e+00
2.739254334471752372e-08
0.000000000000000000e+00
3.802607864145102212e-07
4.670198734402219998e-07
0.000000000000000000e+00
0.000000000000000000e+00
0.000000000000000000e+00
0.000000000000000000e+00
0.000000000000000000e+00
0.000000000000000000e+00
0.000000000000000000e+00
6.715885625396822434e-10
0.000000000000000000e+00
0.000000000000000000e+00
9.068683937130117556e-08
0.000000000000000000e+00
0.000000000000000000e+00
0.000000000000000000e+00
0.000000000000000000e+00
0.000000000000000000e+00
0.000000000000000000e+00
0.000000000000000000e+00
0.000000000000000000e+00
0.000000000000000000e+00
8.117688465869576930e-11
6.016459774826898865e-09
5.019629725211416371e-07
8.529540629353959957e-09
3.145151472594420738e-09
3.029424888723042386e-08
0.000000000000000000e+00
9.968422176598323858e-08
2.575760760237244540e-08
0.000000000000000000e+00
0.000000000000000000e+00
5.242293923402030487e-07
0.000000000000000000e+00
0.000000000000000000e+00
0.000000000000000000e+00
9.357199459714138357e-09
7.073063468254758845e-09
1.754494813321905156e-11
0.000000000000000000e+00
0.000000000000000000e+00
4.468875047791698307e-09
1.066069899025023915e-07
0.000000000000000000e+00
8.250239602602960076e-09
5.557310611692400926e-09
0.000000000000000000e+00
4.807805709106105496e-08
0.000000000000000000e+00
4.297829203636638340e-09
1.876035149450672179e-08
7.728896966874287955e-10
9.994779759381344775e-08
3.957877137139576007e-09
1.274539300766264205e-07
0.000000000000000000e+00
1.842761889747634996e-07
3.296807449260086287e-07
0.000000000000000000e+00
6.567102417420755955e-09
4.581037806039578442e-12
4.285395149850046437e-09
3.951694527160043435e-09
1.068967918627095059e-07
0.000000000000000000e+00
1.892347427201457322e-06
3.155610528438046458e-08
2.237941743032934028e-08
0.000000000000000000e+00
9.211206020154349972e-07
4.778954689754755236e-07
3.423099670385454374e-08
0.000000000000000000e+00
0.000000000000000000e+00
0.000000000000000000e+00
0.000000000000000000e+00
0.000000000000000000e+00
8.045811483725628932e-08
0.000000000000000000e+00
6.175060320856573526e-07
2.936345211423940782e-08
0.000000000000000000e+00
0.000000000000000000e+00
0.000000000000000000e+00
0.000000000000000000e+00
0.000000000000000000e+00
0.000000000000000000e+00
4.887601878778013997e-09
0.000000000000000000e+00
0.000000000000000000e+00
0.000000000000000000e+00
1.387645284012251068e-06
8.714484245331277634e-09
3.909760959430741423e-09
0.000000000000000000e+00
0.000000000000000000e+00
0.000000000000000000e+00
0.000000000000000000e+00
0.000000000000000000e+00
3.983598784174091634e-09
0.000000000000000000e+00
0.000000000000000000e+00
0.000000000000000000e+00
0.000000000000000000e+00
0.000000000000000000e+00
2.051142473646905273e-06
0.000000000000000000e+00
6.123128173385339323e-07
5.552643855821770558e-08
3.198247355840067030e-08
0.000000000000000000e+00
0.000000000000000000e+00
4.413237419953475182e-08
1.482350126025266945e-05
3.989330252807121724e-07
0.000000000000000000e+00
7.930423748803150374e-07
6.246592132441719514e-11
0.000000000000000000e+00
0.000000000000000000e+00
7.359381853921931338e-11
0.000000000000000000e+00
6.839612876063938529e-09
1.501983093454839491e-09
7.534536883291309550e-11
0.000000000000000000e+00
0.000000000000000000e+00
4.193242659766838187e-07
1.356466139412759730e-08
0.000000000000000000e+00
1.069515853657776461e-08
0.000000000000000000e+00
7.650547786397510208e-07
0.000000000000000000e+00
4.399317731440532953e-06
3.487185495032463223e-06
1.497231778557761572e-06
9.012814530251489487e-07
7.139855995319521753e-08
3.531222887431795243e-07
8.192801033146679401e-07
1.054763174579420593e-06
0.000000000000000000e+00
0.000000000000000000e+00
0.000000000000000000e+00
1.052103404397541908e-09
0.000000000000000000e+00
0.000000000000000000e+00
0.000000000000000000e+00
0.000000000000000000e+00
0.000000000000000000e+00
0.000000000000000000e+00
0.000000000000000000e+00
0.000000000000000000e+00
0.000000000000000000e+00
0.000000000000000000e+00
0.000000000000000000e+00
0.000000000000000000e+00
0.000000000000000000e+00
0.000000000000000000e+00
6.156059271233971231e-07
0.000000000000000000e+00
2.845922153937863186e-06
0.000000000000000000e+00
0.000000000000000000e+00
0.000000000000000000e+00
0.000000000000000000e+00
9.474519174546003342e-06
9.940158030019574653e-09
0.000000000000000000e+00
0.000000000000000000e+00
7.250680944537180039e-09
6.624068404903482588e-09
0.000000000000000000e+00
0.000000000000000000e+00
0.000000000000000000e+00
0.000000000000000000e+00
1.539966709707130121e-09
5.028899181525048334e-07
3.350681865299520723e-08
9.806560896663540916e-09
7.536280008935136721e-07
4.573135647945036908e-09
0.000000000000000000e+00
3.649468226285534911e-06
3.156074853905010968e-06
1.202027760882629082e-06
9.868233341592258512e-09
1.309292514406479313e-07
1.008763774734688923e-06
4.804973752214891647e-09
1.447527608888776740e-07
7.838875148991064634e-08
8.400994566670760832e-09
7.165174764622861403e-08
2.485527090811956441e-07
4.381300016120803775e-07
2.212678822388625122e-07
0.000000000000000000e+00
1.581481967605213868e-08
5.082575249559795338e-09
1.109950972022488713e-06
3.452092500744186054e-10
7.088073061822797172e-07
2.028230255746166222e-06
3.633016731896532292e-08
4.583037593874905724e-07
0.000000000000000000e+00
0.000000000000000000e+00
5.295863161336455960e-07
2.971176627397653647e-06
0.000000000000000000e+00
0.000000000000000000e+00
6.102956007225657231e-08
0.000000000000000000e+00
1.501091473343763028e-09
0.000000000000000000e+00
0.000000000000000000e+00
5.904770006281978567e-08
3.394890768504410516e-08
1.343645195106546453e-08
2.379701271593148704e-07
1.624802621336129960e-06
0.000000000000000000e+00
1.307462298427708447e-06
0.000000000000000000e+00
1.776051448132420774e-07
0.000000000000000000e+00
0.000000000000000000e+00
8.429020681433030404e-07
3.252722819979680935e-07
1.385172481604968198e-06
2.417441692159627564e-06
2.779446049316902645e-06
5.678610470738476579e-09
0.000000000000000000e+00
3.859061337152525084e-07
2.778451690943484209e-09
0.000000000000000000e+00
2.240340961634501582e-07
5.180783357872087436e-09
1.582512709319416899e-06
7.198514708761649672e-07
4.985469259644048634e-10
3.848418916874152274e-09
1.279191906178311910e-06
7.212190666905371472e-07
6.941511401237221435e-07
4.881759650743333623e-06
7.762122322674258612e-08
1.084511154658684973e-06
1.247817067451251205e-07
0.000000000000000000e+00
0.000000000000000000e+00
2.342825837331474759e-06
0.000000000000000000e+00
1.299981363445112947e-06
0.000000000000000000e+00
0.000000000000000000e+00
1.379777501142598339e-07
5.793822310806717724e-08
8.031049105738929939e-07
0.000000000000000000e+00
1.957062734092573919e-09
1.822123323336199974e-07
7.502078069876461086e-09
5.396876190388866235e-08
3.781696591431682464e-07
0.000000000000000000e+00
2.111246955038836859e-09
0.000000000000000000e+00
7.069263507908374322e-10
2.128619627228545141e-07
1.210202640322677325e-07
9.215107638738118112e-06
5.484322773696703734e-09
1.123394923752130126e-07
4.787548135709585040e-10
4.869580152444541454e-06
0.000000000000000000e+00
1.937674243279730035e-09
4.310094936954556033e-06
2.356793871172158106e-09
0.000000000000000000e+00
0.000000000000000000e+00
5.495344979067340319e-08
0.000000000000000000e+00
9.686893509552874093e-10
4.184654467560833258e-13
3.999391484654779561e-09
3.439716289577177122e-09
0.000000000000000000e+00
8.200515253520279657e-07
3.161651136451837374e-07
0.000000000000000000e+00
1.246083147776744227e-08
1.318994833354736329e-07
0.000000000000000000e+00
0.000000000000000000e+00
2.012079874458630457e-13
0.000000000000000000e+00
0.000000000000000000e+00
0.000000000000000000e+00
2.273287488157096914e-13
7.816375102720485302e-08
6.923173145878536161e-08
0.000000000000000000e+00
0.000000000000000000e+00
0.000000000000000000e+00
0.000000000000000000e+00
7.557561687576708209e-09
5.965538729668651285e-09
9.383777088700639979e-11
7.259018941496719890e-10
0.000000000000000000e+00
9.151375479632406496e-08
0.000000000000000000e+00
2.511405057248339290e-07
0.000000000000000000e+00
2.013345238083275035e-06
1.660070665820967406e-06
1.978003325575627969e-07
0.000000000000000000e+00
4.658035948068572907e-07
9.197808026328857522e-07
6.207854141848656582e-08
1.785095037121209316e-06
1.478138415222929325e-06
4.194200755591737106e-07
0.000000000000000000e+00
4.038927841065742541e-07
3.079514101500535617e-07
1.623062360067706322e-07
9.317275839748617727e-09
0.000000000000000000e+00
0.000000000000000000e+00
0.000000000000000000e+00
0.000000000000000000e+00
0.000000000000000000e+00
0.000000000000000000e+00
0.000000000000000000e+00
2.555607068188692210e-07
0.000000000000000000e+00
6.700526000713580288e-08
2.317007030683271296e-09
0.000000000000000000e+00
5.680852055434115755e-08
2.172565460867303955e-10
0.000000000000000000e+00
0.000000000000000000e+00
0.000000000000000000e+00
0.000000000000000000e+00
5.420393023314318270e-10
8.326321676577208564e-08
2.620949544507311657e-06
2.503271900877734879e-07
8.617659474907668482e-09
0.000000000000000000e+00
0.000000000000000000e+00
4.357866245641162095e-08
0.000000000000000000e+00
1.409173222555182292e-09
2.175968774054126698e-07
1.894435257554505370e-07
4.755446170179311594e-08
1.915829717091810380e-09
1.890488210420926407e-09
3.216720045884358115e-08
7.710575289365806384e-09
4.082467697230640624e-08
9.413856787432450801e-07
9.987436433434027094e-10
1.168850758404005319e-06
1.768514380273700226e-06
0.000000000000000000e+00
1.343190319857967552e-06
6.686656206511543132e-07
4.648798608286597300e-07
7.744822738686707453e-08
1.863752743247459875e-07
4.760120120295141533e-08
1.509592664206138579e-07
0.000000000000000000e+00
0.000000000000000000e+00
0.000000000000000000e+00
0.000000000000000000e+00
0.000000000000000000e+00
1.745139428521724767e-07
0.000000000000000000e+00
0.000000000000000000e+00
4.686064869474648731e-08
1.326785650235251524e-06
0.000000000000000000e+00
1.342364726042433176e-07
3.630663627518515568e-07
3.250755775674463166e-10
9.383199078838444507e-12
0.000000000000000000e+00
0.000000000000000000e+00
3.681331683935695764e-09
3.791237475070374785e-07
0.000000000000000000e+00
1.197719368128957740e-09
3.268405546208441592e-09
1.926286907760754730e-11
2.388899633665175770e-10
1.567654860090694768e-11
4.290206731538681595e-11
1.991546305646352266e-08
1.322310822615690995e-06
0.000000000000000000e+00
4.630924621551457676e-08
0.000000000000000000e+00
3.019592895725509152e-07
4.611379154084715992e-07
1.685064830780902412e-06
1.137346771429292858e-06
9.607385891285957769e-07
9.410825441591441631e-06
1.190508314152793901e-07
8.401603679430991178e-08
3.075953429743094603e-07
7.243505706355790608e-08
0.000000000000000000e+00
6.908194336574524641e-07
8.512909062119433656e-07
0.000000000000000000e+00
1.317757902796756753e-08
3.269845949560590270e-09
0.000000000000000000e+00
6.145414732650067435e-11
0.000000000000000000e+00
2.166363621824984875e-08
1.310396791076584577e-09
2.663367482114153972e-08
0.000000000000000000e+00
7.455593475924615632e-09
5.917161871593634714e-08
0.000000000000000000e+00
0.000000000000000000e+00
7.546627323051779967e-09
2.034361124003680743e-08
1.231763024911458615e-09
0.000000000000000000e+00
0.000000000000000000e+00
0.000000000000000000e+00
0.000000000000000000e+00
0.000000000000000000e+00
0.000000000000000000e+00
0.000000000000000000e+00
5.243583345304614340e-10
0.000000000000000000e+00
0.000000000000000000e+00
5.625138133069640389e-09
6.368870764106304705e-09
1.199918275851530325e-09
0.000000000000000000e+00
0.000000000000000000e+00
1.832345475349939079e-08
0.000000000000000000e+00
1.045268760435646982e-09
1.251731251983301263e-08
0.000000000000000000e+00
1.541133514137982274e-07
0.000000000000000000e+00
6.004615329402440693e-07
2.967867942516022595e-07
2.481966134837421123e-07
1.021503635456610937e-06
2.904793063862598501e-07
7.371170909209467936e-07
0.000000000000000000e+00
2.041229208771255799e-06
4.635885943571338430e-06
0.000000000000000000e+00
4.210798465464904439e-07
5.731480623438756083e-09
0.000000000000000000e+00
1.037228116729238536e-06
5.356991295002444531e-08
2.382136987666427785e-10
1.307581953824410448e-07
2.522976501495577395e-06
0.000000000000000000e+00
3.890597781719407067e-06
2.686373363758320920e-07
3.964426298352918820e-08
6.141739339327045855e-10
8.424324704492391902e-08
0.000000000000000000e+00
7.143147739974153865e-10
6.111413597409409704e-09
2.063045378974948107e-08
7.541859758930513635e-07
4.156888028239436039e-11
0.000000000000000000e+00
2.212610511476142960e-10
4.629955299151333747e-07
1.652089309800430783e-08
7.085243503013316513e-09
3.206575271974543284e-08
2.950799569134687772e-07
7.344285735122468850e-10
0.000000000000000000e+00
3.035533495676645543e-07
1.666738143057955313e-07
1.651948196013108827e-06
0.000000000000000000e+00
5.402848302082929877e-08
1.067294419954123441e-06
0.000000000000000000e+00
0.000000000000000000e+00
5.167009931028587744e-09
7.663125529688841198e-07
4.693970652169809910e-07
5.561047942137520295e-07
0.000000000000000000e+00
1.650727110558136701e-09
0.000000000000000000e+00
1.700996321574166359e-08
1.829374838280273252e-07
6.142959474431108902e-09
3.035434303910733433e-07
0.000000000000000000e+00
4.817012566604716994e-09
0.000000000000000000e+00
0.000000000000000000e+00
1.908688318508211523e-08
2.144322275299259672e-09
4.130953912273582773e-11
5.510731870828067258e-10
6.375667283009534003e-08
0.000000000000000000e+00
1.882616063042519272e-09
4.490367246035020798e-06
1.251763023901730776e-06
0.000000000000000000e+00
0.000000000000000000e+00
6.579922384730707563e-09
0.000000000000000000e+00
0.000000000000000000e+00
8.769886150616912346e-09
3.652763647110646161e-09
0.000000000000000000e+00
1.215904976703541251e-08
2.503033058598447269e-10
5.378123280053159760e-09
0.000000000000000000e+00
4.853560398032641388e-08
4.475831261174789688e-09
1.840988889112438187e-10
4.177127088667020871e-09
1.902781932017205690e-09
1.005465599668298182e-09
1.483829947801496019e-09
0.000000000000000000e+00
1.423821616164389070e-09
0.000000000000000000e+00
0.000000000000000000e+00
0.000000000000000000e+00
0.000000000000000000e+00
9.399133915621860069e-09
8.722492950141713663e-09
6.814319775116928213e-09
8.874477153142379393e-09
0.000000000000000000e+00
0.000000000000000000e+00
4.355221790319774300e-06
0.000000000000000000e+00
5.298945637832730426e-08
0.000000000000000000e+00
4.766811945167148679e-10
1.564662738928745966e-06
2.998836512446700908e-09
0.000000000000000000e+00
1.673818815106642433e-06
2.744823701661402993e-09
1.070117605195264332e-06
2.259354090483611799e-07
0.000000000000000000e+00
1.298165352991986765e-09
0.000000000000000000e+00
6.575872362191148568e-07
1.987500581890344620e-07
1.361257440102292549e-09
0.000000000000000000e+00
0.000000000000000000e+00
1.425217455164329294e-08
0.000000000000000000e+00
1.537903915327376581e-09
0.000000000000000000e+00
2.890536698885171063e-08
6.970371657644136576e-08
0.000000000000000000e+00
0.000000000000000000e+00
0.000000000000000000e+00
4.612087656230556831e-10
0.000000000000000000e+00
7.775270915999499266e-08
0.000000000000000000e+00
0.000000000000000000e+00
4.991734803283520705e-11
1.763128487652920739e-08
0.000000000000000000e+00
3.865789111046069593e-08
3.876353275700239465e-06
5.207476228008545149e-09
7.819113356788420788e-09
1.581007325057726121e-08
0.000000000000000000e+00
3.244575441652131076e-10
4.114823148881896486e-09
0.000000000000000000e+00
0.000000000000000000e+00
0.000000000000000000e+00
5.610088837926241467e-09
0.000000000000000000e+00
0.000000000000000000e+00
3.579232910055907269e-09
3.312136342970006808e-09
6.004957642247177318e-10
7.111634392487076184e-09
4.117294560845863316e-10
9.571463976953964448e-08
1.073645547466917094e-10
9.990763771838828688e-08
0.000000000000000000e+00
1.270988718715670984e-06
2.875916322864213726e-07
0.000000000000000000e+00
1.638701689898880431e-07
0.000000000000000000e+00
4.589292927903443342e-07
6.008605168972280808e-08
2.643577545313746668e-06
8.621018992016615812e-07
9.060968121643586670e-12
1.140594108051118383e-08
2.888074224216552466e-09
2.899007789380902977e-08
0.000000000000000000e+00
3.045661722822501360e-09
5.169447376829339191e-07
1.673803353696712293e-07
7.401195944112259895e-06
0.000000000000000000e+00
0.000000000000000000e+00
0.000000000000000000e+00
7.318003554246388376e-07
0.000000000000000000e+00
3.928380181150714634e-07
0.000000000000000000e+00
5.848029699384582614e-11
0.000000000000000000e+00
3.833845241274502769e-09
0.000000000000000000e+00
0.000000000000000000e+00
0.000000000000000000e+00
0.000000000000000000e+00
1.139215896728273947e-06
6.528044593778759008e-08
0.000000000000000000e+00
0.000000000000000000e+00
0.000000000000000000e+00
1.761981338610496550e-09
0.000000000000000000e+00
0.000000000000000000e+00
1.072100297427880378e-09
3.104972057244026473e-09
0.000000000000000000e+00
0.000000000000000000e+00
5.245324175007226586e-09
1.362575829944034922e-07
0.000000000000000000e+00
5.151161985850194469e-07
0.000000000000000000e+00
0.000000000000000000e+00
0.000000000000000000e+00
0.000000000000000000e+00
0.000000000000000000e+00
3.721470420714467764e-08
4.423394983632533695e-08
1.395892581967927981e-06
1.852234504440275487e-06
8.337831758353786427e-09
0.000000000000000000e+00
2.641074388520792127e-06
0.000000000000000000e+00
8.426292552599079499e-09
9.708766128824208863e-07
3.658329861266906846e-09
0.000000000000000000e+00
1.463722060224270649e-10
8.011978636091043882e-09
1.184143805232906743e-08
0.000000000000000000e+00
3.920190394524070143e-09
0.000000000000000000e+00
6.078183787394664250e-07
0.000000000000000000e+00
1.168528562800474901e-08
0.000000000000000000e+00
0.000000000000000000e+00
5.636207944803572900e-08
1.227365373779321089e-07
0.000000000000000000e+00
8.651549876503850101e-08
4.654891402888772234e-11
1.407354233151636436e-07
1.337056119155022316e-06
1.512521293989266269e-06
2.340029254810360726e-07
2.373868213112473313e-08
3.134853727715380955e-07
2.037706735791289248e-06
1.486975431674864012e-09
2.423576228594015447e-09
3.302512538994051283e-07
4.130351669573428808e-07
1.318030399488634430e-06
9.462061711928981822e-08
0.000000000000000000e+00
1.435049412634725741e-09
0.000000000000000000e+00
1.760917456294919248e-08
9.293883884708975529e-09
8.823215047470966965e-09
2.554187972236832138e-07
2.497246214261394925e-07
1.357666832291215542e-07
0.000000000000000000e+00
2.777423446786997374e-08
0.000000000000000000e+00
0.000000000000000000e+00
2.268761107870886917e-07
0.000000000000000000e+00
5.115624070184399130e-12
5.204841002637294878e-09
1.350935474597747543e-10
0.000000000000000000e+00
0.000000000000000000e+00
3.597719455683545675e-09
8.061014966642687796e-09
0.000000000000000000e+00
2.500812223971138337e-09
5.354671728241555684e-08
2.404558330226791441e-08
8.742414014939470235e-10
0.000000000000000000e+00
3.368639411860385735e-08
1.336935540052763827e-08
0.000000000000000000e+00
7.433382798183174600e-09
4.723801794170867652e-07
1.811045480248907324e-10
0.000000000000000000e+00
0.000000000000000000e+00
0.000000000000000000e+00
0.000000000000000000e+00
9.138937606678609882e-09
6.890682691107485880e-09
2.667340792683603468e-10
2.606777904645696253e-09
7.658387812803368888e-10
7.250412636494729668e-06
5.168214300965701113e-08
1.965347564691910520e-06
2.089628470258730886e-09
0.000000000000000000e+00
7.582285661555943079e-07
8.132579054631605686e-09
3.595354485241841758e-07
1.565181378282431979e-06
5.023415283744725457e-08
3.513304847047038493e-08
1.132074203269439749e-06
0.000000000000000000e+00
3.214672403828444658e-07
1.807598891900852323e-06
2.526376263745078177e-08
2.747301550698466599e-06
2.206865357123888316e-09
5.270459269013372250e-07
0.000000000000000000e+00
0.000000000000000000e+00
0.000000000000000000e+00
0.000000000000000000e+00
9.846299775517763919e-09
8.101426196560623794e-09
1.470635879741166718e-06
8.263690287613201235e-10
0.000000000000000000e+00
0.000000000000000000e+00
3.334800524612546724e-08
0.000000000000000000e+00
2.711680213707268194e-09
0.000000000000000000e+00
0.000000000000000000e+00
0.000000000000000000e+00
0.000000000000000000e+00
0.000000000000000000e+00
4.721882618241579621e-08
0.000000000000000000e+00
6.532187235563924332e-09
0.000000000000000000e+00
0.000000000000000000e+00
8.544182250602716522e-09
4.213539028796731145e-08
1.896824208813541190e-08
1.099645672297810961e-07
5.438008376934533317e-10
2.407688048933209757e-09
1.227448478857695591e-06
1.187583986705931238e-08
0.000000000000000000e+00
1.653590629757673014e-06
1.592547205220284923e-10
2.608789145597256720e-06
0.000000000000000000e+00
0.000000000000000000e+00
0.000000000000000000e+00
5.743302011751438840e-08
3.995874919837660855e-07
1.615240279306817683e-07
8.277702079340087948e-09
0.000000000000000000e+00
7.586776007428852608e-08
0.000000000000000000e+00
5.766049415711904658e-09
1.578094277476793650e-08
6.213474534888518974e-08
6.284632259045963565e-10
7.904885279685913702e-08
3.301171602743124822e-07
0.000000000000000000e+00
0.000000000000000000e+00
6.262328611228440423e-08
8.758775038586463779e-08
2.473731797181244474e-07
0.000000000000000000e+00
1.154810433945385739e-06
0.000000000000000000e+00
5.452466211863793433e-08
7.991079797875499935e-09
3.296100281602321047e-09
0.000000000000000000e+00
0.000000000000000000e+00
0.000000000000000000e+00
0.000000000000000000e+00
2.897794004752540786e-09
0.000000000000000000e+00
0.000000000000000000e+00
2.021556921860678813e-09
1.549487621543832461e-10
7.116800926354471812e-09
0.000000000000000000e+00
0.000000000000000000e+00
0.000000000000000000e+00
0.000000000000000000e+00
0.000000000000000000e+00
1.998946288495062618e-07
0.000000000000000000e+00
0.000000000000000000e+00
1.342698681128240423e-07
0.000000000000000000e+00
5.238475972446643425e-11
6.355492576659571569e-09
0.000000000000000000e+00
0.000000000000000000e+00
6.972187271969687572e-09
0.000000000000000000e+00
0.000000000000000000e+00
0.000000000000000000e+00
3.615142629698198107e-10
3.026720651888581415e-09
0.000000000000000000e+00
0.000000000000000000e+00
5.806155201071305783e-08
3.084814537146485236e-08
3.150710581323323822e-09
5.810039116482812460e-09
1.033726171328908094e-08
1.026613816179633432e-08
5.257796260593750048e-07
0.000000000000000000e+00
0.000000000000000000e+00
1.750307099257497612e-08
0.000000000000000000e+00
5.421783839665295091e-07
2.313132085873803589e-07
6.788066997387431911e-08
6.950559168217296246e-07
0.000000000000000000e+00
1.432927998479271992e-09
5.193869583308696747e-07
3.167738071851999848e-08
6.602122182286507268e-10
2.337188931278433301e-08
1.834261382782642613e-07
1.869308619006915251e-07
0.000000000000000000e+00
0.000000000000000000e+00
8.118071548324223841e-09
0.000000000000000000e+00
6.007200379493093934e-12
3.082702093593070458e-08
0.000000000000000000e+00
0.000000000000000000e+00
0.000000000000000000e+00
0.000000000000000000e+00
9.270978651443328999e-09
0.000000000000000000e+00
0.000000000000000000e+00
0.000000000000000000e+00
7.973026752705614228e-12
6.181614331524087902e-09
1.177627700216232753e-11
0.000000000000000000e+00
1.285810746765037038e-08
0.000000000000000000e+00
5.457057028479539440e-11
0.000000000000000000e+00
7.840048610319172440e-09
8.881911317537571904e-10
1.657473741589754468e-10
0.000000000000000000e+00
0.000000000000000000e+00
0.000000000000000000e+00
8.328976264238008298e-08
0.000000000000000000e+00
0.000000000000000000e+00
7.471752661025732323e-10
0.000000000000000000e+00
6.534399688007397344e-10
0.000000000000000000e+00
0.000000000000000000e+00
9.173510875370993745e-07
1.002537150518456599e-10
4.385149452446057694e-07
3.780228610139602097e-07
8.556822876926162280e-07
2.376097540945920628e-07
2.806370602570495976e-08
6.059511292733077426e-07
1.700909990631771507e-07
0.000000000000000000e+00
8.198605883080745116e-08
6.053210768186545465e-07
0.000000000000000000e+00
6.402440817510068882e-07
0.000000000000000000e+00
0.000000000000000000e+00
1.634636305425374303e-06
1.298020748663475388e-07
0.000000000000000000e+00
2.155508582291076891e-06
0.000000000000000000e+00
0.000000000000000000e+00
0.000000000000000000e+00
0.000000000000000000e+00
0.000000000000000000e+00
0.000000000000000000e+00
0.000000000000000000e+00
0.000000000000000000e+00
4.690587362965459306e-10
6.610594294187421838e-09
3.894689015737640148e-09
0.000000000000000000e+00
7.916285960085645002e-10
0.000000000000000000e+00
0.000000000000000000e+00
0.000000000000000000e+00
8.017428285711503122e-07
0.000000000000000000e+00
0.000000000000000000e+00
0.000000000000000000e+00
0.000000000000000000e+00
0.000000000000000000e+00
0.000000000000000000e+00
1.316092692604797776e-07
1.838705998125078622e-06
0.000000000000000000e+00
0.000000000000000000e+00
0.000000000000000000e+00
0.000000000000000000e+00
0.000000000000000000e+00
0.000000000000000000e+00
0.000000000000000000e+00
0.000000000000000000e+00
0.000000000000000000e+00
3.339669945034984266e-07
0.000000000000000000e+00
0.000000000000000000e+00
0.000000000000000000e+00
0.000000000000000000e+00
2.019144034193232073e-07
4.711779411081806757e-08
7.293410320130533364e-09
7.301814264337735949e-08
3.663663861175336933e-08
4.143044520787952933e-07
0.000000000000000000e+00
1.335843649030721281e-07
3.965219548263121396e-06
0.000000000000000000e+00
0.000000000000000000e+00
0.000000000000000000e+00
0.000000000000000000e+00
0.000000000000000000e+00
0.000000000000000000e+00
0.000000000000000000e+00
1.465423451918468345e-06
1.772247487652478526e-10
1.527569963855057722e-07
9.614864460161243187e-09
0.000000000000000000e+00
0.000000000000000000e+00
0.000000000000000000e+00
0.000000000000000000e+00
0.000000000000000000e+00
1.791221848179702647e-06
0.000000000000000000e+00
0.000000000000000000e+00
0.000000000000000000e+00
6.739041182729499369e-12
0.000000000000000000e+00
0.000000000000000000e+00
1.297874376859908807e-07
3.969903072942315703e-09
5.724131724171854785e-10
1.315731079643001067e-09
1.656795411975053867e-08
0.000000000000000000e+00
0.000000000000000000e+00
0.000000000000000000e+00
1.053443270393472631e-07
0.000000000000000000e+00
0.000000000000000000e+00
0.000000000000000000e+00
0.000000000000000000e+00
9.138811485343012464e-09
0.000000000000000000e+00
0.000000000000000000e+00
8.306022536430646142e-09
9.568606351706421265e-09
2.152779510211644265e-09
0.000000000000000000e+00
0.000000000000000000e+00
2.259777964752629487e-08
3.343418875090264919e-10
1.317207761530880816e-06
3.897430989052708128e-11
8.609079031884903088e-07
3.588808965560019715e-07
3.314980858704075217e-07
6.812020387769734953e-07
5.273298953056837490e-08
9.352948637797453557e-08
1.101023940464074258e-06
2.809598299791105092e-06
0.000000000000000000e+00
0.000000000000000000e+00
5.476350928290685260e-09
5.124787261223673340e-10
0.000000000000000000e+00
0.000000000000000000e+00
0.000000000000000000e+00
9.662915090302703902e-07
0.000000000000000000e+00
1.128373283698635987e-09
0.000000000000000000e+00
0.000000000000000000e+00
0.000000000000000000e+00
5.225076815662532681e-09
0.000000000000000000e+00
0.000000000000000000e+00
0.000000000000000000e+00
0.000000000000000000e+00
0.000000000000000000e+00
0.000000000000000000e+00
0.000000000000000000e+00
0.000000000000000000e+00
0.000000000000000000e+00
0.000000000000000000e+00
0.000000000000000000e+00
8.462840428435924878e-10
1.195751386795507187e-09
0.000000000000000000e+00
9.327904004763354351e-10
4.370190431757237093e-09
1.564241074447636493e-07
0.000000000000000000e+00
0.000000000000000000e+00
5.129760172195574341e-09
2.727662096191352248e-09
0.000000000000000000e+00
0.000000000000000000e+00
0.000000000000000000e+00
5.669030134214381178e-09
3.801042591788927894e-09
5.255783808166825111e-09
0.000000000000000000e+00
0.000000000000000000e+00
0.000000000000000000e+00
0.000000000000000000e+00
0.000000000000000000e+00
0.000000000000000000e+00
0.000000000000000000e+00
1.036669132759016065e-07
3.739143721759319305e-06
2.280191750969606801e-07
4.804724540008464828e-06
5.826409640126081757e-14
0.000000000000000000e+00
2.935033762696548365e-07
4.725257407578453694e-10
4.802102271384001142e-09
1.010798000855572809e-09
7.403434096886485349e-07
6.762745918820201041e-11
3.696506434280877329e-10
2.825900082825683057e-07
2.949029180854267906e-07
2.443211633007535966e-09
1.161070372290851083e-06
1.700307272756163002e-08
0.000000000000000000e+00
0.000000000000000000e+00
1.390992432348525654e-09
7.960958114949789888e-09
0.000000000000000000e+00
7.410256586126706679e-08
7.752994690690684365e-09
0.000000000000000000e+00
0.000000000000000000e+00
0.000000000000000000e+00
0.000000000000000000e+00
0.000000000000000000e+00
5.618712162203109983e-09
5.369441851144074462e-07
0.000000000000000000e+00
1.024661742121679708e-07
1.177423936127297566e-09
0.000000000000000000e+00
4.586635782288794871e-07
0.000000000000000000e+00
4.665774877565809220e-09
0.000000000000000000e+00
8.633599577478889842e-07
7.303289084603648007e-09
3.758227951067283357e-09
0.000000000000000000e+00
9.194368431053590029e-07
0.000000000000000000e+00
0.000000000000000000e+00
2.606415421269048238e-07
5.695892202339791766e-09
0.000000000000000000e+00
0.000000000000000000e+00
3.415861593580871158e-09
9.612691087568236981e-09
1.370680024592729751e-06
1.204045702252187766e-06
2.002838450643196211e-10
2.064232091925077839e-07
0.000000000000000000e+00
1.374108506979609956e-07
9.612331552943942370e-08
0.000000000000000000e+00
1.688335160565657134e-08
1.147252675082199858e-07
0.000000000000000000e+00
8.205573998054660478e-09
1.596579011220455868e-07
0.000000000000000000e+00
0.000000000000000000e+00
0.000000000000000000e+00
0.000000000000000000e+00
3.986264651700821560e-09
6.093130000550672776e-09
0.000000000000000000e+00
9.918949217535555363e-09
1.667171622976582057e-09
1.885435280124525548e-10
2.596711397018225398e-07
2.231777898487052880e-06
0.000000000000000000e+00
0.000000000000000000e+00
0.000000000000000000e+00
4.675456910518960285e-09
5.295607508060129476e-09
0.000000000000000000e+00
0.000000000000000000e+00
0.000000000000000000e+00
0.000000000000000000e+00
0.000000000000000000e+00
7.807008373106327781e-10
0.000000000000000000e+00
0.000000000000000000e+00
0.000000000000000000e+00
1.847648967157056177e-08
7.175438909712283930e-09
1.640152014203977160e-08
5.181464501902155462e-08
1.289449436114864511e-09
9.020346691812619611e-10
0.000000000000000000e+00
3.028025901130604325e-07
9.202056006074599281e-09
2.219736074948741589e-07
3.363746170492731835e-09
9.899108590616378933e-07
6.315050565808277838e-11
9.765151354201861977e-09
2.079673239174795185e-10
0.000000000000000000e+00
1.025714595925819594e-06
7.493070164343862416e-09
1.155833317945109684e-09
0.000000000000000000e+00
0.000000000000000000e+00
9.721635052528654342e-09
0.000000000000000000e+00
7.363220447587082162e-06
2.366818307564244606e-06
0.000000000000000000e+00
0.000000000000000000e+00
0.000000000000000000e+00
0.000000000000000000e+00
3.344804710980753271e-10
0.000000000000000000e+00
0.000000000000000000e+00
0.000000000000000000e+00
5.413068882020866113e-10
0.000000000000000000e+00
0.000000000000000000e+00
0.000000000000000000e+00
0.000000000000000000e+00
1.562987295145035205e-09
0.000000000000000000e+00
0.000000000000000000e+00
0.000000000000000000e+00
0.000000000000000000e+00
5.787714925375997410e-12
0.000000000000000000e+00
0.000000000000000000e+00
0.000000000000000000e+00
8.193487666119381174e-09
0.000000000000000000e+00
0.000000000000000000e+00
1.000598159883736571e-09
4.807722575606021564e-08
0.000000000000000000e+00
0.000000000000000000e+00
4.164078006851923419e-07
0.000000000000000000e+00
0.000000000000000000e+00
6.187177064020943362e-07
2.356823347593461904e-10
2.766495299511007033e-07
3.191295832039031666e-07
8.407072016325400909e-08
1.715695361781399697e-06
0.000000000000000000e+00
0.000000000000000000e+00
0.000000000000000000e+00
8.482686553179519251e-09
1.792618377294274978e-06
3.438296971580712125e-07
0.000000000000000000e+00
0.000000000000000000e+00
0.000000000000000000e+00
3.544132098909358319e-09
0.000000000000000000e+00
0.000000000000000000e+00
0.000000000000000000e+00
0.000000000000000000e+00
0.000000000000000000e+00
0.000000000000000000e+00
0.000000000000000000e+00
0.000000000000000000e+00
0.000000000000000000e+00
1.948460379708194523e-07
0.000000000000000000e+00
5.110561307475336434e-09
5.650252266065081130e-09
2.477696048330813028e-09
0.000000000000000000e+00
6.872943880686932516e-10
0.000000000000000000e+00
7.659395784287426068e-09
7.181979455594955652e-09
0.000000000000000000e+00
0.000000000000000000e+00
0.000000000000000000e+00
3.133997950044431491e-08
7.455826178670577065e-09
2.773920648735384020e-09
0.000000000000000000e+00
1.800459585865610279e-07
0.000000000000000000e+00
3.558384520374602289e-08
0.000000000000000000e+00
1.300297203243871991e-08
2.911090746238187421e-08
0.000000000000000000e+00
1.567244645173104800e-08
0.000000000000000000e+00
1.945148209170355358e-10
1.481143319104205602e-09
4.976239420528827395e-10
3.599027422751532868e-07
1.245416747508443223e-08
1.554124082758789882e-07
2.240740570869093062e-07
3.217093536012072263e-10
1.839020935534563250e-09
6.491936765939954057e-09
4.419534516131307100e-09
0.000000000000000000e+00
0.000000000000000000e+00
0.000000000000000000e+00
0.000000000000000000e+00
2.726033843103436993e-09
0.000000000000000000e+00
0.000000000000000000e+00
0.000000000000000000e+00
6.457858603425847832e-08
0.000000000000000000e+00
0.000000000000000000e+00
0.000000000000000000e+00
1.904396285112852638e-08
0.000000000000000000e+00
6.121860796071132427e-09
3.403514692301712330e-10
0.000000000000000000e+00
0.000000000000000000e+00
0.000000000000000000e+00
0.000000000000000000e+00
0.000000000000000000e+00
0.000000000000000000e+00
0.000000000000000000e+00
0.000000000000000000e+00
0.000000000000000000e+00
0.000000000000000000e+00
0.000000000000000000e+00
0.000000000000000000e+00
0.000000000000000000e+00
1.214756406575645542e-09
0.000000000000000000e+00
2.186361758305110925e-09
0.000000000000000000e+00
3.008836957363314468e-09
2.636780349618561559e-09
2.187259951824671589e-06
0.000000000000000000e+00
0.000000000000000000e+00
0.000000000000000000e+00
1.338674393558392239e-09
0.000000000000000000e+00
1.389006598628839129e-07
4.600768477303063264e-07
2.059013297639467055e-07
2.968885404186494270e-08
3.825733951856591375e-09
8.309223744618066121e-07
0.000000000000000000e+00
5.349723330994038406e-09
1.110897414946521167e-06
6.107038430513966887e-09
1.256494925883089309e-07
1.195409140564152040e-06
0.000000000000000000e+00
1.092321667783835437e-06
0.000000000000000000e+00
0.000000000000000000e+00
8.404257414440508001e-07
0.000000000000000000e+00
0.000000000000000000e+00
2.430397216812707484e-07
0.000000000000000000e+00
0.000000000000000000e+00
0.000000000000000000e+00
5.910119504903832421e-09
1.010247530075503164e-08
0.000000000000000000e+00
8.646670934808753373e-09
0.000000000000000000e+00
0.000000000000000000e+00
6.403366281659828019e-09
0.000000000000000000e+00
0.000000000000000000e+00
0.000000000000000000e+00
7.301686810734508981e-09
1.516490821806826261e-09
0.000000000000000000e+00
0.000000000000000000e+00
0.000000000000000000e+00
0.000000000000000000e+00
1.664953841462590844e-09
0.000000000000000000e+00
0.000000000000000000e+00
0.000000000000000000e+00
5.254731094694875537e-10
0.000000000000000000e+00
1.178629371878514576e-08
2.313413460797164589e-09
8.165115694680480374e-09
5.806814442621544003e-07
0.000000000000000000e+00
0.000000000000000000e+00
0.000000000000000000e+00
0.000000000000000000e+00
0.000000000000000000e+00
0.000000000000000000e+00
5.367071231887621252e-09
0.000000000000000000e+00
0.000000000000000000e+00
9.338911155509777018e-08
5.734618184760620352e-07
0.000000000000000000e+00
4.239996371779852780e-07
7.126543550839414820e-07
0.000000000000000000e+00
1.525122667045408775e-10
2.577854729679529555e-08
4.143826670688355307e-10
0.000000000000000000e+00
0.000000000000000000e+00
1.069842651968411218e-11
0.000000000000000000e+00
5.419965587449837585e-10
0.000000000000000000e+00
0.000000000000000000e+00
1.032392589195296750e-07
1.068391881631214346e-07
1.259784387919182791e-09
9.275606949188386352e-09
3.959593541935646499e-09
1.346872058327619470e-09
3.032113671253000575e-09
0.000000000000000000e+00
2.928716185124358162e-07
0.000000000000000000e+00
0.000000000000000000e+00
1.652642023231010171e-09
0.000000000000000000e+00
7.140492641610762803e-09
6.105387306831744354e-09
0.000000000000000000e+00
0.000000000000000000e+00
0.000000000000000000e+00
0.000000000000000000e+00
0.000000000000000000e+00
1.420981388111641763e-10
3.418906546759359344e-10
8.498091674802310536e-10
4.980211354421726355e-09
0.000000000000000000e+00
0.000000000000000000e+00
0.000000000000000000e+00
0.000000000000000000e+00
5.019426541075233672e-10
3.606140941414537338e-10
0.000000000000000000e+00
0.000000000000000000e+00
1.025992180103685314e-09
0.000000000000000000e+00
3.870343334710923955e-07
2.244931351924606133e-09
0.000000000000000000e+00
0.000000000000000000e+00
0.000000000000000000e+00
0.000000000000000000e+00
0.000000000000000000e+00
0.000000000000000000e+00
0.000000000000000000e+00
0.000000000000000000e+00
3.044848401190236586e-11
2.896460626899965973e-09
1.223687817741847539e-10
6.208058511703029581e-10
5.872196197742596269e-06
2.380322328132677967e-10
2.439931222397717647e-06
0.000000000000000000e+00
1.919265457672736375e-07
8.938045539252925664e-07
1.156589135575813998e-07
3.018944596533401636e-07
0.000000000000000000e+00
0.000000000000000000e+00
1.506999410594289657e-06
0.000000000000000000e+00
0.000000000000000000e+00
7.601676621504793729e-09
3.923795954818842802e-09
1.220629430864761389e-10
0.000000000000000000e+00
1.112238976475055097e-07
1.620611556063522585e-06
1.368319090033764951e-06
2.026459071657882305e-07
1.601828898856183514e-06
0.000000000000000000e+00
0.000000000000000000e+00
5.814515535718101091e-09
1.171051922099763942e-09
4.485879685489635449e-07
0.000000000000000000e+00
0.000000000000000000e+00
0.000000000000000000e+00
0.000000000000000000e+00
9.329495398446852050e-09
3.545235216506625875e-09
1.247796717507299036e-06
0.000000000000000000e+00
0.000000000000000000e+00
0.000000000000000000e+00
0.000000000000000000e+00
0.000000000000000000e+00
0.000000000000000000e+00
0.000000000000000000e+00
0.000000000000000000e+00
6.468199753584258360e-09
1.860184228874572909e-09
2.051613101627935976e-09
2.783635322245459065e-09
6.025477006232904387e-08
9.569605108339374056e-10
5.782671008702777726e-10
0.000000000000000000e+00
7.661046907969648601e-09
0.000000000000000000e+00
1.483074552055541062e-09
0.000000000000000000e+00
0.000000000000000000e+00
0.000000000000000000e+00
2.762248030308001034e-08
6.298161103757138335e-09
1.638599655962025281e-08
0.000000000000000000e+00
2.030338031033807056e-08
0.000000000000000000e+00
0.000000000000000000e+00
2.985895752871670084e-09
7.812776061655313242e-07
1.033031349351176686e-08
0.000000000000000000e+00
0.000000000000000000e+00
1.050521163392659219e-07
1.526980852872839023e-08
1.289914841606787377e-10
1.204501054452578046e-09
0.000000000000000000e+00
0.000000000000000000e+00
0.000000000000000000e+00
2.693126646136079216e-07
0.000000000000000000e+00
5.445479622778748308e-10
0.000000000000000000e+00
0.000000000000000000e+00
1.132578919538218543e-09
0.000000000000000000e+00
0.000000000000000000e+00
0.000000000000000000e+00
6.709898343615350313e-07
0.000000000000000000e+00
0.000000000000000000e+00
0.000000000000000000e+00
0.000000000000000000e+00
0.000000000000000000e+00
0.000000000000000000e+00
4.737323422432382358e-09
0.000000000000000000e+00
3.200368894340499537e-07
3.262058401176659572e-10
9.818608148748353415e-10
3.028749029354571576e-09
0.000000000000000000e+00
0.000000000000000000e+00
0.000000000000000000e+00
0.000000000000000000e+00
0.000000000000000000e+00
0.000000000000000000e+00
9.979608250887395116e-10
0.000000000000000000e+00
9.871200745692476630e-07
8.301162424118047056e-09
4.742988153338956181e-07
0.000000000000000000e+00
0.000000000000000000e+00
0.000000000000000000e+00
1.072225641607360558e-09
1.640525759682986973e-08
1.749631662424297462e-13
6.329462509668815073e-10
4.177369561375599005e-10
9.460901395641485578e-09
4.887342974768671411e-09
6.154922793655259738e-09
1.585260811509670020e-08
5.925639534609672410e-09
0.000000000000000000e+00
0.000000000000000000e+00
8.559193354074068338e-09
4.961590027718898455e-10
2.065321496047545224e-07
0.000000000000000000e+00
0.000000000000000000e+00
0.000000000000000000e+00
0.000000000000000000e+00
7.773267030053432336e-10
0.000000000000000000e+00
0.000000000000000000e+00
0.000000000000000000e+00
0.000000000000000000e+00
0.000000000000000000e+00
8.929355033160391031e-09
5.233177446939407673e-08
0.000000000000000000e+00
5.896166044294659514e-08
0.000000000000000000e+00
1.509229363705344440e-08
7.090442899482241046e-09
0.000000000000000000e+00
3.892356659207507619e-09
8.265608197888241193e-10
0.000000000000000000e+00
0.000000000000000000e+00
0.000000000000000000e+00
0.000000000000000000e+00
6.198249469235861397e-09
0.000000000000000000e+00
4.484370208501786692e-09
0.000000000000000000e+00
0.000000000000000000e+00
0.000000000000000000e+00
0.000000000000000000e+00
7.399359560622542631e-07
4.464907998880107698e-09
1.239031774957766174e-07
0.000000000000000000e+00
5.463220418278069701e-07
3.038963996004895307e-07
7.778548365422466304e-07
0.000000000000000000e+00
3.606605503136961488e-07
0.000000000000000000e+00
0.000000000000000000e+00
3.223845190802876459e-09
0.000000000000000000e+00
0.000000000000000000e+00
0.000000000000000000e+00
1.640811264635999578e-09
0.000000000000000000e+00
8.072581714202442527e-09
0.000000000000000000e+00
1.309185648779020994e-07
6.846183620012880056e-09
1.002253502413452679e-09
0.000000000000000000e+00
1.032265384282027298e-08
0.000000000000000000e+00
3.223226796578160247e-09
1.656056625165547302e-08
6.903894345100525243e-09
4.248388446592699097e-11
4.370425301658542594e-07
6.922909960849210620e-06
1.424280213768724934e-07
7.710604222666006535e-06
1.341100954732610262e-07
0.000000000000000000e+00
4.382057795737637207e-06
5.218432264086914074e-08
4.619131743766047293e-10
1.090950316195993253e-10
0.000000000000000000e+00
9.462744365862363338e-09
0.000000000000000000e+00
7.626178022412943847e-10
0.000000000000000000e+00
9.422673578896034741e-12
7.525904344163336646e-09
0.000000000000000000e+00
0.000000000000000000e+00
0.000000000000000000e+00
1.224396917187675626e-09
1.658861492614960298e-09
2.145432517863810062e-06
4.652700340557203162e-07
2.349993621919566067e-08
0.000000000000000000e+00
1.225993639941691526e-09
0.000000000000000000e+00
4.489389993977965787e-06
2.796423075324128149e-07
5.740264263920380472e-09
1.092217587483901298e-07
4.690245532401604578e-06
0.000000000000000000e+00
0.000000000000000000e+00
2.420569522598725598e-09
1.008077232800275169e-10
7.108309052483718915e-09
2.059593384728941601e-08
2.598112391893891981e-09
0.000000000000000000e+00
1.700731289133727842e-08
0.000000000000000000e+00
6.962454168757403750e-09
1.782243657544313464e-06
2.288008227324667132e-09
1.546305128385938588e-07
0.000000000000000000e+00
7.837000381982761610e-09
0.000000000000000000e+00
2.742297278146565986e-09
1.848879946919623762e-07
1.051452045430778526e-06
2.246399333216686500e-07
0.000000000000000000e+00
9.009248902458466546e-11
8.634170039090866000e-14
0.000000000000000000e+00
0.000000000000000000e+00
0.000000000000000000e+00
0.000000000000000000e+00
0.000000000000000000e+00
5.983627033856464550e-07
4.952501964083921848e-09
4.583188911055913195e-06
3.839174311792703520e-09
0.000000000000000000e+00
0.000000000000000000e+00
1.053710452225686822e-10
0.000000000000000000e+00
5.178447963771759532e-07
1.017028061767177860e-08
2.518568749110272620e-07
1.498529356158684323e-10
2.905309104406228471e-09
7.029532511637626158e-09
5.022524263154082291e-08
2.385210962074779673e-07
1.329408672035015115e-08
6.468775950452254619e-07
6.810896593378856778e-07
0.000000000000000000e+00
2.740241145104960196e-09
0.000000000000000000e+00
0.000000000000000000e+00
0.000000000000000000e+00
2.299078927237019343e-09
3.571072966224164702e-06
9.587397471477743238e-07
0.000000000000000000e+00
6.048219258758535943e-09
6.659704467892879620e-07
0.000000000000000000e+00
2.165720616176258773e-06
0.000000000000000000e+00
0.000000000000000000e+00
0.000000000000000000e+00
0.000000000000000000e+00
1.491026466737821465e-07
0.000000000000000000e+00
4.419561960844475834e-08
3.886178046030863698e-09
0.000000000000000000e+00
2.409961552984896116e-06
8.776271265276136546e-09
0.000000000000000000e+00
0.000000000000000000e+00
3.016113470089010207e-10
0.000000000000000000e+00
1.858323344094969798e-07
0.000000000000000000e+00
5.110287193410556483e-10
7.096186749322441756e-09
5.941116043572947092e-08
2.759010797603878018e-10
2.781942037843876392e-11
1.550643780046101483e-10
8.740074441959677642e-09
6.721741385717905359e-09
2.394173304054447726e-09
5.858977942807541694e-07
5.955930193479730406e-10
9.807687106899720675e-09
9.681714630005444633e-08
0.000000000000000000e+00
7.776310262386232353e-09
4.639328835764899850e-06
0.000000000000000000e+00
0.000000000000000000e+00
2.150532862899012798e-09
1.327393639449780949e-09
2.588078862331144592e-09
0.000000000000000000e+00
0.000000000000000000e+00
0.000000000000000000e+00
0.000000000000000000e+00
2.214899907926337619e-08
1.207621824761417884e-08
2.079939775967432070e-08
0.000000000000000000e+00
0.000000000000000000e+00
1.572627610357812955e-07
1.853935884810198331e-07
4.336188510478677927e-07
7.168091897824524494e-09
3.828685146700649966e-10
1.153956077359907795e-07
2.676407575563644059e-06
4.351750817477295641e-07
0.000000000000000000e+00
1.084873435530653296e-08
1.043864870098332176e-07
2.364552074141101912e-07
0.000000000000000000e+00
0.000000000000000000e+00
1.006503907774458639e-06
4.529266739439208322e-09
0.000000000000000000e+00
6.741449620761841288e-09
0.000000000000000000e+00
6.213873304794503838e-10
1.861579335127316881e-07
9.407332690614111925e-09
0.000000000000000000e+00
1.827306014834384484e-11
5.689787530016587880e-10
5.801790159409847547e-09
1.576059074914759606e-11
6.842308941656938259e-10
1.155966208171710363e-11
0.000000000000000000e+00
1.164046850021804858e-07
6.829190102308757560e-09
4.158795530173620136e-10
0.000000000000000000e+00
1.153015816157676454e-08
0.000000000000000000e+00
4.433158665051450953e-06
0.000000000000000000e+00
3.567689033090459816e-09
9.473341577859173412e-08
9.348064544667522568e-10
1.658872483822904087e-09
0.000000000000000000e+00
3.199669890818768181e-06
2.244741153845097870e-06
0.000000000000000000e+00
0.000000000000000000e+00
1.536854865591408270e-09
8.084893643456325663e-09
3.757233457690745126e-08
2.668370413516640838e-09
1.685114980887192360e-08
1.064537569206436274e-09
8.488773239889724209e-09
4.640568107561193756e-08
0.000000000000000000e+00
1.567897811582952272e-08
3.160553418979361595e-08
3.514007418381481784e-10
3.882573818003720589e-09
0.000000000000000000e+00
0.000000000000000000e+00
0.000000000000000000e+00
4.608486960933078080e-07
3.174851700982195268e-11
2.515064601027461322e-08
0.000000000000000000e+00
1.028864993202205369e-08
5.060115659816233347e-10
2.455127878775442696e-09
1.399024091019995808e-10
1.119206771704739367e-08
6.651139869973121677e-07
2.197740229803457623e-07
2.404814836154400837e-07
0.000000000000000000e+00
0.000000000000000000e+00
0.000000000000000000e+00
7.198772209449089132e-07
0.000000000000000000e+00
2.446598500682739541e-06
8.584842703385220375e-07
1.532169169315977797e-09
1.995312857161479769e-07
0.000000000000000000e+00
1.853573792232054984e-07
3.572246720651151008e-09
0.000000000000000000e+00
4.195104708060171106e-09
1.280760475452780156e-08
1.792516468590577006e-09
7.636619159256952116e-08
4.748279547328593253e-10
1.086665779581608149e-08
2.478295346719505687e-12
0.000000000000000000e+00
1.046746319843805395e-06
0.000000000000000000e+00
6.129827312406632700e-08
2.383886794632417150e-06
0.000000000000000000e+00
9.513918541870225454e-08
0.000000000000000000e+00
0.000000000000000000e+00
7.719014760709796974e-09
0.000000000000000000e+00
0.000000000000000000e+00
0.000000000000000000e+00
9.411726864527736325e-08
0.000000000000000000e+00
0.000000000000000000e+00
2.771687590552573965e-08
7.605400753618596354e-09
8.455312467958719935e-07
2.750712724264303688e-08
0.000000000000000000e+00
3.166095607909369392e-09
1.828550422189323399e-09
0.000000000000000000e+00
2.208013029303401709e-06
6.436416288835289379e-09
3.350658914769155672e-07
3.260722451159381308e-06
2.288658151883282699e-09
6.481606362740421901e-09
1.929608743012067862e-06
5.579106066022632149e-09
3.324654755942901829e-07
4.298881250974773138e-08
3.614376575811206749e-09
4.125750763250835007e-08
0.000000000000000000e+00
0.000000000000000000e+00
1.412629035968393509e-08
1.693676643377273194e-09
0.000000000000000000e+00
2.027747414423686223e-10
3.070005583083457168e-09
1.206815092302804260e-09
0.000000000000000000e+00
1.203625288326293230e-07
9.832678005139428024e-10
5.305049853632226586e-06
0.000000000000000000e+00
0.000000000000000000e+00
0.000000000000000000e+00
0.000000000000000000e+00
0.000000000000000000e+00
4.231106913721305318e-07
0.000000000000000000e+00
0.000000000000000000e+00
2.342122087384268525e-07
1.084741851897774723e-09
9.146610691068701726e-10
4.389962351969423082e-12
0.000000000000000000e+00
1.201526256267015924e-08
1.317823805635498502e-08
1.602740212547359988e-06
1.844439196929670288e-07
0.000000000000000000e+00
9.352184804356511449e-09
0.000000000000000000e+00
0.000000000000000000e+00
5.360749177896195761e-09
0.000000000000000000e+00
4.421525368059064931e-09
1.414000735167064704e-06
2.529732867628808890e-09
0.000000000000000000e+00
0.000000000000000000e+00
3.235627987763223246e-09
1.175456958435461274e-07
0.000000000000000000e+00
0.000000000000000000e+00
0.000000000000000000e+00
0.000000000000000000e+00
0.000000000000000000e+00
0.000000000000000000e+00
9.841031989310522476e-09
2.037070743199365097e-07
0.000000000000000000e+00
4.920381613260360609e-08
0.000000000000000000e+00
3.186503505503424094e-09
2.042885860475962545e-09
1.041230575538065750e-06
0.000000000000000000e+00
3.360584514666697942e-06
1.766644608380829595e-09
3.165588680076325545e-09
0.000000000000000000e+00
2.132849431291106157e-06
0.000000000000000000e+00
6.189491159602766857e-06
0.000000000000000000e+00
0.000000000000000000e+00
3.737919307411630143e-09
0.000000000000000000e+00
0.000000000000000000e+00
3.480516141962652910e-08
3.874547019222518429e-06
0.000000000000000000e+00
0.000000000000000000e+00
0.000000000000000000e+00
2.445696756225856916e-09
3.209257970482326527e-09
1.861609604247860261e-07
5.928159225732088089e-07
0.000000000000000000e+00
4.951823839860480803e-09
1.944635771855551809e-11
4.229407449263256069e-11
9.167074876970104924e-10
0.000000000000000000e+00
1.075320369636756368e-06
0.000000000000000000e+00
0.000000000000000000e+00
0.000000000000000000e+00
0.000000000000000000e+00
0.000000000000000000e+00
1.896888202068680584e-09
0.000000000000000000e+00
0.000000000000000000e+00
0.000000000000000000e+00
0.000000000000000000e+00
0.000000000000000000e+00
0.000000000000000000e+00
0.000000000000000000e+00
0.000000000000000000e+00
2.996347170380886382e-09
7.749013875013588404e-09
1.391945170237107732e-10
0.000000000000000000e+00
0.000000000000000000e+00
0.000000000000000000e+00
1.431803386964247693e-08
7.779502375626634603e-09
3.049495944651425816e-08
0.000000000000000000e+00
0.000000000000000000e+00
5.583973838874101148e-10
0.000000000000000000e+00
1.005515226637498927e-08
5.774243749812058013e-09
0.000000000000000000e+00
9.690297609471487661e-13
6.207677483160978227e-09
1.204697886586503230e-11
6.876192948368498037e-09
0.000000000000000000e+00
0.000000000000000000e+00
5.602347474820135176e-09
9.054630378813044445e-10
2.234067597584044051e-09
2.883401573061661338e-10
7.663595056328631472e-07
4.058528304540232057e-07
3.807839021874315222e-08
3.227941078876028769e-07
8.571269027868311241e-09
0.000000000000000000e+00
2.480276179994689301e-06
0.000000000000000000e+00
0.000000000000000000e+00
2.653862907209258992e-09
1.957915385375486039e-09
0.000000000000000000e+00
0.000000000000000000e+00
0.000000000000000000e+00
0.000000000000000000e+00
1.498449790915401536e-07
2.713980255808490227e-11
1.336707189381058924e-09
0.000000000000000000e+00
0.000000000000000000e+00
3.294035877399181800e-11
6.099966753936314490e-09
2.184471270538779208e-09
1.839566721173468977e-09
1.179169117904166342e-07
5.638118878020792479e-12
1.293182116945956750e-09
9.891249419524683617e-07
0.000000000000000000e+00
6.812761910168774193e-08
0.000000000000000000e+00
1.885494147965682821e-12
7.737871676738450333e-09
0.000000000000000000e+00
6.235234195628436282e-07
0.000000000000000000e+00
0.000000000000000000e+00
0.000000000000000000e+00
7.762051446036366542e-09
0.000000000000000000e+00
2.751837655523559079e-06
0.000000000000000000e+00
0.000000000000000000e+00
3.443470118422164994e-12
0.000000000000000000e+00
3.042404939090914695e-10
0.000000000000000000e+00
0.000000000000000000e+00
2.261948961468362995e-10
0.000000000000000000e+00
0.000000000000000000e+00
5.501202604563104614e-09
6.706736943584701294e-09
6.958217890762341540e-10
0.000000000000000000e+00
1.192043574960166552e-09
0.000000000000000000e+00
1.335298798615935922e-11
4.172751921771578054e-09
1.231967083903384719e-09
6.763539506238203103e-09
0.000000000000000000e+00
0.000000000000000000e+00
0.000000000000000000e+00
1.588343707226158585e-06
1.948827232922667463e-08
0.000000000000000000e+00
1.471368138439288487e-09
1.335968136118026450e-08
5.277213777077349732e-09
0.000000000000000000e+00
1.528281516095797432e-12
3.320403436646301998e-07
0.000000000000000000e+00
5.170523731390375133e-11
1.841494167820201255e-06
1.679146954813859338e-08
1.422415039087354671e-07
0.000000000000000000e+00
8.095113468442605154e-10
5.221082233219931368e-08
4.005727589628804708e-07
2.062249961909401463e-07
2.773462881577870576e-08
1.632042085475404747e-06
0.000000000000000000e+00
0.000000000000000000e+00
1.563678750926555949e-07
7.120353195944062463e-10
0.000000000000000000e+00
9.574824488822741841e-09
4.676561715655225271e-08
3.933143091217061738e-07
1.374920088892395142e-08
0.000000000000000000e+00
1.152784712132870482e-08
1.069224486727193835e-09
5.065878272425550222e-10
0.000000000000000000e+00
0.000000000000000000e+00
0.000000000000000000e+00
2.429121650493470952e-06
2.431277046355262428e-08
0.000000000000000000e+00
2.228842527207675062e-10
6.703363197857470368e-08
6.147379050247536725e-09
0.000000000000000000e+00
0.000000000000000000e+00
4.454468793824162276e-08
1.016721373758855407e-08
0.000000000000000000e+00
0.000000000000000000e+00
1.457586449760128744e-06
0.000000000000000000e+00
0.000000000000000000e+00
1.570853100929525681e-06
0.000000000000000000e+00
1.846846515718425508e-07
3.330203526274999604e-07
0.000000000000000000e+00
0.000000000000000000e+00
0.000000000000000000e+00
1.004623606526422464e-09
3.584470914530513141e-11
0.000000000000000000e+00
0.000000000000000000e+00
2.108092145292062014e-09
0.000000000000000000e+00
9.663042588314851855e-10
0.000000000000000000e+00
0.000000000000000000e+00
0.000000000000000000e+00
0.000000000000000000e+00
2.955595768128205236e-10
1.191033138780994705e-08
0.000000000000000000e+00
4.135022546591926584e-09
6.072188796224509133e-08
0.000000000000000000e+00
0.000000000000000000e+00
2.567488266436157573e-08
0.000000000000000000e+00
0.000000000000000000e+00
0.000000000000000000e+00
5.947989123455954541e-08
0.000000000000000000e+00
9.105571407985735277e-09
6.456258461184916086e-08
0.000000000000000000e+00
2.862666121927759377e-07
0.000000000000000000e+00
9.498887010295220534e-09
0.000000000000000000e+00
5.233997057985106949e-07
2.895783168810339703e-09
7.459092188355498365e-08
1.916498781895370485e-08
0.000000000000000000e+00
4.974183411832200363e-07
1.047368073159304913e-06
0.000000000000000000e+00
0.000000000000000000e+00
0.000000000000000000e+00
6.122703233302217996e-09
0.000000000000000000e+00
9.641419218553437531e-09
4.500976480414919934e-09
0.000000000000000000e+00
0.000000000000000000e+00
0.000000000000000000e+00
0.000000000000000000e+00
0.000000000000000000e+00
2.929480125146710634e-08
4.057023467174403208e-11
3.481218868728319649e-08
7.758518272282799444e-09
0.000000000000000000e+00
3.558961347849276535e-09
0.000000000000000000e+00
0.000000000000000000e+00
0.000000000000000000e+00
0.000000000000000000e+00
0.000000000000000000e+00
6.809192321099999390e-09
0.000000000000000000e+00
1.587648590373191837e-08
1.378621883318942309e-09
2.079371874685875810e-08
0.000000000000000000e+00
1.743361224271211540e-07
0.000000000000000000e+00
0.000000000000000000e+00
7.289318038061765037e-10
5.346255438354319267e-09
5.751682579102634918e-07
1.044301640718003910e-07
1.707280317120307700e-09
4.680616338958998313e-09
0.000000000000000000e+00
0.000000000000000000e+00
0.000000000000000000e+00
1.033125585081506870e-09
8.883101259016257245e-07
0.000000000000000000e+00
0.000000000000000000e+00
6.045242084695701124e-09
0.000000000000000000e+00
1.275589078808536669e-09
3.479392063354680431e-08
1.112480441101126871e-09
0.000000000000000000e+00
4.580418590194312856e-06
2.513428132289163841e-09
3.629770706226054244e-09
1.037839925110972672e-09
4.100707826637517428e-07
1.264982415705162566e-06
3.142511806331071966e-09
3.690949768042628421e-10
1.353857470576258493e-07
0.000000000000000000e+00
5.413136605625368247e-08
3.525427985096030170e-07
6.012574544911331031e-07
6.382233550539240241e-07
9.108478415953413787e-10
2.250399200320885029e-09
9.140033868648700377e-11
9.511163412412315665e-09
4.569509659546611147e-09
0.000000000000000000e+00
0.000000000000000000e+00
0.000000000000000000e+00
0.000000000000000000e+00
0.000000000000000000e+00
4.927708374680150882e-08
2.527789977335714866e-09
0.000000000000000000e+00
5.523499435611256558e-10
2.802732751661096700e-06
6.209787350996975874e-09
4.820803478633450823e-12
0.000000000000000000e+00
3.757431343842654314e-08
3.216281962981071274e-10
0.000000000000000000e+00
4.043583956558904902e-08
4.052081692407227820e-08
0.000000000000000000e+00
1.637055074832360901e-11
6.714796687429247513e-12
1.866199106359545112e-08
2.472113465046277270e-07
0.000000000000000000e+00
1.728531540123867671e-09
2.995899361923903825e-10
5.898888844058092218e-07
0.000000000000000000e+00
2.702564838585885809e-09
8.753587438237175888e-11
5.041833901486825198e-07
3.992355057658159012e-11
1.046457100528641604e-06
4.448372337151340616e-08
0.000000000000000000e+00
3.275635435784352012e-06
0.000000000000000000e+00
0.000000000000000000e+00
0.000000000000000000e+00
0.000000000000000000e+00
5.758668542021894154e-10
0.000000000000000000e+00
7.170718879789816924e-11
4.896516178631848959e-11
2.314450675555690395e-08
0.000000000000000000e+00
1.966607543479881315e-09
0.000000000000000000e+00
4.968921984982443973e-08
5.703574945670197849e-09
5.164901040188851766e-08
1.416509909368812714e-09
3.288585617156059016e-07
0.000000000000000000e+00
2.553129485605154514e-09
0.000000000000000000e+00
1.535916061001785238e-09
1.515104819382884216e-09
1.727010534580131207e-09
2.271941035303370882e-08
3.575600926453148531e-10
4.326324187786667608e-09
0.000000000000000000e+00
5.838740158026212157e-09
0.000000000000000000e+00
0.000000000000000000e+00
0.000000000000000000e+00
6.892600205865573315e-12
3.762001909990431159e-08
7.881398289555363590e-08
9.833811098758360458e-09
4.198401626354097971e-10
9.875369642031728290e-07
0.000000000000000000e+00
0.000000000000000000e+00
0.000000000000000000e+00
1.423223094931813648e-09
1.209954691994141740e-09
8.831006539367081132e-07
5.285986925951391413e-11
1.290961781919008899e-10
2.134104741882691947e-12
2.817253275111397670e-08
1.424926510118496026e-09
0.000000000000000000e+00
1.094914506283295452e-10
0.000000000000000000e+00
0.000000000000000000e+00
2.055879555484807497e-08
0.000000000000000000e+00
0.000000000000000000e+00
0.000000000000000000e+00
6.375727945595599522e-09
2.690231859503455780e-08
0.000000000000000000e+00
0.000000000000000000e+00
0.000000000000000000e+00
0.000000000000000000e+00
1.421393558409533853e-09
0.000000000000000000e+00
0.000000000000000000e+00
0.000000000000000000e+00
4.399165391077985987e-06
0.000000000000000000e+00
0.000000000000000000e+00
0.000000000000000000e+00
0.000000000000000000e+00
0.000000000000000000e+00
0.000000000000000000e+00
0.000000000000000000e+00
0.000000000000000000e+00
1.083291456538404418e-09
2.975551804951237500e-09
2.649059638315520715e-09
1.536749323349795304e-07
7.044675385259324685e-07
0.000000000000000000e+00
1.285881552348655532e-07
6.100393523666980400e-10
0.000000000000000000e+00
0.000000000000000000e+00
0.000000000000000000e+00
2.480647076641417925e-10
9.707061110475478927e-08
6.602716151604681727e-09
1.052072434504225384e-06
0.000000000000000000e+00
1.036795538311707787e-08
3.404524022698751651e-07
6.192746870858911734e-10
3.005886872742280502e-09
0.000000000000000000e+00
6.656745199506985955e-07
0.000000000000000000e+00
0.000000000000000000e+00
1.519238068681261211e-10
0.000000000000000000e+00
0.000000000000000000e+00
6.099206473209051182e-09
5.207436704068868494e-09
0.000000000000000000e+00
9.354063301714177214e-09
9.788075239214322210e-09
0.000000000000000000e+00
3.145173677054913242e-09
0.000000000000000000e+00
1.351947331862390911e-09
0.000000000000000000e+00
0.000000000000000000e+00
0.000000000000000000e+00
0.000000000000000000e+00
1.559200590861564706e-08
3.256216407621081999e-09
3.686472993535971909e-08
0.000000000000000000e+00
7.206937824300041484e-10
0.000000000000000000e+00
0.000000000000000000e+00
3.498562828330165075e-10
0.000000000000000000e+00
0.000000000000000000e+00
2.915716379447985673e-08
2.961786926825027422e-10
0.000000000000000000e+00
8.228536962917587516e-09
2.976871016358018096e-08
0.000000000000000000e+00
2.638190360615411123e-11
2.900131619298917940e-07
9.736412920346992905e-08
0.000000000000000000e+00
4.565942346435036825e-10
4.222401628339866875e-07
8.186382274288916960e-07
2.702127632758788423e-09
0.000000000000000000e+00
3.357982566055267570e-13
0.000000000000000000e+00
0.000000000000000000e+00
0.000000000000000000e+00
0.000000000000000000e+00
0.000000000000000000e+00
2.485018740117084235e-06
0.000000000000000000e+00
9.099952791302712285e-08
0.000000000000000000e+00
0.000000000000000000e+00
0.000000000000000000e+00
0.000000000000000000e+00
1.004781813307431548e-09
0.000000000000000000e+00
1.690797724052117701e-09
0.000000000000000000e+00
2.291272949150879867e-07
1.997802590025798963e-09
4.940261977282034422e-09
4.963378319455813426e-11
0.000000000000000000e+00
6.512397288105375992e-09
7.888114605947293967e-10
0.000000000000000000e+00
0.000000000000000000e+00
3.524751671091230776e-11
0.000000000000000000e+00
0.000000000000000000e+00
6.524364160043205629e-09
1.197463603830328793e-07
4.855755797450456157e-10
0.000000000000000000e+00
1.660235143807753389e-10
0.000000000000000000e+00
7.323058071051491424e-08
0.000000000000000000e+00
0.000000000000000000e+00
0.000000000000000000e+00
1.120369688578648493e-06
4.732263469975350745e-09
5.232027376449177591e-13
5.257599688945902017e-09
6.109403781484612495e-12
4.584836688081850298e-08
4.564635780468506709e-09
7.535273738312753267e-09
1.010779087096125295e-07
5.136158506502397358e-06
7.414658966808929108e-07
4.695494215667395110e-09
4.979256562620548721e-09
8.849174832903372589e-07
5.503120181771237185e-09
0.000000000000000000e+00
8.345069524295922747e-09
7.574137983468176571e-10
1.063210447682649828e-06
0.000000000000000000e+00
0.000000000000000000e+00
0.000000000000000000e+00
5.268270708569389171e-09
0.000000000000000000e+00
1.349674372264075828e-09
4.472390791043778790e-10
0.000000000000000000e+00
7.798810902626129860e-11
9.200660677777250385e-09
7.032248561245069141e-09
3.201454379375689996e-10
7.487806641393035534e-08
4.596346914187421362e-10
0.000000000000000000e+00
2.208770766287670995e-08
4.352759574999254255e-08
3.369241829975777591e-10
9.246874377311087301e-09
0.000000000000000000e+00
0.000000000000000000e+00
1.629957835369566510e-09
0.000000000000000000e+00
4.824720463147968985e-07
5.399883562517970859e-08
3.473379139862231568e-09
0.000000000000000000e+00
0.000000000000000000e+00
0.000000000000000000e+00
0.000000000000000000e+00
0.000000000000000000e+00
0.000000000000000000e+00
0.000000000000000000e+00
4.256037744454488347e-09
0.000000000000000000e+00
8.319366529008220823e-09
0.000000000000000000e+00
0.000000000000000000e+00
6.570291866125899105e-09
2.749253515815786031e-12
0.000000000000000000e+00
0.000000000000000000e+00
0.000000000000000000e+00
4.068431636028435605e-08
2.721071950873010792e-06
3.223784128536522076e-09
3.125564376205147710e-07
3.984642944487859495e-07
5.106351750328030903e-07
1.004139448923524469e-06
8.244155651482287794e-07
0.000000000000000000e+00
0.000000000000000000e+00
1.573699535128980642e-07
6.441340794083316723e-09
0.000000000000000000e+00
0.000000000000000000e+00
1.302294827532080035e-09
0.000000000000000000e+00
0.000000000000000000e+00
1.445917696685228293e-08
8.254760786030601594e-08
4.159694100280830753e-08
4.434295078681316227e-06
7.548327829454137827e-08
8.770935089330578194e-09
8.611333157659828430e-08
1.547268084323150106e-06
5.694292894986574538e-07
1.481612912357377354e-06
1.835240368563972879e-06
5.904311706217413303e-09
6.177227760417736135e-07
2.871701632045642327e-08
1.050529974122582644e-08
3.471905785090712016e-08
1.086644374481693376e-07
3.595527005018084310e-06
1.895370900228954270e-07
1.630972548127829214e-07
1.732704220103187254e-07
1.346564282300732884e-08
5.266346647658792790e-07
3.829643731023679720e-07
3.294297812317381613e-06
1.645700422159279697e-06
2.342413836231571622e-06
4.764827394865278620e-07
1.632679555996219278e-07
6.328345421025005635e-07
9.220089580708190624e-09
4.657330632262812742e-10
4.570028622197241930e-08
7.750612596169048629e-09
3.495074807347009482e-08
1.168838025478180498e-06
3.263515736762201414e-06
7.918800406514492352e-07
1.192685886053368449e-06
9.217259275828837417e-07
5.670387963618850335e-07
6.887937047395098489e-07
6.168228150471577464e-10
1.392387449783427655e-08
7.695891213188588154e-08
0.000000000000000000e+00
2.162395844607090112e-07
5.004903300687146839e-07
1.361760723739280365e-06
4.655644261220004410e-07
1.536088007014768664e-06
2.126335330032702586e-09
3.433252970808098326e-08
4.968585471942787990e-07
4.323610802714483725e-09
6.726000378876051400e-08
1.428522068636084441e-06
1.825620302042807452e-06
1.608568140909483191e-06
7.685375891242074431e-09
1.973381358766346239e-06
1.383559947498724796e-06
3.214135801954398630e-08
6.710678235322120599e-09
1.991427325265249237e-07
0.000000000000000000e+00
0.000000000000000000e+00
0.000000000000000000e+00
0.000000000000000000e+00
0.000000000000000000e+00
0.000000000000000000e+00
0.000000000000000000e+00
7.955127223624458566e-09
0.000000000000000000e+00
0.000000000000000000e+00
0.000000000000000000e+00
0.000000000000000000e+00
0.000000000000000000e+00
6.595330948044875186e-10
0.000000000000000000e+00
0.000000000000000000e+00
0.000000000000000000e+00
0.000000000000000000e+00
0.000000000000000000e+00
3.288769256926116213e-10
0.000000000000000000e+00
0.000000000000000000e+00
0.000000000000000000e+00
2.138304644461186399e-09
0.000000000000000000e+00
5.370390354642040620e-09
