4.463402092369506136e-06
1.490695012762444094e-05
5.014916951040504500e-06
5.683799031430680770e-08
8.385878800254431553e-07
1.292829487908875308e-08
5.678890602212049998e-08
4.178265200494024612e-08
2.978391089314413875e-09
7.557370196309420862e-08
1.584723349878913723e-06
4.712982217824901454e-07
9.344310456071980298e-06
0.000000000000000000e+00
2.648714598763035610e-07
2.900516733461699914e-07
1.312294534727698192e-05
1.126660009731494938e-08
2.662073939063702710e-08
1.531796556264453102e-08
8.769443411438260227e-07
3.016936034327954985e-08
0.000000000000000000e+00
2.716677272474044003e-06
1.148075853052432649e-06
1.182781147690548096e-06
2.945865276160475332e-07
4.125762398388133079e-09
1.537293314868293237e-08
9.834030834099394269e-08
5.263791891252367350e-08
3.020881322868262941e-08
1.933052317326655611e-06
2.308160276243143016e-07
1.097150379791855812e-05
1.553443418345068494e-08
4.178759354545036331e-06
8.387196714920719387e-09
0.000000000000000000e+00
2.709203272388549522e-06
9.876118589602356224e-09
4.918390459351940081e-06
7.800776558042343822e-08
3.671294450668938225e-07
4.214494531140644540e-09
2.320713718972911010e-07
8.678488256919081323e-07
5.037861228629481047e-06
6.218030534910212737e-07
1.083603748952555179e-07
0.000000000000000000e+00
0.000000000000000000e+00
4.678670393332140520e-07
6.641720062816602876e-09
2.278997953908401541e-06
8.651610095000705769e-09
6.536575369864294771e-08
2.077269911637813493e-08
0.000000000000000000e+00
1.015591010400385130e-06
5.227005317465227563e-07
8.222015708270191681e-07
9.920661625528737204e-08
2.272458310415004235e-08
6.239245067263254896e-07
0.000000000000000000e+00
9.815471457841340452e-07
3.868840394716244191e-06
5.637373305944493040e-06
1.143754744248326460e-07
1.096690084523288533e-06
4.747152615891536698e-06
2.772997831357315590e-08
4.647056073281419231e-08
1.090515198143293674e-07
2.110067498506396078e-06
3.181649299222044647e-05
0.000000000000000000e+00
6.440633342208457179e-07
5.127918029756983742e-06
1.943681581906275824e-06
2.464843646521330811e-06
4.479371909837936983e-06
5.825342668686062098e-06
5.970711214331458905e-08
3.856506509691826068e-07
3.427809076583798742e-07
2.563169346103677526e-06
2.412132744211703539e-06
1.817192156750024878e-07
3.110202229095193616e-08
1.574317565200544777e-07
4.119341156183509156e-06
3.910498435288900509e-06
3.704377832036698237e-06
1.095634956982394215e-06
6.640041647187899798e-06
2.205861392212682404e-06
2.684801529539981857e-06
6.011402433614421170e-07
2.002971996262203902e-06
7.331490792239492293e-08
2.572259063526871614e-06
4.585213901009410620e-06
3.054647777389618568e-06
2.218649024143815041e-05
2.035533498201402836e-06
3.869448846671730280e-06
8.886167051969096065e-06
6.587826646864414215e-06
5.840707217430463061e-06
2.246943495265441015e-06
3.843838840111857280e-06
1.799242113520449493e-06
3.010888576682191342e-06
8.598048225394450128e-06
1.547373472021718044e-06
4.801830073120072484e-06
5.620070623990613967e-06
4.591094693751074374e-06
1.200709931481469539e-07
6.509863396786386147e-06
2.227437079227456707e-07
4.005637947557261214e-06
1.812664322642376646e-06
7.327249932131962851e-06
1.692584555712528527e-05
5.475597504300822038e-07
6.623434245511816698e-09
3.998443673935980769e-07
4.599964995577465743e-06
7.703437745476549026e-07
9.243420208804309368e-06
1.178903130494290963e-05
4.225644261168781668e-06
2.380509158683707938e-06
9.268650273952516727e-07
1.080149377230554819e-05
5.995295850880211219e-06
5.243343366601038724e-06
5.426787765827612020e-07
3.508936970320064574e-06
5.608526407741010189e-06
1.086623706214595586e-05
2.056523044302593917e-06
6.229369319044053555e-06
1.838116304497816600e-06
3.127899390165111981e-06
1.191013325296808034e-06
1.615467044757679105e-05
1.620170678506838158e-06
4.601725322572747245e-06
4.076435288880020380e-06
1.746934231050545350e-06
1.836669252952560782e-05
1.506900844105985016e-05
1.962111355169326998e-06
1.929553974377995473e-07
1.639680533571663545e-07
3.879276277984899934e-07
2.444188339723041281e-06
5.154643076821230352e-06
2.533628844503255095e-07
8.947879905463196337e-06
1.355576614514575340e-06
2.001112761718104593e-06
8.935049663705285639e-06
7.049184659990714863e-06
2.609506736916955560e-06
5.426419647847069427e-06
1.300115286539949011e-06
1.697733023320324719e-05
3.123649776171077974e-06
5.787787813460454345e-06
2.145930011465679854e-06
1.099176301977422554e-06
1.197975325339939445e-05
2.977945143811666640e-07
7.464650231270297809e-09
4.490598826123459730e-08
1.697922812127217185e-06
7.683566671801145276e-09
3.506708026179694571e-07
4.184969881748656917e-08
2.456863690269983636e-08
2.175413328586728312e-06
2.257183041365351528e-06
3.281371618868433870e-09
4.611014901456655934e-06
4.088094556209398434e-06
3.234934183637960814e-06
2.164420997985416761e-08
3.267181369892568910e-08
3.327997788460379525e-08
1.339060844429695862e-07
1.923441601547892787e-07
3.998631115109674283e-08
5.326587526610637724e-08
1.337013060265235254e-07
9.464750405641098041e-08
9.829750524659175426e-06
2.133735321763197135e-08
1.128808662542724051e-06
2.496071374480379745e-06
2.349788701394572854e-06
3.277424553971286514e-09
1.016524420194286904e-09
1.774175295565783017e-08
7.900180207798257470e-06
7.589059691781585570e-07
6.610063252310283133e-08
9.385918531279457966e-08
8.323818967426177551e-09
4.316090326028643176e-06
2.602228278192342259e-06
6.962054612813517451e-07
6.721052869806953822e-08
2.058983872288422390e-09
3.919543871688802028e-07
1.022940310235753714e-08
2.407282124750054209e-07
5.657765882460807916e-07
2.611373695060592581e-08
8.351073120138607919e-06
1.427055735803151038e-06
3.382711383892456070e-06
5.691190185785899303e-09
1.504668148299970198e-06
5.715090765079366975e-07
1.165199137176387012e-06
9.769945563675719313e-07
1.122067078540567309e-05
1.722094467027091014e-08
5.854908067703945562e-06
1.285634084524645004e-06
1.498868300586764235e-07
1.189759586850414053e-06
1.088712110686174128e-06
6.672744348179548979e-06
4.535261766136500228e-08
5.554343829317076597e-07
2.970180617012374569e-07
0.000000000000000000e+00
4.485537374421255663e-06
1.226342419613501988e-06
1.172387669612362515e-06
6.941103247726232439e-09
5.384353851667356139e-09
2.550287092617509188e-07
4.697651601048846715e-09
1.326224605691095348e-07
6.239230287974351086e-07
3.416982394810474943e-07
5.151487680876698505e-09
6.759668824685149957e-09
1.487350436946144328e-05
2.984246236792387208e-07
2.228240258972391530e-09
9.026870770867390092e-07
3.824765713034139480e-07
3.635744633356807753e-06
6.036135147269305889e-08
2.192258989452966489e-06
1.693459694251941983e-06
6.739936452504480258e-06
6.538553520840650890e-07
1.426922313640943685e-08
0.000000000000000000e+00
4.839761924557706152e-09
3.062410769416601397e-08
1.504123929407796822e-06
1.851650836215412710e-06
8.867108363119768910e-07
2.695046248391008703e-07
1.221102024828724097e-06
1.122467324421450030e-06
8.735643319823793718e-08
6.269831374083878472e-07
0.000000000000000000e+00
4.196337158646201715e-06
2.415418407508695964e-07
1.990875034607597627e-06
7.915853643680748064e-07
3.263964799771201797e-06
0.000000000000000000e+00
9.644325018598465249e-07
0.000000000000000000e+00
3.184111030396508113e-10
1.049580646395043004e-06
1.030633534071512258e-08
3.456831210169042379e-10
1.312545006015852778e-08
8.021697794902138412e-08
3.020896315319987480e-07
1.310814301547225114e-08
7.552287684120528866e-09
2.966732154163764790e-06
2.351886685403314914e-09
6.563467991327343043e-08
1.826585882547249184e-09
5.948395482846535742e-07
1.483489199927134905e-06
6.260713689698604867e-06
3.097749413427663967e-06
1.251020421477733180e-06
5.899429567080005654e-08
7.020595660378603498e-08
1.103074431796358112e-08
1.356482837167050093e-08
8.548077857994940132e-06
0.000000000000000000e+00
1.360232090519275516e-06
6.012377706809957090e-09
1.251391434919923995e-09
6.223916102499060798e-07
5.122191737427783664e-08
6.766975388927676249e-07
3.408689508432871662e-07
5.659234147969982587e-08
1.403148153222844030e-09
1.613871147831957842e-09
9.886645102596958168e-07
1.001713485493382905e-07
1.078890591088565998e-06
1.610370077287370805e-07
1.078256673281430267e-06
1.278814778515879880e-07
9.837849290761369048e-08
2.404688004276067659e-08
0.000000000000000000e+00
2.305472435182309709e-06
2.508684815438755322e-08
6.400530310202157125e-07
1.976252860913518816e-06
3.812335336306205136e-08
6.527732239192118868e-07
4.231503226037602872e-06
9.003477998703601770e-07
7.283916602318640798e-06
0.000000000000000000e+00
1.877382601378485560e-06
4.103306139313644962e-08
8.373480397949606413e-08
0.000000000000000000e+00
5.893877386142776231e-09
1.136903460263738452e-09
6.409752728586681769e-08
3.492522893111527083e-08
3.204910967724572401e-07
9.974073122975823935e-09
1.266542767552891746e-06
8.167562981498122099e-08
1.052171150206504535e-08
2.770913852145895362e-06
5.044732347414537799e-07
3.660708625119468707e-09
1.174323870145599358e-06
1.032374348142184317e-05
0.000000000000000000e+00
1.004252681013895199e-08
3.457258301864385430e-08
1.460944929476681864e-07
4.424816324899438769e-06
1.637045329516695347e-06
5.995992182761256117e-07
1.897971557696109812e-09
4.823844795831533361e-11
5.219592367211589590e-07
3.231553247218243996e-09
4.338044163887389004e-06
4.472473449368408183e-07
4.103660558030242100e-06
1.756759161253285129e-06
0.000000000000000000e+00
1.193768639495829120e-06
3.747190291392143990e-08
1.420879357283411082e-06
1.676287183727254160e-06
1.948800303352982155e-07
0.000000000000000000e+00
0.000000000000000000e+00
2.293966048227957799e-07
0.000000000000000000e+00
3.134785799829842290e-07
0.000000000000000000e+00
7.733464144621393643e-07
3.614389854078581266e-08
0.000000000000000000e+00
5.987106419524934608e-07
8.808481766209297348e-07
0.000000000000000000e+00
1.298409188166260719e-06
0.000000000000000000e+00
1.940114998433273286e-06
4.978302925451316696e-08
3.996405212092213333e-06
6.622020265467654099e-08
4.783757958648493513e-07
0.000000000000000000e+00
3.424220267334021628e-06
1.043500788000528701e-06
1.624108222131326329e-06
9.444692636861873325e-07
0.000000000000000000e+00
0.000000000000000000e+00
1.900785377983993385e-06
3.295857311513827881e-07
1.093099513127526734e-06
0.000000000000000000e+00
0.000000000000000000e+00
0.000000000000000000e+00
2.248810249128041505e-09
0.000000000000000000e+00
4.886347142019076273e-06
0.000000000000000000e+00
7.746596679680806119e-07
1.012028292279865127e-07
4.721877360225334996e-07
2.831564671623709728e-08
7.765572149764921051e-07
1.418014150544877339e-09
3.036627731489716098e-07
8.071941692833206616e-08
1.787196737268459401e-07
9.311413862178596901e-08
0.000000000000000000e+00
1.321776153417886235e-06
6.115265591688512359e-07
2.303210209220196703e-07
2.626942148253874620e-07
8.210464557123486884e-07
9.087092962545284536e-07
1.111318468360877887e-07
1.260308266637366614e-07
1.510341689936467446e-06
1.061097464116755873e-06
0.000000000000000000e+00
1.792601409533745027e-07
5.037382422301561746e-08
7.579112093480944168e-07
3.896584530593827367e-07
3.341507408549659885e-07
3.658835234787716217e-09
2.388682105447514914e-06
5.703747474328224598e-10
0.000000000000000000e+00
0.000000000000000000e+00
2.120146262996058795e-07
3.824692029752441158e-08
0.000000000000000000e+00
2.226225426227301796e-08
4.376090600999305025e-07
2.088107242670389496e-09
0.000000000000000000e+00
4.668460285017772549e-09
0.000000000000000000e+00
2.796386752379476093e-06
0.000000000000000000e+00
3.574869253952783765e-07
0.000000000000000000e+00
0.000000000000000000e+00
1.812294527780977660e-07
0.000000000000000000e+00
0.000000000000000000e+00
0.000000000000000000e+00
0.000000000000000000e+00
0.000000000000000000e+00
0.000000000000000000e+00
0.000000000000000000e+00
1.509305207036959473e-06
0.000000000000000000e+00
0.000000000000000000e+00
2.980491899506887421e-06
0.000000000000000000e+00
0.000000000000000000e+00
0.000000000000000000e+00
5.970879790595517989e-09
3.506318762447335757e-06
6.009245794302842114e-07
0.000000000000000000e+00
1.835846887843217701e-06
6.949746875761775300e-07
0.000000000000000000e+00
1.210914479798930188e-09
0.000000000000000000e+00
0.000000000000000000e+00
1.696244851245864993e-07
3.381076794539694674e-06
1.232072222023816721e-08
0.000000000000000000e+00
7.869678483984898776e-06
0.000000000000000000e+00
0.000000000000000000e+00
0.000000000000000000e+00
0.000000000000000000e+00
1.507373248443855118e-08
2.573121719251503237e-06
3.538486836873744323e-08
5.847503103950657533e-08
3.605784004712120350e-10
3.116863638297218131e-07
9.975370630854740739e-06
8.765622894202351745e-09
6.694538257079329924e-08
2.040046176432497305e-08
1.386891455013028462e-07
4.946834053498605499e-09
8.743785429032868706e-08
1.754067739057063591e-06
1.546229395898990333e-05
5.098256927738020750e-09
1.842840674726176076e-06
9.022404583447496407e-07
1.552364636836500722e-08
3.366596956766443327e-08
1.654500323411411955e-07
5.360396357900754083e-07
1.246278358291164068e-10
3.129277388325135689e-07
2.363502460411837092e-07
1.607721742402645759e-07
6.864846682219649665e-07
3.652713758128811605e-07
2.233466034340381157e-07
6.853131822026625741e-07
1.412744694562206860e-07
1.095023716146670267e-08
2.413044910554162925e-07
0.000000000000000000e+00
7.507195931566457148e-08
1.066478919065083630e-10
1.164928562502609566e-06
3.230187758163083345e-06
0.000000000000000000e+00
1.344999560615178780e-07
0.000000000000000000e+00
7.210321939510322409e-08
4.197868275213068046e-09
2.176226843175754766e-07
0.000000000000000000e+00
5.060821095526080171e-08
2.284178037825768115e-07
6.421238367693149485e-07
9.363700037567923573e-09
3.257502356746044825e-08
0.000000000000000000e+00
7.460876076947897673e-07
0.000000000000000000e+00
5.435829280031612143e-07
9.046948745705662986e-10
2.103829785937705310e-07
4.669704622983772424e-09
3.396264105504087638e-07
5.749246217989778529e-11
2.450860847602598369e-08
8.558810691283724736e-07
8.198901113587453438e-09
0.000000000000000000e+00
1.067973887103335073e-08
0.000000000000000000e+00
0.000000000000000000e+00
3.825570082938156702e-09
2.380702406046264485e-11
0.000000000000000000e+00
6.164093124816361069e-10
0.000000000000000000e+00
0.000000000000000000e+00
0.000000000000000000e+00
0.000000000000000000e+00
0.000000000000000000e+00
8.608977850599330850e-07
3.506774817196856020e-07
3.005045982718002051e-06
1.043741121975472197e-06
1.114178349581607108e-08
0.000000000000000000e+00
7.204379812719707843e-07
1.767134222063759807e-06
1.374503426632145420e-05
0.000000000000000000e+00
3.332925473387149395e-07
6.170889133016999040e-09
2.372843681541780825e-07
0.000000000000000000e+00
0.000000000000000000e+00
0.000000000000000000e+00
5.774103897238092031e-07
0.000000000000000000e+00
0.000000000000000000e+00
0.000000000000000000e+00
2.402386598987504840e-06
1.763185686343149428e-08
0.000000000000000000e+00
1.038038590195355937e-06
0.000000000000000000e+00
0.000000000000000000e+00
6.648241424045409076e-08
0.000000000000000000e+00
0.000000000000000000e+00
0.000000000000000000e+00
1.388638004584663577e-08
5.000866387661062618e-09
9.550015533932310063e-08
3.370339982211589813e-06
3.883014443317733821e-08
3.111090052243525861e-09
1.749994112287822645e-06
1.609132709745608736e-06
1.506605151746498450e-08
9.780283249938293011e-09
8.955383989928122901e-09
1.525527864032483194e-06
3.471852805247976903e-09
4.616909166088589700e-07
1.849617774496437050e-06
1.009074335200921269e-08
2.829801815096288919e-08
7.195885132205148693e-07
0.000000000000000000e+00
9.027506848724442534e-07
2.752820478235662449e-07
5.104798788124753628e-07
0.000000000000000000e+00
6.781210704076556794e-09
4.001202924541757966e-09
5.556607263201840397e-08
2.700688526147132507e-07
3.480626453722379665e-09
0.000000000000000000e+00
9.752421448183667962e-08
0.000000000000000000e+00
1.842980879018796259e-07
0.000000000000000000e+00
0.000000000000000000e+00
0.000000000000000000e+00
0.000000000000000000e+00
0.000000000000000000e+00
8.907523607604161953e-08
0.000000000000000000e+00
0.000000000000000000e+00
0.000000000000000000e+00
0.000000000000000000e+00
0.000000000000000000e+00
1.799290657800156623e-06
0.000000000000000000e+00
0.000000000000000000e+00
0.000000000000000000e+00
1.712694697175720648e-08
4.988103263769971818e-09
1.374998587211351264e-10
1.355334156016851921e-08
4.180115364960101942e-09
5.909030278417048976e-06
3.274213042914198013e-07
1.104754119296558201e-07
0.000000000000000000e+00
0.000000000000000000e+00
0.000000000000000000e+00
0.000000000000000000e+00
0.000000000000000000e+00
1.741602773108752444e-07
0.000000000000000000e+00
0.000000000000000000e+00
0.000000000000000000e+00
0.000000000000000000e+00
7.815223170837271027e-07
0.000000000000000000e+00
5.811496066598920152e-07
0.000000000000000000e+00
2.925543412857223302e-06
0.000000000000000000e+00
0.000000000000000000e+00
0.000000000000000000e+00
3.981062661750911502e-07
0.000000000000000000e+00
8.001519447020655207e-09
0.000000000000000000e+00
0.000000000000000000e+00
0.000000000000000000e+00
0.000000000000000000e+00
0.000000000000000000e+00
7.030016013764850413e-10
0.000000000000000000e+00
0.000000000000000000e+00
3.582404095592295334e-10
0.000000000000000000e+00
9.655000212660524994e-07
0.000000000000000000e+00
3.530993353706435300e-06
0.000000000000000000e+00
2.152130695876053323e-09
0.000000000000000000e+00
0.000000000000000000e+00
9.225310009242093656e-07
2.990175289596663788e-07
0.000000000000000000e+00
5.625043097978732476e-09
2.689103553166205529e-07
5.309872097569723337e-09
9.650083256929065101e-07
4.540782754247629782e-07
5.896885681977437343e-07
4.404640776556334458e-07
4.982192436386867485e-10
1.143099392919566526e-08
2.879590113025187748e-07
3.788232660895118897e-08
7.141136393329361454e-07
2.948474131514444707e-09
9.023707434607786126e-07
8.508984628008420259e-09
1.486930068494984880e-05
2.662915505879936973e-07
6.588487533321085721e-09
2.428780732088853256e-08
5.542018755022581900e-08
0.000000000000000000e+00
1.519021708418222261e-08
5.633382826886190742e-08
3.562647918897710042e-07
2.220569284006046473e-09
2.027208267918467754e-08
1.353557877337152604e-06
1.681835044564650161e-07
8.804943263385212049e-07
0.000000000000000000e+00
0.000000000000000000e+00
6.389439732856772025e-08
2.152374722896865933e-09
7.689171521718662916e-10
0.000000000000000000e+00
4.822204502374916046e-08
1.946533423335949919e-08
0.000000000000000000e+00
0.000000000000000000e+00
0.000000000000000000e+00
0.000000000000000000e+00
1.296769141845288686e-06
1.141747918431690323e-09
0.000000000000000000e+00
0.000000000000000000e+00
0.000000000000000000e+00
0.000000000000000000e+00
1.402764482349994068e-08
0.000000000000000000e+00
1.703658796259333030e-07
0.000000000000000000e+00
7.092340048586720513e-09
3.217789645848512237e-10
0.000000000000000000e+00
0.000000000000000000e+00
4.452110147212806623e-07
2.383657893290092034e-08
3.061472497734030185e-08
2.290207135047239717e-08
1.041266159518272616e-06
0.000000000000000000e+00
0.000000000000000000e+00
6.307174089670297690e-07
6.871985078760189936e-07
1.888411134132184088e-06
0.000000000000000000e+00
0.000000000000000000e+00
0.000000000000000000e+00
0.000000000000000000e+00
4.913604101375312894e-08
0.000000000000000000e+00
1.076420286238999324e-08
2.369862972528835598e-09
0.000000000000000000e+00
0.000000000000000000e+00
0.000000000000000000e+00
0.000000000000000000e+00
4.095024451089557260e-06
0.000000000000000000e+00
1.560904649977601366e-07
0.000000000000000000e+00
0.000000000000000000e+00
0.000000000000000000e+00
1.739698234359821072e-07
6.757103960808308329e-07
0.000000000000000000e+00
0.000000000000000000e+00
0.000000000000000000e+00
0.000000000000000000e+00
6.638130489733384820e-09
0.000000000000000000e+00
4.276017318005642665e-09
0.000000000000000000e+00
3.111809032674273112e-09
0.000000000000000000e+00
5.189652596548910424e-10
2.788346664672758379e-09
0.000000000000000000e+00
0.000000000000000000e+00
0.000000000000000000e+00
0.000000000000000000e+00
0.000000000000000000e+00
1.800718019140390425e-09
0.000000000000000000e+00
0.000000000000000000e+00
1.652354519876553240e-08
0.000000000000000000e+00
0.000000000000000000e+00
0.000000000000000000e+00
2.565638368423606153e-08
0.000000000000000000e+00
0.000000000000000000e+00
0.000000000000000000e+00
0.000000000000000000e+00
0.000000000000000000e+00
7.761401548123103566e-07
9.616179568183724768e-07
0.000000000000000000e+00
1.667151764195295982e-06
3.734037434810488776e-08
6.353263470870729179e-10
0.000000000000000000e+00
0.000000000000000000e+00
1.698901428426324856e-06
0.000000000000000000e+00
3.797056891130523582e-09
0.000000000000000000e+00
0.000000000000000000e+00
0.000000000000000000e+00
1.175190877944487511e-08
8.792827429715543985e-06
2.321288161688528362e-10
4.430570754720974946e-08
4.045076593683916144e-07
8.848812349526724574e-09
1.157909856885908084e-08
8.121390493442959269e-08
2.960705014487530207e-09
1.553524064945577265e-08
2.147606892322073691e-08
4.136761617701267824e-07
6.087427806278356002e-08
2.379548732278635725e-06
1.782673393790901173e-06
1.242792450284468941e-06
9.632029787098872475e-07
0.000000000000000000e+00
3.728695673999027349e-06
5.372165823303021170e-09
1.113937742047710344e-06
6.588336987078946549e-07
5.988085405306264875e-08
4.109881146519001049e-08
7.689044423386803828e-08
5.670881932928750757e-07
4.519413323578191921e-06
0.000000000000000000e+00
1.359960233315860023e-08
5.315501425684487913e-07
1.209679680869157892e-06
4.910260713586467318e-07
3.247270399242552230e-07
0.000000000000000000e+00
1.369338406220776960e-06
0.000000000000000000e+00
2.310897798452060670e-06
2.820910793843722786e-08
4.736528183002519654e-07
0.000000000000000000e+00
1.592384961668358301e-07
0.000000000000000000e+00
3.899676244145666715e-07
2.426912431019445648e-07
0.000000000000000000e+00
0.000000000000000000e+00
2.459779224750491267e-08
9.357323165204434190e-07
0.000000000000000000e+00
1.409746346325846389e-06
0.000000000000000000e+00
0.000000000000000000e+00
0.000000000000000000e+00
0.000000000000000000e+00
0.000000000000000000e+00
1.108684344330868043e-08
0.000000000000000000e+00
0.000000000000000000e+00
1.310365973949956242e-06
7.027917803270611330e-08
3.511195529881661059e-07
7.690974257457128260e-08
0.000000000000000000e+00
8.666534512258294853e-08
5.430812244355820440e-09
1.146260501627693884e-06
0.000000000000000000e+00
0.000000000000000000e+00
0.000000000000000000e+00
3.912984425369359087e-08
0.000000000000000000e+00
1.169463526018432731e-09
1.426789264513672606e-08
0.000000000000000000e+00
0.000000000000000000e+00
2.394467024657842558e-08
2.296597898521213210e-07
3.396067649319434167e-09
0.000000000000000000e+00
0.000000000000000000e+00
0.000000000000000000e+00
0.000000000000000000e+00
4.212682540583045920e-07
1.650618357273980763e-11
0.000000000000000000e+00
0.000000000000000000e+00
0.000000000000000000e+00
0.000000000000000000e+00
0.000000000000000000e+00
0.000000000000000000e+00
5.087458703201264143e-07
7.643364163811838807e-09
6.315806100332110873e-09
0.000000000000000000e+00
0.000000000000000000e+00
1.331508428847882897e-06
0.000000000000000000e+00
3.684408227400126634e-07
0.000000000000000000e+00
0.000000000000000000e+00
1.600724441885859051e-09
2.088598627381088590e-08
2.105736484736553393e-06
0.000000000000000000e+00
0.000000000000000000e+00
0.000000000000000000e+00
3.769615375404100632e-08
0.000000000000000000e+00
0.000000000000000000e+00
8.481515934022354486e-09
4.410248948261141777e-07
0.000000000000000000e+00
7.644255006766798033e-09
0.000000000000000000e+00
2.924057753261877224e-06
1.622170316295523662e-06
2.607392168840760860e-08
0.000000000000000000e+00
2.956765321471266361e-08
1.327609311374544632e-06
0.000000000000000000e+00
1.461652573198080063e-06
7.387865252894698642e-08
0.000000000000000000e+00
1.568305378896184266e-07
1.907511659737792797e-08
3.932607341994298622e-07
0.000000000000000000e+00
4.087996785528957844e-08
4.653355922812352219e-09
0.000000000000000000e+00
0.000000000000000000e+00
0.000000000000000000e+00
2.950238986443309841e-08
1.226197277048868273e-08
0.000000000000000000e+00
1.919510239645205729e-08
6.697117083120929237e-09
0.000000000000000000e+00
1.359774273623770569e-06
1.411770700343595308e-08
1.873340693236968946e-06
2.869498860746944047e-09
4.992754725208214950e-07
2.254366826548448444e-08
5.969337024680498871e-08
7.150120051591102310e-09
8.888742968338192441e-07
1.202288615331781330e-07
2.936107421191991307e-06
1.431851706001907587e-05
2.194590820181474555e-07
1.000546934193380366e-08
0.000000000000000000e+00
8.381880745034209212e-10
1.444994154553569388e-06
8.416515697717841249e-07
5.074311502539785579e-06
1.291402185188417207e-07
6.442226094804937020e-06
3.995796191702538636e-07
1.619836496047355467e-07
5.619583021143625956e-07
2.443638777549494989e-06
3.785806086398224579e-07
4.435115386058896547e-07
6.123963913751140353e-08
7.592346378260117490e-07
1.826223154921535752e-07
7.428560166999886860e-08
1.344211852938315133e-08
9.998071703876121319e-09
1.240237338606675621e-06
2.186718347729765810e-06
1.919648795478678949e-08
0.000000000000000000e+00
6.057654218238894828e-07
0.000000000000000000e+00
1.628678205634059850e-07
9.201061601515903021e-08
1.779537051049828733e-08
0.000000000000000000e+00
0.000000000000000000e+00
0.000000000000000000e+00
0.000000000000000000e+00
1.555732893621097901e-07
0.000000000000000000e+00
0.000000000000000000e+00
0.000000000000000000e+00
0.000000000000000000e+00
0.000000000000000000e+00
0.000000000000000000e+00
0.000000000000000000e+00
0.000000000000000000e+00
0.000000000000000000e+00
4.554400412359882466e-09
0.000000000000000000e+00
3.695331152187009138e-09
0.000000000000000000e+00
0.000000000000000000e+00
0.000000000000000000e+00
7.229023424315528246e-08
0.000000000000000000e+00
0.000000000000000000e+00
4.202509007456001200e-09
0.000000000000000000e+00
0.000000000000000000e+00
0.000000000000000000e+00
1.093195667323243470e-08
8.637965720481588505e-07
4.477445914030653284e-10
2.463355386339571851e-08
3.382726321277118586e-09
7.892656839203482377e-08
1.226316754809886334e-07
0.000000000000000000e+00
0.000000000000000000e+00
2.161859953275779844e-07
4.374022566366875253e-08
8.896149594761482149e-09
4.091386784921269282e-08
0.000000000000000000e+00
2.747178307060949010e-08
8.170846399480069522e-08
0.000000000000000000e+00
0.000000000000000000e+00
0.000000000000000000e+00
2.074636686402731023e-12
0.000000000000000000e+00
1.092252399637061444e-09
0.000000000000000000e+00
0.000000000000000000e+00
0.000000000000000000e+00
0.000000000000000000e+00
3.893419614486859359e-11
0.000000000000000000e+00
2.706236728045041673e-07
2.486330474837927795e-09
0.000000000000000000e+00
3.432167261507856892e-07
0.000000000000000000e+00
6.819589515316692996e-08
0.000000000000000000e+00
0.000000000000000000e+00
8.647909908177098259e-07
0.000000000000000000e+00
0.000000000000000000e+00
2.433774000110133784e-07
2.864599946139634312e-10
0.000000000000000000e+00
0.000000000000000000e+00
0.000000000000000000e+00
9.851553350870290160e-09
1.097451995946130410e-08
0.000000000000000000e+00
7.508099884034891147e-07
3.654672051101037766e-11
1.050653253287237021e-08
7.686780101323620329e-09
5.518852503882953897e-06
0.000000000000000000e+00
0.000000000000000000e+00
0.000000000000000000e+00
0.000000000000000000e+00
0.000000000000000000e+00
9.584136151374877954e-09
6.565672006075828904e-09
1.658437554397096392e-06
0.000000000000000000e+00
0.000000000000000000e+00
0.000000000000000000e+00
0.000000000000000000e+00
0.000000000000000000e+00
2.644110708160951617e-08
3.078561849889638324e-09
4.912419626634800807e-06
2.263007900182856247e-06
4.681601240008603781e-07
2.206698113127458782e-08
5.028898044656671118e-07
5.954542192654344035e-09
2.096733808798489918e-08
6.852493683595639595e-09
6.434510737562959548e-07
9.380115670865052380e-07
1.022210653900401667e-06
1.091039621314848773e-06
1.136556626590845553e-08
4.636242749711527722e-07
1.035302148011396639e-06
2.168031642213463783e-06
9.297615974901418667e-07
7.229802179153921315e-08
1.488133875682251528e-06
6.185059220342736808e-08
4.723632628156337887e-06
6.323836601040966343e-07
1.390166204373599612e-08
4.138100528905397368e-09
1.199650512262451230e-08
1.744035387218900723e-07
7.159342203522101045e-07
4.475484729482559487e-06
2.878276816886682354e-08
1.819995532059692778e-07
0.000000000000000000e+00
2.650039618856681045e-07
2.386050073255319148e-05
7.404833013424649835e-06
1.007691139420785476e-06
1.005350469540644553e-07
2.648850454534112941e-07
0.000000000000000000e+00
7.066826128721004352e-07
1.385570044476480689e-06
1.022892277546816331e-07
9.444561896998493467e-07
2.665307796689830866e-08
1.257458166037395131e-06
8.814591834216400912e-10
3.621638811068805808e-08
4.779431606038997415e-07
8.863785261326029286e-10
7.900657905679508985e-09
0.000000000000000000e+00
8.528122208417698857e-08
2.237898222290368722e-08
0.000000000000000000e+00
8.605725270172115415e-07
3.169597562191484030e-07
0.000000000000000000e+00
0.000000000000000000e+00
3.678058413392193415e-10
1.993676761458118563e-07
0.000000000000000000e+00
0.000000000000000000e+00
2.222573680654704731e-09
2.354590122877198155e-08
4.541059794860302645e-08
6.807401291553105693e-07
0.000000000000000000e+00
8.934693482842703816e-07
0.000000000000000000e+00
0.000000000000000000e+00
8.711653620707693335e-09
0.000000000000000000e+00
0.000000000000000000e+00
0.000000000000000000e+00
0.000000000000000000e+00
0.000000000000000000e+00
1.802247379112387193e-10
0.000000000000000000e+00
2.528518905364762759e-07
8.841816878657482448e-08
5.374913403244363508e-09
4.270258102678781142e-08
0.000000000000000000e+00
0.000000000000000000e+00
1.067854160652359496e-08
0.000000000000000000e+00
0.000000000000000000e+00
0.000000000000000000e+00
2.300374557506756901e-09
5.023659355174459051e-07
0.000000000000000000e+00
9.155367131086222798e-09
0.000000000000000000e+00
0.000000000000000000e+00
0.000000000000000000e+00
0.000000000000000000e+00
0.000000000000000000e+00
0.000000000000000000e+00
4.523538166267826455e-08
2.019998390778710018e-07
1.641528513118828414e-08
3.874826575156475883e-07
2.105705476651564823e-07
0.000000000000000000e+00
0.000000000000000000e+00
0.000000000000000000e+00
2.257302043062736630e-07
0.000000000000000000e+00
0.000000000000000000e+00
0.000000000000000000e+00
0.000000000000000000e+00
2.197146686810924621e-09
4.384502005905233091e-07
0.000000000000000000e+00
0.000000000000000000e+00
5.023085503097490800e-09
5.344573850152301020e-08
0.000000000000000000e+00
7.886526098843660293e-09
0.000000000000000000e+00
0.000000000000000000e+00
0.000000000000000000e+00
0.000000000000000000e+00
1.173362491613261227e-07
0.000000000000000000e+00
0.000000000000000000e+00
1.542674965548940236e-08
4.178988266545502483e-10
0.000000000000000000e+00
0.000000000000000000e+00
0.000000000000000000e+00
9.752407237328952760e-08
0.000000000000000000e+00
1.703014618215092923e-09
0.000000000000000000e+00
0.000000000000000000e+00
0.000000000000000000e+00
0.000000000000000000e+00
8.676232710058684461e-08
0.000000000000000000e+00
0.000000000000000000e+00
1.646185751269513275e-06
0.000000000000000000e+00
0.000000000000000000e+00
1.242995466554930317e-07
0.000000000000000000e+00
0.000000000000000000e+00
0.000000000000000000e+00
2.146989475093619149e-09
0.000000000000000000e+00
2.290151679407159691e-10
0.000000000000000000e+00
1.679996475267842015e-09
1.401904481390658930e-09
1.175585850887728157e-07
4.015407104041024411e-11
0.000000000000000000e+00
0.000000000000000000e+00
2.120720409948262386e-06
0.000000000000000000e+00
0.000000000000000000e+00
0.000000000000000000e+00
0.000000000000000000e+00
3.728966024851843031e-09
0.000000000000000000e+00
0.000000000000000000e+00
0.000000000000000000e+00
2.743085980583259698e-09
0.000000000000000000e+00
1.696566997999582327e-09
7.912417387956338644e-09
2.001376486759909312e-07
0.000000000000000000e+00
1.133435478806177343e-08
4.590059745623875642e-07
1.500674962073844654e-08
5.808739267365581327e-09
2.489255690463210158e-09
1.853411788488301681e-07
4.266358359927835409e-07
2.749295013870778348e-08
3.174538960593054071e-07
7.415735581162152812e-08
2.403541587980839722e-09
1.167908649790661002e-07
4.970960887362707581e-08
2.101589657854674442e-08
1.847449766501085833e-07
6.020783871463208925e-08
2.852142131359869381e-07
1.488392200599264470e-07
3.275742130881553749e-07
7.418132774716923450e-09
1.147610646512475796e-06
0.000000000000000000e+00
0.000000000000000000e+00
4.737546532851411030e-07
1.662440629601746878e-09
2.877627913733249443e-08
6.562522525399572260e-09
1.119806802840628279e-09
0.000000000000000000e+00
0.000000000000000000e+00
7.351026738433574792e-07
2.649505290719389450e-07
2.773242302467338050e-09
2.521658757359546144e-07
1.159822090812667739e-06
3.175312031089561060e-07
2.125311482359393267e-07
5.347509954845008906e-07
7.870644367358181626e-07
8.887334956853010226e-07
1.669527733838549466e-07
1.659790882513334509e-07
3.092506251078930291e-09
1.907903168785196613e-09
5.016285626879835036e-07
0.000000000000000000e+00
1.534683633508393541e-06
0.000000000000000000e+00
0.000000000000000000e+00
6.275574378378223628e-06
2.278580213399550303e-09
2.785513597558519905e-09
0.000000000000000000e+00
2.542280981288058683e-07
3.332862092975119594e-07
5.585734470514580607e-07
5.359343191457810462e-08
1.353309819762671395e-08
4.083629434603608388e-08
4.473415859962415198e-09
0.000000000000000000e+00
8.198997392128148931e-08
1.034562213675371822e-08
1.306842456472168124e-08
1.574286898176069371e-06
4.732038632937474176e-06
0.000000000000000000e+00
7.111878517207514960e-07
1.072165112248057994e-08
8.573610710271850621e-10
4.345894311086340167e-09
0.000000000000000000e+00
1.233949546985968482e-06
0.000000000000000000e+00
5.075739828441783175e-09
8.109149796098336083e-09
0.000000000000000000e+00
0.000000000000000000e+00
1.406970318029721057e-09
7.439450722124263393e-10
2.342924290132941678e-07
4.422072041876390358e-09
0.000000000000000000e+00
0.000000000000000000e+00
0.000000000000000000e+00
7.799350629309614868e-14
3.289383876392548700e-09
0.000000000000000000e+00
0.000000000000000000e+00
0.000000000000000000e+00
8.469729095850198064e-08
1.605824451189619140e-07
0.000000000000000000e+00
0.000000000000000000e+00
0.000000000000000000e+00
0.000000000000000000e+00
0.000000000000000000e+00
1.044375494529958814e-06
6.928923657056884622e-09
4.901009447166870814e-07
0.000000000000000000e+00
9.344211093775811605e-08
0.000000000000000000e+00
7.498667464744812605e-09
7.903378396179050469e-09
9.911399700968104298e-09
6.634360172341757789e-09
2.405058729948450491e-08
2.331456094850636873e-08
1.780277969487542578e-08
3.078948207502207879e-10
1.873363153492846322e-08
1.287988027343089925e-08
0.000000000000000000e+00
0.000000000000000000e+00
2.418176734408916673e-07
1.299562957246536143e-10
0.000000000000000000e+00
2.018587963448226219e-09
4.481319493265800702e-08
0.000000000000000000e+00
0.000000000000000000e+00
7.179599692541671629e-10
0.000000000000000000e+00
1.065605914618572569e-08
0.000000000000000000e+00
0.000000000000000000e+00
4.409874421185122628e-08
4.462066716115486997e-09
0.000000000000000000e+00
0.000000000000000000e+00
4.058816500673856353e-07
0.000000000000000000e+00
3.773127588146962808e-09
7.772798404914738057e-09
0.000000000000000000e+00
0.000000000000000000e+00
0.000000000000000000e+00
0.000000000000000000e+00
0.000000000000000000e+00
0.000000000000000000e+00
1.600276533508804278e-07
0.000000000000000000e+00
0.000000000000000000e+00
0.000000000000000000e+00
0.000000000000000000e+00
6.478543923549295869e-09
2.891429984330784464e-09
0.000000000000000000e+00
0.000000000000000000e+00
0.000000000000000000e+00
1.957232154126131718e-09
0.000000000000000000e+00
3.872756837441926336e-10
0.000000000000000000e+00
0.000000000000000000e+00
1.930875193068004592e-08
2.112092167827483991e-10
2.908348051278153434e-07
0.000000000000000000e+00
0.000000000000000000e+00
0.000000000000000000e+00
0.000000000000000000e+00
0.000000000000000000e+00
2.197321657959605545e-09
0.000000000000000000e+00
6.025986749591538683e-07
0.000000000000000000e+00
0.000000000000000000e+00
5.298660177288638806e-09
0.000000000000000000e+00
0.000000000000000000e+00
0.000000000000000000e+00
0.000000000000000000e+00
1.247404846083099983e-08
0.000000000000000000e+00
0.000000000000000000e+00
0.000000000000000000e+00
2.906402063462820706e-10
0.000000000000000000e+00
1.963875106980594865e-08
0.000000000000000000e+00
0.000000000000000000e+00
9.314433668805577327e-08
0.000000000000000000e+00
0.000000000000000000e+00
0.000000000000000000e+00
0.000000000000000000e+00
0.000000000000000000e+00
0.000000000000000000e+00
0.000000000000000000e+00
1.417534267744713361e-08
1.921858761022576800e-08
0.000000000000000000e+00
5.536707980979826971e-09
0.000000000000000000e+00
0.000000000000000000e+00
8.303659093655824108e-09
2.603688358249200974e-07
1.389697690257207796e-08
0.000000000000000000e+00
5.945646641691837431e-09
0.000000000000000000e+00
0.000000000000000000e+00
0.000000000000000000e+00
0.000000000000000000e+00
4.908571895612112712e-07
0.000000000000000000e+00
0.000000000000000000e+00
0.000000000000000000e+00
0.000000000000000000e+00
0.000000000000000000e+00
6.463180613092308052e-16
0.000000000000000000e+00
1.002149385698203332e-08
4.522157439623697428e-07
0.000000000000000000e+00
3.411454729818075293e-10
0.000000000000000000e+00
0.000000000000000000e+00
0.000000000000000000e+00
0.000000000000000000e+00
0.000000000000000000e+00
0.000000000000000000e+00
0.000000000000000000e+00
2.051173808581552294e-08
1.100691164879208372e-07
2.154247225050198722e-09
0.000000000000000000e+00
0.000000000000000000e+00
1.144746306636079680e-06
5.354849577088316437e-07
9.646814458363905942e-10
2.963293965763114102e-08
9.992874083764036186e-09
1.926740544888616569e-09
4.533465869371866575e-08
1.348311240434441061e-09
1.624015339984907769e-07
6.970937604933169496e-09
1.689900308576852694e-08
2.443856146783218719e-06
3.641553547595322016e-08
1.015874175891440245e-07
0.000000000000000000e+00
2.053179287031525746e-06
9.675228511696332134e-07
7.133212420740164816e-07
1.847701369683818484e-08
4.373545721136906650e-07
8.989144539839344361e-09
1.370213631446404179e-08
1.687067538114206400e-06
2.040665830760346466e-10
4.220746063765545841e-07
3.270219428586074173e-09
2.868595402105711401e-06
1.075108474468677855e-10
2.537408136049634777e-06
1.589258289413919556e-07
2.785945298455771990e-06
3.077427891184925102e-06
1.438058234271011315e-06
3.988914158981060609e-07
3.417849825382290874e-08
2.283560291971298284e-07
7.689751946315936948e-09
7.148692304781434359e-08
5.154552695785241667e-08
7.114468569824339284e-09
3.346179511254376848e-08
7.806008852639934048e-07
4.309705925464868415e-09
0.000000000000000000e+00
0.000000000000000000e+00
0.000000000000000000e+00
4.067796453455230221e-06
1.070912730938289315e-06
4.861956313106929883e-07
0.000000000000000000e+00
2.528525782849455616e-12
1.356671191388159059e-06
4.712936707562676020e-09
0.000000000000000000e+00
2.330373263248475268e-07
1.878723487891420518e-08
0.000000000000000000e+00
0.000000000000000000e+00
4.910816187475575134e-06
0.000000000000000000e+00
2.379267556307240739e-07
0.000000000000000000e+00
2.643286336478922749e-07
0.000000000000000000e+00
1.097441668207466137e-06
1.059606802300550044e-07
0.000000000000000000e+00
2.219112076318197069e-07
3.785058595440204954e-07
8.075397204265755136e-07
2.749284178094058007e-08
8.502576633873104583e-07
0.000000000000000000e+00
0.000000000000000000e+00
6.266892796702450141e-06
1.062387600114789166e-08
7.373009225375426468e-08
2.368110596506767251e-09
9.945241430386886350e-08
0.000000000000000000e+00
0.000000000000000000e+00
8.609141843862744281e-08
1.524729142943215265e-08
1.754801473907718901e-06
0.000000000000000000e+00
0.000000000000000000e+00
1.788666736501909327e-06
1.290698889988561859e-07
8.002280615926338214e-09
0.000000000000000000e+00
0.000000000000000000e+00
2.010680645980755799e-06
0.000000000000000000e+00
1.083941810975375120e-06
1.993654308307668543e-08
0.000000000000000000e+00
2.185739367277506062e-09
2.339639815218674812e-09
0.000000000000000000e+00
0.000000000000000000e+00
1.935683169307367280e-09
0.000000000000000000e+00
0.000000000000000000e+00
0.000000000000000000e+00
2.250962552352575585e-06
6.972489807743897927e-10
5.716899522667517886e-07
0.000000000000000000e+00
0.000000000000000000e+00
0.000000000000000000e+00
0.000000000000000000e+00
1.498088053608626069e-08
4.658418006897591113e-08
1.053977971565700500e-08
0.000000000000000000e+00
0.000000000000000000e+00
0.000000000000000000e+00
3.743214904705638446e-10
1.152700512818682910e-08
1.928046231114421971e-06
0.000000000000000000e+00
0.000000000000000000e+00
3.216208549483567936e-11
0.000000000000000000e+00
0.000000000000000000e+00
2.379097097104931890e-08
1.923628722977355210e-08
1.877459432364503300e-08
1.283742108171281870e-06
7.078528319048871253e-10
0.000000000000000000e+00
5.746225717473407713e-09
3.000270965003437595e-07
0.000000000000000000e+00
0.000000000000000000e+00
8.085648772748754709e-08
0.000000000000000000e+00
0.000000000000000000e+00
0.000000000000000000e+00
0.000000000000000000e+00
8.929179173833290406e-09
3.748901633571222192e-09
0.000000000000000000e+00
1.295387241917467236e-09
2.598903536821239868e-09
2.893078310250984941e-08
0.000000000000000000e+00
1.595717002977892207e-09
0.000000000000000000e+00
0.000000000000000000e+00
7.724437978140485939e-08
2.289563738600008946e-08
0.000000000000000000e+00
0.000000000000000000e+00
0.000000000000000000e+00
0.000000000000000000e+00
0.000000000000000000e+00
4.752773108407382097e-08
6.110374872747570407e-09
8.630290260214223963e-09
6.897707294228894170e-08
9.586235277803112353e-11
0.000000000000000000e+00
0.000000000000000000e+00
2.315076841341578984e-07
2.976490165451650682e-09
9.778112541880545905e-09
4.799538544375536731e-08
0.000000000000000000e+00
5.525181201448958745e-09
1.769724917721759994e-06
0.000000000000000000e+00
0.000000000000000000e+00
0.000000000000000000e+00
4.917202289789202041e-08
0.000000000000000000e+00
0.000000000000000000e+00
0.000000000000000000e+00
0.000000000000000000e+00
0.000000000000000000e+00
0.000000000000000000e+00
0.000000000000000000e+00
0.000000000000000000e+00
0.000000000000000000e+00
0.000000000000000000e+00
8.796265049682006065e-09
0.000000000000000000e+00
5.947241987769302796e-08
5.461478380652806663e-09
4.751095730171073228e-07
0.000000000000000000e+00
4.550043684048432624e-07
7.359062248468717371e-09
1.267563298767981905e-08
1.504761684145705658e-07
4.715218082651517761e-08
1.905212698716240993e-08
1.206150201937816746e-08
0.000000000000000000e+00
1.305989940192375798e-06
0.000000000000000000e+00
0.000000000000000000e+00
0.000000000000000000e+00
1.439223638044495601e-07
9.491925467841610953e-09
3.325825673528015614e-06
2.549538464791112347e-07
9.808958090218311554e-09
4.171900869209821394e-08
8.713277566130273044e-08
8.121946137862323667e-08
7.261544254788532271e-08
8.772872774898132775e-07
6.306239441755678854e-08
0.000000000000000000e+00
6.146274600382639619e-09
9.131597380473976955e-07
1.530086279899478541e-08
2.034979388554347679e-06
3.032221229659626260e-06
4.450436108527355827e-07
1.116585934823888238e-08
3.088455047262073094e-09
1.073887005986762233e-06
1.023041278358505224e-07
0.000000000000000000e+00
6.149525688670109957e-07
1.955908146555884741e-06
0.000000000000000000e+00
1.581585138410446234e-07
4.100301964626851259e-08
0.000000000000000000e+00
0.000000000000000000e+00
4.201887904287104902e-08
1.194374874557979638e-07
1.754153267086167034e-09
1.344270561531857311e-08
9.503666120735942968e-08
0.000000000000000000e+00
0.000000000000000000e+00
3.162659467648154532e-08
0.000000000000000000e+00
0.000000000000000000e+00
0.000000000000000000e+00
5.546986203697201745e-10
1.961304860742529854e-06
0.000000000000000000e+00
2.772677021312119905e-07
0.000000000000000000e+00
4.324054714288649848e-07
0.000000000000000000e+00
6.370079574935516575e-08
2.157424283666387055e-08
0.000000000000000000e+00
2.759535355778552912e-08
1.481805611547315493e-07
2.538315261105261733e-12
2.946483732557680923e-07
0.000000000000000000e+00
1.117795189742309958e-08
0.000000000000000000e+00
0.000000000000000000e+00
0.000000000000000000e+00
0.000000000000000000e+00
0.000000000000000000e+00
0.000000000000000000e+00
1.637931177356222179e-06
3.507558132831434250e-10
0.000000000000000000e+00
2.523257514042143157e-08
0.000000000000000000e+00
2.422406986113401217e-08
1.798488136195430798e-09
7.633118315197862103e-08
0.000000000000000000e+00
4.408918741205525293e-08
0.000000000000000000e+00
0.000000000000000000e+00
0.000000000000000000e+00
0.000000000000000000e+00
0.000000000000000000e+00
0.000000000000000000e+00
9.242610010673502074e-10
0.000000000000000000e+00
0.000000000000000000e+00
0.000000000000000000e+00
0.000000000000000000e+00
9.582481336201098543e-11
0.000000000000000000e+00
0.000000000000000000e+00
9.301660774951869826e-09
0.000000000000000000e+00
0.000000000000000000e+00
1.231285073899357485e-09
0.000000000000000000e+00
0.000000000000000000e+00
1.821164943294206751e-07
5.230513799858726998e-09
0.000000000000000000e+00
1.324778793332370697e-07
2.962714873433469620e-08
1.250123204954434186e-08
1.885444618210385670e-07
1.396196824821061000e-09
0.000000000000000000e+00
0.000000000000000000e+00
1.010433479109451582e-07
0.000000000000000000e+00
0.000000000000000000e+00
5.831564120484244995e-09
0.000000000000000000e+00
3.536070281029424223e-08
0.000000000000000000e+00
7.130568580038243454e-09
6.768920091104746461e-09
2.718117675382103471e-10
9.652602557252976112e-07
2.255342366197510273e-07
5.697949134741975286e-08
1.222713876813941170e-07
0.000000000000000000e+00
0.000000000000000000e+00
1.081855174334123149e-07
2.047510494485038635e-10
1.229196300300827716e-08
0.000000000000000000e+00
0.000000000000000000e+00
0.000000000000000000e+00
1.491084061777669945e-10
0.000000000000000000e+00
3.818337201977328732e-09
0.000000000000000000e+00
0.000000000000000000e+00
0.000000000000000000e+00
0.000000000000000000e+00
2.704203083681022690e-09
0.000000000000000000e+00
4.324388100940268487e-07
2.491235662205326662e-09
1.753765882517299701e-10
0.000000000000000000e+00
1.030243924025897595e-12
0.000000000000000000e+00
0.000000000000000000e+00
0.000000000000000000e+00
0.000000000000000000e+00
0.000000000000000000e+00
0.000000000000000000e+00
0.000000000000000000e+00
0.000000000000000000e+00
0.000000000000000000e+00
0.000000000000000000e+00
1.314525266415955684e-09
0.000000000000000000e+00
0.000000000000000000e+00
0.000000000000000000e+00
0.000000000000000000e+00
1.137107688009564299e-07
2.272020627192006259e-10
1.850795183777620423e-09
5.952554360533213185e-08
3.183512120585874072e-08
5.144702868165040854e-07
1.629757129251174774e-08
2.647740471317661104e-09
7.919068707451515365e-07
1.452986907679587603e-06
1.123641624189986032e-08
5.325703114067437127e-06
4.272309070074697956e-06
1.664481175112086930e-07
1.079772147249968839e-07
1.942737100080194068e-07
5.999440588766447036e-08
7.525925660445409449e-09
2.358459028073411901e-07
9.634659292601099878e-09
1.590379270055564120e-06
8.890458147448043746e-09
2.372861374055901251e-08
1.577820114562200615e-07
5.622564636098559276e-10
6.549787940457463264e-06
6.762995496956136776e-08
8.880327300175849814e-07
9.697837555222577066e-08
1.071010387931892183e-06
1.046179676222891430e-07
0.000000000000000000e+00
1.240363303622871172e-06
1.486424253016593866e-06
2.205076583550180658e-07
3.691178847020637477e-07
1.994111542558130168e-08
1.080913047957210438e-08
5.827495215271483175e-07
9.050522180586995091e-07
1.600090282494193161e-09
1.877194177879459858e-09
2.330528019456323818e-07
0.000000000000000000e+00
1.857198299148876686e-06
4.028580917747603962e-07
2.582699210051941918e-07
5.413652957031445112e-07
1.988429403354530223e-06
9.844987971519003622e-07
5.858889196019845258e-08
1.170214204648800660e-06
1.815108774394502689e-08
2.595183445919246878e-08
3.468027216513291933e-07
2.922966313434471886e-09
0.000000000000000000e+00
1.026069611498314771e-07
0.000000000000000000e+00
0.000000000000000000e+00
0.000000000000000000e+00
6.005757882121542934e-07
1.659685580079894862e-07
2.830180256818692897e-10
1.476318288951006252e-06
0.000000000000000000e+00
7.808785085564040607e-13
2.882245830893026550e-10
3.940908988031566196e-10
0.000000000000000000e+00
0.000000000000000000e+00
1.281120916019062861e-07
2.816270550098920467e-09
0.000000000000000000e+00
3.492219491363357520e-07
2.549928979078686098e-08
0.000000000000000000e+00
0.000000000000000000e+00
6.679838016054873151e-09
0.000000000000000000e+00
0.000000000000000000e+00
0.000000000000000000e+00
0.000000000000000000e+00
9.672648459968513635e-09
0.000000000000000000e+00
9.711058623906865250e-09
2.556422261379420746e-11
2.031544654723660415e-10
0.000000000000000000e+00
0.000000000000000000e+00
0.000000000000000000e+00
0.000000000000000000e+00
0.000000000000000000e+00
0.000000000000000000e+00
0.000000000000000000e+00
7.347771724397489379e-09
0.000000000000000000e+00
0.000000000000000000e+00
0.000000000000000000e+00
1.321993295277934521e-06
0.000000000000000000e+00
0.000000000000000000e+00
3.649084590051643318e-09
0.000000000000000000e+00
0.000000000000000000e+00
0.000000000000000000e+00
0.000000000000000000e+00
2.213252026095346991e-09
1.393059267940088830e-08
0.000000000000000000e+00
0.000000000000000000e+00
2.554993216108414344e-06
3.640058565679282765e-08
6.308821465239589088e-09
0.000000000000000000e+00
5.228940835877438076e-07
0.000000000000000000e+00
1.540195637694807829e-09
0.000000000000000000e+00
2.246301589181598501e-09
4.705280076677809120e-08
0.000000000000000000e+00
0.000000000000000000e+00
6.665180907194923066e-11
2.311887348227514849e-09
0.000000000000000000e+00
0.000000000000000000e+00
1.799182913764241221e-09
0.000000000000000000e+00
0.000000000000000000e+00
4.782348383969292627e-08
2.340349070095726347e-08
4.352091131920587941e-09
0.000000000000000000e+00
3.698234252169640968e-08
0.000000000000000000e+00
0.000000000000000000e+00
1.464988308441661502e-08
1.963993589981782861e-08
8.332138889954876504e-08
0.000000000000000000e+00
2.094715720324380470e-11
4.051977864349964875e-09
3.911497792330465018e-09
2.064856907679768483e-08
0.000000000000000000e+00
6.177350631020317451e-09
0.000000000000000000e+00
1.339725372417888138e-06
1.067544758370786440e-06
0.000000000000000000e+00
0.000000000000000000e+00
0.000000000000000000e+00
2.163224195328439237e-07
9.372673304142153938e-08
9.771794040602799214e-09
6.322678380854540592e-09
7.792233702730300138e-08
9.813400225766599760e-08
0.000000000000000000e+00
0.000000000000000000e+00
2.177352326215853395e-10
0.000000000000000000e+00
0.000000000000000000e+00
0.000000000000000000e+00
0.000000000000000000e+00
0.000000000000000000e+00
0.000000000000000000e+00
1.862334642055429867e-08
2.652583264151076037e-09
0.000000000000000000e+00
0.000000000000000000e+00
0.000000000000000000e+00
0.000000000000000000e+00
0.000000000000000000e+00
0.000000000000000000e+00
0.000000000000000000e+00
0.000000000000000000e+00
0.000000000000000000e+00
0.000000000000000000e+00
6.087871096127628334e-09
2.139191792593919672e-07
2.422797933832043782e-06
1.501036081208440010e-06
8.235101489617591142e-08
2.174896174267360038e-08
7.696698389736411627e-08
0.000000000000000000e+00
5.466313837132474873e-07
0.000000000000000000e+00
0.000000000000000000e+00
0.000000000000000000e+00
0.000000000000000000e+00
0.000000000000000000e+00
0.000000000000000000e+00
0.000000000000000000e+00
0.000000000000000000e+00
0.000000000000000000e+00
0.000000000000000000e+00
3.694385441121994518e-06
2.837534474053882150e-08
0.000000000000000000e+00
0.000000000000000000e+00
0.000000000000000000e+00
2.615077391965314746e-06
9.271451517633977346e-07
1.577055463997112383e-08
6.000605168310357840e-08
9.980440474066654133e-09
1.467483290440441124e-08
7.047431083151423081e-09
4.691602129014427192e-08
1.748942253243512823e-07
1.503882707254433626e-08
3.197718356773293635e-08
7.662867673730033857e-09
9.039451356329664122e-07
8.174009025196937728e-08
1.996419086935929954e-06
1.814904777575065964e-07
6.070814606573549099e-07
2.175273493776330724e-06
9.282884434469451662e-07
2.475719362848849414e-08
1.332845922519254600e-08
3.032759110510596656e-08
1.066766685653419700e-06
1.491823020671745326e-08
3.874437766171467956e-07
8.526884975879056583e-09
4.073465731391223699e-10
1.513800751418159507e-09
1.355246137535459638e-08
9.697890490656391194e-09
6.509487207040365320e-07
9.797802391631194041e-08
1.954563657591279480e-07
1.536237981270005548e-08
1.812855998650775291e-06
4.287788044621265726e-07
1.698133132777002174e-06
6.237420620891498402e-06
3.897733336089004297e-08
1.705699617104983190e-07
8.319473636220209301e-06
1.211059874606235098e-08
4.726066435978282243e-06
6.762133963889027655e-09
0.000000000000000000e+00
0.000000000000000000e+00
3.807226089946880165e-09
1.420718547251453856e-07
4.642122419795668975e-08
0.000000000000000000e+00
0.000000000000000000e+00
2.513128833925293293e-07
1.567862994988900027e-07
9.868365680176793830e-09
1.352637468698958401e-08
0.000000000000000000e+00
0.000000000000000000e+00
9.879535411982942605e-09
6.592068224620106776e-09
0.000000000000000000e+00
1.982621370189008303e-06
0.000000000000000000e+00
1.019414419545228156e-08
1.096461943461690680e-08
0.000000000000000000e+00
0.000000000000000000e+00
0.000000000000000000e+00
7.533396129133507202e-09
0.000000000000000000e+00
0.000000000000000000e+00
1.633632962239062181e-07
6.765088045312950271e-09
0.000000000000000000e+00
0.000000000000000000e+00
7.224570719444045608e-09
0.000000000000000000e+00
0.000000000000000000e+00
5.685810045008565794e-09
1.722905845769062694e-10
3.074407004532986321e-07
0.000000000000000000e+00
1.645667708771725302e-07
1.581054789312474895e-07
2.983572500170339481e-09
0.000000000000000000e+00
0.000000000000000000e+00
0.000000000000000000e+00
0.000000000000000000e+00
0.000000000000000000e+00
3.739552312254090793e-07
0.000000000000000000e+00
0.000000000000000000e+00
0.000000000000000000e+00
1.930454823773075645e-10
2.164741630394928507e-07
0.000000000000000000e+00
0.000000000000000000e+00
0.000000000000000000e+00
1.648427172540323227e-07
0.000000000000000000e+00
0.000000000000000000e+00
0.000000000000000000e+00
0.000000000000000000e+00
0.000000000000000000e+00
0.000000000000000000e+00
0.000000000000000000e+00
0.000000000000000000e+00
0.000000000000000000e+00
6.846570954621711280e-08
8.319036015613789914e-10
0.000000000000000000e+00
0.000000000000000000e+00
0.000000000000000000e+00
0.000000000000000000e+00
0.000000000000000000e+00
0.000000000000000000e+00
0.000000000000000000e+00
0.000000000000000000e+00
0.000000000000000000e+00
0.000000000000000000e+00
3.757364641643334835e-09
6.274367247982581830e-09
2.459566303514293395e-06
0.000000000000000000e+00
0.000000000000000000e+00
8.946139828935883997e-09
0.000000000000000000e+00
1.435330858612360316e-07
0.000000000000000000e+00
0.000000000000000000e+00
0.000000000000000000e+00
0.000000000000000000e+00
0.000000000000000000e+00
0.000000000000000000e+00
0.000000000000000000e+00
0.000000000000000000e+00
3.114826085948152468e-08
0.000000000000000000e+00
5.549210424504735784e-09
4.726314450920199306e-09
0.000000000000000000e+00
0.000000000000000000e+00
1.376451486123642098e-08
2.403489185454077415e-09
0.000000000000000000e+00
2.797897913353608601e-09
1.397736042463293415e-07
2.512859964554081671e-07
0.000000000000000000e+00
7.120132039517557132e-09
0.000000000000000000e+00
1.890301110085701453e-10
5.822579964842589106e-07
0.000000000000000000e+00
0.000000000000000000e+00
0.000000000000000000e+00
2.064809123680788616e-08
1.603841859321164520e-08
0.000000000000000000e+00
0.000000000000000000e+00
3.635616110386763467e-07
0.000000000000000000e+00
3.782937962881760541e-09
0.000000000000000000e+00
0.000000000000000000e+00
0.000000000000000000e+00
1.088609664634532237e-07
0.000000000000000000e+00
2.989336280734278262e-07
0.000000000000000000e+00
4.584824608855342376e-08
0.000000000000000000e+00
0.000000000000000000e+00
0.000000000000000000e+00
0.000000000000000000e+00
0.000000000000000000e+00
0.000000000000000000e+00
0.000000000000000000e+00
0.000000000000000000e+00
2.485148229425249156e-07
0.000000000000000000e+00
0.000000000000000000e+00
0.000000000000000000e+00
3.067093246045260457e-09
2.270466481490984734e-09
0.000000000000000000e+00
0.000000000000000000e+00
9.166899239687609224e-09
0.000000000000000000e+00
0.000000000000000000e+00
5.166172378778810526e-09
0.000000000000000000e+00
0.000000000000000000e+00
2.521828301738082700e-09
0.000000000000000000e+00
0.000000000000000000e+00
9.824469238139954541e-09
0.000000000000000000e+00
0.000000000000000000e+00
0.000000000000000000e+00
0.000000000000000000e+00
5.295447413899978528e-10
0.000000000000000000e+00
1.390078607776956687e-10
0.000000000000000000e+00
0.000000000000000000e+00
4.613247028828482144e-08
1.610813371577535236e-09
0.000000000000000000e+00
1.154156414884255355e-08
0.000000000000000000e+00
0.000000000000000000e+00
0.000000000000000000e+00
1.071252309081671683e-09
0.000000000000000000e+00
0.000000000000000000e+00
0.000000000000000000e+00
0.000000000000000000e+00
4.830000288613689463e-10
0.000000000000000000e+00
8.021738828745128558e-09
0.000000000000000000e+00
4.256084720766217799e-11
0.000000000000000000e+00
9.898247776973789769e-10
5.634939997251064980e-12
8.289220698731725179e-11
3.888557920106450183e-09
7.132211266025478835e-08
7.132927137831757136e-09
3.029164474810386309e-08
9.128576294870072161e-08
3.901680756257519533e-09
4.022418786941983626e-10
8.692555297784565482e-08
0.000000000000000000e+00
5.000198299853764183e-08
6.936817786851179335e-09
5.151396180735900998e-07
3.426125605443530731e-09
8.511469928862425149e-08
1.356007288677574252e-07
8.340554025210167310e-09
2.622376982230889553e-09
2.240861505242719431e-07
7.487641795478339191e-08
0.000000000000000000e+00
1.480993550018183669e-08
5.490410259767486423e-08
5.820616593155136798e-07
9.728070793357801449e-09
2.743312279562815093e-07
1.364305202145033036e-08
4.011469201259387773e-08
7.290308531082700938e-06
1.405373154739208985e-06
6.303933486329071911e-10
1.817567962802968395e-08
5.271681402518879622e-07
4.041219483497116016e-07
4.094276206956237729e-08
2.885794856410939246e-06
4.198122496745781973e-06
1.065296331148601894e-07
1.808061682595507591e-07
8.080137803290199372e-08
6.265228336133077391e-08
1.271742917197116185e-06
5.242934264515497489e-08
1.999148707909625955e-06
9.291534297517500818e-07
0.000000000000000000e+00
9.754743679479815910e-10
5.230667454725335119e-09
0.000000000000000000e+00
3.755233990432316205e-08
4.603657828283758136e-07
5.469754071896204550e-08
0.000000000000000000e+00
0.000000000000000000e+00
4.601558600825228496e-07
1.077905098512133009e-09
1.571569896441360470e-08
3.708458251594493049e-08
0.000000000000000000e+00
1.592607077327556908e-07
3.744588354948064080e-07
8.312105670427172299e-09
1.079804801129569114e-09
9.857447080818815266e-10
3.555788197218134883e-08
9.737702866274844382e-10
9.073377604806864838e-09
3.899633611581521109e-07
9.388894284256821265e-08
1.655321713034396680e-10
1.205405375515056221e-08
0.000000000000000000e+00
5.320356599725073465e-09
3.384834101893829938e-08
7.465124518546417676e-09
0.000000000000000000e+00
1.711950261551464791e-07
0.000000000000000000e+00
4.808430320579759609e-10
5.091136046075916965e-08
0.000000000000000000e+00
0.000000000000000000e+00
0.000000000000000000e+00
2.492513203833368607e-06
4.657314534028955677e-09
1.234123061522041098e-07
0.000000000000000000e+00
0.000000000000000000e+00
0.000000000000000000e+00
0.000000000000000000e+00
0.000000000000000000e+00
0.000000000000000000e+00
0.000000000000000000e+00
0.000000000000000000e+00
0.000000000000000000e+00
0.000000000000000000e+00
0.000000000000000000e+00
2.025871253863442689e-06
0.000000000000000000e+00
2.025331902189009270e-09
0.000000000000000000e+00
0.000000000000000000e+00
2.142588897413588711e-07
3.339886916364775971e-06
0.000000000000000000e+00
0.000000000000000000e+00
0.000000000000000000e+00
7.215346986555459807e-09
0.000000000000000000e+00
3.526072989146200598e-09
0.000000000000000000e+00
0.000000000000000000e+00
0.000000000000000000e+00
0.000000000000000000e+00
0.000000000000000000e+00
3.826809091833638377e-09
0.000000000000000000e+00
0.000000000000000000e+00
0.000000000000000000e+00
3.704956341721299395e-10
5.379786784942552913e-07
3.442514884266500985e-10
0.000000000000000000e+00
0.000000000000000000e+00
1.474164577075498528e-07
5.159112692609824080e-09
2.386729818226740463e-07
0.000000000000000000e+00
0.000000000000000000e+00
0.000000000000000000e+00
4.395897690301353578e-08
0.000000000000000000e+00
0.000000000000000000e+00
0.000000000000000000e+00
0.000000000000000000e+00
7.627448006530812563e-09
0.000000000000000000e+00
0.000000000000000000e+00
5.093366617359151860e-09
5.445535293802095111e-07
0.000000000000000000e+00
0.000000000000000000e+00
0.000000000000000000e+00
0.000000000000000000e+00
0.000000000000000000e+00
7.028479842574597569e-08
0.000000000000000000e+00
0.000000000000000000e+00
5.835232991246996903e-11
0.000000000000000000e+00
0.000000000000000000e+00
0.000000000000000000e+00
0.000000000000000000e+00
6.255754669837187976e-07
0.000000000000000000e+00
0.000000000000000000e+00
2.686594724465862782e-09
3.772035572779941504e-09
9.585162885628051299e-09
0.000000000000000000e+00
0.000000000000000000e+00
0.000000000000000000e+00
0.000000000000000000e+00
0.000000000000000000e+00
0.000000000000000000e+00
0.000000000000000000e+00
6.924429474253201988e-09
1.072930785994685721e-06
0.000000000000000000e+00
9.825905777915977524e-08
0.000000000000000000e+00
0.000000000000000000e+00
0.000000000000000000e+00
4.813370537704031449e-07
0.000000000000000000e+00
0.000000000000000000e+00
0.000000000000000000e+00
1.938267679690852674e-08
3.916912572066166831e-09
1.143144032766940654e-07
0.000000000000000000e+00
3.184380314991130945e-09
0.000000000000000000e+00
0.000000000000000000e+00
2.655109909710517968e-08
8.156944453219239222e-09
0.000000000000000000e+00
1.339530431021529466e-10
0.000000000000000000e+00
0.000000000000000000e+00
7.364901577489035844e-09
0.000000000000000000e+00
1.659308423995753401e-08
0.000000000000000000e+00
4.276769161037918821e-09
1.089538955056923442e-06
3.534542103444948680e-10
8.564345677086748765e-09
1.144258732210801099e-07
0.000000000000000000e+00
0.000000000000000000e+00
2.273428112431474801e-09
2.653062658453109179e-08
0.000000000000000000e+00
2.880085219203465385e-07
9.587477052264148369e-07
3.449598828808575490e-09
4.548586218788841506e-08
2.111716490560411330e-08
1.740871197197790821e-10
2.016473743537972041e-08
4.185893885733094066e-06
3.202735797458444722e-06
7.155988690499270888e-09
0.000000000000000000e+00
4.104310391994658858e-06
1.813586503196518152e-10
5.181836399970052298e-07
2.429535861381282302e-08
8.259618766714993399e-07
4.653738283622033123e-09
5.682044275090447627e-07
2.165491650885087438e-06
0.000000000000000000e+00
3.478930466371821240e-06
1.673454086414949415e-08
1.886704268372341176e-07
1.305802932449751097e-08
0.000000000000000000e+00
5.726726044485985767e-07
0.000000000000000000e+00
1.750214835283259163e-07
0.000000000000000000e+00
1.384180336572171655e-06
1.345062461410861943e-08
6.878843716862093061e-09
1.758340204105479643e-06
6.780829153285594657e-06
7.428766934935993049e-08
0.000000000000000000e+00
1.061982430883290363e-07
3.765968131119734608e-06
1.488429657303669273e-10
3.148711513745183765e-08
1.599532993168395478e-06
0.000000000000000000e+00
0.000000000000000000e+00
0.000000000000000000e+00
0.000000000000000000e+00
1.579482322711101006e-08
0.000000000000000000e+00
0.000000000000000000e+00
1.087974169422523119e-06
1.417459394303932640e-08
0.000000000000000000e+00
0.000000000000000000e+00
0.000000000000000000e+00
4.620522020548634146e-10
0.000000000000000000e+00
3.738962561783409910e-08
1.256527468740387121e-07
2.529025877606727590e-09
1.546094949844700750e-07
0.000000000000000000e+00
9.112315524362202268e-08
6.630851423494732444e-10
2.653922308581968537e-07
4.890703397819606835e-10
1.983362984958603192e-08
0.000000000000000000e+00
0.000000000000000000e+00
0.000000000000000000e+00
5.046751461179610487e-09
2.517306484151049517e-06
0.000000000000000000e+00
0.000000000000000000e+00
0.000000000000000000e+00
5.668092384336631540e-11
0.000000000000000000e+00
0.000000000000000000e+00
1.461192482565820683e-07
0.000000000000000000e+00
0.000000000000000000e+00
1.200664012657171043e-10
0.000000000000000000e+00
5.344685582997499296e-09
0.000000000000000000e+00
0.000000000000000000e+00
0.000000000000000000e+00
1.737221140274414211e-07
0.000000000000000000e+00
0.000000000000000000e+00
7.224462805766052043e-09
0.000000000000000000e+00
8.682797592030055966e-09
1.610222510883829727e-09
3.113323154835256901e-09
0.000000000000000000e+00
0.000000000000000000e+00
0.000000000000000000e+00
0.000000000000000000e+00
2.281157662764599081e-07
3.084147408571880078e-07
1.907135040168927986e-12
0.000000000000000000e+00
0.000000000000000000e+00
0.000000000000000000e+00
0.000000000000000000e+00
0.000000000000000000e+00
0.000000000000000000e+00
0.000000000000000000e+00
1.634750668166873311e-09
2.144117994262728644e-09
7.727918927002974669e-08
0.000000000000000000e+00
0.000000000000000000e+00
0.000000000000000000e+00
0.000000000000000000e+00
5.865363750245933261e-11
1.828154960747951918e-09
0.000000000000000000e+00
0.000000000000000000e+00
1.028876983610871321e-08
0.000000000000000000e+00
1.707210373069756315e-07
5.406360870097159932e-08
0.000000000000000000e+00
0.000000000000000000e+00
9.069663775562730734e-08
0.000000000000000000e+00
0.000000000000000000e+00
0.000000000000000000e+00
0.000000000000000000e+00
0.000000000000000000e+00
4.866179779128287919e-07
0.000000000000000000e+00
0.000000000000000000e+00
0.000000000000000000e+00
2.262627845084352884e-07
0.000000000000000000e+00
3.019289636085886741e-07
0.000000000000000000e+00
0.000000000000000000e+00
0.000000000000000000e+00
0.000000000000000000e+00
6.582443745628552279e-08
0.000000000000000000e+00
0.000000000000000000e+00
0.000000000000000000e+00
1.265719334897497106e-10
4.376594731070326816e-08
1.073974402743260725e-07
0.000000000000000000e+00
0.000000000000000000e+00
0.000000000000000000e+00
3.931712289073630018e-09
0.000000000000000000e+00
4.403043618594892905e-08
3.007412203714920906e-07
0.000000000000000000e+00
1.458647069796370488e-08
2.071550264659549612e-09
9.187240301855581492e-09
0.000000000000000000e+00
4.225150291858881246e-07
5.516338497102424299e-09
4.667574060590595764e-08
0.000000000000000000e+00
0.000000000000000000e+00
0.000000000000000000e+00
0.000000000000000000e+00
7.427122805658825655e-10
0.000000000000000000e+00
0.000000000000000000e+00
0.000000000000000000e+00
8.454080768771632393e-10
1.055392142494497587e-13
0.000000000000000000e+00
0.000000000000000000e+00
0.000000000000000000e+00
0.000000000000000000e+00
0.000000000000000000e+00
0.000000000000000000e+00
2.243751850983244367e-08
0.000000000000000000e+00
3.251447253660444403e-07
5.371819433719338122e-09
7.248910947055264842e-07
4.087518732376338448e-07
1.532186928443479701e-07
9.809830316953593865e-07
0.000000000000000000e+00
6.747439442733593751e-07
8.197871181891969172e-08
1.318099585034815391e-08
9.699959946374292485e-07
6.622140169554313616e-09
2.392868836409434152e-08
1.731482335287637397e-08
1.582915665210293810e-08
0.000000000000000000e+00
6.566931887164173531e-08
1.908449576148996130e-06
2.636949432144319871e-07
2.154207123794549261e-08
1.434844687508984862e-08
3.866411635300437410e-09
8.099230619507125084e-09
1.013038763986173763e-09
8.671818263472630406e-10
6.326407731016558955e-10
5.672605425388610456e-07
0.000000000000000000e+00
0.000000000000000000e+00
0.000000000000000000e+00
2.809652244195603998e-07
4.913734414913051296e-07
3.938323445140667900e-09
2.598076953574945946e-08
2.682134292442128753e-09
9.796477797863190062e-07
0.000000000000000000e+00
0.000000000000000000e+00
0.000000000000000000e+00
3.569054030094775953e-08
1.846647057490713451e-09
0.000000000000000000e+00
0.000000000000000000e+00
0.000000000000000000e+00
5.956609925306111109e-07
1.356035816968415020e-08
8.240284046223678160e-07
0.000000000000000000e+00
0.000000000000000000e+00
0.000000000000000000e+00
4.239256554683379363e-07
0.000000000000000000e+00
6.086783344017021591e-08
7.156874204383711913e-08
4.440423850837760256e-08
0.000000000000000000e+00
0.000000000000000000e+00
0.000000000000000000e+00
0.000000000000000000e+00
0.000000000000000000e+00
0.000000000000000000e+00
0.000000000000000000e+00
0.000000000000000000e+00
0.000000000000000000e+00
0.000000000000000000e+00
0.000000000000000000e+00
0.000000000000000000e+00
0.000000000000000000e+00
0.000000000000000000e+00
0.000000000000000000e+00
0.000000000000000000e+00
3.808074744426903635e-09
0.000000000000000000e+00
0.000000000000000000e+00
0.000000000000000000e+00
0.000000000000000000e+00
0.000000000000000000e+00
0.000000000000000000e+00
0.000000000000000000e+00
0.000000000000000000e+00
0.000000000000000000e+00
2.841715911472419975e-07
4.225006478009163402e-07
5.372874056774890050e-08
1.600281507307954598e-06
0.000000000000000000e+00
0.000000000000000000e+00
0.000000000000000000e+00
1.008581094197325001e-07
9.987666249600124502e-10
0.000000000000000000e+00
3.746840684937247090e-11
0.000000000000000000e+00
0.000000000000000000e+00
0.000000000000000000e+00
0.000000000000000000e+00
0.000000000000000000e+00
0.000000000000000000e+00
0.000000000000000000e+00
1.617749489923880901e-08
0.000000000000000000e+00
0.000000000000000000e+00
0.000000000000000000e+00
0.000000000000000000e+00
0.000000000000000000e+00
0.000000000000000000e+00
5.901939914565446088e-08
0.000000000000000000e+00
0.000000000000000000e+00
1.289947846316863433e-07
6.060116675143945031e-08
0.000000000000000000e+00
0.000000000000000000e+00
5.111424883352810866e-08
9.493001051907867804e-09
0.000000000000000000e+00
0.000000000000000000e+00
0.000000000000000000e+00
2.483910499506691849e-08
2.644474363933113636e-07
0.000000000000000000e+00
0.000000000000000000e+00
9.273176004853667109e-09
8.637490722662732878e-09
3.444084739623320957e-10
0.000000000000000000e+00
0.000000000000000000e+00
4.419073885032070992e-14
0.000000000000000000e+00
0.000000000000000000e+00
0.000000000000000000e+00
0.000000000000000000e+00
0.000000000000000000e+00
0.000000000000000000e+00
0.000000000000000000e+00
0.000000000000000000e+00
7.400742685348404848e-09
2.216199966598164650e-11
1.052314679839128075e-08
0.000000000000000000e+00
0.000000000000000000e+00
0.000000000000000000e+00
0.000000000000000000e+00
0.000000000000000000e+00
0.000000000000000000e+00
0.000000000000000000e+00
0.000000000000000000e+00
2.889669392658333891e-09
0.000000000000000000e+00
3.477792706596538608e-11
9.870324113592232607e-09
2.411115929135121405e-07
8.989217148425154846e-10
3.865640696432137702e-09
0.000000000000000000e+00
1.271308658346015363e-08
2.820317535068284087e-09
9.742181283911577339e-09
2.002447899940307252e-06
5.215283138682025310e-08
9.019226467898988631e-07
6.188718426614059354e-09
1.574595565045910917e-08
0.000000000000000000e+00
1.301134261666447856e-06
1.072058264384168069e-08
2.286097242176765576e-06
0.000000000000000000e+00
1.411937046214006841e-05
2.044662778644124046e-06
1.160600186267402023e-05
5.025702307648316491e-07
1.589405940194410505e-08
1.198345785269339103e-06
3.835422717202163767e-07
1.635458524162913818e-08
2.903116858021803637e-08
4.054356850247131661e-07
4.777409756684392050e-08
2.479808358657464851e-08
9.682506352248765324e-09
8.098356829577824101e-08
4.847121104489815480e-08
7.421564163223592914e-08
1.169661686617473606e-06
8.892026670537234168e-08
5.694436708836292382e-07
1.843425678771382081e-07
9.638273512635464613e-10
6.956467473173688632e-07
4.967316336035310087e-09
0.000000000000000000e+00
3.099675893736275611e-08
6.473725733258106629e-08
8.599704059975010750e-09
1.404890070944020408e-08
1.901414492522235378e-08
1.210296716180891963e-07
0.000000000000000000e+00
4.725614033418423787e-08
0.000000000000000000e+00
7.610248431433319638e-09
9.210850038243734161e-08
0.000000000000000000e+00
9.488737617857623263e-08
8.977177401447988814e-08
1.682932193602937332e-08
1.296418190577242058e-07
0.000000000000000000e+00
0.000000000000000000e+00
5.924397417089721785e-09
3.062724795999116623e-10
5.185459599488240201e-07
4.588521846926596481e-07
0.000000000000000000e+00
1.053986977694876259e-07
4.430951605627342360e-09
0.000000000000000000e+00
4.212724058483274803e-10
1.510095870571603882e-08
0.000000000000000000e+00
5.654067436466903018e-09
1.100196467263003797e-08
0.000000000000000000e+00
0.000000000000000000e+00
3.192223019254925021e-08
2.529702847198223026e-08
0.000000000000000000e+00
9.513392029703027220e-08
0.000000000000000000e+00
0.000000000000000000e+00
1.010103289900143864e-08
7.473300200899757328e-09
0.000000000000000000e+00
0.000000000000000000e+00
0.000000000000000000e+00
0.000000000000000000e+00
0.000000000000000000e+00
0.000000000000000000e+00
5.707547323652306659e-09
0.000000000000000000e+00
1.268955656996695325e-06
0.000000000000000000e+00
2.803470877665859007e-08
0.000000000000000000e+00
6.017870646246592514e-07
0.000000000000000000e+00
1.192661347459988974e-08
2.449984606300859014e-07
0.000000000000000000e+00
0.000000000000000000e+00
3.327023725963051959e-11
1.535835565391607815e-07
4.007983989140484482e-06
0.000000000000000000e+00
0.000000000000000000e+00
0.000000000000000000e+00
0.000000000000000000e+00
0.000000000000000000e+00
0.000000000000000000e+00
0.000000000000000000e+00
0.000000000000000000e+00
0.000000000000000000e+00
0.000000000000000000e+00
0.000000000000000000e+00
0.000000000000000000e+00
0.000000000000000000e+00
0.000000000000000000e+00
0.000000000000000000e+00
0.000000000000000000e+00
0.000000000000000000e+00
0.000000000000000000e+00
0.000000000000000000e+00
0.000000000000000000e+00
0.000000000000000000e+00
4.601856673502879858e-09
0.000000000000000000e+00
0.000000000000000000e+00
0.000000000000000000e+00
0.000000000000000000e+00
0.000000000000000000e+00
0.000000000000000000e+00
0.000000000000000000e+00
0.000000000000000000e+00
0.000000000000000000e+00
1.361617485429178487e-09
0.000000000000000000e+00
8.803946371926940628e-08
0.000000000000000000e+00
0.000000000000000000e+00
0.000000000000000000e+00
1.173838413137673342e-07
1.234007673822645756e-09
0.000000000000000000e+00
2.223713213567179992e-09
0.000000000000000000e+00
0.000000000000000000e+00
0.000000000000000000e+00
0.000000000000000000e+00
0.000000000000000000e+00
0.000000000000000000e+00
2.495268658364580006e-09
7.407532809367012305e-09
0.000000000000000000e+00
0.000000000000000000e+00
0.000000000000000000e+00
0.000000000000000000e+00
0.000000000000000000e+00
2.163010569267154182e-11
2.911015073436828970e-08
0.000000000000000000e+00
0.000000000000000000e+00
0.000000000000000000e+00
0.000000000000000000e+00
4.962153798970803109e-09
1.867307872771561961e-07
0.000000000000000000e+00
0.000000000000000000e+00
1.020536544160677295e-08
0.000000000000000000e+00
5.324960916652798915e-09
0.000000000000000000e+00
6.925805262625317482e-09
4.652799034943200240e-09
6.987050227280633408e-08
4.066464853735851648e-08
8.249343430577482650e-09
8.343430835111576016e-08
1.615697975410057552e-08
2.392765097170013178e-08
4.941861364571309423e-10
0.000000000000000000e+00
2.270171606255644292e-09
0.000000000000000000e+00
0.000000000000000000e+00
0.000000000000000000e+00
0.000000000000000000e+00
0.000000000000000000e+00
1.546639367688840139e-07
0.000000000000000000e+00
3.466792293238540879e-07
2.878842586540031334e-08
1.233308594139614911e-10
0.000000000000000000e+00
4.149390608887415510e-09
0.000000000000000000e+00
1.411249428429073305e-07
0.000000000000000000e+00
1.266497378082931391e-07
0.000000000000000000e+00
8.351856095600851404e-09
0.000000000000000000e+00
1.544648631224276869e-09
4.619251683379843598e-07
2.030554242082871497e-06
2.742056324223085539e-07
0.000000000000000000e+00
6.207005132097265232e-09
3.572597151446643693e-08
0.000000000000000000e+00
9.167204773063986067e-10
5.751361165096113837e-09
0.000000000000000000e+00
0.000000000000000000e+00
1.021964379788187216e-07
5.714920536803447249e-09
0.000000000000000000e+00
0.000000000000000000e+00
3.562980743776478221e-10
0.000000000000000000e+00
0.000000000000000000e+00
2.513973751394615874e-10
7.971807036710742977e-08
3.890866739908460659e-09
3.963246175686663264e-09
3.184871477657225114e-09
2.754155161710514221e-07
5.993198382014952585e-09
2.579604085894970922e-08
1.243152336627417753e-08
5.270802461154744378e-08
6.872107860544929281e-07
1.001372496034491633e-07
5.212116320763016120e-07
6.413811206584796309e-07
8.610481216919652070e-09
3.217869561922270805e-07
8.940514817368239164e-08
0.000000000000000000e+00
5.420856652449401736e-08
8.960864050777672674e-09
2.491471207122231135e-07
0.000000000000000000e+00
2.355502104478546244e-08
6.415573921003669966e-07
2.901053903769934550e-07
0.000000000000000000e+00
8.371492299374949653e-08
7.653466305157508032e-09
7.567327742208362906e-08
0.000000000000000000e+00
1.077245528335879499e-07
4.378567552976164734e-07
2.080406375171151012e-06
5.599491714747273363e-07
0.000000000000000000e+00
1.181991933663084637e-06
5.485997007781406865e-06
4.241855151576601202e-07
6.941428321027842685e-09
5.899155053334936838e-10
5.949015857709127886e-08
5.296336169635651459e-08
4.035274798752652714e-07
5.851428568348637782e-07
0.000000000000000000e+00
1.183714601893370855e-07
1.328651233478694849e-08
3.281745080130349379e-07
8.297919684707721899e-09
1.755530121272386168e-07
1.254371184700175945e-08
5.645478751148402807e-08
0.000000000000000000e+00
2.714506308620912023e-07
6.279269104680906821e-09
6.163779175949457567e-08
2.497187878702789021e-08
0.000000000000000000e+00
1.621081992198014632e-06
1.945704930506053643e-09
1.464926810967881465e-07
2.707762236653366017e-09
7.961054393490485381e-07
2.467196736688492820e-06
0.000000000000000000e+00
2.145200141967507079e-07
7.789405742641974939e-08
0.000000000000000000e+00
0.000000000000000000e+00
2.301764425283181481e-06
5.853899143204444044e-09
0.000000000000000000e+00
7.425647652326006209e-09
0.000000000000000000e+00
0.000000000000000000e+00
0.000000000000000000e+00
0.000000000000000000e+00
0.000000000000000000e+00
1.191266751909836330e-09
0.000000000000000000e+00
0.000000000000000000e+00
1.912226110789561062e-08
0.000000000000000000e+00
1.634683677309567429e-08
0.000000000000000000e+00
0.000000000000000000e+00
2.817906086249877262e-08
0.000000000000000000e+00
0.000000000000000000e+00
0.000000000000000000e+00
0.000000000000000000e+00
0.000000000000000000e+00
0.000000000000000000e+00
0.000000000000000000e+00
0.000000000000000000e+00
0.000000000000000000e+00
0.000000000000000000e+00
0.000000000000000000e+00
4.766095518249358065e-09
0.000000000000000000e+00
0.000000000000000000e+00
0.000000000000000000e+00
0.000000000000000000e+00
8.425022457458908320e-09
4.121527297229476972e-08
0.000000000000000000e+00
0.000000000000000000e+00
1.082869971469335724e-08
0.000000000000000000e+00
1.229294532834046549e-08
2.273874599723058054e-07
0.000000000000000000e+00
0.000000000000000000e+00
0.000000000000000000e+00
0.000000000000000000e+00
0.000000000000000000e+00
0.000000000000000000e+00
0.000000000000000000e+00
0.000000000000000000e+00
0.000000000000000000e+00
0.000000000000000000e+00
6.622552461976738414e-08
0.000000000000000000e+00
4.934539106216107029e-07
0.000000000000000000e+00
1.441948370484169573e-06
1.105151810065763129e-07
0.000000000000000000e+00
0.000000000000000000e+00
6.066256941217318399e-10
0.000000000000000000e+00
0.000000000000000000e+00
0.000000000000000000e+00
1.164432887890143320e-07
2.944811114957701648e-07
3.147035132489151010e-10
0.000000000000000000e+00
0.000000000000000000e+00
0.000000000000000000e+00
2.551228135416749865e-07
0.000000000000000000e+00
0.000000000000000000e+00
0.000000000000000000e+00
0.000000000000000000e+00
0.000000000000000000e+00
0.000000000000000000e+00
6.941408337013399432e-09
0.000000000000000000e+00
0.000000000000000000e+00
0.000000000000000000e+00
0.000000000000000000e+00
0.000000000000000000e+00
7.572533711197593220e-09
2.795788134335452924e-08
2.324079950710711273e-08
1.991571565440608538e-07
0.000000000000000000e+00
3.090695477325766660e-09
9.389797384073972353e-09
0.000000000000000000e+00
5.386501200632665132e-08
0.000000000000000000e+00
0.000000000000000000e+00
0.000000000000000000e+00
0.000000000000000000e+00
4.424083321907801292e-09
0.000000000000000000e+00
0.000000000000000000e+00
1.273848049265779991e-08
0.000000000000000000e+00
8.867686318581036176e-08
3.808200688126817113e-08
3.201599696467383183e-08
1.004315297592484058e-09
1.698578415698648314e-07
8.865608802643976105e-10
3.488137423346415744e-08
3.436229917497257702e-06
2.648187980014427012e-08
0.000000000000000000e+00
2.411775028576812474e-07
1.840884067405568203e-08
7.858754997869255021e-07
1.260533011304687534e-08
0.000000000000000000e+00
9.168431347461591940e-09
1.205982243845937774e-06
9.270355150192699512e-09
6.971161869984143777e-09
2.569056732681929134e-06
1.978252385015366599e-06
2.181307756643491302e-08
1.704284215975349071e-07
3.092012335059735051e-08
2.212714012017613641e-09
0.000000000000000000e+00
3.383402669143720232e-09
1.118289176815778774e-07
7.657207312661284959e-09
0.000000000000000000e+00
1.619172991240702686e-07
2.222957391495583579e-07
5.432316356746014208e-07
1.281569694810968940e-07
0.000000000000000000e+00
5.364001465224532694e-10
5.767794846178730950e-07
4.540355860171985114e-07
4.042699686124251457e-07
1.930875548339372472e-08
1.249882752851760870e-09
3.366659200310095912e-07
4.616332205387152499e-09
5.241126288524355914e-08
1.608914772077696398e-06
1.527176749505088083e-07
8.419059893682856455e-10
4.485878434934420511e-06
0.000000000000000000e+00
4.394926378381569521e-08
9.663085442923602386e-09
9.395864086769734058e-10
0.000000000000000000e+00
0.000000000000000000e+00
3.209380849966692040e-08
0.000000000000000000e+00
2.086870587447720027e-08
1.117350745261092015e-08
1.893395733532088343e-07
0.000000000000000000e+00
0.000000000000000000e+00
0.000000000000000000e+00
1.064190158217570570e-08
0.000000000000000000e+00
0.000000000000000000e+00
5.943322722856692053e-09
3.976190399157530919e-08
1.002049998533038888e-08
1.172122576775791458e-08
0.000000000000000000e+00
0.000000000000000000e+00
0.000000000000000000e+00
0.000000000000000000e+00
1.197841292821522075e-08
0.000000000000000000e+00
0.000000000000000000e+00
0.000000000000000000e+00
0.000000000000000000e+00
0.000000000000000000e+00
0.000000000000000000e+00
0.000000000000000000e+00
1.272039071409380995e-06
1.355013097281698720e-07
0.000000000000000000e+00
0.000000000000000000e+00
0.000000000000000000e+00
0.000000000000000000e+00
0.000000000000000000e+00
0.000000000000000000e+00
0.000000000000000000e+00
1.540590655046969459e-09
0.000000000000000000e+00
0.000000000000000000e+00
0.000000000000000000e+00
0.000000000000000000e+00
4.239460693611363240e-08
0.000000000000000000e+00
0.000000000000000000e+00
0.000000000000000000e+00
0.000000000000000000e+00
0.000000000000000000e+00
0.000000000000000000e+00
8.750191682338481769e-09
0.000000000000000000e+00
0.000000000000000000e+00
6.485194603556010406e-10
0.000000000000000000e+00
0.000000000000000000e+00
0.000000000000000000e+00
0.000000000000000000e+00
0.000000000000000000e+00
2.756113670621118672e-10
0.000000000000000000e+00
8.992469312588124986e-13
0.000000000000000000e+00
0.000000000000000000e+00
0.000000000000000000e+00
0.000000000000000000e+00
0.000000000000000000e+00
1.902517254848135053e-09
9.213899687665616511e-08
0.000000000000000000e+00
2.352407513228627067e-08
6.099772065226716222e-08
0.000000000000000000e+00
0.000000000000000000e+00
3.964090922181640053e-07
8.755488067890837556e-08
0.000000000000000000e+00
0.000000000000000000e+00
0.000000000000000000e+00
0.000000000000000000e+00
3.542739879236478373e-09
0.000000000000000000e+00
0.000000000000000000e+00
4.629239658271444569e-09
0.000000000000000000e+00
0.000000000000000000e+00
0.000000000000000000e+00
0.000000000000000000e+00
0.000000000000000000e+00
0.000000000000000000e+00
0.000000000000000000e+00
3.962505323862330897e-10
8.549928542933571407e-10
1.572947883055064722e-09
3.057310793419532047e-10
5.732617505693760052e-12
8.607740388522078234e-12
9.102027465068829315e-10
0.000000000000000000e+00
0.000000000000000000e+00
8.180069954732971382e-09
1.451561388421396259e-06
1.923588621721705749e-09
7.930688883384107157e-10
8.451893762639883789e-08
1.264952365076510432e-09
3.633317646745126694e-06
7.441560700982563503e-09
0.000000000000000000e+00
5.620190535182700842e-08
3.900370859621915542e-10
2.282553310806179070e-07
7.590178263683355908e-09
2.638865481685570558e-08
0.000000000000000000e+00
0.000000000000000000e+00
5.573383976553714092e-09
0.000000000000000000e+00
0.000000000000000000e+00
0.000000000000000000e+00
2.150180256066391848e-09
3.122724301363177801e-09
0.000000000000000000e+00
3.962624759878963232e-06
0.000000000000000000e+00
0.000000000000000000e+00
0.000000000000000000e+00
0.000000000000000000e+00
0.000000000000000000e+00
9.499232511700483883e-10
5.251902166492072865e-07
0.000000000000000000e+00
0.000000000000000000e+00
0.000000000000000000e+00
3.089114102294843178e-07
9.145032286994592141e-09
0.000000000000000000e+00
0.000000000000000000e+00
0.000000000000000000e+00
0.000000000000000000e+00
0.000000000000000000e+00
2.410242318229283143e-11
1.261958004761254415e-08
0.000000000000000000e+00
0.000000000000000000e+00
0.000000000000000000e+00
0.000000000000000000e+00
8.423077235697462584e-10
3.495736322634002136e-08
0.000000000000000000e+00
6.233333404992436044e-09
0.000000000000000000e+00
0.000000000000000000e+00
0.000000000000000000e+00
1.100225688333011931e-09
0.000000000000000000e+00
0.000000000000000000e+00
4.682823462331953124e-09
0.000000000000000000e+00
0.000000000000000000e+00
0.000000000000000000e+00
0.000000000000000000e+00
1.091824852750278296e-08
6.908538630057137198e-09
0.000000000000000000e+00
4.626438396826415556e-07
0.000000000000000000e+00
0.000000000000000000e+00
0.000000000000000000e+00
0.000000000000000000e+00
0.000000000000000000e+00
0.000000000000000000e+00
0.000000000000000000e+00
0.000000000000000000e+00
0.000000000000000000e+00
0.000000000000000000e+00
4.649631790698549594e-09
1.836207075278650791e-09
0.000000000000000000e+00
0.000000000000000000e+00
0.000000000000000000e+00
0.000000000000000000e+00
0.000000000000000000e+00
0.000000000000000000e+00
8.879317725529745076e-09
0.000000000000000000e+00
9.677990853163009888e-09
0.000000000000000000e+00
0.000000000000000000e+00
0.000000000000000000e+00
1.020156560116447508e-06
3.993760628873133101e-07
1.453314666832739022e-06
0.000000000000000000e+00
2.341782590065122349e-07
4.769266297444119118e-07
1.244245709131064359e-06
1.411178573107463308e-06
9.148106073553208262e-06
7.803965331731888000e-07
2.839910884233631805e-08
8.315264494740404189e-07
3.545208642208308447e-07
2.656973663306416711e-07
6.333464170893421397e-07
1.002305339170561638e-06
1.299635641771601513e-06
8.972134679652299383e-08
1.304987193861961714e-07
2.882727585529210046e-07
4.618788125299033709e-07
8.219496976380469278e-07
7.243990012284484692e-07
1.014612280414439738e-06
0.000000000000000000e+00
2.735825788136025949e-09
1.496562984648619477e-09
0.000000000000000000e+00
8.185396040971681941e-07
9.198056005743637797e-08
0.000000000000000000e+00
0.000000000000000000e+00
1.821131689894173178e-07
0.000000000000000000e+00
7.373077437478059437e-07
0.000000000000000000e+00
0.000000000000000000e+00
4.392672892095106363e-08
1.435120733361827661e-08
0.000000000000000000e+00
0.000000000000000000e+00
0.000000000000000000e+00
3.085464328478337848e-09
1.626276457500352990e-06
4.123132271161011886e-07
8.027048181702411966e-08
8.005788458831375465e-07
0.000000000000000000e+00
0.000000000000000000e+00
0.000000000000000000e+00
0.000000000000000000e+00
5.905591820010158699e-07
2.779819396891980432e-07
8.217696034762411728e-08
0.000000000000000000e+00
0.000000000000000000e+00
2.129396659000803993e-09
0.000000000000000000e+00
0.000000000000000000e+00
0.000000000000000000e+00
0.000000000000000000e+00
0.000000000000000000e+00
0.000000000000000000e+00
0.000000000000000000e+00
0.000000000000000000e+00
1.858464554124750201e-12
0.000000000000000000e+00
0.000000000000000000e+00
0.000000000000000000e+00
0.000000000000000000e+00
0.000000000000000000e+00
0.000000000000000000e+00
0.000000000000000000e+00
0.000000000000000000e+00
0.000000000000000000e+00
0.000000000000000000e+00
0.000000000000000000e+00
0.000000000000000000e+00
4.430310980296781054e-07
4.932532959855961963e-08
1.218232625888049370e-07
5.585123474816100497e-09
4.379960216738254530e-07
0.000000000000000000e+00
7.404513269193557790e-08
0.000000000000000000e+00
0.000000000000000000e+00
0.000000000000000000e+00
0.000000000000000000e+00
0.000000000000000000e+00
0.000000000000000000e+00
0.000000000000000000e+00
0.000000000000000000e+00
0.000000000000000000e+00
0.000000000000000000e+00
0.000000000000000000e+00
0.000000000000000000e+00
0.000000000000000000e+00
4.599790486281563062e-07
0.000000000000000000e+00
1.184180220548114448e-08
0.000000000000000000e+00
0.000000000000000000e+00
2.021364053916840930e-07
0.000000000000000000e+00
0.000000000000000000e+00
4.483798748955436508e-12
3.514952329197740255e-09
7.321752926170432829e-11
2.820036648643053923e-09
0.000000000000000000e+00
4.405254401262936881e-07
3.852764773881744986e-09
1.349023790453429683e-07
0.000000000000000000e+00
0.000000000000000000e+00
0.000000000000000000e+00
6.535091756632027682e-07
0.000000000000000000e+00
0.000000000000000000e+00
0.000000000000000000e+00
0.000000000000000000e+00
0.000000000000000000e+00
5.595957475179602625e-09
0.000000000000000000e+00
0.000000000000000000e+00
0.000000000000000000e+00
1.874356003739308107e-09
7.790845302224624902e-09
0.000000000000000000e+00
9.816149315611255588e-08
1.215884566363456543e-07
0.000000000000000000e+00
0.000000000000000000e+00
0.000000000000000000e+00
0.000000000000000000e+00
7.865809337204154872e-09
0.000000000000000000e+00
0.000000000000000000e+00
9.556266195032137034e-11
0.000000000000000000e+00
0.000000000000000000e+00
8.924637029394943966e-09
5.304319650178968004e-09
1.219302816934941802e-06
3.413756499703879399e-10
2.661795690528379055e-07
6.887744774530801806e-08
1.186079359172254044e-07
9.009717700791952666e-07
8.263794093466003687e-09
2.229629217254114337e-06
9.863914129937256803e-08
1.962612294903465227e-08
7.882858810148718476e-09
1.786598757824719996e-09
6.768782156996167032e-08
1.755899177169339964e-07
8.745952406741253071e-09
8.065137535595567897e-07
7.662890311621595174e-06
6.091407556141348323e-08
1.671155658300449431e-08
1.911153049150016159e-07
4.393072003949782811e-07
1.303756924642129889e-08
1.021381166310675326e-07
2.878615390500272042e-08
1.174851604446303099e-06
1.993873155470282654e-08
0.000000000000000000e+00
2.085556047859427053e-07
5.639024038828210905e-07
0.000000000000000000e+00
2.366623874650031212e-07
2.326156845811055973e-06
3.245211928515345789e-06
1.518338535788643640e-06
6.967284775782900397e-07
1.105102231946375468e-08
2.576272173371307872e-08
9.039403003896495647e-09
4.443480520421871915e-06
3.939668147268093890e-09
8.666123108014289755e-07
0.000000000000000000e+00
4.075496207178730401e-08
3.443304807948521784e-10
7.224555176321700856e-09
2.029889856203226373e-07
7.833284243474736286e-09
6.879762093348062990e-09
1.076502442742821586e-07
2.291714595870075755e-09
8.608504344920220319e-07
6.554378728651499841e-07
1.395278133031752077e-07
9.739944744069362059e-07
3.762176561394880991e-07
5.328823249328706879e-08
5.687173398882805486e-09
5.461668592943169642e-07
8.230299997080692265e-09
7.290287817873775111e-10
0.000000000000000000e+00
9.783990506662121334e-09
3.524336733562449808e-08
4.901770545018280245e-09
6.815071174059994519e-09
0.000000000000000000e+00
3.561460289347451180e-06
3.333301492602913640e-06
1.905219619402487297e-06
6.644145145173752098e-08
6.026912160450592637e-07
3.206119814080921060e-08
0.000000000000000000e+00
0.000000000000000000e+00
8.589966427052786457e-08
0.000000000000000000e+00
1.215896219264323008e-07
2.412197908086000098e-08
2.731214578943763627e-07
9.236843538928951602e-07
1.499133645666006487e-06
2.584416769479958020e-08
0.000000000000000000e+00
1.765154800104085098e-09
0.000000000000000000e+00
0.000000000000000000e+00
5.718328477399836629e-09
0.000000000000000000e+00
1.141150846706295852e-06
6.165912509459303692e-07
8.970636145022581331e-07
2.349675014556851238e-07
0.000000000000000000e+00
2.504720875151633663e-10
1.276762020552268950e-07
3.063020770355251443e-08
5.057340146663591440e-08
2.424614251594903180e-07
0.000000000000000000e+00
5.732454155804589391e-07
2.529124003558536060e-07
8.094428238791806507e-08
3.701483706208819058e-07
0.000000000000000000e+00
1.373734676235471852e-06
2.223213328989004367e-07
4.975763356895868128e-09
1.117908432490821724e-08
9.736070296639809385e-07
4.446285828407781082e-08
1.470718991036790158e-09
2.641766361222153137e-09
3.114338596788002178e-06
6.098117566466498829e-09
0.000000000000000000e+00
9.878680096164771385e-09
9.034200729729491286e-07
4.494175587232973612e-10
4.031285583128152439e-10
6.770454774596146308e-08
8.086943807938951068e-07
1.093969672183447983e-06
0.000000000000000000e+00
1.234436775021663379e-09
4.971032296907651471e-08
7.609730068303122152e-10
2.741530336081154928e-10
1.839027152783501151e-09
4.641077244738056606e-10
1.130878946042912503e-08
3.616160260122569525e-09
1.060156051835292601e-07
2.365664158787694760e-06
2.748166139099339489e-08
0.000000000000000000e+00
8.413014729313772477e-10
4.614769721911216038e-08
1.928754223001760693e-08
6.153388767415890470e-07
1.430436991078920528e-09
2.231285556320017349e-08
0.000000000000000000e+00
1.550004782302494277e-07
0.000000000000000000e+00
1.552245691982534481e-07
4.575050809307867894e-07
1.253142656310046732e-08
1.742010091732026922e-09
1.447286422262550332e-06
5.134466718459407275e-08
9.656113242328956403e-09
1.565387464097511838e-07
2.003332255640088988e-08
1.106892071334186767e-07
2.869509430070138478e-08
3.221664996999606956e-07
1.072593214246353455e-08
4.750484947635413846e-07
1.252678657692740671e-06
1.219447540279361419e-06
2.830755647664773278e-07
6.946214436975850504e-11
3.036729071329014040e-12
4.592862126173713477e-07
1.843350503349938663e-07
6.790303319625934364e-10
0.000000000000000000e+00
0.000000000000000000e+00
0.000000000000000000e+00
1.215971451529185288e-06
0.000000000000000000e+00
0.000000000000000000e+00
0.000000000000000000e+00
1.727207266100094785e-09
2.003088184210355394e-08
7.925004652520328818e-09
1.355021623794527841e-07
1.544689780530461576e-07
8.625249279248237144e-07
9.370761944182959269e-09
0.000000000000000000e+00
1.253529613443049584e-09
0.000000000000000000e+00
0.000000000000000000e+00
2.184983829067385641e-13
0.000000000000000000e+00
0.000000000000000000e+00
1.956458532959004515e-07
3.373045842636201996e-08
3.571502418253658107e-07
0.000000000000000000e+00
0.000000000000000000e+00
8.693437081319643767e-09
0.000000000000000000e+00
6.649341667552821633e-12
0.000000000000000000e+00
8.799352357868883701e-09
2.171515689042280428e-06
3.328937339119875105e-07
0.000000000000000000e+00
0.000000000000000000e+00
3.710983946803025901e-07
0.000000000000000000e+00
4.319808866171115369e-08
1.074472244511071040e-08
5.413285180111415684e-06
2.301878083699193667e-07
3.230767049444693839e-07
5.088311922918364871e-07
0.000000000000000000e+00
2.627554636092099827e-07
1.368274666901925229e-07
0.000000000000000000e+00
1.467449362024808579e-08
5.961257043551881907e-10
0.000000000000000000e+00
0.000000000000000000e+00
1.136282801184052005e-08
7.629216725035803393e-08
0.000000000000000000e+00
2.058113750535994768e-06
1.930408011219242326e-08
1.427010065668810057e-08
0.000000000000000000e+00
6.656496100848618980e-13
1.089998775682943233e-07
1.532070200482849032e-06
5.155626467967522331e-07
1.928473558621135453e-08
2.344892280348176428e-09
1.554403326053943601e-07
2.620292661958956160e-06
3.446114726912696824e-09
1.610313091759962845e-07
3.410641795653646113e-07
5.125456059573707535e-09
1.135785794303956209e-07
2.485375262040179223e-06
2.340363778330356581e-07
3.240660646497417474e-07
1.404509930580388755e-06
4.683198540078592487e-08
4.276854426166210033e-08
2.786099129181707212e-09
4.324563107616086199e-08
0.000000000000000000e+00
4.835150093640550040e-07
2.211048677480675906e-09
4.079293205450085225e-07
1.086746426182116920e-08
0.000000000000000000e+00
0.000000000000000000e+00
0.000000000000000000e+00
7.094922427341998628e-09
6.298821517702890560e-07
0.000000000000000000e+00
6.349922365700422233e-09
0.000000000000000000e+00
0.000000000000000000e+00
6.810817687608050619e-09
1.211518996235838586e-09
4.993066404779256118e-09
1.381548145218403079e-06
1.067855350811441895e-06
2.218448358348723559e-08
1.477034629715490155e-06
0.000000000000000000e+00
1.893183934953412972e-06
4.270812148376990081e-09
1.926713677491420640e-09
4.973452405465650372e-07
0.000000000000000000e+00
1.142110477303504013e-07
0.000000000000000000e+00
1.680144123383797705e-06
0.000000000000000000e+00
5.507659217585114675e-09
7.891979514340619062e-09
1.483208166064287070e-06
0.000000000000000000e+00
8.514518083646560598e-12
1.133335274516866775e-07
2.167488872828471358e-07
2.117527264644536444e-10
8.961098529880473507e-08
2.538308896404828374e-09
8.292872166748566087e-09
1.513025815746971148e-11
7.043416544449954131e-11
4.191487050775322132e-07
1.324298004590218625e-09
1.053936049544290654e-09
4.230603281030198559e-06
0.000000000000000000e+00
1.376496129523729905e-06
9.345967555418610573e-08
0.000000000000000000e+00
0.000000000000000000e+00
0.000000000000000000e+00
3.091836786595081321e-10
1.693577758032915881e-07
4.448409002266728862e-11
2.467724868893128587e-07
1.743259758768544998e-06
0.000000000000000000e+00
0.000000000000000000e+00
1.555400475083956735e-09
0.000000000000000000e+00
0.000000000000000000e+00
1.029826446341530755e-08
3.043794549739686772e-08
6.962118437314757102e-09
0.000000000000000000e+00
0.000000000000000000e+00
0.000000000000000000e+00
0.000000000000000000e+00
1.290906766371335834e-06
2.506719511075061746e-06
2.454524974382366054e-07
0.000000000000000000e+00
2.081154359956371991e-09
3.356932353620889486e-12
0.000000000000000000e+00
2.658879871830777120e-08
0.000000000000000000e+00
1.070125335900229402e-06
0.000000000000000000e+00
0.000000000000000000e+00
0.000000000000000000e+00
6.338488067747505283e-11
0.000000000000000000e+00
0.000000000000000000e+00
0.000000000000000000e+00
1.399065974183599792e-09
4.652466998322779546e-07
0.000000000000000000e+00
2.668457810273139330e-08
0.000000000000000000e+00
1.074994031569076469e-07
3.002779536132038629e-08
4.049399819905374898e-07
9.894315589065172389e-09
8.166373959284101147e-07
1.009600136825383743e-08
0.000000000000000000e+00
1.203638255731220852e-08
3.535307158131217875e-08
1.055496134938493924e-08
3.621048847435304197e-07
3.425684980129517498e-08
9.705703973850177135e-08
6.342182889973457804e-10
1.637244935182025074e-07
2.065787185756562394e-08
5.044103090767748654e-07
8.917981020317711227e-09
2.448258129561509122e-08
1.601382564331288449e-06
3.923033204955572728e-07
4.037156386971219035e-09
4.097877877029532101e-07
3.138847830541635631e-07
5.256806900888477685e-08
1.693314629847009201e-06
1.106299691855383571e-06
6.746144531888376150e-09
3.387878678040578961e-06
1.898455082027794560e-07
6.843789424060275906e-10
1.118683279344168113e-08
8.928960824050591327e-07
3.928911382899968885e-07
3.308389977974002250e-06
4.785797500517219305e-07
8.052588640339308768e-08
1.043553581325795676e-07
2.094901851990016439e-08
3.105157686533743799e-09
1.157067330836980545e-07
4.996889856556663290e-06
8.506578552669452620e-08
4.484500237822430790e-08
1.622814380652926047e-07
3.845148199843606562e-08
8.734052592274110793e-09
1.535862281798472395e-08
1.036091074047007510e-10
9.769828501760002837e-09
7.058876150267678895e-08
1.683667818497269764e-07
0.000000000000000000e+00
3.093403847742592916e-06
4.509546513986606442e-08
2.875349203179666802e-08
7.225965248380816774e-08
1.476274036349423113e-08
3.608195339732667151e-11
8.750512314747993514e-09
4.577630718927139242e-09
0.000000000000000000e+00
2.555506639634330668e-10
1.584123832110151398e-09
8.952881103141407948e-09
4.285805346171400743e-07
7.370190235889140240e-09
6.735854651829242812e-10
6.407418595699709840e-09
1.350522040866053430e-07
0.000000000000000000e+00
1.627094405876050587e-07
0.000000000000000000e+00
2.413311550597541100e-09
6.822551412710708973e-09
0.000000000000000000e+00
0.000000000000000000e+00
0.000000000000000000e+00
1.278880404242954683e-06
8.585794852855599402e-10
1.221635859138814340e-08
0.000000000000000000e+00
0.000000000000000000e+00
6.863165147308336600e-09
0.000000000000000000e+00
1.819915951273287646e-08
0.000000000000000000e+00
0.000000000000000000e+00
0.000000000000000000e+00
0.000000000000000000e+00
0.000000000000000000e+00
0.000000000000000000e+00
5.193876404518960044e-07
0.000000000000000000e+00
0.000000000000000000e+00
1.771670099515176844e-08
1.348391287514516534e-09
5.514592871236345673e-08
0.000000000000000000e+00
3.048351615575484175e-08
8.894684100368976942e-09
1.018185622619904862e-11
2.722735530369391199e-07
0.000000000000000000e+00
2.691498135476422249e-09
1.068881374521879479e-07
0.000000000000000000e+00
0.000000000000000000e+00
2.593436647657654248e-07
0.000000000000000000e+00
0.000000000000000000e+00
0.000000000000000000e+00
0.000000000000000000e+00
0.000000000000000000e+00
6.619418790876352432e-09
0.000000000000000000e+00
6.924134936525661033e-07
8.089180880688218167e-09
1.230489343230500854e-12
1.862892062831633666e-09
0.000000000000000000e+00
0.000000000000000000e+00
0.000000000000000000e+00
0.000000000000000000e+00
8.182785649069046485e-08
0.000000000000000000e+00
8.430767593381460756e-06
2.445461888544997464e-10
5.126930773258209229e-07
1.521293757633657151e-09
0.000000000000000000e+00
1.442917341165639300e-08
0.000000000000000000e+00
0.000000000000000000e+00
0.000000000000000000e+00
0.000000000000000000e+00
0.000000000000000000e+00
0.000000000000000000e+00
0.000000000000000000e+00
7.469527218972871196e-09
0.000000000000000000e+00
0.000000000000000000e+00
0.000000000000000000e+00
4.215895899051247397e-08
1.316998421430071176e-08
3.322217253298731521e-06
1.484884037949996127e-08
0.000000000000000000e+00
1.766254364987673853e-09
5.538360881018888904e-09
2.569643831051848792e-09
3.640188950271294743e-08
1.202697585966916449e-08
1.284074091500997383e-08
1.250718582923582289e-06
0.000000000000000000e+00
1.293945506297689008e-09
5.658983468492806423e-07
0.000000000000000000e+00
0.000000000000000000e+00
0.000000000000000000e+00
0.000000000000000000e+00
2.885921057682594437e-09
0.000000000000000000e+00
2.903939866349958265e-10
9.468537759405037946e-11
6.669753638277597929e-11
3.511520674237544881e-07
3.938487225241260603e-07
0.000000000000000000e+00
5.107749075250467286e-06
3.549869020957885368e-08
1.887794587318580852e-09
0.000000000000000000e+00
9.357779440222202538e-09
0.000000000000000000e+00
1.479342586208076682e-07
3.678983562238613558e-09
7.584011996186745819e-08
0.000000000000000000e+00
0.000000000000000000e+00
2.870571513824415888e-08
4.288720212297647549e-10
4.318666313452013128e-09
0.000000000000000000e+00
9.248588526133971754e-07
9.934304934233750828e-09
9.575890302926381992e-09
1.180709887194097973e-06
5.289910287586963022e-09
0.000000000000000000e+00
3.963658059547015000e-07
1.135029265242337715e-06
1.139604819400119595e-06
6.016518341311893892e-07
6.395029572558996733e-07
3.025265868927817792e-07
8.785815630574234092e-09
4.189189439784968272e-08
9.822286983762751333e-08
5.018009119339694735e-07
9.163366954112461826e-09
6.290661502816874417e-08
2.636749663054160919e-08
1.224974566227388095e-09
1.818107553397396714e-09
4.384509963983873604e-07
7.552259928544913237e-10
4.884885811407002620e-07
6.145533006929326802e-07
9.715148685529584327e-09
2.009760464716237038e-06
1.908602371258893982e-06
1.502361101302085444e-06
8.503621806710270903e-09
5.245089695904425753e-09
2.403841790510341525e-06
5.090498120807751548e-07
1.377415060233033728e-06
2.375614940319792368e-06
5.212729661252524238e-07
0.000000000000000000e+00
2.363625961621096394e-09
0.000000000000000000e+00
4.982459955726881162e-08
3.106818624587504019e-08
6.168010102669541084e-09
0.000000000000000000e+00
0.000000000000000000e+00
0.000000000000000000e+00
5.135893843544181436e-07
0.000000000000000000e+00
5.962566884676334666e-09
4.642652413622272434e-07
5.207049071032088250e-06
0.000000000000000000e+00
0.000000000000000000e+00
0.000000000000000000e+00
0.000000000000000000e+00
9.409428791684604221e-09
1.777419470272434410e-06
0.000000000000000000e+00
0.000000000000000000e+00
0.000000000000000000e+00
0.000000000000000000e+00
1.024998863563553186e-09
3.825759709030762679e-09
7.267939849953108933e-08
9.886679031012590713e-09
3.776212409434265282e-08
7.201320650906950505e-10
0.000000000000000000e+00
7.070109830920046079e-08
7.040398941171588376e-06
1.441483732378401328e-06
0.000000000000000000e+00
0.000000000000000000e+00
4.622196375647646960e-11
0.000000000000000000e+00
2.892518669028731892e-09
0.000000000000000000e+00
5.609515937976539135e-06
6.422384899451571982e-07
1.421317374905584074e-08
3.732851837412454188e-06
8.051896371874533997e-10
0.000000000000000000e+00
3.229189360354212113e-08
1.653924641686899122e-08
0.000000000000000000e+00
1.853841524734889390e-07
0.000000000000000000e+00
0.000000000000000000e+00
0.000000000000000000e+00
0.000000000000000000e+00
0.000000000000000000e+00
7.298888160534033887e-10
3.203553688990723458e-08
0.000000000000000000e+00
0.000000000000000000e+00
7.140842361863519727e-10
3.067341713958171567e-09
6.407474728575834888e-08
8.529367212517513508e-10
1.108169271901715547e-06
0.000000000000000000e+00
8.122931376419728622e-07
1.227336241527154925e-07
1.252837000809137180e-10
8.333236878321770291e-11
2.974067214722708741e-09
7.699822113238496968e-09
0.000000000000000000e+00
1.248973902079342224e-08
2.650772579215754376e-08
0.000000000000000000e+00
4.138602238690225477e-10
0.000000000000000000e+00
8.335894108313368633e-07
0.000000000000000000e+00
2.431409313885524170e-07
1.018618220882672176e-07
2.019314715440145847e-09
0.000000000000000000e+00
3.605423160024656681e-08
4.010918264185647786e-09
0.000000000000000000e+00
7.811144087099819444e-08
0.000000000000000000e+00
0.000000000000000000e+00
6.817628128708008717e-10
8.082215003923920449e-07
8.345579338708830619e-09
3.794080605246108462e-09
2.395253240194961109e-08
5.366430855247017462e-08
9.111398746597387799e-09
5.873373254416947020e-08
1.711557899852778064e-07
2.047685077055660940e-10
8.677866389916744083e-07
1.019380757583121522e-08
2.295898138271468270e-09
1.138796505983918905e-07
3.287479557911865413e-06
5.956638293724836331e-09
2.037351123362896033e-07
6.030244321664213203e-07
2.178543809350230731e-06
1.636303636587399524e-06
2.177438773287576623e-06
1.477909108871244825e-06
1.081512436940101907e-06
5.429985705518447503e-08
0.000000000000000000e+00
0.000000000000000000e+00
1.184239095675110320e-10
3.429651656006171834e-07
1.451966795684711542e-06
1.164696072919468861e-08
1.565951923687691760e-09
1.119192072351893330e-09
0.000000000000000000e+00
3.468548186447151238e-07
3.131619852325684406e-09
8.736179557544687668e-10
5.042877404548562481e-08
1.738457378053226421e-08
1.149760286978107615e-09
1.084225914382841438e-06
7.464982587634949596e-08
6.379739792006233756e-11
2.340038491865925607e-07
5.522926560530549978e-10
4.983966572780218485e-09
9.823509117268258706e-09
0.000000000000000000e+00
9.836655046058240259e-09
1.027294800337585912e-07
3.738371745498625387e-08
4.556631338914485241e-08
6.397939955604670104e-09
0.000000000000000000e+00
5.200130317462026142e-07
2.926069555542198941e-07
6.461050929829070810e-07
2.018305849560420029e-06
1.074777742360311095e-06
3.344988286357875040e-08
4.438400580397683370e-08
0.000000000000000000e+00
3.761990896578026877e-08
1.297472632805218851e-11
0.000000000000000000e+00
0.000000000000000000e+00
7.742036345348424220e-09
0.000000000000000000e+00
1.754226786943036132e-06
0.000000000000000000e+00
0.000000000000000000e+00
1.273281327485165093e-06
0.000000000000000000e+00
3.212681178865750553e-07
5.183012490306282416e-07
2.257268372218845798e-09
1.177160015686240513e-06
0.000000000000000000e+00
1.512511360601820343e-08
1.625989938247585087e-07
1.304582326611125609e-07
2.868723640858661383e-07
0.000000000000000000e+00
3.910398227446876263e-09
9.413003709823897225e-09
5.575389394607555005e-08
1.925056665186275495e-07
1.036705299384266254e-08
0.000000000000000000e+00
0.000000000000000000e+00
6.566030606336425990e-06
0.000000000000000000e+00
4.456729584489949048e-06
0.000000000000000000e+00
1.494726802775403485e-06
0.000000000000000000e+00
0.000000000000000000e+00
0.000000000000000000e+00
0.000000000000000000e+00
0.000000000000000000e+00
1.371144435324822553e-06
0.000000000000000000e+00
2.650509998147754231e-07
0.000000000000000000e+00
0.000000000000000000e+00
4.794069585756233209e-09
1.401125104827372070e-09
4.037542566948104650e-07
0.000000000000000000e+00
7.316269812207565337e-09
3.106922008555557113e-08
0.000000000000000000e+00
1.569351937291685317e-08
5.569112726533376190e-09
3.632086986726790201e-08
0.000000000000000000e+00
0.000000000000000000e+00
1.318069422495682375e-07
3.557558414524208956e-11
0.000000000000000000e+00
3.633617295939473024e-10
4.248442486698422726e-09
1.252527503936562425e-08
0.000000000000000000e+00
0.000000000000000000e+00
0.000000000000000000e+00
9.316351246013709897e-09
0.000000000000000000e+00
2.060802195558153471e-08
6.968364687359729359e-13
1.614972333641162550e-08
1.275195245398208499e-06
3.006698250374029158e-07
2.098862061927775358e-08
1.889221039164112881e-06
3.544884608075449250e-09
4.457675402136374032e-07
0.000000000000000000e+00
9.004617051999730393e-10
3.467849296612257604e-07
5.388846702203409222e-08
1.699354470474645495e-06
1.712775701889768243e-05
3.591875099573371699e-07
1.541595452181354631e-06
5.325036454451037571e-06
2.505653355910908431e-07
8.996985378928457067e-09
7.613553520968707744e-08
1.220430618786849664e-07
4.948718324015999315e-09
4.388317336179170525e-07
1.189299467796445242e-07
2.231947604514061823e-08
0.000000000000000000e+00
6.809461883250378378e-10
4.390022212419353309e-08
0.000000000000000000e+00
6.030774102327995934e-08
0.000000000000000000e+00
1.967375510503188707e-06
0.000000000000000000e+00
6.233524807441881421e-10
3.896841072048573551e-09
2.707614612518227659e-07
6.068828217742350262e-10
0.000000000000000000e+00
0.000000000000000000e+00
0.000000000000000000e+00
9.977260795324127685e-09
1.578988388928337372e-07
7.796532308645964804e-09
6.566785941686248407e-07
0.000000000000000000e+00
0.000000000000000000e+00
0.000000000000000000e+00
5.286814541705098236e-08
1.935986482237694872e-09
0.000000000000000000e+00
4.682893656182685049e-11
4.226066718793219934e-10
0.000000000000000000e+00
4.582549095744070655e-08
1.321942555421173893e-09
0.000000000000000000e+00
0.000000000000000000e+00
0.000000000000000000e+00
1.004694638595537981e-07
0.000000000000000000e+00
0.000000000000000000e+00
0.000000000000000000e+00
0.000000000000000000e+00
0.000000000000000000e+00
0.000000000000000000e+00
0.000000000000000000e+00
0.000000000000000000e+00
9.081598051352557377e-08
7.263491852427250706e-08
3.600265863212825934e-09
7.302630944394650214e-09
2.219345374143699701e-09
2.506409941815945785e-07
0.000000000000000000e+00
3.082824946432083379e-07
1.443074132412291988e-10
4.628005090268061394e-09
1.219956402565003373e-07
1.153935684783391480e-07
7.006537572351589915e-08
0.000000000000000000e+00
7.312879635179569959e-09
4.361202741165470798e-07
2.835647050503098399e-09
1.282842561067809584e-07
0.000000000000000000e+00
0.000000000000000000e+00
4.812588105806980820e-09
0.000000000000000000e+00
3.703331231008633040e-06
0.000000000000000000e+00
1.416516511199006345e-06
0.000000000000000000e+00
0.000000000000000000e+00
4.727139639726374298e-07
4.460507696535387367e-08
8.930019917974263421e-11
0.000000000000000000e+00
4.211327905068174005e-06
6.808088315324312134e-09
9.536562650680480147e-09
0.000000000000000000e+00
9.410996426595374942e-09
5.753190066570823546e-07
2.357416262199762969e-09
2.139714849747065273e-09
0.000000000000000000e+00
0.000000000000000000e+00
1.432135854351201942e-09
0.000000000000000000e+00
9.309720105932228762e-09
0.000000000000000000e+00
1.213769440511214270e-08
0.000000000000000000e+00
0.000000000000000000e+00
0.000000000000000000e+00
1.586737425895989873e-07
8.369521076190267195e-09
6.651782680222595445e-09
2.801468326651956886e-06
7.945180624524539326e-10
0.000000000000000000e+00
5.752162302030683350e-09
8.890933322902583313e-09
0.000000000000000000e+00
0.000000000000000000e+00
3.787862823401155765e-08
0.000000000000000000e+00
5.820902870823374542e-09
0.000000000000000000e+00
2.076936622685821021e-09
0.000000000000000000e+00
1.316907138892986495e-09
0.000000000000000000e+00
9.474239703877174179e-08
1.892857870444686341e-09
3.955597094318363816e-08
1.066190407073008828e-07
7.682760205796057562e-09
6.887976411462659598e-08
9.478132723117482783e-10
3.220716493501640798e-08
2.874915310258074896e-07
9.218386367138009518e-06
2.485933059404032974e-08
1.147281636804109439e-06
1.324345930697745644e-07
6.263931595640315209e-07
7.568661430923384614e-08
6.079687864257721230e-08
4.353299054571380111e-09
2.534482769055851348e-13
6.062772399673121981e-07
0.000000000000000000e+00
1.010543471124947246e-07
2.000248713329710881e-07
2.128585038008168340e-06
1.798102333694373556e-09
1.805872074100989266e-07
1.124811888075782917e-06
1.096128769972892769e-07
4.108063649255200289e-07
2.515231400934681005e-08
4.499584065342787653e-07
7.964483188516169321e-07
1.306023400537981161e-09
1.688338713279335934e-08
0.000000000000000000e+00
0.000000000000000000e+00
9.849984508036868647e-07
1.540906282571086194e-06
1.376805570593719885e-12
0.000000000000000000e+00
4.401444986257274650e-09
1.214079503597531584e-09
0.000000000000000000e+00
0.000000000000000000e+00
1.819613015818788426e-09
0.000000000000000000e+00
0.000000000000000000e+00
2.524198094988605590e-08
2.357670265615285921e-12
3.971540252223348944e-08
0.000000000000000000e+00
0.000000000000000000e+00
6.947775688104229630e-08
1.468039134699949955e-09
0.000000000000000000e+00
3.355769828683463629e-10
5.700453442614161759e-08
5.993014440264232690e-08
0.000000000000000000e+00
0.000000000000000000e+00
0.000000000000000000e+00
4.820355226087258416e-09
1.292416590414902089e-10
0.000000000000000000e+00
6.580703537650833823e-09
6.934413043779841246e-09
0.000000000000000000e+00
2.187398351338742941e-08
4.013181253981201735e-08
2.438328472464945662e-08
3.543476267964251747e-08
7.411442570770532257e-10
4.626692362563744609e-09
5.366981525867231539e-08
1.948641568105813349e-07
0.000000000000000000e+00
1.106212343948698162e-09
2.730816106577549363e-07
0.000000000000000000e+00
0.000000000000000000e+00
3.383502189535647631e-07
0.000000000000000000e+00
0.000000000000000000e+00
1.536855420702920583e-09
1.369388371585955610e-07
0.000000000000000000e+00
1.869027101975007099e-07
8.472103445456014015e-07
8.900160608504847914e-09
0.000000000000000000e+00
2.539515708832595919e-09
4.258401531842537224e-06
2.759176176425626181e-08
0.000000000000000000e+00
9.306121683039236814e-06
0.000000000000000000e+00
0.000000000000000000e+00
0.000000000000000000e+00
0.000000000000000000e+00
0.000000000000000000e+00
0.000000000000000000e+00
0.000000000000000000e+00
0.000000000000000000e+00
1.414296946222748375e-07
0.000000000000000000e+00
0.000000000000000000e+00
0.000000000000000000e+00
3.834016160109143811e-10
0.000000000000000000e+00
4.938914610619349332e-09
0.000000000000000000e+00
0.000000000000000000e+00
0.000000000000000000e+00
0.000000000000000000e+00
0.000000000000000000e+00
1.518859704674468958e-08
0.000000000000000000e+00
1.367643998051448762e-09
6.216571257766645431e-09
2.707020385628311487e-09
5.071737696482614410e-09
4.645421824989171000e-09
0.000000000000000000e+00
0.000000000000000000e+00
0.000000000000000000e+00
4.939637032741472922e-10
0.000000000000000000e+00
0.000000000000000000e+00
1.994459597476350154e-10
0.000000000000000000e+00
2.261670406511484543e-09
0.000000000000000000e+00
4.445092116611704114e-08
0.000000000000000000e+00
0.000000000000000000e+00
0.000000000000000000e+00
0.000000000000000000e+00
0.000000000000000000e+00
9.278860346739747911e-08
2.355101391682268286e-10
0.000000000000000000e+00
6.463587443050755610e-09
1.330439838159724886e-11
0.000000000000000000e+00
0.000000000000000000e+00
0.000000000000000000e+00
2.531850498144194717e-07
0.000000000000000000e+00
0.000000000000000000e+00
0.000000000000000000e+00
0.000000000000000000e+00
6.389096363079715957e-09
0.000000000000000000e+00
0.000000000000000000e+00
8.996092759616658441e-09
9.939912892775737419e-09
0.000000000000000000e+00
0.000000000000000000e+00
6.822580278509349228e-10
2.620400563202451849e-09
6.773230420975551169e-09
2.009916499901009956e-08
1.761605794570186845e-08
2.684895505922213488e-08
1.475318889276877599e-08
4.493489136336847878e-09
8.213716000682325102e-07
2.433044755889568478e-06
1.146556655839958694e-06
1.153168796008685604e-06
2.052734089375007898e-06
1.597772723016532836e-07
7.274335303009138443e-07
2.170655989175429568e-06
5.345284534996608272e-07
4.783231815963517874e-06
2.195308610453139408e-07
4.666195962954589049e-08
6.111712913536848646e-09
6.756637471738713430e-09
1.886664335870591458e-06
4.511796021233749343e-07
1.915530702945034136e-07
2.591122438388993032e-06
1.053994878930097912e-06
2.541789569932006998e-07
2.821921611939615104e-07
3.970808126751990130e-09
0.000000000000000000e+00
5.770952604677859199e-09
2.370507843352243071e-07
1.035041577779338695e-06
2.928154572146013379e-07
2.657485254076163983e-08
1.549647947740595555e-07
1.824069367772906958e-11
2.987302423207438551e-07
0.000000000000000000e+00
2.932811149491953984e-08
5.418560267145267062e-09
1.144455086254936305e-09
0.000000000000000000e+00
0.000000000000000000e+00
0.000000000000000000e+00
1.692518196705350420e-07
1.020691911435278598e-06
2.668014644768845756e-07
0.000000000000000000e+00
5.569696703844329022e-09
0.000000000000000000e+00
8.265342188451541006e-08
7.446788430343076470e-08
1.718855173749034293e-07
9.262886013772231308e-10
4.155870669819705654e-07
0.000000000000000000e+00
0.000000000000000000e+00
4.224755822956893780e-10
2.719142955243114557e-08
0.000000000000000000e+00
5.234675271026389964e-08
6.833688726004538694e-09
5.949599213295186928e-08
0.000000000000000000e+00
0.000000000000000000e+00
6.462155699438199008e-09
1.835255697413273879e-10
4.100041550714195182e-08
0.000000000000000000e+00
7.009845717220741790e-07
0.000000000000000000e+00
0.000000000000000000e+00
0.000000000000000000e+00
0.000000000000000000e+00
7.936998827062780038e-07
0.000000000000000000e+00
0.000000000000000000e+00
0.000000000000000000e+00
3.576823059958655904e-09
0.000000000000000000e+00
0.000000000000000000e+00
2.038152757677380578e-08
2.573448476539397234e-08
5.971234031676431186e-07
0.000000000000000000e+00
0.000000000000000000e+00
0.000000000000000000e+00
0.000000000000000000e+00
5.280529080664564390e-08
1.311618813559789487e-08
7.283681435765743117e-10
1.213980582726037483e-09
1.116537351464330641e-08
1.478807187815789348e-09
5.042020347900688648e-07
1.156441609140301807e-09
1.184759184980066493e-06
5.400065283822641504e-09
1.580251478117133956e-06
0.000000000000000000e+00
7.882957397953305190e-09
6.933080776150291058e-09
0.000000000000000000e+00
0.000000000000000000e+00
0.000000000000000000e+00
0.000000000000000000e+00
1.238590652263837910e-08
1.201791166582921733e-10
0.000000000000000000e+00
4.973456952939159237e-07
0.000000000000000000e+00
0.000000000000000000e+00
0.000000000000000000e+00
0.000000000000000000e+00
0.000000000000000000e+00
0.000000000000000000e+00
1.826045314956559196e-09
3.467920672850510755e-10
0.000000000000000000e+00
2.557951406245706494e-09
0.000000000000000000e+00
7.499187937298756879e-09
0.000000000000000000e+00
7.832063886326068314e-09
0.000000000000000000e+00
0.000000000000000000e+00
7.280186231639618200e-09
5.351664889019502880e-09
0.000000000000000000e+00
6.990760859082456591e-09
3.044772611815460550e-08
2.036698454332963593e-08
0.000000000000000000e+00
0.000000000000000000e+00
0.000000000000000000e+00
8.100937698429788725e-09
6.827586496171988983e-09
0.000000000000000000e+00
0.000000000000000000e+00
2.842697988114650798e-08
2.422186007322579826e-08
0.000000000000000000e+00
8.403357121267163166e-09
6.500664895270347188e-09
0.000000000000000000e+00
0.000000000000000000e+00
7.436721460862827371e-09
5.382869705528037230e-09
0.000000000000000000e+00
1.297808527311872240e-09
1.697954843393745250e-07
0.000000000000000000e+00
1.808123095692337756e-09
0.000000000000000000e+00
0.000000000000000000e+00
0.000000000000000000e+00
3.734915487996204320e-09
4.184457225164806005e-09
6.450175504824073869e-09
0.000000000000000000e+00
1.353486833721717630e-08
2.989644443118777417e-08
1.254724502075532655e-08
2.720285663393440245e-10
8.263882023129554000e-09
4.646326434709635578e-09
1.597467225167292781e-08
3.308500026832916774e-06
5.277215677779167891e-07
5.343317965866845043e-08
7.262132157848100178e-07
4.687752852561288819e-09
5.299644953993265517e-07
1.833821130503565655e-07
9.700545922086689643e-10
2.311566049684188329e-07
3.942982118587678997e-07
1.485817506363673601e-06
1.510590230680008972e-08
3.993511250854897554e-12
6.850320914963958785e-07
1.416661575603939127e-06
0.000000000000000000e+00
1.681151440280359566e-09
0.000000000000000000e+00
7.582377179460308980e-07
9.365869191313436204e-10
8.349830271647817881e-10
3.039373268620693125e-06
2.010259834150929237e-07
9.479243203713849653e-07
1.355031429284281330e-07
7.047430017337319441e-08
1.938363247688812407e-08
0.000000000000000000e+00
1.604845039082647418e-07
1.602086463492469193e-08
3.646281356850522570e-07
1.778845444277976640e-07
0.000000000000000000e+00
7.092482157133872533e-09
1.978498005428264150e-07
5.303407157875028588e-10
8.710853194315859582e-08
2.924640796209132532e-07
5.012104153934160422e-08
1.194144871874414093e-08
8.450595223585821714e-10
0.000000000000000000e+00
0.000000000000000000e+00
0.000000000000000000e+00
1.439128460845040536e-08
1.103458444617899659e-07
1.070652160706231371e-06
0.000000000000000000e+00
9.496236685890835361e-09
1.109535290311214339e-07
0.000000000000000000e+00
9.238600440220068322e-10
2.760378720267908648e-06
7.403144319795273987e-09
9.263917633006713004e-08
0.000000000000000000e+00
0.000000000000000000e+00
0.000000000000000000e+00
8.489396918776037637e-08
0.000000000000000000e+00
1.404216153078063911e-11
0.000000000000000000e+00
1.154017013504926581e-06
9.736816686256588582e-09
7.562209525246998965e-09
0.000000000000000000e+00
6.467488219641381875e-06
0.000000000000000000e+00
6.705669193252106197e-07
0.000000000000000000e+00
0.000000000000000000e+00
0.000000000000000000e+00
5.771873201609878379e-09
0.000000000000000000e+00
0.000000000000000000e+00
5.627325716517361798e-09
1.028540523861920519e-07
3.370704756977538352e-11
1.444228825420168505e-08
0.000000000000000000e+00
6.202435542945750058e-08
0.000000000000000000e+00
5.511135015012769145e-08
0.000000000000000000e+00
0.000000000000000000e+00
0.000000000000000000e+00
4.707812362170216147e-09
9.759044683477213766e-10
0.000000000000000000e+00
2.648799624083153503e-09
0.000000000000000000e+00
0.000000000000000000e+00
0.000000000000000000e+00
1.130268101334763742e-09
0.000000000000000000e+00
0.000000000000000000e+00
1.467004722144338302e-07
1.566500529293080035e-08
5.434491079370218358e-09
0.000000000000000000e+00
1.572895058643553057e-08
4.599076230960008616e-09
6.195849389101226734e-10
0.000000000000000000e+00
9.958995406122994609e-09
0.000000000000000000e+00
2.972536883305565425e-09
2.218591976799189069e-09
3.639393071352969855e-07
0.000000000000000000e+00
0.000000000000000000e+00
1.480537889619881753e-06
4.719006851949814063e-10
1.807261185149400262e-08
3.326120490143580355e-09
6.249708235372963827e-07
1.220155976255909991e-08
0.000000000000000000e+00
1.575388264285493278e-09
1.543925236546783708e-07
1.946110383954646750e-09
0.000000000000000000e+00
2.818535733695171075e-07
4.681478760204527134e-09
1.885635825260578713e-08
1.157954976349628851e-08
1.828082929478114238e-07
4.858090818515847786e-09
1.284017798752756789e-07
1.493566936794366029e-10
4.059337243234040216e-06
2.436125967619773292e-09
1.071863380275317468e-06
4.897134431303129531e-07
8.159005915331363212e-08
5.741509934154009898e-09
1.200156560798859573e-07
4.041868351123412140e-07
0.000000000000000000e+00
1.105074716178933159e-06
7.678717111048172228e-07
2.628919837377452495e-08
8.292052484648593236e-07
2.506375018640483177e-08
2.945060941783594899e-07
1.505098090603951277e-08
4.931465014124114532e-08
8.091634584594942226e-10
5.502647013599926140e-07
8.153986073011765257e-07
1.006461047836637590e-06
5.926032713432505261e-07
2.443276470032174075e-09
8.451338828763255151e-08
1.118105927844226244e-07
8.224944281209900510e-08
2.372821654716972262e-07
0.000000000000000000e+00
1.137623485192307271e-06
0.000000000000000000e+00
9.420948465788114845e-09
0.000000000000000000e+00
8.865267631108508795e-09
0.000000000000000000e+00
3.398354930794766915e-10
4.270219022828314337e-08
8.367754844584851526e-07
8.425905662079458125e-08
0.000000000000000000e+00
0.000000000000000000e+00
0.000000000000000000e+00
1.474296240644434874e-08
3.693156145345710684e-07
6.476349767581268679e-08
0.000000000000000000e+00
9.553385860172625144e-10
0.000000000000000000e+00
0.000000000000000000e+00
0.000000000000000000e+00
6.895383819482958643e-09
0.000000000000000000e+00
0.000000000000000000e+00
0.000000000000000000e+00
1.351061262866437573e-09
0.000000000000000000e+00
0.000000000000000000e+00
0.000000000000000000e+00
0.000000000000000000e+00
0.000000000000000000e+00
0.000000000000000000e+00
0.000000000000000000e+00
0.000000000000000000e+00
0.000000000000000000e+00
0.000000000000000000e+00
0.000000000000000000e+00
0.000000000000000000e+00
0.000000000000000000e+00
0.000000000000000000e+00
0.000000000000000000e+00
0.000000000000000000e+00
0.000000000000000000e+00
0.000000000000000000e+00
0.000000000000000000e+00
2.962748046897445420e-09
0.000000000000000000e+00
0.000000000000000000e+00
0.000000000000000000e+00
0.000000000000000000e+00
0.000000000000000000e+00
0.000000000000000000e+00
0.000000000000000000e+00
0.000000000000000000e+00
1.581872077771606655e-09
0.000000000000000000e+00
0.000000000000000000e+00
0.000000000000000000e+00
0.000000000000000000e+00
6.117487316714687040e-08
0.000000000000000000e+00
0.000000000000000000e+00
0.000000000000000000e+00
0.000000000000000000e+00
0.000000000000000000e+00
0.000000000000000000e+00
5.452324369770167323e-09
0.000000000000000000e+00
0.000000000000000000e+00
0.000000000000000000e+00
7.578143446096419211e-09
0.000000000000000000e+00
6.353322312691034313e-09
0.000000000000000000e+00
0.000000000000000000e+00
9.730920957906619151e-09
0.000000000000000000e+00
9.236941878043580800e-08
6.378554218144927290e-08
7.462666076207824517e-07
3.439150120243539277e-08
2.749286354131186272e-09
8.324511746593543648e-09
9.581060389507456421e-10
0.000000000000000000e+00
6.810364772125154786e-11
8.474400736702136783e-09
0.000000000000000000e+00
1.294537116391936138e-10
0.000000000000000000e+00
0.000000000000000000e+00
8.143973673213622533e-08
0.000000000000000000e+00
0.000000000000000000e+00
0.000000000000000000e+00
0.000000000000000000e+00
3.961454808631970081e-07
9.788948318600887433e-07
5.005262426749368387e-09
2.826264449140580837e-07
0.000000000000000000e+00
0.000000000000000000e+00
0.000000000000000000e+00
0.000000000000000000e+00
1.720331099797078878e-09
1.052481124474979879e-07
0.000000000000000000e+00
3.179830798671900993e-08
0.000000000000000000e+00
0.000000000000000000e+00
0.000000000000000000e+00
0.000000000000000000e+00
0.000000000000000000e+00
5.682839962495300767e-11
0.000000000000000000e+00
0.000000000000000000e+00
0.000000000000000000e+00
0.000000000000000000e+00
2.111663199855229323e-08
0.000000000000000000e+00
0.000000000000000000e+00
0.000000000000000000e+00
0.000000000000000000e+00
0.000000000000000000e+00
0.000000000000000000e+00
0.000000000000000000e+00
0.000000000000000000e+00
0.000000000000000000e+00
0.000000000000000000e+00
0.000000000000000000e+00
4.205487000308316681e-11
0.000000000000000000e+00
0.000000000000000000e+00
3.432656825452795601e-09
0.000000000000000000e+00
0.000000000000000000e+00
0.000000000000000000e+00
0.000000000000000000e+00
0.000000000000000000e+00
0.000000000000000000e+00
7.226141907068495129e-09
0.000000000000000000e+00
0.000000000000000000e+00
0.000000000000000000e+00
1.409808492169872807e-09
0.000000000000000000e+00
0.000000000000000000e+00
0.000000000000000000e+00
0.000000000000000000e+00
0.000000000000000000e+00
0.000000000000000000e+00
0.000000000000000000e+00
0.000000000000000000e+00
0.000000000000000000e+00
0.000000000000000000e+00
0.000000000000000000e+00
0.000000000000000000e+00
0.000000000000000000e+00
3.661848879676909974e-10
1.144976891076510128e-09
0.000000000000000000e+00
0.000000000000000000e+00
0.000000000000000000e+00
0.000000000000000000e+00
0.000000000000000000e+00
0.000000000000000000e+00
0.000000000000000000e+00
0.000000000000000000e+00
0.000000000000000000e+00
1.525654429179734706e-11
0.000000000000000000e+00
0.000000000000000000e+00
0.000000000000000000e+00
0.000000000000000000e+00
0.000000000000000000e+00
0.000000000000000000e+00
4.537336284471393810e-09
3.159834838228903209e-09
0.000000000000000000e+00
1.877789807328000826e-12
0.000000000000000000e+00
0.000000000000000000e+00
0.000000000000000000e+00
2.074000970964107182e-10
0.000000000000000000e+00
0.000000000000000000e+00
0.000000000000000000e+00
0.000000000000000000e+00
0.000000000000000000e+00
3.495838427625130862e-07
1.240654114553763065e-06
0.000000000000000000e+00
1.939973344633472152e-06
0.000000000000000000e+00
0.000000000000000000e+00
0.000000000000000000e+00
0.000000000000000000e+00
0.000000000000000000e+00
2.088341131967208497e-11
0.000000000000000000e+00
2.947381361195766658e-08
0.000000000000000000e+00
2.457075432005240145e-09
0.000000000000000000e+00
5.326574736841394042e-10
0.000000000000000000e+00
0.000000000000000000e+00
0.000000000000000000e+00
0.000000000000000000e+00
0.000000000000000000e+00
0.000000000000000000e+00
0.000000000000000000e+00
0.000000000000000000e+00
0.000000000000000000e+00
0.000000000000000000e+00
0.000000000000000000e+00
0.000000000000000000e+00
0.000000000000000000e+00
4.159812494464176780e-09
0.000000000000000000e+00
0.000000000000000000e+00
0.000000000000000000e+00
0.000000000000000000e+00
0.000000000000000000e+00
0.000000000000000000e+00
0.000000000000000000e+00
0.000000000000000000e+00
0.000000000000000000e+00
0.000000000000000000e+00
0.000000000000000000e+00
0.000000000000000000e+00
1.277330879956295462e-10
7.667750878681545146e-09
0.000000000000000000e+00
0.000000000000000000e+00
0.000000000000000000e+00
0.000000000000000000e+00
0.000000000000000000e+00
2.305585722339742460e-09
0.000000000000000000e+00
0.000000000000000000e+00
0.000000000000000000e+00
0.000000000000000000e+00
0.000000000000000000e+00
0.000000000000000000e+00
0.000000000000000000e+00
0.000000000000000000e+00
0.000000000000000000e+00
7.198199369895519339e-08
0.000000000000000000e+00
0.000000000000000000e+00
3.627441125253483278e-10
0.000000000000000000e+00
7.084055564376967595e-10
9.782272214486908979e-11
7.829983772467130620e-09
3.869466080885786141e-09
1.916903784149326384e-06
5.302803174345172010e-08
6.445146993883099640e-08
4.049615398571404512e-08
1.230757106895907782e-06
6.179431633057674844e-09
4.652428486906501348e-08
1.540346374895307235e-06
9.133954677054134663e-07
9.137725101027172059e-07
1.135529643647714693e-07
1.414521166864801671e-09
1.420285570929991081e-06
2.106108922816929407e-06
2.891354142775526270e-06
5.610704647551756352e-06
7.708752491453196853e-06
1.032283421409374569e-06
0.000000000000000000e+00
2.848157407697726740e-07
3.100177536907722242e-08
3.792726133156065771e-09
4.965124844602541998e-07
9.608530859850361594e-08
1.635046515957583324e-07
1.145299588500847676e-08
4.424660082769094060e-10
0.000000000000000000e+00
0.000000000000000000e+00
3.908039447608757655e-10
0.000000000000000000e+00
7.106713439952727640e-08
1.850219632615335286e-06
0.000000000000000000e+00
1.495621582137118821e-08
0.000000000000000000e+00
0.000000000000000000e+00
6.990370060577788536e-09
2.506669261492788792e-06
1.435440100117091333e-09
3.198421438810328254e-08
5.323454743688671442e-08
0.000000000000000000e+00
0.000000000000000000e+00
0.000000000000000000e+00
0.000000000000000000e+00
0.000000000000000000e+00
8.926122774255418335e-08
0.000000000000000000e+00
1.559640638859605133e-09
4.618517568388824657e-09
6.236579253027230152e-08
0.000000000000000000e+00
0.000000000000000000e+00
4.918898621752987310e-10
9.031247749646809098e-09
0.000000000000000000e+00
6.078090919459100405e-09
1.630511614614249538e-09
8.543415974671120239e-12
3.269230717251048191e-07
0.000000000000000000e+00
0.000000000000000000e+00
0.000000000000000000e+00
3.792573810557087199e-09
1.024541607108631069e-08
0.000000000000000000e+00
0.000000000000000000e+00
0.000000000000000000e+00
0.000000000000000000e+00
0.000000000000000000e+00
0.000000000000000000e+00
0.000000000000000000e+00
0.000000000000000000e+00
0.000000000000000000e+00
0.000000000000000000e+00
0.000000000000000000e+00
0.000000000000000000e+00
0.000000000000000000e+00
0.000000000000000000e+00
0.000000000000000000e+00
0.000000000000000000e+00
0.000000000000000000e+00
0.000000000000000000e+00
0.000000000000000000e+00
0.000000000000000000e+00
0.000000000000000000e+00
0.000000000000000000e+00
0.000000000000000000e+00
0.000000000000000000e+00
0.000000000000000000e+00
3.650459934334548961e-09
0.000000000000000000e+00
0.000000000000000000e+00
0.000000000000000000e+00
3.600304082640448655e-11
0.000000000000000000e+00
0.000000000000000000e+00
0.000000000000000000e+00
2.786331094739580294e-07
1.261918125550209879e-08
4.898594738733663689e-07
3.710643525778323237e-08
0.000000000000000000e+00
0.000000000000000000e+00
3.116590985285938586e-09
2.892713091284804250e-08
5.761781807223087526e-08
0.000000000000000000e+00
0.000000000000000000e+00
0.000000000000000000e+00
3.934230163871177410e-10
0.000000000000000000e+00
0.000000000000000000e+00
0.000000000000000000e+00
0.000000000000000000e+00
3.511833324143509572e-10
2.646874577294511255e-07
0.000000000000000000e+00
0.000000000000000000e+00
1.987684299820102751e-06
0.000000000000000000e+00
0.000000000000000000e+00
0.000000000000000000e+00
0.000000000000000000e+00
1.054036488312704023e-06
0.000000000000000000e+00
0.000000000000000000e+00
0.000000000000000000e+00
0.000000000000000000e+00
0.000000000000000000e+00
3.405770665487750648e-10
5.120786017442924276e-09
0.000000000000000000e+00
0.000000000000000000e+00
0.000000000000000000e+00
0.000000000000000000e+00
0.000000000000000000e+00
0.000000000000000000e+00
9.728980121526120683e-11
0.000000000000000000e+00
0.000000000000000000e+00
0.000000000000000000e+00
0.000000000000000000e+00
3.203808329743651484e-09
0.000000000000000000e+00
0.000000000000000000e+00
0.000000000000000000e+00
4.308614620640582871e-08
0.000000000000000000e+00
1.408229266530724999e-08
0.000000000000000000e+00
0.000000000000000000e+00
0.000000000000000000e+00
0.000000000000000000e+00
0.000000000000000000e+00
0.000000000000000000e+00
0.000000000000000000e+00
1.503884483611273026e-08
6.808292263293935775e-10
0.000000000000000000e+00
8.490482095169227250e-09
0.000000000000000000e+00
0.000000000000000000e+00
0.000000000000000000e+00
6.812495567665166618e-10
0.000000000000000000e+00
0.000000000000000000e+00
0.000000000000000000e+00
6.848904376965947449e-07
0.000000000000000000e+00
0.000000000000000000e+00
0.000000000000000000e+00
0.000000000000000000e+00
0.000000000000000000e+00
0.000000000000000000e+00
0.000000000000000000e+00
0.000000000000000000e+00
1.712487707195009534e-09
0.000000000000000000e+00
0.000000000000000000e+00
0.000000000000000000e+00
2.448603542148930501e-09
5.612372788732500339e-09
0.000000000000000000e+00
0.000000000000000000e+00
0.000000000000000000e+00
0.000000000000000000e+00
6.430456167549891688e-09
1.639999913649603513e-09
0.000000000000000000e+00
7.509235455671614545e-10
1.561174144626420457e-06
1.425363022056203022e-10
2.583711244952269226e-09
0.000000000000000000e+00
1.192622001155996259e-09
6.346468239826208446e-09
0.000000000000000000e+00
0.000000000000000000e+00
0.000000000000000000e+00
0.000000000000000000e+00
1.714383190964952064e-09
0.000000000000000000e+00
0.000000000000000000e+00
0.000000000000000000e+00
1.333481547405312995e-09
0.000000000000000000e+00
3.458547448431659177e-09
4.300931664147356059e-07
1.211373223952705303e-09
2.773674395939451642e-06
0.000000000000000000e+00
1.400614291213742035e-08
1.769252633287976550e-09
8.937412587783910567e-08
4.065566088229388697e-07
2.503323457858641632e-06
5.682679926621858613e-08
9.837897323450306430e-07
3.992934693997085560e-08
1.000019409502783674e-07
2.234124218958299934e-09
3.694242991514329333e-07
3.122435998648143141e-07
1.019109490130176709e-07
0.000000000000000000e+00
8.970562248578062281e-08
1.019156741222104756e-07
6.833531962513461622e-09
2.418160338635289008e-09
1.940526317412150092e-06
1.484181098021508660e-07
2.084169068439223338e-07
2.723186121045273467e-09
1.640669466951294453e-08
4.343196913225710887e-09
2.528393849843268981e-07
5.051000506739455886e-09
1.507604818762331433e-09
2.214091665564410505e-07
0.000000000000000000e+00
3.435741646740098076e-08
1.342064479104010388e-06
0.000000000000000000e+00
3.347121246832784891e-09
4.384439034055276352e-09
1.740580302111993660e-07
2.781160048925812589e-07
1.237135638376685165e-08
0.000000000000000000e+00
3.094030489592114463e-07
3.494774469814387885e-09
2.489861294918682688e-08
2.177704239159083954e-08
0.000000000000000000e+00
7.126389505174302030e-07
6.988164269472463275e-09
0.000000000000000000e+00
1.295780407417623792e-06
1.603408161451880254e-12
2.324206160864150661e-09
5.783358680844230548e-09
5.643004952204933033e-10
9.400920930602296721e-08
2.811218591247666154e-09
0.000000000000000000e+00
7.900299969776369835e-09
4.523976304682264526e-09
4.512061195782735012e-07
2.933202836175041739e-07
2.912293552981282119e-07
0.000000000000000000e+00
0.000000000000000000e+00
0.000000000000000000e+00
0.000000000000000000e+00
0.000000000000000000e+00
0.000000000000000000e+00
1.615429745527308114e-08
4.615023030396514514e-09
7.381435462860963526e-09
0.000000000000000000e+00
5.756576548776592972e-09
6.603140256800088537e-10
0.000000000000000000e+00
0.000000000000000000e+00
1.411637668979892624e-07
0.000000000000000000e+00
2.319636038805583667e-09
0.000000000000000000e+00
0.000000000000000000e+00
0.000000000000000000e+00
0.000000000000000000e+00
0.000000000000000000e+00
0.000000000000000000e+00
0.000000000000000000e+00
1.174404786752347718e-07
3.166868509651976638e-07
2.223115025401511957e-09
1.019690571979481319e-07
0.000000000000000000e+00
3.101731849142197461e-08
1.844150054886029011e-09
0.000000000000000000e+00
0.000000000000000000e+00
0.000000000000000000e+00
0.000000000000000000e+00
0.000000000000000000e+00
8.908305204613498063e-09
6.403212959860127285e-10
0.000000000000000000e+00
0.000000000000000000e+00
0.000000000000000000e+00
0.000000000000000000e+00
0.000000000000000000e+00
0.000000000000000000e+00
8.700815357087776647e-08
0.000000000000000000e+00
0.000000000000000000e+00
0.000000000000000000e+00
0.000000000000000000e+00
0.000000000000000000e+00
0.000000000000000000e+00
1.433360896641033833e-08
1.061577825645088069e-09
0.000000000000000000e+00
0.000000000000000000e+00
3.155139083332869632e-08
0.000000000000000000e+00
1.542736494108964962e-09
0.000000000000000000e+00
0.000000000000000000e+00
2.476853791510968961e-11
0.000000000000000000e+00
0.000000000000000000e+00
0.000000000000000000e+00
2.853571379191066626e-09
0.000000000000000000e+00
0.000000000000000000e+00
4.051632913615321741e-07
0.000000000000000000e+00
0.000000000000000000e+00
5.398757441099633070e-09
0.000000000000000000e+00
0.000000000000000000e+00
0.000000000000000000e+00
0.000000000000000000e+00
0.000000000000000000e+00
9.458413607887905528e-09
1.309589436893077163e-09
0.000000000000000000e+00
5.064640618002158590e-07
0.000000000000000000e+00
0.000000000000000000e+00
0.000000000000000000e+00
2.223685902080774213e-09
0.000000000000000000e+00
0.000000000000000000e+00
0.000000000000000000e+00
0.000000000000000000e+00
0.000000000000000000e+00
0.000000000000000000e+00
0.000000000000000000e+00
0.000000000000000000e+00
2.795733866634009246e-09
0.000000000000000000e+00
0.000000000000000000e+00
1.056664866716516826e-09
0.000000000000000000e+00
0.000000000000000000e+00
5.502962267200928181e-06
1.934939534986579446e-11
0.000000000000000000e+00
0.000000000000000000e+00
0.000000000000000000e+00
0.000000000000000000e+00
2.624039829868252127e-08
8.485618430142949364e-09
0.000000000000000000e+00
0.000000000000000000e+00
0.000000000000000000e+00
0.000000000000000000e+00
0.000000000000000000e+00
0.000000000000000000e+00
2.943353061279907479e-10
4.573438161514786771e-07
0.000000000000000000e+00
0.000000000000000000e+00
0.000000000000000000e+00
0.000000000000000000e+00
0.000000000000000000e+00
0.000000000000000000e+00
9.346905471829813905e-09
0.000000000000000000e+00
1.468452204278491990e-08
0.000000000000000000e+00
0.000000000000000000e+00
1.791654824501165422e-09
6.427766652272737247e-10
2.413814148560788908e-10
7.549779468263295712e-09
8.563945357309421524e-07
1.912452862740110504e-09
2.244203933798871731e-08
3.252507667639292777e-07
4.128254005308917840e-08
3.685608707115761717e-09
2.882355509825629269e-08
1.727109705251805849e-10
2.951000332984676788e-08
7.778908628353065069e-10
4.102149944174016127e-07
2.141959853929620294e-08
5.677988497154728975e-07
0.000000000000000000e+00
5.012346537824896586e-09
2.468866444615969158e-09
5.954018433840246871e-07
4.238132476075406885e-07
6.868492996581210264e-10
1.389541015887549302e-13
1.129828319790249225e-07
8.457406011075363494e-07
8.538269469227088848e-08
7.229049856505298521e-07
5.802132108101432095e-08
9.512649512544157915e-08
1.155301703192890272e-07
2.776334273590919111e-09
5.284305881758655232e-09
4.354970428721571807e-08
2.813264245560276322e-06
5.229259841144084930e-06
1.203250008074974176e-06
0.000000000000000000e+00
0.000000000000000000e+00
0.000000000000000000e+00
2.705680124392983998e-11
1.788558279258722905e-07
3.870425402396904246e-08
5.371385558561314610e-09
9.635194828661042266e-07
4.970861056108333287e-09
1.770479052254358976e-08
5.363218313902962109e-09
1.595083354288817645e-08
5.353418259801401291e-07
0.000000000000000000e+00
3.370717251982568996e-07
1.590196863077153466e-10
6.698693155726687110e-09
1.861520892987300613e-08
1.003287707135314122e-06
2.354551185135278502e-07
1.514939071967091877e-06
2.932961535861977609e-07
1.809697114385500072e-10
0.000000000000000000e+00
0.000000000000000000e+00
3.465661646551154718e-10
0.000000000000000000e+00
3.733021447516193803e-09
0.000000000000000000e+00
0.000000000000000000e+00
1.830622693432815140e-07
0.000000000000000000e+00
2.222202333257428108e-08
4.584210273606004193e-07
2.789540154424230423e-08
0.000000000000000000e+00
5.965324900714108480e-10
0.000000000000000000e+00
4.481804163902758376e-11
4.811589793263237880e-09
1.006750771637143771e-08
1.255298371916069300e-07
2.515799894797776659e-11
7.522963363371104606e-10
6.407399943952896137e-09
0.000000000000000000e+00
0.000000000000000000e+00
3.688967464832160204e-10
0.000000000000000000e+00
0.000000000000000000e+00
0.000000000000000000e+00
2.223343287255374889e-09
5.339965802875212830e-09
3.775431522967664932e-08
0.000000000000000000e+00
1.807470937364996644e-07
2.948791966161934397e-08
3.892321576159929464e-09
0.000000000000000000e+00
0.000000000000000000e+00
0.000000000000000000e+00
0.000000000000000000e+00
0.000000000000000000e+00
0.000000000000000000e+00
0.000000000000000000e+00
0.000000000000000000e+00
0.000000000000000000e+00
0.000000000000000000e+00
0.000000000000000000e+00
0.000000000000000000e+00
0.000000000000000000e+00
0.000000000000000000e+00
0.000000000000000000e+00
0.000000000000000000e+00
0.000000000000000000e+00
0.000000000000000000e+00
0.000000000000000000e+00
0.000000000000000000e+00
0.000000000000000000e+00
0.000000000000000000e+00
0.000000000000000000e+00
0.000000000000000000e+00
0.000000000000000000e+00
2.214385619314640508e-10
8.708571641591333901e-08
8.624205349860858405e-09
2.930562992276009027e-08
2.108274221868100540e-09
0.000000000000000000e+00
1.185744696874380111e-10
3.578031453344010515e-07
1.451848063993566029e-08
0.000000000000000000e+00
1.349170553055500932e-09
0.000000000000000000e+00
7.934347401317154436e-09
2.000511756250489270e-08
0.000000000000000000e+00
9.515936927328993988e-10
0.000000000000000000e+00
0.000000000000000000e+00
0.000000000000000000e+00
0.000000000000000000e+00
7.463511053629190428e-08
0.000000000000000000e+00
3.557980221557954792e-08
0.000000000000000000e+00
0.000000000000000000e+00
0.000000000000000000e+00
2.097485740648608044e-09
1.880449573832265742e-09
0.000000000000000000e+00
0.000000000000000000e+00
0.000000000000000000e+00
6.810410013713408262e-10
7.952307257141910668e-09
4.082595808085898170e-07
0.000000000000000000e+00
4.336617731581782209e-09
5.967846772314544523e-10
0.000000000000000000e+00
9.714537618776830641e-09
2.932745246653212234e-06
0.000000000000000000e+00
0.000000000000000000e+00
6.168899631120439153e-07
0.000000000000000000e+00
0.000000000000000000e+00
7.230393173074389779e-09
5.557639681796899822e-09
5.647081913195961533e-09
0.000000000000000000e+00
2.166022250449373132e-09
1.084345967683475465e-06
7.181820027568619480e-09
2.097613560181343928e-06
5.479327061519434494e-11
4.893299205832590815e-07
1.987149822468836646e-08
2.981118427669571247e-07
2.326412662512211682e-08
1.124778847838570073e-07
2.315988734125085102e-09
7.013860425786333508e-08
0.000000000000000000e+00
6.730936661369923968e-07
3.932273102691397071e-07
2.655722752820111054e-08
6.519214057476574453e-09
7.622963238418378751e-08
3.238538681671343511e-07
1.747435902643701411e-07
0.000000000000000000e+00
4.993211177861667238e-07
5.964517981738026720e-07
3.705939732867591374e-08
4.705363210177893052e-07
1.258552060789952520e-06
5.102578981563965499e-08
2.157903054467169568e-06
1.728807497158868500e-08
2.100837548368872376e-08
2.295166057209030441e-09
1.087352998752066924e-07
1.434643621678333147e-07
8.562768272213361342e-09
2.713849198698881082e-07
1.739625687946499966e-08
1.248617209625990654e-09
1.248218473026696529e-10
0.000000000000000000e+00
0.000000000000000000e+00
6.827261245234694798e-07
1.011602989819948561e-06
9.440871195920408354e-08
0.000000000000000000e+00
3.014009664070727013e-08
3.349294619425791097e-09
1.361620661555207334e-06
0.000000000000000000e+00
0.000000000000000000e+00
0.000000000000000000e+00
2.078388661175267771e-08
0.000000000000000000e+00
2.191677062057806324e-09
0.000000000000000000e+00
8.094283465709395387e-09
1.059821008730921221e-09
0.000000000000000000e+00
0.000000000000000000e+00
0.000000000000000000e+00
0.000000000000000000e+00
3.366297463003320445e-08
4.659323593614317360e-09
0.000000000000000000e+00
0.000000000000000000e+00
5.902739186325334231e-09
0.000000000000000000e+00
1.093099285753851291e-06
0.000000000000000000e+00
0.000000000000000000e+00
0.000000000000000000e+00
1.773206165234242349e-10
0.000000000000000000e+00
1.792372046338641667e-07
0.000000000000000000e+00
0.000000000000000000e+00
0.000000000000000000e+00
0.000000000000000000e+00
1.837275220850642654e-07
1.033606395139941014e-06
0.000000000000000000e+00
5.982698780826467555e-09
2.053815251201740466e-07
0.000000000000000000e+00
0.000000000000000000e+00
0.000000000000000000e+00
0.000000000000000000e+00
0.000000000000000000e+00
0.000000000000000000e+00
0.000000000000000000e+00
0.000000000000000000e+00
0.000000000000000000e+00
0.000000000000000000e+00
0.000000000000000000e+00
0.000000000000000000e+00
0.000000000000000000e+00
0.000000000000000000e+00
0.000000000000000000e+00
0.000000000000000000e+00
9.103080600425528246e-08
0.000000000000000000e+00
0.000000000000000000e+00
0.000000000000000000e+00
0.000000000000000000e+00
1.605999244702616124e-07
0.000000000000000000e+00
0.000000000000000000e+00
0.000000000000000000e+00
0.000000000000000000e+00
0.000000000000000000e+00
0.000000000000000000e+00
0.000000000000000000e+00
0.000000000000000000e+00
0.000000000000000000e+00
0.000000000000000000e+00
0.000000000000000000e+00
7.401125490247295602e-09
0.000000000000000000e+00
0.000000000000000000e+00
0.000000000000000000e+00
0.000000000000000000e+00
0.000000000000000000e+00
0.000000000000000000e+00
0.000000000000000000e+00
0.000000000000000000e+00
8.630819614552365238e-09
0.000000000000000000e+00
0.000000000000000000e+00
0.000000000000000000e+00
0.000000000000000000e+00
0.000000000000000000e+00
0.000000000000000000e+00
9.652787902325599134e-09
3.770559864335609745e-09
0.000000000000000000e+00
0.000000000000000000e+00
0.000000000000000000e+00
2.024577838710683864e-09
0.000000000000000000e+00
0.000000000000000000e+00
0.000000000000000000e+00
0.000000000000000000e+00
0.000000000000000000e+00
0.000000000000000000e+00
0.000000000000000000e+00
0.000000000000000000e+00
0.000000000000000000e+00
7.010117375472191270e-09
0.000000000000000000e+00
0.000000000000000000e+00
0.000000000000000000e+00
0.000000000000000000e+00
0.000000000000000000e+00
0.000000000000000000e+00
1.155836798716336489e-06
0.000000000000000000e+00
0.000000000000000000e+00
3.595794106914240729e-09
0.000000000000000000e+00
0.000000000000000000e+00
7.631919984874002694e-09
5.371477129756385693e-08
4.349437432438207907e-08
0.000000000000000000e+00
0.000000000000000000e+00
2.511546597361302702e-07
0.000000000000000000e+00
5.376709300008997161e-09
7.126434553583749221e-08
1.598373557953891577e-07
4.014343718550250628e-11
0.000000000000000000e+00
0.000000000000000000e+00
0.000000000000000000e+00
1.288506634722352828e-08
0.000000000000000000e+00
2.422654854505879030e-10
0.000000000000000000e+00
0.000000000000000000e+00
0.000000000000000000e+00
0.000000000000000000e+00
0.000000000000000000e+00
0.000000000000000000e+00
0.000000000000000000e+00
0.000000000000000000e+00
0.000000000000000000e+00
0.000000000000000000e+00
1.611580036087190138e-10
0.000000000000000000e+00
4.464064229381392579e-09
0.000000000000000000e+00
0.000000000000000000e+00
0.000000000000000000e+00
0.000000000000000000e+00
9.520530142026473186e-09
0.000000000000000000e+00
0.000000000000000000e+00
8.430322218089258968e-09
1.972982090592267923e-06
0.000000000000000000e+00
0.000000000000000000e+00
0.000000000000000000e+00
0.000000000000000000e+00
0.000000000000000000e+00
0.000000000000000000e+00
0.000000000000000000e+00
0.000000000000000000e+00
1.928644133286638862e-09
5.537318884307751432e-06
0.000000000000000000e+00
0.000000000000000000e+00
0.000000000000000000e+00
0.000000000000000000e+00
0.000000000000000000e+00
3.746172816398996019e-10
0.000000000000000000e+00
0.000000000000000000e+00
0.000000000000000000e+00
0.000000000000000000e+00
0.000000000000000000e+00
5.883955822572062289e-11
0.000000000000000000e+00
0.000000000000000000e+00
2.627087593689084177e-14
0.000000000000000000e+00
0.000000000000000000e+00
0.000000000000000000e+00
0.000000000000000000e+00
0.000000000000000000e+00
0.000000000000000000e+00
7.441172442668175790e-07
0.000000000000000000e+00
1.272131067153736694e-09
0.000000000000000000e+00
2.205135185562312472e-09
0.000000000000000000e+00
0.000000000000000000e+00
0.000000000000000000e+00
8.267581619314512409e-10
0.000000000000000000e+00
1.195702092893213830e-09
9.411615237153725388e-11
0.000000000000000000e+00
0.000000000000000000e+00
6.178402234269242399e-09
6.080401515617950281e-09
3.717332930364136701e-08
6.403271246568920105e-09
6.972420418804858855e-10
2.495405826419272444e-10
2.599648851742131228e-08
5.394769573285884690e-07
8.667355899660833529e-08
1.260741555597633123e-07
5.598234054104977986e-08
1.631354251685479539e-08
2.245984802584644058e-07
3.854562692140461877e-06
9.073332307707460131e-08
6.248325234992080368e-07
2.190624996956103132e-07
4.231579087132786299e-09
1.209775319921391201e-07
8.693483550814562477e-07
7.947094371463236939e-11
1.841012533532193629e-07
4.515163798401999884e-09
1.496721750982032972e-07
3.336791465358146525e-08
2.735598236824898777e-08
3.249998883347871015e-07
1.866250045168271754e-06
8.519706398146809079e-07
1.289214741906352657e-11
2.230959353255457245e-06
1.797106051526498049e-06
5.818464501317066606e-07
3.456957775593849647e-10
6.875961466867863692e-10
5.968670890865723777e-09
1.812827434832797735e-07
2.417560196477097634e-08
1.626965797640878009e-07
8.032091614040837158e-08
0.000000000000000000e+00
0.000000000000000000e+00
9.767965103435471974e-09
1.225240453095466364e-06
0.000000000000000000e+00
1.056015275224808647e-08
0.000000000000000000e+00
0.000000000000000000e+00
0.000000000000000000e+00
0.000000000000000000e+00
4.724845581449699239e-08
1.920770431595997252e-09
0.000000000000000000e+00
0.000000000000000000e+00
0.000000000000000000e+00
1.323183695944862848e-08
0.000000000000000000e+00
3.539102522154280450e-08
0.000000000000000000e+00
0.000000000000000000e+00
7.035415805489719787e-09
0.000000000000000000e+00
2.493695916427896009e-08
5.009238890352207818e-08
1.201972139597273781e-07
0.000000000000000000e+00
0.000000000000000000e+00
0.000000000000000000e+00
0.000000000000000000e+00
7.845410543438902096e-09
1.539400074079821934e-07
0.000000000000000000e+00
0.000000000000000000e+00
0.000000000000000000e+00
1.318796876148553565e-07
0.000000000000000000e+00
0.000000000000000000e+00
0.000000000000000000e+00
1.350364868812903296e-06
0.000000000000000000e+00
0.000000000000000000e+00
0.000000000000000000e+00
0.000000000000000000e+00
0.000000000000000000e+00
0.000000000000000000e+00
0.000000000000000000e+00
0.000000000000000000e+00
0.000000000000000000e+00
0.000000000000000000e+00
1.836250151932006247e-09
0.000000000000000000e+00
0.000000000000000000e+00
0.000000000000000000e+00
0.000000000000000000e+00
0.000000000000000000e+00
0.000000000000000000e+00
6.425354115435766289e-08
1.233624846719294510e-08
8.893809422261256259e-08
0.000000000000000000e+00
0.000000000000000000e+00
0.000000000000000000e+00
0.000000000000000000e+00
0.000000000000000000e+00
0.000000000000000000e+00
0.000000000000000000e+00
0.000000000000000000e+00
0.000000000000000000e+00
0.000000000000000000e+00
0.000000000000000000e+00
0.000000000000000000e+00
0.000000000000000000e+00
0.000000000000000000e+00
0.000000000000000000e+00
0.000000000000000000e+00
0.000000000000000000e+00
0.000000000000000000e+00
0.000000000000000000e+00
0.000000000000000000e+00
0.000000000000000000e+00
0.000000000000000000e+00
0.000000000000000000e+00
0.000000000000000000e+00
0.000000000000000000e+00
0.000000000000000000e+00
2.209294258648242248e-08
0.000000000000000000e+00
0.000000000000000000e+00
1.679095085194148851e-08
0.000000000000000000e+00
0.000000000000000000e+00
0.000000000000000000e+00
0.000000000000000000e+00
1.110261251824340434e-07
1.197270928232629927e-11
2.450153968602819532e-10
0.000000000000000000e+00
0.000000000000000000e+00
0.000000000000000000e+00
0.000000000000000000e+00
4.999636971092513704e-08
2.104846574813024063e-10
1.699591223314200761e-07
2.513065588960472496e-10
0.000000000000000000e+00
0.000000000000000000e+00
0.000000000000000000e+00
8.445053545358405245e-09
0.000000000000000000e+00
0.000000000000000000e+00
8.941567486431267753e-09
0.000000000000000000e+00
0.000000000000000000e+00
0.000000000000000000e+00
0.000000000000000000e+00
0.000000000000000000e+00
0.000000000000000000e+00
0.000000000000000000e+00
0.000000000000000000e+00
0.000000000000000000e+00
0.000000000000000000e+00
0.000000000000000000e+00
0.000000000000000000e+00
0.000000000000000000e+00
0.000000000000000000e+00
0.000000000000000000e+00
1.177190611656442343e-07
2.158128259432956497e-10
0.000000000000000000e+00
2.466899795550148156e-09
0.000000000000000000e+00
1.782766989588679962e-10
0.000000000000000000e+00
0.000000000000000000e+00
0.000000000000000000e+00
5.832808125383337483e-10
0.000000000000000000e+00
0.000000000000000000e+00
9.707116888080236095e-09
0.000000000000000000e+00
0.000000000000000000e+00
0.000000000000000000e+00
0.000000000000000000e+00
0.000000000000000000e+00
0.000000000000000000e+00
0.000000000000000000e+00
0.000000000000000000e+00
0.000000000000000000e+00
0.000000000000000000e+00
0.000000000000000000e+00
5.458775098610146870e-11
0.000000000000000000e+00
0.000000000000000000e+00
0.000000000000000000e+00
9.900380959493304545e-09
1.777997681529086549e-06
0.000000000000000000e+00
1.351718958986225516e-09
8.203566992381894352e-11
0.000000000000000000e+00
7.911853394659829064e-09
0.000000000000000000e+00
1.001458713290048763e-06
1.031363772163729209e-09
4.622930038777894879e-09
0.000000000000000000e+00
5.456859852870366012e-09
0.000000000000000000e+00
0.000000000000000000e+00
4.908465647823767597e-11
0.000000000000000000e+00
0.000000000000000000e+00
2.034865360656112898e-07
5.989068796452556853e-08
0.000000000000000000e+00
0.000000000000000000e+00
0.000000000000000000e+00
0.000000000000000000e+00
0.000000000000000000e+00
0.000000000000000000e+00
0.000000000000000000e+00
0.000000000000000000e+00
3.791106095718532742e-09
0.000000000000000000e+00
0.000000000000000000e+00
0.000000000000000000e+00
7.755819986243750463e-09
0.000000000000000000e+00
0.000000000000000000e+00
0.000000000000000000e+00
0.000000000000000000e+00
7.224593701060655349e-10
2.065595916533879972e-09
1.480385813934503858e-10
1.118510395414773484e-09
8.300609088962573878e-09
8.839092124901526404e-09
6.737767010989159644e-10
2.935714604745953693e-08
1.470272681380890845e-09
9.255857413847934367e-09
4.263517539015992952e-08
1.151687669675993675e-07
4.085164932027263163e-12
1.435508245606342825e-08
6.694107490545775363e-09
2.570317974459612742e-06
0.000000000000000000e+00
1.615747979855086669e-09
3.814057336626319739e-08
6.195528357011426124e-08
5.816298767058469821e-07
8.186987088265595958e-07
9.293732006199206808e-09
3.550420846210045056e-09
6.975932933528383728e-07
1.093834578469454755e-09
9.316678983850579243e-08
2.167553248000331223e-07
0.000000000000000000e+00
9.044784365919156244e-11
6.003908310958649963e-06
4.877986348184037979e-10
9.432855385682614724e-09
3.061918505409266800e-07
6.897474147393722888e-09
0.000000000000000000e+00
8.586651745190465590e-08
3.439007514316472225e-07
0.000000000000000000e+00
0.000000000000000000e+00
1.048851405727191377e-08
6.687555469397921115e-07
3.224145950220247414e-11
1.095752999447086040e-08
1.102325875024234847e-08
0.000000000000000000e+00
8.753833213859252282e-09
0.000000000000000000e+00
0.000000000000000000e+00
1.975516417118683421e-09
0.000000000000000000e+00
0.000000000000000000e+00
0.000000000000000000e+00
6.537095487146871164e-07
1.693563376647944096e-06
4.917329210485377189e-09
5.009920922560695544e-09
0.000000000000000000e+00
1.070818314019561512e-07
3.444620588766156288e-09
0.000000000000000000e+00
0.000000000000000000e+00
1.040141128783034219e-08
0.000000000000000000e+00
0.000000000000000000e+00
0.000000000000000000e+00
0.000000000000000000e+00
0.000000000000000000e+00
0.000000000000000000e+00
0.000000000000000000e+00
0.000000000000000000e+00
1.190107390414141264e-08
0.000000000000000000e+00
0.000000000000000000e+00
0.000000000000000000e+00
0.000000000000000000e+00
0.000000000000000000e+00
0.000000000000000000e+00
0.000000000000000000e+00
0.000000000000000000e+00
0.000000000000000000e+00
0.000000000000000000e+00
0.000000000000000000e+00
2.673844756717613791e-10
0.000000000000000000e+00
0.000000000000000000e+00
9.133189315946310671e-09
0.000000000000000000e+00
0.000000000000000000e+00
2.057167236557688739e-08
0.000000000000000000e+00
5.284472859301558856e-09
0.000000000000000000e+00
6.588340397684078198e-07
0.000000000000000000e+00
0.000000000000000000e+00
1.737949673064065337e-09
0.000000000000000000e+00
0.000000000000000000e+00
0.000000000000000000e+00
0.000000000000000000e+00
0.000000000000000000e+00
0.000000000000000000e+00
0.000000000000000000e+00
0.000000000000000000e+00
0.000000000000000000e+00
0.000000000000000000e+00
6.152097853373561520e-08
0.000000000000000000e+00
6.295014509660745716e-11
0.000000000000000000e+00
0.000000000000000000e+00
2.563016465728651383e-09
0.000000000000000000e+00
1.579956148134442628e-07
8.076060709072407917e-08
3.328719744288832771e-09
0.000000000000000000e+00
0.000000000000000000e+00
0.000000000000000000e+00
1.056601206528284820e-07
9.947809758159564808e-07
1.868004861904637437e-09
7.125064427349059315e-12
0.000000000000000000e+00
0.000000000000000000e+00
0.000000000000000000e+00
0.000000000000000000e+00
0.000000000000000000e+00
0.000000000000000000e+00
0.000000000000000000e+00
0.000000000000000000e+00
0.000000000000000000e+00
0.000000000000000000e+00
0.000000000000000000e+00
3.670694193047552289e-09
3.870768594538276375e-09
0.000000000000000000e+00
0.000000000000000000e+00
0.000000000000000000e+00
0.000000000000000000e+00
0.000000000000000000e+00
6.703652744022292609e-09
1.219086359638410499e-10
0.000000000000000000e+00
0.000000000000000000e+00
0.000000000000000000e+00
1.786755660759808961e-06
3.585717278653532958e-09
2.151499600699935399e-08
0.000000000000000000e+00
0.000000000000000000e+00
0.000000000000000000e+00
2.398671261616414085e-09
0.000000000000000000e+00
0.000000000000000000e+00
0.000000000000000000e+00
4.187493686913512647e-06
0.000000000000000000e+00
1.136421512448748672e-10
2.394940024075253859e-09
9.100644859927342623e-08
7.645009070245123439e-09
2.004947319278471696e-08
7.914574950973474188e-08
1.186606923830879623e-10
8.871762768869473348e-10
0.000000000000000000e+00
1.837059357967518736e-07
1.752048888192803133e-06
5.944816905412153574e-08
8.735782444091455545e-07
1.486469045630656183e-06
0.000000000000000000e+00
9.767524566939300712e-10
7.506955768121770234e-08
8.892617984201933723e-07
3.976762030788449920e-08
3.244672974744844396e-09
4.228095651370722408e-09
5.287825999289452739e-08
3.714853535896622816e-09
1.741866384463719442e-07
1.650061420832571457e-07
9.944345791268460744e-09
1.152826811789964268e-08
9.766616813067230396e-07
6.286606235583747093e-10
1.825819162526443051e-09
6.943157870864524739e-08
0.000000000000000000e+00
5.333989694378260538e-09
0.000000000000000000e+00
1.957823592135810031e-08
1.144447765000222716e-06
0.000000000000000000e+00
0.000000000000000000e+00
2.902159401685366902e-08
0.000000000000000000e+00
7.370137389273168083e-09
0.000000000000000000e+00
1.103535218760498537e-08
1.435496130852698116e-07
0.000000000000000000e+00
6.414696329670732666e-09
9.906534259584987012e-09
1.586254029461997561e-06
0.000000000000000000e+00
3.970257012042566203e-09
0.000000000000000000e+00
9.227591135640977882e-09
0.000000000000000000e+00
6.596368850447786869e-12
4.322540991807954924e-09
0.000000000000000000e+00
1.448205324550144724e-07
0.000000000000000000e+00
0.000000000000000000e+00
0.000000000000000000e+00
0.000000000000000000e+00
0.000000000000000000e+00
0.000000000000000000e+00
0.000000000000000000e+00
0.000000000000000000e+00
0.000000000000000000e+00
3.969164552586335049e-09
0.000000000000000000e+00
0.000000000000000000e+00
0.000000000000000000e+00
0.000000000000000000e+00
6.230099335730043819e-12
0.000000000000000000e+00
0.000000000000000000e+00
0.000000000000000000e+00
0.000000000000000000e+00
0.000000000000000000e+00
0.000000000000000000e+00
4.633437189482947360e-09
0.000000000000000000e+00
0.000000000000000000e+00
0.000000000000000000e+00
0.000000000000000000e+00
0.000000000000000000e+00
0.000000000000000000e+00
0.000000000000000000e+00
0.000000000000000000e+00
0.000000000000000000e+00
2.477370086850783082e-09
0.000000000000000000e+00
0.000000000000000000e+00
0.000000000000000000e+00
0.000000000000000000e+00
0.000000000000000000e+00
0.000000000000000000e+00
0.000000000000000000e+00
0.000000000000000000e+00
0.000000000000000000e+00
0.000000000000000000e+00
5.117662293940838936e-09
0.000000000000000000e+00
0.000000000000000000e+00
0.000000000000000000e+00
0.000000000000000000e+00
0.000000000000000000e+00
0.000000000000000000e+00
0.000000000000000000e+00
0.000000000000000000e+00
0.000000000000000000e+00
0.000000000000000000e+00
0.000000000000000000e+00
1.169495278396937010e-09
1.292851492529223378e-09
5.057175123113211157e-09
4.179251167357733721e-09
0.000000000000000000e+00
0.000000000000000000e+00
9.450429772073221102e-09
8.707566223620233359e-09
5.396852964523191076e-10
9.641158982276465395e-09
4.199127268122992973e-09
0.000000000000000000e+00
0.000000000000000000e+00
1.256272308403083571e-10
0.000000000000000000e+00
0.000000000000000000e+00
0.000000000000000000e+00
0.000000000000000000e+00
0.000000000000000000e+00
0.000000000000000000e+00
0.000000000000000000e+00
7.557392045498545485e-09
0.000000000000000000e+00
8.540911977661380661e-09
6.919301243080155928e-10
0.000000000000000000e+00
5.624358617728475451e-12
0.000000000000000000e+00
1.695371620868968421e-09
0.000000000000000000e+00
0.000000000000000000e+00
0.000000000000000000e+00
0.000000000000000000e+00
0.000000000000000000e+00
0.000000000000000000e+00
0.000000000000000000e+00
0.000000000000000000e+00
0.000000000000000000e+00
0.000000000000000000e+00
0.000000000000000000e+00
6.356499770987511511e-09
2.441061326408089371e-07
0.000000000000000000e+00
0.000000000000000000e+00
0.000000000000000000e+00
0.000000000000000000e+00
0.000000000000000000e+00
0.000000000000000000e+00
1.228593227153851331e-08
6.113277245534121107e-11
5.244920942004682729e-09
1.015132369275306701e-07
0.000000000000000000e+00
5.760863341919275626e-09
1.209413458269636976e-09
9.990153557737357914e-07
3.019252758917900792e-08
1.929185700078051013e-09
2.390290319453924894e-06
2.436624527035746723e-06
8.063363452492922079e-07
4.742994885731377508e-09
9.855851885731681250e-07
3.807613424555711390e-08
0.000000000000000000e+00
9.037348718266002834e-07
0.000000000000000000e+00
8.183934596672770567e-08
7.821780627637053840e-07
1.075675992723290619e-08
7.940710844422937953e-08
2.025139025363387191e-07
9.911472531598519708e-09
1.100727402558732138e-07
3.125409975268667040e-08
6.851853981970634777e-07
5.392814528271117069e-10
2.216661521003970847e-09
6.830029519733216148e-08
3.307853102541002954e-09
6.002987884556887366e-09
5.092748978086092393e-08
0.000000000000000000e+00
7.029826054605337049e-09
5.350404990167589858e-07
5.342977615896415955e-08
8.020122663765505422e-07
0.000000000000000000e+00
3.196066344912651402e-08
0.000000000000000000e+00
1.542234485896187834e-06
3.349677513142523821e-08
0.000000000000000000e+00
0.000000000000000000e+00
3.723801711430496653e-09
0.000000000000000000e+00
0.000000000000000000e+00
7.843725668976730958e-09
0.000000000000000000e+00
1.343280899845922249e-07
3.621265776132531755e-08
0.000000000000000000e+00
2.891832107110303696e-09
0.000000000000000000e+00
3.383535158718586899e-07
0.000000000000000000e+00
8.816949836898402282e-09
0.000000000000000000e+00
5.811831726987293223e-08
0.000000000000000000e+00
1.185591145258513279e-06
0.000000000000000000e+00
9.091963835451688514e-13
0.000000000000000000e+00
0.000000000000000000e+00
6.075021374840616772e-09
2.780059276119573042e-06
0.000000000000000000e+00
5.291959578879179560e-11
2.314487801413633861e-06
6.954135045589282527e-09
0.000000000000000000e+00
0.000000000000000000e+00
0.000000000000000000e+00
7.353087472239394629e-09
0.000000000000000000e+00
0.000000000000000000e+00
0.000000000000000000e+00
0.000000000000000000e+00
0.000000000000000000e+00
0.000000000000000000e+00
0.000000000000000000e+00
1.704091645571281788e-09
0.000000000000000000e+00
0.000000000000000000e+00
0.000000000000000000e+00
6.686322961968471645e-08
0.000000000000000000e+00
0.000000000000000000e+00
7.767938541292096488e-07
0.000000000000000000e+00
1.444974279118937943e-10
0.000000000000000000e+00
1.703593710544737405e-09
0.000000000000000000e+00
0.000000000000000000e+00
0.000000000000000000e+00
0.000000000000000000e+00
0.000000000000000000e+00
2.624053863087283389e-09
0.000000000000000000e+00
0.000000000000000000e+00
1.523474324471862928e-08
1.505996105599649582e-09
0.000000000000000000e+00
1.748567846071580334e-09
0.000000000000000000e+00
0.000000000000000000e+00
5.159672689103445009e-11
0.000000000000000000e+00
0.000000000000000000e+00
1.757441636662804285e-09
0.000000000000000000e+00
0.000000000000000000e+00
0.000000000000000000e+00
0.000000000000000000e+00
0.000000000000000000e+00
0.000000000000000000e+00
0.000000000000000000e+00
0.000000000000000000e+00
1.461887277898199500e-09
9.413901658206214051e-09
9.684147705968371156e-09
0.000000000000000000e+00
0.000000000000000000e+00
0.000000000000000000e+00
1.599721599632175639e-06
0.000000000000000000e+00
4.338749590715451632e-07
0.000000000000000000e+00
3.636128342865418972e-10
0.000000000000000000e+00
0.000000000000000000e+00
1.913796552344138036e-07
1.853721087741178053e-08
0.000000000000000000e+00
0.000000000000000000e+00
9.059285588364218711e-08
1.031031615639221855e-06
0.000000000000000000e+00
1.391180920462531390e-10
0.000000000000000000e+00
0.000000000000000000e+00
8.716212818171698018e-08
0.000000000000000000e+00
8.170072257618343770e-11
5.764492772009077726e-10
0.000000000000000000e+00
0.000000000000000000e+00
0.000000000000000000e+00
5.914548850682876946e-09
0.000000000000000000e+00
0.000000000000000000e+00
0.000000000000000000e+00
0.000000000000000000e+00
0.000000000000000000e+00
3.054231001442531124e-08
0.000000000000000000e+00
2.430754209026275703e-10
9.806218059793536668e-10
0.000000000000000000e+00
1.764090873379586810e-09
0.000000000000000000e+00
2.016117939263040171e-09
2.837363233254563966e-09
1.188802616525208578e-05
3.311338048206380336e-07
5.389127863963949494e-07
6.396098761740631744e-09
1.535014226838882223e-09
1.649426040195578480e-09
7.463184736877792602e-09
1.597704329947546853e-10
3.665243752948299516e-07
0.000000000000000000e+00
6.836605734861223027e-07
1.774527608189302441e-10
8.747653623686346691e-08
4.263308710505953059e-07
2.622524863937769624e-09
1.966739802128358861e-07
1.387494847904235939e-07
3.121468361566570593e-10
2.344145322297208622e-08
0.000000000000000000e+00
6.346521672639937606e-07
3.760168620914328130e-09
9.630634956181438611e-09
0.000000000000000000e+00
1.296856225962983444e-06
7.579123106893348449e-09
2.991461300894115993e-08
1.425210260919129723e-08
6.315262908174190670e-07
1.602275112588813499e-08
1.311067682370492538e-12
3.574287088525807121e-09
1.714766884042262518e-09
2.983578384352369994e-10
2.905537588304696328e-09
2.651446173729254951e-09
2.537428045457090775e-10
0.000000000000000000e+00
7.756505056022433564e-07
1.346633560217469494e-08
4.304596643578406656e-07
5.253908952340680116e-08
0.000000000000000000e+00
0.000000000000000000e+00
0.000000000000000000e+00
3.847810887691593962e-07
9.928691646621246036e-09
0.000000000000000000e+00
0.000000000000000000e+00
0.000000000000000000e+00
2.733255222153729846e-08
1.282421862924820744e-06
5.799734594802430365e-07
1.454508691267619724e-08
0.000000000000000000e+00
0.000000000000000000e+00
1.022149298535168782e-08
0.000000000000000000e+00
1.060323739920931985e-07
0.000000000000000000e+00
0.000000000000000000e+00
0.000000000000000000e+00
0.000000000000000000e+00
0.000000000000000000e+00
0.000000000000000000e+00
0.000000000000000000e+00
0.000000000000000000e+00
0.000000000000000000e+00
0.000000000000000000e+00
0.000000000000000000e+00
4.467695902121704421e-08
4.658022021430952009e-07
0.000000000000000000e+00
0.000000000000000000e+00
0.000000000000000000e+00
1.789068115876091269e-09
1.318397391258940843e-09
1.095249668736641979e-09
7.004307800428932751e-09
9.291657998566904553e-10
2.110821961665010349e-09
9.038518822279684173e-10
9.973916803573956713e-09
8.036320740811842001e-12
0.000000000000000000e+00
0.000000000000000000e+00
8.058090195106615283e-09
4.653733398640724772e-09
7.519168576664014836e-08
5.660832869125442812e-08
2.918396262430178467e-07
0.000000000000000000e+00
8.778552995636346168e-09
0.000000000000000000e+00
0.000000000000000000e+00
0.000000000000000000e+00
1.404725336051626527e-09
3.087351885255884554e-08
7.547018023544571630e-13
0.000000000000000000e+00
4.570283707039379806e-08
0.000000000000000000e+00
0.000000000000000000e+00
0.000000000000000000e+00
0.000000000000000000e+00
3.998616548983591201e-09
2.156943992304150015e-07
3.215844701642822656e-09
0.000000000000000000e+00
0.000000000000000000e+00
0.000000000000000000e+00
0.000000000000000000e+00
0.000000000000000000e+00
2.793040039250627160e-07
3.216605315436993351e-10
0.000000000000000000e+00
4.778036633013016399e-09
5.268705649541516323e-07
1.025540768750943244e-06
5.084440999780781567e-06
7.790122991124803775e-10
6.438116262330595418e-09
1.325938001173199154e-06
1.111380409923867774e-08
2.884266381286693104e-09
1.848298936124592728e-08
0.000000000000000000e+00
0.000000000000000000e+00
7.436067903654475231e-07
4.533320385746719694e-09
2.125057996238410851e-08
3.988822300016181543e-06
1.000272398243851057e-08
0.000000000000000000e+00
4.347943104221485555e-06
1.567348704156756867e-07
1.314290676290852389e-09
6.535169294608067503e-09
2.156242118189766188e-08
3.258901131175662158e-07
2.200243898187181912e-07
9.585051685689904843e-08
4.668611452984805510e-08
2.050624337002204811e-09
2.321807635041750473e-08
8.398082229632564122e-09
2.189951775477538831e-09
4.315444925850897562e-07
5.338564506018883549e-07
2.164876491406175774e-07
3.101437995312039675e-09
2.656559860980678422e-09
5.555182980288009276e-08
1.611108046972731245e-08
8.292007080967778165e-09
1.154421624960377812e-06
0.000000000000000000e+00
1.514951897263472347e-08
3.466325324552599341e-07
7.740956675661436748e-08
1.209162405757524539e-06
0.000000000000000000e+00
0.000000000000000000e+00
1.537891236580435361e-08
0.000000000000000000e+00
9.445346904612961225e-08
2.112189889658111497e-08
4.141514637012733147e-06
0.000000000000000000e+00
0.000000000000000000e+00
0.000000000000000000e+00
0.000000000000000000e+00
0.000000000000000000e+00
0.000000000000000000e+00
0.000000000000000000e+00
0.000000000000000000e+00
0.000000000000000000e+00
0.000000000000000000e+00
8.863310085871489719e-09
0.000000000000000000e+00
0.000000000000000000e+00
0.000000000000000000e+00
0.000000000000000000e+00
0.000000000000000000e+00
0.000000000000000000e+00
0.000000000000000000e+00
0.000000000000000000e+00
7.678995928017684491e-08
3.516402813374952530e-08
0.000000000000000000e+00
0.000000000000000000e+00
0.000000000000000000e+00
0.000000000000000000e+00
6.574973454576138465e-09
0.000000000000000000e+00
0.000000000000000000e+00
0.000000000000000000e+00
0.000000000000000000e+00
0.000000000000000000e+00
0.000000000000000000e+00
0.000000000000000000e+00
0.000000000000000000e+00
0.000000000000000000e+00
0.000000000000000000e+00
0.000000000000000000e+00
2.165315482471896757e-09
0.000000000000000000e+00
0.000000000000000000e+00
0.000000000000000000e+00
0.000000000000000000e+00
0.000000000000000000e+00
0.000000000000000000e+00
0.000000000000000000e+00
1.425606854787986322e-09
0.000000000000000000e+00
0.000000000000000000e+00
0.000000000000000000e+00
9.431992076258666202e-09
0.000000000000000000e+00
0.000000000000000000e+00
0.000000000000000000e+00
0.000000000000000000e+00
0.000000000000000000e+00
0.000000000000000000e+00
0.000000000000000000e+00
0.000000000000000000e+00
0.000000000000000000e+00
0.000000000000000000e+00
0.000000000000000000e+00
0.000000000000000000e+00
0.000000000000000000e+00
0.000000000000000000e+00
0.000000000000000000e+00
0.000000000000000000e+00
0.000000000000000000e+00
0.000000000000000000e+00
0.000000000000000000e+00
0.000000000000000000e+00
0.000000000000000000e+00
0.000000000000000000e+00
0.000000000000000000e+00
0.000000000000000000e+00
0.000000000000000000e+00
0.000000000000000000e+00
0.000000000000000000e+00
0.000000000000000000e+00
0.000000000000000000e+00
0.000000000000000000e+00
0.000000000000000000e+00
0.000000000000000000e+00
0.000000000000000000e+00
0.000000000000000000e+00
0.000000000000000000e+00
0.000000000000000000e+00
4.114271590083262709e-09
0.000000000000000000e+00
0.000000000000000000e+00
0.000000000000000000e+00
1.352283823113920036e-11
0.000000000000000000e+00
0.000000000000000000e+00
0.000000000000000000e+00
0.000000000000000000e+00
2.037150714784274896e-08
0.000000000000000000e+00
9.014273771867920004e-09
0.000000000000000000e+00
1.420118422856830875e-08
0.000000000000000000e+00
0.000000000000000000e+00
0.000000000000000000e+00
4.989374247088562697e-09
0.000000000000000000e+00
0.000000000000000000e+00
7.211478636470758374e-10
0.000000000000000000e+00
0.000000000000000000e+00
0.000000000000000000e+00
0.000000000000000000e+00
0.000000000000000000e+00
0.000000000000000000e+00
0.000000000000000000e+00
0.000000000000000000e+00
5.901392707841068841e-10
0.000000000000000000e+00
0.000000000000000000e+00
0.000000000000000000e+00
0.000000000000000000e+00
0.000000000000000000e+00
2.384063257920843171e-08
0.000000000000000000e+00
0.000000000000000000e+00
0.000000000000000000e+00
0.000000000000000000e+00
0.000000000000000000e+00
0.000000000000000000e+00
0.000000000000000000e+00
1.299752909744711360e-07
3.838635631581155394e-09
0.000000000000000000e+00
5.455098062157048844e-08
0.000000000000000000e+00
0.000000000000000000e+00
8.476640223076259417e-11
0.000000000000000000e+00
0.000000000000000000e+00
0.000000000000000000e+00
0.000000000000000000e+00
0.000000000000000000e+00
0.000000000000000000e+00
0.000000000000000000e+00
1.432769725084881429e-08
0.000000000000000000e+00
0.000000000000000000e+00
0.000000000000000000e+00
0.000000000000000000e+00
0.000000000000000000e+00
0.000000000000000000e+00
1.506758467995084061e-10
0.000000000000000000e+00
0.000000000000000000e+00
0.000000000000000000e+00
0.000000000000000000e+00
0.000000000000000000e+00
6.399770713372276987e-10
4.028921640752969324e-09
9.887444640810372221e-09
9.233862670043890830e-07
3.550543169694719836e-06
2.376910117618535878e-07
7.633298793052745168e-08
1.753006415583513444e-07
3.720755614722293103e-08
6.541480246369246743e-08
3.037366411717812298e-07
3.888535786700231256e-07
1.090866597053263831e-08
1.438488350657962656e-08
2.450630063322023489e-07
0.000000000000000000e+00
5.108042433477066879e-09
2.079368215390786645e-07
1.051398168527839516e-08
9.517933663438782332e-11
0.000000000000000000e+00
1.303033059230074286e-05
7.977820182247796765e-09
1.401208732376701960e-10
4.276567366900962952e-08
5.183786733198303409e-09
1.675081904295439017e-07
2.290513556602036260e-09
1.572369797031569760e-06
5.639681166513810240e-09
1.593566139490576461e-06
5.798482249907976893e-10
9.184882401314098388e-07
1.562589915238277172e-07
1.899534254334867001e-07
1.495322088373995939e-08
1.598783256895330851e-07
7.817975529178511351e-07
1.047751183591572044e-07
6.915261252515847445e-08
7.670173829410487087e-09
7.323790462976376148e-09
0.000000000000000000e+00
0.000000000000000000e+00
5.307231987217164715e-09
1.152574213847401552e-06
0.000000000000000000e+00
1.051478570879282870e-09
5.130702334099623840e-07
1.049958431309505613e-08
1.443469965778376718e-08
7.085652620197890883e-10
4.761228564187369727e-11
1.303442631606088753e-10
8.283183583479569734e-10
2.030736023783674682e-09
1.340481836642481994e-09
9.322366167907603085e-06
6.302367072663628278e-09
1.372281732692215428e-09
5.426071325587145111e-08
5.209440878672921826e-09
0.000000000000000000e+00
0.000000000000000000e+00
1.699125701248860310e-10
3.276319660017179558e-08
2.815759501118009211e-07
4.743408443808050379e-11
4.880569122178712860e-07
2.000355607378878631e-06
2.363302262220479122e-11
0.000000000000000000e+00
0.000000000000000000e+00
0.000000000000000000e+00
0.000000000000000000e+00
0.000000000000000000e+00
0.000000000000000000e+00
0.000000000000000000e+00
1.997688903188077347e-09
0.000000000000000000e+00
0.000000000000000000e+00
1.084529532846545408e-08
0.000000000000000000e+00
0.000000000000000000e+00
1.121350214816629887e-05
0.000000000000000000e+00
0.000000000000000000e+00
0.000000000000000000e+00
0.000000000000000000e+00
0.000000000000000000e+00
0.000000000000000000e+00
0.000000000000000000e+00
0.000000000000000000e+00
3.755342703470887500e-09
0.000000000000000000e+00
0.000000000000000000e+00
0.000000000000000000e+00
0.000000000000000000e+00
5.709151817967494935e-09
0.000000000000000000e+00
3.053667985142283214e-09
0.000000000000000000e+00
0.000000000000000000e+00
6.421193354810839082e-09
0.000000000000000000e+00
0.000000000000000000e+00
0.000000000000000000e+00
0.000000000000000000e+00
0.000000000000000000e+00
5.136862046839496543e-09
0.000000000000000000e+00
0.000000000000000000e+00
0.000000000000000000e+00
1.642017544156715303e-08
3.986265184607873380e-08
1.281690725773998452e-10
2.674594989926504240e-09
1.429546370168566227e-09
7.809970448136027699e-09
4.882570348030412788e-09
2.859178822520180852e-12
0.000000000000000000e+00
1.916563158177453374e-10
0.000000000000000000e+00
0.000000000000000000e+00
0.000000000000000000e+00
2.159504930432376568e-07
1.700801419701747363e-07
0.000000000000000000e+00
0.000000000000000000e+00
0.000000000000000000e+00
1.420479289748755036e-08
0.000000000000000000e+00
0.000000000000000000e+00
7.802338330975544523e-09
0.000000000000000000e+00
0.000000000000000000e+00
0.000000000000000000e+00
7.317203731815880019e-09
0.000000000000000000e+00
2.271455379343478853e-08
3.971716751038911752e-07
0.000000000000000000e+00
0.000000000000000000e+00
0.000000000000000000e+00
0.000000000000000000e+00
0.000000000000000000e+00
0.000000000000000000e+00
0.000000000000000000e+00
0.000000000000000000e+00
1.621405317564494908e-06
6.943405406190095164e-09
5.482264242573364754e-08
9.443589021884690737e-09
1.462423182552186063e-09
4.031598166420735652e-08
2.743606675181808896e-09
1.562079887662548572e-06
1.804698168683671611e-09
1.165225427257610136e-07
3.402738286695239367e-07
9.178200421899873618e-09
7.986223238276579650e-09
1.346453615269638249e-07
3.021715883733122610e-06
2.035174730963262846e-07
3.895765932071526549e-09
2.927184894474521570e-08
1.147057004935447821e-09
7.035849236558533448e-09
6.018238685179255754e-10
2.655836794929200551e-08
3.274179860568438016e-08
5.027013916247824454e-09
3.788881741684235749e-08
8.106550153375025047e-12
2.093141574732726440e-06
0.000000000000000000e+00
1.157937276730081066e-06
1.300409735449647997e-06
2.541753474361030385e-10
1.624816405865203706e-07
6.331571000828262186e-08
2.269392851417251222e-08
1.083001961887930520e-06
7.322189503611298278e-06
1.442089825332004693e-07
4.165763567431923775e-10
1.119111292524621604e-08
1.224885181727586314e-06
6.704966359905029094e-09
4.225827243686808288e-09
5.889861043328892265e-09
3.114688285066335993e-09
1.536797911150245000e-09
3.622168094352673506e-07
5.941557219557580538e-07
3.882187460391151035e-09
0.000000000000000000e+00
3.811070903303459545e-11
5.929117605774081312e-07
2.906949703174177557e-08
0.000000000000000000e+00
0.000000000000000000e+00
0.000000000000000000e+00
2.008694544031186524e-09
0.000000000000000000e+00
0.000000000000000000e+00
1.411858008282251831e-08
0.000000000000000000e+00
3.510328099309845129e-07
0.000000000000000000e+00
5.797809308205614798e-07
6.410464159500861570e-09
0.000000000000000000e+00
6.229336602103785481e-09
0.000000000000000000e+00
0.000000000000000000e+00
0.000000000000000000e+00
0.000000000000000000e+00
0.000000000000000000e+00
1.443926407773687970e-06
8.109975802028657199e-09
0.000000000000000000e+00
5.692585617299295020e-13
0.000000000000000000e+00
0.000000000000000000e+00
2.308897961711409152e-09
0.000000000000000000e+00
0.000000000000000000e+00
0.000000000000000000e+00
2.477946736689773388e-06
0.000000000000000000e+00
0.000000000000000000e+00
0.000000000000000000e+00
0.000000000000000000e+00
1.754332568104643997e-09
0.000000000000000000e+00
0.000000000000000000e+00
0.000000000000000000e+00
0.000000000000000000e+00
0.000000000000000000e+00
0.000000000000000000e+00
0.000000000000000000e+00
0.000000000000000000e+00
0.000000000000000000e+00
0.000000000000000000e+00
0.000000000000000000e+00
0.000000000000000000e+00
0.000000000000000000e+00
0.000000000000000000e+00
0.000000000000000000e+00
0.000000000000000000e+00
0.000000000000000000e+00
0.000000000000000000e+00
0.000000000000000000e+00
0.000000000000000000e+00
0.000000000000000000e+00
0.000000000000000000e+00
0.000000000000000000e+00
0.000000000000000000e+00
0.000000000000000000e+00
0.000000000000000000e+00
0.000000000000000000e+00
0.000000000000000000e+00
0.000000000000000000e+00
0.000000000000000000e+00
1.709677519556862535e-07
0.000000000000000000e+00
0.000000000000000000e+00
0.000000000000000000e+00
0.000000000000000000e+00
0.000000000000000000e+00
0.000000000000000000e+00
0.000000000000000000e+00
0.000000000000000000e+00
0.000000000000000000e+00
0.000000000000000000e+00
2.685056585960410303e-07
0.000000000000000000e+00
0.000000000000000000e+00
4.466443659367769214e-09
1.230574392385719307e-10
0.000000000000000000e+00
0.000000000000000000e+00
0.000000000000000000e+00
0.000000000000000000e+00
0.000000000000000000e+00
0.000000000000000000e+00
0.000000000000000000e+00
1.809276617414923294e-10
0.000000000000000000e+00
0.000000000000000000e+00
0.000000000000000000e+00
0.000000000000000000e+00
0.000000000000000000e+00
0.000000000000000000e+00
7.641033761274229619e-08
0.000000000000000000e+00
0.000000000000000000e+00
0.000000000000000000e+00
0.000000000000000000e+00
0.000000000000000000e+00
0.000000000000000000e+00
6.841719968342374614e-10
1.059970236583218650e-10
0.000000000000000000e+00
0.000000000000000000e+00
0.000000000000000000e+00
0.000000000000000000e+00
0.000000000000000000e+00
0.000000000000000000e+00
0.000000000000000000e+00
0.000000000000000000e+00
0.000000000000000000e+00
0.000000000000000000e+00
0.000000000000000000e+00
0.000000000000000000e+00
1.190786247384778562e-09
0.000000000000000000e+00
0.000000000000000000e+00
0.000000000000000000e+00
0.000000000000000000e+00
0.000000000000000000e+00
7.235827492735324995e-09
2.107426944064627605e-08
0.000000000000000000e+00
0.000000000000000000e+00
0.000000000000000000e+00
2.220615774595202652e-10
1.897706880527039175e-09
3.312393415111358763e-10
3.743093075075920595e-13
1.200845672899575334e-10
5.844214001626824029e-09
0.000000000000000000e+00
0.000000000000000000e+00
1.272189575907134440e-09
0.000000000000000000e+00
2.829010803395703988e-09
0.000000000000000000e+00
3.483106070234498475e-08
0.000000000000000000e+00
0.000000000000000000e+00
2.781181080990791088e-07
0.000000000000000000e+00
2.968708301409606065e-08
4.914884943474362444e-09
0.000000000000000000e+00
0.000000000000000000e+00
0.000000000000000000e+00
0.000000000000000000e+00
0.000000000000000000e+00
0.000000000000000000e+00
0.000000000000000000e+00
0.000000000000000000e+00
0.000000000000000000e+00
0.000000000000000000e+00
0.000000000000000000e+00
0.000000000000000000e+00
4.278556953174472710e-10
2.508446073079539929e-08
0.000000000000000000e+00
0.000000000000000000e+00
8.961669628604340687e-09
0.000000000000000000e+00
0.000000000000000000e+00
0.000000000000000000e+00
2.965818737266090466e-07
0.000000000000000000e+00
2.684124567053913779e-08
0.000000000000000000e+00
0.000000000000000000e+00
0.000000000000000000e+00
8.309352650393009299e-10
0.000000000000000000e+00
1.193312115788103256e-11
8.155301323142793990e-09
2.250923669677717953e-09
1.674535354823092348e-08
3.414811322599575760e-09
3.425808081658487936e-09
2.344633820428043691e-09
5.217106391341985727e-08
0.000000000000000000e+00
9.652869614740211546e-10
4.125201957805302300e-09
3.742561816011402698e-09
5.381215917310555596e-09
8.887778513155808469e-09
0.000000000000000000e+00
0.000000000000000000e+00
5.680382741957146209e-08
2.509062957400942651e-09
2.146055635421362240e-07
1.467967933876934694e-07
7.903700804945401615e-09
5.757762551183986943e-07
1.740573551956003939e-08
6.677681199107610155e-07
2.594403447631066228e-08
6.094825266700354405e-08
5.952780046669658987e-09
9.127519851048759847e-10
5.731242325168750540e-08
3.325752686578198336e-07
5.385946355573878463e-09
3.936477696697693318e-06
2.305930735246874974e-07
7.130697667889762670e-06
9.332062944622521172e-08
1.984124331499970140e-08
2.711834383717359742e-07
1.228979695788723348e-10
0.000000000000000000e+00
1.221324481548435870e-07
0.000000000000000000e+00
1.761488555018786428e-08
4.257153136677516159e-07
2.353875139249339554e-08
8.970612697112301248e-09
1.673111711397723411e-07
2.033057171502150595e-07
8.524741801352320181e-09
1.982841013159486465e-06
8.417403023486258462e-07
4.536727882253899224e-09
3.734564213431212920e-09
0.000000000000000000e+00
4.107402560293849092e-07
2.436257773297256790e-08
6.198774382681904171e-09
2.199284310222537897e-09
8.262395567726343870e-08
1.152484287558763754e-06
0.000000000000000000e+00
1.546345202996235457e-07
0.000000000000000000e+00
2.355617390037423320e-08
0.000000000000000000e+00
0.000000000000000000e+00
5.331093788640828279e-09
1.028140794723242379e-09
1.622114496058202349e-07
4.908967898842320210e-09
2.494728050805861130e-07
3.563980444099001943e-09
3.423022008064435795e-06
0.000000000000000000e+00
2.593118428317886526e-11
1.069374699902425618e-09
0.000000000000000000e+00
0.000000000000000000e+00
0.000000000000000000e+00
0.000000000000000000e+00
5.089604201202746481e-06
1.437553098782018424e-08
0.000000000000000000e+00
0.000000000000000000e+00
0.000000000000000000e+00
0.000000000000000000e+00
0.000000000000000000e+00
0.000000000000000000e+00
0.000000000000000000e+00
0.000000000000000000e+00
3.643054213853247347e-08
1.877593636123719989e-09
0.000000000000000000e+00
0.000000000000000000e+00
0.000000000000000000e+00
0.000000000000000000e+00
0.000000000000000000e+00
0.000000000000000000e+00
0.000000000000000000e+00
0.000000000000000000e+00
3.489925681776639976e-09
1.739789468047092669e-08
0.000000000000000000e+00
0.000000000000000000e+00
0.000000000000000000e+00
0.000000000000000000e+00
0.000000000000000000e+00
0.000000000000000000e+00
0.000000000000000000e+00
0.000000000000000000e+00
0.000000000000000000e+00
0.000000000000000000e+00
0.000000000000000000e+00
0.000000000000000000e+00
0.000000000000000000e+00
0.000000000000000000e+00
0.000000000000000000e+00
0.000000000000000000e+00
0.000000000000000000e+00
0.000000000000000000e+00
0.000000000000000000e+00
0.000000000000000000e+00
0.000000000000000000e+00
0.000000000000000000e+00
0.000000000000000000e+00
1.705539709462300380e-08
4.504643058567125991e-08
1.198455334971981756e-09
5.990149265500122056e-09
1.386433950756327249e-06
1.516280850877294029e-10
3.478369814402526572e-10
0.000000000000000000e+00
6.276546393735316087e-09
0.000000000000000000e+00
0.000000000000000000e+00
7.455158268498962570e-09
0.000000000000000000e+00
1.548882577750987366e-09
1.121521098212951983e-09
1.066422861129012745e-08
0.000000000000000000e+00
0.000000000000000000e+00
0.000000000000000000e+00
1.081504930056098601e-08
2.658921118836587993e-07
0.000000000000000000e+00
0.000000000000000000e+00
6.206738589753513224e-07
1.094992629901980763e-08
0.000000000000000000e+00
1.209063611895544454e-06
0.000000000000000000e+00
1.137982508225832134e-06
0.000000000000000000e+00
6.102363947491085128e-09
1.382631786839283450e-09
0.000000000000000000e+00
4.706858902636668063e-08
0.000000000000000000e+00
4.495657535130703764e-08
3.081674915250687263e-09
0.000000000000000000e+00
0.000000000000000000e+00
3.233954076753420281e-11
7.712460114994712512e-10
0.000000000000000000e+00
0.000000000000000000e+00
0.000000000000000000e+00
0.000000000000000000e+00
0.000000000000000000e+00
0.000000000000000000e+00
3.342892407331987670e-09
1.914296943184012889e-09
3.305413276422086710e-09
6.755612389497400727e-07
5.628238763932813526e-09
1.247380643221163155e-09
5.775913436423252278e-08
5.121349566650224006e-09
1.470929333891035640e-08
1.311781083757068700e-08
4.074174775325900555e-09
1.547694861159243374e-09
7.692360637356898678e-11
5.971148464567477276e-09
2.654781061650623997e-09
1.218683536308162729e-07
1.717757136532327422e-08
1.660018789095829561e-08
1.224122053722354053e-10
3.689215322122407770e-10
2.698290757496835113e-10
0.000000000000000000e+00
2.205704952018550102e-08
0.000000000000000000e+00
1.178699562842666637e-06
3.786610420775105013e-07
4.653940788301724751e-09
6.755741743802445853e-09
1.484054101830167838e-09
9.012355803861282766e-07
6.251581226024427451e-07
3.877642484440002590e-06
2.693413669874189509e-08
2.832643986039329320e-07
3.919370428207002988e-08
1.443291264280333053e-08
3.297782313893549144e-08
1.951451977788565273e-08
1.660416387494478840e-06
3.898274480995667091e-10
1.084485745650454191e-08
5.514288678454271064e-11
1.502427977584375185e-07
8.001534546053790109e-09
4.296121858260448789e-08
3.146643393847625703e-06
0.000000000000000000e+00
1.504587565648307645e-09
4.278937808521732222e-07
0.000000000000000000e+00
3.061050790620356565e-07
3.552845517784675167e-10
0.000000000000000000e+00
6.818854814127917052e-09
4.547388243736349978e-08
1.561368321745248977e-06
2.732895909574040161e-09
0.000000000000000000e+00
6.428723509088740684e-08
5.078411504655377939e-07
5.841510386517256848e-09
1.029849183709075078e-08
0.000000000000000000e+00
5.609153586050297235e-09
3.042630591920669758e-09
0.000000000000000000e+00
0.000000000000000000e+00
0.000000000000000000e+00
0.000000000000000000e+00
0.000000000000000000e+00
8.415296237629377174e-10
2.531454212917338964e-10
1.517787495686206967e-08
1.813802214201132301e-06
9.340509699029553303e-09
0.000000000000000000e+00
0.000000000000000000e+00
1.970657876881887205e-06
1.723512177420616354e-08
0.000000000000000000e+00
4.266016428999819254e-09
0.000000000000000000e+00
1.706556851388540963e-08
0.000000000000000000e+00
0.000000000000000000e+00
3.834913542277718079e-08
5.300536898289465171e-09
0.000000000000000000e+00
8.631468872977166029e-10
6.452199663442570454e-09
0.000000000000000000e+00
0.000000000000000000e+00
0.000000000000000000e+00
0.000000000000000000e+00
0.000000000000000000e+00
0.000000000000000000e+00
0.000000000000000000e+00
0.000000000000000000e+00
0.000000000000000000e+00
0.000000000000000000e+00
7.573570243168958882e-12
2.942667221006445288e-09
0.000000000000000000e+00
0.000000000000000000e+00
0.000000000000000000e+00
0.000000000000000000e+00
1.730693921508930089e-10
0.000000000000000000e+00
0.000000000000000000e+00
0.000000000000000000e+00
0.000000000000000000e+00
0.000000000000000000e+00
0.000000000000000000e+00
2.651663610908627788e-11
0.000000000000000000e+00
6.512959771498572081e-08
0.000000000000000000e+00
2.079227762186164341e-10
0.000000000000000000e+00
0.000000000000000000e+00
0.000000000000000000e+00
0.000000000000000000e+00
0.000000000000000000e+00
0.000000000000000000e+00
0.000000000000000000e+00
0.000000000000000000e+00
0.000000000000000000e+00
0.000000000000000000e+00
0.000000000000000000e+00
0.000000000000000000e+00
0.000000000000000000e+00
0.000000000000000000e+00
0.000000000000000000e+00
0.000000000000000000e+00
0.000000000000000000e+00
0.000000000000000000e+00
0.000000000000000000e+00
0.000000000000000000e+00
0.000000000000000000e+00
0.000000000000000000e+00
0.000000000000000000e+00
2.266674695161619013e-11
0.000000000000000000e+00
0.000000000000000000e+00
0.000000000000000000e+00
0.000000000000000000e+00
0.000000000000000000e+00
0.000000000000000000e+00
0.000000000000000000e+00
0.000000000000000000e+00
0.000000000000000000e+00
0.000000000000000000e+00
0.000000000000000000e+00
0.000000000000000000e+00
0.000000000000000000e+00
0.000000000000000000e+00
0.000000000000000000e+00
0.000000000000000000e+00
0.000000000000000000e+00
0.000000000000000000e+00
0.000000000000000000e+00
0.000000000000000000e+00
0.000000000000000000e+00
0.000000000000000000e+00
0.000000000000000000e+00
0.000000000000000000e+00
0.000000000000000000e+00
4.089566019160884025e-09
0.000000000000000000e+00
0.000000000000000000e+00
0.000000000000000000e+00
0.000000000000000000e+00
0.000000000000000000e+00
0.000000000000000000e+00
1.351611378375139338e-09
1.228641934858387685e-07
3.496871059383011016e-08
2.530376974618775421e-08
2.565330413373256846e-11
6.270203540409413634e-12
0.000000000000000000e+00
2.266562805497418509e-11
1.197856369650196484e-09
5.517537537969019468e-09
0.000000000000000000e+00
1.256797887982941120e-09
0.000000000000000000e+00
8.939993634271559131e-09
7.422336356643910449e-11
0.000000000000000000e+00
0.000000000000000000e+00
2.730463677380612353e-08
5.655274435412138700e-07
0.000000000000000000e+00
0.000000000000000000e+00
0.000000000000000000e+00
0.000000000000000000e+00
0.000000000000000000e+00
0.000000000000000000e+00
0.000000000000000000e+00
0.000000000000000000e+00
0.000000000000000000e+00
0.000000000000000000e+00
8.528165729160264164e-09
0.000000000000000000e+00
2.463840464983491074e-09
0.000000000000000000e+00
2.522239981317397906e-07
8.106775251093267798e-10
0.000000000000000000e+00
1.397038431605324149e-07
0.000000000000000000e+00
0.000000000000000000e+00
5.674148155776492786e-07
8.809090679129383261e-10
0.000000000000000000e+00
0.000000000000000000e+00
2.726571635136565419e-09
0.000000000000000000e+00
0.000000000000000000e+00
0.000000000000000000e+00
1.153058315495059105e-09
0.000000000000000000e+00
6.045414835398332798e-09
0.000000000000000000e+00
0.000000000000000000e+00
2.451376435175234292e-09
0.000000000000000000e+00
3.845717355677180649e-10
2.119367792374760029e-09
7.192350892637477955e-08
0.000000000000000000e+00
0.000000000000000000e+00
2.767392426328285637e-10
0.000000000000000000e+00
0.000000000000000000e+00
0.000000000000000000e+00
0.000000000000000000e+00
0.000000000000000000e+00
0.000000000000000000e+00
7.100471599574831316e-11
1.592016118934225233e-08
6.164073251824220279e-09
9.175020188045834857e-10
4.693085919882378221e-09
1.719741016259490607e-10
4.123967833891128976e-09
7.157694881243514828e-07
1.075869726641087709e-09
2.403099962945687285e-13
8.708788690192648119e-10
4.398632214019926323e-08
1.920159036217228277e-07
1.862373011363160913e-07
1.424825541107566096e-06
4.677533070207573473e-06
2.530295262204163009e-07
8.641739768222578277e-09
9.905910536289752599e-10
1.337262006018136162e-06
4.387875340849944905e-10
3.052357300248331740e-08
1.362121437864516338e-08
0.000000000000000000e+00
2.342199195481953211e-06
1.171988905923626589e-08
6.218344172914669343e-10
1.559237183812456351e-10
3.205960410923580639e-06
0.000000000000000000e+00
5.448455908663163427e-07
5.267833280697686860e-09
2.910516494480930305e-09
4.417422170784925106e-14
2.563818952694418840e-07
1.530609861077891765e-09
3.680690099372441182e-07
7.391368850306889726e-09
2.193626187363406643e-06
7.167555882148235469e-09
0.000000000000000000e+00
2.212112448773950746e-08
1.174967012573802094e-09
4.089765415216106703e-09
3.892935183102963492e-07
0.000000000000000000e+00
2.724336312098785129e-09
2.098931695115879847e-08
0.000000000000000000e+00
1.381280784196192712e-10
1.414743078242963747e-08
8.421198851096822757e-14
5.140200709519149314e-09
1.125338187080160424e-07
2.712062325826991582e-07
0.000000000000000000e+00
0.000000000000000000e+00
0.000000000000000000e+00
1.045712139102761284e-08
6.024399201720598285e-09
1.045233375407406129e-06
2.127365839044159657e-08
1.769856483591070173e-10
3.413306899346935097e-07
7.231186600620276295e-07
8.717651600598230743e-10
1.553591560954359352e-10
0.000000000000000000e+00
1.739496191532907687e-08
9.798687417017504231e-10
7.996660278397627053e-11
0.000000000000000000e+00
1.158588460725695768e-07
0.000000000000000000e+00
5.934757546510738280e-11
0.000000000000000000e+00
0.000000000000000000e+00
1.916431457971157215e-09
0.000000000000000000e+00
0.000000000000000000e+00
0.000000000000000000e+00
2.948500776867035711e-09
7.357416897946222889e-09
3.048315377895960410e-09
0.000000000000000000e+00
0.000000000000000000e+00
9.575811255047028681e-10
0.000000000000000000e+00
2.511125529736091266e-09
0.000000000000000000e+00
7.966223236621772230e-09
0.000000000000000000e+00
1.101062058368740271e-12
0.000000000000000000e+00
0.000000000000000000e+00
0.000000000000000000e+00
0.000000000000000000e+00
6.796789353558096991e-09
0.000000000000000000e+00
0.000000000000000000e+00
0.000000000000000000e+00
2.462819947979255630e-09
0.000000000000000000e+00
0.000000000000000000e+00
0.000000000000000000e+00
0.000000000000000000e+00
0.000000000000000000e+00
0.000000000000000000e+00
0.000000000000000000e+00
0.000000000000000000e+00
0.000000000000000000e+00
0.000000000000000000e+00
7.020017206427198175e-11
0.000000000000000000e+00
0.000000000000000000e+00
2.913953522920564865e-09
1.726818549263597902e-10
3.412962357174365025e-08
8.676965812526304944e-09
7.069756975397467613e-07
3.350068888963164682e-09
5.466920693919519181e-09
0.000000000000000000e+00
8.095927483964260318e-08
3.217153648517323550e-13
3.867334896767715691e-09
0.000000000000000000e+00
0.000000000000000000e+00
1.379163308001807309e-07
1.328801402245005647e-09
3.884958132971405576e-09
2.807625909539979148e-09
0.000000000000000000e+00
0.000000000000000000e+00
2.305834811977547361e-08
4.104589168552053025e-10
1.857311247022153111e-07
8.028713693875033641e-09
8.580158095128354034e-08
2.790528919049961587e-10
3.634827439036314445e-10
7.201004792456444648e-10
1.835203278233166202e-08
1.796259696540403183e-09
1.736057164691828802e-08
1.762344437050700208e-10
1.421301590198709164e-06
4.414038023980992875e-10
8.549960739401285537e-09
3.526261949104991800e-08
0.000000000000000000e+00
4.801235853335583670e-09
1.685886807933911768e-08
2.109189978227732354e-07
1.756729375301802065e-07
1.955901929306946840e-08
8.670562010593130253e-07
1.067513299979339081e-09
4.308034373678992779e-09
2.003414500961753220e-08
9.905981812607933534e-08
3.439328111198847182e-08
2.915282593107804132e-08
8.453552524656515743e-09
8.023871345130828558e-08
5.344654940842019641e-09
3.225570708309533074e-07
1.209305100502433561e-08
2.784269703681729879e-08
3.352221555896761629e-10
1.086614361156534869e-06
5.466712416080099501e-09
7.328117224147945308e-09
1.620516627554025035e-06
4.222122096386726753e-10
3.324982067454129719e-09
4.536012809808198654e-08
0.000000000000000000e+00
2.319604703870936646e-07
1.903547826032081502e-07
1.180774447107069136e-07
1.291760809429831625e-09
5.942691672089495114e-09
7.416029461637663189e-07
3.938585901863689287e-09
3.753504618231318091e-09
8.249619440903188661e-07
8.217814411182189360e-07
3.047648577947370541e-09
1.787592407431759511e-09
4.543533105305641584e-09
8.496142678282581073e-11
8.255755190589297854e-09
0.000000000000000000e+00
0.000000000000000000e+00
5.655764567791266018e-08
2.367707097050697485e-08
0.000000000000000000e+00
3.233175949191036125e-10
0.000000000000000000e+00
2.526182374396057639e-09
0.000000000000000000e+00
3.287811978225363418e-07
6.722032264150357150e-09
0.000000000000000000e+00
1.155367294891629371e-11
4.102029151908936910e-07
1.965816842641743278e-09
1.673631004450726323e-06
2.156207479231397883e-08
0.000000000000000000e+00
0.000000000000000000e+00
0.000000000000000000e+00
1.599137627872337930e-10
0.000000000000000000e+00
7.613734531730642630e-09
0.000000000000000000e+00
1.591370768494471122e-08
8.961337782942280228e-10
0.000000000000000000e+00
9.604447370747948298e-08
0.000000000000000000e+00
1.007125938201625104e-09
0.000000000000000000e+00
0.000000000000000000e+00
0.000000000000000000e+00
0.000000000000000000e+00
0.000000000000000000e+00
1.710657215880928561e-07
0.000000000000000000e+00
1.296431573205580889e-10
6.695547654089750722e-07
0.000000000000000000e+00
0.000000000000000000e+00
0.000000000000000000e+00
1.239733538049847539e-09
0.000000000000000000e+00
0.000000000000000000e+00
4.110069767193635926e-06
0.000000000000000000e+00
2.134320453706095577e-07
0.000000000000000000e+00
1.597430809852085076e-07
0.000000000000000000e+00
3.214752908320406277e-09
0.000000000000000000e+00
0.000000000000000000e+00
0.000000000000000000e+00
0.000000000000000000e+00
0.000000000000000000e+00
0.000000000000000000e+00
0.000000000000000000e+00
0.000000000000000000e+00
0.000000000000000000e+00
0.000000000000000000e+00
0.000000000000000000e+00
0.000000000000000000e+00
0.000000000000000000e+00
0.000000000000000000e+00
0.000000000000000000e+00
0.000000000000000000e+00
0.000000000000000000e+00
3.784214275270869621e-09
6.185815415449269494e-09
0.000000000000000000e+00
0.000000000000000000e+00
3.015193206223898414e-09
5.266148073168608335e-10
1.887156884095020359e-07
2.550849558247136883e-06
0.000000000000000000e+00
0.000000000000000000e+00
0.000000000000000000e+00
1.200380398379274904e-13
0.000000000000000000e+00
0.000000000000000000e+00
9.287614233244312345e-09
1.147306361026778632e-09
1.474253874533815178e-08
0.000000000000000000e+00
0.000000000000000000e+00
3.117344604675054143e-08
0.000000000000000000e+00
0.000000000000000000e+00
0.000000000000000000e+00
0.000000000000000000e+00
5.264965796669685005e-09
0.000000000000000000e+00
8.272107998585909172e-10
0.000000000000000000e+00
0.000000000000000000e+00
2.642160490395895067e-09
0.000000000000000000e+00
0.000000000000000000e+00
0.000000000000000000e+00
2.515914365730509417e-09
0.000000000000000000e+00
0.000000000000000000e+00
0.000000000000000000e+00
0.000000000000000000e+00
2.915797381319862325e-07
5.437824857068562778e-09
2.672707566375720489e-08
3.320099306591828281e-09
5.781198186838309994e-09
2.672227550348793557e-09
4.131404995888487974e-09
5.691161319987259049e-09
7.576264948738753446e-09
1.020361573011996370e-11
1.645935121530328615e-08
5.091773402909893775e-08
5.756561449743458070e-08
1.591872234030233813e-08
0.000000000000000000e+00
1.709882191391898232e-08
1.192284404538668241e-08
6.707515431969568453e-09
3.729295485754846595e-07
3.444827312293341492e-09
1.852721354111963592e-08
1.674257958939051605e-07
0.000000000000000000e+00
1.378747128910617903e-06
5.699311245166427398e-09
4.995510227701061012e-09
2.607905891238715412e-09
1.673657767931047147e-09
6.474284997004531306e-10
0.000000000000000000e+00
4.433157396732667621e-09
8.792521710709877425e-10
4.073694412909389939e-07
1.447545106003644833e-08
4.859126434553218132e-09
0.000000000000000000e+00
8.181136479379347293e-08
6.494545914392801933e-07
8.018487562821974279e-08
2.248275023930546013e-07
0.000000000000000000e+00
3.248273401368351188e-07
4.012069041436916450e-07
9.500983111365712830e-09
9.171006176700302603e-09
5.148631743168152752e-09
7.416553149397486777e-09
5.324036322917891084e-09
1.271856731044351818e-09
3.381603050911508035e-07
3.180643748379452518e-09
3.090858680110386558e-09
4.934435438030959631e-08
1.489085388328703630e-08
0.000000000000000000e+00
2.330350322432561683e-11
4.965519195820888854e-08
1.861580614104241249e-07
0.000000000000000000e+00
2.721184557685774053e-07
0.000000000000000000e+00
3.638680254880455323e-07
8.002520424099657248e-09
4.459623710317828227e-07
5.261027169467524800e-09
5.289661544338741805e-07
3.077724741729070956e-08
0.000000000000000000e+00
0.000000000000000000e+00
1.690469986215248355e-07
6.544801323116189451e-08
0.000000000000000000e+00
5.747123221766514689e-09
1.463940169088573384e-08
1.510389813219603639e-09
1.153486905991485401e-08
0.000000000000000000e+00
0.000000000000000000e+00
0.000000000000000000e+00
8.683007438059497929e-12
0.000000000000000000e+00
2.841248125662332313e-08
1.098534418986218952e-08
0.000000000000000000e+00
3.589094854650198840e-10
3.174015050788625558e-09
3.060893760675753583e-09
2.575987383471312064e-12
0.000000000000000000e+00
0.000000000000000000e+00
0.000000000000000000e+00
0.000000000000000000e+00
4.490462401918193791e-07
0.000000000000000000e+00
1.278350255512483713e-12
0.000000000000000000e+00
0.000000000000000000e+00
0.000000000000000000e+00
0.000000000000000000e+00
0.000000000000000000e+00
0.000000000000000000e+00
0.000000000000000000e+00
0.000000000000000000e+00
6.954625320076956996e-08
0.000000000000000000e+00
0.000000000000000000e+00
3.371673773511218997e-10
8.650285349132147417e-11
0.000000000000000000e+00
0.000000000000000000e+00
0.000000000000000000e+00
0.000000000000000000e+00
0.000000000000000000e+00
0.000000000000000000e+00
8.451229405181948096e-08
9.465995765012280572e-10
1.060587706547266862e-07
2.780944186042688671e-08
0.000000000000000000e+00
0.000000000000000000e+00
0.000000000000000000e+00
0.000000000000000000e+00
0.000000000000000000e+00
0.000000000000000000e+00
0.000000000000000000e+00
4.019742760874578380e-08
5.928588731052286676e-09
0.000000000000000000e+00
2.005032584406762908e-08
0.000000000000000000e+00
0.000000000000000000e+00
0.000000000000000000e+00
0.000000000000000000e+00
5.540444769636110323e-10
0.000000000000000000e+00
0.000000000000000000e+00
0.000000000000000000e+00
5.778051925808824762e-10
2.561811318635420776e-10
9.674548095972568262e-08
0.000000000000000000e+00
0.000000000000000000e+00
0.000000000000000000e+00
0.000000000000000000e+00
0.000000000000000000e+00
3.821849503538032877e-08
1.443830086600428331e-07
0.000000000000000000e+00
4.172767731347448716e-08
0.000000000000000000e+00
0.000000000000000000e+00
0.000000000000000000e+00
0.000000000000000000e+00
1.652979904065432493e-06
0.000000000000000000e+00
0.000000000000000000e+00
0.000000000000000000e+00
3.701918993570529892e-09
4.804180386841494510e-10
4.863688474188165856e-08
7.315768824067703235e-11
6.947324049377812116e-09
0.000000000000000000e+00
2.594265602340328769e-08
0.000000000000000000e+00
0.000000000000000000e+00
0.000000000000000000e+00
7.931843626352019783e-09
0.000000000000000000e+00
2.663784774356581231e-12
0.000000000000000000e+00
0.000000000000000000e+00
1.017994022411983224e-09
0.000000000000000000e+00
0.000000000000000000e+00
7.945969215938930574e-09
0.000000000000000000e+00
8.578831867112057807e-09
0.000000000000000000e+00
0.000000000000000000e+00
3.049611230210302892e-09
0.000000000000000000e+00
0.000000000000000000e+00
0.000000000000000000e+00
0.000000000000000000e+00
0.000000000000000000e+00
0.000000000000000000e+00
0.000000000000000000e+00
0.000000000000000000e+00
1.295050964245092473e-07
4.948641496582695254e-09
0.000000000000000000e+00
0.000000000000000000e+00
0.000000000000000000e+00
0.000000000000000000e+00
0.000000000000000000e+00
3.563823369745477976e-08
0.000000000000000000e+00
0.000000000000000000e+00
0.000000000000000000e+00
4.834879874238140474e-08
7.623323305949725182e-09
1.480172234780141594e-10
1.764570822793132265e-09
6.868945412463745015e-09
0.000000000000000000e+00
0.000000000000000000e+00
0.000000000000000000e+00
8.333290169026952299e-10
0.000000000000000000e+00
0.000000000000000000e+00
8.356478176096970856e-09
0.000000000000000000e+00
0.000000000000000000e+00
0.000000000000000000e+00
0.000000000000000000e+00
5.579859241322537855e-09
5.685777068720199168e-06
5.787785251065713510e-10
0.000000000000000000e+00
0.000000000000000000e+00
6.517059780719591799e-09
0.000000000000000000e+00
0.000000000000000000e+00
3.101802690252952743e-07
3.079942689776515863e-10
6.971342259021184873e-08
0.000000000000000000e+00
5.042339878968959965e-09
5.000640612706774846e-08
0.000000000000000000e+00
6.344643144196027151e-10
5.000910050512175076e-07
1.047605451276467647e-07
7.056189019749581348e-07
6.205947897797159385e-07
5.823133975013661257e-08
2.595527064386260463e-07
2.969795104945660569e-06
0.000000000000000000e+00
2.085153028019703925e-08
1.871636534644949279e-08
5.813682264488306828e-07
7.021339065715892502e-09
3.417444816022907617e-08
1.036605290494208020e-08
9.343060582978068851e-07
1.684577881633231300e-07
0.000000000000000000e+00
1.016616806737147272e-06
4.949874110593555088e-08
5.656921597818609371e-09
0.000000000000000000e+00
8.686861008300184039e-08
1.358250869998300914e-06
1.160926288434893650e-07
8.021456920914715738e-08
3.877207999103404745e-10
2.680101260921219364e-07
1.757127961354854051e-06
1.119762682577629676e-08
0.000000000000000000e+00
4.318262085689639207e-07
1.505126647316501476e-06
1.373576166002754562e-11
0.000000000000000000e+00
1.602920107757199730e-08
4.747029880292075177e-09
8.162271569744916633e-08
1.056435863233673444e-07
7.388428002741420642e-08
1.682887607046268386e-08
5.845103290269548779e-10
4.845836087952193338e-07
9.564800340644552534e-11
2.898934603479119687e-08
1.486860128352418542e-07
3.133410473310505040e-07
0.000000000000000000e+00
0.000000000000000000e+00
0.000000000000000000e+00
0.000000000000000000e+00
0.000000000000000000e+00
0.000000000000000000e+00
0.000000000000000000e+00
0.000000000000000000e+00
7.781125965777846432e-09
0.000000000000000000e+00
0.000000000000000000e+00
0.000000000000000000e+00
0.000000000000000000e+00
0.000000000000000000e+00
0.000000000000000000e+00
0.000000000000000000e+00
0.000000000000000000e+00
5.892485166469896285e-09
1.168769827586402243e-07
5.250470991313704872e-08
0.000000000000000000e+00
0.000000000000000000e+00
0.000000000000000000e+00
0.000000000000000000e+00
0.000000000000000000e+00
0.000000000000000000e+00
0.000000000000000000e+00
0.000000000000000000e+00
2.074611593627651018e-10
0.000000000000000000e+00
0.000000000000000000e+00
0.000000000000000000e+00
0.000000000000000000e+00
0.000000000000000000e+00
0.000000000000000000e+00
0.000000000000000000e+00
0.000000000000000000e+00
1.560530677124916110e-06
0.000000000000000000e+00
1.485067741668899544e-06
9.595449990129623075e-10
0.000000000000000000e+00
3.867101483479018498e-08
0.000000000000000000e+00
2.092494888472629100e-08
0.000000000000000000e+00
0.000000000000000000e+00
3.857237018678461027e-08
5.980837491925683480e-10
2.705141388670284641e-10
0.000000000000000000e+00
0.000000000000000000e+00
5.438345884734019364e-10
0.000000000000000000e+00
0.000000000000000000e+00
1.571511987208396022e-08
0.000000000000000000e+00
0.000000000000000000e+00
8.904909698514984484e-09
0.000000000000000000e+00
0.000000000000000000e+00
0.000000000000000000e+00
2.585179004199744668e-07
3.072204179943582858e-08
5.601735892923898064e-07
1.399886002673156327e-07
1.251371486432617530e-06
3.347521158048039069e-07
4.901985448668710887e-07
9.729737939778715372e-07
8.426949307249742560e-07
2.422849775030044839e-06
1.100847043744579423e-06
3.115661968422500649e-07
8.982567578641464934e-07
3.864797122332674917e-07
6.540844310620741453e-07
5.275638272905780468e-07
4.187996580640174216e-07
5.558612883760361001e-06
7.975872904353309423e-07
2.010458359791300609e-07
6.385380970641563181e-07
1.072087343345629051e-07
6.218992325557337608e-07
2.599008439574390650e-07
2.571508161963720340e-07
4.777326623184308119e-08
7.703517894697142765e-07
8.641153925736944075e-08
6.386051154549932107e-07
4.428169177117524669e-06
1.963392833204125054e-06
2.061542119236037252e-07
2.069771625201610732e-07
6.800954679420101456e-07
8.755401381677074824e-07
1.445237955977063393e-07
7.528514061050373130e-07
4.198478720240927942e-08
4.933793888994841836e-07
4.068002112944668625e-07
1.468005272897698887e-08
1.263294166164996568e-06
4.327628033706787392e-08
5.903055821931957325e-10
2.175710989149592933e-08
5.721925599999622136e-09
6.965857224372484779e-09
1.613486659834961756e-07
1.402155703544849530e-06
1.078037485058302991e-06
3.112094645985052921e-06
1.737950242386432365e-06
5.500983206729870290e-07
3.865184226015117019e-06
3.003769052156712860e-06
6.675747954432154074e-07
5.078107392364472616e-07
4.265543225301371422e-07
7.009743967500980943e-07
1.888088149826216977e-06
2.561357348440651549e-07
1.578069600327580702e-06
1.273296675208257511e-06
9.074955897858671960e-09
5.024365350436710287e-07
2.571530330897076055e-07
1.374635985484928824e-06
5.792446131636097562e-07
3.419814618155214703e-07
1.400683800056867767e-06
9.101871114580717403e-07
1.823544693024814478e-07
1.719001261335506570e-07
1.364193394692847505e-06
3.043002152480767109e-06
0.000000000000000000e+00
2.949681388031422102e-08
5.963565286037919577e-07
1.552423753992115962e-07
1.604214645567481057e-07
1.647037777274817927e-07
3.244418778081126220e-08
1.696215079505236645e-08
5.513532030931855843e-08
7.912152710787268006e-08
1.469554007371698390e-07
1.462166068222359172e-07
1.961522428928219597e-07
2.594573231817776104e-07
1.008577825700740505e-07
1.674558092190636671e-07
5.229210842117026914e-07
3.345935738252592273e-06
0.000000000000000000e+00
1.453768732062599156e-06
5.259169597593427170e-07
5.674612566508585587e-07
6.743229050698573701e-07
1.130653231484757271e-06
4.321850610722322017e-07
4.276101321920577902e-07
9.597303005648427643e-07
2.790238795569166541e-07
5.818729391648957971e-07
2.367773731748457067e-06
2.093642024192376994e-06
1.296808477491140366e-06
4.888486273557646200e-07
5.288084707899542991e-07
1.342996370112814475e-06
1.527878794149728492e-06
3.331383595650549978e-07
0.000000000000000000e+00
0.000000000000000000e+00
9.148944002390635433e-08
0.000000000000000000e+00
0.000000000000000000e+00
2.349674446122662630e-07
0.000000000000000000e+00
0.000000000000000000e+00
0.000000000000000000e+00
1.107888806473056320e-06
0.000000000000000000e+00
3.561622463621461065e-08
1.046471567178741680e-07
2.582653223726083525e-06
2.173414159756248409e-08
0.000000000000000000e+00
0.000000000000000000e+00
0.000000000000000000e+00
0.000000000000000000e+00
0.000000000000000000e+00
8.784894589553005062e-07
1.494088792242109776e-06
8.021643793654220644e-09
4.529874431113967148e-08
9.799080658012826461e-08
3.883144188421283616e-07
3.030435280493293249e-08
8.723559830059457454e-08
4.479453821204515407e-07
1.435503122593217995e-06
1.039771177602233365e-06
1.274684223062649835e-06
9.165567576019384433e-07
2.400417429271328729e-07
1.792089733498869464e-06
2.184657887482899241e-06
6.960926839383319020e-06
6.299980555013462435e-07
2.185989700365098543e-07
4.933526724926196039e-07
1.363120304631593172e-06
2.266370529468986206e-06
1.062477053892507683e-06
1.809624905035889242e-06
5.394686581894347910e-07
2.984021989504981320e-07
1.129820248024770990e-06
2.287445539650434512e-07
1.231147507496643811e-06
0.000000000000000000e+00
1.587320411999826320e-06
1.187661837320774794e-06
2.210387947343406267e-06
0.000000000000000000e+00
9.227618136264936766e-08
2.492860744496283587e-07
5.147061088450755051e-08
5.825062885378429201e-07
9.217603347266845049e-10
0.000000000000000000e+00
0.000000000000000000e+00
0.000000000000000000e+00
1.892304908324149437e-06
1.147482819874312554e-07
0.000000000000000000e+00
0.000000000000000000e+00
0.000000000000000000e+00
0.000000000000000000e+00
2.049920482249945053e-07
0.000000000000000000e+00
0.000000000000000000e+00
4.114532714538654545e-07
3.972148192588065285e-07
1.129156544266152196e-06
5.248504066912573762e-07
1.100352392313652672e-06
6.448382237067562528e-07
9.049173286257428117e-07
7.007088242971803993e-07
8.673565389472059906e-06
1.276745820177893620e-06
9.177429092233069241e-07
1.103850763684022240e-06
3.302178015474055428e-07
7.663939527446927968e-07
1.013242354019894265e-06
3.279013469636993250e-07
1.075634713743056636e-06
5.251728794064547401e-07
2.744790208453196101e-07
0.000000000000000000e+00
3.433781592399043348e-10
8.793732604317483492e-07
8.283407737508241553e-07
1.918326120176061522e-07
7.077277786038393970e-08
0.000000000000000000e+00
0.000000000000000000e+00
0.000000000000000000e+00
1.450734377073104042e-08
1.836955032530340759e-09
1.115977568133530440e-07
1.038541881825949531e-06
1.355177300865761936e-05
1.246826286660507321e-06
5.968258847133256495e-07
1.737213096930645406e-06
4.210593942843843251e-06
6.887407266731315758e-08
1.527293875369650777e-06
1.060468321156804450e-06
3.681435316593706375e-07
1.568670313645270653e-07
4.129754415771458298e-06
8.121988770426469273e-08
8.427514899267407600e-07
6.891777815098976134e-08
2.816987716869334690e-06
1.877388399407209363e-06
4.349415974047587952e-07
0.000000000000000000e+00
4.887027449385072941e-10
7.922291729300923180e-07
2.090489488182356581e-06
2.523240283380800975e-08
8.767437975620850921e-07
0.000000000000000000e+00
3.681297711111142235e-09
7.493277998094072245e-09
1.295013447588644340e-07
2.468501314467630436e-08
2.829390041370061226e-06
1.717359339181712130e-07
1.375832766825624276e-06
1.042256144501152448e-06
2.489345831691025523e-07
1.120367414841894060e-06
6.114090069786470849e-07
1.185130486192065291e-06
8.525762495992239565e-07
9.338294830740778707e-07
4.541405758118344238e-07
5.767095103692554403e-07
4.830225748264638241e-07
2.740324589467491023e-07
4.910269240099296439e-07
7.851141958781227004e-10
8.379376595257781446e-06
5.017441253585275263e-07
5.625590233648836147e-07
0.000000000000000000e+00
0.000000000000000000e+00
1.426614737454201531e-08
5.020853222958976403e-06
2.237828145013054382e-09
0.000000000000000000e+00
0.000000000000000000e+00
2.272041399464796996e-07
1.029165218824346084e-06
0.000000000000000000e+00
0.000000000000000000e+00
0.000000000000000000e+00
1.002403351435532386e-07
3.173589959715172881e-07
0.000000000000000000e+00
8.393756800728624512e-10
4.898692623100942001e-06
2.141477182249218458e-07
5.178073081424372504e-09
0.000000000000000000e+00
0.000000000000000000e+00
0.000000000000000000e+00
0.000000000000000000e+00
0.000000000000000000e+00
1.632584144317661412e-06
1.083807774193701334e-06
1.240481537934101652e-06
2.093229795718798414e-06
1.481464835251244949e-07
8.789883736426418182e-07
4.557690544970682822e-07
7.231890322145773098e-07
4.522571259713004110e-07
7.088833626767154783e-07
1.444134198891333654e-07
1.895484047054196708e-06
7.692671601944311988e-07
1.280589685848099180e-06
9.586412774709174300e-10
0.000000000000000000e+00
0.000000000000000000e+00
0.000000000000000000e+00
3.098498346787437185e-09
0.000000000000000000e+00
0.000000000000000000e+00
1.828837525863491464e-09
2.199005777470119938e-08
0.000000000000000000e+00
0.000000000000000000e+00
0.000000000000000000e+00
0.000000000000000000e+00
0.000000000000000000e+00
0.000000000000000000e+00
0.000000000000000000e+00
4.213351889603700329e-12
1.558866244977252791e-07
0.000000000000000000e+00
0.000000000000000000e+00
8.779555971116792534e-10
0.000000000000000000e+00
7.891499897993980994e-09
0.000000000000000000e+00
0.000000000000000000e+00
5.800773639208500754e-09
1.018345852088486936e-09
8.609933210834697093e-09
0.000000000000000000e+00
6.275642135733505711e-06
0.000000000000000000e+00
0.000000000000000000e+00
0.000000000000000000e+00
0.000000000000000000e+00
0.000000000000000000e+00
0.000000000000000000e+00
0.000000000000000000e+00
5.941811931364782140e-09
0.000000000000000000e+00
0.000000000000000000e+00
6.429047516576247290e-06
4.553118326811045335e-09
3.466099907090125498e-10
0.000000000000000000e+00
7.743492513867522575e-10
6.102069960434164386e-07
6.030132340129057411e-07
7.712625915701210033e-07
9.481839242653222755e-07
1.501535734860226512e-06
4.279775396298646228e-07
1.448617297228338430e-07
3.835540667296299944e-07
3.317201162644778378e-07
1.227117877533601131e-06
1.693073045316850767e-06
1.853474486779305153e-06
2.721870089317235397e-07
1.317436613135214429e-06
1.775238160917069763e-06
1.013458586385240778e-06
0.000000000000000000e+00
1.798097173377755098e-07
8.579991117585450411e-07
6.835247479131112414e-09
4.439563099367660470e-07
0.000000000000000000e+00
0.000000000000000000e+00
7.445659377935953671e-08
0.000000000000000000e+00
8.641303672618505516e-09
1.536530369605770829e-08
1.643658720240637194e-07
0.000000000000000000e+00
1.247858261166356897e-08
0.000000000000000000e+00
2.143006895494181663e-06
9.907061837566288887e-08
0.000000000000000000e+00
0.000000000000000000e+00
0.000000000000000000e+00
3.929138348013339055e-09
0.000000000000000000e+00
0.000000000000000000e+00
2.456494030411704443e-08
7.740033680647684378e-08
0.000000000000000000e+00
0.000000000000000000e+00
0.000000000000000000e+00
0.000000000000000000e+00
0.000000000000000000e+00
0.000000000000000000e+00
1.661105244465943542e-07
9.152660851441396517e-08
0.000000000000000000e+00
1.803298204094971879e-07
2.765513954727794044e-06
1.424942070116230752e-06
2.081829052258399315e-06
6.365332865243544802e-07
1.517287387287069578e-06
5.254182156022579875e-07
1.018901912175351754e-06
7.224428486551914830e-07
1.298147253692150116e-06
1.559705424369894899e-06
2.072042661893647164e-06
0.000000000000000000e+00
1.942404423971311189e-06
1.018897705762356054e-06
0.000000000000000000e+00
0.000000000000000000e+00
2.531889435886114370e-07
0.000000000000000000e+00
1.352588583358738106e-07
0.000000000000000000e+00
0.000000000000000000e+00
5.406425884757481981e-07
0.000000000000000000e+00
0.000000000000000000e+00
0.000000000000000000e+00
7.436876447997065043e-09
0.000000000000000000e+00
4.872914516340642876e-08
0.000000000000000000e+00
0.000000000000000000e+00
0.000000000000000000e+00
0.000000000000000000e+00
3.326843689421821182e-09
0.000000000000000000e+00
0.000000000000000000e+00
0.000000000000000000e+00
0.000000000000000000e+00
0.000000000000000000e+00
3.670961632451508194e-07
0.000000000000000000e+00
0.000000000000000000e+00
0.000000000000000000e+00
0.000000000000000000e+00
0.000000000000000000e+00
0.000000000000000000e+00
0.000000000000000000e+00
0.000000000000000000e+00
1.049722655466212018e-07
0.000000000000000000e+00
0.000000000000000000e+00
0.000000000000000000e+00
1.847745920713350642e-07
9.369533131575735752e-07
2.312262722625746392e-06
7.447522420989116654e-07
1.697740344752673991e-06
6.115266728556889575e-07
6.476892622231389396e-07
1.527189624539460056e-06
3.001176992256660014e-06
1.385973973810905591e-06
9.704712056191056035e-07
3.587747130495699821e-07
1.287532427340920549e-07
1.945958274518488906e-06
9.134858487414021511e-07
3.688146534841507673e-06
3.152733597744372673e-06
9.814959867071593180e-07
1.244719385340431472e-07
3.715199738962837728e-07
0.000000000000000000e+00
8.764727255083926138e-08
6.109811323540270678e-08
6.126924745331052691e-08
6.942288077738112406e-09
3.207700274288072251e-07
1.083253948763740482e-07
0.000000000000000000e+00
3.575281226630977471e-08
3.589972550344100455e-07
5.544162036130728666e-07
1.057654230862681288e-06
6.989197913753741886e-07
8.470602210763900075e-07
8.574862135901639704e-07
2.120788622050895356e-06
5.129962232786056120e-07
8.299737714878574479e-07
5.534272986551513895e-07
6.761088116036262363e-07
1.416083023286773823e-06
1.896755179586762097e-06
1.348130638234579237e-07
1.910234459501225501e-06
1.320297087659128010e-06
1.308471723859838676e-06
3.394031011794140795e-07
5.908964340051170439e-07
5.008805032957752701e-07
2.982092723868845496e-07
4.413890053456270834e-07
1.173420969280414283e-06
6.357714141813630704e-07
2.802195524509443203e-07
0.000000000000000000e+00
1.822915720595119637e-07
1.095339371204318013e-06
0.000000000000000000e+00
1.483208000863101006e-09
2.403219241386977956e-06
1.037618559962538711e-07
0.000000000000000000e+00
0.000000000000000000e+00
0.000000000000000000e+00
3.886336141789570320e-09
0.000000000000000000e+00
0.000000000000000000e+00
2.731722815951798111e-06
1.479605543863726780e-06
3.355352760081586894e-07
1.561079670864273794e-06
1.606693899702804629e-06
2.054758425629188423e-07
9.010273060994222760e-08
3.088576363552419934e-07
1.139351979873026721e-06
4.042938144266372547e-07
1.038756863636081107e-06
1.872505066558005637e-07
5.399343194767425302e-07
1.129667111854359973e-06
4.379806739507330349e-09
0.000000000000000000e+00
0.000000000000000000e+00
0.000000000000000000e+00
0.000000000000000000e+00
2.895852446727076313e-09
0.000000000000000000e+00
0.000000000000000000e+00
0.000000000000000000e+00
0.000000000000000000e+00
0.000000000000000000e+00
0.000000000000000000e+00
0.000000000000000000e+00
8.799408313109324808e-09
0.000000000000000000e+00
0.000000000000000000e+00
9.218201313387908158e-09
0.000000000000000000e+00
6.105893568530973425e-09
0.000000000000000000e+00
0.000000000000000000e+00
0.000000000000000000e+00
0.000000000000000000e+00
0.000000000000000000e+00
0.000000000000000000e+00
0.000000000000000000e+00
0.000000000000000000e+00
1.475302724429639056e-06
0.000000000000000000e+00
0.000000000000000000e+00
7.802299251125077717e-07
6.730170980517868884e-07
8.669526891935674939e-07
7.482344521747563704e-09
0.000000000000000000e+00
0.000000000000000000e+00
0.000000000000000000e+00
0.000000000000000000e+00
0.000000000000000000e+00
1.377801605445538868e-11
0.000000000000000000e+00
0.000000000000000000e+00
2.592958958658186930e-09
2.505776919292657112e-08
1.234306665764961508e-07
1.766145203419000609e-07
2.973181665311130928e-07
5.012528845327324234e-07
3.915150045941118151e-06
1.639053039070859086e-06
4.504043431552418042e-07
1.783325842552585527e-06
2.509018258933792822e-06
2.501128335552493809e-07
4.662376227315689903e-07
7.792563110342598520e-07
2.485844561306294054e-06
0.000000000000000000e+00
4.085356977157061920e-07
0.000000000000000000e+00
0.000000000000000000e+00
0.000000000000000000e+00
0.000000000000000000e+00
0.000000000000000000e+00
6.885714469717640895e-07
0.000000000000000000e+00
0.000000000000000000e+00
0.000000000000000000e+00
0.000000000000000000e+00
0.000000000000000000e+00
0.000000000000000000e+00
0.000000000000000000e+00
0.000000000000000000e+00
0.000000000000000000e+00
0.000000000000000000e+00
0.000000000000000000e+00
3.868467768342043200e-09
0.000000000000000000e+00
0.000000000000000000e+00
0.000000000000000000e+00
0.000000000000000000e+00
0.000000000000000000e+00
0.000000000000000000e+00
0.000000000000000000e+00
0.000000000000000000e+00
0.000000000000000000e+00
8.311266341820555681e-09
0.000000000000000000e+00
0.000000000000000000e+00
0.000000000000000000e+00
0.000000000000000000e+00
0.000000000000000000e+00
0.000000000000000000e+00
0.000000000000000000e+00
0.000000000000000000e+00
0.000000000000000000e+00
0.000000000000000000e+00
0.000000000000000000e+00
0.000000000000000000e+00
4.822238164337022681e-09
0.000000000000000000e+00
0.000000000000000000e+00
0.000000000000000000e+00
7.408253566154598957e-09
1.337827598035801202e-06
5.696553628808942449e-08
2.932814657796711799e-09
4.123726569105201634e-07
4.866003155967746352e-09
1.031162377707062205e-09
5.132962055398593293e-09
0.000000000000000000e+00
0.000000000000000000e+00
0.000000000000000000e+00
0.000000000000000000e+00
4.219269822414162263e-09
0.000000000000000000e+00
7.469581220220788964e-08
2.074361127313295583e-09
0.000000000000000000e+00
0.000000000000000000e+00
0.000000000000000000e+00
0.000000000000000000e+00
0.000000000000000000e+00
0.000000000000000000e+00
0.000000000000000000e+00
2.340633500352851115e-06
3.963029485021252185e-06
5.937556579738156870e-07
8.249090797107783146e-07
1.052405309565074276e-06
9.110415248869685456e-07
1.133616365223133471e-06
9.124952157435473055e-06
1.374575163026747759e-06
6.594061687792418525e-07
1.807383341656532139e-06
3.684328646613721503e-07
2.640460024849744514e-06
1.406147816851444077e-06
6.661822453679633327e-07
1.092784259526524693e-06
4.624957625765091507e-07
2.587721041891200002e-07
3.988052867498481646e-06
2.727957507886458188e-06
4.948145146954630036e-07
1.188456963063799776e-06
3.419086880285249208e-08
3.535372172791539924e-08
0.000000000000000000e+00
0.000000000000000000e+00
9.341209050717225182e-08
2.500419498119299533e-07
7.532111823138620821e-08
6.290114651363865050e-09
0.000000000000000000e+00
3.009009333254653029e-06
2.226574224550859071e-06
1.922270257637137547e-06
2.316521658940473571e-06
7.744241088403214235e-07
1.256515702152682934e-06
4.926081942357996013e-07
5.875615443073911592e-07
0.000000000000000000e+00
1.656185304454993457e-06
0.000000000000000000e+00
0.000000000000000000e+00
0.000000000000000000e+00
0.000000000000000000e+00
0.000000000000000000e+00
0.000000000000000000e+00
0.000000000000000000e+00
0.000000000000000000e+00
0.000000000000000000e+00
0.000000000000000000e+00
4.427886892699461896e-07
0.000000000000000000e+00
0.000000000000000000e+00
0.000000000000000000e+00
0.000000000000000000e+00
0.000000000000000000e+00
0.000000000000000000e+00
0.000000000000000000e+00
0.000000000000000000e+00
0.000000000000000000e+00
0.000000000000000000e+00
0.000000000000000000e+00
0.000000000000000000e+00
0.000000000000000000e+00
2.181055780425822377e-09
0.000000000000000000e+00
1.903094037913888315e-08
0.000000000000000000e+00
3.458258390764967771e-08
0.000000000000000000e+00
0.000000000000000000e+00
0.000000000000000000e+00
1.704704459370987024e-06
6.811683306295890361e-06
3.393056886125123128e-06
5.395054358814377338e-06
0.000000000000000000e+00
0.000000000000000000e+00
0.000000000000000000e+00
0.000000000000000000e+00
0.000000000000000000e+00
0.000000000000000000e+00
0.000000000000000000e+00
0.000000000000000000e+00
0.000000000000000000e+00
0.000000000000000000e+00
0.000000000000000000e+00
0.000000000000000000e+00
3.318554986364574688e-09
2.587667495390633121e-06
0.000000000000000000e+00
7.719567207686850452e-09
0.000000000000000000e+00
3.062655814720094405e-12
0.000000000000000000e+00
0.000000000000000000e+00
2.565495815787244283e-09
5.899943311682420699e-10
0.000000000000000000e+00
5.094157540241894822e-09
0.000000000000000000e+00
