5.838998049512156285e-07
6.343863390156911919e-08
6.778323609069047961e-07
9.805442147126086638e-08
1.528894813418446574e-06
2.651276247433997924e-07
2.144465361197944731e-05
0.000000000000000000e+00
2.293717261636629701e-05
5.998296046527684666e-07
0.000000000000000000e+00
3.623447923928324599e-07
3.338506644467997830e-07
5.125660962335132353e-08
9.246114274219507934e-08
2.187256313845864497e-07
5.422099889074161183e-07
6.392963314283406362e-08
3.088579703103278007e-08
0.000000000000000000e+00
3.829586116537581075e-13
2.785739752653171308e-06
0.000000000000000000e+00
1.733626845634717029e-06
1.240308744598905832e-08
8.260580841579212574e-08
5.013711870560655370e-06
5.325754059981591126e-09
5.957199391559697688e-07
9.745295983520918526e-07
1.450325953555875458e-06
1.117391457228222862e-05
0.000000000000000000e+00
0.000000000000000000e+00
1.019704086502315477e-05
0.000000000000000000e+00
7.533160442108055577e-06
0.000000000000000000e+00
2.691131157916970551e-07
1.465885361540131271e-06
1.553407855681143701e-06
2.945152175470866496e-07
1.173218493022432085e-06
8.027211606531636789e-07
1.146560251186201640e-07
0.000000000000000000e+00
2.220503176886268193e-07
8.008338454601471312e-07
1.071670430974336341e-05
7.299976914509898052e-06
2.337747218916774727e-06
2.713891262828838080e-06
5.473559099300473463e-07
0.000000000000000000e+00
0.000000000000000000e+00
1.363118008157471195e-05
2.323517200863989274e-08
1.326185916639133211e-08
3.454708803474204615e-07
1.028118049362092279e-06
4.741058546642307192e-06
8.090799383353441954e-06
2.437921331477355125e-08
2.056517161008741823e-07
1.395036406393046491e-07
1.101579982787370682e-05
2.016151334771620895e-08
1.348349201180099044e-06
6.347369918557888013e-08
4.906640427293496032e-09
3.061092002099030651e-07
1.565382667934045458e-08
5.481223297465476207e-08
0.000000000000000000e+00
6.945409040781669319e-06
1.274624761293807751e-08
1.216086218391865259e-07
1.940777565323514864e-06
4.911919972983014304e-07
3.104017309851769824e-07
3.925528702097835776e-08
4.584119750461468357e-08
3.244325341711373767e-07
1.976930406044630217e-07
2.141884714035313664e-08
9.112866194982416346e-08
1.319012540079711471e-06
1.067104221874615178e-05
1.554562186356633902e-05
2.300342202943284065e-06
6.862896952952723950e-06
2.936542102816019906e-07
5.818510544486343861e-06
1.410490000353092910e-07
1.499974223406752571e-05
1.046759280143305659e-06
5.224054575592163019e-07
3.001158120241598226e-06
2.127404030716206762e-07
2.399462672997287882e-08
2.062742623820668086e-06
1.556378720124484971e-06
0.000000000000000000e+00
5.752485321863787249e-06
5.712045094696804881e-07
0.000000000000000000e+00
7.162412202887935564e-06
1.344156225968617946e-05
1.185391852231987286e-06
0.000000000000000000e+00
3.813760031334822997e-06
3.087133677581732627e-07
3.404049039090750739e-06
3.194899136360618286e-07
1.072155191650381312e-05
8.128786248562391847e-06
1.429134840691403951e-06
1.276442890230100602e-05
3.872871729981852695e-06
1.557483301439788193e-06
1.938423110914300196e-06
2.195067054344690405e-06
2.160446911148028448e-06
2.379737816227134317e-05
1.114615679398411885e-05
9.365925507154315710e-06
1.232218551194819156e-06
2.072023264076960913e-08
3.767485623029642738e-06
3.096281943726353347e-06
5.644174052577000111e-07
1.256455675502365921e-06
3.910203304258175194e-06
1.122937192121753469e-06
2.048473334070877172e-06
5.314420377544593066e-06
1.120549768529599532e-06
6.766329079255228862e-06
2.690925612114369869e-06
1.385233645123662427e-05
1.983455149456858635e-06
9.809722541831433773e-06
1.266344770556315780e-05
1.284402742385282181e-06
2.123719013980007730e-07
1.784017626960121561e-06
1.959094333869870752e-06
5.169622454559430480e-06
1.944600262504536659e-05
7.307918622245779261e-06
1.407546187692787498e-05
7.259027825057273731e-06
1.145977989835955668e-06
2.121602619808982126e-06
2.496144588803872466e-06
5.605792807727993932e-07
1.792819546153623378e-07
3.127678155578905717e-06
8.154830538842361420e-06
1.112258723878767341e-05
3.499733566059148870e-06
2.677021484487340786e-06
6.730445534230966587e-07
1.495630954195803497e-06
1.489859329240061925e-07
9.814880286285188049e-07
2.948296696558827534e-06
1.482878542446997017e-05
9.722218237584456801e-06
1.788868394214659929e-05
2.150753607566002756e-05
8.548373443773016334e-06
2.370103356952313334e-05
1.700448819974553771e-06
1.566888045090308879e-06
6.471172582678264007e-06
8.428898581769317389e-06
8.605526090832427144e-06
5.132133082952350378e-06
2.103603719660895877e-06
6.928763127689308021e-07
2.448194891258026473e-07
4.282322407789251884e-08
6.096624929341487586e-06
1.531398538645589724e-06
3.591778067857376300e-06
2.080560932427033549e-07
1.694997422418964561e-06
1.863204829533060547e-06
1.302334226238599513e-06
2.477113184795598499e-06
2.680673560462309979e-06
2.277990006405161694e-06
7.769704524207554641e-08
6.269242476264480501e-06
2.901743300753878430e-06
9.367262464365921915e-06
1.069116066787501040e-07
3.339995942042151000e-07
7.706497854087501764e-06
4.712022473540855572e-06
4.781569259648676962e-06
0.000000000000000000e+00
2.549782493588281795e-06
3.815438503806944937e-06
3.229447145258745877e-07
8.513417810718237888e-07
6.547385055455379188e-06
4.652493316825712100e-06
1.524592562418547459e-06
7.121781209207256325e-08
2.685766730792238377e-06
1.810756771192245651e-06
5.141983479006739799e-07
8.077099096226447728e-07
2.246545989237347385e-07
3.551836925907991827e-06
1.488381258241133764e-07
5.130405043018981814e-06
4.972644092049449682e-07
1.097522499549086206e-06
2.467992544552544132e-06
1.289814349547668826e-06
1.696367348813510034e-06
2.603079565233201720e-07
8.430630487055168487e-07
3.328226512167020701e-07
9.911371989801409654e-07
1.417930093339236919e-06
8.281136615551076829e-06
1.187807356473058462e-06
1.432090925845841412e-07
2.584426397334027570e-07
4.880228061665548012e-07
7.998200999281834811e-07
2.859135577182314591e-07
1.728519578136911150e-06
4.134186610826873221e-07
8.029747732507530600e-06
4.978851961823238526e-07
4.082920952441781992e-07
1.326025881098757964e-06
8.178249117918312550e-07
3.823113274847855791e-06
8.768360203248448670e-06
0.000000000000000000e+00
6.796472007408738136e-07
1.419967020410695113e-06
2.318892939001671039e-06
6.748739451722940430e-07
0.000000000000000000e+00
3.703302411395270610e-07
2.249352775152146933e-07
2.874187430279562250e-06
2.689165512492763810e-07
6.900442173218834796e-08
2.600636435090564191e-06
2.312856963726517279e-07
4.334662662586197257e-06
1.617637650497272261e-07
1.913276946652331389e-06
8.605161383457016200e-08
2.192316287619178183e-06
7.251383067341521382e-07
3.345467405324598076e-07
9.645161753724096343e-07
1.561260063454028568e-07
5.176439685783407185e-07
1.189612362395564560e-06
1.576961608407145832e-06
5.454927531900466420e-07
8.961241064753266983e-07
5.531181841433863156e-07
3.296445356681942940e-07
6.692407623631879687e-06
1.394534194787411252e-07
6.675551844637084287e-07
3.688733158924151212e-07
1.296209717338570044e-07
2.338173743510196800e-07
4.478384596495743608e-07
2.224611080237082206e-06
1.536190552542393561e-07
1.109909476326720323e-06
5.146835846403519099e-08
1.440183154954866040e-06
1.131294879996858072e-06
4.010084637684485642e-07
5.629103227988707658e-08
6.186016889841994271e-06
7.511659418923954945e-07
3.215479438267720980e-08
7.035667977106641047e-07
3.572147733166275430e-08
9.190388894353418436e-09
3.523615177414285426e-09
1.129653348641568300e-08
4.958503723173635080e-07
2.034830437480650289e-08
5.748264584326534532e-07
9.350429763799184002e-09
3.903037963937094901e-07
3.099162029229773907e-07
9.845414297160459682e-07
1.040909182847826742e-06
1.089041575141891371e-06
2.486292260073241778e-06
2.680793329545849701e-07
4.666906647798896302e-07
1.183813537863898091e-06
3.014340791196445934e-06
0.000000000000000000e+00
9.822481672472349601e-08
1.224616084982699249e-06
1.113892722059972584e-06
4.718634045275393873e-06
5.273361747271110289e-10
8.899245358406915329e-07
2.257881988043664023e-06
7.432357165271241684e-07
2.953394186988589354e-06
6.157255825200991239e-07
1.774334776882824372e-07
2.171556729990697931e-07
5.372040732254390605e-07
3.877455156953146798e-08
2.348833049836684950e-06
1.070397843250248116e-06
4.937975518259918317e-06
6.312757250270806253e-07
0.000000000000000000e+00
8.864650880013869028e-08
5.614215314864168249e-09
4.677186637991326279e-09
1.072483897246456763e-07
3.172635842929594219e-07
5.829367069054569583e-07
5.385436452343128622e-07
1.970866350120559218e-07
0.000000000000000000e+00
0.000000000000000000e+00
0.000000000000000000e+00
9.500002988716005348e-07
6.130660867853521268e-09
2.132954257660912845e-09
6.629286417592084035e-07
0.000000000000000000e+00
0.000000000000000000e+00
0.000000000000000000e+00
1.082673328767214116e-08
1.971073061213246547e-06
0.000000000000000000e+00
1.974807446458726190e-06
1.131605245063838083e-07
2.017873384829727001e-06
9.779440688362228684e-07
2.663723080331692472e-06
1.664060249595422647e-07
0.000000000000000000e+00
0.000000000000000000e+00
2.222097172932535614e-08
4.305169568397104740e-06
5.224102324064006098e-07
5.952260195840608503e-08
3.268490331720386166e-07
4.703789500126731582e-07
4.498722773860208690e-06
2.083248773487866856e-06
2.716290303794721694e-08
1.564574631629511714e-06
1.056037490343442187e-06
6.681082140858052298e-07
2.000634324872407888e-08
5.975150997983291745e-06
4.874442538493894972e-07
8.769240622541474295e-08
1.885427650449855719e-06
2.267009449496981688e-06
2.632887117215432227e-07
2.518560293651717075e-08
0.000000000000000000e+00
0.000000000000000000e+00
1.318367859326485814e-09
3.220448547835985664e-07
0.000000000000000000e+00
0.000000000000000000e+00
0.000000000000000000e+00
3.173126117417268688e-07
1.826658575510009541e-07
0.000000000000000000e+00
0.000000000000000000e+00
6.846540401284073596e-08
0.000000000000000000e+00
9.591263960828655399e-07
0.000000000000000000e+00
3.857215688185533509e-06
2.851054059505031546e-09
0.000000000000000000e+00
0.000000000000000000e+00
4.127311825641299947e-09
5.355535108719777782e-07
0.000000000000000000e+00
9.733216899121543975e-09
7.627593276993138716e-07
1.290288764721481130e-07
3.786617810419556918e-07
0.000000000000000000e+00
1.552984372210630681e-06
0.000000000000000000e+00
1.265421474272443447e-06
0.000000000000000000e+00
5.163619789527729154e-07
2.551199429490225157e-08
1.244848021997313481e-06
1.362404077553946991e-06
1.250091372639872134e-06
2.886921720346435905e-06
2.507423175757139688e-07
1.536618128739064559e-06
3.302252707726438530e-06
1.138260259381240758e-07
1.089918100660725031e-06
1.521260486470055184e-07
1.318417503171076532e-06
1.262017690351058263e-07
2.648591248544107657e-07
5.822943194289109670e-07
3.086311153310816735e-06
4.531200829660519958e-06
1.423402551381514058e-07
0.000000000000000000e+00
0.000000000000000000e+00
6.501083475995983463e-07
0.000000000000000000e+00
1.704658529888547491e-07
0.000000000000000000e+00
0.000000000000000000e+00
1.940985470127998269e-07
3.007411351063637994e-07
2.955786521574230163e-14
1.410884777897081221e-07
8.432058393736951984e-07
4.132430603931425139e-06
3.503688006389893417e-08
0.000000000000000000e+00
0.000000000000000000e+00
0.000000000000000000e+00
0.000000000000000000e+00
3.681481786088625086e-08
3.369095447069980764e-09
1.120513502428366337e-06
0.000000000000000000e+00
0.000000000000000000e+00
2.712975621932400827e-08
2.811619825848765686e-09
2.914688138844212517e-06
0.000000000000000000e+00
6.059844395167601760e-07
1.137566485454044596e-07
2.218479551174823428e-07
1.021154574232241430e-07
5.697719984709692653e-08
1.796909828044590540e-06
6.619018222409067675e-09
1.523352352705842350e-06
2.442451574324877583e-09
1.884689204700862319e-08
0.000000000000000000e+00
0.000000000000000000e+00
0.000000000000000000e+00
0.000000000000000000e+00
1.428339714948378969e-06
2.299937733596379985e-07
1.242587472916056868e-06
4.028292437396885362e-07
3.942910353771367227e-08
2.337942987651331350e-06
2.979178646000946173e-07
5.400288955570431426e-06
1.555230824124009814e-06
1.529339101580262650e-06
3.975472111505951034e-07
1.741124947329808492e-06
0.000000000000000000e+00
5.773886968540864473e-08
2.355411226062642527e-07
2.878374516512849368e-07
1.835739908528921660e-06
2.482044862972543342e-07
3.833057178326271242e-07
4.801920113095548004e-06
3.032524773516342975e-06
1.812835961345626856e-07
1.348877276541315950e-06
3.034263045265106484e-07
5.226182565820636228e-06
3.379419126758875791e-07
2.340141946888252278e-07
1.736404975360983372e-08
1.066722688847221434e-06
1.150132646898782696e-07
4.488349247822043253e-07
0.000000000000000000e+00
0.000000000000000000e+00
0.000000000000000000e+00
0.000000000000000000e+00
6.051694256825612683e-09
1.244984986215058598e-07
3.663606094050919637e-07
3.483472710286150686e-07
8.667906854498141911e-07
5.872274755347461905e-08
6.921077329025138170e-07
8.702262022097784211e-08
1.390671855006075930e-06
1.304051238548709080e-06
2.157869882779550608e-09
7.901022058831586037e-07
0.000000000000000000e+00
1.743925537311952212e-08
0.000000000000000000e+00
0.000000000000000000e+00
1.400903357762217638e-07
5.954694302090501878e-07
0.000000000000000000e+00
1.307896468460967299e-06
3.099162881881056819e-07
1.189776188681435087e-08
0.000000000000000000e+00
1.104444091737377676e-08
8.648218141615870991e-09
4.885039484037179136e-09
2.834183305822080001e-07
8.222590608397695178e-09
3.376996815518396033e-08
1.665237614467685034e-09
8.505501858380171143e-10
0.000000000000000000e+00
7.189707051935556592e-09
0.000000000000000000e+00
0.000000000000000000e+00
7.319790995552466484e-08
0.000000000000000000e+00
1.172075940303329844e-06
4.197236762593092863e-07
1.161110247949181939e-07
1.700290965800377307e-07
1.748775986243344960e-07
2.366033129419520264e-07
0.000000000000000000e+00
0.000000000000000000e+00
1.289959072892088443e-06
2.073979203487397172e-06
1.411573612131178379e-05
9.007158041640650481e-08
2.894913677664590068e-07
3.524547480537876254e-07
5.595028884641806144e-09
1.726385903566551860e-06
0.000000000000000000e+00
1.982888079510303214e-06
1.670733922765066382e-06
1.839227934397058561e-06
1.148478531831642613e-06
3.366104124324920122e-07
1.176714818029722665e-06
0.000000000000000000e+00
0.000000000000000000e+00
7.113531097502345801e-08
1.932660325110191479e-06
1.083146301539272827e-07
0.000000000000000000e+00
2.924691671069012955e-07
1.853150024544447660e-07
0.000000000000000000e+00
5.538291247830784414e-07
3.101140748640318634e-07
0.000000000000000000e+00
6.766394111679119305e-09
0.000000000000000000e+00
2.537757382015115581e-07
8.935244721897106501e-08
3.068558953600586392e-06
0.000000000000000000e+00
1.694973690291590174e-07
0.000000000000000000e+00
3.649143422990164254e-07
0.000000000000000000e+00
0.000000000000000000e+00
5.304551109475141857e-07
5.419366857495333534e-07
2.162799432881001849e-07
0.000000000000000000e+00
1.629568591177132930e-09
0.000000000000000000e+00
0.000000000000000000e+00
0.000000000000000000e+00
1.562444791602946026e-11
1.611271613910503220e-07
3.013102300997161365e-08
0.000000000000000000e+00
6.472722816397435963e-06
0.000000000000000000e+00
0.000000000000000000e+00
0.000000000000000000e+00
0.000000000000000000e+00
2.109475190081866458e-07
0.000000000000000000e+00
0.000000000000000000e+00
0.000000000000000000e+00
0.000000000000000000e+00
0.000000000000000000e+00
0.000000000000000000e+00
3.020895533722978143e-09
0.000000000000000000e+00
0.000000000000000000e+00
0.000000000000000000e+00
8.265326201239986403e-09
2.814490471791941673e-07
0.000000000000000000e+00
1.188188002848589164e-11
2.179125004886373063e-07
0.000000000000000000e+00
6.883226888021454215e-06
5.355850518640181690e-08
0.000000000000000000e+00
3.343191057325611837e-09
3.415761739233857952e-06
0.000000000000000000e+00
4.536417463896214031e-08
2.661442067619645968e-06
1.614240403569056070e-07
3.324988711028709076e-07
4.049794100069448177e-08
6.014118412167590577e-07
1.433566954034404262e-08
4.480358750669211076e-09
1.923395558378615533e-07
0.000000000000000000e+00
4.255855667878449822e-09
1.585640688972489443e-06
4.898869974567787722e-06
1.142829546552093234e-07
1.246499209628382232e-06
4.308142706577200443e-06
0.000000000000000000e+00
1.454986772841948550e-06
3.110028728769975714e-06
1.280724063690286130e-06
3.755483248824020848e-07
4.567005191802309128e-07
2.900310619224910624e-06
4.556378030429186765e-07
3.266413557412306545e-07
3.120176756965520326e-07
0.000000000000000000e+00
5.151812842996150721e-08
4.104071038568690710e-08
9.506175757678647642e-08
4.095507790680130711e-07
1.232514568982878700e-05
8.835983180688344873e-07
3.627311855325388024e-07
5.129543296789051965e-07
0.000000000000000000e+00
6.606967986044764984e-07
5.239818960944830906e-07
1.000166662379342597e-06
7.750870167910761666e-07
1.732456553327210713e-06
2.022411308644223027e-06
9.585133966538705863e-07
6.080330194890848361e-07
2.388443363088299520e-07
1.147269813372986391e-06
6.425456717806810047e-07
0.000000000000000000e+00
0.000000000000000000e+00
0.000000000000000000e+00
3.612401826558198081e-07
0.000000000000000000e+00
0.000000000000000000e+00
0.000000000000000000e+00
1.011822746477264445e-06
4.944358238390123006e-07
0.000000000000000000e+00
2.613717464683418257e-09
4.807630960002029497e-10
5.391702302404155489e-07
0.000000000000000000e+00
0.000000000000000000e+00
0.000000000000000000e+00
0.000000000000000000e+00
0.000000000000000000e+00
0.000000000000000000e+00
0.000000000000000000e+00
3.538096677857538452e-07
0.000000000000000000e+00
4.713211598783573208e-09
1.012089168028751374e-08
1.478153244249824638e-08
7.244408628537257755e-09
1.381729788363372791e-07
3.889521167366183363e-07
0.000000000000000000e+00
2.454428624787396984e-07
1.690536691967281513e-06
2.412836375143001533e-09
1.665722038524108939e-06
0.000000000000000000e+00
6.357544748425425496e-07
2.533002074756041111e-08
3.895665940945036709e-06
2.308152602381596807e-07
0.000000000000000000e+00
1.356741904601221904e-06
7.453953898561849201e-09
0.000000000000000000e+00
9.410815096089208964e-07
2.771517237931675481e-09
4.887529669872492377e-08
2.081294958600210521e-08
6.747123961758916266e-07
0.000000000000000000e+00
2.960939653184890830e-12
1.256109953828854486e-06
0.000000000000000000e+00
1.360143528472690377e-06
2.078899115076637827e-07
4.270339104550657794e-08
2.283612587916650227e-07
2.224085449142876314e-07
1.089903321371821221e-06
4.813015266336151399e-07
4.325390818848973140e-07
2.157009475922677666e-06
4.564246296467899811e-07
4.817423473468807060e-07
0.000000000000000000e+00
0.000000000000000000e+00
0.000000000000000000e+00
6.018630216431120061e-08
8.232329378188296687e-07
1.822865669964812696e-06
1.707757064650650136e-06
1.478150518652299183e-10
1.081287791748763993e-06
4.948384457748034038e-07
2.939325440820539370e-06
1.368275661661755294e-06
2.322607770111062564e-06
1.114742360641685082e-07
1.553677435595091083e-07
4.505651759245665744e-06
1.346037947769218590e-06
1.151586502601276152e-06
4.334005723194422899e-07
3.128266371277277358e-06
0.000000000000000000e+00
1.278913774882539656e-08
0.000000000000000000e+00
1.859383246483048424e-06
7.482776140932401177e-07
1.293293649951010593e-07
1.491354964855418075e-06
1.039488273235633642e-09
1.735715784434432862e-07
4.026405875379168720e-09
7.739507701387537963e-09
4.694486577250245318e-08
0.000000000000000000e+00
0.000000000000000000e+00
3.102023583778645843e-06
0.000000000000000000e+00
0.000000000000000000e+00
6.021486087526284336e-10
0.000000000000000000e+00
0.000000000000000000e+00
0.000000000000000000e+00
0.000000000000000000e+00
0.000000000000000000e+00
2.600663151497428771e-07
0.000000000000000000e+00
0.000000000000000000e+00
0.000000000000000000e+00
4.140098042171302950e-09
9.138634737837492139e-08
0.000000000000000000e+00
1.170344717138505075e-06
1.926315604805495241e-07
1.342911787105549593e-06
8.440304455348268675e-09
8.458415123868689989e-08
4.078954507491516779e-09
5.760258545706165023e-07
0.000000000000000000e+00
0.000000000000000000e+00
0.000000000000000000e+00
6.283841713639048976e-08
0.000000000000000000e+00
5.265728120207313623e-08
0.000000000000000000e+00
6.100205895975818748e-10
1.418586137447164219e-08
0.000000000000000000e+00
1.927611208429880207e-07
0.000000000000000000e+00
1.556535522695412510e-07
0.000000000000000000e+00
4.398957642592904449e-09
5.541469150216471462e-08
9.784897514464319102e-08
0.000000000000000000e+00
8.023673103707551491e-08
0.000000000000000000e+00
0.000000000000000000e+00
1.308904984398395754e-09
5.231810860095720273e-07
0.000000000000000000e+00
0.000000000000000000e+00
0.000000000000000000e+00
5.149107806801112019e-09
0.000000000000000000e+00
1.150204766986462346e-07
8.020903052852190740e-09
1.562898255258460267e-09
0.000000000000000000e+00
3.352938051648379769e-07
0.000000000000000000e+00
0.000000000000000000e+00
2.139838883863376395e-08
1.009879468938379432e-08
8.499929435856756754e-07
5.486750609406954027e-08
2.789693098748102784e-07
3.007578925462439656e-06
0.000000000000000000e+00
0.000000000000000000e+00
0.000000000000000000e+00
0.000000000000000000e+00
0.000000000000000000e+00
0.000000000000000000e+00
0.000000000000000000e+00
0.000000000000000000e+00
0.000000000000000000e+00
3.120374714171703090e-08
0.000000000000000000e+00
1.993283149204216897e-06
0.000000000000000000e+00
0.000000000000000000e+00
6.698030574625590816e-08
3.059094524360261858e-07
2.082890802057590918e-07
5.639195478579495102e-06
2.532707128466427093e-07
3.702198227983899415e-07
6.103223313402850181e-07
1.291617081733420491e-06
3.109436192971770652e-06
2.471127118042204529e-06
2.738196691609573463e-08
6.667752217026645667e-08
3.655965770121838432e-07
0.000000000000000000e+00
1.176027581095695496e-06
2.489578605491260532e-07
4.936126742904889397e-07
1.851316483225673437e-06
3.026812800399625303e-09
7.904269523351103999e-07
1.107035814129631035e-06
1.134348167397547513e-06
0.000000000000000000e+00
2.551203806433477439e-06
2.216863803639057551e-09
0.000000000000000000e+00
8.522664529664325528e-08
5.573887733589799609e-07
0.000000000000000000e+00
0.000000000000000000e+00
0.000000000000000000e+00
0.000000000000000000e+00
7.741351737422519363e-07
5.009731580685183872e-07
0.000000000000000000e+00
7.125903778160136426e-08
5.745847797555825309e-09
0.000000000000000000e+00
0.000000000000000000e+00
0.000000000000000000e+00
0.000000000000000000e+00
0.000000000000000000e+00
0.000000000000000000e+00
0.000000000000000000e+00
0.000000000000000000e+00
3.246163089443143690e-07
0.000000000000000000e+00
0.000000000000000000e+00
2.774723917298160814e-08
0.000000000000000000e+00
6.207401703761661338e-09
1.518804566558173974e-07
0.000000000000000000e+00
3.042063099201186560e-07
6.021450005277984019e-09
0.000000000000000000e+00
0.000000000000000000e+00
1.198383756673138123e-07
4.619548477080570592e-08
3.157184291779913110e-09
1.181275806061421463e-07
5.733431294174806681e-07
0.000000000000000000e+00
0.000000000000000000e+00
0.000000000000000000e+00
1.426089852429868188e-06
0.000000000000000000e+00
1.889625700357555615e-08
0.000000000000000000e+00
4.835987965634558350e-07
0.000000000000000000e+00
3.911595491956632031e-10
0.000000000000000000e+00
8.029733322700849385e-08
0.000000000000000000e+00
0.000000000000000000e+00
0.000000000000000000e+00
2.779362162641518808e-08
9.348032392608729424e-08
5.606940245428404523e-09
3.852439931506523862e-07
0.000000000000000000e+00
0.000000000000000000e+00
0.000000000000000000e+00
6.577374023208903964e-08
0.000000000000000000e+00
0.000000000000000000e+00
0.000000000000000000e+00
0.000000000000000000e+00
0.000000000000000000e+00
1.280399573033719207e-07
3.515332878123444971e-07
0.000000000000000000e+00
7.459473927440285479e-09
0.000000000000000000e+00
1.161948759431652434e-08
0.000000000000000000e+00
0.000000000000000000e+00
5.829292604175861925e-09
0.000000000000000000e+00
1.985228209377964959e-06
5.922318280227045761e-08
0.000000000000000000e+00
6.778926575634613982e-08
1.303011316622360027e-07
3.289745142964761726e-09
0.000000000000000000e+00
2.107629057945814566e-07
8.147944186021049973e-07
7.997863704645169491e-09
0.000000000000000000e+00
0.000000000000000000e+00
2.288727651844624233e-09
0.000000000000000000e+00
1.176711180050915573e-06
1.898355179719146690e-07
2.167884076698101126e-06
6.912077310516906437e-08
1.877529257399146445e-06
0.000000000000000000e+00
3.979081157012842596e-06
0.000000000000000000e+00
7.872494052207912318e-07
5.725491902808244049e-08
2.622431566123850644e-06
1.970378527005323122e-09
6.578769529141936800e-08
4.923965661873808131e-06
0.000000000000000000e+00
4.169003275933391706e-08
1.976118646496161091e-08
4.096364989436551696e-07
1.890864496090216562e-07
7.176543022069381550e-07
4.900990120404458139e-07
0.000000000000000000e+00
6.720348721955815563e-09
6.410022592717723455e-07
1.168270728157949634e-06
7.576173466361524333e-09
9.931221001124868053e-08
7.329577500492234776e-10
1.997241483309153409e-09
0.000000000000000000e+00
3.331935971573329880e-08
5.405601299912632385e-08
3.756991873160586692e-08
0.000000000000000000e+00
0.000000000000000000e+00
8.047840651670412626e-07
0.000000000000000000e+00
5.418229420683928765e-08
2.195063153465071082e-08
0.000000000000000000e+00
3.790161144934245385e-07
2.078535999316954985e-06
0.000000000000000000e+00
3.281577676261804299e-07
6.322289802795921787e-09
0.000000000000000000e+00
0.000000000000000000e+00
0.000000000000000000e+00
4.498617922621406251e-09
0.000000000000000000e+00
0.000000000000000000e+00
0.000000000000000000e+00
0.000000000000000000e+00
0.000000000000000000e+00
1.107493289964622818e-06
0.000000000000000000e+00
4.143147407376090996e-07
0.000000000000000000e+00
4.202323378166283874e-09
0.000000000000000000e+00
5.345917841736991249e-08
3.327579918277479010e-07
0.000000000000000000e+00
0.000000000000000000e+00
0.000000000000000000e+00
0.000000000000000000e+00
0.000000000000000000e+00
0.000000000000000000e+00
0.000000000000000000e+00
2.078646446079801535e-07
1.009578998178994880e-08
2.713401499931933358e-06
0.000000000000000000e+00
5.198259032113128342e-07
1.815831751628138591e-08
0.000000000000000000e+00
0.000000000000000000e+00
0.000000000000000000e+00
2.966230283618642716e-08
0.000000000000000000e+00
2.737031934429978719e-07
0.000000000000000000e+00
0.000000000000000000e+00
9.548849533302927739e-08
0.000000000000000000e+00
2.293829766131239012e-07
0.000000000000000000e+00
0.000000000000000000e+00
3.402906045835152327e-08
0.000000000000000000e+00
3.498745115848578280e-07
1.989224118759125304e-09
2.348029966015019454e-07
6.434687005452133235e-09
0.000000000000000000e+00
0.000000000000000000e+00
0.000000000000000000e+00
0.000000000000000000e+00
2.987709857293907589e-09
0.000000000000000000e+00
0.000000000000000000e+00
7.622771747151091404e-09
0.000000000000000000e+00
3.517754976201104000e-09
7.671923185625928454e-07
3.476999665963376174e-07
2.044292513048162618e-09
0.000000000000000000e+00
0.000000000000000000e+00
0.000000000000000000e+00
3.567706698959227651e-07
0.000000000000000000e+00
0.000000000000000000e+00
0.000000000000000000e+00
1.698698737229165090e-09
0.000000000000000000e+00
4.290766355552477762e-06
0.000000000000000000e+00
3.913069406280555995e-07
0.000000000000000000e+00
0.000000000000000000e+00
4.990778279534424655e-08
7.128443613169110904e-09
4.221422766903515367e-09
3.224252509426150937e-08
5.550033165491186082e-06
1.744756627886090428e-05
5.126116775500122458e-06
3.348283996729151113e-07
2.826714762704796158e-06
1.870828612027253257e-07
7.419396297336788848e-08
3.481605403976573143e-08
4.352422422471136088e-07
1.518327394478546921e-06
6.237464162950345781e-07
1.024648952352436027e-07
5.333848562827370188e-08
2.120368662872351706e-07
6.694814601360121742e-06
2.496261686246725731e-06
0.000000000000000000e+00
5.059386154471212649e-08
8.440320442559823277e-08
7.313104788408963941e-07
6.989298526605125517e-07
1.569765686326718424e-06
4.394924815187550848e-07
0.000000000000000000e+00
0.000000000000000000e+00
6.819557540893583791e-08
3.666802115276368568e-07
2.551153177599019273e-10
1.988398281582703930e-07
7.100866561415841716e-10
1.446368624868910047e-08
3.185609784850385040e-07
3.136089787858509226e-08
2.497767184195254231e-07
0.000000000000000000e+00
7.749610517748806160e-07
4.954333689966006204e-06
0.000000000000000000e+00
0.000000000000000000e+00
0.000000000000000000e+00
5.827402205227372178e-08
0.000000000000000000e+00
0.000000000000000000e+00
0.000000000000000000e+00
2.133469223508654977e-07
0.000000000000000000e+00
0.000000000000000000e+00
0.000000000000000000e+00
8.119649237414705567e-07
1.306832775327393392e-08
0.000000000000000000e+00
0.000000000000000000e+00
0.000000000000000000e+00
6.212729775079139927e-10
5.836204852727178150e-09
8.087591396588322823e-08
0.000000000000000000e+00
8.010086958165629767e-07
2.998915761054377072e-06
2.789571240668919927e-09
4.437152867353688634e-09
0.000000000000000000e+00
4.398509290126639826e-08
0.000000000000000000e+00
2.174198812099348288e-07
5.143844794552876465e-10
2.215922734194464283e-08
4.577014749429508811e-07
0.000000000000000000e+00
9.589551375199789618e-09
1.589061611184661160e-07
0.000000000000000000e+00
4.046122992207301650e-09
0.000000000000000000e+00
0.000000000000000000e+00
0.000000000000000000e+00
0.000000000000000000e+00
1.653000225587675232e-08
6.362540716509101912e-09
0.000000000000000000e+00
0.000000000000000000e+00
0.000000000000000000e+00
3.270704818092440291e-09
0.000000000000000000e+00
0.000000000000000000e+00
0.000000000000000000e+00
4.728074376458835104e-09
8.346570545825215959e-09
0.000000000000000000e+00
0.000000000000000000e+00
0.000000000000000000e+00
0.000000000000000000e+00
0.000000000000000000e+00
0.000000000000000000e+00
0.000000000000000000e+00
0.000000000000000000e+00
0.000000000000000000e+00
0.000000000000000000e+00
1.017605444353364419e-09
0.000000000000000000e+00
1.638971838247016422e-07
9.508651643841403711e-09
0.000000000000000000e+00
0.000000000000000000e+00
0.000000000000000000e+00
1.933965210199062312e-09
1.705368402049600718e-09
0.000000000000000000e+00
0.000000000000000000e+00
0.000000000000000000e+00
0.000000000000000000e+00
2.113021979610607559e-09
0.000000000000000000e+00
2.754484000888623996e-07
0.000000000000000000e+00
0.000000000000000000e+00
3.117372216365765780e-06
3.801465453534547123e-08
4.380083140631541028e-08
1.845883588202923420e-07
2.627518114195481758e-08
9.139960788218104426e-09
1.621648806349185179e-07
3.899402400975304772e-08
8.922545369216550171e-09
1.816328790482657496e-06
7.287412273626614478e-08
1.014458234749326948e-06
2.741265234362799674e-06
7.529393997174338438e-07
3.508085683279205114e-06
0.000000000000000000e+00
4.651181370718404651e-06
1.873302153398981318e-06
9.381113841300248168e-08
1.685048687249945942e-07
2.521717590298067080e-07
4.164086249147658236e-07
2.116427992859826190e-07
3.495869407288410002e-07
1.549285229884844739e-06
5.387250325838977005e-07
2.178175463996012695e-06
0.000000000000000000e+00
0.000000000000000000e+00
6.304158306491558506e-10
5.726443763620636673e-09
1.073625298886327073e-06
1.072875406293860578e-07
4.205725101513735353e-09
0.000000000000000000e+00
2.500715254427632317e-06
1.815408978700361331e-07
0.000000000000000000e+00
1.772356839069288981e-08
2.161498713348919409e-08
2.392258835470784106e-09
1.465410036871617194e-06
0.000000000000000000e+00
1.753915739755029790e-06
7.357094489179871744e-09
0.000000000000000000e+00
0.000000000000000000e+00
2.179926106293805788e-08
2.170699531234276947e-08
1.691385520530275244e-08
2.345927327951358166e-07
0.000000000000000000e+00
0.000000000000000000e+00
2.530678955281473463e-07
0.000000000000000000e+00
9.363863568978558760e-07
2.515228823829485094e-11
9.244501342209332506e-08
0.000000000000000000e+00
1.124479140912626463e-07
1.994986632780637592e-06
0.000000000000000000e+00
0.000000000000000000e+00
0.000000000000000000e+00
0.000000000000000000e+00
0.000000000000000000e+00
0.000000000000000000e+00
0.000000000000000000e+00
1.849453568070202891e-08
0.000000000000000000e+00
0.000000000000000000e+00
0.000000000000000000e+00
6.856275547306722729e-09
2.125515408124556416e-08
2.205367977126115875e-08
6.277845841395901516e-06
1.059512371170967526e-07
1.314151063525059726e-07
0.000000000000000000e+00
2.527372977567665657e-08
0.000000000000000000e+00
0.000000000000000000e+00
7.579097349719177146e-09
4.645437456929357722e-07
0.000000000000000000e+00
2.451732150632324192e-08
3.091872997629252495e-07
0.000000000000000000e+00
0.000000000000000000e+00
0.000000000000000000e+00
6.939386366866528988e-06
4.226760330627854501e-10
7.396386170199775734e-09
0.000000000000000000e+00
4.730925429186072506e-09
4.703907485748004547e-09
0.000000000000000000e+00
1.584892395101178408e-08
0.000000000000000000e+00
1.488073877453643945e-07
0.000000000000000000e+00
2.756755657085108169e-10
6.124545315344676055e-10
0.000000000000000000e+00
0.000000000000000000e+00
0.000000000000000000e+00
7.762222935525642242e-07
9.217078513756860048e-07
0.000000000000000000e+00
1.724631033539480995e-07
0.000000000000000000e+00
0.000000000000000000e+00
0.000000000000000000e+00
7.002038273640209809e-07
7.312555680982768536e-07
0.000000000000000000e+00
6.152904852285701054e-09
0.000000000000000000e+00
0.000000000000000000e+00
2.192980685933321183e-09
6.071903535520561945e-10
6.977378674832834804e-09
2.030703249999987747e-08
0.000000000000000000e+00
1.265796356619830476e-10
4.120765118020841555e-10
1.181738262800990924e-09
1.149431341218587477e-07
1.983341007871786132e-06
0.000000000000000000e+00
3.148040150335873477e-06
2.518854671507142484e-06
6.702853738715930376e-07
3.888448190991766751e-06
5.949589649389963597e-06
1.772392010934709106e-06
8.358833980537383468e-08
2.686806055862689391e-06
4.271659236110281199e-06
3.208385805919533595e-07
1.387189030310764792e-07
1.336071164814711665e-07
4.946860698851196503e-08
2.938141960839857347e-06
6.497329341215163367e-09
8.656287064923162689e-08
2.352928277105093002e-06
1.166032131960648144e-10
2.359655866257526213e-07
2.527651510320083617e-08
1.722978311136103002e-07
0.000000000000000000e+00
1.180534695777168963e-06
4.663550896566448500e-07
2.518306985166418599e-07
7.696073112128942739e-07
0.000000000000000000e+00
1.166984997524878054e-08
0.000000000000000000e+00
3.138634951938001905e-08
5.048164664067655849e-10
9.813209800313416054e-09
0.000000000000000000e+00
3.473862086877943511e-09
3.352050725879962556e-07
0.000000000000000000e+00
0.000000000000000000e+00
7.767652299150995532e-09
0.000000000000000000e+00
0.000000000000000000e+00
0.000000000000000000e+00
0.000000000000000000e+00
0.000000000000000000e+00
1.495877199886308517e-07
2.007435568884829991e-07
3.607108611802800624e-09
0.000000000000000000e+00
2.205540283739537699e-07
9.565829017788018973e-09
3.880209078488405794e-07
0.000000000000000000e+00
1.325219378678355042e-10
4.756721807552821701e-07
1.722344045163026749e-08
3.377710555696467054e-09
6.481858605411616736e-08
9.571753389892023733e-10
4.535559980922698742e-07
1.560565543456959858e-08
3.919693458698247923e-09
6.879047305119456723e-07
2.410514454709300480e-09
0.000000000000000000e+00
1.552745487742868136e-07
0.000000000000000000e+00
0.000000000000000000e+00
0.000000000000000000e+00
2.040195994368332322e-07
0.000000000000000000e+00
0.000000000000000000e+00
6.710532574061289779e-09
0.000000000000000000e+00
0.000000000000000000e+00
0.000000000000000000e+00
2.709027967229271638e-11
0.000000000000000000e+00
1.895719208278023871e-07
6.981341726941536763e-08
0.000000000000000000e+00
2.320711978143208398e-08
0.000000000000000000e+00
3.090769666869164212e-07
0.000000000000000000e+00
0.000000000000000000e+00
0.000000000000000000e+00
4.113156863716493916e-12
0.000000000000000000e+00
0.000000000000000000e+00
0.000000000000000000e+00
0.000000000000000000e+00
0.000000000000000000e+00
0.000000000000000000e+00
5.626931738333951216e-07
5.714679285340196202e-10
3.377086699174469686e-08
7.634310961179835431e-09
8.431694027422054205e-07
1.417359829503084256e-08
1.083604495022427727e-08
8.083613778353537782e-09
1.028202323283267106e-08
7.474449859046217171e-08
3.989770448242779821e-06
0.000000000000000000e+00
1.092268689717457164e-06
1.674688689945469378e-07
1.192570380226243287e-06
1.532057240183348767e-06
1.115752823466209520e-07
3.240023431771987816e-07
1.843770064624550287e-06
7.224376759040751494e-07
1.364065383313572966e-06
7.732991207376471721e-07
2.467139950113050872e-07
1.381771710384782637e-07
2.414986681742448127e-07
2.303528532365817227e-07
8.623396183793374803e-07
1.848085133815402514e-07
2.341866093047428876e-06
0.000000000000000000e+00
1.243166389031102881e-05
0.000000000000000000e+00
9.834038792178034782e-07
0.000000000000000000e+00
1.139613345912948716e-06
0.000000000000000000e+00
1.340646008429757785e-06
0.000000000000000000e+00
1.961818618667621195e-08
0.000000000000000000e+00
8.008221641375712352e-09
3.892574318431485381e-10
0.000000000000000000e+00
2.693732126246572989e-09
9.771532631930313073e-07
0.000000000000000000e+00
1.020409978735870027e-08
2.481813199395332958e-09
1.408145635650726035e-06
4.444429464456334244e-07
4.516712579061277211e-06
2.133649132929349435e-07
3.985387131422157836e-09
6.320453493913191778e-09
0.000000000000000000e+00
0.000000000000000000e+00
0.000000000000000000e+00
0.000000000000000000e+00
0.000000000000000000e+00
0.000000000000000000e+00
0.000000000000000000e+00
1.516234817700023996e-07
0.000000000000000000e+00
0.000000000000000000e+00
1.259987048030097867e-08
7.673042201616908642e-10
0.000000000000000000e+00
0.000000000000000000e+00
0.000000000000000000e+00
0.000000000000000000e+00
0.000000000000000000e+00
2.841552486643195152e-07
0.000000000000000000e+00
5.791611079608571799e-10
0.000000000000000000e+00
0.000000000000000000e+00
2.431835532945569867e-08
5.425883955467725173e-07
6.129600715887306706e-10
0.000000000000000000e+00
0.000000000000000000e+00
5.854834626006777398e-07
2.550237354626005981e-07
0.000000000000000000e+00
1.696147999830088793e-09
4.410265219689790683e-08
0.000000000000000000e+00
2.207540887866343837e-07
1.760870873113162816e-06
7.145811764530662913e-07
0.000000000000000000e+00
6.745989544754138478e-09
3.586764876217785059e-07
2.113226400979328901e-06
0.000000000000000000e+00
4.377410789402347291e-07
0.000000000000000000e+00
2.465158033260195225e-08
2.541065580174972638e-09
0.000000000000000000e+00
3.152447789034340531e-06
0.000000000000000000e+00
1.843520294642075896e-06
3.714794305498259064e-10
9.512510956710684695e-08
0.000000000000000000e+00
0.000000000000000000e+00
8.600427037208646652e-09
0.000000000000000000e+00
8.422522768114504288e-08
0.000000000000000000e+00
0.000000000000000000e+00
0.000000000000000000e+00
0.000000000000000000e+00
0.000000000000000000e+00
0.000000000000000000e+00
0.000000000000000000e+00
0.000000000000000000e+00
9.386877386496905729e-11
0.000000000000000000e+00
0.000000000000000000e+00
8.934253337145037221e-09
5.041246087245099261e-09
0.000000000000000000e+00
0.000000000000000000e+00
0.000000000000000000e+00
0.000000000000000000e+00
1.455640274983238669e-09
6.254340600975183406e-09
1.594173681951360777e-10
0.000000000000000000e+00
0.000000000000000000e+00
0.000000000000000000e+00
0.000000000000000000e+00
9.874138839904844644e-09
0.000000000000000000e+00
0.000000000000000000e+00
8.276009211272139510e-09
0.000000000000000000e+00
1.310919151009670713e-09
4.366057515525767485e-11
0.000000000000000000e+00
0.000000000000000000e+00
0.000000000000000000e+00
0.000000000000000000e+00
0.000000000000000000e+00
0.000000000000000000e+00
0.000000000000000000e+00
0.000000000000000000e+00
0.000000000000000000e+00
0.000000000000000000e+00
3.489804001333141059e-09
0.000000000000000000e+00
0.000000000000000000e+00
5.140509795609204957e-09
6.520333073467554641e-08
8.096024544101965148e-07
2.878193239297388573e-09
6.884512515625829110e-08
2.336079433007398620e-06
0.000000000000000000e+00
9.300067382866927801e-09
1.603805621641640755e-08
3.998597094323486090e-06
1.538644767151708947e-07
1.171987094039650401e-07
2.203527884603317943e-07
6.501177374218514160e-09
2.219101347122887091e-08
7.270394689840031788e-06
1.879528639392447076e-07
0.000000000000000000e+00
5.108237814965832513e-07
1.660324073782248888e-07
1.688685191680860953e-09
6.061972612769750413e-07
9.982920801121508703e-07
3.832200334841218137e-08
1.161709164421154128e-07
7.285150616098690080e-08
1.342462212505779462e-07
6.553235607498208992e-07
0.000000000000000000e+00
6.477172291852184571e-07
0.000000000000000000e+00
3.780778801143469536e-09
4.278485903341788799e-07
0.000000000000000000e+00
5.711363471050390217e-08
4.597594305266738957e-09
0.000000000000000000e+00
1.886439671139328311e-09
6.283369913262504269e-08
0.000000000000000000e+00
2.561704661729891086e-07
3.653556746030517388e-07
0.000000000000000000e+00
9.463717809410354675e-09
3.099401624240272213e-07
3.183207297752232989e-07
0.000000000000000000e+00
0.000000000000000000e+00
5.947602943479068927e-08
1.006318029794783797e-06
0.000000000000000000e+00
0.000000000000000000e+00
0.000000000000000000e+00
0.000000000000000000e+00
0.000000000000000000e+00
0.000000000000000000e+00
1.572997575749468524e-06
9.780067422582305880e-09
1.013506562230759300e-06
4.452967061752133304e-08
0.000000000000000000e+00
1.521926229486325610e-08
0.000000000000000000e+00
0.000000000000000000e+00
0.000000000000000000e+00
5.539221348271894385e-08
0.000000000000000000e+00
0.000000000000000000e+00
0.000000000000000000e+00
0.000000000000000000e+00
0.000000000000000000e+00
0.000000000000000000e+00
3.498245177979697473e-07
2.302472879023298447e-09
3.402753918635426089e-07
0.000000000000000000e+00
0.000000000000000000e+00
0.000000000000000000e+00
0.000000000000000000e+00
0.000000000000000000e+00
0.000000000000000000e+00
0.000000000000000000e+00
0.000000000000000000e+00
3.599979436330613680e-06
0.000000000000000000e+00
0.000000000000000000e+00
7.844485949703994265e-09
0.000000000000000000e+00
2.788283204324670805e-08
7.122932910164081477e-09
2.091893094302577083e-07
1.938292726322288217e-08
0.000000000000000000e+00
0.000000000000000000e+00
0.000000000000000000e+00
7.065793283800303470e-09
0.000000000000000000e+00
2.175029045758947177e-09
9.278890047426102683e-07
0.000000000000000000e+00
0.000000000000000000e+00
7.702269044784770813e-09
6.020186127386750741e-09
0.000000000000000000e+00
0.000000000000000000e+00
1.154051361140773224e-07
1.862360266002838216e-09
0.000000000000000000e+00
0.000000000000000000e+00
5.543821998688081010e-11
0.000000000000000000e+00
4.592721314367054219e-09
4.208502712987893801e-10
7.382186417714819981e-09
1.075649169735015676e-08
0.000000000000000000e+00
5.894283958696178161e-07
3.972874310420593247e-06
4.291500772524159402e-06
1.125123887391055177e-07
8.981181309763996978e-08
1.007165977284785185e-07
0.000000000000000000e+00
4.773629370902199298e-06
7.617468895659840200e-07
0.000000000000000000e+00
4.304534684251848375e-07
1.149597551375336479e-06
2.584122512416797690e-06
0.000000000000000000e+00
2.913699745477060787e-06
5.211304028307495173e-07
2.781734167456306750e-07
1.458728071668247139e-08
1.677766476859687828e-06
0.000000000000000000e+00
5.876549948879983276e-07
5.202281840865907725e-07
2.020505149857854121e-07
2.035537107758500497e-07
8.357108640666410793e-07
1.030880341090778529e-07
6.517390715998772066e-07
1.501915903645567596e-06
9.069724526966638223e-09
2.458549033690360375e-06
4.503205308648006167e-10
3.708870011109866027e-08
6.468272317761147860e-08
7.791734788042958826e-06
1.935694982080349291e-08
1.693956619419623166e-07
0.000000000000000000e+00
0.000000000000000000e+00
0.000000000000000000e+00
7.107539090611680876e-07
8.511550575462933921e-09
1.002400740190978468e-08
1.749961597852234263e-06
5.367398898670217022e-07
4.501550687763256064e-09
0.000000000000000000e+00
0.000000000000000000e+00
7.462209516972961865e-09
6.842789446181996027e-09
5.197147174840210937e-07
0.000000000000000000e+00
0.000000000000000000e+00
0.000000000000000000e+00
0.000000000000000000e+00
0.000000000000000000e+00
0.000000000000000000e+00
0.000000000000000000e+00
0.000000000000000000e+00
0.000000000000000000e+00
0.000000000000000000e+00
2.850385953934164718e-06
6.693499585708195809e-07
0.000000000000000000e+00
1.125571884585951921e-06
0.000000000000000000e+00
3.206045562365034129e-07
3.554536493702992184e-13
2.450696069689062284e-11
0.000000000000000000e+00
4.563547690850100480e-07
0.000000000000000000e+00
0.000000000000000000e+00
1.853479147939651739e-09
0.000000000000000000e+00
0.000000000000000000e+00
0.000000000000000000e+00
0.000000000000000000e+00
2.479166871793836435e-09
3.075749361869384302e-07
0.000000000000000000e+00
4.990170054952614009e-07
2.926443869455397362e-07
9.536564427037319547e-09
0.000000000000000000e+00
6.334489057735481765e-07
0.000000000000000000e+00
0.000000000000000000e+00
0.000000000000000000e+00
2.522739794841299954e-10
1.166196805790775670e-09
0.000000000000000000e+00
7.059590245717117796e-08
0.000000000000000000e+00
0.000000000000000000e+00
0.000000000000000000e+00
0.000000000000000000e+00
0.000000000000000000e+00
1.376817326814716580e-09
0.000000000000000000e+00
0.000000000000000000e+00
0.000000000000000000e+00
0.000000000000000000e+00
0.000000000000000000e+00
0.000000000000000000e+00
0.000000000000000000e+00
0.000000000000000000e+00
0.000000000000000000e+00
0.000000000000000000e+00
0.000000000000000000e+00
0.000000000000000000e+00
0.000000000000000000e+00
0.000000000000000000e+00
0.000000000000000000e+00
0.000000000000000000e+00
0.000000000000000000e+00
0.000000000000000000e+00
0.000000000000000000e+00
0.000000000000000000e+00
0.000000000000000000e+00
0.000000000000000000e+00
0.000000000000000000e+00
0.000000000000000000e+00
0.000000000000000000e+00
2.239174818896572106e-06
1.779071823193589807e-07
4.182175246114638867e-07
2.373383949816343375e-06
1.556354334297793685e-07
4.966469759892788716e-07
1.374359499095589854e-06
0.000000000000000000e+00
3.425670911383349448e-07
3.405293682590126991e-07
2.128759035713301273e-07
0.000000000000000000e+00
9.298480563302291557e-08
1.281583195122948382e-06
0.000000000000000000e+00
0.000000000000000000e+00
1.208815410791430622e-05
8.925018846639432013e-06
5.497308208646245475e-08
4.041254669573390856e-06
5.078916842649050523e-07
7.930776746434275992e-07
0.000000000000000000e+00
2.068242821451349300e-08
0.000000000000000000e+00
2.835365648934384808e-07
2.119416535606433172e-07
9.265097133948074770e-08
2.741653020166268107e-07
3.580275233616703190e-06
8.263892254944948945e-07
1.335949573189054718e-09
4.407705091580282897e-06
1.722263277770252898e-06
4.853893074141524266e-07
1.019102228383417241e-06
4.907178308144466428e-08
1.216537981463261531e-07
6.811757913283145172e-08
3.408171323826536536e-06
1.209407400892814621e-06
5.501696591636573430e-07
8.284197328123354964e-09
2.226583575293261674e-07
0.000000000000000000e+00
0.000000000000000000e+00
3.577941498633663286e-09
0.000000000000000000e+00
0.000000000000000000e+00
0.000000000000000000e+00
4.072203410032670945e-07
0.000000000000000000e+00
0.000000000000000000e+00
0.000000000000000000e+00
0.000000000000000000e+00
1.407189671454034396e-07
3.470950749040468963e-10
2.210167382443728457e-09
1.657474602012598552e-09
1.269564731121164414e-10
6.517696937713424177e-10
2.072372353723039851e-06
0.000000000000000000e+00
0.000000000000000000e+00
0.000000000000000000e+00
1.996862231123941456e-09
0.000000000000000000e+00
0.000000000000000000e+00
0.000000000000000000e+00
0.000000000000000000e+00
3.593393671508238185e-07
0.000000000000000000e+00
0.000000000000000000e+00
2.107628738201583474e-08
0.000000000000000000e+00
0.000000000000000000e+00
0.000000000000000000e+00
0.000000000000000000e+00
9.658077892993333080e-09
1.151918667119389283e-07
2.010121136208908865e-07
2.404249528353830101e-07
0.000000000000000000e+00
0.000000000000000000e+00
0.000000000000000000e+00
1.374876990034579194e-09
4.991081254956952762e-07
0.000000000000000000e+00
6.780205286105456253e-09
0.000000000000000000e+00
3.501667622529680557e-09
5.477430065070620913e-09
0.000000000000000000e+00
0.000000000000000000e+00
1.616200506759923883e-08
1.833448948218574515e-08
0.000000000000000000e+00
0.000000000000000000e+00
1.860063075787010689e-10
0.000000000000000000e+00
0.000000000000000000e+00
3.326402264747230220e-09
4.615400484908604994e-06
0.000000000000000000e+00
0.000000000000000000e+00
0.000000000000000000e+00
0.000000000000000000e+00
2.021916088779107668e-06
0.000000000000000000e+00
6.134535102120253214e-09
9.320902272236253339e-09
7.145069389480340760e-07
0.000000000000000000e+00
0.000000000000000000e+00
0.000000000000000000e+00
0.000000000000000000e+00
0.000000000000000000e+00
0.000000000000000000e+00
0.000000000000000000e+00
0.000000000000000000e+00
5.999881480533986178e-09
2.295641676752779858e-09
0.000000000000000000e+00
5.841141792473081296e-09
3.425421652991644805e-07
0.000000000000000000e+00
4.578283974154828684e-09
4.044092065669246949e-07
0.000000000000000000e+00
9.130780576072083932e-09
5.979362838193225116e-11
0.000000000000000000e+00
0.000000000000000000e+00
0.000000000000000000e+00
0.000000000000000000e+00
0.000000000000000000e+00
0.000000000000000000e+00
0.000000000000000000e+00
0.000000000000000000e+00
0.000000000000000000e+00
0.000000000000000000e+00
0.000000000000000000e+00
0.000000000000000000e+00
2.358703028448871919e-07
0.000000000000000000e+00
0.000000000000000000e+00
1.552849766994768288e-06
2.510615502160362666e-07
1.926185859701945446e-06
0.000000000000000000e+00
0.000000000000000000e+00
2.262764382976456545e-06
2.579538659119862132e-06
8.962140896073833574e-08
4.744195848616072908e-06
8.861489391165378038e-07
0.000000000000000000e+00
1.436513457520049997e-06
0.000000000000000000e+00
0.000000000000000000e+00
0.000000000000000000e+00
1.030967089477030640e-09
1.374963062517053913e-06
1.057518375091603957e-06
3.787225978157948703e-06
8.316361821414375299e-09
6.811730486333544832e-07
0.000000000000000000e+00
2.742278866207925603e-07
2.169473702906543622e-07
4.147709375956765143e-07
3.272988351454841904e-07
4.780706603924045339e-07
6.460064696511835791e-07
3.909762824605422793e-07
8.751040354582073633e-07
1.669801719117458561e-07
0.000000000000000000e+00
1.681628702954185428e-08
5.056348300058743916e-07
1.710290433720729197e-07
9.411930790292899474e-08
1.489228907303186134e-06
5.651085643876285758e-07
5.553735960006633832e-08
5.596759322656907898e-08
0.000000000000000000e+00
9.263973588247154112e-09
0.000000000000000000e+00
0.000000000000000000e+00
9.366212694317255227e-09
0.000000000000000000e+00
0.000000000000000000e+00
5.584989537510409718e-08
0.000000000000000000e+00
1.278555594730335088e-09
0.000000000000000000e+00
4.351277116398932776e-09
0.000000000000000000e+00
0.000000000000000000e+00
0.000000000000000000e+00
0.000000000000000000e+00
1.043169888248485222e-07
5.859901648364029825e-07
2.687089590835967101e-07
0.000000000000000000e+00
7.727207139126071600e-14
0.000000000000000000e+00
0.000000000000000000e+00
0.000000000000000000e+00
0.000000000000000000e+00
1.861129277358486434e-07
3.248008306755423291e-09
9.652078460931079462e-07
5.165895800018915907e-07
0.000000000000000000e+00
0.000000000000000000e+00
8.575651122555427719e-08
0.000000000000000000e+00
3.013626610481878743e-07
0.000000000000000000e+00
8.315389976587539422e-08
0.000000000000000000e+00
0.000000000000000000e+00
0.000000000000000000e+00
7.856895689606346878e-12
0.000000000000000000e+00
0.000000000000000000e+00
0.000000000000000000e+00
0.000000000000000000e+00
0.000000000000000000e+00
0.000000000000000000e+00
5.626782808576535899e-07
0.000000000000000000e+00
0.000000000000000000e+00
8.439805299076397205e-09
0.000000000000000000e+00
0.000000000000000000e+00
6.596832236027694307e-07
0.000000000000000000e+00
0.000000000000000000e+00
1.234523523407915491e-07
4.126803787585231476e-09
0.000000000000000000e+00
9.140284973341294972e-09
0.000000000000000000e+00
0.000000000000000000e+00
0.000000000000000000e+00
5.396872282403819554e-08
4.514974079938838258e-06
1.036020602640519428e-08
2.420414375592372380e-06
0.000000000000000000e+00
2.152959041268331930e-06
0.000000000000000000e+00
0.000000000000000000e+00
9.336388302472187206e-07
8.671991480468932423e-08
1.134478793574089650e-06
8.509283020430302713e-07
1.822519379857112654e-06
0.000000000000000000e+00
4.284482201910577714e-06
3.592011799113947745e-09
1.542695144962635823e-06
3.068078013868102971e-09
0.000000000000000000e+00
2.185017820011125877e-06
3.592751909309299663e-06
1.598649078005109914e-06
2.794814690787461586e-07
8.430647824297921034e-08
2.725092684841001756e-08
1.017675874126489077e-10
6.159276608741492964e-07
2.232480028396821581e-06
6.548150111029826803e-08
0.000000000000000000e+00
9.739678397124862386e-09
3.497983680489369362e-09
7.892460907044096530e-09
8.989670341463806835e-09
3.658103082671004813e-07
1.412507089071368682e-07
1.769943125395911920e-08
1.151635871110556764e-07
0.000000000000000000e+00
0.000000000000000000e+00
0.000000000000000000e+00
7.992745167939574458e-07
6.018633508242388075e-11
0.000000000000000000e+00
1.230358407156018075e-06
0.000000000000000000e+00
0.000000000000000000e+00
0.000000000000000000e+00
0.000000000000000000e+00
0.000000000000000000e+00
9.411380688106874004e-07
1.155216580173146212e-07
0.000000000000000000e+00
0.000000000000000000e+00
0.000000000000000000e+00
6.070814073666497279e-09
0.000000000000000000e+00
0.000000000000000000e+00
2.601302462323928921e-08
5.543451564449242142e-08
6.651252988376654685e-07
3.596406372707861010e-07
4.444384558155434206e-06
0.000000000000000000e+00
0.000000000000000000e+00
0.000000000000000000e+00
7.573678573180586682e-08
1.099528731174359564e-06
5.714371127396589145e-07
7.120378882063960191e-07
3.533968850888413726e-08
2.662599563052481244e-08
0.000000000000000000e+00
0.000000000000000000e+00
1.497932942129409639e-07
9.953223800707178270e-10
0.000000000000000000e+00
0.000000000000000000e+00
0.000000000000000000e+00
0.000000000000000000e+00
0.000000000000000000e+00
0.000000000000000000e+00
0.000000000000000000e+00
3.876923074130900204e-06
0.000000000000000000e+00
0.000000000000000000e+00
5.839683403507933690e-09
0.000000000000000000e+00
6.956875076014057413e-09
5.552245170292735565e-07
0.000000000000000000e+00
0.000000000000000000e+00
0.000000000000000000e+00
0.000000000000000000e+00
3.683205989091220545e-07
0.000000000000000000e+00
0.000000000000000000e+00
4.133701736463990528e-08
0.000000000000000000e+00
6.224646131869349119e-09
2.120041102671166300e-07
9.467548522934521316e-08
9.880180869004107080e-07
8.047115898079937324e-07
0.000000000000000000e+00
1.710258857201552019e-06
4.479673521018412430e-08
4.375266939860011917e-07
0.000000000000000000e+00
0.000000000000000000e+00
1.825894855755905155e-06
1.574557586536684539e-07
2.157450808226712979e-06
4.345834270225168439e-07
3.925943588001246098e-07
0.000000000000000000e+00
4.636730555063195425e-09
6.881398917357728351e-07
3.502534795529754774e-08
3.317018411053140881e-07
1.044762587554259881e-08
1.154251876300804724e-07
0.000000000000000000e+00
0.000000000000000000e+00
4.635649588635715190e-07
0.000000000000000000e+00
1.179992750621750019e-06
0.000000000000000000e+00
0.000000000000000000e+00
0.000000000000000000e+00
0.000000000000000000e+00
1.639193101254932117e-07
4.978691663382051047e-07
1.943042393648397592e-09
0.000000000000000000e+00
0.000000000000000000e+00
0.000000000000000000e+00
0.000000000000000000e+00
0.000000000000000000e+00
1.611365632925298996e-06
0.000000000000000000e+00
4.684305027202739780e-12
0.000000000000000000e+00
0.000000000000000000e+00
8.006028728857472743e-09
3.671523884918315161e-08
0.000000000000000000e+00
4.230578554142994108e-08
0.000000000000000000e+00
0.000000000000000000e+00
3.437525819549591688e-08
0.000000000000000000e+00
0.000000000000000000e+00
0.000000000000000000e+00
1.674922884831175907e-07
4.227282204283255851e-07
0.000000000000000000e+00
5.377250090532470495e-06
0.000000000000000000e+00
3.477352663594501792e-07
0.000000000000000000e+00
0.000000000000000000e+00
0.000000000000000000e+00
0.000000000000000000e+00
1.285968210140708834e-06
1.476277248002588749e-06
0.000000000000000000e+00
3.743532204225630267e-07
0.000000000000000000e+00
6.815662345616146922e-07
3.213425259218638530e-07
0.000000000000000000e+00
0.000000000000000000e+00
0.000000000000000000e+00
0.000000000000000000e+00
1.647441827401507908e-08
0.000000000000000000e+00
0.000000000000000000e+00
3.107786312739335699e-07
9.714136695038178004e-08
2.830516905305557884e-06
0.000000000000000000e+00
0.000000000000000000e+00
0.000000000000000000e+00
0.000000000000000000e+00
0.000000000000000000e+00
7.608477042841954585e-11
0.000000000000000000e+00
0.000000000000000000e+00
0.000000000000000000e+00
0.000000000000000000e+00
5.935622660047101817e-09
0.000000000000000000e+00
2.184681591188564198e-08
0.000000000000000000e+00
0.000000000000000000e+00
0.000000000000000000e+00
0.000000000000000000e+00
0.000000000000000000e+00
0.000000000000000000e+00
4.370792616725793778e-09
3.941730053469427730e-09
0.000000000000000000e+00
0.000000000000000000e+00
0.000000000000000000e+00
0.000000000000000000e+00
0.000000000000000000e+00
1.347702323073463049e-06
0.000000000000000000e+00
0.000000000000000000e+00
0.000000000000000000e+00
0.000000000000000000e+00
0.000000000000000000e+00
0.000000000000000000e+00
0.000000000000000000e+00
0.000000000000000000e+00
0.000000000000000000e+00
0.000000000000000000e+00
0.000000000000000000e+00
0.000000000000000000e+00
0.000000000000000000e+00
0.000000000000000000e+00
0.000000000000000000e+00
0.000000000000000000e+00
2.701571929719648324e-06
1.099896280720713548e-06
5.214277280174428597e-06
4.680593974626390263e-06
4.356166130037308903e-07
3.456675131019437686e-06
1.649205159992561676e-06
1.213483074025134556e-06
1.012202304195852776e-07
0.000000000000000000e+00
1.320996261711115949e-06
3.569124601199291646e-06
6.177592240419471636e-06
2.901749212469439954e-06
2.656285005286918022e-07
1.478144753264132305e-07
2.629399808995458443e-08
2.650806663950788788e-06
2.391144846569659421e-07
2.690277369765681215e-07
2.547743793712697880e-09
0.000000000000000000e+00
4.161106126332470012e-09
2.357404355279868469e-06
1.861905730038415641e-06
0.000000000000000000e+00
0.000000000000000000e+00
6.492088573395449203e-07
7.970863968864705384e-09
0.000000000000000000e+00
0.000000000000000000e+00
0.000000000000000000e+00
8.176853327768185409e-08
8.253775440891786275e-10
0.000000000000000000e+00
2.718310909699539479e-08
7.163695272538461722e-07
0.000000000000000000e+00
0.000000000000000000e+00
0.000000000000000000e+00
4.674614118016506836e-08
2.807137577942597773e-10
2.209874727654437265e-09
6.714570677246456398e-09
0.000000000000000000e+00
0.000000000000000000e+00
1.605435402673993650e-11
7.728267470419325491e-10
0.000000000000000000e+00
0.000000000000000000e+00
2.676015355973504484e-07
3.482278909672231748e-10
8.698337296664249152e-06
0.000000000000000000e+00
0.000000000000000000e+00
0.000000000000000000e+00
5.274151781975433551e-09
0.000000000000000000e+00
0.000000000000000000e+00
0.000000000000000000e+00
0.000000000000000000e+00
1.106339368561748415e-06
0.000000000000000000e+00
0.000000000000000000e+00
4.497439753947674035e-09
2.843689344445010647e-06
2.556472509240848012e-07
7.041415983621845953e-08
9.847478388280705985e-10
2.259230996060068719e-06
3.677935183077352121e-07
0.000000000000000000e+00
4.336368419899372384e-06
2.375078338445746340e-06
2.233746727142715827e-06
3.189454218954779208e-06
8.422526889262371697e-07
2.393481395301932935e-07
1.931460701598552987e-06
1.693692155413373257e-07
5.030435623609719187e-09
5.672642373610869981e-07
1.552189246467605699e-06
2.972622723973472603e-06
5.895486765439272858e-07
2.941805860245949589e-06
0.000000000000000000e+00
0.000000000000000000e+00
1.898688282153671025e-07
1.517567511655215640e-06
2.626319997034443077e-07
9.284545576804248412e-09
1.894499291665852070e-06
4.979066048349523044e-10
4.892517608823254704e-06
0.000000000000000000e+00
5.924142509883267849e-09
0.000000000000000000e+00
4.395308650373408454e-08
0.000000000000000000e+00
3.650263522558816476e-07
1.933764451678143814e-06
0.000000000000000000e+00
4.847509899263968691e-06
5.296945460031565744e-07
5.751583032065354928e-08
3.107995638629290625e-08
0.000000000000000000e+00
0.000000000000000000e+00
1.038006924858336788e-08
1.586074205306431395e-08
0.000000000000000000e+00
3.480171928416098126e-09
0.000000000000000000e+00
9.302681860390293878e-07
9.790753665583906695e-07
4.362056245099665830e-07
1.957197810042998753e-06
2.425342245260253549e-06
8.765426606771598017e-09
2.535540716053219512e-06
7.902431775619334076e-07
6.286327902671473566e-07
4.565656126942485571e-06
1.084329255718330387e-06
0.000000000000000000e+00
4.331319747308270962e-09
0.000000000000000000e+00
2.491518102942791302e-07
6.056238532892166404e-08
1.300760800404532347e-06
3.082303967616439877e-09
0.000000000000000000e+00
1.021022839609031507e-07
0.000000000000000000e+00
0.000000000000000000e+00
2.595451409348470406e-09
2.035238821918028407e-07
0.000000000000000000e+00
0.000000000000000000e+00
1.101401835512660909e-06
4.631746719496732112e-07
0.000000000000000000e+00
2.406550159150810941e-08
0.000000000000000000e+00
2.258347194583620876e-06
6.270816310660620729e-09
2.056298598063222016e-08
0.000000000000000000e+00
0.000000000000000000e+00
0.000000000000000000e+00
4.642559474632435013e-07
4.079139444002066739e-07
2.095573108817916363e-06
2.014503905911624315e-07
1.429985587719784235e-07
1.415859145481590531e-07
0.000000000000000000e+00
1.321672925769235007e-06
1.798316517920284241e-08
1.233026978297857568e-06
8.327934608587383991e-08
4.755829507985254168e-09
0.000000000000000000e+00
6.968597290324396454e-07
0.000000000000000000e+00
0.000000000000000000e+00
0.000000000000000000e+00
2.649602670601325372e-08
0.000000000000000000e+00
4.397965653879509773e-07
1.624500214347790461e-07
6.299142114585265517e-07
3.011179501299920958e-07
5.108581717649940401e-07
0.000000000000000000e+00
9.050963711842996418e-08
3.195085973572986404e-09
5.516339030009476119e-08
2.258225961782045488e-08
7.320205099858867470e-07
0.000000000000000000e+00
2.409032333616778487e-07
7.520538929384201765e-07
5.701578515981964301e-07
0.000000000000000000e+00
1.136609398599830456e-06
6.443450217830104521e-09
5.549636838964033814e-08
1.364295144412608352e-06
0.000000000000000000e+00
4.043372570095016272e-08
3.198331377518570662e-09
1.355584533513365386e-10
2.137325481044172193e-07
4.008746827821596526e-07
2.007546839877250022e-08
8.455655233774450608e-07
5.919111458752013277e-07
1.391278033224807587e-06
1.059219925991783384e-06
2.066954465362869087e-07
6.963782084312697407e-07
4.366690689039387507e-07
9.036351400482089957e-08
8.748740398800691764e-09
0.000000000000000000e+00
0.000000000000000000e+00
0.000000000000000000e+00
2.218289864686084911e-06
5.593565055583837875e-10
9.504886833155978820e-08
3.657774527709989343e-07
0.000000000000000000e+00
1.618869873709627427e-07
9.278463153350458015e-07
2.589617631443275059e-09
0.000000000000000000e+00
6.042965017272194928e-10
8.163574989339394961e-07
7.969904913807113189e-08
0.000000000000000000e+00
1.277480521366669564e-08
8.816375896003592061e-08
0.000000000000000000e+00
0.000000000000000000e+00
0.000000000000000000e+00
0.000000000000000000e+00
2.787358344136237065e-09
0.000000000000000000e+00
9.364545583423478092e-09
0.000000000000000000e+00
0.000000000000000000e+00
5.284207986733235884e-07
0.000000000000000000e+00
0.000000000000000000e+00
0.000000000000000000e+00
0.000000000000000000e+00
0.000000000000000000e+00
0.000000000000000000e+00
0.000000000000000000e+00
6.606111657703195306e-09
9.152879698604010628e-08
1.069192023805953795e-08
8.844679655339859892e-08
0.000000000000000000e+00
0.000000000000000000e+00
1.059466853803314734e-06
1.152106278823339380e-06
6.049092338145101166e-09
3.137992905521969078e-07
2.006413879485080543e-08
8.362324166455437080e-09
0.000000000000000000e+00
2.346573069189616945e-08
1.722249407976050861e-06
5.801661018267623149e-07
3.452636931911001739e-08
0.000000000000000000e+00
4.199865788478973627e-09
0.000000000000000000e+00
0.000000000000000000e+00
9.263378615287365392e-07
1.137619960900337901e-06
3.504454326730410685e-08
5.106315370539959986e-07
1.034307956615521107e-06
1.493541503805317916e-07
9.615069629376193916e-09
3.094540090842201607e-08
1.780674940832227549e-09
2.185696388323776773e-07
6.343822747112426441e-07
2.073527184620616026e-06
5.407206913332629483e-07
4.719976631761824137e-10
0.000000000000000000e+00
2.117270980761531973e-08
4.222282612431627058e-08
0.000000000000000000e+00
1.244182001869376109e-08
0.000000000000000000e+00
8.534487250244637835e-08
3.457395481021308115e-09
4.878009804087923840e-06
0.000000000000000000e+00
1.057662735171049917e-09
5.192834464651241433e-07
7.696842203586129472e-07
5.877858484382159077e-07
4.982661607755289879e-07
9.783399264051695354e-07
2.828485037298378302e-07
0.000000000000000000e+00
1.595354888195288368e-06
2.326996195733954664e-07
0.000000000000000000e+00
0.000000000000000000e+00
0.000000000000000000e+00
8.454186684048181633e-09
1.825476836359030131e-08
5.384385382001255493e-09
3.476624543807815826e-09
1.427341356219358204e-09
2.933813220806769095e-06
0.000000000000000000e+00
1.038991399582300801e-06
0.000000000000000000e+00
0.000000000000000000e+00
0.000000000000000000e+00
6.688484859296295326e-07
0.000000000000000000e+00
1.278110289604228456e-06
0.000000000000000000e+00
2.451350837873178534e-07
0.000000000000000000e+00
1.684491302000878932e-08
9.823640567674374324e-09
0.000000000000000000e+00
0.000000000000000000e+00
1.157512770078028552e-07
2.194542958022793755e-06
0.000000000000000000e+00
0.000000000000000000e+00
2.173803892446812824e-08
4.710978829258749556e-10
1.033861281030112877e-07
3.772570700277810829e-09
0.000000000000000000e+00
9.064247130652347550e-09
2.474878328939666972e-07
0.000000000000000000e+00
0.000000000000000000e+00
1.240039043670648766e-10
9.867378025774087291e-09
1.186811928732822707e-07
4.527239738649768697e-08
0.000000000000000000e+00
0.000000000000000000e+00
5.507112277314263338e-08
7.019244094408350065e-06
0.000000000000000000e+00
0.000000000000000000e+00
1.077608002830743317e-09
2.801918697059591068e-08
8.010691665560898400e-09
7.857327659621660132e-07
9.510020504421845544e-08
1.471006385145301465e-06
3.403290236292377813e-07
2.059487691496997286e-08
0.000000000000000000e+00
8.362953280993679073e-07
1.161697696261398960e-06
3.344512379044317640e-06
1.604582507752638776e-06
0.000000000000000000e+00
1.256606878996535670e-06
2.814589606714434922e-06
9.325298577778085019e-08
1.143164354289183393e-06
1.363235355711367447e-07
0.000000000000000000e+00
1.088018706241200562e-07
1.992304810016776173e-08
2.529750190660706721e-06
2.397876244231156306e-07
6.774131255937732021e-10
7.416643938995548524e-07
3.557191519121261081e-07
8.109625326824243530e-08
9.187080252104351530e-08
1.152939603343838826e-06
3.381118176548625343e-07
2.925896751548862085e-07
7.444701521919228071e-10
7.495334557461319491e-07
2.682718331925570965e-06
3.431470574355444114e-08
4.795552399627922568e-07
2.024041947379373596e-07
5.810932535155188816e-08
1.996429546125000343e-07
3.263799044361803681e-07
8.623256775308618671e-09
8.259299022483901354e-09
3.909667967150198820e-08
0.000000000000000000e+00
1.035220748235587962e-06
0.000000000000000000e+00
0.000000000000000000e+00
0.000000000000000000e+00
4.084460556441626977e-07
3.703197393178925267e-08
5.188364582409121795e-08
3.638246592885252539e-09
0.000000000000000000e+00
0.000000000000000000e+00
1.689862472176173469e-08
7.965142434507299640e-10
9.532006295387418504e-09
0.000000000000000000e+00
5.329235591489123181e-06
2.260060796288598794e-07
0.000000000000000000e+00
1.942451746117512812e-07
2.418939537562891928e-08
1.100574991141911596e-07
0.000000000000000000e+00
9.340143769520636852e-09
0.000000000000000000e+00
1.539710723363896250e-07
1.904274427033669781e-08
1.043835453629071708e-07
5.807052048112382181e-07
5.058388197198837588e-08
6.859102086309576407e-08
0.000000000000000000e+00
5.242848644115838397e-08
9.691648594767343639e-10
0.000000000000000000e+00
3.521303248987806001e-09
1.825688578094286640e-08
7.732691820194759202e-09
0.000000000000000000e+00
4.996479674446163699e-09
0.000000000000000000e+00
4.225969352233960308e-09
0.000000000000000000e+00
7.950781366616865853e-09
1.630514212536127161e-08
5.341720680007711053e-06
1.153693233391095418e-06
3.214627497527544620e-08
0.000000000000000000e+00
1.060531872099090833e-06
0.000000000000000000e+00
0.000000000000000000e+00
0.000000000000000000e+00
0.000000000000000000e+00
0.000000000000000000e+00
5.614638780571112875e-07
2.417578116364893503e-06
4.714228296620603942e-08
0.000000000000000000e+00
3.397788361780840205e-07
0.000000000000000000e+00
0.000000000000000000e+00
5.014276212023105472e-06
6.796289397925647791e-08
3.428450838782737264e-07
5.103727858113416005e-07
0.000000000000000000e+00
1.889969425405979564e-08
0.000000000000000000e+00
4.914865598948381376e-07
1.222817758161909296e-07
9.094223685224278597e-08
5.767641937381995376e-07
3.880189069604966789e-06
6.235973160073626786e-07
2.580783302619238384e-07
2.826160653057741001e-06
1.000641987047856674e-06
5.439236172577466277e-09
2.129088549907010020e-08
8.347024404997682723e-09
2.650124031333689345e-08
7.255887339852051809e-07
2.308957789409760153e-07
7.077245900433126735e-09
0.000000000000000000e+00
8.316940025565600081e-09
7.733237161744455079e-09
3.849469010219763732e-08
3.104103996065532556e-08
2.294190837304199704e-09
0.000000000000000000e+00
0.000000000000000000e+00
8.817507612945973960e-09
1.513280523113280651e-07
0.000000000000000000e+00
1.483330009932615212e-07
1.964415652366824361e-08
5.396028956994314285e-09
7.132330779313633684e-07
0.000000000000000000e+00
0.000000000000000000e+00
3.739312859352139640e-08
0.000000000000000000e+00
0.000000000000000000e+00
0.000000000000000000e+00
0.000000000000000000e+00
0.000000000000000000e+00
0.000000000000000000e+00
0.000000000000000000e+00
0.000000000000000000e+00
0.000000000000000000e+00
1.191820087065309508e-09
6.475340263989437517e-10
0.000000000000000000e+00
1.572954766437817398e-09
0.000000000000000000e+00
2.682294208966595761e-08
0.000000000000000000e+00
0.000000000000000000e+00
2.530622156271533640e-09
0.000000000000000000e+00
1.398509530403657664e-09
0.000000000000000000e+00
0.000000000000000000e+00
0.000000000000000000e+00
1.115537329177129777e-09
2.375576402258161579e-09
8.185513600267313450e-09
7.499019183399013855e-10
1.209441702343383440e-08
2.629533923936833162e-08
1.285411030949035194e-06
3.128081687009398593e-07
2.792442614918400068e-07
2.809003717629821040e-06
1.219180205680459039e-07
0.000000000000000000e+00
5.765905548155147997e-12
1.401461391381531030e-09
4.550427235017195926e-08
8.457939770778466482e-07
4.837127107748528942e-07
9.235062066181853879e-07
1.235569868640595814e-08
1.069020413524413016e-06
1.322572273920741281e-07
4.465563918643056240e-09
1.024178573061362840e-06
2.274037797178607434e-06
0.000000000000000000e+00
7.365020593397275661e-08
3.644050894369144089e-10
5.620953515972360037e-07
3.959784944385091876e-09
5.459040863797781640e-08
4.129834394461795455e-07
1.249664620672774618e-07
1.647143079708257574e-07
1.242949991819841671e-07
0.000000000000000000e+00
5.791207513539120555e-09
1.887887833618151490e-06
1.362531243387365976e-08
0.000000000000000000e+00
1.105927003663964570e-05
1.249571965900031500e-07
1.059241526490950491e-06
0.000000000000000000e+00
0.000000000000000000e+00
1.629940356906445231e-06
7.587668733322061598e-07
1.502165503097785404e-07
0.000000000000000000e+00
0.000000000000000000e+00
0.000000000000000000e+00
0.000000000000000000e+00
2.013677971035576775e-07
1.924699510880145681e-09
6.504079941294094169e-09
1.757788936629367527e-07
1.721782950880879071e-06
0.000000000000000000e+00
0.000000000000000000e+00
0.000000000000000000e+00
1.351775438251934247e-07
1.647001255378199858e-07
1.854617970309391239e-08
0.000000000000000000e+00
0.000000000000000000e+00
0.000000000000000000e+00
0.000000000000000000e+00
8.089736525107582565e-08
0.000000000000000000e+00
0.000000000000000000e+00
1.149742274719756097e-07
0.000000000000000000e+00
5.638352451597938853e-09
7.399745421445003135e-13
7.195848894525624928e-08
1.882292735899682157e-06
0.000000000000000000e+00
2.518633301917816425e-09
7.863902418137058703e-09
3.903694789642031537e-08
0.000000000000000000e+00
1.596604306541848928e-07
1.206001115860999562e-06
6.731434964990512526e-09
0.000000000000000000e+00
0.000000000000000000e+00
0.000000000000000000e+00
5.457712504153278132e-09
0.000000000000000000e+00
3.523813774108930374e-08
1.965161899875056406e-08
3.212937915719749071e-09
0.000000000000000000e+00
9.089863972633338562e-09
0.000000000000000000e+00
9.970069214659815771e-09
6.868076525279320776e-07
3.736913001262109901e-10
1.067492760853383515e-08
6.118875184313310456e-09
1.197607957692525815e-06
3.229594653930689674e-07
1.028619394105589890e-07
1.901060500131279696e-07
1.730971206370668369e-07
1.150856178355752490e-06
2.532253802201012149e-07
0.000000000000000000e+00
6.059564725546806585e-07
8.813513807659489885e-10
1.160566057478717994e-06
1.160534157662596044e-08
7.843752882763510570e-07
1.289786609959264752e-06
8.089835432656400371e-07
4.844204681830888148e-07
7.168574622795631512e-09
7.529356935265241191e-06
2.546869950492691714e-07
6.610105884874428739e-08
0.000000000000000000e+00
2.219645978129847208e-07
1.309739218413596973e-06
5.708167805096309166e-07
1.329030510532902554e-06
7.374015922323451377e-07
6.213183212366857333e-08
0.000000000000000000e+00
5.761637833501254136e-09
1.983833897156728199e-07
4.720801598523394205e-07
0.000000000000000000e+00
7.588964194837899413e-07
1.579892341396771371e-07
4.672706666042358847e-07
0.000000000000000000e+00
6.144861508516896720e-09
0.000000000000000000e+00
0.000000000000000000e+00
0.000000000000000000e+00
0.000000000000000000e+00
0.000000000000000000e+00
3.073201426673222159e-08
2.927635689431440369e-09
4.782162363881070632e-07
3.420303187340323348e-07
1.748364581999339862e-07
4.617959916686231736e-07
0.000000000000000000e+00
2.791298925330920611e-07
1.198024079940296360e-08
6.249591955054256687e-09
7.009717112316238286e-11
6.850351397247322893e-09
0.000000000000000000e+00
0.000000000000000000e+00
0.000000000000000000e+00
0.000000000000000000e+00
3.574633211655964260e-08
0.000000000000000000e+00
0.000000000000000000e+00
0.000000000000000000e+00
0.000000000000000000e+00
3.315140872928168392e-07
0.000000000000000000e+00
0.000000000000000000e+00
0.000000000000000000e+00
0.000000000000000000e+00
0.000000000000000000e+00
6.973165600498987260e-09
8.335453216545829491e-09
0.000000000000000000e+00
3.316232566330512554e-10
2.828426204359857365e-08
0.000000000000000000e+00
1.610631961135311485e-09
1.458973297729926344e-08
1.149758599439110185e-08
2.294007428460531628e-09
4.479199589013660443e-08
3.078629049468872836e-07
0.000000000000000000e+00
0.000000000000000000e+00
2.566127221825809102e-08
3.329953202069191320e-09
3.380352942006226158e-10
0.000000000000000000e+00
2.158246736883029371e-08
8.766931181014570029e-09
0.000000000000000000e+00
0.000000000000000000e+00
5.486604504056913356e-09
6.824994347454094168e-09
1.736137633656653634e-08
4.165468681094353087e-08
0.000000000000000000e+00
0.000000000000000000e+00
7.504799981461474090e-08
3.614893273606867297e-09
1.343718292190487773e-08
8.045716981541772839e-09
7.242348942781973165e-09
1.311639952206178350e-08
0.000000000000000000e+00
5.099347166748202653e-09
1.688555428813742765e-08
1.983948116901501635e-08
7.740684537793640629e-09
0.000000000000000000e+00
1.112637551536899139e-10
6.252711415299927467e-08
2.061688974208664149e-06
5.489388854584831279e-07
1.167398409052111674e-07
7.426183969982957933e-07
3.300671778561081737e-06
1.222923174282186665e-06
1.350526304122467991e-06
0.000000000000000000e+00
8.806012488093983848e-07
2.105743988067843020e-07
0.000000000000000000e+00
1.393479851685697213e-05
3.846319600597780664e-07
1.442413804397801869e-06
9.748739557835506275e-07
1.151597661674941264e-08
7.442179650318792028e-10
1.228112154194604955e-07
1.112039740291947965e-07
9.674653966840196517e-09
0.000000000000000000e+00
0.000000000000000000e+00
0.000000000000000000e+00
9.220028118761547375e-07
0.000000000000000000e+00
0.000000000000000000e+00
1.075088715968286479e-11
0.000000000000000000e+00
1.486350242885237094e-08
0.000000000000000000e+00
0.000000000000000000e+00
0.000000000000000000e+00
0.000000000000000000e+00
6.738970625974616269e-08
1.732150167299550958e-06
0.000000000000000000e+00
1.888876077771328710e-08
0.000000000000000000e+00
0.000000000000000000e+00
0.000000000000000000e+00
0.000000000000000000e+00
0.000000000000000000e+00
0.000000000000000000e+00
0.000000000000000000e+00
0.000000000000000000e+00
0.000000000000000000e+00
1.384874849463813007e-06
4.595236635651644974e-09
0.000000000000000000e+00
0.000000000000000000e+00
8.053500550886383280e-07
1.970869023537602516e-09
2.562936742833699100e-07
9.184974203435558593e-08
3.784709576848399593e-07
0.000000000000000000e+00
0.000000000000000000e+00
2.139281605195719749e-06
2.840486423849597486e-08
8.537725526558403999e-10
0.000000000000000000e+00
0.000000000000000000e+00
2.956617372804060118e-12
5.482919007704367687e-08
0.000000000000000000e+00
0.000000000000000000e+00
5.696040306091276761e-10
0.000000000000000000e+00
2.421084310810783791e-08
0.000000000000000000e+00
0.000000000000000000e+00
9.810382834984920919e-07
1.582926856258382031e-08
1.054011433687662702e-09
1.439331498431783984e-08
5.008337300438370221e-09
7.387134903780179229e-09
6.164250776485857841e-10
0.000000000000000000e+00
0.000000000000000000e+00
3.944064519423307047e-10
2.807250076841683040e-08
0.000000000000000000e+00
0.000000000000000000e+00
1.011127004346690228e-08
0.000000000000000000e+00
6.371174254837796980e-09
4.566478750689384469e-09
2.055852599269769598e-09
0.000000000000000000e+00
1.010500216835907850e-08
0.000000000000000000e+00
0.000000000000000000e+00
4.492878815653966740e-07
2.291098155637882883e-08
1.030995804285339545e-06
0.000000000000000000e+00
4.408075540140998783e-07
0.000000000000000000e+00
2.534705743073573103e-07
1.940155840429724776e-07
0.000000000000000000e+00
6.884004619678307790e-07
0.000000000000000000e+00
0.000000000000000000e+00
1.601960786246081625e-09
3.982904104304907378e-07
5.836438958795042709e-06
6.947486781427869573e-06
1.318513795922626741e-07
5.100060107565695944e-08
0.000000000000000000e+00
1.539588765808730386e-06
2.701402308957767673e-06
7.729338449280476198e-07
3.003511217514187592e-09
0.000000000000000000e+00
4.830195393878966570e-06
0.000000000000000000e+00
0.000000000000000000e+00
2.178281647502444685e-06
1.136540959123522043e-07
0.000000000000000000e+00
3.225602451806253157e-09
0.000000000000000000e+00
0.000000000000000000e+00
0.000000000000000000e+00
1.339557798019086476e-06
0.000000000000000000e+00
2.174459268644568510e-06
1.177702273480463191e-07
1.509024372126077651e-08
5.193820484805655724e-08
6.654630624325363897e-08
5.314881832418905105e-07
1.017699275962513639e-07
0.000000000000000000e+00
0.000000000000000000e+00
0.000000000000000000e+00
0.000000000000000000e+00
0.000000000000000000e+00
2.049799689984865836e-07
0.000000000000000000e+00
5.627639509953041852e-08
2.313823443955698167e-07
2.100122856063535437e-06
3.734458005055785179e-07
2.630971209782728693e-07
1.782303513664373895e-07
1.744525235380933736e-07
1.075350120061102643e-08
0.000000000000000000e+00
0.000000000000000000e+00
2.628383981573279016e-06
1.226422909894608893e-07
0.000000000000000000e+00
5.379949818973273068e-09
0.000000000000000000e+00
0.000000000000000000e+00
0.000000000000000000e+00
0.000000000000000000e+00
1.214270639593451051e-07
3.510442780907396809e-08
9.463656525099395367e-10
2.332363191470676611e-09
8.749194790880210348e-08
1.656130962146562524e-06
1.268768414774967823e-07
3.737135330084129237e-07
2.319958696261892328e-07
6.193112085384200327e-07
6.738896018987361458e-08
2.026576112257316709e-06
8.110047744480652909e-09
3.848357664537616074e-06
0.000000000000000000e+00
1.615935474319485365e-08
5.783888923360791523e-07
5.356431756808888167e-06
1.821501882659504190e-07
7.499166940760915168e-07
5.492797185979725327e-07
1.097646560310749919e-07
6.829934022789529990e-07
0.000000000000000000e+00
1.759089940378544270e-07
1.109978509106213096e-08
4.495373673307767604e-07
4.868084602094313595e-08
1.518040562586975284e-06
8.283887464877182083e-11
1.210118723976583155e-11
2.141166248748049838e-07
0.000000000000000000e+00
0.000000000000000000e+00
1.406140981430326065e-09
1.180209494577866280e-07
0.000000000000000000e+00
0.000000000000000000e+00
0.000000000000000000e+00
1.258369195511477301e-07
0.000000000000000000e+00
0.000000000000000000e+00
0.000000000000000000e+00
0.000000000000000000e+00
1.247631331580123515e-09
0.000000000000000000e+00
1.730044800751784351e-06
0.000000000000000000e+00
0.000000000000000000e+00
9.387705723895578558e-09
0.000000000000000000e+00
0.000000000000000000e+00
0.000000000000000000e+00
0.000000000000000000e+00
0.000000000000000000e+00
0.000000000000000000e+00
2.880000016247663552e-09
0.000000000000000000e+00
0.000000000000000000e+00
0.000000000000000000e+00
0.000000000000000000e+00
0.000000000000000000e+00
0.000000000000000000e+00
0.000000000000000000e+00
0.000000000000000000e+00
0.000000000000000000e+00
5.032464400755998213e-07
2.697429168918574760e-09
1.954143158400256652e-08
2.666752756119716850e-11
0.000000000000000000e+00
0.000000000000000000e+00
0.000000000000000000e+00
1.043591879579253145e-08
1.505813429503177758e-08
0.000000000000000000e+00
6.846433109330973821e-08
0.000000000000000000e+00
0.000000000000000000e+00
0.000000000000000000e+00
1.768359858544954477e-08
1.051557774189859629e-07
4.238586370775010437e-09
0.000000000000000000e+00
2.476999938494373055e-08
0.000000000000000000e+00
1.610157840392645312e-10
6.247385386792814188e-10
1.735648291756319850e-09
0.000000000000000000e+00
4.622643934304448976e-11
2.973598450806136384e-11
1.211867761696794332e-08
0.000000000000000000e+00
0.000000000000000000e+00
0.000000000000000000e+00
0.000000000000000000e+00
0.000000000000000000e+00
1.171547069134248886e-06
0.000000000000000000e+00
0.000000000000000000e+00
1.238458779972972934e-09
0.000000000000000000e+00
6.269260111047003647e-10
2.034831680930437869e-07
0.000000000000000000e+00
0.000000000000000000e+00
4.669403752544099007e-10
0.000000000000000000e+00
9.499323994077712996e-09
1.857714537756294249e-10
8.174671606298034021e-09
0.000000000000000000e+00
1.867643284469977516e-08
1.551816120048954417e-09
0.000000000000000000e+00
0.000000000000000000e+00
4.699975519883992092e-08
4.564215325131293355e-12
0.000000000000000000e+00
4.373486905961954108e-09
0.000000000000000000e+00
0.000000000000000000e+00
0.000000000000000000e+00
0.000000000000000000e+00
1.585435671636048482e-09
0.000000000000000000e+00
0.000000000000000000e+00
0.000000000000000000e+00
0.000000000000000000e+00
2.870630844142851856e-09
7.631471987679105951e-08
9.359106911688286345e-08
0.000000000000000000e+00
4.146019638717746147e-11
1.433445362408747314e-07
3.074746473430423066e-06
5.657597739627817646e-06
3.786756224144482985e-07
1.113753569370601326e-06
1.899509584291081410e-06
1.823252659960417077e-07
8.589779554313281551e-08
3.381177009487146279e-07
8.633739412289287429e-07
7.056423328322125599e-06
2.176253559582619346e-07
1.266083131667983253e-06
3.898971812077434151e-09
7.275550615304382518e-07
0.000000000000000000e+00
1.817272959669935517e-06
8.589570832384652022e-09
1.542525751574430615e-08
0.000000000000000000e+00
0.000000000000000000e+00
2.767348405541270040e-06
2.080592809150516587e-09
1.371502378333389061e-08
0.000000000000000000e+00
2.654789341249852441e-06
0.000000000000000000e+00
5.472757663715910326e-13
9.946627521628670365e-09
0.000000000000000000e+00
0.000000000000000000e+00
0.000000000000000000e+00
0.000000000000000000e+00
0.000000000000000000e+00
0.000000000000000000e+00
0.000000000000000000e+00
0.000000000000000000e+00
9.283357371714373585e-07
5.983816109278450313e-09
0.000000000000000000e+00
0.000000000000000000e+00
0.000000000000000000e+00
1.286539088596327929e-07
4.123827390678513893e-10
9.175421533669236851e-10
0.000000000000000000e+00
1.184889768524044484e-07
1.891370288831240032e-06
1.293807656566059450e-07
4.122447272436602361e-09
6.705718988087028265e-06
8.982795840495327866e-09
2.274510251254469040e-07
0.000000000000000000e+00
4.210454790154471993e-06
2.249158342237933539e-06
0.000000000000000000e+00
3.429976969115955399e-09
0.000000000000000000e+00
0.000000000000000000e+00
0.000000000000000000e+00
5.757776833092975721e-08
8.793188044364796951e-08
0.000000000000000000e+00
0.000000000000000000e+00
0.000000000000000000e+00
0.000000000000000000e+00
6.488817927419177067e-09
0.000000000000000000e+00
0.000000000000000000e+00
4.574586114358680788e-07
0.000000000000000000e+00
0.000000000000000000e+00
0.000000000000000000e+00
0.000000000000000000e+00
0.000000000000000000e+00
0.000000000000000000e+00
1.033673924233369235e-09
8.024949593732344510e-10
0.000000000000000000e+00
1.089205881044108537e-08
1.729833054575635742e-09
0.000000000000000000e+00
5.513435485937634439e-09
0.000000000000000000e+00
0.000000000000000000e+00
3.390736580399789091e-09
0.000000000000000000e+00
0.000000000000000000e+00
2.340661886535144731e-08
9.123433564184324496e-09
0.000000000000000000e+00
0.000000000000000000e+00
0.000000000000000000e+00
0.000000000000000000e+00
0.000000000000000000e+00
0.000000000000000000e+00
0.000000000000000000e+00
0.000000000000000000e+00
0.000000000000000000e+00
7.933200407705953694e-08
2.146433608629649825e-08
0.000000000000000000e+00
0.000000000000000000e+00
4.019396274146380676e-11
0.000000000000000000e+00
0.000000000000000000e+00
5.900341761844174471e-07
7.301877644749765750e-07
1.158414733026802423e-07
8.774703019298613071e-06
0.000000000000000000e+00
4.120134349250292871e-07
8.136951379356105463e-08
1.837595817733017611e-07
2.068120039666609955e-07
0.000000000000000000e+00
0.000000000000000000e+00
3.197573050783830695e-07
1.638868063480458659e-08
7.005811539784190245e-07
3.629947968875057995e-07
6.525808338153638033e-09
0.000000000000000000e+00
4.267677695679594763e-07
0.000000000000000000e+00
6.532386009894253220e-08
1.331248284941466409e-07
0.000000000000000000e+00
0.000000000000000000e+00
0.000000000000000000e+00
7.019620884562982610e-09
1.532205260446062312e-07
2.883594696356794884e-08
1.219113073602784425e-06
1.647928371539819636e-07
0.000000000000000000e+00
7.866137252676708158e-08
0.000000000000000000e+00
1.350577889525084174e-07
8.250398586540086399e-09
2.412290768916136585e-06
0.000000000000000000e+00
2.354039878582625533e-07
0.000000000000000000e+00
0.000000000000000000e+00
0.000000000000000000e+00
3.470297826879686909e-08
1.179871773615559505e-07
1.889598735260733520e-07
1.088510059865654966e-09
0.000000000000000000e+00
2.284533451302195317e-07
1.129008637690276373e-07
5.869416781933978200e-06
2.654259674272907432e-07
0.000000000000000000e+00
0.000000000000000000e+00
0.000000000000000000e+00
0.000000000000000000e+00
0.000000000000000000e+00
1.327174231846584007e-06
0.000000000000000000e+00
0.000000000000000000e+00
5.840968597681239771e-09
2.022360945375112351e-07
0.000000000000000000e+00
7.877377861120749003e-09
5.808014336139422085e-08
0.000000000000000000e+00
0.000000000000000000e+00
7.798275913906138612e-11
1.771950808304723068e-09
0.000000000000000000e+00
2.274958532666460087e-08
2.729788839417324198e-08
0.000000000000000000e+00
9.558612790172560381e-10
9.097986435335769784e-07
7.741005614292362225e-10
0.000000000000000000e+00
0.000000000000000000e+00
7.593187412169299932e-09
2.741086973401252180e-06
7.500747756239434239e-08
0.000000000000000000e+00
0.000000000000000000e+00
9.568340786358930927e-09
0.000000000000000000e+00
0.000000000000000000e+00
0.000000000000000000e+00
0.000000000000000000e+00
0.000000000000000000e+00
9.255842758904009315e-10
1.583115971648396680e-09
0.000000000000000000e+00
2.447954616791037097e-10
0.000000000000000000e+00
0.000000000000000000e+00
0.000000000000000000e+00
4.175665022088104195e-11
1.263314675092885864e-09
0.000000000000000000e+00
2.406454200354346540e-07
4.147379328856004577e-08
1.327119214522554103e-08
4.523871055539530062e-08
4.022438826467578110e-09
5.594538947661931161e-07
3.227190603638518951e-08
0.000000000000000000e+00
0.000000000000000000e+00
1.512118274149543140e-06
2.073361855536859366e-07
2.157810854441777337e-07
3.525872500631521689e-07
0.000000000000000000e+00
6.981759383961616550e-07
1.052238474130717805e-07
2.630769415645772824e-07
3.978577112206949096e-08
1.339335256034246413e-07
3.246722712901828345e-07
3.104279073795623844e-07
0.000000000000000000e+00
0.000000000000000000e+00
5.325947682877085754e-09
1.165677545600374287e-07
5.317301088325621095e-08
8.470470902466331609e-07
0.000000000000000000e+00
5.489755139365115610e-08
1.171611696548779946e-08
1.068557722305740754e-07
1.679923200548216755e-09
8.012113639210838301e-09
6.733319235507906342e-09
2.147674194930004887e-06
1.857351321632449981e-07
0.000000000000000000e+00
7.398281098858205951e-09
2.538873467017310759e-08
9.911348001004349761e-14
2.464372705901496374e-08
0.000000000000000000e+00
9.137442802398254571e-09
0.000000000000000000e+00
0.000000000000000000e+00
1.723815756804469856e-07
0.000000000000000000e+00
0.000000000000000000e+00
3.255897524923057063e-07
0.000000000000000000e+00
0.000000000000000000e+00
2.049998784059425816e-06
0.000000000000000000e+00
2.740089399821954430e-08
6.135014984920417191e-08
0.000000000000000000e+00
0.000000000000000000e+00
0.000000000000000000e+00
0.000000000000000000e+00
0.000000000000000000e+00
0.000000000000000000e+00
2.955021782824474030e-10
0.000000000000000000e+00
0.000000000000000000e+00
0.000000000000000000e+00
1.360728640875663586e-09
0.000000000000000000e+00
3.121770077996188775e-07
2.431925238965959579e-08
0.000000000000000000e+00
1.206757644922618056e-07
0.000000000000000000e+00
0.000000000000000000e+00
0.000000000000000000e+00
0.000000000000000000e+00
0.000000000000000000e+00
0.000000000000000000e+00
2.935957184035942191e-07
0.000000000000000000e+00
0.000000000000000000e+00
0.000000000000000000e+00
0.000000000000000000e+00
0.000000000000000000e+00
0.000000000000000000e+00
0.000000000000000000e+00
0.000000000000000000e+00
0.000000000000000000e+00
0.000000000000000000e+00
6.599523061368017807e-08
1.153798301345432264e-08
0.000000000000000000e+00
6.426561327543822699e-08
0.000000000000000000e+00
1.254683690277147434e-09
0.000000000000000000e+00
1.443043970539292786e-06
0.000000000000000000e+00
4.800841111318732146e-07
0.000000000000000000e+00
0.000000000000000000e+00
8.229550729765833239e-08
1.707227852421056014e-06
7.903102527961891610e-07
4.502899173530749977e-06
3.612045134104846511e-07
5.051670655120688025e-07
1.411321591149317101e-05
2.966175998153630644e-07
3.326705950712494086e-07
2.571538061602041125e-06
5.052019957929587690e-08
5.101558286924046115e-08
2.125658966178889386e-06
3.575408058509310649e-08
5.715033779551959014e-08
0.000000000000000000e+00
1.503888285014909343e-07
1.163070777465691208e-07
2.009845303518886794e-07
3.532883496859540173e-08
0.000000000000000000e+00
0.000000000000000000e+00
1.187402620672628473e-09
3.099055163602315588e-07
8.146806607101098052e-08
3.627282640916718037e-10
0.000000000000000000e+00
0.000000000000000000e+00
0.000000000000000000e+00
4.394372865590412403e-09
0.000000000000000000e+00
0.000000000000000000e+00
0.000000000000000000e+00
1.724927400914566533e-08
1.261435329524829285e-07
0.000000000000000000e+00
1.509549974798574112e-06
0.000000000000000000e+00
0.000000000000000000e+00
0.000000000000000000e+00
2.012886994862128631e-07
0.000000000000000000e+00
0.000000000000000000e+00
0.000000000000000000e+00
0.000000000000000000e+00
0.000000000000000000e+00
0.000000000000000000e+00
0.000000000000000000e+00
0.000000000000000000e+00
0.000000000000000000e+00
0.000000000000000000e+00
0.000000000000000000e+00
0.000000000000000000e+00
0.000000000000000000e+00
0.000000000000000000e+00
9.476776696715205617e-09
0.000000000000000000e+00
2.574427337975748742e-10
0.000000000000000000e+00
0.000000000000000000e+00
0.000000000000000000e+00
0.000000000000000000e+00
0.000000000000000000e+00
0.000000000000000000e+00
0.000000000000000000e+00
0.000000000000000000e+00
2.234459700600766041e-10
0.000000000000000000e+00
0.000000000000000000e+00
0.000000000000000000e+00
0.000000000000000000e+00
0.000000000000000000e+00
0.000000000000000000e+00
1.138592953253692031e-08
0.000000000000000000e+00
0.000000000000000000e+00
9.639853359999506210e-09
0.000000000000000000e+00
7.332878748655957679e-09
0.000000000000000000e+00
0.000000000000000000e+00
0.000000000000000000e+00
1.462833324694656767e-06
2.910235537001426565e-07
1.067428545553639196e-08
1.166431257138000888e-10
1.446975261387706269e-06
0.000000000000000000e+00
0.000000000000000000e+00
0.000000000000000000e+00
0.000000000000000000e+00
0.000000000000000000e+00
1.156647999600579624e-09
0.000000000000000000e+00
0.000000000000000000e+00
0.000000000000000000e+00
0.000000000000000000e+00
0.000000000000000000e+00
0.000000000000000000e+00
0.000000000000000000e+00
7.751001507294574822e-10
2.138525303507776698e-07
1.272818206388137696e-08
0.000000000000000000e+00
0.000000000000000000e+00
0.000000000000000000e+00
4.986973323184429319e-08
1.583684225425763259e-11
0.000000000000000000e+00
0.000000000000000000e+00
2.636352647300554963e-08
9.063167105693992198e-09
7.773964805224409247e-10
0.000000000000000000e+00
4.156455180037710306e-09
0.000000000000000000e+00
2.750926153538557628e-09
0.000000000000000000e+00
0.000000000000000000e+00
0.000000000000000000e+00
0.000000000000000000e+00
0.000000000000000000e+00
3.768056977548894793e-09
3.815328941669804408e-09
0.000000000000000000e+00
0.000000000000000000e+00
1.470425115002171879e-09
1.537574512155970297e-10
9.004488674690946937e-07
2.946777897250285605e-07
6.529823792789102299e-08
1.291214157816966690e-08
3.427419130730413599e-07
8.506041922373697162e-06
4.742021246784133837e-07
1.181651327897270676e-07
0.000000000000000000e+00
5.045129682912374847e-07
3.992691119947266998e-07
1.275328193744984517e-11
1.808748493203893304e-07
4.357713123681605794e-07
1.996717173824436031e-07
0.000000000000000000e+00
6.875222879898501560e-07
0.000000000000000000e+00
5.926436674741353272e-09
0.000000000000000000e+00
7.092361697935700704e-10
0.000000000000000000e+00
0.000000000000000000e+00
7.187434221123112366e-07
0.000000000000000000e+00
6.513961370302467913e-09
1.385133572284757975e-07
9.914981546899070963e-07
4.009976350971555803e-08
1.308861442339548375e-06
0.000000000000000000e+00
0.000000000000000000e+00
1.084404175344388932e-06
2.664735632151860045e-07
0.000000000000000000e+00
0.000000000000000000e+00
2.687295136638567783e-06
0.000000000000000000e+00
0.000000000000000000e+00
0.000000000000000000e+00
0.000000000000000000e+00
4.670015485430667468e-09
0.000000000000000000e+00
0.000000000000000000e+00
0.000000000000000000e+00
1.651707659533485639e-09
0.000000000000000000e+00
0.000000000000000000e+00
0.000000000000000000e+00
0.000000000000000000e+00
0.000000000000000000e+00
2.874204652059120235e-09
0.000000000000000000e+00
0.000000000000000000e+00
0.000000000000000000e+00
3.044058116685732784e-09
0.000000000000000000e+00
0.000000000000000000e+00
0.000000000000000000e+00
0.000000000000000000e+00
0.000000000000000000e+00
2.433875856411304994e-08
0.000000000000000000e+00
0.000000000000000000e+00
0.000000000000000000e+00
0.000000000000000000e+00
1.628844898959869170e-07
0.000000000000000000e+00
0.000000000000000000e+00
1.206058044544988661e-07
0.000000000000000000e+00
2.330953030593718722e-08
0.000000000000000000e+00
5.342043696288101273e-09
0.000000000000000000e+00
0.000000000000000000e+00
1.725464326973735751e-09
0.000000000000000000e+00
0.000000000000000000e+00
0.000000000000000000e+00
6.380893730062453528e-11
0.000000000000000000e+00
0.000000000000000000e+00
5.518405732374276340e-09
0.000000000000000000e+00
0.000000000000000000e+00
6.942843189250424984e-09
0.000000000000000000e+00
6.842278410523761067e-10
0.000000000000000000e+00
2.108303531755950644e-09
5.001986380648304475e-09
0.000000000000000000e+00
0.000000000000000000e+00
6.945654273948775881e-09
2.012890298885849916e-09
0.000000000000000000e+00
0.000000000000000000e+00
3.317146557435535215e-09
0.000000000000000000e+00
0.000000000000000000e+00
0.000000000000000000e+00
7.443302085796688061e-10
0.000000000000000000e+00
0.000000000000000000e+00
0.000000000000000000e+00
0.000000000000000000e+00
3.730258057998980803e-08
2.999026037286967039e-06
8.271663318737410009e-07
0.000000000000000000e+00
0.000000000000000000e+00
5.445293993489030981e-08
1.621157593945099507e-06
0.000000000000000000e+00
2.164916690361451401e-09
0.000000000000000000e+00
1.213110234488112837e-08
4.807938580597692635e-07
0.000000000000000000e+00
2.816967253238544799e-06
0.000000000000000000e+00
5.949069503685677773e-08
1.291509335032969830e-07
2.860703496310179617e-08
2.952567399461258901e-07
0.000000000000000000e+00
1.903725461716021528e-07
1.348823275293398183e-07
0.000000000000000000e+00
5.014779347334297199e-08
3.012749516528856475e-07
0.000000000000000000e+00
0.000000000000000000e+00
0.000000000000000000e+00
3.407738518035330344e-07
1.571115149090474006e-07
0.000000000000000000e+00
0.000000000000000000e+00
0.000000000000000000e+00
0.000000000000000000e+00
0.000000000000000000e+00
1.178750963504171523e-07
0.000000000000000000e+00
0.000000000000000000e+00
0.000000000000000000e+00
0.000000000000000000e+00
6.488606985044498288e-09
5.826186200152960737e-09
0.000000000000000000e+00
0.000000000000000000e+00
0.000000000000000000e+00
0.000000000000000000e+00
0.000000000000000000e+00
0.000000000000000000e+00
0.000000000000000000e+00
0.000000000000000000e+00
0.000000000000000000e+00
0.000000000000000000e+00
5.350017318050959148e-09
0.000000000000000000e+00
0.000000000000000000e+00
0.000000000000000000e+00
0.000000000000000000e+00
0.000000000000000000e+00
0.000000000000000000e+00
0.000000000000000000e+00
0.000000000000000000e+00
5.227094789006514475e-06
1.007813636988430517e-07
0.000000000000000000e+00
0.000000000000000000e+00
0.000000000000000000e+00
6.944885200255157542e-08
2.936527607744210400e-07
1.705768681858899072e-07
0.000000000000000000e+00
4.967940121780589635e-13
0.000000000000000000e+00
0.000000000000000000e+00
1.344435645478370134e-06
0.000000000000000000e+00
0.000000000000000000e+00
3.405691728630699799e-08
0.000000000000000000e+00
9.651930643617134820e-11
0.000000000000000000e+00
0.000000000000000000e+00
4.738684111771362950e-09
0.000000000000000000e+00
0.000000000000000000e+00
0.000000000000000000e+00
0.000000000000000000e+00
4.524189911592202407e-09
4.241653250858234969e-09
0.000000000000000000e+00
6.371416816364217084e-08
4.893102034664309485e-10
4.905280093225883320e-07
0.000000000000000000e+00
0.000000000000000000e+00
0.000000000000000000e+00
3.518135869434724228e-12
0.000000000000000000e+00
0.000000000000000000e+00
0.000000000000000000e+00
4.459341229612334701e-11
2.445684987861795889e-09
0.000000000000000000e+00
7.803935275774165348e-09
7.445814187434507403e-09
5.043831574624846326e-09
0.000000000000000000e+00
1.061986321104768649e-08
0.000000000000000000e+00
1.745084493576243290e-10
6.273834229908459292e-11
2.240433083500192879e-08
5.361575858842115849e-06
2.043872655121958815e-06
3.806318371601946637e-09
2.291394139319891110e-06
1.467990955461573321e-06
7.268958597705932334e-06
0.000000000000000000e+00
1.327570544162881561e-06
2.114193421220988967e-06
0.000000000000000000e+00
3.071776973229134455e-06
2.211128958151675761e-06
1.830189777507484905e-09
0.000000000000000000e+00
8.002174922694393899e-09
4.156280795086786384e-07
1.176001731550968543e-07
4.718205275366926799e-07
1.376798479668650543e-07
1.620107241251389496e-06
8.120967436298087705e-07
6.745829637111455668e-07
0.000000000000000000e+00
5.340771025430512964e-08
1.425795801424101228e-07
1.217148621890373761e-07
0.000000000000000000e+00
4.686786780894180993e-08
7.655013689600309590e-08
8.185839988072984852e-07
0.000000000000000000e+00
0.000000000000000000e+00
0.000000000000000000e+00
4.393812673697539140e-07
0.000000000000000000e+00
0.000000000000000000e+00
0.000000000000000000e+00
0.000000000000000000e+00
0.000000000000000000e+00
0.000000000000000000e+00
1.636985214048536363e-09
7.911516580749733407e-11
2.378293784133234112e-09
0.000000000000000000e+00
0.000000000000000000e+00
0.000000000000000000e+00
2.879508365083438548e-08
0.000000000000000000e+00
0.000000000000000000e+00
9.788097088403446833e-08
2.801511982397641987e-07
0.000000000000000000e+00
2.954174931346642552e-07
0.000000000000000000e+00
0.000000000000000000e+00
0.000000000000000000e+00
6.630543339269934222e-06
1.349788392168704831e-09
0.000000000000000000e+00
0.000000000000000000e+00
0.000000000000000000e+00
0.000000000000000000e+00
0.000000000000000000e+00
8.140963814184942748e-08
0.000000000000000000e+00
0.000000000000000000e+00
4.648695650644185662e-09
0.000000000000000000e+00
1.121034820528166165e-09
0.000000000000000000e+00
0.000000000000000000e+00
0.000000000000000000e+00
0.000000000000000000e+00
7.107354704771751130e-10
5.203097508399423532e-09
0.000000000000000000e+00
0.000000000000000000e+00
1.625900836188520771e-08
0.000000000000000000e+00
0.000000000000000000e+00
1.105912474486103747e-06
0.000000000000000000e+00
0.000000000000000000e+00
4.191827258637204068e-07
7.312663115044415463e-07
4.444949013304722030e-07
9.821376778518242645e-08
0.000000000000000000e+00
1.586741760206678009e-08
8.753894498170211591e-09
7.915892297205573414e-07
0.000000000000000000e+00
4.682438543568423484e-07
0.000000000000000000e+00
0.000000000000000000e+00
3.313748266009497456e-06
0.000000000000000000e+00
3.047638301723054610e-07
1.343915869256306905e-06
2.838471679922349722e-09
0.000000000000000000e+00
2.784603054806211730e-07
4.370470652048652482e-11
7.365365917166855070e-08
0.000000000000000000e+00
1.475068156508996253e-08
2.232227842569045606e-07
0.000000000000000000e+00
0.000000000000000000e+00
0.000000000000000000e+00
0.000000000000000000e+00
7.188517514578052214e-08
2.962564735753403511e-07
0.000000000000000000e+00
0.000000000000000000e+00
0.000000000000000000e+00
0.000000000000000000e+00
0.000000000000000000e+00
3.452680585880330000e-09
5.145455617139305105e-09
0.000000000000000000e+00
0.000000000000000000e+00
0.000000000000000000e+00
0.000000000000000000e+00
0.000000000000000000e+00
0.000000000000000000e+00
0.000000000000000000e+00
0.000000000000000000e+00
0.000000000000000000e+00
0.000000000000000000e+00
0.000000000000000000e+00
0.000000000000000000e+00
1.535416345177509356e-07
3.790886715648866812e-09
0.000000000000000000e+00
2.292746409393586760e-10
1.992331988276418997e-07
0.000000000000000000e+00
0.000000000000000000e+00
0.000000000000000000e+00
0.000000000000000000e+00
9.665413358561636414e-08
1.048219910870784588e-08
4.416576437904495833e-09
2.601458390927291475e-06
1.556929341006707546e-08
2.101393725695288595e-09
0.000000000000000000e+00
0.000000000000000000e+00
0.000000000000000000e+00
4.326121683106975979e-09
2.636477631767775165e-07
1.719081405004985186e-10
3.438286455548222875e-08
2.325621011323164566e-07
2.803764118652907200e-07
0.000000000000000000e+00
0.000000000000000000e+00
0.000000000000000000e+00
8.814944294499582611e-07
0.000000000000000000e+00
1.139209416578523815e-06
1.618660228075441410e-08
3.287705752086367283e-08
1.630315971112850093e-08
1.908248123072553426e-06
1.075913246495474596e-06
0.000000000000000000e+00
1.463565553472268022e-11
8.463414502557498054e-08
1.745449594636738766e-06
2.503007134890822272e-09
7.229805731867600116e-08
2.708434032605566699e-10
1.575736376935310545e-07
1.018063244373479392e-06
2.693001306397491135e-07
0.000000000000000000e+00
1.893964585858443073e-12
3.919423932075005723e-07
0.000000000000000000e+00
0.000000000000000000e+00
0.000000000000000000e+00
0.000000000000000000e+00
0.000000000000000000e+00
0.000000000000000000e+00
0.000000000000000000e+00
0.000000000000000000e+00
0.000000000000000000e+00
0.000000000000000000e+00
0.000000000000000000e+00
0.000000000000000000e+00
0.000000000000000000e+00
0.000000000000000000e+00
3.288885181973455474e-07
5.770522548687040398e-08
0.000000000000000000e+00
0.000000000000000000e+00
6.350804255816910882e-07
9.341140305707540392e-09
0.000000000000000000e+00
3.619416615377457624e-12
5.293505296322109643e-07
0.000000000000000000e+00
0.000000000000000000e+00
0.000000000000000000e+00
2.107862107081359682e-09
0.000000000000000000e+00
0.000000000000000000e+00
9.752919361005751853e-09
0.000000000000000000e+00
1.220116230271628410e-09
8.845260026646428742e-07
0.000000000000000000e+00
0.000000000000000000e+00
0.000000000000000000e+00
1.651959680160075550e-10
2.283614186637805687e-09
0.000000000000000000e+00
0.000000000000000000e+00
0.000000000000000000e+00
3.404150294983310232e-09
1.450890607657129294e-08
0.000000000000000000e+00
2.141586264770012349e-06
4.200157732725529058e-08
5.712727180195997789e-09
3.658280775198363699e-06
0.000000000000000000e+00
4.386048857440982829e-09
0.000000000000000000e+00
0.000000000000000000e+00
1.315873561225089361e-07
0.000000000000000000e+00
3.946724191905559564e-08
0.000000000000000000e+00
2.631828010635217652e-06
4.709587244633439695e-07
0.000000000000000000e+00
4.856747182202525437e-08
4.234091477428592043e-08
0.000000000000000000e+00
2.961313896321371431e-07
1.543462957442898187e-07
2.024800096478429623e-06
2.939704017990152352e-07
2.477049010352061487e-09
6.131823226951382821e-08
1.621877601110099931e-07
1.927319544847705401e-06
2.677456450328463688e-06
4.338967869443877134e-07
0.000000000000000000e+00
1.480719760138526908e-07
2.709280622070764366e-08
1.875642086091033889e-09
0.000000000000000000e+00
8.985405202110996470e-07
0.000000000000000000e+00
1.574420252836716827e-06
6.640356264853153334e-09
0.000000000000000000e+00
0.000000000000000000e+00
0.000000000000000000e+00
1.508488556289933058e-09
0.000000000000000000e+00
3.105767865108077785e-09
0.000000000000000000e+00
3.526430703004734823e-07
0.000000000000000000e+00
0.000000000000000000e+00
0.000000000000000000e+00
0.000000000000000000e+00
0.000000000000000000e+00
0.000000000000000000e+00
0.000000000000000000e+00
0.000000000000000000e+00
0.000000000000000000e+00
0.000000000000000000e+00
0.000000000000000000e+00
0.000000000000000000e+00
0.000000000000000000e+00
0.000000000000000000e+00
0.000000000000000000e+00
5.824360371775583189e-08
0.000000000000000000e+00
2.381810026985675677e-11
4.774175277333370104e-09
0.000000000000000000e+00
0.000000000000000000e+00
0.000000000000000000e+00
1.385990544555681936e-09
3.010723048646468669e-07
0.000000000000000000e+00
1.889447354130879830e-08
0.000000000000000000e+00
0.000000000000000000e+00
0.000000000000000000e+00
0.000000000000000000e+00
7.080930117808748037e-07
0.000000000000000000e+00
7.421300379784057100e-11
0.000000000000000000e+00
2.514241828066587914e-07
0.000000000000000000e+00
6.409661779116504476e-08
1.195717231894377619e-07
0.000000000000000000e+00
0.000000000000000000e+00
0.000000000000000000e+00
2.562574650255555753e-07
0.000000000000000000e+00
0.000000000000000000e+00
0.000000000000000000e+00
0.000000000000000000e+00
0.000000000000000000e+00
0.000000000000000000e+00
4.852810861488698890e-12
4.982261270214394244e-09
0.000000000000000000e+00
4.694509669889157522e-09
0.000000000000000000e+00
0.000000000000000000e+00
0.000000000000000000e+00
0.000000000000000000e+00
4.452451740633023292e-09
9.256671873458799382e-09
5.865595564813474994e-09
2.377766961103588983e-08
5.990568929803430365e-09
6.439847197725612205e-07
1.973712526748272467e-09
0.000000000000000000e+00
1.935791804630326851e-12
0.000000000000000000e+00
1.054787162502179854e-06
4.405499964832415571e-07
1.171951646838920169e-09
3.396138037459195402e-09
0.000000000000000000e+00
5.786007477581733838e-07
1.446344413125189021e-06
1.080445031220733654e-06
0.000000000000000000e+00
0.000000000000000000e+00
6.722581957774309558e-08
0.000000000000000000e+00
0.000000000000000000e+00
4.869606300417217426e-07
3.221199165182042634e-07
0.000000000000000000e+00
1.838123750985687366e-07
6.229633475740570248e-11
5.116203993793533300e-08
0.000000000000000000e+00
8.353982394737613504e-09
8.341007742274086922e-07
6.309356876954552718e-07
2.233292207165504806e-06
2.117057391615162487e-07
0.000000000000000000e+00
0.000000000000000000e+00
9.147905957046509329e-13
1.596006541149108671e-06
0.000000000000000000e+00
1.829835172273419630e-09
1.392940475852810778e-06
0.000000000000000000e+00
0.000000000000000000e+00
0.000000000000000000e+00
1.264135351952688779e-09
0.000000000000000000e+00
0.000000000000000000e+00
0.000000000000000000e+00
0.000000000000000000e+00
0.000000000000000000e+00
9.639932185834254597e-10
0.000000000000000000e+00
0.000000000000000000e+00
0.000000000000000000e+00
9.670633044356335972e-11
0.000000000000000000e+00
3.374228185748506803e-07
0.000000000000000000e+00
0.000000000000000000e+00
0.000000000000000000e+00
0.000000000000000000e+00
0.000000000000000000e+00
0.000000000000000000e+00
0.000000000000000000e+00
0.000000000000000000e+00
3.951251326128613073e-09
0.000000000000000000e+00
0.000000000000000000e+00
0.000000000000000000e+00
0.000000000000000000e+00
0.000000000000000000e+00
9.940292500232317252e-08
0.000000000000000000e+00
0.000000000000000000e+00
1.065677235345674490e-08
4.021675881205055703e-09
3.180846475103749071e-09
0.000000000000000000e+00
1.232259933203749824e-06
3.484503849904285744e-06
5.346318054932908126e-09
0.000000000000000000e+00
0.000000000000000000e+00
0.000000000000000000e+00
0.000000000000000000e+00
0.000000000000000000e+00
0.000000000000000000e+00
0.000000000000000000e+00
0.000000000000000000e+00
0.000000000000000000e+00
4.414884013925757245e-09
0.000000000000000000e+00
0.000000000000000000e+00
0.000000000000000000e+00
1.928174953036432271e-09
5.628983043570734424e-11
6.703739785507423221e-09
0.000000000000000000e+00
0.000000000000000000e+00
0.000000000000000000e+00
0.000000000000000000e+00
5.770598221488398849e-09
0.000000000000000000e+00
3.255573588489824033e-10
3.317477847986083361e-09
1.905898017184881610e-07
3.270865578386406014e-09
1.462953314046444575e-08
5.027820293435070198e-08
0.000000000000000000e+00
4.028045452741935151e-08
4.671217538998462260e-06
3.071885657845996320e-06
7.217149686766788363e-07
1.121006079074504669e-07
1.909256042154083843e-07
0.000000000000000000e+00
2.983238118758890778e-07
3.042014895981992595e-06
6.021093099661811721e-07
3.214057464617781079e-09
1.291985682883023401e-07
4.412484031490748748e-07
2.984334059874527156e-07
1.524516619610949419e-07
5.796205115871089220e-08
0.000000000000000000e+00
6.918813255651912186e-07
3.889556410285877064e-07
0.000000000000000000e+00
0.000000000000000000e+00
1.182917728215215902e-07
0.000000000000000000e+00
0.000000000000000000e+00
0.000000000000000000e+00
1.776733711267297622e-06
0.000000000000000000e+00
5.007988690408637922e-08
0.000000000000000000e+00
0.000000000000000000e+00
0.000000000000000000e+00
0.000000000000000000e+00
0.000000000000000000e+00
7.988383998736026115e-08
7.608967900196716982e-10
2.617444705421689832e-09
0.000000000000000000e+00
2.278532695854096346e-09
0.000000000000000000e+00
0.000000000000000000e+00
0.000000000000000000e+00
0.000000000000000000e+00
0.000000000000000000e+00
1.534323668117565376e-09
0.000000000000000000e+00
0.000000000000000000e+00
0.000000000000000000e+00
0.000000000000000000e+00
1.237323061786810285e-07
0.000000000000000000e+00
0.000000000000000000e+00
0.000000000000000000e+00
0.000000000000000000e+00
0.000000000000000000e+00
0.000000000000000000e+00
1.518999148686361877e-08
0.000000000000000000e+00
9.259851219134418443e-10
0.000000000000000000e+00
0.000000000000000000e+00
0.000000000000000000e+00
0.000000000000000000e+00
7.334008511605816238e-09
8.272974127976340242e-08
0.000000000000000000e+00
0.000000000000000000e+00
0.000000000000000000e+00
0.000000000000000000e+00
0.000000000000000000e+00
0.000000000000000000e+00
0.000000000000000000e+00
0.000000000000000000e+00
0.000000000000000000e+00
0.000000000000000000e+00
0.000000000000000000e+00
9.692635138947025553e-09
0.000000000000000000e+00
0.000000000000000000e+00
0.000000000000000000e+00
0.000000000000000000e+00
0.000000000000000000e+00
0.000000000000000000e+00
2.367396279012723426e-10
0.000000000000000000e+00
0.000000000000000000e+00
0.000000000000000000e+00
0.000000000000000000e+00
3.346916628288454376e-07
0.000000000000000000e+00
0.000000000000000000e+00
0.000000000000000000e+00
3.763354357033676933e-07
0.000000000000000000e+00
0.000000000000000000e+00
1.198350574327378126e-08
0.000000000000000000e+00
2.624323203193057452e-09
0.000000000000000000e+00
4.232953543237272243e-09
2.013307298653899124e-09
0.000000000000000000e+00
0.000000000000000000e+00
0.000000000000000000e+00
3.195875564188099816e-09
0.000000000000000000e+00
0.000000000000000000e+00
0.000000000000000000e+00
0.000000000000000000e+00
4.212079851573236056e-10
0.000000000000000000e+00
1.901884871813308564e-07
0.000000000000000000e+00
2.373460006310779136e-07
1.003783278719083683e-08
1.463553100933268070e-08
8.787675653820770094e-08
1.601880017521040145e-10
0.000000000000000000e+00
1.153922966068421374e-07
0.000000000000000000e+00
0.000000000000000000e+00
8.133873308224792709e-08
0.000000000000000000e+00
2.335776194684058282e-08
5.035675485487445258e-07
4.335735326321810135e-08
1.559371440862378222e-07
0.000000000000000000e+00
1.128468962718898183e-08
8.385859473492018878e-08
1.923754489041584748e-08
1.046963262751887669e-07
6.022982574904744979e-07
9.503927422827018745e-09
0.000000000000000000e+00
0.000000000000000000e+00
0.000000000000000000e+00
0.000000000000000000e+00
0.000000000000000000e+00
1.903193123098390060e-07
0.000000000000000000e+00
0.000000000000000000e+00
0.000000000000000000e+00
0.000000000000000000e+00
0.000000000000000000e+00
0.000000000000000000e+00
5.270092984233087918e-08
0.000000000000000000e+00
0.000000000000000000e+00
0.000000000000000000e+00
0.000000000000000000e+00
0.000000000000000000e+00
1.635340936445572879e-06
6.995658274888683081e-09
2.827991011145059019e-06
0.000000000000000000e+00
9.973591659218072891e-07
2.264106457872117062e-09
0.000000000000000000e+00
0.000000000000000000e+00
0.000000000000000000e+00
0.000000000000000000e+00
0.000000000000000000e+00
3.120033120751486422e-09
0.000000000000000000e+00
0.000000000000000000e+00
1.065073220729573222e-07
5.350028864370415249e-09
0.000000000000000000e+00
0.000000000000000000e+00
0.000000000000000000e+00
0.000000000000000000e+00
3.611711107964765688e-08
2.596138415356108453e-08
0.000000000000000000e+00
0.000000000000000000e+00
0.000000000000000000e+00
9.669600231632102805e-09
2.428709677815277246e-08
0.000000000000000000e+00
0.000000000000000000e+00
0.000000000000000000e+00
0.000000000000000000e+00
6.191240231601113919e-08
1.690836626266900566e-08
7.169664306694301104e-10
0.000000000000000000e+00
5.520094603639336128e-09
0.000000000000000000e+00
0.000000000000000000e+00
0.000000000000000000e+00
3.619429662649054080e-06
6.255193625293031801e-07
7.295319193190152873e-08
0.000000000000000000e+00
3.791915403894563497e-08
3.895237625783920521e-07
3.865376463352276915e-09
1.685189374711626442e-07
2.287240761233988451e-07
2.219597128316763701e-08
6.366551730252467678e-09
0.000000000000000000e+00
8.433754032921569888e-07
6.044567157914570998e-08
0.000000000000000000e+00
0.000000000000000000e+00
0.000000000000000000e+00
0.000000000000000000e+00
2.997030037477088626e-07
5.581187565439904574e-07
0.000000000000000000e+00
7.489480680078486330e-08
3.187284107752930140e-07
0.000000000000000000e+00
0.000000000000000000e+00
0.000000000000000000e+00
0.000000000000000000e+00
6.018921538952781702e-08
0.000000000000000000e+00
0.000000000000000000e+00
2.216327343873558675e-09
0.000000000000000000e+00
0.000000000000000000e+00
0.000000000000000000e+00
0.000000000000000000e+00
0.000000000000000000e+00
0.000000000000000000e+00
0.000000000000000000e+00
0.000000000000000000e+00
0.000000000000000000e+00
0.000000000000000000e+00
0.000000000000000000e+00
0.000000000000000000e+00
0.000000000000000000e+00
0.000000000000000000e+00
0.000000000000000000e+00
0.000000000000000000e+00
0.000000000000000000e+00
0.000000000000000000e+00
0.000000000000000000e+00
0.000000000000000000e+00
0.000000000000000000e+00
0.000000000000000000e+00
6.336315916399826165e-10
0.000000000000000000e+00
0.000000000000000000e+00
1.656669357252837926e-09
0.000000000000000000e+00
0.000000000000000000e+00
2.400933341029087842e-10
0.000000000000000000e+00
3.549797608637383917e-11
2.088427208946086466e-06
5.544165682103141535e-10
0.000000000000000000e+00
0.000000000000000000e+00
1.056594189918769189e-08
0.000000000000000000e+00
1.584353803707472252e-08
9.527148847610078519e-09
3.054586805717462994e-09
1.159144780160659138e-09
0.000000000000000000e+00
0.000000000000000000e+00
0.000000000000000000e+00
0.000000000000000000e+00
4.082214843936782245e-10
0.000000000000000000e+00
0.000000000000000000e+00
0.000000000000000000e+00
0.000000000000000000e+00
0.000000000000000000e+00
1.395528831382719659e-10
0.000000000000000000e+00
4.910139850267114525e-09
1.300435492623819300e-08
0.000000000000000000e+00
6.524939255569961460e-09
7.666164578146172914e-12
0.000000000000000000e+00
0.000000000000000000e+00
0.000000000000000000e+00
6.566724053413963702e-09
0.000000000000000000e+00
0.000000000000000000e+00
0.000000000000000000e+00
0.000000000000000000e+00
1.687574524567025946e-08
0.000000000000000000e+00
5.278183152768178843e-07
2.862211090359778609e-07
0.000000000000000000e+00
8.287115633720532060e-06
0.000000000000000000e+00
0.000000000000000000e+00
1.969760132780606909e-09
0.000000000000000000e+00
2.873655375879025087e-06
1.618492451171960056e-09
0.000000000000000000e+00
0.000000000000000000e+00
3.376216639594531443e-09
1.357199863605274004e-08
3.538413920978200622e-06
5.435591532432226813e-08
6.084135293349390849e-07
0.000000000000000000e+00
1.076205347061431894e-09
0.000000000000000000e+00
0.000000000000000000e+00
1.438444201085076202e-06
2.375630856477073394e-06
0.000000000000000000e+00
2.911873586697311111e-08
4.243181876972812461e-07
0.000000000000000000e+00
7.896721285760577302e-07
5.218661044636974111e-06
0.000000000000000000e+00
1.109607410398893990e-07
0.000000000000000000e+00
0.000000000000000000e+00
0.000000000000000000e+00
0.000000000000000000e+00
0.000000000000000000e+00
0.000000000000000000e+00
1.196933339997485746e-06
0.000000000000000000e+00
0.000000000000000000e+00
0.000000000000000000e+00
0.000000000000000000e+00
0.000000000000000000e+00
0.000000000000000000e+00
0.000000000000000000e+00
0.000000000000000000e+00
0.000000000000000000e+00
0.000000000000000000e+00
0.000000000000000000e+00
1.602148080870335889e-09
7.366020682297858002e-09
0.000000000000000000e+00
3.693613166433351580e-07
1.996436083118169336e-08
5.546943460110753676e-10
0.000000000000000000e+00
0.000000000000000000e+00
0.000000000000000000e+00
1.568160712395183509e-07
0.000000000000000000e+00
0.000000000000000000e+00
1.229122290169470944e-06
6.936101026866481334e-09
0.000000000000000000e+00
7.704766602500967565e-09
0.000000000000000000e+00
0.000000000000000000e+00
0.000000000000000000e+00
9.489008334639947861e-08
0.000000000000000000e+00
0.000000000000000000e+00
6.211619307805449353e-08
8.973549125990132325e-10
5.327602803362196937e-10
0.000000000000000000e+00
0.000000000000000000e+00
3.074347603160276776e-07
9.360958230786309286e-09
3.532243511017441051e-07
0.000000000000000000e+00
0.000000000000000000e+00
1.546914063510484993e-07
0.000000000000000000e+00
7.594560429424745962e-07
0.000000000000000000e+00
6.700576591356366407e-07
0.000000000000000000e+00
1.154042306161784381e-09
3.349014932041427528e-08
8.948092045102384873e-07
4.494769001439635758e-09
1.199673647533927578e-06
0.000000000000000000e+00
7.707479099394731747e-09
0.000000000000000000e+00
1.210055984302016441e-06
4.551142467335012043e-07
0.000000000000000000e+00
8.938233690969354939e-07
0.000000000000000000e+00
0.000000000000000000e+00
0.000000000000000000e+00
2.477884286644638223e-10
0.000000000000000000e+00
5.121688104736676905e-07
0.000000000000000000e+00
0.000000000000000000e+00
3.239860291159857297e-07
0.000000000000000000e+00
0.000000000000000000e+00
0.000000000000000000e+00
0.000000000000000000e+00
0.000000000000000000e+00
0.000000000000000000e+00
0.000000000000000000e+00
0.000000000000000000e+00
0.000000000000000000e+00
0.000000000000000000e+00
0.000000000000000000e+00
0.000000000000000000e+00
0.000000000000000000e+00
0.000000000000000000e+00
0.000000000000000000e+00
2.646078245405192320e-09
0.000000000000000000e+00
0.000000000000000000e+00
0.000000000000000000e+00
0.000000000000000000e+00
0.000000000000000000e+00
0.000000000000000000e+00
4.039316436887929740e-09
5.047701701066387159e-10
0.000000000000000000e+00
1.917450731525605079e-07
0.000000000000000000e+00
0.000000000000000000e+00
2.549609412483277993e-09
0.000000000000000000e+00
0.000000000000000000e+00
5.859430995958092581e-11
0.000000000000000000e+00
7.689790072618052363e-05
1.508696811924892245e-07
9.516194410252865055e-08
3.797902436986078101e-08
0.000000000000000000e+00
1.716104094384718337e-07
1.078585682989796624e-07
0.000000000000000000e+00
1.173625250316945312e-07
3.733089783963805530e-07
9.290151758989395603e-09
0.000000000000000000e+00
0.000000000000000000e+00
1.078523034769851563e-10
0.000000000000000000e+00
0.000000000000000000e+00
4.331163268034288194e-07
1.697393514632494771e-07
1.646702827429180616e-07
8.787712779678713559e-09
0.000000000000000000e+00
0.000000000000000000e+00
8.261527568720339332e-07
7.939792112665600143e-07
2.671691163413925096e-06
2.585834657509167300e-08
7.885905262128289905e-09
3.749417771814478328e-07
1.461132706026546657e-05
2.509709773335089267e-09
8.094054315677112754e-09
1.777068803221482085e-07
0.000000000000000000e+00
1.221831098519032821e-07
4.358946472000913008e-13
3.297496053988879794e-09
0.000000000000000000e+00
0.000000000000000000e+00
0.000000000000000000e+00
8.994097022707592259e-09
0.000000000000000000e+00
0.000000000000000000e+00
0.000000000000000000e+00
0.000000000000000000e+00
0.000000000000000000e+00
3.498733462947711814e-07
1.442129473616660107e-07
0.000000000000000000e+00
0.000000000000000000e+00
0.000000000000000000e+00
0.000000000000000000e+00
0.000000000000000000e+00
0.000000000000000000e+00
8.811901208716221845e-10
0.000000000000000000e+00
0.000000000000000000e+00
0.000000000000000000e+00
0.000000000000000000e+00
0.000000000000000000e+00
0.000000000000000000e+00
0.000000000000000000e+00
0.000000000000000000e+00
0.000000000000000000e+00
0.000000000000000000e+00
0.000000000000000000e+00
0.000000000000000000e+00
0.000000000000000000e+00
0.000000000000000000e+00
0.000000000000000000e+00
0.000000000000000000e+00
0.000000000000000000e+00
0.000000000000000000e+00
4.673021436474300572e-08
2.246150598850249480e-09
0.000000000000000000e+00
0.000000000000000000e+00
0.000000000000000000e+00
0.000000000000000000e+00
1.604965639556699131e-11
1.940173710579529143e-08
0.000000000000000000e+00
1.332801513598269594e-08
0.000000000000000000e+00
0.000000000000000000e+00
0.000000000000000000e+00
2.667158438551808786e-10
0.000000000000000000e+00
0.000000000000000000e+00
1.653506842558272183e-07
0.000000000000000000e+00
0.000000000000000000e+00
5.385221601983403161e-09
0.000000000000000000e+00
1.657021613254983095e-07
6.773530571990704630e-07
0.000000000000000000e+00
1.267943844140972942e-06
1.016942192677561252e-07
4.815168495042598806e-07
0.000000000000000000e+00
2.733007931965403259e-06
3.878060113038372947e-07
9.978174375646631233e-07
1.810102958188508637e-06
0.000000000000000000e+00
7.052766903825613554e-08
1.729424248253508267e-08
0.000000000000000000e+00
2.443948687869124115e-07
4.230266270610627544e-08
7.017735583758621942e-07
0.000000000000000000e+00
0.000000000000000000e+00
3.688102978571805579e-08
0.000000000000000000e+00
0.000000000000000000e+00
0.000000000000000000e+00
0.000000000000000000e+00
0.000000000000000000e+00
0.000000000000000000e+00
5.090395305273887061e-08
0.000000000000000000e+00
0.000000000000000000e+00
3.646083257535792654e-07
0.000000000000000000e+00
3.674167414757789629e-09
4.268353670511260134e-09
8.140016234392533079e-07
0.000000000000000000e+00
0.000000000000000000e+00
8.883086266564532707e-09
7.044844707593256317e-09
0.000000000000000000e+00
0.000000000000000000e+00
3.261872549842337321e-09
8.046058042054937687e-08
2.314925889868035824e-10
1.178355319098045584e-06
5.112630105941207148e-07
3.247257325256214244e-07
2.531259646332273405e-08
3.382320534761618092e-10
1.881055879948689835e-07
1.413931816074409653e-08
3.184865363436983898e-06
1.176979594674776308e-06
9.222782182405353524e-08
2.142787813852464751e-08
1.417169812611973612e-07
9.434699244081912184e-09
1.349812528417260182e-08
0.000000000000000000e+00
4.189163860246480908e-07
3.715622938216256443e-07
2.660845268565026345e-07
0.000000000000000000e+00
4.577156289542472223e-07
4.905509776165217772e-09
9.129798286267032381e-07
8.407305407409637610e-10
3.513369506435992662e-07
1.239577329670282779e-07
0.000000000000000000e+00
0.000000000000000000e+00
0.000000000000000000e+00
1.688511588326946367e-07
3.862111325192429945e-11
1.176101989130984293e-07
6.550651132641860386e-09
0.000000000000000000e+00
1.274492844594021790e-09
3.600277125315187732e-07
0.000000000000000000e+00
0.000000000000000000e+00
0.000000000000000000e+00
1.402415819029556587e-06
0.000000000000000000e+00
0.000000000000000000e+00
0.000000000000000000e+00
2.270904353451896895e-09
0.000000000000000000e+00
1.649508760692697251e-07
2.603861050387568099e-11
1.638187995922635309e-06
8.386304273244604701e-08
0.000000000000000000e+00
6.222393711396989602e-10
0.000000000000000000e+00
6.634387483828163568e-10
5.520871582120889798e-07
2.590097381016676081e-07
1.117493525271129329e-06
1.146498362913916935e-07
0.000000000000000000e+00
2.388383677498495672e-07
9.427691338714794256e-07
1.137337051204667659e-07
1.032911782772316656e-07
3.322715258491371060e-07
6.868809578008949757e-06
7.051242079114672379e-08
0.000000000000000000e+00
1.711055347186629660e-06
4.292764543833982316e-08
2.587033577583497390e-06
0.000000000000000000e+00
7.219374538181000389e-07
3.405237691822549095e-08
6.691987408657951164e-08
0.000000000000000000e+00
4.219266429572599009e-06
0.000000000000000000e+00
0.000000000000000000e+00
0.000000000000000000e+00
1.225133883231421805e-10
1.677381220588358701e-07
2.922153896633972181e-07
0.000000000000000000e+00
0.000000000000000000e+00
0.000000000000000000e+00
8.951904995058157510e-09
2.561041299031785456e-07
0.000000000000000000e+00
0.000000000000000000e+00
0.000000000000000000e+00
5.665729663206775513e-09
1.394970539081441530e-08
1.527078730134689977e-08
2.849898521617433289e-07
0.000000000000000000e+00
6.603488031942106318e-07
5.149294768358458896e-09
1.529138371481053582e-09
5.918800383142297505e-08
3.289392580541061761e-08
7.505522262363228947e-06
0.000000000000000000e+00
7.315909211769167086e-09
2.176421503463643603e-06
7.764246561237087008e-07
2.600286208576108038e-09
8.574981791298341705e-08
1.545614836118147650e-08
6.808626835663744714e-07
0.000000000000000000e+00
3.295137274150761186e-09
3.554074794465122977e-07
0.000000000000000000e+00
3.808411520367371850e-06
0.000000000000000000e+00
0.000000000000000000e+00
0.000000000000000000e+00
4.332313210397842340e-07
0.000000000000000000e+00
4.799511543751577847e-07
0.000000000000000000e+00
0.000000000000000000e+00
0.000000000000000000e+00
3.281231784058036283e-07
4.422077704013815946e-10
0.000000000000000000e+00
6.667183623763894840e-13
3.975587414828396504e-09
2.213539431750177755e-07
3.241616397531288385e-08
3.290419954282697290e-07
6.589228274123115625e-09
6.764067972397924677e-09
0.000000000000000000e+00
0.000000000000000000e+00
6.522268281017318259e-10
1.203530644033889985e-07
1.028245492307178210e-06
0.000000000000000000e+00
3.867316422656585928e-08
1.961615936352245626e-08
5.306992534315213561e-07
9.200894268701631518e-09
0.000000000000000000e+00
5.758027943336685439e-10
7.103948860276432242e-07
1.049753990400859038e-07
4.914078999718185514e-06
0.000000000000000000e+00
0.000000000000000000e+00
6.019701714876646292e-08
0.000000000000000000e+00
0.000000000000000000e+00
6.799339047347530141e-08
2.951397846118197776e-07
0.000000000000000000e+00
1.630613951419945806e-06
0.000000000000000000e+00
1.006836441774794366e-06
2.171026275421539253e-10
1.842985852817946579e-07
7.437703430923647829e-08
0.000000000000000000e+00
0.000000000000000000e+00
4.394506447624735301e-07
5.669936626873095520e-07
2.923825093148479937e-07
0.000000000000000000e+00
0.000000000000000000e+00
4.543013005786633585e-07
7.919774835940529556e-10
0.000000000000000000e+00
0.000000000000000000e+00
0.000000000000000000e+00
0.000000000000000000e+00
8.433742095803609118e-07
0.000000000000000000e+00
0.000000000000000000e+00
0.000000000000000000e+00
0.000000000000000000e+00
0.000000000000000000e+00
0.000000000000000000e+00
2.571559909458898119e-10
0.000000000000000000e+00
0.000000000000000000e+00
0.000000000000000000e+00
0.000000000000000000e+00
9.257773214699227537e-09
0.000000000000000000e+00
0.000000000000000000e+00
0.000000000000000000e+00
3.147634153322087514e-09
0.000000000000000000e+00
6.197076629632647382e-09
0.000000000000000000e+00
1.097206658862148743e-09
4.773060280349739060e-10
0.000000000000000000e+00
2.638617546679711268e-09
3.538838200256577693e-07
7.536851853728876449e-08
4.496073913173859182e-08
9.418768627256213222e-07
1.807054417213294073e-07
3.913173170916328658e-12
0.000000000000000000e+00
0.000000000000000000e+00
1.615635710550122894e-06
0.000000000000000000e+00
9.496902748651336879e-07
7.910391275345318718e-08
0.000000000000000000e+00
2.187345273796381662e-07
0.000000000000000000e+00
1.026693189487559721e-05
0.000000000000000000e+00
0.000000000000000000e+00
2.339643742743646726e-06
5.982134787529957975e-10
1.841120700341036809e-09
1.406764056355314096e-07
0.000000000000000000e+00
0.000000000000000000e+00
0.000000000000000000e+00
8.115564291552232468e-14
1.681249131024742383e-07
0.000000000000000000e+00
1.998798353497477365e-07
0.000000000000000000e+00
3.020357652872007748e-08
0.000000000000000000e+00
0.000000000000000000e+00
0.000000000000000000e+00
0.000000000000000000e+00
4.505718152358895168e-06
2.251275381393025299e-11
0.000000000000000000e+00
8.412862229079109966e-08
0.000000000000000000e+00
4.650666518557500240e-10
3.180847363282168772e-09
7.755366904227400937e-10
2.963027323499289878e-10
5.033950145616472582e-09
4.345419135631800600e-09
3.901720724286406039e-09
0.000000000000000000e+00
1.818903996309018112e-07
2.716724623041955056e-07
4.936900950269773602e-07
7.233565497699601110e-07
7.122997747188719586e-09
0.000000000000000000e+00
0.000000000000000000e+00
6.415717956897992735e-11
0.000000000000000000e+00
1.949126300360148889e-07
4.533673347850708524e-07
1.495145625085569918e-06
6.605732494335825322e-08
5.625681751553202048e-07
1.623137561856946576e-11
0.000000000000000000e+00
4.469241048354888335e-06
1.023804429678421002e-06
1.930930793037077819e-08
1.162027765677642321e-10
1.312419499299721792e-06
0.000000000000000000e+00
4.687248633672425058e-07
6.481466243712930009e-07
7.398523393931100145e-08
3.905361722900124732e-08
1.620493435439129826e-06
0.000000000000000000e+00
3.843793194846512051e-07
2.799827747423933033e-08
1.589491347431248869e-07
7.907843269094882999e-08
6.257980245116812057e-10
7.883856483203999233e-07
9.674199219489310053e-09
0.000000000000000000e+00
0.000000000000000000e+00
0.000000000000000000e+00
0.000000000000000000e+00
0.000000000000000000e+00
4.135838764796062605e-07
0.000000000000000000e+00
7.133106993961746412e-09
1.129145630329730920e-06
7.654701335013669450e-07
5.827620164211566589e-09
0.000000000000000000e+00
2.963207734740791466e-10
1.096094166541661252e-07
7.055239059639006882e-09
1.384769490186954499e-07
0.000000000000000000e+00
0.000000000000000000e+00
1.417804718073512049e-08
0.000000000000000000e+00
5.781527647741313558e-07
1.150000414895657741e-07
1.292321627488490776e-07
9.679476420387800317e-08
1.221656731331677292e-07
6.269612526921264362e-07
4.851241328651667573e-07
3.640282329797628336e-06
2.221211161668179557e-06
0.000000000000000000e+00
0.000000000000000000e+00
0.000000000000000000e+00
1.674289819675323088e-06
2.797815795929636806e-06
1.811709005039574549e-08
7.123533123376546428e-07
7.460212145815603435e-07
7.992792205868681776e-08
7.782447397630676278e-08
4.698305247075040825e-07
5.743795217227898320e-09
0.000000000000000000e+00
0.000000000000000000e+00
0.000000000000000000e+00
0.000000000000000000e+00
3.436096207565242366e-08
0.000000000000000000e+00
0.000000000000000000e+00
3.299485911156807560e-07
6.303714439326313368e-09
2.027159951012436068e-07
0.000000000000000000e+00
0.000000000000000000e+00
6.831917698235656644e-09
0.000000000000000000e+00
6.653808668488636613e-07
0.000000000000000000e+00
1.291865174835038488e-07
0.000000000000000000e+00
8.132076345646055415e-07
0.000000000000000000e+00
0.000000000000000000e+00
0.000000000000000000e+00
0.000000000000000000e+00
0.000000000000000000e+00
0.000000000000000000e+00
6.608496505577932112e-08
0.000000000000000000e+00
0.000000000000000000e+00
1.077371170055130278e-08
5.343833375803797026e-09
5.178875106537361717e-09
2.290554732553573558e-07
7.107961774721616166e-09
0.000000000000000000e+00
0.000000000000000000e+00
0.000000000000000000e+00
0.000000000000000000e+00
0.000000000000000000e+00
4.685548837812802958e-09
0.000000000000000000e+00
0.000000000000000000e+00
0.000000000000000000e+00
0.000000000000000000e+00
0.000000000000000000e+00
0.000000000000000000e+00
0.000000000000000000e+00
0.000000000000000000e+00
0.000000000000000000e+00
0.000000000000000000e+00
0.000000000000000000e+00
2.355422594746414688e-07
3.586103858310707437e-09
2.684853143364307471e-06
3.403664834422670538e-07
1.545201122610251332e-08
4.563492268516711192e-07
5.930973202339373529e-06
0.000000000000000000e+00
0.000000000000000000e+00
0.000000000000000000e+00
0.000000000000000000e+00
8.878724422345385392e-09
2.309360702668072918e-08
2.359849815558590080e-10
0.000000000000000000e+00
0.000000000000000000e+00
0.000000000000000000e+00
0.000000000000000000e+00
1.867947844402806368e-06
0.000000000000000000e+00
1.763262389431474730e-07
0.000000000000000000e+00
2.150183142646255874e-09
0.000000000000000000e+00
0.000000000000000000e+00
8.502976989177568612e-09
0.000000000000000000e+00
0.000000000000000000e+00
9.396872613365303550e-09
0.000000000000000000e+00
2.968273626891004824e-08
9.770221076621510292e-09
7.209310126654600026e-08
1.716837005893978585e-09
0.000000000000000000e+00
0.000000000000000000e+00
0.000000000000000000e+00
0.000000000000000000e+00
1.745058284541300964e-07
1.941076845923817018e-07
0.000000000000000000e+00
2.159531442558204617e-09
0.000000000000000000e+00
0.000000000000000000e+00
0.000000000000000000e+00
0.000000000000000000e+00
0.000000000000000000e+00
0.000000000000000000e+00
0.000000000000000000e+00
0.000000000000000000e+00
0.000000000000000000e+00
0.000000000000000000e+00
3.410564053396569761e-09
6.902151028498337837e-08
6.007509600891580703e-09
0.000000000000000000e+00
0.000000000000000000e+00
0.000000000000000000e+00
0.000000000000000000e+00
3.234368550764088468e-09
0.000000000000000000e+00
0.000000000000000000e+00
1.241244468319635530e-10
0.000000000000000000e+00
0.000000000000000000e+00
0.000000000000000000e+00
1.528727477939639812e-09
0.000000000000000000e+00
0.000000000000000000e+00
1.220161720993928611e-05
0.000000000000000000e+00
3.868000142404071084e-09
1.023852064463426359e-06
3.956648697567288764e-07
0.000000000000000000e+00
4.962562361043865167e-09
0.000000000000000000e+00
8.170891874215158168e-07
0.000000000000000000e+00
0.000000000000000000e+00
5.711549277975791483e-08
1.614375264580303337e-07
2.212090208786321455e-07
0.000000000000000000e+00
1.154293638450099024e-08
5.528411950450617951e-09
1.319233660979080014e-06
1.290943567322511143e-11
0.000000000000000000e+00
0.000000000000000000e+00
0.000000000000000000e+00
0.000000000000000000e+00
0.000000000000000000e+00
0.000000000000000000e+00
7.260306347234291025e-07
6.085850401404968579e-08
7.918688482710933840e-10
1.359318990701297025e-09
8.087271297085862898e-09
0.000000000000000000e+00
0.000000000000000000e+00
0.000000000000000000e+00
1.857703102459140609e-09
0.000000000000000000e+00
0.000000000000000000e+00
0.000000000000000000e+00
0.000000000000000000e+00
2.530037690462449973e-08
0.000000000000000000e+00
0.000000000000000000e+00
2.444019457925605820e-07
7.873109666434174869e-07
8.624860825534597097e-10
4.184632196313486929e-09
0.000000000000000000e+00
0.000000000000000000e+00
1.621769829540653518e-09
6.796928797569989911e-09
7.803788865112792905e-11
1.540914070603457975e-13
8.501175585706732818e-08
2.534368377382634208e-06
4.539380427104333648e-09
9.169930592634045752e-09
0.000000000000000000e+00
0.000000000000000000e+00
0.000000000000000000e+00
0.000000000000000000e+00
1.697994775895494968e-07
0.000000000000000000e+00
0.000000000000000000e+00
0.000000000000000000e+00
5.717202822275169183e-10
0.000000000000000000e+00
1.468679733385158670e-09
0.000000000000000000e+00
0.000000000000000000e+00
0.000000000000000000e+00
2.353336299165675882e-07
4.618402726919157431e-07
1.223054141519241966e-06
1.165450953521940392e-07
4.846432602789718658e-06
0.000000000000000000e+00
8.178843927453272045e-06
0.000000000000000000e+00
0.000000000000000000e+00
0.000000000000000000e+00
1.061360777043773851e-09
4.539390658919728594e-07
8.207571795537660364e-07
1.020484252656217450e-09
0.000000000000000000e+00
2.413256261490914767e-08
7.616927888420832460e-08
0.000000000000000000e+00
5.393572521938949649e-08
0.000000000000000000e+00
0.000000000000000000e+00
0.000000000000000000e+00
0.000000000000000000e+00
0.000000000000000000e+00
0.000000000000000000e+00
1.167760842690768186e-06
0.000000000000000000e+00
0.000000000000000000e+00
7.189579154243119774e-09
0.000000000000000000e+00
1.478512530184161733e-07
0.000000000000000000e+00
8.167970122485712636e-08
0.000000000000000000e+00
0.000000000000000000e+00
0.000000000000000000e+00
0.000000000000000000e+00
6.487472319349762984e-07
0.000000000000000000e+00
0.000000000000000000e+00
9.719427929155699530e-09
0.000000000000000000e+00
0.000000000000000000e+00
0.000000000000000000e+00
4.485103694690240062e-12
6.330315827085541969e-09
0.000000000000000000e+00
3.423318446493794909e-07
0.000000000000000000e+00
0.000000000000000000e+00
0.000000000000000000e+00
0.000000000000000000e+00
1.073791167094384491e-09
0.000000000000000000e+00
0.000000000000000000e+00
0.000000000000000000e+00
9.073853668439824105e-09
0.000000000000000000e+00
0.000000000000000000e+00
0.000000000000000000e+00
0.000000000000000000e+00
0.000000000000000000e+00
0.000000000000000000e+00
0.000000000000000000e+00
0.000000000000000000e+00
0.000000000000000000e+00
0.000000000000000000e+00
0.000000000000000000e+00
2.661934956904588034e-07
5.708102879253829087e-09
1.383325676229674173e-09
0.000000000000000000e+00
0.000000000000000000e+00
3.414257321310287807e-07
8.298184361876792536e-10
3.614142372043716023e-07
2.033044621541080232e-09
4.257557861819805112e-08
0.000000000000000000e+00
1.166687297882162966e-07
1.739129906752623356e-08
1.915470733138135984e-07
1.524426451737781463e-08
7.339256757887824278e-09
5.060580292592931073e-07
0.000000000000000000e+00
3.258652725435240427e-07
8.002608637980301864e-07
2.818052962538786232e-06
0.000000000000000000e+00
1.387836245925200274e-08
0.000000000000000000e+00
1.771627808011544403e-06
3.671648300951346755e-07
0.000000000000000000e+00
0.000000000000000000e+00
2.262059162205787288e-08
0.000000000000000000e+00
4.719679314035829520e-09
6.002073504873806087e-09
8.775243287573175621e-08
2.348063361523600179e-07
0.000000000000000000e+00
0.000000000000000000e+00
1.195281384980262374e-08
1.509229377916199155e-06
8.707686127706892876e-09
1.805583238478902786e-08
0.000000000000000000e+00
0.000000000000000000e+00
1.475952338125807728e-08
1.185662313218927011e-06
4.342645798516286959e-09
1.664228221898156335e-08
1.187033693561545533e-09
1.724004192737993435e-07
3.194063253886270104e-07
0.000000000000000000e+00
7.567203752500972769e-09
1.316725388278427999e-06
0.000000000000000000e+00
0.000000000000000000e+00
0.000000000000000000e+00
0.000000000000000000e+00
0.000000000000000000e+00
0.000000000000000000e+00
0.000000000000000000e+00
0.000000000000000000e+00
0.000000000000000000e+00
0.000000000000000000e+00
0.000000000000000000e+00
2.501308049573935932e-10
0.000000000000000000e+00
0.000000000000000000e+00
0.000000000000000000e+00
5.222810841587488540e-07
0.000000000000000000e+00
0.000000000000000000e+00
0.000000000000000000e+00
0.000000000000000000e+00
0.000000000000000000e+00
0.000000000000000000e+00
2.518074495583277894e-07
0.000000000000000000e+00
8.584061794714159532e-10
4.586026225439354675e-09
0.000000000000000000e+00
0.000000000000000000e+00
1.553740844428830314e-06
0.000000000000000000e+00
0.000000000000000000e+00
0.000000000000000000e+00
0.000000000000000000e+00
1.574470970266972358e-10
0.000000000000000000e+00
0.000000000000000000e+00
2.735897730588021659e-08
0.000000000000000000e+00
0.000000000000000000e+00
1.416841257650958141e-07
0.000000000000000000e+00
0.000000000000000000e+00
0.000000000000000000e+00
4.725771418634394649e-08
0.000000000000000000e+00
0.000000000000000000e+00
6.102826688447748893e-09
0.000000000000000000e+00
0.000000000000000000e+00
1.140407130151288584e-05
9.509304454979883303e-09
6.527384188714790980e-10
0.000000000000000000e+00
2.372507301728887796e-09
5.825435778206156101e-07
0.000000000000000000e+00
2.688579359144682712e-09
6.704357247144798748e-08
0.000000000000000000e+00
0.000000000000000000e+00
0.000000000000000000e+00
6.871685998000032214e-10
0.000000000000000000e+00
0.000000000000000000e+00
0.000000000000000000e+00
0.000000000000000000e+00
0.000000000000000000e+00
0.000000000000000000e+00
1.439307879991247319e-06
0.000000000000000000e+00
0.000000000000000000e+00
0.000000000000000000e+00
0.000000000000000000e+00
0.000000000000000000e+00
0.000000000000000000e+00
0.000000000000000000e+00
0.000000000000000000e+00
0.000000000000000000e+00
0.000000000000000000e+00
0.000000000000000000e+00
5.253660007031868417e-11
4.038086842683696887e-07
0.000000000000000000e+00
0.000000000000000000e+00
1.005973013223915302e-10
4.854271082876948640e-07
0.000000000000000000e+00
0.000000000000000000e+00
0.000000000000000000e+00
0.000000000000000000e+00
5.431898042473903843e-09
0.000000000000000000e+00
0.000000000000000000e+00
3.673100490431124854e-09
1.371027180674389001e-09
0.000000000000000000e+00
0.000000000000000000e+00
0.000000000000000000e+00
1.746708022665188764e-08
0.000000000000000000e+00
0.000000000000000000e+00
0.000000000000000000e+00
0.000000000000000000e+00
6.294818000185387064e-09
2.331855881720912294e-07
0.000000000000000000e+00
0.000000000000000000e+00
5.472803987771612810e-09
5.579370281338924542e-06
0.000000000000000000e+00
5.968132654743385501e-09
3.024253913963548257e-08
0.000000000000000000e+00
2.828427270173961006e-08
4.117000906855849962e-10
9.045297701959498227e-07
9.357727925873859931e-09
1.741296244972545537e-07
4.793962560256659344e-08
0.000000000000000000e+00
2.534479222049412783e-07
1.413622953805315774e-06
4.612362829448102275e-07
3.729443278643884696e-07
4.742076523123195386e-11
0.000000000000000000e+00
2.134337933057395276e-07
1.170012198237202483e-09
5.083041187958770024e-08
2.206777054425401730e-07
6.124040510258055292e-07
8.188308697754109744e-09
0.000000000000000000e+00
2.617169911900418811e-07
1.432019058889011376e-09
3.013326761447387980e-07
9.390270783171672520e-09
0.000000000000000000e+00
2.355571027123914973e-08
8.136591986840358004e-07
1.790539698731663520e-07
4.884626605416997336e-07
0.000000000000000000e+00
0.000000000000000000e+00
0.000000000000000000e+00
0.000000000000000000e+00
5.286924231739931201e-09
0.000000000000000000e+00
0.000000000000000000e+00
0.000000000000000000e+00
0.000000000000000000e+00
9.299180092625647376e-09
0.000000000000000000e+00
0.000000000000000000e+00
0.000000000000000000e+00
0.000000000000000000e+00
0.000000000000000000e+00
0.000000000000000000e+00
0.000000000000000000e+00
0.000000000000000000e+00
0.000000000000000000e+00
1.552228456880300200e-09
0.000000000000000000e+00
0.000000000000000000e+00
0.000000000000000000e+00
0.000000000000000000e+00
0.000000000000000000e+00
0.000000000000000000e+00
0.000000000000000000e+00
0.000000000000000000e+00
9.477657769707548141e-09
0.000000000000000000e+00
0.000000000000000000e+00
0.000000000000000000e+00
0.000000000000000000e+00
0.000000000000000000e+00
0.000000000000000000e+00
3.906139625087234890e-07
0.000000000000000000e+00
0.000000000000000000e+00
0.000000000000000000e+00
0.000000000000000000e+00
0.000000000000000000e+00
0.000000000000000000e+00
0.000000000000000000e+00
0.000000000000000000e+00
0.000000000000000000e+00
4.351487781217855400e-10
0.000000000000000000e+00
1.315612285779366175e-09
0.000000000000000000e+00
5.298906646800105591e-09
0.000000000000000000e+00
0.000000000000000000e+00
4.365283075458137318e-06
0.000000000000000000e+00
0.000000000000000000e+00
5.961524676689755609e-12
2.142402699689682777e-09
1.566349681070278166e-07
1.949910455323333736e-07
1.925767776356224203e-07
1.336739046564616729e-06
3.938725399166287389e-07
2.292007820869912393e-06
6.015220543886812266e-10
1.000346330215506896e-07
0.000000000000000000e+00
1.518491444585379213e-06
2.207440452650644147e-08
7.968763497956388164e-07
0.000000000000000000e+00
9.377157939027824796e-10
2.687385176614043303e-07
9.516884169613604172e-09
0.000000000000000000e+00
0.000000000000000000e+00
2.897192707962403802e-09
5.718353346395588233e-09
0.000000000000000000e+00
0.000000000000000000e+00
0.000000000000000000e+00
0.000000000000000000e+00
0.000000000000000000e+00
0.000000000000000000e+00
3.649062207955466874e-08
0.000000000000000000e+00
0.000000000000000000e+00
0.000000000000000000e+00
0.000000000000000000e+00
5.882972442528000556e-10
0.000000000000000000e+00
0.000000000000000000e+00
0.000000000000000000e+00
0.000000000000000000e+00
2.309693769575460465e-08
0.000000000000000000e+00
0.000000000000000000e+00
8.995957756496864022e-09
5.897961286027708638e-11
0.000000000000000000e+00
0.000000000000000000e+00
0.000000000000000000e+00
0.000000000000000000e+00
8.505173454409487022e-09
9.721083313318779062e-12
3.477514098904066486e-08
3.323473833916068543e-07
3.051223529837443493e-06
0.000000000000000000e+00
0.000000000000000000e+00
1.001348209683783352e-06
0.000000000000000000e+00
5.565734984003256614e-09
3.308334726170869544e-07
0.000000000000000000e+00
0.000000000000000000e+00
7.414661467919358984e-06
0.000000000000000000e+00
2.459831875967211090e-06
0.000000000000000000e+00
3.977376366037788102e-07
0.000000000000000000e+00
4.864200491283554584e-07
6.375748284881410655e-07
1.241067934643069748e-06
8.509543647505779518e-08
2.664277999608888337e-11
2.656558535818476230e-06
8.135187385960307438e-07
1.505401248103055423e-09
0.000000000000000000e+00
0.000000000000000000e+00
0.000000000000000000e+00
0.000000000000000000e+00
0.000000000000000000e+00
0.000000000000000000e+00
0.000000000000000000e+00
0.000000000000000000e+00
0.000000000000000000e+00
0.000000000000000000e+00
0.000000000000000000e+00
0.000000000000000000e+00
0.000000000000000000e+00
0.000000000000000000e+00
2.932137865840900304e-09
0.000000000000000000e+00
2.062011006387365342e-09
1.737102479637542274e-07
0.000000000000000000e+00
6.099566629558239583e-09
0.000000000000000000e+00
0.000000000000000000e+00
0.000000000000000000e+00
0.000000000000000000e+00
4.859587647843000013e-07
0.000000000000000000e+00
5.810671609651762992e-06
0.000000000000000000e+00
0.000000000000000000e+00
0.000000000000000000e+00
0.000000000000000000e+00
0.000000000000000000e+00
6.529675911082222228e-09
0.000000000000000000e+00
0.000000000000000000e+00
4.014868881796473943e-09
0.000000000000000000e+00
5.363330274121835828e-06
0.000000000000000000e+00
2.278192994253913639e-07
2.442067348340515309e-08
2.864200610019906890e-07
5.011024768464267254e-07
9.370980933454120532e-07
0.000000000000000000e+00
5.692836424486813485e-08
1.068346932697750162e-06
2.414363279967801645e-06
3.215133347111986950e-06
1.213771128050211701e-07
0.000000000000000000e+00
1.014506811891635607e-09
0.000000000000000000e+00
0.000000000000000000e+00
0.000000000000000000e+00
0.000000000000000000e+00
2.589695125010393895e-11
0.000000000000000000e+00
0.000000000000000000e+00
2.200163662369192252e-10
0.000000000000000000e+00
0.000000000000000000e+00
0.000000000000000000e+00
0.000000000000000000e+00
0.000000000000000000e+00
0.000000000000000000e+00
0.000000000000000000e+00
0.000000000000000000e+00
0.000000000000000000e+00
0.000000000000000000e+00
0.000000000000000000e+00
0.000000000000000000e+00
0.000000000000000000e+00
2.807032828400224389e-09
0.000000000000000000e+00
0.000000000000000000e+00
0.000000000000000000e+00
0.000000000000000000e+00
1.382844949660011480e-10
0.000000000000000000e+00
0.000000000000000000e+00
7.480135622017769492e-09
0.000000000000000000e+00
5.354850340921757379e-09
3.803683756853359910e-11
1.626895951289952791e-08
9.965003266998451181e-10
3.910243151494796621e-08
0.000000000000000000e+00
0.000000000000000000e+00
9.061955665856658015e-07
0.000000000000000000e+00
0.000000000000000000e+00
0.000000000000000000e+00
0.000000000000000000e+00
0.000000000000000000e+00
0.000000000000000000e+00
0.000000000000000000e+00
5.617339038366253590e-09
0.000000000000000000e+00
0.000000000000000000e+00
1.507196287775514065e-07
5.382485124272307075e-09
0.000000000000000000e+00
0.000000000000000000e+00
0.000000000000000000e+00
7.367332077734545237e-09
4.811669214177527465e-07
1.638776552681520116e-06
3.728130479885294335e-07
5.986176461192371789e-07
6.250189699130714871e-08
1.019319483930303250e-06
9.211574365508568007e-07
0.000000000000000000e+00
0.000000000000000000e+00
9.621101071388693526e-08
1.472029165228150305e-08
1.331501436885318412e-10
0.000000000000000000e+00
5.000074665417741926e-08
2.735245288931764662e-06
3.475469356750693350e-10
1.313207036446328857e-07
0.000000000000000000e+00
1.125187942818683950e-08
0.000000000000000000e+00
3.601086651094931312e-10
6.039320510353718419e-07
0.000000000000000000e+00
3.867418030267799622e-08
0.000000000000000000e+00
0.000000000000000000e+00
0.000000000000000000e+00
0.000000000000000000e+00
4.663912136493308935e-07
0.000000000000000000e+00
0.000000000000000000e+00
0.000000000000000000e+00
0.000000000000000000e+00
0.000000000000000000e+00
6.829700396338012069e-07
0.000000000000000000e+00
0.000000000000000000e+00
3.751095878357091351e-09
8.341826784885597590e-09
0.000000000000000000e+00
0.000000000000000000e+00
0.000000000000000000e+00
4.293687538847734686e-08
1.410941141699595391e-09
0.000000000000000000e+00
2.289417011525074486e-08
0.000000000000000000e+00
1.813876493450550242e-09
3.952455696065726443e-09
4.593760094540044747e-11
0.000000000000000000e+00
0.000000000000000000e+00
0.000000000000000000e+00
0.000000000000000000e+00
7.680620583982999960e-09
0.000000000000000000e+00
0.000000000000000000e+00
1.232100110826195305e-08
2.130799181543352461e-08
5.575656825129726712e-09
1.831228857440692082e-08
2.217792061109946644e-10
1.357495875708991662e-07
2.633061590984198119e-08
7.556614889381307876e-09
7.443886573810232221e-08
8.233156023607079987e-08
4.763937795360106975e-07
3.626237514708918752e-07
0.000000000000000000e+00
1.067033336688005818e-10
6.548814894813403953e-07
8.083058560259814840e-07
1.188776991511986125e-06
0.000000000000000000e+00
0.000000000000000000e+00
0.000000000000000000e+00
1.338405031248157684e-08
0.000000000000000000e+00
0.000000000000000000e+00
0.000000000000000000e+00
0.000000000000000000e+00
0.000000000000000000e+00
0.000000000000000000e+00
4.637354500403034763e-09
0.000000000000000000e+00
0.000000000000000000e+00
0.000000000000000000e+00
0.000000000000000000e+00
0.000000000000000000e+00
7.257127521143047488e-08
0.000000000000000000e+00
0.000000000000000000e+00
2.130059044702647952e-07
0.000000000000000000e+00
9.273651180308206676e-09
1.297952678669389570e-08
3.788617419786532992e-08
1.507236113695853419e-08
0.000000000000000000e+00
5.595456400442344602e-07
1.820857846723811235e-07
0.000000000000000000e+00
1.279763101047493024e-10
2.628242068425379330e-10
1.758983536603864195e-08
9.843710291335128204e-10
0.000000000000000000e+00
1.271519636247830931e-07
1.670102420803232235e-07
6.750071435135396314e-08
2.104213535858434625e-06
1.121240302381920628e-06
1.910970013341284357e-06
0.000000000000000000e+00
4.764690864078602317e-09
8.320380402437876910e-07
2.300193955306895077e-07
0.000000000000000000e+00
7.251469469338189811e-08
0.000000000000000000e+00
0.000000000000000000e+00
0.000000000000000000e+00
0.000000000000000000e+00
0.000000000000000000e+00
0.000000000000000000e+00
0.000000000000000000e+00
0.000000000000000000e+00
0.000000000000000000e+00
0.000000000000000000e+00
1.884028211218691240e-10
3.823246572665084386e-07
0.000000000000000000e+00
0.000000000000000000e+00
0.000000000000000000e+00
0.000000000000000000e+00
5.296959759704122916e-09
0.000000000000000000e+00
0.000000000000000000e+00
3.083770794276574634e-09
0.000000000000000000e+00
0.000000000000000000e+00
0.000000000000000000e+00
0.000000000000000000e+00
0.000000000000000000e+00
1.492999723851085037e-09
1.495092760706029367e-07
0.000000000000000000e+00
1.474567756787337203e-08
4.947781349073920865e-07
1.041032052229162730e-10
0.000000000000000000e+00
0.000000000000000000e+00
0.000000000000000000e+00
7.787071543141621532e-10
0.000000000000000000e+00
0.000000000000000000e+00
8.319156563629803713e-08
6.641755589953390881e-08
0.000000000000000000e+00
0.000000000000000000e+00
4.571257594676580993e-09
6.953655429242644459e-09
3.192434927523635224e-10
5.246871947334197372e-12
0.000000000000000000e+00
0.000000000000000000e+00
8.962160791270434856e-07
0.000000000000000000e+00
0.000000000000000000e+00
1.160478632300510071e-06
3.009886739846479031e-08
1.343565401157320593e-07
0.000000000000000000e+00
2.000870757967732061e-08
6.980508171494648195e-09
0.000000000000000000e+00
0.000000000000000000e+00
0.000000000000000000e+00
0.000000000000000000e+00
0.000000000000000000e+00
2.851238605217076838e-06
2.298099266440090105e-09
0.000000000000000000e+00
0.000000000000000000e+00
0.000000000000000000e+00
0.000000000000000000e+00
0.000000000000000000e+00
0.000000000000000000e+00
0.000000000000000000e+00
0.000000000000000000e+00
0.000000000000000000e+00
0.000000000000000000e+00
0.000000000000000000e+00
0.000000000000000000e+00
0.000000000000000000e+00
0.000000000000000000e+00
0.000000000000000000e+00
0.000000000000000000e+00
0.000000000000000000e+00
0.000000000000000000e+00
0.000000000000000000e+00
0.000000000000000000e+00
0.000000000000000000e+00
0.000000000000000000e+00
1.596644416679282585e-08
1.932289328543390639e-10
0.000000000000000000e+00
0.000000000000000000e+00
0.000000000000000000e+00
2.767784224033675855e-07
2.766663698139382177e-08
0.000000000000000000e+00
0.000000000000000000e+00
0.000000000000000000e+00
1.099194957276949935e-09
8.053284261677617906e-09
0.000000000000000000e+00
1.101816637927299780e-09
8.912953148865199182e-07
2.011404021118323726e-08
0.000000000000000000e+00
0.000000000000000000e+00
7.183205070759868249e-06
0.000000000000000000e+00
1.126691344666141958e-07
7.588148775994341122e-09
2.645828223180046734e-09
0.000000000000000000e+00
4.745658316096523777e-06
4.005038363175117411e-07
9.758571728468723450e-09
0.000000000000000000e+00
7.156539822972263210e-07
0.000000000000000000e+00
3.320320729471859522e-08
2.367107526879408397e-06
3.025356321018080052e-08
2.631044537793059135e-07
0.000000000000000000e+00
1.344367319688899443e-06
1.489691481282306995e-08
0.000000000000000000e+00
4.790057239745237894e-09
0.000000000000000000e+00
0.000000000000000000e+00
0.000000000000000000e+00
0.000000000000000000e+00
0.000000000000000000e+00
0.000000000000000000e+00
0.000000000000000000e+00
0.000000000000000000e+00
0.000000000000000000e+00
0.000000000000000000e+00
0.000000000000000000e+00
0.000000000000000000e+00
0.000000000000000000e+00
0.000000000000000000e+00
0.000000000000000000e+00
7.529945555972972215e-09
5.401504243884858170e-10
3.077027201925375266e-07
3.094484668508812319e-08
2.270306964646806591e-08
1.383389047759919777e-07
1.984374051744453027e-07
3.933660952526452093e-09
0.000000000000000000e+00
2.083927919116490557e-09
9.088311769822610131e-10
0.000000000000000000e+00
0.000000000000000000e+00
4.564173761156808951e-10
0.000000000000000000e+00
0.000000000000000000e+00
0.000000000000000000e+00
0.000000000000000000e+00
0.000000000000000000e+00
0.000000000000000000e+00
0.000000000000000000e+00
0.000000000000000000e+00
2.901891171802617464e-08
1.493266609031707048e-06
4.724828528424040996e-08
8.968219589178261231e-08
0.000000000000000000e+00
1.228816870479931822e-07
1.389697024123393021e-09
2.206630398404740845e-07
1.072153736458858475e-06
5.370565325790721545e-09
0.000000000000000000e+00
0.000000000000000000e+00
0.000000000000000000e+00
5.850964157616544981e-07
6.821700537784636253e-08
6.756880832625711264e-09
3.662104859358805697e-07
5.394723245899513131e-08
1.013922428683144972e-06
7.348378971983038355e-08
2.076073997159255669e-07
0.000000000000000000e+00
6.958333642614888959e-07
6.578482043551048264e-07
0.000000000000000000e+00
0.000000000000000000e+00
9.676335288588688854e-09
2.452667558827670291e-06
0.000000000000000000e+00
0.000000000000000000e+00
0.000000000000000000e+00
0.000000000000000000e+00
0.000000000000000000e+00
0.000000000000000000e+00
0.000000000000000000e+00
0.000000000000000000e+00
0.000000000000000000e+00
0.000000000000000000e+00
0.000000000000000000e+00
0.000000000000000000e+00
0.000000000000000000e+00
0.000000000000000000e+00
0.000000000000000000e+00
0.000000000000000000e+00
1.096039969894491151e-08
1.916587564210203709e-07
0.000000000000000000e+00
2.170630564179987232e-09
0.000000000000000000e+00
1.267020377504479711e-09
0.000000000000000000e+00
5.905969491237783586e-09
5.524124730982293840e-07
4.937178488262361498e-08
0.000000000000000000e+00
0.000000000000000000e+00
0.000000000000000000e+00
2.321104197733347974e-08
0.000000000000000000e+00
0.000000000000000000e+00
7.268123436432460949e-09
0.000000000000000000e+00
0.000000000000000000e+00
6.505867844452950521e-09
2.088952122392129240e-09
0.000000000000000000e+00
1.887783724896507920e-07
1.301899743566536927e-08
1.408054028928518164e-08
1.519701129382156068e-07
1.774345435023860773e-07
1.845440777969997725e-07
0.000000000000000000e+00
3.199406295451012738e-09
9.266541951546969358e-07
1.731664553972223075e-07
0.000000000000000000e+00
2.052866818758047884e-07
4.043443010970371176e-11
4.275942728781956248e-07
0.000000000000000000e+00
7.136081170422414743e-10
0.000000000000000000e+00
0.000000000000000000e+00
0.000000000000000000e+00
1.073870521395292599e-06
0.000000000000000000e+00
0.000000000000000000e+00
0.000000000000000000e+00
0.000000000000000000e+00
0.000000000000000000e+00
0.000000000000000000e+00
0.000000000000000000e+00
0.000000000000000000e+00
0.000000000000000000e+00
3.355064279730868293e-07
0.000000000000000000e+00
0.000000000000000000e+00
0.000000000000000000e+00
0.000000000000000000e+00
0.000000000000000000e+00
0.000000000000000000e+00
0.000000000000000000e+00
5.560840676821499073e-09
0.000000000000000000e+00
0.000000000000000000e+00
0.000000000000000000e+00
1.070302069194895012e-09
3.807986814763353323e-09
3.286870366991934134e-07
0.000000000000000000e+00
0.000000000000000000e+00
2.274645822808452067e-07
0.000000000000000000e+00
0.000000000000000000e+00
0.000000000000000000e+00
0.000000000000000000e+00
6.063621271756858278e-10
0.000000000000000000e+00
0.000000000000000000e+00
3.055633968074289442e-09
0.000000000000000000e+00
0.000000000000000000e+00
0.000000000000000000e+00
0.000000000000000000e+00
1.230154111908632331e-08
6.025138721277301102e-10
0.000000000000000000e+00
0.000000000000000000e+00
1.349163475158408182e-16
0.000000000000000000e+00
0.000000000000000000e+00
1.334228954874561168e-06
1.256209136712982399e-09
5.553433268801200029e-09
1.324529307566990610e-06
0.000000000000000000e+00
9.033086456611272297e-08
3.649733457677939441e-07
1.315029294346459210e-07
8.601337975200351593e-10
3.195803621736104105e-10
0.000000000000000000e+00
0.000000000000000000e+00
2.023942435869230394e-08
2.797122249376116088e-07
0.000000000000000000e+00
0.000000000000000000e+00
0.000000000000000000e+00
2.290913698743679561e-07
9.082905982893407781e-09
0.000000000000000000e+00
1.261849433831230272e-07
1.796098270112622686e-10
0.000000000000000000e+00
0.000000000000000000e+00
0.000000000000000000e+00
0.000000000000000000e+00
0.000000000000000000e+00
0.000000000000000000e+00
0.000000000000000000e+00
0.000000000000000000e+00
0.000000000000000000e+00
0.000000000000000000e+00
0.000000000000000000e+00
0.000000000000000000e+00
0.000000000000000000e+00
0.000000000000000000e+00
0.000000000000000000e+00
0.000000000000000000e+00
0.000000000000000000e+00
6.072730318607000299e-09
6.640088923148823596e-09
0.000000000000000000e+00
0.000000000000000000e+00
5.181008511101481417e-09
0.000000000000000000e+00
0.000000000000000000e+00
0.000000000000000000e+00
2.847185101018112618e-07
0.000000000000000000e+00
0.000000000000000000e+00
0.000000000000000000e+00
0.000000000000000000e+00
2.870144399924612344e-10
0.000000000000000000e+00
0.000000000000000000e+00
0.000000000000000000e+00
9.687387558798832288e-10
2.786926529552147258e-07
4.134801667721177409e-10
0.000000000000000000e+00
0.000000000000000000e+00
0.000000000000000000e+00
0.000000000000000000e+00
2.569102086624752701e-08
5.538380518088636961e-11
2.231585582990192052e-09
1.259709279111120850e-07
1.029901497417995415e-07
5.122860216033586767e-07
0.000000000000000000e+00
0.000000000000000000e+00
0.000000000000000000e+00
1.186795657304173801e-06
2.082106948364526033e-05
0.000000000000000000e+00
2.395057947524037445e-07
0.000000000000000000e+00
9.241535536830269848e-09
0.000000000000000000e+00
0.000000000000000000e+00
0.000000000000000000e+00
3.246360735786879559e-09
3.894703013429534622e-07
0.000000000000000000e+00
6.628100891248323023e-06
5.230506694431369397e-09
2.455777803334058262e-08
0.000000000000000000e+00
0.000000000000000000e+00
0.000000000000000000e+00
4.606087316005869070e-07
0.000000000000000000e+00
0.000000000000000000e+00
8.326871636654686881e-09
0.000000000000000000e+00
0.000000000000000000e+00
0.000000000000000000e+00
7.634957555069377122e-09
3.288897583095251598e-12
2.357341211123298308e-09
0.000000000000000000e+00
0.000000000000000000e+00
1.360461465704787543e-10
0.000000000000000000e+00
9.455776606159815856e-09
9.717515681018085161e-09
7.087011422157729612e-09
0.000000000000000000e+00
6.263613627766062564e-09
0.000000000000000000e+00
4.754252813654602505e-08
4.937583675257428695e-10
0.000000000000000000e+00
0.000000000000000000e+00
1.643275204799010680e-08
0.000000000000000000e+00
6.308852107395068742e-09
0.000000000000000000e+00
0.000000000000000000e+00
0.000000000000000000e+00
2.250014574656233890e-07
0.000000000000000000e+00
6.628118942586525009e-09
1.793002979866287205e-06
0.000000000000000000e+00
2.761009731955255120e-08
1.067347739081014879e-06
4.369806845261337003e-07
0.000000000000000000e+00
0.000000000000000000e+00
0.000000000000000000e+00
0.000000000000000000e+00
0.000000000000000000e+00
0.000000000000000000e+00
2.933913667568788242e-10
1.415778827507097049e-09
0.000000000000000000e+00
0.000000000000000000e+00
0.000000000000000000e+00
3.368653134216970102e-09
3.012145810554756054e-10
0.000000000000000000e+00
6.776667760277632624e-06
0.000000000000000000e+00
9.457581384708646510e-10
0.000000000000000000e+00
0.000000000000000000e+00
0.000000000000000000e+00
0.000000000000000000e+00
1.027990692570313058e-09
0.000000000000000000e+00
0.000000000000000000e+00
0.000000000000000000e+00
0.000000000000000000e+00
0.000000000000000000e+00
0.000000000000000000e+00
0.000000000000000000e+00
0.000000000000000000e+00
0.000000000000000000e+00
8.840414622568459890e-09
0.000000000000000000e+00
0.000000000000000000e+00
0.000000000000000000e+00
0.000000000000000000e+00
0.000000000000000000e+00
5.847669015679457516e-09
2.381888020153155594e-09
3.207650252079474740e-07
6.010727915395364107e-09
0.000000000000000000e+00
0.000000000000000000e+00
0.000000000000000000e+00
0.000000000000000000e+00
0.000000000000000000e+00
4.723060271771828411e-07
0.000000000000000000e+00
0.000000000000000000e+00
2.983226821129392192e-08
0.000000000000000000e+00
1.907411117940682743e-08
0.000000000000000000e+00
0.000000000000000000e+00
7.296748982810186135e-09
0.000000000000000000e+00
6.267900087841837831e-10
9.136882361815423792e-09
0.000000000000000000e+00
0.000000000000000000e+00
1.063707145476655569e-06
0.000000000000000000e+00
7.776647104051903625e-10
0.000000000000000000e+00
7.258898815365455448e-09
0.000000000000000000e+00
6.540267349919304252e-07
1.338093397862394340e-06
6.200908231335233722e-09
3.998465842869336484e-07
1.478445543767747949e-08
5.639829492309900161e-09
1.188455598821747117e-06
8.512152094297675831e-11
1.183091125067647909e-10
0.000000000000000000e+00
5.858419527271507832e-09
0.000000000000000000e+00
3.088160838160547428e-07
9.480691787189243769e-09
8.553969088609392202e-09
0.000000000000000000e+00
0.000000000000000000e+00
0.000000000000000000e+00
0.000000000000000000e+00
3.872517029268607303e-10
0.000000000000000000e+00
3.434314876926691795e-08
0.000000000000000000e+00
5.782841427937057688e-10
0.000000000000000000e+00
0.000000000000000000e+00
1.880897038120110665e-08
0.000000000000000000e+00
0.000000000000000000e+00
0.000000000000000000e+00
2.247205310723643379e-09
3.165345097144722786e-09
0.000000000000000000e+00
7.330484663725655992e-07
5.838162731031104613e-10
1.926634851656672254e-09
8.375668585358653218e-06
2.257507958347559907e-06
2.968752994547685375e-07
9.839318408921826631e-07
7.135349733289331198e-07
3.544369917563017225e-07
1.094479102903278545e-06
2.805553549478645436e-07
1.982538151423796080e-07
0.000000000000000000e+00
0.000000000000000000e+00
3.366457406173140043e-07
0.000000000000000000e+00
1.580159732839092612e-06
0.000000000000000000e+00
2.290262983706270461e-07
0.000000000000000000e+00
0.000000000000000000e+00
0.000000000000000000e+00
0.000000000000000000e+00
0.000000000000000000e+00
0.000000000000000000e+00
7.990760053644407890e-09
0.000000000000000000e+00
6.501926463897689246e-08
0.000000000000000000e+00
0.000000000000000000e+00
0.000000000000000000e+00
0.000000000000000000e+00
0.000000000000000000e+00
0.000000000000000000e+00
0.000000000000000000e+00
1.979445052313622000e-09
1.604084332029742654e-07
0.000000000000000000e+00
0.000000000000000000e+00
0.000000000000000000e+00
0.000000000000000000e+00
0.000000000000000000e+00
0.000000000000000000e+00
1.311049402374919737e-07
3.385507207909199678e-09
1.601235921633303860e-09
1.574909269663749001e-08
0.000000000000000000e+00
0.000000000000000000e+00
2.836717527543441975e-08
1.249864794994337558e-10
4.648178730803920189e-09
4.563057043327489737e-09
1.545053578411170747e-06
0.000000000000000000e+00
1.974768082391165080e-07
1.372610881844593678e-06
1.769133728402039196e-10
1.045905051455520152e-07
0.000000000000000000e+00
1.425898830120786442e-07
0.000000000000000000e+00
8.842107490636408329e-08
0.000000000000000000e+00
1.659454824221029412e-06
1.354400296804669779e-06
0.000000000000000000e+00
0.000000000000000000e+00
0.000000000000000000e+00
9.259707667297334410e-07
1.374057347902635229e-07
0.000000000000000000e+00
0.000000000000000000e+00
8.543607691535726190e-06
0.000000000000000000e+00
0.000000000000000000e+00
1.114856786443851888e-06
0.000000000000000000e+00
3.698082480241282610e-07
0.000000000000000000e+00
1.108903006752370857e-06
0.000000000000000000e+00
0.000000000000000000e+00
0.000000000000000000e+00
1.462375820437955554e-07
0.000000000000000000e+00
0.000000000000000000e+00
1.933618598570774338e-08
3.351514976657199441e-07
0.000000000000000000e+00
0.000000000000000000e+00
0.000000000000000000e+00
0.000000000000000000e+00
0.000000000000000000e+00
0.000000000000000000e+00
0.000000000000000000e+00
0.000000000000000000e+00
0.000000000000000000e+00
0.000000000000000000e+00
7.769641285904071992e-08
1.787972337297105696e-06
4.404294315918377833e-07
3.601398361752217170e-07
5.488743681780761108e-07
7.699051174370197259e-09
0.000000000000000000e+00
0.000000000000000000e+00
2.886043071193000742e-10
0.000000000000000000e+00
0.000000000000000000e+00
0.000000000000000000e+00
7.403642698911028219e-10
1.996915898416773416e-06
0.000000000000000000e+00
8.933313644376994489e-09
0.000000000000000000e+00
1.578795316703462959e-09
4.845986950385849923e-06
1.450443676276336191e-07
0.000000000000000000e+00
1.557966733400917292e-08
6.013367226387344999e-08
9.524367960977997427e-09
2.875944760116766474e-10
4.031431632967041878e-09
4.893978484687977470e-07
6.194367685452562000e-09
1.105911110244051088e-06
0.000000000000000000e+00
2.713388447261877445e-08
4.358072125398848584e-09
0.000000000000000000e+00
0.000000000000000000e+00
4.012571253042551689e-07
0.000000000000000000e+00
0.000000000000000000e+00
2.148644125554710627e-05
9.178382498475912143e-09
0.000000000000000000e+00
1.458309384361200500e-07
0.000000000000000000e+00
0.000000000000000000e+00
1.059962997373986582e-07
4.719618118542712182e-07
0.000000000000000000e+00
4.708729406388556527e-08
1.339242459152956144e-07
4.027490376756759360e-06
1.110173434426542372e-05
1.203473432020985001e-10
0.000000000000000000e+00
0.000000000000000000e+00
0.000000000000000000e+00
7.556621994808665477e-09
9.659117061744382227e-09
9.307031589855796483e-09
0.000000000000000000e+00
1.854360903053020593e-06
5.194944474595786232e-09
9.734723249721355387e-09
8.372414983526255128e-10
5.091589927452844222e-10
6.096911864261755909e-10
6.357738158158099395e-08
0.000000000000000000e+00
0.000000000000000000e+00
3.431299022693679035e-09
0.000000000000000000e+00
0.000000000000000000e+00
1.162230756079907223e-09
7.393415213385878815e-09
6.462493651326894906e-09
0.000000000000000000e+00
8.828810109662299510e-07
6.777496537324623205e-07
6.558766307840357968e-10
5.916710232867217201e-09
1.844318603616557084e-06
4.959960220318748725e-10
0.000000000000000000e+00
0.000000000000000000e+00
0.000000000000000000e+00
1.482542089092930837e-09
7.168297884163621347e-07
4.909113560103151030e-09
2.343021332507078114e-10
5.058570784477467441e-10
1.751539357996989565e-09
5.918207079957937822e-07
1.175678221443376970e-07
0.000000000000000000e+00
0.000000000000000000e+00
2.318742753359970266e-09
3.727610220494170790e-08
0.000000000000000000e+00
0.000000000000000000e+00
0.000000000000000000e+00
0.000000000000000000e+00
0.000000000000000000e+00
1.755951634097030478e-11
0.000000000000000000e+00
7.243661781508592412e-10
1.385833114930790089e-09
0.000000000000000000e+00
0.000000000000000000e+00
0.000000000000000000e+00
4.049219570756434905e-10
0.000000000000000000e+00
0.000000000000000000e+00
0.000000000000000000e+00
1.080228896783996806e-12
3.860855599668866489e-07
0.000000000000000000e+00
0.000000000000000000e+00
0.000000000000000000e+00
5.177776429832192662e-09
0.000000000000000000e+00
1.570563457065077273e-09
6.873682178998308245e-12
5.070266984041893465e-10
1.975570285139838234e-06
8.631462211639018278e-10
5.126740143523988991e-10
0.000000000000000000e+00
0.000000000000000000e+00
0.000000000000000000e+00
7.484554087611172690e-10
4.451185020570846973e-07
0.000000000000000000e+00
5.656660206909691624e-08
1.379096374876098707e-06
0.000000000000000000e+00
0.000000000000000000e+00
5.085612428956665099e-07
6.853142053842020687e-07
3.216124611071791151e-08
1.564468590231626877e-07
7.186756647570291534e-07
7.301813233911991219e-13
5.917026868473840295e-08
0.000000000000000000e+00
0.000000000000000000e+00
9.771363579380576425e-11
0.000000000000000000e+00
9.554759761165598775e-11
0.000000000000000000e+00
9.057909977627787157e-09
2.669731635762673250e-08
0.000000000000000000e+00
0.000000000000000000e+00
0.000000000000000000e+00
4.213560611532329858e-09
2.590219594367226819e-09
0.000000000000000000e+00
0.000000000000000000e+00
1.489631085149767387e-08
7.036574061203282326e-07
4.960754584892868024e-10
1.657140913380317215e-08
2.165462120728989248e-08
0.000000000000000000e+00
0.000000000000000000e+00
8.233880244290503470e-09
6.848378575341484975e-07
1.999673486352548935e-06
1.737729917294927873e-06
3.070032619234552840e-07
2.977872327392105944e-06
5.959496895968641184e-09
6.533444434353441466e-07
0.000000000000000000e+00
3.592280552883186928e-12
0.000000000000000000e+00
1.365717205992211802e-09
3.512571083774673752e-06
0.000000000000000000e+00
1.494839523275004467e-07
3.034347457742114784e-07
6.174178057705148603e-09
1.548857292421601528e-10
0.000000000000000000e+00
1.287843787167730625e-08
2.988041103435534751e-08
0.000000000000000000e+00
0.000000000000000000e+00
6.114070916218850016e-10
5.394195454755390529e-07
0.000000000000000000e+00
3.698304856802892004e-11
1.171942926703195553e-06
0.000000000000000000e+00
0.000000000000000000e+00
0.000000000000000000e+00
0.000000000000000000e+00
0.000000000000000000e+00
4.533886155400068674e-09
0.000000000000000000e+00
0.000000000000000000e+00
0.000000000000000000e+00
0.000000000000000000e+00
0.000000000000000000e+00
8.001968865301023470e-09
8.950931551510166173e-09
0.000000000000000000e+00
0.000000000000000000e+00
3.141609195012051714e-10
3.750270707314484753e-07
1.604166022239894573e-09
1.597148802101600040e-10
0.000000000000000000e+00
0.000000000000000000e+00
1.987329945052351832e-08
6.199106505899720787e-11
3.224427114201233735e-10
7.734236362466617720e-09
4.442128087589480856e-08
6.184557310717764267e-10
7.106675692369890385e-09
0.000000000000000000e+00
0.000000000000000000e+00
1.408220295928686028e-08
1.972171453923365902e-10
3.703323045556317084e-06
6.626121873409829277e-09
3.498177193250739947e-06
0.000000000000000000e+00
7.471549420823286880e-12
1.686388486632495187e-06
0.000000000000000000e+00
0.000000000000000000e+00
8.355439604090797445e-12
0.000000000000000000e+00
0.000000000000000000e+00
1.459195125841361573e-10
6.917639439052436501e-08
8.898922571054512787e-11
1.097580934583675116e-06
2.803267173945300783e-09
0.000000000000000000e+00
4.132557407388048887e-09
1.543556216176966700e-08
0.000000000000000000e+00
0.000000000000000000e+00
0.000000000000000000e+00
2.469525952619733289e-07
1.915853090395103209e-06
9.689635589893441647e-06
3.547846183504788087e-10
6.227100168842980565e-09
2.301829198358973372e-07
0.000000000000000000e+00
0.000000000000000000e+00
1.506635044279391877e-06
1.577785724293789826e-07
0.000000000000000000e+00
0.000000000000000000e+00
3.502653056486337846e-09
3.270464077331780572e-08
6.786585515783372102e-09
0.000000000000000000e+00
0.000000000000000000e+00
1.260767601429790830e-09
0.000000000000000000e+00
0.000000000000000000e+00
0.000000000000000000e+00
0.000000000000000000e+00
0.000000000000000000e+00
2.251089314952992027e-10
0.000000000000000000e+00
0.000000000000000000e+00
6.007166120980400592e-06
6.297343757566409295e-10
3.552568239584275034e-09
7.174036795731808525e-07
8.147494484633810430e-11
1.052396328304894269e-06
6.954244735624115492e-09
1.847189196269027889e-06
5.890473886438485351e-09
0.000000000000000000e+00
0.000000000000000000e+00
1.378962906528613530e-06
0.000000000000000000e+00
0.000000000000000000e+00
0.000000000000000000e+00
0.000000000000000000e+00
0.000000000000000000e+00
2.884297911620592458e-09
1.298837872809599503e-07
9.252011068383581005e-08
3.964826800206822099e-10
2.204113691561815358e-08
1.057542107218978344e-07
0.000000000000000000e+00
1.296697718089490081e-07
5.172638495309911377e-08
2.828326184367568885e-10
2.805941416716972725e-11
4.856766508964938112e-07
1.122130743880234149e-08
1.832689777714335833e-09
3.112109681069341605e-08
2.900142590078758076e-06
2.408692978406179463e-07
1.633862489747173186e-09
0.000000000000000000e+00
0.000000000000000000e+00
0.000000000000000000e+00
0.000000000000000000e+00
0.000000000000000000e+00
0.000000000000000000e+00
0.000000000000000000e+00
1.580954389623911993e-08
0.000000000000000000e+00
0.000000000000000000e+00
1.580149984192757984e-07
0.000000000000000000e+00
5.283534460637229202e-12
0.000000000000000000e+00
0.000000000000000000e+00
0.000000000000000000e+00
0.000000000000000000e+00
5.710686536986031570e-07
1.313133793701126706e-06
0.000000000000000000e+00
6.183114437119385798e-11
2.353704502411346766e-07
3.749576080736005679e-07
0.000000000000000000e+00
0.000000000000000000e+00
1.100459172675982700e-07
1.982926461918665950e-10
2.987142533328324134e-09
3.346746879628881288e-08
5.206050701644926448e-08
3.392526366496895207e-07
1.396189719393703399e-09
0.000000000000000000e+00
5.602020891615211440e-08
4.945601403960608877e-07
2.813929533829195861e-08
8.178420785043272190e-07
1.087650058906319828e-08
1.457143739003186056e-09
0.000000000000000000e+00
9.414236501470440999e-08
1.121577497542602941e-07
4.073517914093827130e-07
2.391837172766031472e-09
8.514988714125593106e-09
0.000000000000000000e+00
1.767840873689863201e-09
0.000000000000000000e+00
1.416702932743874044e-08
2.666080467506048990e-09
4.875062575848687629e-09
0.000000000000000000e+00
0.000000000000000000e+00
8.360247960581546067e-08
3.460692399315234979e-09
2.726247227968769948e-09
0.000000000000000000e+00
0.000000000000000000e+00
3.010955484938904192e-09
0.000000000000000000e+00
2.396745230726082809e-06
0.000000000000000000e+00
2.692505418622204161e-08
0.000000000000000000e+00
0.000000000000000000e+00
0.000000000000000000e+00
2.918086328129732010e-10
3.734706321978364940e-09
1.277847383462926700e-09
7.651645717032806715e-08
0.000000000000000000e+00
1.806486626954040275e-09
0.000000000000000000e+00
6.908186911402935948e-09
0.000000000000000000e+00
1.872201178809707045e-12
8.808369145185679372e-09
0.000000000000000000e+00
0.000000000000000000e+00
0.000000000000000000e+00
2.366842181800166145e-06
2.197583171437145211e-06
5.755714838073799910e-08
0.000000000000000000e+00
0.000000000000000000e+00
0.000000000000000000e+00
0.000000000000000000e+00
0.000000000000000000e+00
0.000000000000000000e+00
1.025737105919688474e-06
6.942469781279214658e-07
0.000000000000000000e+00
0.000000000000000000e+00
0.000000000000000000e+00
2.649964471856947057e-06
8.463773681910424784e-09
0.000000000000000000e+00
2.845390034700301385e-10
3.667928183404001174e-09
0.000000000000000000e+00
4.750139726006352703e-10
0.000000000000000000e+00
0.000000000000000000e+00
7.610124086454561620e-09
1.932533300053052017e-11
3.062467834880067130e-09
0.000000000000000000e+00
0.000000000000000000e+00
4.912111162269638953e-09
4.693860091720125638e-07
1.424761558732612343e-10
0.000000000000000000e+00
1.210089717318396652e-08
3.221870485958788777e-07
0.000000000000000000e+00
6.289828380356965454e-11
7.529981971288179921e-09
7.569467186385736568e-08
2.953935940297469642e-08
9.827512030824436806e-07
0.000000000000000000e+00
4.404581144257235792e-09
0.000000000000000000e+00
0.000000000000000000e+00
0.000000000000000000e+00
1.539756588897489564e-08
0.000000000000000000e+00
1.156150952752454941e-09
1.858116549513511018e-09
3.746998711307014673e-09
0.000000000000000000e+00
0.000000000000000000e+00
1.044123720816969580e-07
5.924314791627693921e-06
0.000000000000000000e+00
0.000000000000000000e+00
0.000000000000000000e+00
0.000000000000000000e+00
3.207921963621629402e-06
1.199920679717482105e-14
0.000000000000000000e+00
1.750203608708034153e-07
1.308898822660609085e-10
1.736974297728011152e-07
0.000000000000000000e+00
1.543013695481931791e-06
0.000000000000000000e+00
0.000000000000000000e+00
0.000000000000000000e+00
0.000000000000000000e+00
0.000000000000000000e+00
4.919217033716449805e-08
2.646754593271793965e-09
7.858610651112485357e-09
1.555109108153374109e-08
0.000000000000000000e+00
0.000000000000000000e+00
0.000000000000000000e+00
0.000000000000000000e+00
6.402142000132976518e-14
0.000000000000000000e+00
9.402366885069568525e-09
3.529088488107845478e-08
1.240970243232553116e-10
2.940938870210629830e-08
2.503141305343348222e-10
2.890915993702947162e-06
0.000000000000000000e+00
1.266030494662118144e-06
1.364044699414534989e-08
1.228167889166797977e-06
3.225983036259094661e-09
1.158596774075704161e-06
0.000000000000000000e+00
0.000000000000000000e+00
0.000000000000000000e+00
0.000000000000000000e+00
3.688962024739339540e-08
0.000000000000000000e+00
7.896231224435723561e-09
1.837716645525233616e-08
0.000000000000000000e+00
0.000000000000000000e+00
0.000000000000000000e+00
1.350577871761515780e-09
0.000000000000000000e+00
0.000000000000000000e+00
2.365810658488953777e-09
2.130898764107769239e-07
0.000000000000000000e+00
4.031557523376250174e-07
2.755763617301454360e-09
1.157533957574230499e-09
0.000000000000000000e+00
2.091048001418016611e-09
3.066180056521261577e-07
0.000000000000000000e+00
0.000000000000000000e+00
0.000000000000000000e+00
7.713523153540791100e-10
0.000000000000000000e+00
7.168374782651198984e-09
6.538191321681097179e-09
0.000000000000000000e+00
0.000000000000000000e+00
0.000000000000000000e+00
6.157447440813257344e-09
4.567151545842307314e-09
1.297753016160640982e-08
0.000000000000000000e+00
0.000000000000000000e+00
5.171732375686133310e-09
8.684629904109897325e-09
3.911836898851106525e-08
4.907896138106604411e-12
2.845689905939252640e-09
3.374669876876623675e-09
1.981693685593199916e-06
1.007423122700856766e-08
0.000000000000000000e+00
0.000000000000000000e+00
1.669950289162613899e-09
1.276648209369568576e-08
0.000000000000000000e+00
3.670643167197340517e-08
0.000000000000000000e+00
1.097402984456818942e-12
6.008020136505365372e-06
0.000000000000000000e+00
0.000000000000000000e+00
0.000000000000000000e+00
0.000000000000000000e+00
1.557828454679111019e-06
0.000000000000000000e+00
0.000000000000000000e+00
0.000000000000000000e+00
0.000000000000000000e+00
0.000000000000000000e+00
2.444480742269661278e-06
5.078804043989748607e-09
8.612783375383514795e-09
0.000000000000000000e+00
6.613926473164610798e-08
4.926070662492065821e-11
3.919628788207063508e-10
3.005657731591782067e-07
6.655938022959162481e-10
4.442957290962112893e-08
0.000000000000000000e+00
9.148326540753259906e-09
6.202146352052295697e-08
0.000000000000000000e+00
0.000000000000000000e+00
3.680217464108181957e-09
9.329771330501834825e-12
0.000000000000000000e+00
8.768463288788552745e-09
0.000000000000000000e+00
6.290767942118691280e-07
1.312074346060398966e-06
0.000000000000000000e+00
3.393063954804098614e-11
5.017050170863512903e-07
0.000000000000000000e+00
8.972715348498638832e-10
1.082629452753280930e-08
0.000000000000000000e+00
5.005769132537807309e-10
0.000000000000000000e+00
0.000000000000000000e+00
7.657702250085662854e-10
7.209261188023674549e-09
0.000000000000000000e+00
0.000000000000000000e+00
1.305654152503055165e-12
0.000000000000000000e+00
8.633958437087585480e-09
0.000000000000000000e+00
0.000000000000000000e+00
5.372848832507770567e-09
6.634814475603434403e-09
4.920506224692644537e-09
0.000000000000000000e+00
1.256852686366111659e-15
4.132564512815406488e-09
7.185014361255070980e-09
0.000000000000000000e+00
1.435995613974228036e-06
2.904694040850586134e-09
1.392291579804805224e-07
0.000000000000000000e+00
0.000000000000000000e+00
0.000000000000000000e+00
0.000000000000000000e+00
0.000000000000000000e+00
6.607196456620556546e-10
0.000000000000000000e+00
6.957505682692044502e-09
0.000000000000000000e+00
5.241505007802516047e-09
0.000000000000000000e+00
3.950567872834653826e-09
8.319057664962770104e-10
5.403911096379943046e-09
9.986589333266238100e-09
0.000000000000000000e+00
3.770092238397637630e-09
4.282616483664014595e-09
9.182383742256661208e-10
0.000000000000000000e+00
0.000000000000000000e+00
1.553132733533857390e-09
1.152477335786272761e-09
3.461177868757658871e-07
0.000000000000000000e+00
0.000000000000000000e+00
0.000000000000000000e+00
3.109750521326781758e-12
0.000000000000000000e+00
0.000000000000000000e+00
0.000000000000000000e+00
0.000000000000000000e+00
8.710981935777795115e-11
0.000000000000000000e+00
0.000000000000000000e+00
2.229252800134418067e-07
4.773845319050451508e-08
2.788669632991513936e-07
0.000000000000000000e+00
0.000000000000000000e+00
2.200476103553228313e-07
5.810265690797677962e-08
8.089913308140239678e-07
2.994244852061456186e-09
7.146316427508736524e-09
1.010286609925969969e-08
1.912784930446775888e-10
0.000000000000000000e+00
4.234765316191158036e-10
6.474013547475010455e-10
0.000000000000000000e+00
0.000000000000000000e+00
0.000000000000000000e+00
0.000000000000000000e+00
0.000000000000000000e+00
3.966408534950005560e-09
0.000000000000000000e+00
6.915482853031562627e-09
0.000000000000000000e+00
0.000000000000000000e+00
0.000000000000000000e+00
0.000000000000000000e+00
0.000000000000000000e+00
6.264782470566387929e-09
4.985669654899993475e-10
6.562697052459043334e-09
0.000000000000000000e+00
1.914756175835918839e-08
0.000000000000000000e+00
8.578037835604845895e-09
0.000000000000000000e+00
5.398942626300140546e-09
5.318989138025642660e-10
0.000000000000000000e+00
4.340802206570515409e-08
8.151249453192122019e-09
2.642640106742533135e-09
0.000000000000000000e+00
6.147205574430492092e-12
0.000000000000000000e+00
0.000000000000000000e+00
0.000000000000000000e+00
0.000000000000000000e+00
0.000000000000000000e+00
0.000000000000000000e+00
0.000000000000000000e+00
0.000000000000000000e+00
0.000000000000000000e+00
1.897620904856012203e-07
0.000000000000000000e+00
8.166271214804510237e-09
0.000000000000000000e+00
0.000000000000000000e+00
0.000000000000000000e+00
8.879729840316485934e-09
1.580443687032584421e-08
0.000000000000000000e+00
1.322170959383583977e-07
3.466719533662399044e-07
0.000000000000000000e+00
7.131510382230032974e-10
0.000000000000000000e+00
1.654320499255845789e-06
0.000000000000000000e+00
4.228790650984137756e-09
1.300825971384256263e-07
0.000000000000000000e+00
0.000000000000000000e+00
0.000000000000000000e+00
8.276653251648724563e-10
1.121610626597657756e-08
0.000000000000000000e+00
6.245665876841721698e-12
1.612440996723307762e-06
3.455887167547189165e-07
0.000000000000000000e+00
7.020647618816155955e-09
5.095050426007219357e-08
0.000000000000000000e+00
5.080933007661769807e-09
0.000000000000000000e+00
0.000000000000000000e+00
2.938391474582857654e-10
0.000000000000000000e+00
0.000000000000000000e+00
0.000000000000000000e+00
1.390862425232342048e-11
1.356973466926092442e-08
1.097660629056917969e-09
5.221726340209897899e-08
0.000000000000000000e+00
1.912282970861767240e-10
4.968558542373102682e-08
0.000000000000000000e+00
0.000000000000000000e+00
0.000000000000000000e+00
0.000000000000000000e+00
1.432853036220649301e-08
0.000000000000000000e+00
5.073085007634148269e-11
0.000000000000000000e+00
0.000000000000000000e+00
0.000000000000000000e+00
0.000000000000000000e+00
0.000000000000000000e+00
0.000000000000000000e+00
2.429133005854566818e-10
0.000000000000000000e+00
0.000000000000000000e+00
2.402883183094672859e-06
0.000000000000000000e+00
3.269295278940376193e-09
0.000000000000000000e+00
0.000000000000000000e+00
5.303803174427912381e-09
6.439331290408745190e-09
0.000000000000000000e+00
4.634556294291769518e-09
0.000000000000000000e+00
0.000000000000000000e+00
5.895210986039955969e-09
0.000000000000000000e+00
4.742426895631979278e-09
9.644068654779403005e-09
3.158202588338099304e-08
1.047404829535025783e-08
7.704278104370132496e-09
0.000000000000000000e+00
1.591035747594560235e-08
0.000000000000000000e+00
1.207124622482069753e-09
5.717750273248611848e-09
0.000000000000000000e+00
0.000000000000000000e+00
0.000000000000000000e+00
0.000000000000000000e+00
0.000000000000000000e+00
0.000000000000000000e+00
0.000000000000000000e+00
0.000000000000000000e+00
0.000000000000000000e+00
0.000000000000000000e+00
0.000000000000000000e+00
2.985256486454090918e-09
7.314209682363070897e-09
0.000000000000000000e+00
2.476434133313887287e-07
3.251436453410860850e-09
6.305180022536660545e-08
4.838570877296888284e-09
1.900425559142604470e-06
6.455864109966569231e-08
4.699423357124032918e-07
0.000000000000000000e+00
0.000000000000000000e+00
0.000000000000000000e+00
1.088152123962515816e-09
3.164221951124090992e-08
5.178999895605329584e-09
0.000000000000000000e+00
3.376387525122481748e-08
4.027874034306933027e-09
1.095782025117841840e-07
2.028465928560763132e-08
1.655044101767089160e-09
0.000000000000000000e+00
8.392242456523035798e-09
4.062711411734198919e-07
1.180992157401306031e-07
1.017667727865045890e-08
1.416535013731845538e-07
2.578022986199357547e-07
7.898876219769590534e-08
1.458942620047309902e-06
3.414572802284965292e-06
6.772218625883397181e-07
1.851350184267630539e-08
1.044342479161741721e-08
1.061805754432043614e-08
0.000000000000000000e+00
3.878856773553707171e-07
3.521433029618492583e-07
2.376136620796387433e-09
5.148508535057771951e-07
1.063090682151823785e-08
7.449209249443811132e-08
2.830164769207499376e-09
3.222828892646134591e-09
5.343291036297159735e-07
1.087442569769336842e-06
1.561291696816624608e-06
7.523569252043671440e-07
6.483243168986518867e-07
5.596429097920463391e-09
0.000000000000000000e+00
0.000000000000000000e+00
7.391149665636476129e-07
2.392705766851577209e-07
1.344233346856071876e-08
8.690430064461907023e-08
1.368373081511720102e-09
1.252057472811429761e-06
2.652550847415113822e-06
8.768193993091699667e-07
4.106143425275377012e-09
4.176955226142808897e-09
7.573178528730295511e-09
8.009484986359893810e-08
3.317889422760345042e-06
4.690526509421033552e-07
0.000000000000000000e+00
0.000000000000000000e+00
1.643630071157531347e-06
2.031718366879431414e-07
4.411990062180848327e-07
1.906500735060490115e-09
4.157983735098014222e-09
7.770569254716974683e-08
7.463815450137190055e-07
8.494555459037655964e-08
1.101377961276739370e-06
8.678478593537874985e-07
5.689202566827589180e-07
0.000000000000000000e+00
4.085270575160393491e-07
0.000000000000000000e+00
4.982716177437396254e-07
1.700916413938102778e-06
3.715300983531122370e-11
1.198820172021441977e-07
2.718633096421285700e-09
2.189610448510848073e-08
6.830375696154078469e-07
1.835773559832887258e-06
1.763173571589504718e-07
0.000000000000000000e+00
1.968127889995230362e-06
8.459225568913097959e-07
1.014624785966589116e-06
8.715226762490146939e-09
2.884350578824523836e-06
4.681719900645475718e-08
8.698315241417731158e-07
8.519302241438708734e-07
1.202225234919751529e-07
7.634158691871562041e-07
1.884270872665183560e-08
0.000000000000000000e+00
3.554519734105809903e-10
1.023247818920935970e-06
3.613065928220748901e-06
1.942107473951182328e-06
2.710429214403120568e-08
1.380572882681008196e-07
1.670716756052570418e-06
8.795944950179546140e-08
2.370978108956478536e-06
0.000000000000000000e+00
0.000000000000000000e+00
5.846797535014047753e-07
3.299279569546342827e-07
6.362383686564498930e-08
2.445468965106556425e-07
7.245598681038245559e-07
9.685706459094944876e-09
1.024069433697150089e-06
9.645389553725181031e-08
0.000000000000000000e+00
0.000000000000000000e+00
2.734835106821265072e-06
4.450841970538021997e-07
5.939914444752503186e-07
1.121302148021641187e-06
9.416407351636735257e-07
2.215788725834499928e-07
3.902290757196169579e-08
1.248025682798470370e-07
1.256181917597132269e-06
9.020489528666075785e-07
2.637021445650589158e-08
1.926093347037749481e-07
0.000000000000000000e+00
2.130696429958334193e-06
1.366202468489063904e-06
3.050813859317713650e-07
0.000000000000000000e+00
0.000000000000000000e+00
0.000000000000000000e+00
2.621675037062232150e-07
9.416813639973042882e-08
0.000000000000000000e+00
2.470723181602352270e-09
0.000000000000000000e+00
0.000000000000000000e+00
0.000000000000000000e+00
0.000000000000000000e+00
1.550399142402625330e-09
0.000000000000000000e+00
0.000000000000000000e+00
0.000000000000000000e+00
0.000000000000000000e+00
0.000000000000000000e+00
0.000000000000000000e+00
0.000000000000000000e+00
3.542861115590767440e-09
0.000000000000000000e+00
8.022732700396772998e-09
0.000000000000000000e+00
0.000000000000000000e+00
0.000000000000000000e+00
0.000000000000000000e+00
1.257452586500562575e-09
5.587598161937989971e-10
0.000000000000000000e+00
0.000000000000000000e+00
0.000000000000000000e+00
0.000000000000000000e+00
0.000000000000000000e+00
0.000000000000000000e+00
0.000000000000000000e+00
0.000000000000000000e+00
0.000000000000000000e+00
0.000000000000000000e+00
0.000000000000000000e+00
