5.689536806130490731e-07
1.847770647600555094e-08
1.070092210397888266e-07
4.272443675290560350e-06
3.956784712499938905e-05
2.815029098712784617e-08
0.000000000000000000e+00
2.001567445120144839e-08
1.985187481068351190e-07
4.204526078410708578e-07
4.957464483368312358e-08
5.737367914093738364e-08
4.061826530232792720e-06
6.151169884560658829e-08
0.000000000000000000e+00
1.391302248521242291e-06
1.008760591503232718e-05
1.103710246752598323e-06
5.836784389146032481e-09
1.665504782977222931e-06
1.401606510853525833e-07
7.913894251032616012e-07
1.917774170578923076e-06
4.986256385564047378e-07
2.537542229674727423e-07
8.549438916816143319e-07
3.380861528512468794e-07
6.185376832945621572e-08
4.887710360890196171e-07
2.328859416422801587e-08
3.887736799157437417e-09
2.408302407275186852e-06
4.302156639823806472e-07
1.485946540924487635e-06
2.711063643801026046e-06
0.000000000000000000e+00
1.197026563204417471e-06
5.088639341011003125e-07
1.463078991292832143e-08
4.797090696229133755e-06
4.270350473234429955e-06
8.187293332184708561e-08
9.207077710016164929e-06
1.413768586644437164e-06
1.013701307783776429e-06
1.615149471945187543e-06
2.452777536632311239e-09
1.847136417154615629e-07
7.040235772137748427e-08
6.300648180967982626e-08
1.609762847465390223e-07
1.980175454718846595e-07
1.621310552479826583e-08
3.258965364238974871e-07
0.000000000000000000e+00
3.811669012065976858e-05
0.000000000000000000e+00
5.336448083426148514e-08
7.681325087105506100e-08
6.524936111418355722e-07
1.387085717396985274e-06
1.324183784845445189e-07
1.274624173674965277e-05
1.905035134086574544e-07
0.000000000000000000e+00
5.203765795158687979e-06
1.024692096507351380e-06
1.386661779179121368e-06
1.439333937014453113e-05
2.308177499799057841e-05
6.304103408183436841e-06
9.730947567732073367e-07
2.637937541294377297e-06
1.866511922798963496e-07
5.476204023580066860e-07
1.504787974226928782e-07
1.073792788020000444e-07
2.110826608259230852e-05
2.522045406294637360e-06
3.079048383369809017e-06
3.858211883311923884e-08
2.096619573421776295e-05
3.126409637843607925e-06
3.279559512847640690e-09
8.529378646926488727e-06
2.033785449384595267e-06
4.447725032719063165e-08
8.416768650931771845e-07
3.792736436025734292e-07
8.595652900567074539e-08
4.995085873815696687e-07
2.675254108908120543e-06
8.506750418746378273e-06
4.429302407515933737e-06
2.797551132971420884e-07
1.507789238530676812e-05
1.936861195872552344e-07
1.137529011430160608e-06
7.193025339802261442e-06
1.367161439702613279e-05
9.909664186125155538e-06
7.187451956269796938e-06
1.192660874949069694e-05
4.011146302218548954e-06
7.351241038122680038e-06
2.689554321477771737e-06
5.056619102106196806e-06
2.566702939077458723e-08
1.023087133944500238e-05
4.575839284370886162e-06
5.176634203962748870e-06
9.016077456180937588e-06
4.022216671728529036e-06
2.655831622178084217e-06
1.161692807727376930e-06
8.043034540605731308e-06
6.047014721843879670e-06
5.876716500097245444e-07
4.465047823032364249e-06
6.571766562046832405e-07
4.237469511281233281e-06
2.554264028731267899e-06
2.429084361210698262e-06
1.225188952957978472e-05
1.674053123679186683e-06
1.331447947450214997e-06
1.378271576868428383e-06
1.961760517588118091e-06
3.623821157816564664e-06
2.587923745522857644e-06
5.280678578856168315e-06
4.135722974751843140e-06
2.755552230837565730e-09
5.449284344649640843e-06
2.184721552112023346e-06
1.895756668091053143e-06
5.114800387673312798e-06
2.764662212939583696e-06
9.509421374787052628e-07
1.903373799905239139e-06
6.709920853609219193e-06
4.046606591145973653e-06
5.615360350930131972e-06
4.789554168382892385e-06
4.535026619123527780e-06
5.336243020792608149e-07
4.681885457102907822e-06
5.953706477157538757e-06
3.230203674320364371e-06
3.088657194894040003e-06
2.451916088830330409e-06
8.606466508354060352e-06
1.485379698351607658e-06
1.622836748538247775e-06
3.164960844515007921e-06
2.838998625520616770e-06
5.245984084467636421e-06
4.980444828106556088e-06
2.057615802186774090e-06
3.241997319491929375e-06
2.725450258367345668e-06
7.232225470943376422e-06
7.079756869643460959e-06
7.505356279580155388e-06
1.281092136196093634e-05
3.758448428925476037e-06
3.161485437885858119e-05
1.376543545816844016e-09
4.804872787644853815e-06
5.017839157517300919e-06
6.101793587731663138e-06
1.022016590468410868e-06
1.230219027092971373e-06
2.555290166128543206e-07
1.047514956553641241e-06
8.621715608114755014e-08
2.140047712373416289e-07
2.320132125532836653e-06
4.774742137669818476e-06
1.729578252707142383e-05
8.866827556630596519e-06
9.988188139686826617e-06
9.178447726299054921e-06
1.054339918482583016e-06
2.603284656288451515e-06
2.546328232710948214e-06
5.934019554842961952e-06
1.523909395473310724e-05
3.232327571822679602e-06
6.970240519876824692e-06
3.000023980348487385e-06
2.781327168577263365e-07
3.165516318404115736e-06
1.328311100223800167e-06
5.786894519133056747e-08
1.297615170869903523e-07
1.428080736332049128e-06
2.382759521424304694e-05
2.166074636988923885e-06
1.580593789185513742e-06
1.658630708334385417e-07
2.830759513017255813e-06
5.013358190808503423e-07
5.651569381370791234e-07
3.978390239467444189e-08
8.402508910876349546e-08
4.379309415103449510e-10
4.847372281346906675e-08
4.549782715912442654e-06
2.744731375514675165e-07
2.889436467867767533e-09
5.177737875783350319e-06
3.387375002716908057e-08
8.878379276211489923e-07
2.126970002791495062e-06
2.153831815121520776e-07
6.472679103808332002e-08
1.994151716644410044e-06
5.536189291888149455e-06
1.452001583857054356e-06
3.084434752054221462e-07
2.776803231796520777e-09
1.231390069733606651e-05
1.020188392431009561e-06
5.021732931709266268e-07
2.011906863330636952e-09
1.112887417775709764e-07
2.056260882454807870e-06
2.030500780847432907e-07
1.441684247538432828e-07
1.157175333332816081e-07
3.097430408161017112e-06
3.460178561454085866e-07
6.699239918361854507e-08
3.462282620603218675e-07
4.413108989353986544e-09
8.581471320212585852e-07
0.000000000000000000e+00
4.816645748917380843e-09
3.415568130549218040e-07
6.279741683101747185e-06
1.725800211715977639e-05
2.794649844872765243e-07
7.591287243258193485e-08
9.689875923868385144e-07
1.691561521965923021e-07
1.713047026896674652e-06
1.052484677188658679e-07
1.116074599849525839e-06
3.311537355443761044e-08
7.873134109104285017e-07
7.980692373621423030e-08
2.043659833361743949e-06
3.900573730675205297e-08
7.365285341620619874e-07
8.036503018615803740e-09
1.091727654056739993e-06
0.000000000000000000e+00
7.073076346841844497e-08
1.251746880370774306e-06
2.865265180673759460e-08
7.710453786557991407e-08
1.690552586808280466e-08
4.555537600481329719e-07
9.474218742866469256e-09
1.221149432240054011e-06
1.176229389443506079e-07
5.372789857460702478e-08
5.589302176645105646e-08
1.208230493432438379e-08
1.076572289093746804e-06
1.029280497277795803e-06
4.049904873681953177e-06
8.412224815401714295e-06
3.525279453242546879e-06
9.297021961174323224e-07
1.376274894937523641e-06
2.176349653382203542e-06
2.025540197791997343e-06
5.030839247410767712e-07
9.646180387790082023e-07
1.366194510410423391e-06
1.307889033341780305e-05
2.507235663529172598e-08
5.031645855524402577e-07
1.424460492671641987e-06
1.577224217896855407e-08
2.641333765041053994e-07
9.271120688936207443e-07
1.374441751522681443e-07
1.258569227502448484e-06
9.997700090025318787e-08
8.219832920985936653e-07
0.000000000000000000e+00
2.886030415538698435e-06
0.000000000000000000e+00
5.311965765031345654e-07
4.910442385153146461e-06
0.000000000000000000e+00
3.123032286111993017e-07
7.234824295210273704e-08
6.076716463354614461e-09
0.000000000000000000e+00
8.554652595194056630e-07
2.964346776934689842e-06
1.916132248425128637e-07
3.699248907196306391e-08
5.802425917522668897e-08
6.407960313481453341e-07
2.782389607602908654e-08
1.483176333749725018e-06
0.000000000000000000e+00
1.718309590614808258e-06
6.853306899756717030e-07
9.867907238003681414e-07
9.211609608428261708e-07
7.907262443040963262e-06
2.990922894241521135e-06
1.415268968685268192e-07
2.918319275124758860e-08
1.374867224512854591e-07
1.037524839375691954e-07
2.641849334850121522e-07
2.246194874544471531e-08
2.790447126699291402e-07
1.865333433670457453e-05
4.424952919634961290e-07
5.384622525639315427e-09
2.527286824260954745e-07
1.575520059304835740e-06
8.071163876133269355e-11
1.136041987592761870e-06
8.080131124188483227e-07
2.394267539784777910e-08
7.426563253254414576e-10
7.096773835257863539e-09
3.563045414267662636e-09
6.777091776655197464e-09
4.658089380882302066e-07
2.924784858748807892e-09
1.597434646782858181e-07
2.323792935854385178e-09
1.486281462348415516e-07
4.420665788984479150e-07
4.123585028992238222e-08
3.476839651739282999e-07
2.333364818696281873e-06
6.389450390997808427e-08
2.051757974186330102e-06
1.115365577675220266e-07
0.000000000000000000e+00
1.477171895913897970e-08
6.699465302517637610e-06
0.000000000000000000e+00
1.802632648457026115e-15
0.000000000000000000e+00
0.000000000000000000e+00
0.000000000000000000e+00
8.080606761495801038e-08
8.317081245934332401e-09
1.679642878116283100e-07
4.496270467058138820e-09
7.659633816103905701e-09
1.109685641154101177e-07
0.000000000000000000e+00
0.000000000000000000e+00
0.000000000000000000e+00
0.000000000000000000e+00
0.000000000000000000e+00
5.941523681940452661e-07
0.000000000000000000e+00
1.468624333256229875e-07
0.000000000000000000e+00
1.735876997699392632e-09
5.520875220099696890e-06
9.143608536987812840e-08
1.948529337880700041e-08
5.113959389291267144e-08
4.320759501297288807e-07
4.136866209591971710e-06
1.489687946332196589e-07
1.110817902372218668e-05
0.000000000000000000e+00
4.692009554219112033e-07
7.140106390579603612e-07
1.315240041321885656e-07
2.460722726027597673e-06
9.704453987069427967e-07
5.608272317658702377e-07
5.495286927725828718e-07
1.372967972201877274e-06
9.202271655794902472e-08
2.503966989308992197e-08
1.306272690015930493e-08
1.159205453404865693e-06
1.103891644760324198e-08
1.176980646278025233e-08
1.246483407157938927e-06
8.738199142044322798e-08
3.721755774677149020e-07
0.000000000000000000e+00
2.753313992798211984e-06
5.592539196186407935e-07
5.313125939210294746e-07
5.274085879136691801e-07
6.112843564665126905e-09
8.221687153309176210e-08
6.973694066658708834e-09
9.069756856661115307e-07
2.494561783805693267e-07
2.957931144464964746e-07
0.000000000000000000e+00
4.393105879074710174e-09
1.167839286608796101e-06
8.063855005957520916e-08
1.517808669859732618e-07
0.000000000000000000e+00
1.390248826282913797e-06
2.910191767568903742e-07
1.879296940288099904e-09
0.000000000000000000e+00
5.351547649468102463e-09
4.945206022455295169e-09
8.252167837952129048e-09
3.502407253108685836e-07
1.254290395991120022e-06
0.000000000000000000e+00
5.547763635149749462e-07
2.101816942712275704e-09
0.000000000000000000e+00
0.000000000000000000e+00
0.000000000000000000e+00
0.000000000000000000e+00
2.536174577016936382e-07
3.844392267637886107e-06
1.392111812492657918e-06
5.641269922307401430e-07
0.000000000000000000e+00
7.815536662292288383e-09
4.265135800096686580e-08
1.221815750795940403e-07
2.205904348073772780e-09
1.207887234677684773e-09
1.090940884296287550e-07
0.000000000000000000e+00
0.000000000000000000e+00
3.738388443252915749e-07
0.000000000000000000e+00
1.758247663019574247e-06
3.093205123150255531e-07
4.524622454482596368e-06
1.071032329491572455e-07
5.632134758570828126e-08
4.379933784548484255e-07
8.503947128701838665e-07
1.188654891848273110e-06
9.805571608012542129e-07
3.549841380845464300e-07
6.465352253570699759e-09
1.404609548671942321e-07
1.583854464115574956e-05
3.018104280272382312e-06
7.359082019320339896e-07
1.787301812328223605e-06
3.625260887929471210e-06
4.319636445870855823e-06
5.950077479610627051e-07
1.984550834777110140e-07
6.437300271500134841e-06
1.649124072855556733e-07
2.034242072568304138e-07
3.686883474074420519e-07
1.048446218732124180e-09
3.759981126449929434e-08
1.233725868132751202e-07
3.447259473432495724e-07
4.198116414499963867e-07
5.170643913032790806e-10
3.247403697059780825e-07
2.296933701018133434e-07
1.077131059901148546e-07
1.006623584487442713e-08
5.342307707323357135e-10
3.051230823558626071e-09
2.670496996870497242e-07
0.000000000000000000e+00
3.097966043696942506e-07
4.381891294258366543e-09
1.359595955818804214e-07
4.522017604813299840e-07
5.303068206785610528e-08
2.367940368230847525e-07
0.000000000000000000e+00
0.000000000000000000e+00
0.000000000000000000e+00
0.000000000000000000e+00
0.000000000000000000e+00
4.084748539412430546e-09
1.252133507989583450e-08
1.188791216577556042e-07
4.219007223582593724e-06
5.081371767801101669e-09
2.363425892326631583e-06
3.901770924130687490e-07
3.725548367583542131e-07
3.316518586871097796e-06
2.483059915903140791e-06
0.000000000000000000e+00
5.379008527484074875e-08
1.025160329959362571e-07
1.008373715194466058e-06
0.000000000000000000e+00
1.058930436670380004e-07
1.655625396779214498e-07
0.000000000000000000e+00
0.000000000000000000e+00
0.000000000000000000e+00
9.769139523996273056e-07
0.000000000000000000e+00
4.250956067153310869e-07
1.627679679927496181e-08
4.022669486403174233e-07
0.000000000000000000e+00
6.112910178046604415e-09
0.000000000000000000e+00
5.027652036915242206e-07
7.659950824745465070e-07
4.228926400173804723e-07
0.000000000000000000e+00
4.897374505929974475e-09
0.000000000000000000e+00
8.097330095324650756e-08
3.014964420344767859e-07
0.000000000000000000e+00
0.000000000000000000e+00
0.000000000000000000e+00
0.000000000000000000e+00
9.166828363049717154e-07
3.724101702573534567e-07
2.836787416526931338e-06
8.649740368404934543e-10
8.482960112132786890e-09
0.000000000000000000e+00
3.894787425906542921e-07
0.000000000000000000e+00
9.706417003485512396e-09
0.000000000000000000e+00
0.000000000000000000e+00
0.000000000000000000e+00
0.000000000000000000e+00
7.867511975234720012e-09
1.076867395255476367e-08
0.000000000000000000e+00
0.000000000000000000e+00
2.526760134458072571e-08
0.000000000000000000e+00
0.000000000000000000e+00
1.223367689817678183e-06
0.000000000000000000e+00
1.812836214476476471e-09
0.000000000000000000e+00
0.000000000000000000e+00
0.000000000000000000e+00
1.408229195476451423e-07
7.186791890489985235e-07
4.218645244691288099e-06
1.799953253112107632e-07
3.115529580099973828e-06
1.450578768213972580e-08
3.453567160249804147e-06
3.682387443859624909e-07
1.000358565761416685e-06
2.885532808249990921e-07
5.093565960123669356e-06
9.848572091186724720e-08
2.713820776989450678e-07
5.552645347961515654e-07
1.042996973410481587e-05
8.040531795927563508e-09
1.734686350118863629e-07
1.102119071560991870e-07
1.308621335738280322e-06
2.642193521751323715e-07
3.638354257873288589e-07
3.300519324511697050e-08
0.000000000000000000e+00
1.117960323426814284e-06
1.106074705603532493e-06
0.000000000000000000e+00
5.475416742228844669e-07
7.882887302912422456e-07
2.021569116550381295e-06
8.237486213147349190e-07
0.000000000000000000e+00
6.881501235511677805e-08
1.906390184602813065e-10
0.000000000000000000e+00
0.000000000000000000e+00
0.000000000000000000e+00
0.000000000000000000e+00
0.000000000000000000e+00
0.000000000000000000e+00
3.603682241504202466e-09
0.000000000000000000e+00
0.000000000000000000e+00
3.777572976648713166e-10
4.406510356602666434e-08
4.194068203844381060e-09
2.130356691054657858e-08
1.726058052042844793e-08
6.019168097282090457e-08
0.000000000000000000e+00
0.000000000000000000e+00
3.804344032687367871e-06
0.000000000000000000e+00
0.000000000000000000e+00
0.000000000000000000e+00
1.835035050135047641e-06
0.000000000000000000e+00
6.710563837941663223e-08
4.157167268203920685e-07
5.113118373145653095e-09
6.183959300187780173e-08
1.160869490812732607e-11
0.000000000000000000e+00
0.000000000000000000e+00
8.117076788494159700e-08
8.643742610559002060e-09
0.000000000000000000e+00
2.973594925848033199e-09
1.954686368321745249e-08
5.583153939170415470e-09
0.000000000000000000e+00
0.000000000000000000e+00
0.000000000000000000e+00
5.664234095092979260e-07
0.000000000000000000e+00
0.000000000000000000e+00
0.000000000000000000e+00
6.027999877034062592e-09
1.288648632247202386e-09
0.000000000000000000e+00
4.760576377549341487e-10
2.232520955658401363e-06
0.000000000000000000e+00
0.000000000000000000e+00
9.680303492132225074e-07
0.000000000000000000e+00
4.898402128361567520e-09
2.073202040264732204e-06
2.820427766891953070e-07
2.006892252381931030e-08
8.004658269555875449e-09
0.000000000000000000e+00
8.393483241775356873e-09
1.030077896757575218e-06
6.333243263156873581e-09
5.463462571242416743e-09
0.000000000000000000e+00
1.851566935329174157e-06
4.184864792478037998e-06
1.001185296445328277e-06
7.567726001411756442e-09
5.058309398009441793e-07
4.979042245167875080e-08
0.000000000000000000e+00
5.336999038263456896e-07
3.226078959528422274e-08
0.000000000000000000e+00
7.271221136306849075e-08
2.410551473985833582e-07
5.011565917811822146e-07
2.303194968078514648e-09
1.004736077447887510e-05
8.940995854800348752e-08
3.048090491120092338e-07
4.705363876311707827e-11
2.486594326001068112e-07
0.000000000000000000e+00
5.820028263769927435e-07
1.475546582696551923e-07
6.079786999180214480e-06
1.753300693962955847e-06
1.282444827666040510e-06
2.772277518658938789e-08
5.197855443839216605e-07
2.549238899973715888e-07
1.083435634541274339e-07
0.000000000000000000e+00
0.000000000000000000e+00
9.126375744017423131e-07
1.364815830129373353e-06
0.000000000000000000e+00
6.417214848397634341e-08
2.462765280597523088e-07
0.000000000000000000e+00
2.262383169693293894e-08
4.035840959204506362e-07
0.000000000000000000e+00
2.920696147157286759e-07
7.670932973269373178e-07
8.811549179199573700e-08
8.843826293514212011e-08
3.617609323214310280e-09
0.000000000000000000e+00
7.193019957441038059e-09
1.825869048843742348e-06
0.000000000000000000e+00
0.000000000000000000e+00
3.698468642454599831e-09
0.000000000000000000e+00
3.324356043776788283e-07
0.000000000000000000e+00
0.000000000000000000e+00
1.781495662100951449e-08
7.797214607307978440e-08
1.412596759564621607e-07
2.903012941146698722e-09
0.000000000000000000e+00
4.359172578460857039e-07
0.000000000000000000e+00
9.642569693824043497e-07
2.130705984912384388e-12
2.372617879942140462e-09
0.000000000000000000e+00
0.000000000000000000e+00
8.832622029331105296e-07
7.046257337606220972e-07
0.000000000000000000e+00
0.000000000000000000e+00
4.036555623088133871e-08
1.764357726585785713e-08
5.701470850993928252e-09
4.137191808695206419e-06
7.662470657976427901e-09
0.000000000000000000e+00
0.000000000000000000e+00
0.000000000000000000e+00
5.419600768163945759e-08
6.856067784610786475e-07
0.000000000000000000e+00
0.000000000000000000e+00
8.353993052878649905e-08
2.904733342745657865e-09
4.273384313080441643e-09
6.777526984080850525e-09
7.731402185129354621e-09
0.000000000000000000e+00
0.000000000000000000e+00
0.000000000000000000e+00
0.000000000000000000e+00
1.366687115478271153e-06
0.000000000000000000e+00
9.699919090166986280e-09
0.000000000000000000e+00
0.000000000000000000e+00
0.000000000000000000e+00
1.040680341901634165e-08
0.000000000000000000e+00
0.000000000000000000e+00
0.000000000000000000e+00
5.764965749222028535e-07
0.000000000000000000e+00
0.000000000000000000e+00
0.000000000000000000e+00
0.000000000000000000e+00
0.000000000000000000e+00
1.783006382538587786e-07
2.667979686066246359e-07
0.000000000000000000e+00
0.000000000000000000e+00
1.707431707131945586e-08
0.000000000000000000e+00
0.000000000000000000e+00
0.000000000000000000e+00
7.310131167059807922e-09
0.000000000000000000e+00
9.928378830181827652e-08
4.675664744269170114e-09
7.463805928864530870e-08
2.921767539021402627e-08
7.457329864735129377e-09
0.000000000000000000e+00
0.000000000000000000e+00
0.000000000000000000e+00
6.519795814341478035e-10
9.377038034941165279e-10
1.799715164452209137e-06
7.670953650062983797e-09
1.077346354350083857e-07
0.000000000000000000e+00
0.000000000000000000e+00
3.202193621376636656e-09
0.000000000000000000e+00
8.311789478909759055e-09
1.184416897892504039e-09
0.000000000000000000e+00
2.908573719651030842e-07
5.033668458054307848e-06
1.200434098791447468e-07
3.901559963992440316e-08
6.720777712132530723e-09
2.295449803568772040e-07
1.975411123567027971e-06
2.799689809762639925e-06
4.085311289259152545e-08
3.380973279121235464e-09
6.717832093272591010e-06
3.575484925022465177e-06
1.324901404586853459e-06
6.508305887109600008e-06
6.934400971658760682e-06
1.897738115985703189e-06
1.407616764481645077e-06
3.228209379813051783e-07
3.626027762493322371e-07
6.755293497917591594e-07
4.259953501062341275e-10
0.000000000000000000e+00
6.335637408483307809e-06
0.000000000000000000e+00
1.207699597216560505e-06
2.410101615168969147e-06
9.971325454216639628e-08
1.301958318933316150e-09
1.228520729590343308e-09
8.286035324545082403e-08
7.615090567014703993e-07
0.000000000000000000e+00
2.444340339025075082e-07
6.839990351892311082e-09
1.389601948176277801e-06
1.590012885799296782e-07
4.707529299707857717e-08
0.000000000000000000e+00
2.405798615878751434e-10
0.000000000000000000e+00
0.000000000000000000e+00
4.109663276352648609e-09
1.140170056146416755e-07
3.451252268860116601e-06
7.356329234653458116e-08
7.234207828332728241e-07
0.000000000000000000e+00
1.416475114979220962e-08
2.810674004649627022e-07
1.045653896802889449e-09
0.000000000000000000e+00
2.141295567525958177e-07
3.149598981622148131e-08
2.144899156064639101e-07
5.728369160351576284e-06
8.584026431890379172e-07
6.625387349856737274e-09
1.772237538943954860e-07
0.000000000000000000e+00
6.437081623289486743e-08
4.169652925156697165e-07
0.000000000000000000e+00
0.000000000000000000e+00
5.275304193474994463e-09
9.647798151490860619e-07
4.994095359478478713e-09
9.566186918164021336e-07
0.000000000000000000e+00
7.517899689446494449e-07
3.715765615197597072e-07
1.138027627689552901e-08
1.019688738779223058e-06
0.000000000000000000e+00
0.000000000000000000e+00
0.000000000000000000e+00
3.303146922650768147e-10
0.000000000000000000e+00
3.836934769907429654e-09
0.000000000000000000e+00
1.232845381338165680e-09
0.000000000000000000e+00
0.000000000000000000e+00
8.637202064676330338e-09
0.000000000000000000e+00
1.601800363459915388e-06
8.056862732530589710e-09
5.044389350672418004e-09
4.052234103824048361e-09
0.000000000000000000e+00
0.000000000000000000e+00
0.000000000000000000e+00
3.551249108113552211e-07
0.000000000000000000e+00
5.615539677705783106e-08
2.679064792232566106e-08
0.000000000000000000e+00
1.209590483330913457e-10
9.125052429226343520e-07
1.242781536348047666e-06
0.000000000000000000e+00
3.982159046955757731e-09
0.000000000000000000e+00
0.000000000000000000e+00
0.000000000000000000e+00
2.104677498948603898e-08
3.316067420655599562e-09
8.949267993330067839e-09
0.000000000000000000e+00
4.839939116152436327e-09
2.204210886702639982e-06
0.000000000000000000e+00
1.264228632891217785e-08
6.040349109781573134e-09
0.000000000000000000e+00
3.674459403413266045e-09
2.482619443355815747e-08
1.349428568886423818e-09
8.403399753831308772e-09
0.000000000000000000e+00
1.116287548508232419e-10
2.680943225641385652e-06
4.087955307596757848e-09
9.565888348106454941e-08
4.706671674625795276e-08
2.155763468181248754e-06
1.804561520657443907e-06
1.761091681373727624e-07
2.657215418366831727e-06
5.028958639741176739e-06
1.827038886403897777e-06
5.723039819827135943e-08
1.863548959590843879e-07
2.343960431971936487e-06
0.000000000000000000e+00
0.000000000000000000e+00
7.340127581301203463e-07
7.409889803966507316e-07
2.637622387169358262e-08
5.302798200546021690e-08
1.370844188386399765e-06
0.000000000000000000e+00
3.042473295522540866e-08
1.378091241122092470e-07
4.948083756062260363e-07
0.000000000000000000e+00
0.000000000000000000e+00
5.690374678124499042e-07
8.550534289497591089e-07
9.905544828825441073e-09
0.000000000000000000e+00
2.214882925954952952e-07
7.670831969619484880e-09
0.000000000000000000e+00
3.650242206276743673e-06
5.332939508662093431e-06
7.689310450587072410e-07
1.229121977530667209e-07
0.000000000000000000e+00
0.000000000000000000e+00
2.019098777061856254e-10
0.000000000000000000e+00
0.000000000000000000e+00
7.125071643798719379e-09
1.197695387311625836e-09
1.197421628518213765e-08
0.000000000000000000e+00
0.000000000000000000e+00
0.000000000000000000e+00
0.000000000000000000e+00
0.000000000000000000e+00
0.000000000000000000e+00
2.988167935313867929e-09
0.000000000000000000e+00
0.000000000000000000e+00
0.000000000000000000e+00
0.000000000000000000e+00
0.000000000000000000e+00
0.000000000000000000e+00
0.000000000000000000e+00
0.000000000000000000e+00
0.000000000000000000e+00
1.042921098814986181e-06
7.120549039285606341e-09
6.723205103753571166e-09
7.948595559525983845e-09
0.000000000000000000e+00
7.949031988196963994e-10
2.258864952864314546e-07
1.566450862355850404e-07
1.297764811170054600e-07
0.000000000000000000e+00
0.000000000000000000e+00
0.000000000000000000e+00
7.936788115614490380e-09
1.403515081932482644e-09
0.000000000000000000e+00
0.000000000000000000e+00
0.000000000000000000e+00
0.000000000000000000e+00
0.000000000000000000e+00
0.000000000000000000e+00
1.039214461012738511e-11
0.000000000000000000e+00
0.000000000000000000e+00
0.000000000000000000e+00
8.952737440282021453e-10
0.000000000000000000e+00
0.000000000000000000e+00
0.000000000000000000e+00
0.000000000000000000e+00
1.022410032192055951e-07
3.762678169039190834e-09
0.000000000000000000e+00
0.000000000000000000e+00
0.000000000000000000e+00
0.000000000000000000e+00
5.956066750911759300e-09
1.680714831309160218e-06
0.000000000000000000e+00
0.000000000000000000e+00
0.000000000000000000e+00
0.000000000000000000e+00
0.000000000000000000e+00
7.501214582816828624e-08
0.000000000000000000e+00
0.000000000000000000e+00
0.000000000000000000e+00
6.909229455231979955e-08
2.781376018390346871e-09
7.145104063965845853e-09
1.485843781345863590e-09
0.000000000000000000e+00
0.000000000000000000e+00
3.005964543945083278e-08
7.552400482779830782e-09
3.590028052613547516e-09
0.000000000000000000e+00
0.000000000000000000e+00
0.000000000000000000e+00
0.000000000000000000e+00
0.000000000000000000e+00
4.878793369300638005e-09
0.000000000000000000e+00
0.000000000000000000e+00
8.846357246738989488e-08
8.488646230375707091e-09
8.728425093806890800e-09
2.008325276914302293e-11
4.470176673265768841e-09
0.000000000000000000e+00
0.000000000000000000e+00
0.000000000000000000e+00
3.917919855211948743e-08
2.740722648830740127e-10
5.596631602600155020e-09
0.000000000000000000e+00
0.000000000000000000e+00
7.122641818568808958e-07
6.551592264258943032e-07
1.295005258583614705e-08
3.763254881050670519e-07
6.491501380878617056e-08
2.192122110500349663e-06
5.949424419782189943e-08
5.410013272921787575e-07
4.806959168490720913e-07
2.279660975545994006e-07
6.585378287127241492e-07
2.452315186474152142e-07
5.684740234102036993e-09
4.550050107354763895e-06
8.091920449260214809e-07
2.300090045537217520e-06
4.391599972564108612e-08
8.229555703564983560e-09
2.206025868645156152e-07
1.792504065178945893e-07
0.000000000000000000e+00
1.257598682968819048e-06
2.075685870295274071e-06
2.628605386689741863e-07
2.798954938043607399e-06
2.524336650822078809e-06
6.094294349168194458e-07
1.508505533820425626e-06
1.715080543363001198e-06
5.715793349736486562e-07
0.000000000000000000e+00
6.909477860972401686e-07
4.947444267600076273e-07
1.027123630592541303e-06
8.657775651954580098e-07
1.886035079223802313e-07
0.000000000000000000e+00
3.728108595169032924e-07
2.122893647538148798e-06
2.469741389177215751e-07
9.035596093553976971e-08
0.000000000000000000e+00
3.983039675858890405e-08
5.069720714345749002e-07
9.570187557983445004e-07
6.481993608531411155e-09
1.978868567675817758e-06
0.000000000000000000e+00
0.000000000000000000e+00
7.781315147781242558e-09
1.457965709050768055e-06
5.143892849446274340e-07
2.168354029663532856e-07
4.630962848750641569e-07
2.989584046986237809e-08
0.000000000000000000e+00
0.000000000000000000e+00
1.124114135109266499e-08
2.072716998036128189e-10
0.000000000000000000e+00
1.029724416845567703e-09
0.000000000000000000e+00
1.448684172622449751e-09
1.124913162620089224e-09
0.000000000000000000e+00
0.000000000000000000e+00
2.208026206318436380e-09
0.000000000000000000e+00
0.000000000000000000e+00
9.889423502329464100e-09
0.000000000000000000e+00
0.000000000000000000e+00
0.000000000000000000e+00
0.000000000000000000e+00
3.016284111367895093e-09
9.091359887136718498e-10
1.460574550193882715e-09
0.000000000000000000e+00
1.332203769521811410e-08
5.264582991770794251e-09
1.266052663595473859e-06
1.744120794455739087e-07
0.000000000000000000e+00
0.000000000000000000e+00
0.000000000000000000e+00
1.144980443790188929e-09
0.000000000000000000e+00
0.000000000000000000e+00
0.000000000000000000e+00
1.957611885927690309e-07
4.978526817467354704e-07
3.219654587383047328e-08
4.030085563044849550e-07
7.992288715286122169e-07
2.112434884793401579e-07
3.307624174553325247e-10
2.069115989655756493e-09
2.060071722098655300e-07
8.102806532406248152e-07
5.928423085777012602e-09
3.448068810030235909e-06
0.000000000000000000e+00
2.263425535886653961e-08
2.569526031948043965e-06
0.000000000000000000e+00
5.900152473259367980e-07
5.977522619105002377e-07
0.000000000000000000e+00
0.000000000000000000e+00
1.954003892024047673e-08
0.000000000000000000e+00
0.000000000000000000e+00
0.000000000000000000e+00
0.000000000000000000e+00
0.000000000000000000e+00
0.000000000000000000e+00
6.430079135810728985e-09
0.000000000000000000e+00
8.927180772388965124e-09
5.618680916086304933e-06
0.000000000000000000e+00
0.000000000000000000e+00
9.773612141827925370e-09
1.611750093388764071e-07
4.724172129044745816e-07
9.018111590819444245e-09
0.000000000000000000e+00
0.000000000000000000e+00
2.125103264916106127e-06
0.000000000000000000e+00
7.013690961343854724e-09
3.434661834944563452e-07
6.616208025889136479e-08
2.456173888276680373e-06
0.000000000000000000e+00
2.013555766566810235e-09
5.843600092703127302e-07
2.122712658092495985e-06
2.616881111805469118e-08
0.000000000000000000e+00
0.000000000000000000e+00
5.695651950077262882e-09
3.411724094348755898e-07
1.280998307429115357e-09
0.000000000000000000e+00
0.000000000000000000e+00
5.671398284334827622e-08
0.000000000000000000e+00
8.242573734662528295e-09
7.199233653665260135e-09
0.000000000000000000e+00
0.000000000000000000e+00
8.228196293202927336e-07
3.763529043965263554e-09
0.000000000000000000e+00
7.996548312405593606e-09
1.285360013980607619e-07
0.000000000000000000e+00
0.000000000000000000e+00
3.271358961498549434e-09
1.861059331531578209e-06
0.000000000000000000e+00
4.859181945704449390e-09
0.000000000000000000e+00
8.444422405773366336e-08
0.000000000000000000e+00
0.000000000000000000e+00
7.752374813208007254e-07
4.298657358958735131e-07
1.185594783237320371e-06
2.690065414867603977e-08
5.709052786073698371e-08
8.492425251915847184e-08
4.691954913482732081e-08
3.516721491791940934e-08
7.315841266120060027e-09
2.437801185806165449e-06
1.331146449956577271e-06
1.579636332849077007e-08
3.164585677950526588e-06
4.009428266726899892e-06
1.884084070979952230e-07
7.611991037492771284e-09
4.171856748946822790e-10
1.822774947868310846e-06
0.000000000000000000e+00
1.028526739332846773e-07
0.000000000000000000e+00
4.240005182509776205e-07
4.670980331411556108e-07
3.865870894514955580e-06
1.530633113588919514e-07
1.231653112832020724e-09
6.128462928245426156e-07
9.589126648279489018e-07
1.228933683705690783e-07
6.190559531660255743e-08
6.177165001730600125e-09
3.500028000757993141e-08
1.953937527332527679e-07
8.688589403504920483e-09
9.403723355561055541e-10
6.462831159126380953e-09
2.532017049361456884e-07
6.923575046613450468e-10
0.000000000000000000e+00
1.036560297507094219e-05
5.722917961747953086e-08
0.000000000000000000e+00
4.692590316324185551e-09
0.000000000000000000e+00
0.000000000000000000e+00
1.049626689564320259e-06
0.000000000000000000e+00
0.000000000000000000e+00
1.843845041094027692e-07
5.752544621207000830e-11
0.000000000000000000e+00
0.000000000000000000e+00
9.288807945040389313e-09
0.000000000000000000e+00
0.000000000000000000e+00
5.495141053302177170e-08
0.000000000000000000e+00
7.497057481486990582e-07
1.893269967467858805e-07
0.000000000000000000e+00
2.003775762204895727e-06
1.378530178897108271e-08
0.000000000000000000e+00
3.622949407144915313e-08
0.000000000000000000e+00
1.913185627699931501e-07
0.000000000000000000e+00
7.204882468414552932e-09
0.000000000000000000e+00
1.048968467642907854e-09
0.000000000000000000e+00
1.309458208531566470e-09
0.000000000000000000e+00
3.395871139844075515e-09
0.000000000000000000e+00
0.000000000000000000e+00
0.000000000000000000e+00
9.273899870265722711e-09
3.618493837898029142e-10
0.000000000000000000e+00
2.074733629342517816e-07
6.529433562718622852e-07
6.361483562145053838e-10
0.000000000000000000e+00
6.683178099819997442e-08
1.772493618545922800e-07
0.000000000000000000e+00
5.535883307317135404e-09
0.000000000000000000e+00
1.520004957455967087e-06
2.247015684631037402e-09
0.000000000000000000e+00
0.000000000000000000e+00
0.000000000000000000e+00
3.379439617035018273e-09
9.350985237688291818e-06
7.070016039278925746e-08
7.555546410742408625e-09
2.754266290594387101e-07
0.000000000000000000e+00
0.000000000000000000e+00
7.796291612294226070e-09
3.369247991713564261e-08
0.000000000000000000e+00
1.549159662772581214e-07
0.000000000000000000e+00
0.000000000000000000e+00
2.867823845065231581e-08
0.000000000000000000e+00
0.000000000000000000e+00
0.000000000000000000e+00
7.635388215021521319e-07
4.688297750021774846e-09
1.207744598774596057e-10
0.000000000000000000e+00
0.000000000000000000e+00
1.165210861131527054e-08
7.448044847535584267e-09
1.681388397400951362e-07
5.703580541194241960e-08
5.776432110415896659e-10
0.000000000000000000e+00
0.000000000000000000e+00
5.123740720591740683e-08
2.837998280824649555e-08
7.322279227395256385e-09
8.309596069011604413e-07
0.000000000000000000e+00
0.000000000000000000e+00
1.436719458070001565e-06
0.000000000000000000e+00
0.000000000000000000e+00
0.000000000000000000e+00
4.520035545851897041e-08
1.630928636586759239e-08
6.328037471803327207e-08
5.730662611114212268e-09
4.180550572385755004e-09
0.000000000000000000e+00
0.000000000000000000e+00
0.000000000000000000e+00
0.000000000000000000e+00
2.034287405194845633e-09
6.014984954560986807e-09
0.000000000000000000e+00
7.129973833563951757e-10
0.000000000000000000e+00
1.337118238353696142e-08
0.000000000000000000e+00
0.000000000000000000e+00
1.848394076686687981e-10
0.000000000000000000e+00
7.080561914563077153e-09
0.000000000000000000e+00
0.000000000000000000e+00
0.000000000000000000e+00
1.708926866683668777e-08
0.000000000000000000e+00
6.267384122793373535e-08
0.000000000000000000e+00
5.076729037156724189e-10
0.000000000000000000e+00
0.000000000000000000e+00
6.145869519968982786e-07
0.000000000000000000e+00
0.000000000000000000e+00
0.000000000000000000e+00
5.094690447293714897e-09
2.025088150503506768e-07
0.000000000000000000e+00
0.000000000000000000e+00
0.000000000000000000e+00
5.844138506461149518e-09
0.000000000000000000e+00
0.000000000000000000e+00
7.524333156538887124e-09
5.894731369693317902e-09
1.108422797990726849e-09
0.000000000000000000e+00
0.000000000000000000e+00
0.000000000000000000e+00
6.430578292082600456e-10
0.000000000000000000e+00
0.000000000000000000e+00
0.000000000000000000e+00
4.691096400222249940e-09
1.987368714040371742e-09
0.000000000000000000e+00
1.210414779961865861e-06
6.541523589476128109e-08
1.838575514057083637e-09
1.518056933491607197e-07
7.691398629106060980e-09
2.838404178362452512e-09
1.045043063641060144e-06
1.772960672496992629e-06
3.735873860932770185e-06
5.443775918934079527e-08
1.830759174481499940e-05
0.000000000000000000e+00
8.764319318288471550e-06
6.121366968869779157e-09
1.614241398328886135e-07
3.550574945165863028e-08
0.000000000000000000e+00
1.357787823508260772e-06
7.122897613953682594e-07
4.408838183422858492e-09
0.000000000000000000e+00
1.111203005166316871e-07
4.989220201423449907e-07
1.546791139617198496e-07
9.798877727007493377e-07
6.498229367934982292e-07
8.888698488362933858e-08
1.890605005883116974e-08
5.158818705552903339e-09
4.929308033752022311e-06
5.028049976374404650e-09
2.400762184606719529e-07
8.767209180859936168e-09
3.674704629474945250e-08
0.000000000000000000e+00
0.000000000000000000e+00
5.707616423933359329e-07
0.000000000000000000e+00
0.000000000000000000e+00
3.149523081447114237e-06
2.177219329269064474e-07
0.000000000000000000e+00
2.278912006659084000e-06
4.647707996241479123e-08
7.914251227703061886e-07
0.000000000000000000e+00
1.236487801037355894e-09
2.321820780082362035e-08
1.561995333076993120e-07
0.000000000000000000e+00
2.320967862345924004e-09
5.528741553462168667e-07
2.262898091132115042e-09
2.796180353925592499e-07
9.393788786837831140e-07
1.586591338309517596e-06
0.000000000000000000e+00
6.865396073862939375e-08
0.000000000000000000e+00
3.971688400383754924e-08
0.000000000000000000e+00
0.000000000000000000e+00
1.867996646254255211e-09
3.556060619303025305e-07
3.006962856488826219e-07
1.128004143424732320e-07
0.000000000000000000e+00
0.000000000000000000e+00
0.000000000000000000e+00
0.000000000000000000e+00
2.819030120448928756e-09
0.000000000000000000e+00
3.186314074810070451e-07
1.021502882281311031e-09
8.852123301039682701e-08
9.955695645658124704e-08
1.671221028232139361e-08
0.000000000000000000e+00
5.028817540164709499e-08
0.000000000000000000e+00
5.626336019304289948e-07
0.000000000000000000e+00
3.739313854111969704e-07
2.725836623085342580e-07
0.000000000000000000e+00
0.000000000000000000e+00
1.684195538587118790e-08
0.000000000000000000e+00
3.745997219084529206e-07
3.378148649701984141e-09
1.745666833308234800e-09
1.134767160237970529e-07
2.994026999658672139e-07
0.000000000000000000e+00
0.000000000000000000e+00
1.583618853828738793e-07
0.000000000000000000e+00
0.000000000000000000e+00
7.939617852059654979e-09
0.000000000000000000e+00
0.000000000000000000e+00
0.000000000000000000e+00
0.000000000000000000e+00
1.304252066347544314e-07
0.000000000000000000e+00
0.000000000000000000e+00
1.335765915655429126e-07
8.715368426948089109e-10
7.421834880005917512e-08
6.164568855382412949e-09
0.000000000000000000e+00
5.434032601669969154e-08
0.000000000000000000e+00
0.000000000000000000e+00
0.000000000000000000e+00
0.000000000000000000e+00
8.817875141176045872e-08
2.950644670818292070e-07
0.000000000000000000e+00
9.943919465627004683e-09
9.955130941818879364e-09
0.000000000000000000e+00
0.000000000000000000e+00
3.331639319981150038e-08
0.000000000000000000e+00
0.000000000000000000e+00
4.001197595471239765e-09
4.560022581756584259e-09
0.000000000000000000e+00
0.000000000000000000e+00
0.000000000000000000e+00
0.000000000000000000e+00
7.982206007284275984e-09
0.000000000000000000e+00
0.000000000000000000e+00
0.000000000000000000e+00
0.000000000000000000e+00
4.545324394644723043e-10
4.254126217961839984e-10
0.000000000000000000e+00
2.123192732739198618e-09
6.956354936527020527e-11
4.604018499776429962e-08
0.000000000000000000e+00
3.419053262732063558e-09
0.000000000000000000e+00
0.000000000000000000e+00
0.000000000000000000e+00
2.431607697417348390e-07
5.269376490701915827e-09
1.260713588635553606e-06
0.000000000000000000e+00
0.000000000000000000e+00
8.085638825150454068e-09
8.499671452777413094e-12
3.326040998175017194e-09
0.000000000000000000e+00
5.122637958265841007e-06
4.247845453164700302e-08
6.968364552051298233e-09
1.557349982306277525e-08
4.462274549865696827e-09
1.373050917408136229e-08
6.770274467271519825e-06
7.790034715071669780e-07
2.342023037726903567e-07
5.615322606900008395e-07
3.755906163860345259e-06
0.000000000000000000e+00
1.085953385882021394e-06
4.499173603123018950e-11
1.935733735081157647e-06
0.000000000000000000e+00
1.517855253041489050e-06
1.026572746809506498e-07
1.458590581648877560e-08
8.648398193145112600e-07
2.259391749248607084e-07
5.131904678989940294e-09
1.437528567294066306e-07
6.076934955245860692e-09
5.163944365449424367e-07
0.000000000000000000e+00
1.953475603500010038e-09
2.031186596695988555e-08
6.342715153095923597e-08
3.251755131827849254e-08
5.642551741402712651e-07
0.000000000000000000e+00
7.031166315840664538e-09
0.000000000000000000e+00
0.000000000000000000e+00
1.794256521137072014e-09
0.000000000000000000e+00
1.723497011774099974e-09
0.000000000000000000e+00
7.576415050891682768e-09
1.042800136019650381e-06
1.577571184796511261e-09
0.000000000000000000e+00
1.924010121001629159e-06
6.688968046120180588e-09
1.294430092002585297e-07
3.366669443227721104e-10
0.000000000000000000e+00
4.542629383763596707e-08
1.174309787188576593e-07
4.111126941097609233e-07
0.000000000000000000e+00
7.017989300805993480e-09
7.411638858201285984e-09
9.593467353852247470e-09
9.902606734613073058e-09
4.426618147590488661e-07
2.619925965063885087e-07
1.168030962617194746e-06
3.704757167710681642e-09
4.776155947183724493e-06
2.977578787977108732e-07
2.239578300589073478e-08
0.000000000000000000e+00
0.000000000000000000e+00
7.115551259317953736e-09
0.000000000000000000e+00
0.000000000000000000e+00
0.000000000000000000e+00
3.863126263325966647e-09
4.813564213890231258e-09
1.634139010775470524e-07
1.478021545153751504e-06
0.000000000000000000e+00
1.076270223165920470e-06
0.000000000000000000e+00
7.891716169439177975e-10
0.000000000000000000e+00
0.000000000000000000e+00
0.000000000000000000e+00
0.000000000000000000e+00
3.857278940699870873e-08
0.000000000000000000e+00
4.844197931674898427e-09
9.221643892942665843e-09
2.673080867765520452e-09
9.855069649233882956e-09
0.000000000000000000e+00
0.000000000000000000e+00
0.000000000000000000e+00
1.648122704978050024e-08
7.206259144965088126e-09
0.000000000000000000e+00
1.318195774757668914e-09
0.000000000000000000e+00
1.103041658012671178e-08
1.864174095089765615e-07
0.000000000000000000e+00
0.000000000000000000e+00
9.926920796488047927e-08
8.204514401199958229e-09
0.000000000000000000e+00
0.000000000000000000e+00
3.941120318984303594e-09
0.000000000000000000e+00
3.641514112473487330e-08
4.901926899947284255e-07
9.505376397100917529e-08
2.214328276295418618e-09
0.000000000000000000e+00
0.000000000000000000e+00
0.000000000000000000e+00
2.498291848951339489e-07
5.863753482771016934e-09
1.516879251539648976e-06
1.093132429019760821e-08
0.000000000000000000e+00
2.557354150667379145e-07
0.000000000000000000e+00
3.089176914272684371e-09
3.131132242373269037e-09
0.000000000000000000e+00
3.125030900719139026e-08
0.000000000000000000e+00
0.000000000000000000e+00
0.000000000000000000e+00
1.131041260649112701e-09
1.315226483278308933e-09
0.000000000000000000e+00
4.973446099398870501e-09
1.988914846151601523e-07
5.734453467631794865e-10
1.878852273762277036e-08
0.000000000000000000e+00
3.110747215373521612e-09
1.293325446738435858e-09
1.410275562996332610e-09
0.000000000000000000e+00
0.000000000000000000e+00
0.000000000000000000e+00
1.766663343394370145e-10
1.359970042358327191e-06
0.000000000000000000e+00
4.868924374790140064e-09
0.000000000000000000e+00
0.000000000000000000e+00
1.484822632846771739e-06
5.096352992950414773e-07
0.000000000000000000e+00
2.322443037883203942e-08
0.000000000000000000e+00
1.232809132556411669e-10
0.000000000000000000e+00
2.156100435968255624e-07
1.291443618711696217e-09
7.242298316612050257e-09
1.401672555800814735e-09
0.000000000000000000e+00
4.554292359904010823e-11
0.000000000000000000e+00
1.703294061350391075e-09
1.774373536989060085e-09
3.473100917972260504e-09
1.357229990617270232e-07
5.477390097041734407e-09
9.892398793454049155e-07
7.789682854308921378e-08
6.092415816283391905e-08
2.234438412074268854e-08
2.395909405095153488e-06
2.105328889001611969e-07
4.213078774739642540e-09
8.799984385632342310e-08
3.608338374760933220e-06
1.449206905590472161e-07
2.034778123771729952e-09
8.353569569408136886e-07
2.000545237024198286e-06
2.273711032785286079e-07
3.444696119458967587e-07
2.114838707711896859e-06
4.639193491584592266e-07
1.237180185853503644e-06
6.975676924980689364e-09
4.701309990196023136e-07
4.650745122347643701e-09
2.394142200046189828e-07
9.664255458119441755e-07
0.000000000000000000e+00
0.000000000000000000e+00
2.210220628739989479e-08
6.287138631932975841e-08
0.000000000000000000e+00
1.928783799343136707e-09
0.000000000000000000e+00
1.521642616353346966e-07
7.967765114358371648e-09
3.016545946366022690e-08
0.000000000000000000e+00
0.000000000000000000e+00
0.000000000000000000e+00
5.766484623137557719e-09
5.879331688163347280e-09
1.118157122448337759e-09
1.524269377384257496e-09
8.573281462531667785e-08
5.439821926245258510e-09
6.690558507216337603e-07
4.737725767256506515e-09
1.141836736273660335e-09
0.000000000000000000e+00
0.000000000000000000e+00
9.106056353402891546e-09
7.450208006076763922e-09
1.320545450766985596e-08
1.416881389992852291e-09
0.000000000000000000e+00
0.000000000000000000e+00
5.087289878247247543e-07
1.279346520277613308e-06
3.271440895957766770e-09
0.000000000000000000e+00
3.917322910496068289e-09
4.441463516413612922e-11
1.530757032242036075e-07
5.665554425604568678e-08
4.263798416559438920e-07
1.015021098282886669e-07
6.052367940156955228e-09
0.000000000000000000e+00
0.000000000000000000e+00
8.933549366929582902e-08
0.000000000000000000e+00
6.928846829623580561e-08
9.650601207056297426e-09
2.162606760336416301e-09
0.000000000000000000e+00
1.726125908874109882e-09
9.379765231187775498e-08
8.309929171446128748e-07
1.980730424122612021e-08
0.000000000000000000e+00
5.568100203134918047e-09
0.000000000000000000e+00
2.612123140011135547e-08
0.000000000000000000e+00
0.000000000000000000e+00
6.176584577133326093e-08
5.434860668174223974e-07
0.000000000000000000e+00
0.000000000000000000e+00
2.678741317652111320e-08
8.998342764243716374e-07
0.000000000000000000e+00
8.369385184892053076e-09
1.205008175020338967e-06
2.616090011287042216e-09
8.320806266226554726e-09
0.000000000000000000e+00
0.000000000000000000e+00
0.000000000000000000e+00
0.000000000000000000e+00
0.000000000000000000e+00
6.446841283036519599e-09
6.109141637011816783e-09
0.000000000000000000e+00
4.707291889616271874e-09
3.740114440375919003e-09
0.000000000000000000e+00
9.348577911794109241e-09
0.000000000000000000e+00
0.000000000000000000e+00
7.153916570246110496e-09
0.000000000000000000e+00
0.000000000000000000e+00
0.000000000000000000e+00
5.748725384613351252e-10
0.000000000000000000e+00
0.000000000000000000e+00
3.435718598510106858e-09
4.449975676834583282e-08
4.217360682901016844e-09
1.147412054258722947e-09
1.360212991130538285e-07
3.763900835451750027e-08
1.090035013362466998e-07
4.311903722964416374e-09
0.000000000000000000e+00
2.534293059852643637e-07
0.000000000000000000e+00
0.000000000000000000e+00
5.018434876546962187e-07
4.066829095705770669e-09
4.067374881344676396e-09
2.969584578238482209e-09
1.248333936221257545e-10
4.184708135568371290e-09
0.000000000000000000e+00
0.000000000000000000e+00
1.108361111223921114e-10
0.000000000000000000e+00
1.992582099319406552e-09
4.111600504508317044e-10
0.000000000000000000e+00
2.138742019042183529e-07
0.000000000000000000e+00
0.000000000000000000e+00
0.000000000000000000e+00
0.000000000000000000e+00
7.883028119159973812e-10
9.974546522073524102e-09
2.070442012280793165e-10
0.000000000000000000e+00
0.000000000000000000e+00
0.000000000000000000e+00
0.000000000000000000e+00
3.168791673502369122e-09
0.000000000000000000e+00
0.000000000000000000e+00
1.908913999093542202e-10
0.000000000000000000e+00
0.000000000000000000e+00
0.000000000000000000e+00
0.000000000000000000e+00
4.967125732946442440e-08
7.837506643681990681e-09
1.907366264930487887e-09
8.624407854540550034e-10
9.543765777664248162e-09
5.368990141363383373e-09
9.789340005283975188e-09
1.332078568339056801e-06
6.216325942887124256e-08
5.527115831682749558e-08
1.067422772393911146e-07
1.364402635317674140e-07
1.236974753737740684e-06
1.429160678689811448e-09
3.860856168103055097e-08
1.262527149492598255e-07
5.110280554276869225e-08
2.668781746706372360e-07
2.534208647375635337e-07
3.812385102719417773e-06
1.098909365282452200e-06
1.995719713931976003e-07
2.868035231529120210e-08
1.346958526937669376e-07
1.786895786892728211e-08
0.000000000000000000e+00
1.098272695010393818e-09
3.189381629908893956e-07
6.245643362490227446e-07
9.948115575753035955e-07
1.250850374390211073e-07
2.044426992142689414e-06
3.771624733417411335e-06
6.350282522049610634e-09
1.203289485829373007e-07
0.000000000000000000e+00
0.000000000000000000e+00
1.371895752555474246e-08
0.000000000000000000e+00
0.000000000000000000e+00
0.000000000000000000e+00
4.739302728040684087e-09
0.000000000000000000e+00
8.772189197259194771e-09
5.264423119655248229e-09
2.924367636936153758e-09
0.000000000000000000e+00
0.000000000000000000e+00
0.000000000000000000e+00
5.638157496434814675e-09
0.000000000000000000e+00
0.000000000000000000e+00
0.000000000000000000e+00
4.961342447984407045e-09
2.285087106201899587e-07
0.000000000000000000e+00
1.369097057946078166e-10
0.000000000000000000e+00
0.000000000000000000e+00
0.000000000000000000e+00
0.000000000000000000e+00
8.083287639237823896e-07
6.342891989419285892e-09
0.000000000000000000e+00
0.000000000000000000e+00
0.000000000000000000e+00
0.000000000000000000e+00
3.910254342542884842e-09
3.882907329000317986e-09
7.139907332032180420e-09
1.689639717028512678e-08
0.000000000000000000e+00
3.590397170682990691e-07
0.000000000000000000e+00
0.000000000000000000e+00
0.000000000000000000e+00
0.000000000000000000e+00
0.000000000000000000e+00
0.000000000000000000e+00
0.000000000000000000e+00
0.000000000000000000e+00
0.000000000000000000e+00
0.000000000000000000e+00
0.000000000000000000e+00
0.000000000000000000e+00
0.000000000000000000e+00
0.000000000000000000e+00
5.109316703055810649e-07
1.887700412650517023e-10
0.000000000000000000e+00
0.000000000000000000e+00
0.000000000000000000e+00
0.000000000000000000e+00
0.000000000000000000e+00
4.855296253936103312e-08
2.847876601208554348e-07
1.135836214416485745e-06
5.936412250662215229e-09
4.063395522280188743e-07
1.492125250024400884e-07
9.994301990445819683e-07
1.289079847310858895e-07
3.619327948456430022e-09
7.366968191035994096e-08
7.157679959846063866e-08
0.000000000000000000e+00
6.107717442915827633e-09
0.000000000000000000e+00
0.000000000000000000e+00
4.692705601883062627e-08
8.297103448740017484e-08
0.000000000000000000e+00
0.000000000000000000e+00
0.000000000000000000e+00
2.931139079009881243e-06
2.322345871164088749e-09
9.963605407392606139e-08
2.687997913142226025e-08
0.000000000000000000e+00
0.000000000000000000e+00
2.132925089881609892e-07
0.000000000000000000e+00
0.000000000000000000e+00
0.000000000000000000e+00
0.000000000000000000e+00
0.000000000000000000e+00
2.431679968495359390e-09
0.000000000000000000e+00
4.751345556996966479e-07
0.000000000000000000e+00
0.000000000000000000e+00
0.000000000000000000e+00
2.643622654119326398e-09
0.000000000000000000e+00
0.000000000000000000e+00
2.238608431071043015e-06
0.000000000000000000e+00
7.752304576058577368e-09
0.000000000000000000e+00
0.000000000000000000e+00
5.599227961283759214e-07
0.000000000000000000e+00
4.785335683266112028e-09
5.049570539483738685e-09
0.000000000000000000e+00
0.000000000000000000e+00
1.283869721646624384e-08
0.000000000000000000e+00
0.000000000000000000e+00
0.000000000000000000e+00
5.906115596587824257e-09
0.000000000000000000e+00
0.000000000000000000e+00
0.000000000000000000e+00
0.000000000000000000e+00
0.000000000000000000e+00
7.332230325118871406e-07
1.654566705866500342e-09
0.000000000000000000e+00
0.000000000000000000e+00
0.000000000000000000e+00
3.076542798297055015e-09
2.594945092138090104e-11
0.000000000000000000e+00
0.000000000000000000e+00
0.000000000000000000e+00
0.000000000000000000e+00
0.000000000000000000e+00
0.000000000000000000e+00
4.310918910732652876e-08
0.000000000000000000e+00
1.246829750556344152e-09
5.780786072051569136e-09
0.000000000000000000e+00
2.824444289561967025e-10
6.307018796114505221e-10
6.863879775664827321e-08
3.089525968391626520e-09
4.091213554602290969e-07
2.200194728629867313e-07
1.474533519285614602e-06
1.868351773737231269e-06
6.016011155907108332e-08
1.694885481962060680e-10
0.000000000000000000e+00
1.577215300585521618e-07
1.177683998321299441e-06
1.545129407531931065e-06
0.000000000000000000e+00
0.000000000000000000e+00
1.480075525250867940e-06
2.142009662975397077e-07
2.604709266051941086e-07
7.465347096058394527e-08
1.027710112566637690e-07
2.849405120741721475e-07
1.349092826785636134e-06
1.654117376403974049e-08
1.129286602008505724e-07
3.270225306550855748e-06
2.457939444866497070e-06
4.529092620941810310e-07
2.511205821065232158e-07
3.471458001058636000e-07
6.986181233514798805e-07
1.400765654580027331e-07
3.260689940276506604e-09
7.127046952604132457e-09
1.065888071138942905e-07
0.000000000000000000e+00
1.522491999139674590e-07
8.949685437187326897e-09
2.652901230248971842e-06
0.000000000000000000e+00
2.142870547672259818e-09
3.533959969104216725e-08
6.537973007425534888e-08
4.332977141530136578e-07
0.000000000000000000e+00
0.000000000000000000e+00
1.753579681462724693e-08
6.126951029861160691e-11
6.153414489062924986e-08
4.219525706616877869e-08
1.357446308247745037e-06
3.021838779204699676e-08
3.734128384280666069e-08
1.504970782661985140e-06
6.564651471308025066e-07
4.451325974486053383e-10
0.000000000000000000e+00
0.000000000000000000e+00
0.000000000000000000e+00
2.040440483241923175e-09
1.030152176895171579e-07
5.978573085485550109e-07
7.003934854310500668e-08
9.246479137914320745e-09
2.605883508977058227e-09
2.226040436426046654e-07
0.000000000000000000e+00
0.000000000000000000e+00
9.931588884626307845e-09
4.516316574193490752e-12
9.074933018382580485e-07
1.631574342297881230e-08
0.000000000000000000e+00
0.000000000000000000e+00
7.442774574428767664e-08
0.000000000000000000e+00
0.000000000000000000e+00
0.000000000000000000e+00
0.000000000000000000e+00
1.312715625090277172e-07
0.000000000000000000e+00
0.000000000000000000e+00
1.512172431716862775e-08
0.000000000000000000e+00
0.000000000000000000e+00
3.198603053533588536e-07
0.000000000000000000e+00
0.000000000000000000e+00
2.723317216180021205e-08
0.000000000000000000e+00
0.000000000000000000e+00
2.537977650263201213e-08
2.882323180131152185e-08
2.209207217163111636e-08
1.676868505162687484e-10
0.000000000000000000e+00
0.000000000000000000e+00
6.251771367260516854e-08
2.674870529517647810e-06
1.813270866790617220e-09
0.000000000000000000e+00
2.024934531164035434e-07
4.551114152206992003e-09
0.000000000000000000e+00
3.774561108116358810e-09
1.348639102616289165e-07
0.000000000000000000e+00
0.000000000000000000e+00
6.478445335744709155e-09
0.000000000000000000e+00
0.000000000000000000e+00
7.705298621374367940e-09
0.000000000000000000e+00
0.000000000000000000e+00
5.956508175586350262e-06
5.378871037464705296e-07
2.242070280544794514e-07
0.000000000000000000e+00
0.000000000000000000e+00
9.622906027573208121e-09
1.467795329723742270e-09
2.598348380900006305e-08
6.385718620549596380e-09
2.156307684492153598e-12
0.000000000000000000e+00
0.000000000000000000e+00
0.000000000000000000e+00
0.000000000000000000e+00
0.000000000000000000e+00
0.000000000000000000e+00
0.000000000000000000e+00
9.265093692256698432e-10
4.810472908900464972e-09
0.000000000000000000e+00
0.000000000000000000e+00
5.413472337068014895e-09
0.000000000000000000e+00
0.000000000000000000e+00
5.935289664193987846e-07
0.000000000000000000e+00
0.000000000000000000e+00
4.260512469045352191e-06
0.000000000000000000e+00
0.000000000000000000e+00
0.000000000000000000e+00
2.153876105248642148e-10
4.989103103980596643e-07
0.000000000000000000e+00
0.000000000000000000e+00
6.244753159023730404e-09
0.000000000000000000e+00
0.000000000000000000e+00
0.000000000000000000e+00
0.000000000000000000e+00
6.224055160153341149e-10
7.963037174096854187e-11
2.649251262809571017e-09
2.717917766403843416e-07
0.000000000000000000e+00
0.000000000000000000e+00
4.016368109205359360e-07
0.000000000000000000e+00
6.317657952337185634e-09
0.000000000000000000e+00
0.000000000000000000e+00
9.560086056126237963e-09
0.000000000000000000e+00
0.000000000000000000e+00
4.020372035284935919e-09
0.000000000000000000e+00
0.000000000000000000e+00
4.887167293077254726e-08
0.000000000000000000e+00
0.000000000000000000e+00
7.440933202929045365e-09
0.000000000000000000e+00
0.000000000000000000e+00
8.425495821029471699e-07
4.758626270806587399e-10
8.153456576565076830e-09
9.895717134611459187e-09
0.000000000000000000e+00
2.085419055219972506e-06
0.000000000000000000e+00
3.095438350086965329e-09
1.832719420669093324e-09
0.000000000000000000e+00
1.176236441580158498e-09
0.000000000000000000e+00
0.000000000000000000e+00
0.000000000000000000e+00
0.000000000000000000e+00
6.066347282285278197e-07
0.000000000000000000e+00
9.009446522156849824e-09
5.129262717673555017e-06
1.664824367253459059e-08
3.769457634916761890e-08
0.000000000000000000e+00
1.778801447471778374e-06
1.605042484698060434e-06
2.052948921971164964e-08
5.609732678379941717e-10
0.000000000000000000e+00
1.310207153437659144e-06
8.170420073838613462e-07
2.077536919387057424e-06
0.000000000000000000e+00
1.153046241597621702e-06
8.035315772758622188e-07
0.000000000000000000e+00
4.065252667828644917e-08
1.422077048118808307e-06
0.000000000000000000e+00
3.832652240021161560e-08
7.229592711155419238e-07
6.791487521695671603e-06
5.375610271585173905e-06
2.053529897239059210e-06
4.534501556463510497e-07
1.178296287207558635e-07
1.798227877713998168e-08
4.376288416096940637e-07
0.000000000000000000e+00
1.533104949658081750e-07
7.333763818451188854e-09
8.217748472816310823e-07
0.000000000000000000e+00
6.409053732170377771e-09
1.400253513139659844e-08
2.100893503609313484e-08
0.000000000000000000e+00
0.000000000000000000e+00
1.119483158618095331e-06
0.000000000000000000e+00
3.248826203616772546e-07
4.601145686677909907e-09
8.639840842761259410e-09
1.157690405761968577e-07
7.606427629980316851e-07
1.078747136062929712e-08
1.550662602767260978e-07
2.816196342791954521e-08
0.000000000000000000e+00
3.330759223985069184e-09
3.178400653780499852e-09
1.109765435103327036e-05
1.154438145078984235e-08
6.329588586595491506e-07
4.706773779616924003e-07
7.551410163841865142e-08
7.572859317406255286e-08
4.491261584860239964e-09
1.250941483732503912e-08
0.000000000000000000e+00
0.000000000000000000e+00
0.000000000000000000e+00
0.000000000000000000e+00
0.000000000000000000e+00
0.000000000000000000e+00
0.000000000000000000e+00
0.000000000000000000e+00
6.212116545611934271e-07
1.249898332389420830e-06
6.310785494179071975e-08
1.008034544724978332e-09
0.000000000000000000e+00
4.292429078844861579e-09
0.000000000000000000e+00
2.268402852223516675e-07
1.847737962634710129e-08
0.000000000000000000e+00
2.845299329479189510e-09
4.082499742708023405e-07
0.000000000000000000e+00
0.000000000000000000e+00
0.000000000000000000e+00
0.000000000000000000e+00
0.000000000000000000e+00
9.197097483593097422e-07
0.000000000000000000e+00
0.000000000000000000e+00
0.000000000000000000e+00
2.101253926412027795e-08
0.000000000000000000e+00
0.000000000000000000e+00
0.000000000000000000e+00
0.000000000000000000e+00
0.000000000000000000e+00
9.599721906283775752e-09
0.000000000000000000e+00
0.000000000000000000e+00
2.520327235799868504e-08
0.000000000000000000e+00
3.733793008109387301e-08
4.398181658871180844e-07
3.320169525977689773e-06
1.437957825728419792e-11
4.681661169847473047e-10
7.896708211774239317e-07
2.874150766274397029e-07
0.000000000000000000e+00
2.534681016186368652e-07
2.347272065605920943e-08
0.000000000000000000e+00
1.617943889975492766e-09
9.612167950479033607e-09
0.000000000000000000e+00
5.224131793823971748e-09
2.751711081216967614e-09
0.000000000000000000e+00
2.755611738791685639e-08
6.172941047211111254e-10
0.000000000000000000e+00
0.000000000000000000e+00
0.000000000000000000e+00
8.374883897488416551e-09
0.000000000000000000e+00
2.263649321321281604e-07
0.000000000000000000e+00
5.509098173206439242e-07
0.000000000000000000e+00
0.000000000000000000e+00
0.000000000000000000e+00
0.000000000000000000e+00
6.459348611542736762e-09
6.025540955079122796e-09
0.000000000000000000e+00
3.639717078840476461e-07
0.000000000000000000e+00
4.223670089231745806e-07
0.000000000000000000e+00
9.595952477070568420e-09
0.000000000000000000e+00
0.000000000000000000e+00
2.782420294167309294e-09
8.666493633846528155e-10
0.000000000000000000e+00
0.000000000000000000e+00
0.000000000000000000e+00
6.027104149097795016e-09
0.000000000000000000e+00
2.607160354273219127e-07
0.000000000000000000e+00
0.000000000000000000e+00
0.000000000000000000e+00
0.000000000000000000e+00
0.000000000000000000e+00
0.000000000000000000e+00
7.684056058110400045e-09
0.000000000000000000e+00
5.903116218064496934e-09
0.000000000000000000e+00
0.000000000000000000e+00
0.000000000000000000e+00
0.000000000000000000e+00
0.000000000000000000e+00
0.000000000000000000e+00
0.000000000000000000e+00
0.000000000000000000e+00
0.000000000000000000e+00
0.000000000000000000e+00
0.000000000000000000e+00
0.000000000000000000e+00
0.000000000000000000e+00
0.000000000000000000e+00
0.000000000000000000e+00
1.829144764542434132e-07
1.248583430424332619e-06
5.501320856637903489e-07
1.030547664981895650e-07
1.069444920176465530e-06
2.989342874570866115e-06
0.000000000000000000e+00
0.000000000000000000e+00
4.374506715976167470e-06
1.271168343919271138e-06
7.082805495883803815e-06
0.000000000000000000e+00
1.858642946217514691e-07
4.272764542179174896e-08
4.691478139307037054e-08
1.831083125125587685e-07
0.000000000000000000e+00
1.706144701074663317e-07
0.000000000000000000e+00
8.968090270400352892e-08
1.127224822994321585e-05
1.701299794376609498e-07
1.292461320190341212e-06
7.400522150646793307e-08
8.310721000270859804e-07
9.890023875414044596e-07
8.767915460339281708e-07
0.000000000000000000e+00
4.998282179258239921e-07
2.191900421166792512e-06
1.240993697138037533e-06
6.076192562431970146e-07
1.519691977591719478e-06
0.000000000000000000e+00
1.428891778232355136e-07
0.000000000000000000e+00
7.504219468046358088e-09
2.726362993143993663e-07
7.528926371236366322e-10
0.000000000000000000e+00
0.000000000000000000e+00
1.087251955134149739e-09
2.445341928947186716e-09
0.000000000000000000e+00
0.000000000000000000e+00
0.000000000000000000e+00
0.000000000000000000e+00
8.286933734780177474e-07
4.405348477121151518e-07
7.453891726072470192e-07
7.593729378641000949e-07
0.000000000000000000e+00
2.193339241784997284e-06
0.000000000000000000e+00
3.029998083547980059e-07
5.479180344991618767e-07
0.000000000000000000e+00
2.407428256745447470e-09
4.357307403779486776e-09
2.445847790966126922e-08
0.000000000000000000e+00
6.042272904238643605e-09
0.000000000000000000e+00
7.644236355019984330e-09
7.371775412323700039e-10
2.244027825781813590e-07
6.666390106602193555e-09
0.000000000000000000e+00
0.000000000000000000e+00
3.614814829688839382e-07
4.021171839951875882e-09
0.000000000000000000e+00
1.917350056501732070e-09
0.000000000000000000e+00
0.000000000000000000e+00
2.470468274395898334e-08
1.816985562008710531e-09
8.451837452128074801e-09
0.000000000000000000e+00
1.524674431152561738e-08
0.000000000000000000e+00
0.000000000000000000e+00
0.000000000000000000e+00
0.000000000000000000e+00
2.604732651789731790e-09
4.874581849279024937e-10
0.000000000000000000e+00
1.739844321946293348e-07
0.000000000000000000e+00
1.242804748002868109e-09
5.718921514130670403e-08
0.000000000000000000e+00
0.000000000000000000e+00
1.441555852466080978e-08
3.528328988977591507e-07
2.374609842092922918e-08
1.317702185588132124e-06
8.037084597845023382e-08
0.000000000000000000e+00
1.265856308663160235e-09
6.113832107246253145e-09
0.000000000000000000e+00
0.000000000000000000e+00
0.000000000000000000e+00
0.000000000000000000e+00
0.000000000000000000e+00
0.000000000000000000e+00
0.000000000000000000e+00
0.000000000000000000e+00
0.000000000000000000e+00
0.000000000000000000e+00
4.925895247254175047e-10
0.000000000000000000e+00
0.000000000000000000e+00
7.709494411756168120e-07
0.000000000000000000e+00
0.000000000000000000e+00
0.000000000000000000e+00
0.000000000000000000e+00
0.000000000000000000e+00
0.000000000000000000e+00
0.000000000000000000e+00
0.000000000000000000e+00
9.825471599528290412e-13
0.000000000000000000e+00
0.000000000000000000e+00
0.000000000000000000e+00
0.000000000000000000e+00
1.571038296788174193e-06
9.846344184438748925e-09
2.759759754056290149e-09
0.000000000000000000e+00
1.305249131000607576e-09
1.524310810907536506e-08
0.000000000000000000e+00
0.000000000000000000e+00
0.000000000000000000e+00
0.000000000000000000e+00
0.000000000000000000e+00
0.000000000000000000e+00
9.297815267927944660e-06
0.000000000000000000e+00
2.094937001650976072e-10
0.000000000000000000e+00
0.000000000000000000e+00
3.751475503577239579e-07
0.000000000000000000e+00
0.000000000000000000e+00
2.089845793307176791e-06
3.763351060115383007e-06
9.203458550821608242e-10
0.000000000000000000e+00
0.000000000000000000e+00
0.000000000000000000e+00
0.000000000000000000e+00
0.000000000000000000e+00
0.000000000000000000e+00
0.000000000000000000e+00
1.400799060080615277e-10
0.000000000000000000e+00
0.000000000000000000e+00
3.390953517978800846e-09
6.659057589786243625e-07
4.621620064426679164e-06
1.281280503917514579e-08
0.000000000000000000e+00
4.032163758438400691e-08
8.622101631772238761e-06
9.402438081451691687e-07
3.830695732176536694e-06
4.915387762594036758e-06
4.750297222244626028e-08
7.478148518202942796e-07
1.839593579688880709e-07
4.807993114752662223e-09
2.111054442366366857e-09
1.956709070327633526e-07
0.000000000000000000e+00
2.146111228285008110e-06
5.707368018192937598e-07
9.668887059888220392e-07
2.984154150453832699e-07
3.081774764268629951e-07
3.055286867947870633e-07
1.146043132393970154e-06
4.271771558705950156e-08
0.000000000000000000e+00
5.320708851286326535e-07
1.188538423235740993e-08
1.672281157993893430e-08
1.400152349617656000e-08
6.649851780338167373e-09
1.570093559166707564e-06
1.600210097763010708e-08
9.433973104933102150e-07
1.894538925739652768e-08
2.216316463687917349e-09
1.905124724643769696e-09
1.022126827621150369e-08
1.374649394314531037e-09
0.000000000000000000e+00
5.800599751637491863e-07
1.010689398839303976e-08
5.459406260399646271e-09
1.528059456745722855e-08
0.000000000000000000e+00
2.290782816771752550e-07
7.653223832448929898e-09
1.467921464382015984e-07
2.772759444269468077e-07
0.000000000000000000e+00
2.809349268773075892e-07
0.000000000000000000e+00
0.000000000000000000e+00
8.812251275913673965e-12
5.702727321477141231e-07
0.000000000000000000e+00
0.000000000000000000e+00
1.468559163164684378e-09
2.157617728926197742e-07
1.538492000463520526e-07
0.000000000000000000e+00
1.163255546998698264e-06
0.000000000000000000e+00
0.000000000000000000e+00
0.000000000000000000e+00
0.000000000000000000e+00
1.002345495493273120e-08
5.172811068376859112e-10
0.000000000000000000e+00
1.710159153844870161e-06
0.000000000000000000e+00
0.000000000000000000e+00
0.000000000000000000e+00
8.309623922286846209e-08
0.000000000000000000e+00
0.000000000000000000e+00
7.359185616451213718e-08
0.000000000000000000e+00
0.000000000000000000e+00
0.000000000000000000e+00
1.410541585755709093e-07
6.691670932923443615e-07
1.985333994980464922e-07
0.000000000000000000e+00
1.168522834049667836e-09
3.978313678487666039e-09
0.000000000000000000e+00
0.000000000000000000e+00
0.000000000000000000e+00
2.481196359482851221e-10
8.412316674366593361e-07
0.000000000000000000e+00
1.980547637003837735e-08
0.000000000000000000e+00
0.000000000000000000e+00
0.000000000000000000e+00
0.000000000000000000e+00
1.208764477400592341e-10
2.994186587557123858e-08
1.442330699319427367e-09
0.000000000000000000e+00
0.000000000000000000e+00
9.607743045592087583e-09
9.179289328642425971e-09
1.774956217559520155e-07
1.115871981482996489e-07
3.120058211791842950e-09
5.676080050420750922e-08
0.000000000000000000e+00
0.000000000000000000e+00
6.288873066750966245e-08
4.832222657569218427e-06
7.650231559352960176e-09
3.695040051709952422e-09
0.000000000000000000e+00
7.704557880572338036e-09
0.000000000000000000e+00
0.000000000000000000e+00
2.110307129044031171e-08
0.000000000000000000e+00
1.063681409618766338e-07
1.678605726640469697e-10
1.625237899816056597e-07
0.000000000000000000e+00
6.784593331587984721e-09
0.000000000000000000e+00
2.234432514569562045e-07
3.558497718714193070e-09
0.000000000000000000e+00
4.524084488366497681e-06
3.423922922962674420e-09
0.000000000000000000e+00
0.000000000000000000e+00
0.000000000000000000e+00
1.839992023633385543e-06
5.778254763555423779e-09
8.966872799831548946e-10
1.534367726208074600e-07
1.592507942405063659e-06
3.049134633670291805e-08
3.394439218595834973e-08
3.302740765320777427e-07
0.000000000000000000e+00
1.703272900499541720e-08
5.283050086291041225e-07
3.962727923578768241e-09
1.746396151247608941e-06
0.000000000000000000e+00
0.000000000000000000e+00
3.665609256131574512e-07
3.092960199069239025e-08
7.233451242427690886e-07
2.322738339444185840e-07
1.862552153397700749e-06
4.221992924158257665e-07
1.935479303938336670e-06
2.968162604588542308e-09
1.834358016594705987e-07
0.000000000000000000e+00
7.059941253828583285e-07
1.726110383515333524e-07
5.910387130825256463e-07
1.864589052047449513e-07
0.000000000000000000e+00
4.069711678766907426e-07
7.324860575863567647e-07
2.461680637111385295e-08
2.335402058406543802e-07
9.096982611644932604e-10
3.142166971059623393e-09
0.000000000000000000e+00
6.200711943904479995e-09
0.000000000000000000e+00
0.000000000000000000e+00
2.555401446002747434e-10
0.000000000000000000e+00
0.000000000000000000e+00
1.452264655199542176e-07
0.000000000000000000e+00
0.000000000000000000e+00
5.469294706017535646e-07
1.097212043443818175e-10
5.391563195900062055e-09
0.000000000000000000e+00
0.000000000000000000e+00
0.000000000000000000e+00
0.000000000000000000e+00
6.376833994181652088e-08
0.000000000000000000e+00
0.000000000000000000e+00
0.000000000000000000e+00
4.662049857273586895e-09
1.303872010360862532e-09
0.000000000000000000e+00
0.000000000000000000e+00
0.000000000000000000e+00
0.000000000000000000e+00
1.497874740907789715e-10
0.000000000000000000e+00
0.000000000000000000e+00
0.000000000000000000e+00
0.000000000000000000e+00
7.111437753337668255e-06
6.272945825003262144e-07
3.209128518477655234e-09
9.298955383485463244e-09
2.779015018106179014e-09
0.000000000000000000e+00
1.328269672029591675e-08
0.000000000000000000e+00
1.516386305411288049e-06
0.000000000000000000e+00
1.281982235923351254e-06
0.000000000000000000e+00
0.000000000000000000e+00
8.924711636382198776e-09
3.326656496938085184e-07
0.000000000000000000e+00
5.234531030851030664e-09
0.000000000000000000e+00
0.000000000000000000e+00
0.000000000000000000e+00
1.915941112429209170e-07
0.000000000000000000e+00
2.170941870716092126e-09
2.788947313092648983e-07
1.897951573681666559e-09
0.000000000000000000e+00
0.000000000000000000e+00
3.258211700440938330e-09
1.831014984077228291e-08
9.675423795485471601e-10
1.386836743222374935e-06
4.428804822875775926e-10
0.000000000000000000e+00
0.000000000000000000e+00
0.000000000000000000e+00
0.000000000000000000e+00
2.578162350275192694e-09
1.801603843887278344e-07
0.000000000000000000e+00
2.432710743960342370e-08
3.021419274773506913e-07
1.074680830437380052e-10
5.818810766555770897e-09
4.787288343521822753e-09
1.934705373685119412e-08
3.733059372734714998e-08
9.540887191406000056e-08
0.000000000000000000e+00
7.966837500816836837e-08
3.387842070878832601e-06
1.748341027507649414e-08
1.892673537895461777e-07
5.041556061513574605e-09
7.171057632149313577e-07
8.295619835507750395e-08
2.921616896855994128e-06
1.655643586673249956e-06
0.000000000000000000e+00
7.220044722089369316e-07
0.000000000000000000e+00
1.350846048353560036e-07
2.237894420886732405e-07
2.263502437926945277e-06
2.711908822505826322e-11
4.196260476874158485e-07
1.520509613328613341e-06
2.074082594560877624e-08
7.589513018047000514e-09
5.358951966627500951e-07
1.638245233914759069e-10
0.000000000000000000e+00
7.061983886558209633e-09
5.316996495863257621e-11
6.507185048576502595e-07
0.000000000000000000e+00
3.505083157051558373e-07
7.421160574949681177e-08
9.597867389743441890e-09
1.358896213332627667e-07
3.702474438149749858e-10
0.000000000000000000e+00
0.000000000000000000e+00
0.000000000000000000e+00
5.617167619931251465e-09
4.261814900985427812e-09
1.243785408000519510e-09
0.000000000000000000e+00
1.102476687719899928e-07
1.404553700012911577e-07
6.065387765374907758e-07
0.000000000000000000e+00
5.823113102820798304e-09
1.418167183686591670e-08
9.825894958792602552e-11
2.884267757963243639e-07
0.000000000000000000e+00
2.317711889077145315e-08
2.630384798862905882e-10
5.515365497643642811e-09
0.000000000000000000e+00
4.131741476731676244e-11
0.000000000000000000e+00
0.000000000000000000e+00
6.712701178912539035e-06
0.000000000000000000e+00
0.000000000000000000e+00
1.425280671263351451e-09
3.618791710735536071e-09
0.000000000000000000e+00
0.000000000000000000e+00
0.000000000000000000e+00
0.000000000000000000e+00
0.000000000000000000e+00
0.000000000000000000e+00
2.427192002940614657e-09
8.259931405518727843e-09
0.000000000000000000e+00
0.000000000000000000e+00
0.000000000000000000e+00
0.000000000000000000e+00
0.000000000000000000e+00
0.000000000000000000e+00
0.000000000000000000e+00
0.000000000000000000e+00
0.000000000000000000e+00
1.629959172078088159e-07
0.000000000000000000e+00
0.000000000000000000e+00
2.296741570262383902e-07
0.000000000000000000e+00
0.000000000000000000e+00
0.000000000000000000e+00
0.000000000000000000e+00
0.000000000000000000e+00
0.000000000000000000e+00
9.055121950041211676e-07
0.000000000000000000e+00
0.000000000000000000e+00
0.000000000000000000e+00
2.312244475888292072e-07
0.000000000000000000e+00
0.000000000000000000e+00
0.000000000000000000e+00
0.000000000000000000e+00
3.356709896706888685e-07
1.054539677802779352e-09
0.000000000000000000e+00
7.431675612679100595e-07
0.000000000000000000e+00
4.106332696096615109e-08
0.000000000000000000e+00
6.765536464392596372e-10
0.000000000000000000e+00
0.000000000000000000e+00
5.994238438944421432e-09
3.186327646176323469e-09
5.838485961362493981e-08
3.158024508564949429e-09
0.000000000000000000e+00
0.000000000000000000e+00
7.142102731449995190e-07
2.373524432552898134e-10
4.326364155815554113e-09
3.818231064656174567e-09
7.737318341582977155e-09
4.526634711510268971e-07
0.000000000000000000e+00
0.000000000000000000e+00
0.000000000000000000e+00
5.401885800893069245e-07
0.000000000000000000e+00
1.259891213578612224e-08
0.000000000000000000e+00
4.137432938478013966e-07
0.000000000000000000e+00
6.215756087613044656e-08
0.000000000000000000e+00
4.392875396774797991e-09
0.000000000000000000e+00
5.218324616862446419e-08
0.000000000000000000e+00
4.108145219561265549e-07
0.000000000000000000e+00
2.546700628158760082e-09
3.216981440345989540e-06
7.499358503082476091e-07
1.375130009861891267e-10
0.000000000000000000e+00
0.000000000000000000e+00
0.000000000000000000e+00
0.000000000000000000e+00
2.749299010673666999e-09
2.004603771865731687e-08
0.000000000000000000e+00
1.021863038630499432e-09
0.000000000000000000e+00
0.000000000000000000e+00
0.000000000000000000e+00
2.603729232220075573e-09
5.890001375519204885e-09
0.000000000000000000e+00
0.000000000000000000e+00
5.851774744769500103e-07
0.000000000000000000e+00
2.441010337861371227e-06
7.592934991862421157e-08
1.328909183939686045e-05
2.082000946757034399e-06
4.810692733059340753e-09
4.797117867383349221e-07
3.377421933237201301e-07
1.944937189080064854e-08
1.065790456777904183e-06
9.961186151485890150e-06
1.444698369823527173e-07
1.251578112260176567e-07
6.371509471136960201e-07
2.345317170693306252e-06
9.165572301128577237e-09
0.000000000000000000e+00
4.096221346117090434e-06
3.341152023494942114e-06
2.424757781227526721e-07
1.533079085902500083e-07
7.388351264125958551e-07
6.558583436344633810e-07
8.674903142491530161e-07
0.000000000000000000e+00
2.773454177429357514e-08
7.176648598311574645e-14
0.000000000000000000e+00
3.270954493928002194e-07
2.973070536427258048e-07
1.727908284010482021e-06
2.406769453955348581e-06
0.000000000000000000e+00
6.277318220782035496e-08
0.000000000000000000e+00
5.220507546255248599e-07
4.129742023906146642e-07
1.113423309107020032e-07
0.000000000000000000e+00
3.392169389826449333e-07
5.749262399490362441e-08
0.000000000000000000e+00
1.569174834514797112e-08
4.768863277604395989e-07
0.000000000000000000e+00
0.000000000000000000e+00
0.000000000000000000e+00
3.712063403327192646e-07
1.434357386642659549e-06
0.000000000000000000e+00
0.000000000000000000e+00
0.000000000000000000e+00
0.000000000000000000e+00
2.007052968266975768e-09
0.000000000000000000e+00
0.000000000000000000e+00
2.842628418875392526e-06
2.329025505787285510e-07
1.901405255466670496e-07
6.510340710974560352e-08
2.389139126535155810e-06
2.138902573278755881e-06
5.658477686409923990e-09
1.306428316638630349e-07
0.000000000000000000e+00
0.000000000000000000e+00
0.000000000000000000e+00
0.000000000000000000e+00
1.080586642387970642e-08
3.934524102078285068e-06
0.000000000000000000e+00
1.118718784276495626e-09
0.000000000000000000e+00
3.474021639249258442e-07
0.000000000000000000e+00
0.000000000000000000e+00
0.000000000000000000e+00
0.000000000000000000e+00
0.000000000000000000e+00
1.533398972242139280e-06
2.223210771035155631e-07
2.779677821251880232e-09
7.739148344398927293e-08
0.000000000000000000e+00
0.000000000000000000e+00
0.000000000000000000e+00
0.000000000000000000e+00
0.000000000000000000e+00
9.352914887017504952e-09
0.000000000000000000e+00
8.438177934166901650e-10
0.000000000000000000e+00
5.126892332896204607e-08
6.527661078337132494e-09
0.000000000000000000e+00
6.196316792994593925e-09
4.737827552503404149e-08
3.530348902103241926e-09
6.690301006528898142e-07
7.632701581883338804e-09
0.000000000000000000e+00
2.772677643037013695e-10
1.658666377579720574e-07
2.503132066067337291e-07
1.889682579303553212e-07
1.368419248137797695e-06
2.208693814509388176e-07
1.693480555786663899e-07
4.362977506389142945e-06
7.377736466196438414e-08
0.000000000000000000e+00
1.110012277649730095e-07
0.000000000000000000e+00
7.453218699993158225e-07
0.000000000000000000e+00
7.822556824521598173e-09
4.777349360551852442e-08
5.870282926423442404e-09
0.000000000000000000e+00
1.135714740030380199e-07
2.677911936643795343e-07
3.137635360417334596e-07
2.654252966749481857e-06
5.034989669638889609e-08
5.480842446559108794e-08
3.218053166165191215e-07
5.538885829992068466e-07
3.058594799654201779e-08
0.000000000000000000e+00
0.000000000000000000e+00
4.503975317704522752e-12
2.742239757935749367e-06
9.189621778205037117e-06
8.097179815536037495e-09
1.507878187112510204e-05
3.470044589448662009e-07
3.180780822731321678e-06
5.600236931968538556e-07
4.944221245750668459e-07
0.000000000000000000e+00
1.576523445123712008e-08
2.170142954227571863e-09
0.000000000000000000e+00
1.007336614122777974e-08
3.952590759581653401e-06
2.346351557491743733e-09
3.068375349357665982e-07
1.063752506524906494e-06
2.531733684918435756e-07
3.222001225822168635e-07
2.414570872133481316e-06
9.409882295585703105e-07
2.647112182785349432e-07
1.113573411259949353e-08
6.048635441402439028e-07
0.000000000000000000e+00
2.665158371772946566e-11
7.360434928216363915e-09
1.596947640791768208e-08
8.238905024882114958e-08
1.300783925017867659e-10
2.415343480777210061e-09
3.570687967524577289e-09
7.000541302204510430e-08
1.199020402964379173e-06
0.000000000000000000e+00
1.999433862920341198e-07
8.088883873824670445e-07
4.695798594411826343e-08
1.239099333361082245e-06
0.000000000000000000e+00
0.000000000000000000e+00
1.989105946620384202e-08
0.000000000000000000e+00
5.646096568057146214e-08
0.000000000000000000e+00
0.000000000000000000e+00
0.000000000000000000e+00
3.716361618444352644e-08
2.465990576183685334e-07
6.824772746938378987e-09
1.046413888872166353e-08
2.328368680082348874e-07
1.897276824536220374e-08
5.249908241466982872e-08
3.854289332139160251e-09
3.475313814504943366e-09
6.878305924828964635e-08
0.000000000000000000e+00
5.415956252363685053e-07
1.624192123017564882e-06
4.193797309426372522e-08
9.953037283239041244e-10
3.026948888873448595e-06
3.745736876226146705e-07
2.179642848432195024e-07
1.070283914827996341e-07
4.981935148862248752e-07
3.243431194732693257e-07
8.434147275693248957e-06
2.810451746881881263e-07
1.959477718971314175e-10
1.108283527173625771e-07
2.454778424976211681e-08
4.910345552389117074e-08
2.402524845734888004e-09
9.092946839928117697e-08
3.298680155694455607e-07
1.849014893195999321e-06
3.679033522274721690e-09
0.000000000000000000e+00
1.619754641524195904e-08
8.803196394069345843e-09
1.289802639803383499e-06
0.000000000000000000e+00
4.522699441622535232e-07
9.869387085359448974e-09
0.000000000000000000e+00
1.144509269579430111e-06
4.942536406815634109e-07
2.968985484130826080e-07
6.780665273709018948e-08
8.129423179070727201e-08
1.048165572115067334e-07
1.546746286607003640e-09
1.413941390637774020e-06
4.891959726194272662e-09
3.881090293589295470e-08
6.901717597429524176e-08
6.397773688604502240e-08
4.476745374404345057e-08
1.903695618921119603e-07
0.000000000000000000e+00
9.560133662489533890e-08
8.753023905683221528e-08
2.773774951947416412e-07
8.577038812518367195e-08
1.427058151648452622e-07
8.072416513016378303e-09
5.007552772440249100e-06
6.179250533477897989e-08
9.592740823904932768e-09
0.000000000000000000e+00
0.000000000000000000e+00
4.322849918025895022e-07
4.265351947196904803e-07
0.000000000000000000e+00
0.000000000000000000e+00
0.000000000000000000e+00
9.150056143880647141e-07
0.000000000000000000e+00
4.921845153660342476e-09
7.487175480491714552e-06
4.104416859718185151e-07
2.603688926683389582e-07
0.000000000000000000e+00
3.768188605590694351e-07
0.000000000000000000e+00
0.000000000000000000e+00
0.000000000000000000e+00
0.000000000000000000e+00
1.727601506296139178e-09
7.773313548398164130e-09
7.220629072435258422e-08
9.679635981640899445e-10
1.104646571548073553e-06
0.000000000000000000e+00
4.419542563027789583e-07
0.000000000000000000e+00
4.470636749687173506e-09
1.733611365573040075e-09
0.000000000000000000e+00
3.632980374868033380e-11
0.000000000000000000e+00
0.000000000000000000e+00
2.306184967437729938e-07
3.006254019055631943e-06
1.568966581544373184e-06
1.120148226618766785e-06
0.000000000000000000e+00
0.000000000000000000e+00
0.000000000000000000e+00
0.000000000000000000e+00
7.953062919341391535e-08
3.055048694022843847e-07
2.588233428468811326e-06
0.000000000000000000e+00
1.133946625486714765e-05
4.369338224563534823e-09
2.205265836607850360e-08
1.419724071638484020e-07
2.114567010380596912e-08
1.371351121548514129e-08
2.664666283180849859e-07
1.821821911107690539e-07
9.116994270641498588e-09
0.000000000000000000e+00
6.097944815763867155e-09
7.563804501842241734e-06
9.041610269377997611e-07
1.343117901342338882e-06
9.501135309619712643e-07
4.061290894696867326e-07
9.098783237959651160e-08
2.087743808942832402e-07
8.112757399203474051e-08
7.022011061508237617e-08
2.295407313113173586e-07
4.117216079180252564e-08
2.244677554941176822e-09
3.932107139892337955e-10
1.522850993751490023e-06
5.439809713791987633e-11
3.940286763537415027e-09
1.945909389178268611e-07
2.144220161426346749e-07
2.701191714749029416e-09
5.489845875672472175e-07
3.913991122317383997e-07
1.229951978752499148e-14
1.830845803851843812e-07
9.419438384838940692e-08
6.388277018487542591e-09
1.615979794422628402e-09
1.564939680065435823e-07
0.000000000000000000e+00
8.117081051750574261e-07
7.685363812015566509e-07
0.000000000000000000e+00
1.986689085242687725e-06
6.072850737837143242e-06
2.778353746180073358e-06
1.433258944416593295e-06
0.000000000000000000e+00
4.927854206471238285e-06
1.342104724244563840e-06
2.276776285725645721e-06
5.131483504783318494e-08
4.608105452774680089e-09
1.939602256584294082e-09
0.000000000000000000e+00
8.928509487304836512e-09
5.376397993472892267e-09
2.630865196806553286e-07
1.886811560325440951e-07
3.727095929662027629e-07
1.418899046257138252e-06
1.873282542419474339e-07
6.307847133513178051e-09
4.287579997708235169e-07
9.016578594867041829e-09
0.000000000000000000e+00
0.000000000000000000e+00
1.104989806322009827e-07
4.625399867563828593e-07
5.798405027235276066e-07
9.561200720042961620e-10
0.000000000000000000e+00
0.000000000000000000e+00
0.000000000000000000e+00
0.000000000000000000e+00
1.273300043180825014e-08
3.219847712898626924e-06
0.000000000000000000e+00
0.000000000000000000e+00
0.000000000000000000e+00
1.321581066804355942e-09
2.373550023193615743e-09
3.767659795261835143e-10
3.629043066055714917e-09
0.000000000000000000e+00
2.502964235873150756e-08
0.000000000000000000e+00
2.434617840663122479e-08
0.000000000000000000e+00
2.063009485464561976e-10
0.000000000000000000e+00
4.507184598878666293e-07
5.782775929219496902e-07
3.527550688886549324e-06
7.662765000304716523e-08
1.550663000671193004e-06
7.774199843879614491e-07
1.573450703062917455e-07
0.000000000000000000e+00
9.277420609521414008e-09
4.818382137727894587e-09
4.246505647120812910e-10
0.000000000000000000e+00
7.987408956466879317e-09
1.868804133664525580e-07
0.000000000000000000e+00
0.000000000000000000e+00
5.297511561364043331e-13
6.489452974989262657e-09
2.155820588711776509e-08
1.158336981887941874e-08
1.077664109061515774e-07
9.857312477379309712e-08
9.397566280711089348e-09
1.711073416288400040e-08
9.801530723052565008e-06
9.006407175604635995e-09
1.679561734135859297e-08
1.550208708067657426e-07
6.416557880584150553e-07
6.405857675417792052e-07
6.836876309535000473e-06
8.333756227330013644e-07
0.000000000000000000e+00
3.618204402755509363e-08
4.566266511574212927e-07
1.602225665919831954e-06
2.214398591604549438e-06
6.196892599064085516e-08
3.495366058814397547e-07
8.557819342058792245e-07
4.336145138950087130e-06
1.312384085849771509e-07
3.039204443666676525e-08
2.818349685185239650e-06
4.763601069157630263e-08
3.828006811090745032e-06
7.466166573877330848e-11
8.291338104982060031e-08
0.000000000000000000e+00
6.492358011200849432e-07
2.633380458139100710e-10
1.674110805538475688e-08
2.973573884901270503e-07
4.900928995965614376e-09
6.603131819105101386e-09
5.030566629926624955e-09
1.512618041488167364e-06
8.362126095728950048e-12
0.000000000000000000e+00
1.030099156196229160e-06
0.000000000000000000e+00
9.208848683606163377e-10
1.987368847267134697e-08
6.036948827121968453e-14
0.000000000000000000e+00
8.216519020720625122e-09
6.853115337435156107e-07
0.000000000000000000e+00
2.875219506925930091e-10
0.000000000000000000e+00
7.677322599874969455e-08
2.409975877526449040e-06
1.523508293161540423e-15
3.327114139750619870e-09
1.570989638821629342e-06
1.121825448535673786e-06
0.000000000000000000e+00
0.000000000000000000e+00
5.051557394608607865e-09
1.599248067307712518e-09
4.687954557880402717e-08
0.000000000000000000e+00
1.095046172849833965e-06
0.000000000000000000e+00
5.322065566026878969e-10
0.000000000000000000e+00
1.722249294289213140e-06
0.000000000000000000e+00
8.178108856782273506e-09
7.872747592729822941e-13
1.035309726837851940e-09
0.000000000000000000e+00
1.023576334802100973e-08
8.396259545406792313e-07
4.481232096509302210e-08
0.000000000000000000e+00
0.000000000000000000e+00
1.032277374690693250e-09
4.601990610808570636e-08
2.279932020954333893e-09
2.781651460281864274e-07
3.008607585286426911e-09
4.804073796549346298e-07
2.075088900710397866e-08
8.475788820794250000e-11
0.000000000000000000e+00
2.732472808020247612e-07
4.440462575416859181e-08
3.451894485806406010e-07
9.087406027674660436e-08
7.292487946841674784e-09
0.000000000000000000e+00
0.000000000000000000e+00
1.615289590972679434e-08
0.000000000000000000e+00
0.000000000000000000e+00
0.000000000000000000e+00
0.000000000000000000e+00
0.000000000000000000e+00
0.000000000000000000e+00
5.950942849608509277e-09
3.933824620216963552e-12
2.893498995959475906e-09
9.106555509674763016e-09
3.802387738005563733e-09
1.855626052815750882e-08
1.904661317553291155e-09
1.318581133169516306e-09
0.000000000000000000e+00
0.000000000000000000e+00
1.741775577102089301e-06
1.559913471282925457e-06
8.380441158806206658e-07
0.000000000000000000e+00
5.485317728926020209e-07
1.233757956908831943e-10
4.209755744000176492e-08
6.775774163969572328e-09
2.154287983557878761e-07
2.915480479259713320e-07
1.264123805633232678e-09
4.706795397879659504e-09
0.000000000000000000e+00
0.000000000000000000e+00
5.152892754267668352e-06
1.891502051876159385e-06
8.873213914739608299e-07
7.053579942351007048e-09
0.000000000000000000e+00
6.325080903479829431e-07
5.773441280609858950e-09
1.436100127705230989e-10
2.400680543246380694e-09
1.002500749081036702e-08
7.665914569798815137e-10
0.000000000000000000e+00
0.000000000000000000e+00
2.934908991392148891e-07
0.000000000000000000e+00
0.000000000000000000e+00
1.757267256152772461e-07
3.845664675594662185e-09
8.785692173773895775e-09
0.000000000000000000e+00
0.000000000000000000e+00
0.000000000000000000e+00
8.479105417791288346e-09
6.812088670926641498e-09
3.118448717032151762e-07
2.094534920615842566e-06
1.297624834251109860e-07
1.893566121680123615e-07
5.947902991465525702e-06
1.665338459133636206e-06
6.120256784925004467e-06
9.189218417304800823e-07
0.000000000000000000e+00
2.735762336669722572e-07
5.616793430363031803e-08
4.769477186528092716e-07
2.049657865654808120e-07
2.023314436883083545e-06
9.137170309259090573e-08
1.455712208553450182e-07
1.780127263373287860e-06
2.485157892806455493e-06
9.037527775035414379e-07
7.962952963680436369e-08
2.870939264099092725e-09
1.268570599677332211e-06
2.111226082845973906e-09
0.000000000000000000e+00
2.782949426460845643e-10
5.153307824912189972e-08
1.488467837873486133e-08
7.373339627747554914e-08
0.000000000000000000e+00
0.000000000000000000e+00
2.921215269680033089e-09
1.772833570612419862e-06
3.436929851829972904e-09
8.884708222467452288e-06
4.996177267457824200e-07
0.000000000000000000e+00
0.000000000000000000e+00
5.771956921307719313e-07
0.000000000000000000e+00
2.880638660940348927e-08
0.000000000000000000e+00
1.144384143003662757e-07
2.387256392566428076e-09
0.000000000000000000e+00
0.000000000000000000e+00
6.330687085664976621e-09
6.335126645495847697e-09
0.000000000000000000e+00
1.266820618184283376e-06
0.000000000000000000e+00
1.650745673487108434e-07
3.750607824315466132e-09
0.000000000000000000e+00
0.000000000000000000e+00
0.000000000000000000e+00
1.308273045452779115e-09
5.959435167568472025e-10
0.000000000000000000e+00
0.000000000000000000e+00
1.023203139993711375e-06
5.172238193296152531e-10
2.636214276208193041e-06
5.001878911059520760e-09
8.946652307884050970e-09
1.523731611996481661e-07
2.248825792250386257e-09
0.000000000000000000e+00
2.076399718831112295e-09
0.000000000000000000e+00
5.427745009001228027e-08
7.296128146094815747e-09
1.881880873355612493e-09
1.454618399066021084e-07
1.806298399742445326e-08
8.790328465124730428e-09
0.000000000000000000e+00
0.000000000000000000e+00
1.960151863045211940e-08
1.033111232118244516e-07
0.000000000000000000e+00
1.344472252640116494e-06
0.000000000000000000e+00
8.384921090787145204e-10
4.460464886335557821e-09
0.000000000000000000e+00
0.000000000000000000e+00
0.000000000000000000e+00
0.000000000000000000e+00
0.000000000000000000e+00
1.732805454679464674e-09
7.065603213618487644e-09
2.658166353697311024e-09
4.279945731155976318e-09
3.351690591735234648e-10
0.000000000000000000e+00
3.543779492076737370e-09
5.565805594187622773e-09
3.487657522782683372e-07
7.360343445839134802e-09
7.934924717289959517e-09
1.505315427863251898e-09
6.036899424799457847e-09
0.000000000000000000e+00
1.390897536035495818e-10
7.826753467554681265e-09
3.540460591366922927e-09
1.019175055461118973e-08
9.798630351554038498e-09
0.000000000000000000e+00
0.000000000000000000e+00
6.759764659136635601e-08
5.326196816923811639e-09
5.542207318076641798e-11
8.666868112072734220e-09
3.588082053695984541e-09
0.000000000000000000e+00
0.000000000000000000e+00
0.000000000000000000e+00
0.000000000000000000e+00
5.353933407725719462e-10
6.061842583449106314e-08
2.212672143286908977e-07
1.774584035274529015e-07
1.486838101527609979e-07
6.324112789002356294e-09
2.648046049102958932e-08
3.684187959152041003e-06
0.000000000000000000e+00
4.358370517820731038e-07
0.000000000000000000e+00
5.017052899347618222e-06
4.936907771480036899e-07
0.000000000000000000e+00
1.162994323067323421e-08
2.919763915087969508e-07
8.911194413485645782e-07
1.290931663788796868e-06
8.745039536961485283e-08
1.436157390344305895e-06
1.470418055760092102e-06
3.088967446274182294e-07
4.022662647429342542e-09
0.000000000000000000e+00
0.000000000000000000e+00
3.038202578409254784e-07
7.291220072147552855e-09
2.563833277235971764e-06
4.641100659341645951e-08
1.006296884042967577e-06
5.746693432229221798e-07
1.714662261065313942e-07
1.176977235672893585e-07
3.365389744658386917e-08
8.982098620435863268e-07
1.255822212442581076e-06
1.178180383115678964e-12
0.000000000000000000e+00
5.187737883716181386e-07
0.000000000000000000e+00
1.082743850133738306e-08
0.000000000000000000e+00
0.000000000000000000e+00
0.000000000000000000e+00
0.000000000000000000e+00
5.706548904527153354e-07
1.031657120620366186e-06
4.770727812797304068e-09
0.000000000000000000e+00
3.522588372106838506e-07
3.563105366310992395e-08
1.226363082196257892e-07
1.342522750746866222e-06
0.000000000000000000e+00
5.903459054934501182e-07
7.308298677344282623e-07
1.148460215816271557e-09
0.000000000000000000e+00
1.457110543334749764e-10
3.359604816566275076e-10
0.000000000000000000e+00
3.220490762956274011e-09
0.000000000000000000e+00
4.763009258113015676e-07
1.701177088087035827e-09
0.000000000000000000e+00
0.000000000000000000e+00
3.781686963577612914e-09
3.022500250082771345e-09
0.000000000000000000e+00
0.000000000000000000e+00
3.585578269849065691e-07
3.596422715190783492e-09
2.506770790944301552e-08
2.145323030333656789e-09
7.362044698311365210e-07
4.645461899599467870e-07
0.000000000000000000e+00
0.000000000000000000e+00
0.000000000000000000e+00
2.057318937431773520e-08
1.648779779372944176e-08
2.492484725280519342e-07
6.849663947150474996e-09
4.828558664016213697e-10
0.000000000000000000e+00
0.000000000000000000e+00
0.000000000000000000e+00
1.258495885281263327e-08
0.000000000000000000e+00
0.000000000000000000e+00
1.731276122463043521e-09
2.104401808367128979e-08
0.000000000000000000e+00
0.000000000000000000e+00
1.503831903448826779e-08
7.588990547091611916e-10
0.000000000000000000e+00
4.471683112683422223e-08
0.000000000000000000e+00
0.000000000000000000e+00
5.153892601583720534e-08
3.906341028425686090e-09
0.000000000000000000e+00
1.287381756753802620e-09
6.113741068958233882e-09
0.000000000000000000e+00
0.000000000000000000e+00
1.622444623095020688e-09
1.000988958388404626e-09
0.000000000000000000e+00
0.000000000000000000e+00
0.000000000000000000e+00
7.407410240745093688e-09
0.000000000000000000e+00
4.244988527357662633e-10
0.000000000000000000e+00
1.435630947455024398e-09
1.298863708143471740e-06
2.163376251473891898e-07
1.978628816345917585e-08
1.814049799264694229e-09
9.179867532793650753e-09
4.341262904716813864e-10
3.247917490512008953e-09
1.288214601657955427e-08
4.618171178805141608e-09
7.902303700291213318e-09
0.000000000000000000e+00
3.248558533286427519e-09
6.822363474157100427e-08
4.956032739755755756e-07
2.154883560478992877e-08
0.000000000000000000e+00
0.000000000000000000e+00
0.000000000000000000e+00
0.000000000000000000e+00
1.247467906750898692e-08
4.571099943007084221e-09
0.000000000000000000e+00
1.432813689916656585e-07
5.722437190769369408e-09
2.233868645618031223e-09
1.665500235503714066e-06
1.628883805615544134e-09
1.670658349439690937e-07
1.364973343243036652e-07
0.000000000000000000e+00
3.931405548329713895e-11
7.337210945479455404e-07
2.280351054650964215e-07
0.000000000000000000e+00
4.698787506640655920e-06
3.156562229378323536e-07
0.000000000000000000e+00
1.103065230267930019e-07
0.000000000000000000e+00
1.175631112459996075e-07
7.739918039817439421e-09
3.216067625544383191e-07
0.000000000000000000e+00
0.000000000000000000e+00
4.326055886849644594e-07
9.735657613418879919e-09
0.000000000000000000e+00
5.402219471761782188e-07
2.702761776163242757e-06
1.711560448924842603e-09
1.821700457149688646e-09
2.819532367998034417e-12
1.271516566703212447e-06
2.696231149457162246e-07
5.706316414944012649e-07
6.071362967929871957e-09
1.843199726181410369e-07
4.596379596932820277e-07
0.000000000000000000e+00
8.504422943644840416e-09
1.238471547537756123e-08
8.327978093802812509e-07
1.766807599778985605e-06
2.953342681522030944e-09
7.833541815216449322e-09
3.234243428629213213e-10
9.488703156534938898e-09
3.028873436505818972e-07
1.368368307552714214e-09
6.811192321265480132e-08
0.000000000000000000e+00
4.078000159779548994e-08
1.136754690378438681e-06
5.399709124276341754e-08
3.094848750606615795e-07
0.000000000000000000e+00
0.000000000000000000e+00
4.605638252996868687e-07
0.000000000000000000e+00
0.000000000000000000e+00
2.071327775965414730e-09
0.000000000000000000e+00
0.000000000000000000e+00
6.675303088066186774e-10
1.216829192962620709e-09
4.392222141547108549e-09
1.305502053128293483e-07
0.000000000000000000e+00
0.000000000000000000e+00
0.000000000000000000e+00
0.000000000000000000e+00
0.000000000000000000e+00
1.255490218454724527e-07
1.803525435661867959e-07
5.570182981529114841e-09
8.999683842603189987e-08
2.068767344098887406e-07
1.116160319725167938e-07
0.000000000000000000e+00
0.000000000000000000e+00
0.000000000000000000e+00
3.833422852039802819e-06
0.000000000000000000e+00
2.559834122450865834e-09
1.707188630462042056e-06
6.625908266499891397e-09
0.000000000000000000e+00
1.676927240623626858e-06
1.090293810790399220e-08
8.996262401694821165e-09
0.000000000000000000e+00
0.000000000000000000e+00
0.000000000000000000e+00
0.000000000000000000e+00
3.500214518226130167e-07
2.699493073521352926e-09
0.000000000000000000e+00
4.016655452687700745e-09
1.732538890131252174e-09
2.416479238931401596e-09
0.000000000000000000e+00
0.000000000000000000e+00
1.032326402139460697e-08
1.694195184143154620e-08
0.000000000000000000e+00
0.000000000000000000e+00
5.204189523766444836e-09
9.365134445715739275e-09
0.000000000000000000e+00
1.257461548220817349e-07
9.600578110280366673e-09
7.034782534276473598e-09
8.344044566399588803e-09
0.000000000000000000e+00
0.000000000000000000e+00
0.000000000000000000e+00
1.914642611122729932e-10
7.825600722988212965e-10
0.000000000000000000e+00
4.363977836874255445e-07
8.964066822159111325e-09
8.125895512023362244e-09
0.000000000000000000e+00
0.000000000000000000e+00
0.000000000000000000e+00
0.000000000000000000e+00
0.000000000000000000e+00
0.000000000000000000e+00
0.000000000000000000e+00
0.000000000000000000e+00
3.888922073258527234e-09
4.565531597222616256e-08
4.093160033136200582e-09
5.838049599304895310e-09
6.472602898099921731e-09
1.057352960742719006e-08
0.000000000000000000e+00
3.972408624264289756e-09
0.000000000000000000e+00
8.015944852335366022e-11
3.582605643259739736e-07
1.277773087338118785e-08
1.197525101304108830e-08
0.000000000000000000e+00
4.352469318291696254e-08
1.680867178777134541e-08
0.000000000000000000e+00
1.695087377129311790e-07
0.000000000000000000e+00
1.675446981153072556e-07
3.633198630836886878e-08
3.787751268191641429e-07
8.429059050740761450e-08
6.641834218029663006e-12
2.380459704909299035e-07
6.554207732101247075e-10
1.244098939423565753e-07
2.228367712575618498e-09
0.000000000000000000e+00
1.036548411548210424e-07
1.568853349454002455e-06
1.691204154496972478e-08
3.244388224743488536e-08
3.616199535372288665e-07
3.547800417891266989e-07
1.111702174760864636e-09
7.105417694219795521e-07
8.785324894233781379e-07
5.659834378946015931e-09
6.654917061865717187e-09
1.351200928922935418e-08
0.000000000000000000e+00
0.000000000000000000e+00
0.000000000000000000e+00
0.000000000000000000e+00
0.000000000000000000e+00
9.719469744595699012e-07
8.607677071115205081e-11
1.074085602681407181e-07
7.521524736375795328e-09
1.426594735676189885e-06
7.242787205541389994e-07
0.000000000000000000e+00
7.381576779152965173e-06
3.036318529936465893e-09
2.609468197078967933e-10
0.000000000000000000e+00
0.000000000000000000e+00
0.000000000000000000e+00
0.000000000000000000e+00
0.000000000000000000e+00
0.000000000000000000e+00
0.000000000000000000e+00
1.189762177666864318e-09
0.000000000000000000e+00
0.000000000000000000e+00
0.000000000000000000e+00
0.000000000000000000e+00
0.000000000000000000e+00
0.000000000000000000e+00
1.413878562839254727e-11
8.203969725784077127e-10
0.000000000000000000e+00
1.321620057836980777e-08
2.587179082080837134e-10
6.119203135313000530e-07
7.295429327314195689e-08
9.189427552236395513e-10
2.354100416823712294e-07
7.921536315791399829e-09
0.000000000000000000e+00
4.158040667334717000e-07
0.000000000000000000e+00
4.451460426935227588e-07
0.000000000000000000e+00
0.000000000000000000e+00
0.000000000000000000e+00
1.764700163775501096e-09
0.000000000000000000e+00
7.637532384308087785e-09
0.000000000000000000e+00
0.000000000000000000e+00
0.000000000000000000e+00
1.095314505761280088e-09
1.918179393101127062e-09
0.000000000000000000e+00
4.033416587390092900e-07
0.000000000000000000e+00
0.000000000000000000e+00
0.000000000000000000e+00
0.000000000000000000e+00
0.000000000000000000e+00
0.000000000000000000e+00
4.596615865715136806e-10
1.138176060067053186e-07
3.166568340873254783e-09
5.725281138069249209e-09
5.189522700455029280e-10
0.000000000000000000e+00
0.000000000000000000e+00
2.042812807800942210e-09
0.000000000000000000e+00
0.000000000000000000e+00
2.418560074435305296e-10
2.386144171140358594e-09
0.000000000000000000e+00
0.000000000000000000e+00
9.097936848334597926e-10
1.617806555387346634e-09
1.469240951124106687e-09
6.885507164433590788e-10
1.285432593700619464e-10
1.176594488505600111e-09
1.403766214380652855e-09
9.231148290211876883e-09
4.426300659332582654e-09
2.161701928571346798e-09
8.053497424498345936e-09
9.344761409124657803e-09
9.929190802893117507e-09
0.000000000000000000e+00
0.000000000000000000e+00
6.929922413689837413e-09
0.000000000000000000e+00
1.843227792619472893e-10
2.228295499506760535e-11
4.958973232049856961e-09
1.364601098785556132e-09
7.287564995905881915e-10
8.342243340564436949e-09
0.000000000000000000e+00
0.000000000000000000e+00
0.000000000000000000e+00
1.158844908921707884e-09
1.488121070813974711e-09
0.000000000000000000e+00
0.000000000000000000e+00
0.000000000000000000e+00
0.000000000000000000e+00
0.000000000000000000e+00
1.793366011249020175e-09
0.000000000000000000e+00
0.000000000000000000e+00
5.931516167123618288e-09
4.418529986338626259e-09
0.000000000000000000e+00
0.000000000000000000e+00
1.324665377389067089e-09
0.000000000000000000e+00
4.095598582498638507e-10
4.520082974579509028e-09
4.604575401523369749e-11
0.000000000000000000e+00
0.000000000000000000e+00
0.000000000000000000e+00
0.000000000000000000e+00
1.364907076251142826e-10
4.003447351408340182e-09
9.947502821461284839e-10
2.893727479857943763e-09
3.366101175572566717e-09
5.806588099233067624e-09
5.136315817111380966e-09
0.000000000000000000e+00
2.328608417201394332e-09
0.000000000000000000e+00
0.000000000000000000e+00
9.681964563412748248e-09
3.793856340195134180e-09
2.168393464785367541e-09
0.000000000000000000e+00
6.252667272832468370e-10
4.752377662953222170e-06
6.238028316118970906e-09
7.039738569858400297e-09
3.658801972505898448e-08
0.000000000000000000e+00
0.000000000000000000e+00
2.598548931587174593e-09
6.738325737387640402e-07
6.449219114301740774e-08
1.038457071445009205e-07
0.000000000000000000e+00
6.140551175176645060e-12
0.000000000000000000e+00
2.232201268270728178e-06
1.465738364458957221e-06
1.006900788524944801e-06
3.009693500644061714e-06
6.563678198290290311e-06
1.145957526205165777e-06
3.061734643594604677e-09
1.418847205059137195e-06
4.186364321867586114e-07
7.440178961815036018e-08
0.000000000000000000e+00
6.043630040863945396e-09
5.533770330856668807e-09
2.042588764794572853e-09
1.468240640178919421e-07
1.298550813544352422e-07
3.798308334523881058e-09
1.867467247507192951e-08
9.697675551478823763e-08
2.317439928845033137e-08
1.664279466240259353e-06
7.553473402310828533e-09
2.347842098515684484e-08
4.086771454581139551e-08
1.645631044766560080e-07
0.000000000000000000e+00
3.593717394778650487e-07
0.000000000000000000e+00
7.312411787196992918e-10
1.196919807711083195e-08
7.557961367865573266e-09
6.514593309248084552e-08
1.367915132277630619e-07
0.000000000000000000e+00
0.000000000000000000e+00
4.641226514223717459e-09
3.909894985554274172e-07
0.000000000000000000e+00
9.531524369776889216e-07
0.000000000000000000e+00
0.000000000000000000e+00
0.000000000000000000e+00
3.068451093213298009e-08
5.065055597164302981e-10
0.000000000000000000e+00
2.895426121085620252e-09
2.997909973601053935e-07
8.977851351232857269e-09
9.743012618912416656e-09
1.870131383086004462e-09
0.000000000000000000e+00
0.000000000000000000e+00
0.000000000000000000e+00
3.643975343692318347e-09
4.543711629168001309e-09
7.068424512368665091e-09
0.000000000000000000e+00
0.000000000000000000e+00
0.000000000000000000e+00
8.105162407900934340e-08
0.000000000000000000e+00
0.000000000000000000e+00
0.000000000000000000e+00
0.000000000000000000e+00
0.000000000000000000e+00
0.000000000000000000e+00
9.848176496518590284e-09
0.000000000000000000e+00
0.000000000000000000e+00
0.000000000000000000e+00
0.000000000000000000e+00
0.000000000000000000e+00
0.000000000000000000e+00
1.939235119152726838e-07
0.000000000000000000e+00
0.000000000000000000e+00
0.000000000000000000e+00
0.000000000000000000e+00
0.000000000000000000e+00
0.000000000000000000e+00
3.010607230180539773e-08
9.642582199376192875e-08
0.000000000000000000e+00
6.893312729516765103e-07
3.928302683142703700e-10
0.000000000000000000e+00
1.221314072097356984e-08
0.000000000000000000e+00
0.000000000000000000e+00
0.000000000000000000e+00
0.000000000000000000e+00
0.000000000000000000e+00
0.000000000000000000e+00
0.000000000000000000e+00
3.304782225654889771e-08
0.000000000000000000e+00
2.285081290853696601e-10
5.371359179662249517e-07
1.451934252827413729e-07
0.000000000000000000e+00
2.503771634465579154e-09
0.000000000000000000e+00
9.325276550953276455e-09
0.000000000000000000e+00
5.285616389016922767e-09
0.000000000000000000e+00
0.000000000000000000e+00
1.876848010340381734e-08
0.000000000000000000e+00
9.797429534330603929e-09
7.848915295483038790e-09
4.687721322227389464e-09
8.247212690548622049e-09
1.058566428957519179e-10
2.108175634063513826e-09
1.376406089548254386e-06
2.469431592544424348e-08
7.851307159967291227e-09
4.012111531892514904e-09
0.000000000000000000e+00
0.000000000000000000e+00
4.142099498949392000e-07
0.000000000000000000e+00
0.000000000000000000e+00
0.000000000000000000e+00
1.606913890839223313e-08
1.981810937579098209e-09
1.191721821669489145e-06
5.456808338522023405e-09
2.181081759644598606e-09
8.248970950752720910e-10
1.791883263990712294e-08
1.899687518402970454e-09
0.000000000000000000e+00
0.000000000000000000e+00
0.000000000000000000e+00
0.000000000000000000e+00
0.000000000000000000e+00
8.253543626324244542e-09
2.684338085146009689e-09
1.241399072426929706e-08
0.000000000000000000e+00
1.380673325002135243e-06
3.448202505751396529e-07
4.651645735265219628e-09
9.295702341205469565e-08
4.481356086216692347e-07
0.000000000000000000e+00
1.450214767828583717e-06
2.540834316278051119e-07
4.790141474586562254e-07
6.414201170201749846e-09
7.654762868014586275e-08
2.179852600647791405e-07
2.378152856863380293e-07
3.937795099773211405e-06
4.491975005294079892e-07
0.000000000000000000e+00
0.000000000000000000e+00
3.005474980000144569e-08
3.317720711493166164e-07
2.987766038131667301e-06
7.604315399589722801e-09
3.997702151536941528e-07
7.251085509807353446e-09
2.065291759834053664e-08
3.140688153990822684e-09
8.605485213308838865e-09
7.810341706715462351e-09
4.965943958268326242e-07
9.797219924223554699e-09
5.584319673346271884e-09
1.450220832310833430e-08
1.742819444316978661e-09
5.257823545434803236e-07
3.163989514831655470e-09
4.240542850197925873e-08
3.770674368297477486e-07
8.193781764198604378e-11
2.502365781253956811e-08
0.000000000000000000e+00
5.841429562281064136e-10
0.000000000000000000e+00
1.631231384635611903e-06
6.150311815389386538e-09
7.743206253962853225e-08
6.609295724047115073e-07
2.253062270085592900e-08
4.390661612063695429e-09
5.994362783923179450e-09
0.000000000000000000e+00
6.501202420849949704e-08
1.999380216943791311e-08
6.376233727678481955e-07
4.205001624679738370e-11
3.104783763419050047e-09
8.541729989985924476e-09
0.000000000000000000e+00
0.000000000000000000e+00
1.625953538475499727e-10
9.970504066814100952e-08
0.000000000000000000e+00
0.000000000000000000e+00
0.000000000000000000e+00
3.251718538876957609e-08
9.921773402865596836e-10
0.000000000000000000e+00
0.000000000000000000e+00
0.000000000000000000e+00
0.000000000000000000e+00
8.245883975632750662e-09
8.991320754603293608e-08
2.694360290433905902e-09
5.374767297894322837e-09
0.000000000000000000e+00
0.000000000000000000e+00
1.878651914921647403e-06
8.924674332888571371e-09
4.450678936507301842e-09
8.575989340897649527e-07
0.000000000000000000e+00
0.000000000000000000e+00
2.358192219276133983e-08
7.024637938002342707e-08
2.662637541561707621e-07
3.801672754377705132e-09
0.000000000000000000e+00
0.000000000000000000e+00
0.000000000000000000e+00
0.000000000000000000e+00
1.571129226718426253e-09
4.712587653443733871e-09
0.000000000000000000e+00
0.000000000000000000e+00
0.000000000000000000e+00
4.680686505054154622e-09
3.693271253268903820e-07
1.691587954155693296e-07
2.963723488846881082e-07
2.975059532062118706e-09
0.000000000000000000e+00
0.000000000000000000e+00
0.000000000000000000e+00
2.300183377101916449e-10
0.000000000000000000e+00
8.579278869547124486e-07
9.994360006260194496e-09
0.000000000000000000e+00
4.292775024339334777e-09
2.126379738953687593e-09
2.784514396836357264e-09
6.156265719425846328e-09
0.000000000000000000e+00
1.476534172706323034e-10
0.000000000000000000e+00
1.383977481228537698e-11
3.109882795726548466e-09
5.085082133149398942e-09
1.865253285160406449e-09
3.289483174739871174e-07
2.148726252926280722e-06
0.000000000000000000e+00
1.354587997326461846e-09
4.372600892477152001e-11
7.508459631822006486e-09
1.267280169692241998e-10
0.000000000000000000e+00
0.000000000000000000e+00
8.143181240427566081e-09
8.234384729632893141e-09
0.000000000000000000e+00
7.806002599863859359e-08
1.127747736973105930e-06
2.192631427533342503e-07
1.044010033979247964e-08
1.050094624588382430e-06
1.770585278393355111e-08
1.167954337688570376e-06
1.999836058530490845e-06
1.133179011958418414e-06
8.909294137993128970e-07
1.440722030565666500e-06
0.000000000000000000e+00
3.625134263954277181e-12
0.000000000000000000e+00
0.000000000000000000e+00
4.564960249808791559e-07
5.951520734015502967e-07
3.448308305564751208e-08
3.544256060195039026e-06
2.293532308517143292e-10
2.150467581785164839e-09
5.638423755671695403e-12
1.041550179436967483e-09
9.757569614521344192e-07
7.742617640360549558e-07
9.180558322441356722e-07
4.473529102710926963e-08
1.989064246643579281e-09
5.165524452621639284e-09
2.953637761038407916e-07
0.000000000000000000e+00
2.754535088911325147e-08
9.311568405223624723e-09
1.349663278915613773e-07
0.000000000000000000e+00
3.796447600734609296e-08
0.000000000000000000e+00
3.839667428451321030e-08
6.366636107202339190e-09
2.731596199234687106e-11
1.627497994149962324e-07
3.453942021280909103e-09
3.067690990121718642e-09
0.000000000000000000e+00
1.184358282557695929e-07
0.000000000000000000e+00
6.579850264643027913e-07
0.000000000000000000e+00
2.257096731739238749e-09
0.000000000000000000e+00
0.000000000000000000e+00
0.000000000000000000e+00
1.229703838756535106e-10
9.056573269106138468e-09
0.000000000000000000e+00
0.000000000000000000e+00
0.000000000000000000e+00
8.292011521859876666e-09
0.000000000000000000e+00
6.225973514517590957e-09
0.000000000000000000e+00
9.396636357905663317e-09
0.000000000000000000e+00
1.715859232476191210e-09
4.060290159646484653e-10
3.239559287493420925e-09
0.000000000000000000e+00
8.660738098908993265e-11
0.000000000000000000e+00
0.000000000000000000e+00
0.000000000000000000e+00
0.000000000000000000e+00
0.000000000000000000e+00
3.688659100387070566e-10
0.000000000000000000e+00
0.000000000000000000e+00
0.000000000000000000e+00
4.538321718428051099e-09
0.000000000000000000e+00
0.000000000000000000e+00
0.000000000000000000e+00
0.000000000000000000e+00
1.823060458150393970e-08
5.135065634931379464e-07
9.704202996729804909e-10
1.033892402801939170e-07
8.669346129863697570e-09
6.189300627568172786e-09
9.166450709585660661e-09
2.792970077436507381e-09
9.001174916534182557e-09
1.142359948858029384e-07
5.248961265635898599e-09
7.365910192902447307e-08
8.153632435892177455e-09
6.932248108881822191e-09
4.220948568445237470e-08
9.739099304795217904e-09
0.000000000000000000e+00
1.365913337991742083e-08
9.751215834796767012e-09
0.000000000000000000e+00
0.000000000000000000e+00
4.490618987773586923e-09
0.000000000000000000e+00
0.000000000000000000e+00
1.763776236174408041e-09
9.553706270537531964e-09
3.663458203462255369e-09
0.000000000000000000e+00
2.506717944328329395e-09
1.259666419173299801e-06
1.792363923946993509e-09
3.515606250559244472e-09
1.932591864317600994e-09
0.000000000000000000e+00
0.000000000000000000e+00
5.609020803376552067e-09
0.000000000000000000e+00
0.000000000000000000e+00
0.000000000000000000e+00
0.000000000000000000e+00
6.930405138660944431e-09
9.419265367682783108e-11
7.448017202982271101e-10
0.000000000000000000e+00
0.000000000000000000e+00
7.867240192638291774e-09
0.000000000000000000e+00
0.000000000000000000e+00
0.000000000000000000e+00
0.000000000000000000e+00
0.000000000000000000e+00
8.872142416294082068e-07
6.829366405725068034e-09
0.000000000000000000e+00
6.261380747218936449e-09
5.599822543445043266e-07
3.706053686158838900e-09
0.000000000000000000e+00
2.383470310007851367e-09
0.000000000000000000e+00
0.000000000000000000e+00
5.200297081842109037e-09
0.000000000000000000e+00
0.000000000000000000e+00
0.000000000000000000e+00
0.000000000000000000e+00
0.000000000000000000e+00
0.000000000000000000e+00
0.000000000000000000e+00
0.000000000000000000e+00
4.927620977923652390e-09
0.000000000000000000e+00
2.860415460048670866e-09
0.000000000000000000e+00
0.000000000000000000e+00
0.000000000000000000e+00
0.000000000000000000e+00
0.000000000000000000e+00
0.000000000000000000e+00
0.000000000000000000e+00
4.148162282419098901e-12
0.000000000000000000e+00
9.519331989338297717e-09
0.000000000000000000e+00
0.000000000000000000e+00
0.000000000000000000e+00
0.000000000000000000e+00
0.000000000000000000e+00
5.865647079161817601e-09
0.000000000000000000e+00
0.000000000000000000e+00
0.000000000000000000e+00
8.330815148838155437e-09
0.000000000000000000e+00
1.380259391225990839e-06
0.000000000000000000e+00
7.094704268517659784e-10
1.456397047405744161e-08
0.000000000000000000e+00
0.000000000000000000e+00
0.000000000000000000e+00
8.275571894422739661e-10
7.364905130202714645e-09
6.334814006692113253e-09
0.000000000000000000e+00
5.500435107386181244e-10
0.000000000000000000e+00
0.000000000000000000e+00
6.224902815432642456e-09
0.000000000000000000e+00
1.953396777665261652e-09
0.000000000000000000e+00
0.000000000000000000e+00
4.795215335917646371e-09
0.000000000000000000e+00
0.000000000000000000e+00
0.000000000000000000e+00
0.000000000000000000e+00
7.944254143410489633e-09
0.000000000000000000e+00
1.503672075742201741e-09
3.051871715342713287e-07
6.272330654866209443e-09
3.086282340802881663e-09
0.000000000000000000e+00
0.000000000000000000e+00
0.000000000000000000e+00
0.000000000000000000e+00
0.000000000000000000e+00
8.769119652640711138e-09
8.141748608636589779e-09
5.808352021574592072e-09
0.000000000000000000e+00
0.000000000000000000e+00
1.046411853167228401e-06
0.000000000000000000e+00
0.000000000000000000e+00
4.703358813529234794e-10
0.000000000000000000e+00
0.000000000000000000e+00
0.000000000000000000e+00
1.744944633230716136e-09
0.000000000000000000e+00
0.000000000000000000e+00
0.000000000000000000e+00
0.000000000000000000e+00
6.363707338863378027e-09
0.000000000000000000e+00
1.606033916967675168e-10
3.412745086528445881e-10
7.273577740107839418e-09
9.535241041191966360e-09
0.000000000000000000e+00
0.000000000000000000e+00
0.000000000000000000e+00
0.000000000000000000e+00
0.000000000000000000e+00
0.000000000000000000e+00
0.000000000000000000e+00
0.000000000000000000e+00
9.409325762987919006e-09
0.000000000000000000e+00
0.000000000000000000e+00
0.000000000000000000e+00
0.000000000000000000e+00
0.000000000000000000e+00
5.701286553971840476e-09
0.000000000000000000e+00
6.661803997332071958e-09
3.772570034143996054e-10
0.000000000000000000e+00
0.000000000000000000e+00
3.481464228016761808e-09
0.000000000000000000e+00
0.000000000000000000e+00
8.415041463649686193e-08
2.604459403698911046e-08
2.006792065856188856e-08
6.068653135571366875e-09
2.420563127714103757e-08
4.257262844475917518e-06
7.428629373862349894e-07
0.000000000000000000e+00
5.557385520660318434e-06
2.191671455875621177e-06
4.816846140703878731e-12
3.667231496251588396e-08
0.000000000000000000e+00
7.589051733702945057e-07
2.672770165190740954e-07
3.153849661430285778e-07
0.000000000000000000e+00
1.072975308602508449e-08
2.884317229501220936e-09
5.679963805960142054e-07
4.752917845962656429e-07
1.167360679232842813e-07
3.770211662867950508e-07
1.077509637070761528e-07
0.000000000000000000e+00
9.099702680259724730e-08
3.735294171747227665e-07
1.060973204403126147e-06
2.251824042787120561e-07
1.225576795604865765e-07
7.127615049284941051e-07
2.952370969921958022e-08
4.061604108596128526e-10
1.802860971622521902e-09
1.737960747538735973e-10
0.000000000000000000e+00
4.553021959452507872e-09
1.823720765514735831e-07
5.143236947446894192e-09
7.165113835583269974e-09
0.000000000000000000e+00
6.392467000182477932e-09
0.000000000000000000e+00
1.135045977207482792e-07
7.208612714748596773e-06
1.644692019908688962e-06
0.000000000000000000e+00
0.000000000000000000e+00
0.000000000000000000e+00
1.138001607614569366e-06
0.000000000000000000e+00
2.513580232843537487e-09
0.000000000000000000e+00
2.236092086604912765e-06
0.000000000000000000e+00
1.857944766925356817e-07
8.722076394462874305e-09
9.085240115780379710e-09
0.000000000000000000e+00
0.000000000000000000e+00
3.028176598363074845e-09
0.000000000000000000e+00
0.000000000000000000e+00
0.000000000000000000e+00
0.000000000000000000e+00
9.871836681440981920e-10
0.000000000000000000e+00
1.460471743541802425e-09
0.000000000000000000e+00
0.000000000000000000e+00
0.000000000000000000e+00
0.000000000000000000e+00
2.490793349352316000e-08
0.000000000000000000e+00
0.000000000000000000e+00
2.050214442661513203e-09
0.000000000000000000e+00
0.000000000000000000e+00
2.613230298820212738e-09
7.996413427246995553e-12
0.000000000000000000e+00
0.000000000000000000e+00
3.247970781217190961e-08
0.000000000000000000e+00
2.494459527824233191e-09
0.000000000000000000e+00
0.000000000000000000e+00
1.069601296421751613e-08
1.169169991044327617e-06
4.386750518392545928e-09
0.000000000000000000e+00
2.989745340187255351e-09
0.000000000000000000e+00
0.000000000000000000e+00
7.885218700209861709e-09
5.145561772224027663e-07
4.523251959653862286e-07
1.973599950133575476e-07
3.634912459915540239e-08
4.900428396403810893e-10
4.617549507202056702e-07
3.544403625710401684e-06
3.178694418792815668e-09
0.000000000000000000e+00
0.000000000000000000e+00
0.000000000000000000e+00
0.000000000000000000e+00
0.000000000000000000e+00
8.678786578286690201e-09
0.000000000000000000e+00
0.000000000000000000e+00
0.000000000000000000e+00
0.000000000000000000e+00
0.000000000000000000e+00
0.000000000000000000e+00
2.302044777025002986e-07
0.000000000000000000e+00
0.000000000000000000e+00
0.000000000000000000e+00
0.000000000000000000e+00
0.000000000000000000e+00
2.595176296082968292e-09
0.000000000000000000e+00
1.285497717162797926e-07
0.000000000000000000e+00
0.000000000000000000e+00
9.778646017366554588e-07
1.020000528484388269e-09
6.714547584607544195e-09
0.000000000000000000e+00
0.000000000000000000e+00
0.000000000000000000e+00
0.000000000000000000e+00
1.241536429219536330e-09
8.489994485216811881e-09
0.000000000000000000e+00
0.000000000000000000e+00
0.000000000000000000e+00
0.000000000000000000e+00
3.975912044040796900e-09
0.000000000000000000e+00
0.000000000000000000e+00
0.000000000000000000e+00
0.000000000000000000e+00
0.000000000000000000e+00
0.000000000000000000e+00
9.686626611937754205e-08
0.000000000000000000e+00
0.000000000000000000e+00
3.187186692343857430e-08
0.000000000000000000e+00
0.000000000000000000e+00
0.000000000000000000e+00
0.000000000000000000e+00
0.000000000000000000e+00
0.000000000000000000e+00
1.727970960763158814e-10
4.202623671289984486e-08
2.431463030916347634e-08
0.000000000000000000e+00
1.036748244587215595e-06
0.000000000000000000e+00
3.488984934296723850e-10
0.000000000000000000e+00
3.881888588352921943e-09
0.000000000000000000e+00
0.000000000000000000e+00
0.000000000000000000e+00
1.756205958436396486e-09
0.000000000000000000e+00
0.000000000000000000e+00
0.000000000000000000e+00
0.000000000000000000e+00
0.000000000000000000e+00
0.000000000000000000e+00
5.439728667511189997e-09
2.760007191682234406e-07
3.415247862292858372e-09
0.000000000000000000e+00
0.000000000000000000e+00
0.000000000000000000e+00
4.955963972541610474e-10
6.446694733597269078e-09
0.000000000000000000e+00
4.613156801003270857e-10
0.000000000000000000e+00
5.641590306026955659e-09
4.416916397076420253e-07
4.327093794387337766e-09
1.868284158490496338e-07
2.919813653079472715e-07
8.351944984497094993e-07
5.222235358814941719e-06
4.233872630265977932e-07
6.618358305843230482e-09
1.365206081516134873e-08
6.979271915952267591e-08
2.932588927251345012e-08
1.028454789775423706e-06
0.000000000000000000e+00
0.000000000000000000e+00
9.449351523471705150e-07
2.291905332185706357e-09
1.490814725002564956e-07
8.085768499199730286e-09
1.390040097248856910e-06
1.069084092364391836e-07
1.021435664938508125e-07
4.868050140771629231e-08
6.577682398756223847e-09
7.319212613765557762e-07
1.344555045079687261e-08
1.510178549324336927e-06
6.180148837131582695e-09
2.161724133031839301e-09
3.206431387070551864e-08
2.489870176702879689e-08
0.000000000000000000e+00
6.181493006351956865e-08
2.681471711341032460e-09
2.569148893627470898e-09
1.023177875758563005e-09
5.759881105404929258e-08
7.212750574581150431e-08
2.569551270426018164e-06
0.000000000000000000e+00
0.000000000000000000e+00
1.014418330669286661e-06
1.950729439093024098e-10
2.266078213963851340e-09
3.008250004654655640e-08
2.338686613256868441e-07
2.400096121846218011e-09
4.226234011639462551e-07
8.006808757676786570e-12
2.720022962421353441e-08
2.127048581712642772e-08
0.000000000000000000e+00
5.269332525870140671e-09
0.000000000000000000e+00
0.000000000000000000e+00
0.000000000000000000e+00
0.000000000000000000e+00
0.000000000000000000e+00
0.000000000000000000e+00
6.471107649730356570e-09
1.161221803158696275e-06
0.000000000000000000e+00
9.672918466208102473e-09
0.000000000000000000e+00
1.189198295392657201e-09
8.599315926005601796e-09
3.888208865987508034e-09
0.000000000000000000e+00
0.000000000000000000e+00
1.798166393562894427e-09
0.000000000000000000e+00
2.489123795967884689e-09
3.689809346951733460e-09
2.818757138811633922e-07
7.759715092703345363e-10
0.000000000000000000e+00
0.000000000000000000e+00
0.000000000000000000e+00
0.000000000000000000e+00
0.000000000000000000e+00
1.400531817255523670e-12
0.000000000000000000e+00
7.410690159304067492e-07
0.000000000000000000e+00
0.000000000000000000e+00
0.000000000000000000e+00
0.000000000000000000e+00
0.000000000000000000e+00
0.000000000000000000e+00
0.000000000000000000e+00
1.314102604510480887e-08
0.000000000000000000e+00
0.000000000000000000e+00
5.084617100692412350e-07
0.000000000000000000e+00
5.183368756433992530e-08
5.397982860699812591e-08
0.000000000000000000e+00
0.000000000000000000e+00
0.000000000000000000e+00
0.000000000000000000e+00
0.000000000000000000e+00
0.000000000000000000e+00
0.000000000000000000e+00
0.000000000000000000e+00
3.072184640018349455e-08
0.000000000000000000e+00
4.746051018855723669e-08
7.185351424965347178e-09
5.023531812753390113e-09
8.605210766177151527e-09
0.000000000000000000e+00
1.088015437744616065e-07
1.532285742733563438e-09
2.208642602141708267e-09
0.000000000000000000e+00
5.814707151330367196e-07
6.008302744220372915e-09
0.000000000000000000e+00
4.378594153919834753e-10
7.002842750125637394e-09
1.462629017900951567e-09
0.000000000000000000e+00
2.107354411416337281e-13
3.059693881368730217e-06
0.000000000000000000e+00
2.327849912830970425e-09
0.000000000000000000e+00
1.095234196668570803e-07
0.000000000000000000e+00
0.000000000000000000e+00
3.798637493446221924e-08
5.774823327864275768e-11
0.000000000000000000e+00
0.000000000000000000e+00
1.276131977867578371e-09
0.000000000000000000e+00
0.000000000000000000e+00
0.000000000000000000e+00
6.547784980881488082e-09
0.000000000000000000e+00
5.024795579622320929e-10
0.000000000000000000e+00
0.000000000000000000e+00
0.000000000000000000e+00
0.000000000000000000e+00
1.026348215305006306e-07
5.371858833314036019e-07
5.772824995808889526e-10
5.640139466578375504e-09
3.704401478898944333e-07
2.422679870051069884e-07
8.575870538152230438e-07
0.000000000000000000e+00
5.014140356252028141e-07
0.000000000000000000e+00
2.239410292759203003e-07
2.403769201464456273e-07
0.000000000000000000e+00
1.617471809822745854e-07
1.561995532028959133e-06
1.121210061683086678e-06
1.846946133809979074e-06
3.555316041570222296e-08
0.000000000000000000e+00
3.434100781518623080e-09
2.047228463197825477e-06
9.291762914642731630e-09
5.185931968298973516e-07
5.783780565593588108e-08
3.655776254163356498e-06
9.198014794264963712e-09
2.879261933041998844e-11
2.946104249446079848e-09
4.940776086870268813e-12
1.118859700000029989e-06
8.031639353589525854e-09
1.759249990129774233e-08
2.245927666066904749e-09
3.485461377294996055e-07
5.977419164082675707e-07
3.251501823342550779e-07
6.209986302962988702e-09
3.375622839030256728e-07
1.991271147971929167e-09
8.162659881350009528e-09
6.937269176887639333e-07
3.879191353917121887e-06
1.066140612238086760e-06
1.284019646163869766e-08
0.000000000000000000e+00
0.000000000000000000e+00
0.000000000000000000e+00
0.000000000000000000e+00
0.000000000000000000e+00
4.895258864934248777e-09
0.000000000000000000e+00
0.000000000000000000e+00
0.000000000000000000e+00
5.138587777508973886e-09
4.983495838217777418e-09
0.000000000000000000e+00
1.581915015647084033e-10
0.000000000000000000e+00
0.000000000000000000e+00
5.172346959625429008e-07
3.444136531527419720e-09
0.000000000000000000e+00
2.359226982662221417e-07
0.000000000000000000e+00
0.000000000000000000e+00
5.028109595350827021e-10
0.000000000000000000e+00
0.000000000000000000e+00
0.000000000000000000e+00
6.204106117735364023e-10
3.513666246846014474e-09
0.000000000000000000e+00
0.000000000000000000e+00
0.000000000000000000e+00
0.000000000000000000e+00
0.000000000000000000e+00
7.328034179465703346e-09
0.000000000000000000e+00
2.083261136931469082e-07
3.930565242171724094e-07
1.399906324195399066e-08
4.488473148711591421e-09
9.515062515674799215e-08
9.229289554824049446e-11
2.443296352794277482e-06
0.000000000000000000e+00
0.000000000000000000e+00
0.000000000000000000e+00
0.000000000000000000e+00
1.693529156909789890e-07
0.000000000000000000e+00
5.185746942970581586e-09
0.000000000000000000e+00
0.000000000000000000e+00
0.000000000000000000e+00
0.000000000000000000e+00
4.152162613735299601e-09
1.178886410713175792e-08
0.000000000000000000e+00
1.084204837020763534e-09
0.000000000000000000e+00
1.593235765540157445e-08
0.000000000000000000e+00
0.000000000000000000e+00
0.000000000000000000e+00
1.896428969416774635e-08
0.000000000000000000e+00
2.695578205091919699e-09
0.000000000000000000e+00
0.000000000000000000e+00
0.000000000000000000e+00
0.000000000000000000e+00
0.000000000000000000e+00
0.000000000000000000e+00
6.049127865281889171e-09
1.719540250633144751e-06
2.578645535322721116e-06
1.192363924928940833e-05
1.582682216394459829e-06
6.182447123137535527e-07
1.876188434835057706e-06
7.832044474770372133e-13
6.928315343657232006e-08
0.000000000000000000e+00
0.000000000000000000e+00
0.000000000000000000e+00
2.080223548972526260e-09
0.000000000000000000e+00
5.264703304419526830e-07
4.605777448318804090e-08
5.502233193510619458e-07
1.661736348523845663e-08
7.715047267708996515e-09
1.503340563147048670e-08
3.954810381401330233e-07
3.217816901823766784e-09
5.090259325157830972e-09
0.000000000000000000e+00
4.190734426146036640e-09
1.600177057525797863e-07
0.000000000000000000e+00
2.932935894151000866e-09
0.000000000000000000e+00
0.000000000000000000e+00
0.000000000000000000e+00
1.773200475341241145e-09
0.000000000000000000e+00
1.709685948370065489e-09
1.521430093021081120e-08
0.000000000000000000e+00
1.483719191952559413e-08
3.997575106495787622e-07
0.000000000000000000e+00
0.000000000000000000e+00
0.000000000000000000e+00
0.000000000000000000e+00
0.000000000000000000e+00
1.228739419240065800e-11
3.442024976152424642e-08
0.000000000000000000e+00
0.000000000000000000e+00
1.290662354769267495e-09
0.000000000000000000e+00
0.000000000000000000e+00
0.000000000000000000e+00
0.000000000000000000e+00
0.000000000000000000e+00
0.000000000000000000e+00
1.580083175412028140e-09
0.000000000000000000e+00
0.000000000000000000e+00
2.395967590995695673e-10
9.909588705170335743e-09
0.000000000000000000e+00
0.000000000000000000e+00
8.549463359486253466e-10
0.000000000000000000e+00
0.000000000000000000e+00
0.000000000000000000e+00
0.000000000000000000e+00
9.485828122990369593e-09
0.000000000000000000e+00
0.000000000000000000e+00
0.000000000000000000e+00
0.000000000000000000e+00
0.000000000000000000e+00
0.000000000000000000e+00
7.096333520806297201e-10
0.000000000000000000e+00
0.000000000000000000e+00
0.000000000000000000e+00
0.000000000000000000e+00
0.000000000000000000e+00
0.000000000000000000e+00
0.000000000000000000e+00
9.421140312326770072e-09
0.000000000000000000e+00
0.000000000000000000e+00
0.000000000000000000e+00
0.000000000000000000e+00
0.000000000000000000e+00
0.000000000000000000e+00
1.032745555740177679e-09
0.000000000000000000e+00
0.000000000000000000e+00
7.550980285486730281e-09
0.000000000000000000e+00
0.000000000000000000e+00
0.000000000000000000e+00
0.000000000000000000e+00
1.986431241718378260e-09
8.650500871176802775e-10
0.000000000000000000e+00
1.452738929152985747e-09
0.000000000000000000e+00
2.102307439244555098e-09
0.000000000000000000e+00
6.528800167160397905e-09
4.778308859698654487e-09
5.709094352823740337e-07
0.000000000000000000e+00
6.626291876310475004e-11
5.445680573146205461e-10
0.000000000000000000e+00
0.000000000000000000e+00
0.000000000000000000e+00
0.000000000000000000e+00
4.152812316249310243e-09
0.000000000000000000e+00
0.000000000000000000e+00
8.784929228511373367e-09
1.349292677588209699e-09
0.000000000000000000e+00
0.000000000000000000e+00
0.000000000000000000e+00
0.000000000000000000e+00
0.000000000000000000e+00
0.000000000000000000e+00
0.000000000000000000e+00
0.000000000000000000e+00
0.000000000000000000e+00
7.606818286376437754e-08
0.000000000000000000e+00
3.999459874393096470e-09
8.205519819171058771e-09
0.000000000000000000e+00
6.477206770938437330e-09
8.529892348008161207e-09
0.000000000000000000e+00
1.173972919744914467e-12
0.000000000000000000e+00
3.843002360781611060e-09
4.996691060910052329e-09
0.000000000000000000e+00
4.863448754832688792e-09
0.000000000000000000e+00
6.647479899868358189e-09
4.058470448597972791e-09
8.773679560647451581e-09
0.000000000000000000e+00
0.000000000000000000e+00
0.000000000000000000e+00
8.883612068188995181e-09
1.761509549336182090e-10
0.000000000000000000e+00
1.331169063867321256e-10
0.000000000000000000e+00
7.197096696387461634e-09
0.000000000000000000e+00
0.000000000000000000e+00
0.000000000000000000e+00
0.000000000000000000e+00
0.000000000000000000e+00
0.000000000000000000e+00
2.920378383564070646e-10
0.000000000000000000e+00
5.286567272833053721e-08
0.000000000000000000e+00
0.000000000000000000e+00
0.000000000000000000e+00
0.000000000000000000e+00
0.000000000000000000e+00
2.082529704239277635e-09
0.000000000000000000e+00
6.092887527842094642e-09
4.414483445458472488e-09
2.389434650140742633e-09
0.000000000000000000e+00
1.565661200686463417e-08
9.218584118286798912e-09
0.000000000000000000e+00
1.490168960449622659e-10
5.851714668381191586e-09
0.000000000000000000e+00
0.000000000000000000e+00
3.520420648328581592e-07
0.000000000000000000e+00
1.311958985894534635e-08
1.214592693088434316e-08
4.072640535923710559e-08
3.142657800658810174e-10
1.836596474902307818e-08
7.943496882489853306e-08
0.000000000000000000e+00
5.609170443676703144e-07
1.191994769556004030e-07
0.000000000000000000e+00
1.030193104156751360e-07
8.639255533182677027e-09
4.777623871632385999e-06
1.272855882916701376e-07
0.000000000000000000e+00
1.545790411228153971e-07
1.327814214135969451e-08
2.071491962851723656e-06
6.871042756984024891e-08
6.564548904464118095e-09
0.000000000000000000e+00
4.687381593981854166e-09
6.280717457229911815e-07
0.000000000000000000e+00
7.199005391811397203e-09
2.848704738767082745e-08
4.679068688062670844e-09
5.823498128165738308e-09
1.975431729306365014e-07
2.283960354176883811e-09
2.132031937662759447e-07
0.000000000000000000e+00
1.257111080121831037e-06
4.808919129573041573e-07
1.204818886435532477e-06
2.264422619191464037e-06
1.381323983147553225e-13
0.000000000000000000e+00
2.618981476132375974e-09
2.541620025553470441e-09
1.928673754036935861e-08
7.454064032685892016e-09
5.068586439449518366e-09
0.000000000000000000e+00
0.000000000000000000e+00
0.000000000000000000e+00
0.000000000000000000e+00
0.000000000000000000e+00
4.668624455916869920e-07
0.000000000000000000e+00
0.000000000000000000e+00
0.000000000000000000e+00
0.000000000000000000e+00
0.000000000000000000e+00
0.000000000000000000e+00
1.872896726595740802e-09
2.666708631693381903e-09
0.000000000000000000e+00
0.000000000000000000e+00
1.329690480986189804e-12
0.000000000000000000e+00
7.544505464807116368e-09
0.000000000000000000e+00
1.625564238771914916e-09
0.000000000000000000e+00
0.000000000000000000e+00
0.000000000000000000e+00
5.440291273028918795e-11
0.000000000000000000e+00
0.000000000000000000e+00
0.000000000000000000e+00
0.000000000000000000e+00
8.866112288785643614e-09
0.000000000000000000e+00
0.000000000000000000e+00
7.592445783188850328e-09
1.285158557351451236e-08
0.000000000000000000e+00
0.000000000000000000e+00
0.000000000000000000e+00
0.000000000000000000e+00
0.000000000000000000e+00
0.000000000000000000e+00
0.000000000000000000e+00
1.468291377371144790e-09
0.000000000000000000e+00
0.000000000000000000e+00
0.000000000000000000e+00
0.000000000000000000e+00
0.000000000000000000e+00
2.178894564774935816e-10
1.005877714455039040e-09
8.616930280425094679e-09
3.746441450402926421e-07
4.845651879747947532e-09
0.000000000000000000e+00
0.000000000000000000e+00
0.000000000000000000e+00
0.000000000000000000e+00
0.000000000000000000e+00
5.150819859522925981e-08
0.000000000000000000e+00
0.000000000000000000e+00
0.000000000000000000e+00
2.233424538644612767e-06
0.000000000000000000e+00
0.000000000000000000e+00
0.000000000000000000e+00
0.000000000000000000e+00
0.000000000000000000e+00
0.000000000000000000e+00
0.000000000000000000e+00
0.000000000000000000e+00
3.509832147141622727e-10
0.000000000000000000e+00
2.961487499675286017e-09
0.000000000000000000e+00
0.000000000000000000e+00
0.000000000000000000e+00
0.000000000000000000e+00
0.000000000000000000e+00
0.000000000000000000e+00
1.739464927652534243e-08
0.000000000000000000e+00
0.000000000000000000e+00
0.000000000000000000e+00
0.000000000000000000e+00
0.000000000000000000e+00
0.000000000000000000e+00
0.000000000000000000e+00
2.038764357337186084e-08
5.874550623730101506e-09
1.367052471223928478e-09
0.000000000000000000e+00
0.000000000000000000e+00
0.000000000000000000e+00
1.128540372263842073e-08
0.000000000000000000e+00
0.000000000000000000e+00
0.000000000000000000e+00
0.000000000000000000e+00
0.000000000000000000e+00
3.527047820472972717e-10
0.000000000000000000e+00
0.000000000000000000e+00
0.000000000000000000e+00
0.000000000000000000e+00
3.804344339553011878e-10
9.493909658431221033e-09
4.026203814788686941e-09
5.244730232334404718e-07
2.704618111692980165e-07
0.000000000000000000e+00
6.934743623787653632e-07
1.745648091855400708e-06
1.650304142231107107e-07
2.921608484030002728e-06
1.485908455833850894e-06
8.406418317008501617e-08
8.957506025808470440e-08
3.671457093901153712e-08
3.452485242139147203e-10
1.219915588990261313e-06
7.420517817990912590e-07
4.361191940915887244e-07
0.000000000000000000e+00
7.008919510553823784e-06
1.932430571116583451e-08
9.433458671992411837e-07
9.719505555949581321e-08
1.368552261737931985e-06
3.143145299588923081e-09
8.108691496033770818e-09
3.009095195238842280e-08
2.715630955663073109e-07
2.487866368028335273e-06
0.000000000000000000e+00
1.586562881072950404e-08
1.186983922707440797e-06
1.710363939366743580e-08
3.922409348433575360e-07
0.000000000000000000e+00
6.540365471430220623e-12
0.000000000000000000e+00
3.442430340783175780e-08
0.000000000000000000e+00
0.000000000000000000e+00
0.000000000000000000e+00
0.000000000000000000e+00
0.000000000000000000e+00
0.000000000000000000e+00
4.560466226877224472e-09
3.071089826889306096e-09
4.526479635558189329e-09
0.000000000000000000e+00
9.923366572905933936e-10
0.000000000000000000e+00
5.322767226978442068e-10
1.188339870950017030e-09
0.000000000000000000e+00
0.000000000000000000e+00
1.424357076729165783e-09
0.000000000000000000e+00
1.348370415321653581e-09
0.000000000000000000e+00
0.000000000000000000e+00
0.000000000000000000e+00
0.000000000000000000e+00
6.917221462288125622e-09
4.411313341279310407e-07
0.000000000000000000e+00
3.795992686850269138e-10
0.000000000000000000e+00
0.000000000000000000e+00
0.000000000000000000e+00
0.000000000000000000e+00
0.000000000000000000e+00
0.000000000000000000e+00
0.000000000000000000e+00
1.913849967394298801e-09
7.100988200225977209e-12
0.000000000000000000e+00
0.000000000000000000e+00
4.750186466395689422e-09
0.000000000000000000e+00
0.000000000000000000e+00
0.000000000000000000e+00
0.000000000000000000e+00
0.000000000000000000e+00
0.000000000000000000e+00
0.000000000000000000e+00
0.000000000000000000e+00
2.022898515363635852e-09
0.000000000000000000e+00
0.000000000000000000e+00
0.000000000000000000e+00
1.821167994187078421e-09
0.000000000000000000e+00
0.000000000000000000e+00
0.000000000000000000e+00
0.000000000000000000e+00
0.000000000000000000e+00
1.752295357426714162e-11
0.000000000000000000e+00
7.939813251311989006e-09
0.000000000000000000e+00
0.000000000000000000e+00
0.000000000000000000e+00
0.000000000000000000e+00
0.000000000000000000e+00
0.000000000000000000e+00
6.674765185010755886e-09
4.977557566121504351e-08
4.533031017217581393e-07
4.994159752413906972e-09
5.596104468708062996e-09
7.916507911431835964e-07
1.805868237170216162e-06
0.000000000000000000e+00
3.135047554891912114e-09
0.000000000000000000e+00
1.153684721089121012e-07
0.000000000000000000e+00
6.562518137798178941e-07
0.000000000000000000e+00
0.000000000000000000e+00
7.799910939354504080e-09
0.000000000000000000e+00
0.000000000000000000e+00
7.677265073668948503e-12
1.186097331462576676e-09
0.000000000000000000e+00
0.000000000000000000e+00
5.984826523253161668e-10
0.000000000000000000e+00
2.559131517809731804e-10
0.000000000000000000e+00
1.512383794588512131e-11
1.096709500991721598e-09
6.322771195499399255e-09
4.902799055628292990e-09
0.000000000000000000e+00
0.000000000000000000e+00
5.310607065212025191e-09
0.000000000000000000e+00
0.000000000000000000e+00
0.000000000000000000e+00
0.000000000000000000e+00
6.614359904233424459e-07
2.872266122722066939e-06
0.000000000000000000e+00
0.000000000000000000e+00
0.000000000000000000e+00
6.855113365844545115e-09
7.352875197597086299e-09
0.000000000000000000e+00
0.000000000000000000e+00
0.000000000000000000e+00
6.138330121974178155e-11
0.000000000000000000e+00
5.091651752997528035e-11
3.071698007062195757e-09
4.827720445632621704e-09
0.000000000000000000e+00
0.000000000000000000e+00
1.241737546120447178e-10
1.664355986363830198e-09
0.000000000000000000e+00
0.000000000000000000e+00
0.000000000000000000e+00
2.041130285623804497e-11
4.664166830536942143e-10
4.225523486667270845e-09
0.000000000000000000e+00
5.159602523008288699e-08
0.000000000000000000e+00
6.572480337752040214e-09
1.203288024775872600e-10
1.528690241059393884e-08
6.086664825488696806e-07
0.000000000000000000e+00
3.120030953596142353e-07
4.065038410772103816e-06
3.626837042247643694e-06
3.321493124985863687e-07
1.812751725083217025e-05
2.998186943159453222e-08
1.145344185715657659e-06
6.919681272421485119e-09
5.799926839245017618e-06
0.000000000000000000e+00
7.368693331955000758e-06
5.529098512369046148e-09
0.000000000000000000e+00
2.205556057788271573e-07
2.861206382931413827e-08
4.047815238550356298e-08
0.000000000000000000e+00
4.698731181917992217e-09
1.448020103822500460e-08
1.547441463856102928e-08
2.318131686607216579e-09
0.000000000000000000e+00
1.715765506560273934e-06
7.641506871713943383e-10
9.054978100664357044e-09
0.000000000000000000e+00
0.000000000000000000e+00
1.011154715513384872e-09
0.000000000000000000e+00
0.000000000000000000e+00
2.039737836412314209e-07
2.447950953055055834e-09
3.459103004033181605e-10
0.000000000000000000e+00
0.000000000000000000e+00
1.426151108319118066e-08
0.000000000000000000e+00
0.000000000000000000e+00
0.000000000000000000e+00
2.112851671398630060e-09
1.842919039596324637e-09
0.000000000000000000e+00
4.894715299741392300e-09
0.000000000000000000e+00
0.000000000000000000e+00
0.000000000000000000e+00
0.000000000000000000e+00
0.000000000000000000e+00
0.000000000000000000e+00
0.000000000000000000e+00
0.000000000000000000e+00
0.000000000000000000e+00
8.585317345932708122e-09
0.000000000000000000e+00
0.000000000000000000e+00
9.787315846665478603e-09
4.081817106538210282e-09
0.000000000000000000e+00
0.000000000000000000e+00
1.583029152207870993e-09
1.527924731181684592e-10
0.000000000000000000e+00
3.992302932687152861e-09
0.000000000000000000e+00
0.000000000000000000e+00
0.000000000000000000e+00
0.000000000000000000e+00
0.000000000000000000e+00
0.000000000000000000e+00
0.000000000000000000e+00
0.000000000000000000e+00
0.000000000000000000e+00
0.000000000000000000e+00
0.000000000000000000e+00
0.000000000000000000e+00
0.000000000000000000e+00
0.000000000000000000e+00
0.000000000000000000e+00
0.000000000000000000e+00
0.000000000000000000e+00
8.298517983895692396e-10
0.000000000000000000e+00
1.391190163069211394e-09
0.000000000000000000e+00
0.000000000000000000e+00
2.122857409858625033e-07
0.000000000000000000e+00
1.159370199843579030e-07
0.000000000000000000e+00
0.000000000000000000e+00
7.051063732887996593e-09
3.875510046214003523e-08
3.101183754239400514e-09
0.000000000000000000e+00
0.000000000000000000e+00
0.000000000000000000e+00
0.000000000000000000e+00
0.000000000000000000e+00
0.000000000000000000e+00
5.613385312130958482e-10
0.000000000000000000e+00
0.000000000000000000e+00
0.000000000000000000e+00
0.000000000000000000e+00
4.529990826895868850e-10
0.000000000000000000e+00
2.580972306986950571e-07
0.000000000000000000e+00
0.000000000000000000e+00
7.634795906596991699e-09
0.000000000000000000e+00
0.000000000000000000e+00
1.709569552588163788e-08
0.000000000000000000e+00
2.634839901816121710e-09
0.000000000000000000e+00
3.332160936064809675e-10
4.686475207904550189e-09
1.712285957466974651e-08
0.000000000000000000e+00
0.000000000000000000e+00
8.476681578883926704e-09
2.401994825262931954e-09
0.000000000000000000e+00
3.233510028621822130e-07
8.945929153014731128e-08
0.000000000000000000e+00
2.740166316073100461e-09
7.866893270147556905e-07
2.390218689640732919e-08
8.006511365010737791e-08
1.762366252933134092e-07
0.000000000000000000e+00
3.457973662079893984e-06
7.025025297480169684e-06
2.263047349515545648e-07
2.701488881484692683e-07
2.552380010456545278e-06
1.935758930926567700e-08
0.000000000000000000e+00
0.000000000000000000e+00
1.387305928801652044e-06
0.000000000000000000e+00
2.699872103661959954e-09
1.811029193277136073e-08
6.414626341211260296e-07
2.026609990934957750e-07
1.458691514244492282e-07
2.090886965788740781e-07
3.353668676098209289e-09
1.917300540554833788e-09
1.555374069539539050e-07
1.207488509180620895e-08
0.000000000000000000e+00
7.033132742861880615e-09
0.000000000000000000e+00
2.753361774687768104e-12
6.505093779196613468e-07
1.134083191800527857e-07
5.701438112737378106e-07
7.317234373971359673e-09
9.654591792696010089e-09
8.997561806722842448e-09
1.082952727493591283e-09
5.434169381146602973e-08
0.000000000000000000e+00
8.367564419131667819e-09
0.000000000000000000e+00
2.060515091883985406e-09
6.116385176113681155e-09
7.720443591097136959e-07
0.000000000000000000e+00
0.000000000000000000e+00
6.917266759387530328e-10
0.000000000000000000e+00
7.869941143212599854e-09
1.146604500235071100e-08
8.943925600135571585e-09
0.000000000000000000e+00
0.000000000000000000e+00
0.000000000000000000e+00
0.000000000000000000e+00
4.965595046257931244e-09
8.129419803992732341e-09
0.000000000000000000e+00
0.000000000000000000e+00
8.881153945594633115e-08
4.647618401243391872e-10
1.274031435904987575e-10
0.000000000000000000e+00
0.000000000000000000e+00
0.000000000000000000e+00
0.000000000000000000e+00
0.000000000000000000e+00
1.743160282785538584e-08
7.949329194900656148e-09
4.136833098300485290e-09
0.000000000000000000e+00
9.542204360002415342e-09
2.405370658209449175e-08
7.041065952506642134e-09
3.449702523639075480e-09
1.081128697677513628e-08
2.023039655796310399e-07
0.000000000000000000e+00
0.000000000000000000e+00
8.528453637746125082e-11
0.000000000000000000e+00
2.036982635900130845e-07
0.000000000000000000e+00
0.000000000000000000e+00
1.170228913771609314e-09
8.137742035785322514e-09
0.000000000000000000e+00
6.823985820858524676e-09
3.088391098415854685e-09
3.772218648556702192e-10
0.000000000000000000e+00
2.489789929782659783e-09
0.000000000000000000e+00
2.939655852074452014e-09
6.808577523997882963e-08
7.142080704625186627e-09
8.147922336831925350e-09
0.000000000000000000e+00
2.442684499115443941e-09
5.987794224893150385e-07
1.003852432290841534e-07
1.203391661874775309e-07
1.181304440933672595e-07
1.543106122880999465e-06
7.542824143058624031e-10
1.183721742847865244e-08
1.505085407416117960e-07
5.789615897811017931e-09
0.000000000000000000e+00
2.900546292039507534e-07
0.000000000000000000e+00
3.950695326437880794e-09
6.805965568901228835e-09
1.022326500788039993e-06
0.000000000000000000e+00
9.430632275098105310e-08
1.212139159179059789e-05
0.000000000000000000e+00
1.697303098069369298e-08
3.166923434605450893e-08
0.000000000000000000e+00
1.432310625659738434e-07
6.293881256169697735e-07
6.856817780231949655e-09
3.396196234461967833e-06
6.491442832157190423e-07
0.000000000000000000e+00
1.802599513212044258e-06
0.000000000000000000e+00
2.188106407174927881e-08
5.324405378814844880e-07
1.285074602286329082e-09
6.340123036352451891e-06
6.851196303614415228e-07
1.791089410119184322e-08
0.000000000000000000e+00
0.000000000000000000e+00
0.000000000000000000e+00
0.000000000000000000e+00
0.000000000000000000e+00
6.811164965370153368e-09
7.274005842106134878e-10
0.000000000000000000e+00
3.982651541889481450e-09
0.000000000000000000e+00
1.673516436540012364e-08
2.690045448616729118e-07
0.000000000000000000e+00
0.000000000000000000e+00
0.000000000000000000e+00
4.224839662142487740e-12
7.971960513941667159e-08
0.000000000000000000e+00
0.000000000000000000e+00
0.000000000000000000e+00
0.000000000000000000e+00
4.686556920319162600e-09
3.222269562286328437e-09
2.537584586903562922e-10
0.000000000000000000e+00
1.252929678230430000e-06
0.000000000000000000e+00
0.000000000000000000e+00
5.266489466748680570e-10
6.583271261462186885e-09
5.662407431827887194e-09
1.207332234187674658e-09
2.160412071461337291e-09
1.891328649250567651e-09
2.083749617298735757e-09
0.000000000000000000e+00
1.307661960936457035e-07
3.446833485298839150e-09
8.932754980151003110e-09
5.845124917414068477e-08
0.000000000000000000e+00
1.053344300672165446e-09
5.866269692234027389e-09
2.593809256268286845e-08
4.052504607443552231e-07
6.563603704989873222e-08
4.031905920243161745e-09
5.130930055829985292e-11
1.192466584143403452e-06
0.000000000000000000e+00
0.000000000000000000e+00
3.443228813182486192e-09
9.744162143832113543e-10
0.000000000000000000e+00
5.999446983651068876e-08
3.120858571570295226e-10
0.000000000000000000e+00
0.000000000000000000e+00
5.241246526566101238e-06
8.800106199302604182e-10
0.000000000000000000e+00
1.886498068870423594e-09
0.000000000000000000e+00
0.000000000000000000e+00
0.000000000000000000e+00
0.000000000000000000e+00
0.000000000000000000e+00
1.574897368072925019e-08
0.000000000000000000e+00
0.000000000000000000e+00
0.000000000000000000e+00
7.032034066156711560e-09
0.000000000000000000e+00
9.167773100671183784e-07
4.704407974287505567e-10
0.000000000000000000e+00
3.112760623480426148e-06
2.102683396287829964e-07
2.235669171568588354e-06
3.725950037392067316e-08
1.690043327506884907e-09
3.456627268860756885e-07
4.261899166912996861e-10
0.000000000000000000e+00
2.515505848066368344e-08
3.043662957225024002e-07
1.518041244708001614e-06
0.000000000000000000e+00
0.000000000000000000e+00
3.761148281711257368e-09
2.198577533363277325e-07
2.622599737378550344e-08
1.271393898605310824e-06
8.793919192839894095e-08
1.466595733745634789e-07
3.344827348428225378e-08
0.000000000000000000e+00
0.000000000000000000e+00
1.740456667675971403e-07
1.702823908544814913e-07
3.115607398740394274e-07
6.723961973875702824e-07
2.469855209241700322e-09
1.669115761160355760e-07
2.569557864262606017e-07
6.054049208614742383e-07
0.000000000000000000e+00
1.379203418139240966e-08
0.000000000000000000e+00
1.064853449861402623e-07
1.099751489874734034e-08
0.000000000000000000e+00
2.545508692719522514e-08
9.246109086702425373e-12
4.344150568158511305e-07
6.278427999717450803e-09
8.410062690700215171e-08
1.282635366806061938e-06
0.000000000000000000e+00
6.860023105126344944e-10
3.025959038893688557e-09
5.724427598607917389e-10
1.162017149169969343e-08
0.000000000000000000e+00
0.000000000000000000e+00
0.000000000000000000e+00
0.000000000000000000e+00
6.620068937479572924e-10
0.000000000000000000e+00
5.705769634545276858e-09
1.215701206369601550e-09
2.860187864328622709e-09
0.000000000000000000e+00
0.000000000000000000e+00
0.000000000000000000e+00
1.311770603251716238e-07
0.000000000000000000e+00
0.000000000000000000e+00
0.000000000000000000e+00
0.000000000000000000e+00
7.943894986262023394e-10
0.000000000000000000e+00
0.000000000000000000e+00
7.131648516178756836e-08
0.000000000000000000e+00
8.243599580737281940e-09
0.000000000000000000e+00
3.174947860173915615e-09
0.000000000000000000e+00
2.671420986644079676e-07
0.000000000000000000e+00
0.000000000000000000e+00
0.000000000000000000e+00
0.000000000000000000e+00
0.000000000000000000e+00
0.000000000000000000e+00
0.000000000000000000e+00
0.000000000000000000e+00
0.000000000000000000e+00
0.000000000000000000e+00
0.000000000000000000e+00
3.574128371042206709e-08
0.000000000000000000e+00
0.000000000000000000e+00
1.645861402721493505e-08
0.000000000000000000e+00
0.000000000000000000e+00
6.747449821098427947e-10
0.000000000000000000e+00
6.069451501389266923e-07
0.000000000000000000e+00
0.000000000000000000e+00
0.000000000000000000e+00
1.343384639085343224e-07
0.000000000000000000e+00
0.000000000000000000e+00
3.634043954647836472e-09
0.000000000000000000e+00
0.000000000000000000e+00
0.000000000000000000e+00
0.000000000000000000e+00
0.000000000000000000e+00
0.000000000000000000e+00
0.000000000000000000e+00
0.000000000000000000e+00
0.000000000000000000e+00
0.000000000000000000e+00
0.000000000000000000e+00
0.000000000000000000e+00
0.000000000000000000e+00
0.000000000000000000e+00
0.000000000000000000e+00
0.000000000000000000e+00
0.000000000000000000e+00
0.000000000000000000e+00
8.915482396787410835e-08
0.000000000000000000e+00
3.524394109888362436e-09
0.000000000000000000e+00
4.354296923025913202e-09
0.000000000000000000e+00
1.933842419532538770e-09
0.000000000000000000e+00
0.000000000000000000e+00
6.598147361813744283e-09
0.000000000000000000e+00
2.001473831114708446e-08
1.657933523802057607e-08
8.596882707934128121e-07
0.000000000000000000e+00
0.000000000000000000e+00
5.203607429393741768e-07
0.000000000000000000e+00
0.000000000000000000e+00
4.870538816703628981e-08
3.572132101226088707e-08
0.000000000000000000e+00
4.233428185784759989e-08
7.789954098447182673e-11
0.000000000000000000e+00
0.000000000000000000e+00
0.000000000000000000e+00
0.000000000000000000e+00
7.132405777099393163e-10
1.924959525112512893e-09
1.135120331063887988e-09
4.877463766206346918e-07
0.000000000000000000e+00
0.000000000000000000e+00
0.000000000000000000e+00
7.168374054344894830e-07
0.000000000000000000e+00
0.000000000000000000e+00
7.641408956260420382e-06
0.000000000000000000e+00
0.000000000000000000e+00
3.070213194789062072e-09
8.715455912522429571e-09
1.303526953044809034e-09
0.000000000000000000e+00
0.000000000000000000e+00
5.978353811997294542e-09
3.836058226625027601e-08
8.247309324360685423e-08
6.277986841496385750e-08
0.000000000000000000e+00
0.000000000000000000e+00
2.742977187608630629e-07
2.628394440762349404e-06
8.760226322124253784e-09
4.136869735660297920e-10
1.561918150372321179e-09
1.699740721505804686e-07
2.735277746523934184e-07
1.503823625625955174e-07
1.652272318963809994e-09
1.159214377821626840e-07
4.028917643950080674e-08
9.313127526111575349e-12
5.724537597423529078e-12
0.000000000000000000e+00
9.381427190646718373e-09
0.000000000000000000e+00
5.582048743235645816e-07
3.102209973349090433e-07
4.576858145810547285e-07
8.185949695871386211e-08
0.000000000000000000e+00
1.317914666287833825e-07
0.000000000000000000e+00
6.543011465964809759e-08
3.636612575519393431e-07
4.127660417907463852e-07
2.246508223890941736e-08
8.234438837462221272e-07
2.356910044909454882e-06
0.000000000000000000e+00
0.000000000000000000e+00
3.140635271847713739e-07
7.545532199060289713e-09
9.858312777222266732e-11
6.771214700052041735e-10
0.000000000000000000e+00
0.000000000000000000e+00
0.000000000000000000e+00
0.000000000000000000e+00
0.000000000000000000e+00
6.970079624579739175e-09
3.079726695887075039e-08
0.000000000000000000e+00
1.611272226753612813e-09
4.178143248045884661e-11
0.000000000000000000e+00
0.000000000000000000e+00
0.000000000000000000e+00
0.000000000000000000e+00
0.000000000000000000e+00
4.995759916859299210e-10
2.341306315489788403e-10
1.057525161191064100e-11
0.000000000000000000e+00
0.000000000000000000e+00
0.000000000000000000e+00
0.000000000000000000e+00
0.000000000000000000e+00
5.096633159951124981e-08
4.434407008258034466e-10
0.000000000000000000e+00
3.778098667250873177e-10
5.037348663194940457e-11
1.363033019785575561e-09
0.000000000000000000e+00
1.466102350633491369e-08
4.250399570082663558e-07
0.000000000000000000e+00
0.000000000000000000e+00
0.000000000000000000e+00
0.000000000000000000e+00
2.748905103544529993e-08
0.000000000000000000e+00
7.181364480857155286e-08
0.000000000000000000e+00
0.000000000000000000e+00
9.235494036197167134e-10
0.000000000000000000e+00
7.369148846692041843e-08
0.000000000000000000e+00
0.000000000000000000e+00
2.686349587222025548e-09
0.000000000000000000e+00
0.000000000000000000e+00
0.000000000000000000e+00
0.000000000000000000e+00
1.859755904831672524e-09
0.000000000000000000e+00
0.000000000000000000e+00
7.909204957634585753e-10
0.000000000000000000e+00
0.000000000000000000e+00
4.776990536470293591e-08
0.000000000000000000e+00
0.000000000000000000e+00
0.000000000000000000e+00
0.000000000000000000e+00
0.000000000000000000e+00
7.397524655061715748e-07
1.282407069425062218e-09
0.000000000000000000e+00
0.000000000000000000e+00
5.166380656618230205e-09
0.000000000000000000e+00
0.000000000000000000e+00
1.514631442489644542e-08
2.058126646886648814e-08
9.382443266758855316e-09
0.000000000000000000e+00
0.000000000000000000e+00
0.000000000000000000e+00
0.000000000000000000e+00
1.003385197151374086e-08
4.467300751542779835e-09
1.003868321802769970e-09
0.000000000000000000e+00
0.000000000000000000e+00
4.323732039068772792e-09
0.000000000000000000e+00
4.668980757571716822e-10
9.274369716649744078e-08
2.855456759931485067e-09
0.000000000000000000e+00
0.000000000000000000e+00
2.980239319216870797e-11
0.000000000000000000e+00
6.416425724076191273e-11
4.131658348782707435e-10
3.000115933460278939e-09
1.303261609741923621e-09
1.406854153174208477e-07
6.652076223190306337e-09
0.000000000000000000e+00
1.822004719542746898e-06
6.298643029367667623e-08
1.500066564019686410e-11
9.190455330099212006e-08
1.021667799250280950e-06
1.049804687625055521e-08
2.587991332347883144e-07
5.702362315673781268e-08
3.808543453942547785e-07
2.618049848024384119e-07
7.927088745418586768e-07
1.545331969055041554e-07
6.021725784677300908e-09
2.714170079798350343e-07
4.069228793923684862e-07
1.216966438732924871e-07
0.000000000000000000e+00
1.483876985730603337e-07
9.104237363999345689e-09
3.271367177148931660e-07
6.075759451107387576e-09
0.000000000000000000e+00
5.793928892217081739e-08
2.488400241418275982e-06
9.130057820883052955e-10
0.000000000000000000e+00
5.048245821370755948e-09
2.264798487638941538e-10
0.000000000000000000e+00
0.000000000000000000e+00
2.060019266281187811e-09
0.000000000000000000e+00
0.000000000000000000e+00
0.000000000000000000e+00
0.000000000000000000e+00
1.886706069154087118e-10
0.000000000000000000e+00
0.000000000000000000e+00
2.454993097700253202e-09
0.000000000000000000e+00
0.000000000000000000e+00
5.308626782607461791e-07
0.000000000000000000e+00
0.000000000000000000e+00
0.000000000000000000e+00
0.000000000000000000e+00
0.000000000000000000e+00
1.680604877485336601e-09
0.000000000000000000e+00
0.000000000000000000e+00
0.000000000000000000e+00
0.000000000000000000e+00
0.000000000000000000e+00
0.000000000000000000e+00
0.000000000000000000e+00
2.138884847013855506e-09
0.000000000000000000e+00
0.000000000000000000e+00
2.877555687064159429e-07
0.000000000000000000e+00
0.000000000000000000e+00
2.300309098757225001e-08
0.000000000000000000e+00
0.000000000000000000e+00
0.000000000000000000e+00
0.000000000000000000e+00
0.000000000000000000e+00
0.000000000000000000e+00
1.704365093502246964e-09
2.172646507148101591e-09
0.000000000000000000e+00
0.000000000000000000e+00
0.000000000000000000e+00
0.000000000000000000e+00
0.000000000000000000e+00
0.000000000000000000e+00
0.000000000000000000e+00
7.079899333461980859e-09
0.000000000000000000e+00
0.000000000000000000e+00
0.000000000000000000e+00
0.000000000000000000e+00
0.000000000000000000e+00
3.732800291089688471e-09
0.000000000000000000e+00
0.000000000000000000e+00
0.000000000000000000e+00
0.000000000000000000e+00
0.000000000000000000e+00
0.000000000000000000e+00
8.855959854336958870e-10
0.000000000000000000e+00
0.000000000000000000e+00
0.000000000000000000e+00
0.000000000000000000e+00
2.238478152838396795e-10
0.000000000000000000e+00
6.079792669311245845e-09
0.000000000000000000e+00
0.000000000000000000e+00
0.000000000000000000e+00
0.000000000000000000e+00
0.000000000000000000e+00
0.000000000000000000e+00
0.000000000000000000e+00
0.000000000000000000e+00
0.000000000000000000e+00
0.000000000000000000e+00
0.000000000000000000e+00
0.000000000000000000e+00
0.000000000000000000e+00
0.000000000000000000e+00
5.367426642033379380e-11
0.000000000000000000e+00
0.000000000000000000e+00
0.000000000000000000e+00
3.985252128302363417e-09
4.274151699235062551e-09
6.915195083223579786e-09
1.375866087727217746e-09
8.057958055147917964e-13
9.822778146428845503e-09
9.504680598126924451e-09
1.976830787953076651e-07
1.113095436267030891e-06
0.000000000000000000e+00
4.392470762115685545e-12
5.105636802227309090e-09
1.825161244362050184e-09
0.000000000000000000e+00
2.247885788619896630e-07
1.340808239547186531e-06
0.000000000000000000e+00
0.000000000000000000e+00
0.000000000000000000e+00
0.000000000000000000e+00
0.000000000000000000e+00
0.000000000000000000e+00
0.000000000000000000e+00
9.917967780381786724e-09
0.000000000000000000e+00
0.000000000000000000e+00
0.000000000000000000e+00
0.000000000000000000e+00
0.000000000000000000e+00
1.818929717956052627e-07
3.220227640099437849e-09
4.894579741510085569e-10
2.510418539714009967e-07
0.000000000000000000e+00
0.000000000000000000e+00
0.000000000000000000e+00
0.000000000000000000e+00
0.000000000000000000e+00
0.000000000000000000e+00
0.000000000000000000e+00
4.174030010517526534e-10
0.000000000000000000e+00
0.000000000000000000e+00
0.000000000000000000e+00
1.245361452850701767e-10
0.000000000000000000e+00
1.322543741189008415e-09
0.000000000000000000e+00
0.000000000000000000e+00
0.000000000000000000e+00
0.000000000000000000e+00
0.000000000000000000e+00
0.000000000000000000e+00
2.497066997619867834e-09
1.600087978781417064e-10
3.610244547758156841e-09
1.679462346970694853e-09
0.000000000000000000e+00
1.220224362441513222e-06
0.000000000000000000e+00
4.240180473402688222e-08
0.000000000000000000e+00
0.000000000000000000e+00
1.576139219139349734e-10
2.647543517753092601e-09
2.234792262356677384e-08
0.000000000000000000e+00
1.182111741826474827e-09
3.535945936050666205e-08
0.000000000000000000e+00
9.005321999211446382e-08
1.929321236104897253e-08
1.407504157668881817e-07
5.161202132342168625e-09
6.855373158032307401e-09
2.504931160274281865e-07
4.253004135534865782e-07
2.664363591975416057e-07
4.525571473124045951e-09
0.000000000000000000e+00
3.989421770711487625e-08
4.982512883180967300e-13
3.866605311486637220e-07
4.212901387745660031e-07
5.446520958685141522e-07
5.407583714145403064e-09
1.631652174483022577e-10
8.634895607428916264e-07
3.470449030373856658e-07
2.216373040653252247e-08
8.663260473440459464e-07
0.000000000000000000e+00
5.308536401571473107e-07
5.009312076253991108e-07
9.196940986555546260e-09
0.000000000000000000e+00
2.015513089759224385e-08
2.370600071799344732e-07
6.099642568813123944e-09
6.360111992620431920e-09
6.236838601125782588e-09
0.000000000000000000e+00
4.162501170412724605e-07
5.835285037392168306e-07
6.119921236447112278e-10
1.912353866373450728e-07
5.581646433938658447e-08
0.000000000000000000e+00
1.902822077681776136e-08
6.167329758000050788e-09
0.000000000000000000e+00
0.000000000000000000e+00
0.000000000000000000e+00
5.634707349599921145e-07
8.390530048529853957e-09
7.843225513504137325e-10
3.436339568452240201e-07
0.000000000000000000e+00
0.000000000000000000e+00
2.924045228169802613e-09
1.585897166478389408e-06
0.000000000000000000e+00
5.727176244363363367e-07
0.000000000000000000e+00
0.000000000000000000e+00
0.000000000000000000e+00
0.000000000000000000e+00
2.112214847471705070e-09
6.097591267462121323e-07
8.636401038764063287e-10
0.000000000000000000e+00
0.000000000000000000e+00
0.000000000000000000e+00
0.000000000000000000e+00
0.000000000000000000e+00
0.000000000000000000e+00
0.000000000000000000e+00
0.000000000000000000e+00
0.000000000000000000e+00
0.000000000000000000e+00
0.000000000000000000e+00
0.000000000000000000e+00
0.000000000000000000e+00
0.000000000000000000e+00
0.000000000000000000e+00
0.000000000000000000e+00
2.194191495163977379e-09
3.337135296987980837e-07
1.916872216511933402e-09
7.973117277515484602e-09
1.956278028458768858e-09
0.000000000000000000e+00
1.796628055217297515e-07
8.363753578599641969e-10
3.683507276974751221e-09
2.487349215485323839e-09
0.000000000000000000e+00
0.000000000000000000e+00
0.000000000000000000e+00
7.617905750656461805e-10
9.876416129372955766e-09
0.000000000000000000e+00
0.000000000000000000e+00
5.442614892103847524e-08
0.000000000000000000e+00
6.285137410522168011e-10
0.000000000000000000e+00
0.000000000000000000e+00
1.950523964566741597e-09
0.000000000000000000e+00
2.612164053061860614e-06
0.000000000000000000e+00
0.000000000000000000e+00
3.521868574551945130e-09
0.000000000000000000e+00
4.974116674105744096e-09
2.197256776526046451e-08
6.415153741556878231e-09
0.000000000000000000e+00
0.000000000000000000e+00
0.000000000000000000e+00
0.000000000000000000e+00
0.000000000000000000e+00
0.000000000000000000e+00
2.702264856324632092e-09
9.358945618487268803e-09
6.485223913443860511e-09
4.610030401863696170e-08
5.746777560489135794e-07
1.424643869540886953e-07
2.241703668914851733e-06
0.000000000000000000e+00
3.842164630896149902e-07
2.588456595731258858e-07
2.487748007595769195e-09
0.000000000000000000e+00
1.847642572272434336e-08
6.808975854255550075e-07
6.594666501769097522e-07
0.000000000000000000e+00
1.498189838855523703e-08
3.002644234584295191e-06
1.511825303168734536e-06
1.805081382144635427e-07
3.320822727914674033e-08
1.131845195345704269e-08
1.701387759567296598e-06
1.304063790286136282e-08
7.476974768494404344e-12
4.868751801723192330e-08
1.359005352696840419e-07
3.730043773852997901e-10
6.956245357514490024e-08
0.000000000000000000e+00
0.000000000000000000e+00
4.170392475799644671e-09
0.000000000000000000e+00
3.335922826863679802e-07
6.030983712435045163e-09
0.000000000000000000e+00
0.000000000000000000e+00
0.000000000000000000e+00
0.000000000000000000e+00
0.000000000000000000e+00
0.000000000000000000e+00
2.484928041113221298e-09
0.000000000000000000e+00
0.000000000000000000e+00
0.000000000000000000e+00
2.474946825259394245e-08
0.000000000000000000e+00
2.980460100943105317e-09
0.000000000000000000e+00
0.000000000000000000e+00
0.000000000000000000e+00
0.000000000000000000e+00
0.000000000000000000e+00
0.000000000000000000e+00
0.000000000000000000e+00
0.000000000000000000e+00
0.000000000000000000e+00
0.000000000000000000e+00
4.496721883739951409e-10
0.000000000000000000e+00
4.978368828290058445e-09
0.000000000000000000e+00
0.000000000000000000e+00
0.000000000000000000e+00
0.000000000000000000e+00
0.000000000000000000e+00
0.000000000000000000e+00
0.000000000000000000e+00
0.000000000000000000e+00
0.000000000000000000e+00
0.000000000000000000e+00
0.000000000000000000e+00
0.000000000000000000e+00
3.825109951005600806e-10
0.000000000000000000e+00
0.000000000000000000e+00
0.000000000000000000e+00
0.000000000000000000e+00
0.000000000000000000e+00
0.000000000000000000e+00
0.000000000000000000e+00
0.000000000000000000e+00
0.000000000000000000e+00
0.000000000000000000e+00
6.304524902134289732e-09
0.000000000000000000e+00
0.000000000000000000e+00
0.000000000000000000e+00
0.000000000000000000e+00
0.000000000000000000e+00
0.000000000000000000e+00
0.000000000000000000e+00
0.000000000000000000e+00
0.000000000000000000e+00
0.000000000000000000e+00
6.108862748988030944e-09
0.000000000000000000e+00
0.000000000000000000e+00
0.000000000000000000e+00
0.000000000000000000e+00
0.000000000000000000e+00
0.000000000000000000e+00
0.000000000000000000e+00
0.000000000000000000e+00
0.000000000000000000e+00
0.000000000000000000e+00
1.430712215366725104e-10
0.000000000000000000e+00
0.000000000000000000e+00
0.000000000000000000e+00
0.000000000000000000e+00
0.000000000000000000e+00
1.970691609898267416e-09
0.000000000000000000e+00
9.298073422314701020e-09
1.143910708378825802e-06
2.911062280119836032e-09
0.000000000000000000e+00
0.000000000000000000e+00
0.000000000000000000e+00
0.000000000000000000e+00
0.000000000000000000e+00
3.099784873228372817e-09
4.066156578108603981e-10
0.000000000000000000e+00
0.000000000000000000e+00
0.000000000000000000e+00
0.000000000000000000e+00
0.000000000000000000e+00
9.026456915250946622e-09
1.010353134489605509e-09
1.364848678520047542e-09
0.000000000000000000e+00
3.483282273730736733e-10
0.000000000000000000e+00
6.186987588918668735e-10
0.000000000000000000e+00
0.000000000000000000e+00
0.000000000000000000e+00
1.106987141952231468e-07
3.825781913491255182e-10
3.301474094108414192e-10
0.000000000000000000e+00
0.000000000000000000e+00
0.000000000000000000e+00
5.090864396706251682e-10
9.021288605026711593e-09
0.000000000000000000e+00
0.000000000000000000e+00
0.000000000000000000e+00
0.000000000000000000e+00
0.000000000000000000e+00
0.000000000000000000e+00
6.619658154960461616e-09
5.171248984581211516e-10
2.415629252183748576e-09
0.000000000000000000e+00
2.844217021902295528e-07
1.549153353153087664e-06
0.000000000000000000e+00
0.000000000000000000e+00
1.861642573430799530e-08
0.000000000000000000e+00
0.000000000000000000e+00
1.062927967865334722e-08
1.593644043396125198e-07
3.608346332839573734e-06
1.338116533133870689e-07
1.538051890292990720e-07
6.186199641433631768e-08
9.910380294186893479e-10
1.395592086339547677e-09
5.898782973190463963e-08
5.599214869533852834e-09
0.000000000000000000e+00
6.743013702958933209e-09
2.897888743205734308e-12
1.014062149806704838e-06
1.481083558019236079e-07
6.014567510703727748e-09
1.289434781170939459e-08
2.476260307915367775e-10
1.446599185328523163e-06
5.960941074079073587e-09
2.285245983557615546e-07
5.476338049703599609e-09
1.808883709486508451e-08
3.110351753932150132e-09
1.547050601402588654e-06
0.000000000000000000e+00
0.000000000000000000e+00
0.000000000000000000e+00
0.000000000000000000e+00
1.488570156027435587e-08
0.000000000000000000e+00
9.035006520718980028e-09
1.027971052280918229e-06
1.149511263953684193e-09
3.163519668447634103e-09
0.000000000000000000e+00
4.569534439724520780e-07
8.698880726853985834e-09
1.883122546786353269e-09
0.000000000000000000e+00
9.307901116528682905e-09
0.000000000000000000e+00
0.000000000000000000e+00
4.997658537009286306e-12
0.000000000000000000e+00
2.537776933042579230e-11
2.266376419868265657e-09
0.000000000000000000e+00
0.000000000000000000e+00
0.000000000000000000e+00
1.416087656025410979e-07
6.724155454662650300e-09
0.000000000000000000e+00
5.668110425460781698e-09
0.000000000000000000e+00
0.000000000000000000e+00
0.000000000000000000e+00
8.501100268176742247e-09
0.000000000000000000e+00
7.901561627221553863e-10
0.000000000000000000e+00
0.000000000000000000e+00
2.182396041661149866e-09
0.000000000000000000e+00
2.459973380553037714e-08
0.000000000000000000e+00
0.000000000000000000e+00
0.000000000000000000e+00
1.384506398416363027e-09
0.000000000000000000e+00
1.370758795360416116e-08
0.000000000000000000e+00
1.463791088340826718e-09
6.170309489045289197e-12
4.022114641344387564e-09
2.307522350974977599e-07
7.389089340392729355e-09
2.066642252884776099e-07
2.188170755701435155e-09
7.892983830970479175e-07
0.000000000000000000e+00
3.137471651371015469e-07
2.307525903688656399e-07
1.826430207074736245e-08
4.982866741443103820e-08
3.303956885858383430e-09
1.166403933439141838e-07
1.593177785252919421e-07
0.000000000000000000e+00
1.612205551282386295e-07
9.633183140067558270e-08
2.076187693988984506e-10
1.012121705890045575e-10
1.007594391921884380e-06
1.464023124952973376e-08
0.000000000000000000e+00
1.493307166811064235e-07
7.235793741955376390e-09
0.000000000000000000e+00
3.447106067255845119e-08
1.706920826904934074e-08
0.000000000000000000e+00
0.000000000000000000e+00
1.185872733344695007e-08
9.585660043498478444e-10
4.194401714840978457e-09
4.989826329904190061e-09
4.892631189079565956e-09
0.000000000000000000e+00
9.307978388051196816e-09
3.264020733695360832e-07
1.028918727996597227e-08
1.145898043120041621e-08
0.000000000000000000e+00
0.000000000000000000e+00
8.526261474628427095e-09
0.000000000000000000e+00
6.189502244069444714e-08
4.263325248388127875e-09
0.000000000000000000e+00
8.143407614902287150e-10
0.000000000000000000e+00
2.373864438354189588e-09
0.000000000000000000e+00
1.107897551477776688e-09
0.000000000000000000e+00
6.913886068105057348e-07
0.000000000000000000e+00
0.000000000000000000e+00
0.000000000000000000e+00
5.434152683392312611e-09
0.000000000000000000e+00
0.000000000000000000e+00
0.000000000000000000e+00
0.000000000000000000e+00
6.071572689059223649e-10
6.926928790562669747e-07
0.000000000000000000e+00
4.190785496405169397e-09
1.436491758877167513e-10
8.113553917610261124e-07
0.000000000000000000e+00
9.528654310031470231e-09
1.745753097637248175e-09
3.611274834725008986e-09
9.457713900928865769e-08
3.133578729830333032e-09
1.584062374604400247e-06
0.000000000000000000e+00
1.236126195180986542e-06
2.480119292158633471e-06
8.939950113528993825e-09
3.309804958318701695e-13
8.268932760735481224e-10
4.168312806029916828e-09
5.808910991111915223e-11
0.000000000000000000e+00
1.118061976335127383e-09
7.138984514654111990e-09
1.698041358943244011e-14
2.734350745825508966e-09
0.000000000000000000e+00
0.000000000000000000e+00
0.000000000000000000e+00
5.774572486849649522e-10
0.000000000000000000e+00
1.342202295973038417e-07
5.262064117772524696e-09
1.868243373337463709e-07
9.720336180407684878e-08
3.113938262799820222e-08
1.494132533252923167e-07
2.398970195827132557e-07
0.000000000000000000e+00
0.000000000000000000e+00
8.626877843198599294e-07
9.394461386591501650e-08
0.000000000000000000e+00
2.370319123201625189e-07
1.963322482367857447e-08
2.405567967045385558e-10
0.000000000000000000e+00
0.000000000000000000e+00
1.386413970294597675e-07
2.686917639493913157e-07
3.525758529576705769e-08
6.416944309250993683e-09
1.368466850948379943e-08
6.878173763880113256e-08
8.556251263058811674e-10
2.761397155381928314e-08
1.382706074082307168e-07
0.000000000000000000e+00
0.000000000000000000e+00
0.000000000000000000e+00
6.375456162999171283e-09
1.992563269936908910e-08
8.416614072359607235e-09
4.935301611830311685e-10
7.893603104491830891e-09
7.396955084004730452e-07
7.082619213338858799e-11
1.725675019770278595e-06
3.714396257237240206e-07
2.668543608308482362e-09
3.297443207372907636e-09
0.000000000000000000e+00
0.000000000000000000e+00
1.159190148314337421e-07
0.000000000000000000e+00
5.351611598314320872e-09
1.594418486128290624e-09
1.091081003323779441e-08
0.000000000000000000e+00
0.000000000000000000e+00
0.000000000000000000e+00
0.000000000000000000e+00
0.000000000000000000e+00
0.000000000000000000e+00
6.233248228681986802e-08
0.000000000000000000e+00
0.000000000000000000e+00
1.926288746290083509e-07
1.154636497524563765e-09
3.270060333626645388e-10
1.114903191989924380e-08
0.000000000000000000e+00
0.000000000000000000e+00
0.000000000000000000e+00
0.000000000000000000e+00
9.936212741479266697e-09
0.000000000000000000e+00
0.000000000000000000e+00
0.000000000000000000e+00
0.000000000000000000e+00
0.000000000000000000e+00
0.000000000000000000e+00
0.000000000000000000e+00
7.978107063877359906e-09
2.957147859916631205e-09
3.418650473818729552e-09
0.000000000000000000e+00
0.000000000000000000e+00
0.000000000000000000e+00
0.000000000000000000e+00
0.000000000000000000e+00
0.000000000000000000e+00
0.000000000000000000e+00
0.000000000000000000e+00
0.000000000000000000e+00
0.000000000000000000e+00
0.000000000000000000e+00
0.000000000000000000e+00
9.877388684742527403e-09
0.000000000000000000e+00
0.000000000000000000e+00
0.000000000000000000e+00
7.791058909134562782e-10
6.283878306589940621e-09
1.404715366248865394e-08
0.000000000000000000e+00
0.000000000000000000e+00
8.328729705908699543e-09
0.000000000000000000e+00
0.000000000000000000e+00
0.000000000000000000e+00
0.000000000000000000e+00
1.375323327446054122e-10
2.968985501894394474e-09
0.000000000000000000e+00
0.000000000000000000e+00
0.000000000000000000e+00
0.000000000000000000e+00
2.769434237492873763e-09
0.000000000000000000e+00
0.000000000000000000e+00
0.000000000000000000e+00
0.000000000000000000e+00
0.000000000000000000e+00
0.000000000000000000e+00
0.000000000000000000e+00
6.493820148278928173e-09
9.537070022602733843e-10
0.000000000000000000e+00
0.000000000000000000e+00
2.015697857108214586e-13
1.813733518929439015e-08
4.030883682393238132e-10
2.833292569448531140e-07
3.285661307472764747e-07
7.437442945956718177e-07
1.975553090005632839e-07
1.800552240638353396e-07
0.000000000000000000e+00
0.000000000000000000e+00
7.277348004208761267e-07
3.859301614284049720e-06
8.498945135215763003e-06
1.505501131759956479e-06
1.161972363661334384e-06
0.000000000000000000e+00
4.487133935526799178e-07
2.419245447526918724e-06
2.218166983425362560e-09
0.000000000000000000e+00
0.000000000000000000e+00
1.341201871785102639e-10
3.612007333231304074e-07
6.541637503687525168e-06
7.196922524599358439e-07
0.000000000000000000e+00
1.402964855401478417e-09
0.000000000000000000e+00
1.318930316074329312e-07
6.185628649291174952e-07
0.000000000000000000e+00
0.000000000000000000e+00
0.000000000000000000e+00
8.623979965705075301e-07
0.000000000000000000e+00
4.230987258324603317e-07
0.000000000000000000e+00
0.000000000000000000e+00
9.089821340069192956e-09
0.000000000000000000e+00
0.000000000000000000e+00
0.000000000000000000e+00
0.000000000000000000e+00
0.000000000000000000e+00
0.000000000000000000e+00
0.000000000000000000e+00
0.000000000000000000e+00
0.000000000000000000e+00
6.677891128958890476e-09
0.000000000000000000e+00
0.000000000000000000e+00
0.000000000000000000e+00
0.000000000000000000e+00
0.000000000000000000e+00
0.000000000000000000e+00
0.000000000000000000e+00
0.000000000000000000e+00
0.000000000000000000e+00
0.000000000000000000e+00
0.000000000000000000e+00
2.773490548335644235e-09
0.000000000000000000e+00
0.000000000000000000e+00
1.135108277594554238e-06
0.000000000000000000e+00
3.466493481152355116e-10
0.000000000000000000e+00
0.000000000000000000e+00
0.000000000000000000e+00
1.006010350579344959e-07
0.000000000000000000e+00
0.000000000000000000e+00
0.000000000000000000e+00
0.000000000000000000e+00
0.000000000000000000e+00
0.000000000000000000e+00
0.000000000000000000e+00
1.659686788002545654e-08
0.000000000000000000e+00
2.797433040768737555e-08
0.000000000000000000e+00
0.000000000000000000e+00
0.000000000000000000e+00
0.000000000000000000e+00
8.835490561409642396e-09
4.290283683872075926e-09
0.000000000000000000e+00
1.153316375734902977e-08
0.000000000000000000e+00
0.000000000000000000e+00
1.216153955319043689e-09
0.000000000000000000e+00
5.148502513208086384e-09
2.455263770073656815e-10
0.000000000000000000e+00
0.000000000000000000e+00
0.000000000000000000e+00
3.722290102814440615e-07
2.527652398498503317e-08
1.207801460623159073e-06
1.149517672160982329e-07
1.762660417625738773e-06
5.986580475791924982e-08
1.139551727646903601e-06
9.339096607163810404e-08
7.485955677566380473e-08
3.132952031137392623e-07
4.817899252884672023e-07
5.231188879406545311e-06
0.000000000000000000e+00
5.793205559712077957e-08
3.122413772871368565e-06
2.907865336965187453e-06
1.662678550395924049e-09
6.699712833124760181e-12
2.017081079941362987e-08
7.159399739720129219e-09
4.431211664268630557e-07
1.632932935535791330e-07
1.422780769644305110e-06
2.198605386638519121e-07
8.294660958085842140e-09
0.000000000000000000e+00
6.886779857495639590e-08
2.425168304398539476e-06
3.231172627238265704e-07
1.127472302187015885e-07
1.169203073914104607e-06
1.175276022336024795e-11
2.615724969956545465e-09
9.938806897480390035e-07
3.949826350435614586e-07
0.000000000000000000e+00
1.539463312383304583e-07
4.647368143650965067e-07
4.653767149420673377e-09
6.289574638884687374e-09
3.612686612086690729e-07
1.517314984766926500e-07
1.108558080886723474e-05
7.470525531516614137e-09
1.821318029726626264e-08
6.639351113335578702e-07
1.511020286670827772e-06
1.846086888690479100e-06
0.000000000000000000e+00
1.222862433536420212e-08
4.909636253103144554e-09
2.971611179347632969e-09
6.889000481180573843e-09
0.000000000000000000e+00
5.057634666627564002e-07
0.000000000000000000e+00
1.351846776742604561e-07
0.000000000000000000e+00
1.121191530728538055e-06
6.291322574014657221e-09
0.000000000000000000e+00
0.000000000000000000e+00
1.738601618228585721e-08
2.589705218269955367e-06
1.396319770918807990e-08
1.690517592578544281e-08
6.353126469349490435e-09
0.000000000000000000e+00
4.309542944724853442e-09
2.283034206129741506e-08
9.955130941818879364e-09
2.128496046083228066e-09
1.246971379487149534e-07
1.801155576686142012e-06
7.702144586181625119e-13
3.184942240497257160e-11
1.518046133242023643e-06
3.684898591230396925e-14
2.994949568346783053e-07
0.000000000000000000e+00
2.160327994715771638e-06
9.833357239585893694e-09
1.181211656264835597e-10
3.258255105720309075e-07
1.236938373949669767e-07
5.422390536580223852e-09
9.952609758556718589e-08
1.027914464657442295e-07
5.129508622303546872e-07
1.233271120781864738e-07
5.787676855106838048e-06
1.008658490064817670e-08
1.843519004118832072e-09
3.189215780352583351e-09
1.797487048094126294e-09
1.059229259858796013e-09
1.251612286035097554e-10
0.000000000000000000e+00
0.000000000000000000e+00
1.848612463106746873e-08
0.000000000000000000e+00
1.376958039145392831e-06
0.000000000000000000e+00
0.000000000000000000e+00
0.000000000000000000e+00
1.672247407213944825e-08
2.728181569544574359e-10
2.789673203551501501e-08
6.037275568360200850e-09
1.443939822820539121e-06
4.579289907269412652e-07
0.000000000000000000e+00
4.656738994412989996e-08
6.142785196061595343e-07
0.000000000000000000e+00
1.382368964186753146e-06
0.000000000000000000e+00
0.000000000000000000e+00
1.029900165150365865e-08
0.000000000000000000e+00
1.504401048180170619e-10
0.000000000000000000e+00
0.000000000000000000e+00
8.762041758814120840e-09
1.927176418448084405e-09
4.793435337546725350e-08
7.252769496091104884e-10
0.000000000000000000e+00
8.295129028113024106e-09
0.000000000000000000e+00
4.517335394638166690e-09
2.408074295523476849e-10
8.992271460783740622e-08
1.781935536626644279e-11
1.289504098167526536e-06
1.116776857656986977e-07
4.271888656148803420e-07
3.027628281415672973e-07
1.170227733382489532e-06
1.479996014630557966e-09
6.058288022359192837e-07
3.282616489741485566e-07
4.040454015807881660e-08
1.017185695673106238e-06
1.827029763035170618e-07
5.067621259513543919e-06
2.175256419434390409e-08
1.263435251530609094e-06
1.447942477028618669e-08
9.121722932547982055e-09
3.709583529243332123e-09
1.019139972413540818e-06
2.115873520835975796e-08
0.000000000000000000e+00
4.305845280327957880e-08
1.480772766626614612e-07
1.870378270041328506e-07
0.000000000000000000e+00
0.000000000000000000e+00
9.829046376808037166e-08
2.385129767301652493e-11
2.032982848731990089e-08
1.830495532928466673e-09
4.042160739459177421e-08
0.000000000000000000e+00
0.000000000000000000e+00
2.941340198958641849e-06
6.379396566558170889e-09
0.000000000000000000e+00
0.000000000000000000e+00
2.100044760311448044e-08
1.208191235946287634e-08
0.000000000000000000e+00
9.488439900451339781e-08
3.109968531589402119e-07
1.010085725283715874e-06
0.000000000000000000e+00
1.604383186304403353e-07
0.000000000000000000e+00
0.000000000000000000e+00
0.000000000000000000e+00
4.724671143208070134e-08
0.000000000000000000e+00
2.292928655833748053e-07
0.000000000000000000e+00
0.000000000000000000e+00
0.000000000000000000e+00
0.000000000000000000e+00
4.832139133270629827e-10
2.952666333655429298e-09
2.645059851147379959e-07
0.000000000000000000e+00
5.484482130668766331e-07
0.000000000000000000e+00
4.257390173734165728e-07
3.003819756486336701e-06
0.000000000000000000e+00
5.362308002077043056e-07
8.087366154541086871e-07
5.241816314338620941e-09
2.492338637694047065e-07
2.443988762479420984e-07
6.343355745189183104e-13
4.681023995090072276e-07
0.000000000000000000e+00
1.105967299963594996e-07
1.838367040818411624e-07
1.576051431584346574e-07
8.866982703636949736e-10
2.580172804300673306e-07
7.455842876424867427e-08
8.176961614481115248e-07
1.407681338605470955e-06
0.000000000000000000e+00
4.760171076756414266e-11
1.324293634752393700e-06
0.000000000000000000e+00
0.000000000000000000e+00
2.209038711953326128e-06
4.642198847548684171e-10
0.000000000000000000e+00
0.000000000000000000e+00
1.765065782421970653e-08
0.000000000000000000e+00
0.000000000000000000e+00
0.000000000000000000e+00
0.000000000000000000e+00
1.252724928235693369e-07
0.000000000000000000e+00
1.280508968193316832e-06
0.000000000000000000e+00
0.000000000000000000e+00
1.655015458013053831e-09
3.342871757183729642e-09
0.000000000000000000e+00
4.380622087296615064e-08
0.000000000000000000e+00
2.778128838087923214e-09
2.213429883823891942e-09
1.950641944858944044e-06
0.000000000000000000e+00
0.000000000000000000e+00
1.420363915372035990e-08
0.000000000000000000e+00
2.926783704282343024e-09
4.924063379263543538e-09
3.179883689696794136e-09
4.662873642757858761e-09
7.147729963463689273e-09
0.000000000000000000e+00
1.385588234370516147e-06
1.806834792894562725e-09
0.000000000000000000e+00
1.507835856173755928e-09
1.913780209861215553e-07
2.673688115351069428e-08
4.513555307283922957e-09
1.018140238784326357e-07
1.119405737881606910e-06
3.991981998296978418e-07
0.000000000000000000e+00
3.565210704437049571e-08
0.000000000000000000e+00
4.947500897856116353e-08
9.772426423637625703e-09
4.134510902531474130e-07
7.986053596198416926e-09
2.581423075298516778e-09
2.205383653475223582e-10
7.976059812619951117e-09
6.472322979789169040e-07
0.000000000000000000e+00
4.688999979407526553e-07
0.000000000000000000e+00
2.978176816270661220e-09
9.255467375623993576e-06
0.000000000000000000e+00
3.919054525347576146e-10
0.000000000000000000e+00
0.000000000000000000e+00
8.130687092489097267e-07
5.193384611246187887e-10
5.127029467644206306e-09
6.351432944029511418e-07
0.000000000000000000e+00
0.000000000000000000e+00
5.415784265494494321e-09
0.000000000000000000e+00
7.273570190591271967e-08
0.000000000000000000e+00
1.238082063537149224e-07
0.000000000000000000e+00
5.939852165681713814e-09
0.000000000000000000e+00
0.000000000000000000e+00
0.000000000000000000e+00
0.000000000000000000e+00
0.000000000000000000e+00
0.000000000000000000e+00
0.000000000000000000e+00
3.359228173405170992e-10
0.000000000000000000e+00
9.996107053211744642e-08
1.815979311370341520e-11
0.000000000000000000e+00
8.777459648001695314e-09
1.624017309520553454e-10
3.547623750321804437e-09
4.283687928818835644e-07
1.079029043893342532e-08
5.829642324428618849e-11
7.900617049472202780e-08
3.900033362924659741e-08
1.150171897279506084e-06
4.691155481850728393e-06
5.400576128522516228e-07
7.286240588655346073e-07
1.187186057904909831e-06
7.003988571341324132e-07
3.445321453909855336e-06
4.967534437128051650e-07
4.164344318269286305e-07
1.434055889149021823e-06
4.025063446988497162e-07
1.554403070258558728e-06
1.187537321811760194e-07
6.890284343086250374e-09
6.104232852521818131e-07
1.878819411160748132e-08
8.928913644012936857e-07
9.955486435231364339e-10
4.081876340933376923e-06
1.682067263253372857e-09
9.254979005390850944e-09
0.000000000000000000e+00
0.000000000000000000e+00
7.815806335464969834e-10
0.000000000000000000e+00
1.188443476962675049e-08
5.127440999785903841e-06
0.000000000000000000e+00
0.000000000000000000e+00
0.000000000000000000e+00
0.000000000000000000e+00
2.661817655180698239e-09
1.015423856109975986e-11
1.312690898203072720e-07
3.755081223744127783e-08
0.000000000000000000e+00
1.129210891459564436e-10
0.000000000000000000e+00
1.013429695717604773e-08
3.515161273170974710e-09
3.337472520570372581e-08
4.977981582499069191e-09
1.257037638424662873e-05
0.000000000000000000e+00
1.800638749216432188e-09
1.529209980866141905e-09
1.439475538766998852e-09
0.000000000000000000e+00
2.633716855715562133e-11
8.106104232297184353e-09
1.326960874514782063e-09
0.000000000000000000e+00
1.001527948574221227e-06
0.000000000000000000e+00
0.000000000000000000e+00
1.336045674094066271e-08
2.939297338855340058e-08
1.740089032864489127e-07
1.333744670262149157e-09
2.324160135458441800e-07
0.000000000000000000e+00
2.661707243500899267e-10
5.648061573992890771e-07
4.178392373432870954e-06
2.107533170203623740e-08
0.000000000000000000e+00
0.000000000000000000e+00
4.608186259247304406e-07
1.134504117317192140e-07
3.158429420779818031e-11
1.337956518909777515e-06
4.199927445824869210e-07
2.017443279100916698e-07
1.510680114336082625e-08
3.170258878526510671e-06
3.859553743268406834e-08
9.637633411330170929e-07
1.416027295420008159e-09
2.114494009219924919e-06
4.344514934473409085e-07
7.612263708267619222e-09
4.824782990908715874e-07
2.158405543184471753e-08
2.517312225336354459e-07
5.869559061011386802e-09
0.000000000000000000e+00
0.000000000000000000e+00
1.156282749548154243e-07
0.000000000000000000e+00
8.438981957681335189e-09
0.000000000000000000e+00
0.000000000000000000e+00
4.010735299431189560e-09
0.000000000000000000e+00
0.000000000000000000e+00
9.542905354820163666e-10
3.738443776768463067e-09
1.502952073906271835e-07
2.482593297603585825e-10
1.186645306461286964e-07
5.242939593586015690e-08
3.641479340288356070e-09
1.280576800155586170e-08
9.313574217406639377e-11
6.190036287989642005e-07
0.000000000000000000e+00
0.000000000000000000e+00
0.000000000000000000e+00
0.000000000000000000e+00
8.301022091927734436e-08
0.000000000000000000e+00
4.520365859406183517e-09
1.828119593483279459e-07
0.000000000000000000e+00
0.000000000000000000e+00
0.000000000000000000e+00
0.000000000000000000e+00
0.000000000000000000e+00
0.000000000000000000e+00
3.111734940830501728e-06
2.252837028038356948e-09
6.123348050834920286e-09
1.915210745551121363e-08
7.493882847597888031e-09
4.425634525517807560e-09
2.117387111866264604e-06
1.331746517507781391e-07
1.037172410178754944e-06
1.761426027258039539e-08
3.964445056681142887e-07
0.000000000000000000e+00
1.591829914104891941e-06
6.445330882343114354e-07
6.333329860552794344e-09
7.833397930312457902e-09
5.690418092285653984e-08
4.257041723576548975e-07
1.318410568273975514e-06
2.227594775305874464e-09
2.504296503502700943e-07
2.503764695571675247e-10
2.975877464450604748e-07
3.771810099806316430e-07
6.911291450251155766e-08
2.000672338908771053e-07
0.000000000000000000e+00
9.855322247176445671e-08
0.000000000000000000e+00
1.080782130458146639e-09
2.234452267657616176e-06
0.000000000000000000e+00
1.570955476815072416e-09
1.242474179097285969e-10
0.000000000000000000e+00
0.000000000000000000e+00
0.000000000000000000e+00
4.683241741076926701e-07
0.000000000000000000e+00
0.000000000000000000e+00
1.506558078290254343e-06
1.141933054782384716e-07
1.277763601592596387e-07
3.640890089418036268e-10
5.858000751146619223e-10
0.000000000000000000e+00
0.000000000000000000e+00
6.593263712773023144e-09
0.000000000000000000e+00
1.502986179957588320e-08
6.756958992326644875e-09
0.000000000000000000e+00
0.000000000000000000e+00
3.677190996143053781e-09
0.000000000000000000e+00
8.812547093839384615e-06
0.000000000000000000e+00
6.844190103549863124e-09
1.175817146759072784e-06
2.290771794477564072e-09
0.000000000000000000e+00
3.426691137065063231e-06
3.361870781759535021e-09
2.060780879276080668e-08
0.000000000000000000e+00
4.330940883701117627e-10
0.000000000000000000e+00
0.000000000000000000e+00
0.000000000000000000e+00
0.000000000000000000e+00
0.000000000000000000e+00
5.255908597234792978e-09
0.000000000000000000e+00
0.000000000000000000e+00
5.419058979327928682e-08
0.000000000000000000e+00
0.000000000000000000e+00
1.340177413489129776e-09
6.127806706501814915e-09
8.764686754147987813e-10
0.000000000000000000e+00
0.000000000000000000e+00
2.139532856437753594e-10
0.000000000000000000e+00
9.134278222688863025e-09
1.391146225993011853e-10
2.881207024074683432e-07
0.000000000000000000e+00
2.099594276216976141e-08
2.017300175793934613e-06
1.267002403437800240e-06
0.000000000000000000e+00
5.761870269793689658e-08
5.754314997830078937e-07
5.738576192015898414e-07
1.276357295409979997e-07
5.130344788994989358e-07
2.148253575029457352e-09
3.228269918054138543e-07
1.989381814837543061e-07
8.893121048458851874e-07
1.368111668398341862e-08
8.857197144607198425e-07
1.040791843820443319e-07
9.842361578193958849e-06
3.783859447992199421e-09
0.000000000000000000e+00
8.545024456907412969e-07
3.388944946891569998e-07
5.232712283032014966e-06
1.783974745706018439e-08
8.639490900463897560e-09
4.551059191726380959e-07
0.000000000000000000e+00
1.124194737300854285e-09
6.666307950098371293e-09
0.000000000000000000e+00
0.000000000000000000e+00
0.000000000000000000e+00
1.202358124174907061e-08
6.733891666499403073e-09
0.000000000000000000e+00
2.904171625406348767e-10
7.874950691544313486e-10
4.515230411783477393e-09
0.000000000000000000e+00
0.000000000000000000e+00
0.000000000000000000e+00
0.000000000000000000e+00
0.000000000000000000e+00
8.432641251943095995e-09
0.000000000000000000e+00
0.000000000000000000e+00
8.542729119653813541e-07
2.371774598941556178e-07
0.000000000000000000e+00
7.570667981404710645e-10
4.702237710318968311e-09
0.000000000000000000e+00
0.000000000000000000e+00
8.724672651005960233e-10
0.000000000000000000e+00
4.399307584890266298e-09
2.811587629381051556e-09
0.000000000000000000e+00
1.504705338106759882e-08
4.121647034088793404e-12
0.000000000000000000e+00
5.379006129402341685e-09
3.706637885514396658e-09
1.036117858177476592e-08
5.230841093606386494e-09
0.000000000000000000e+00
2.480684635486340994e-08
2.066872450967593977e-09
0.000000000000000000e+00
0.000000000000000000e+00
0.000000000000000000e+00
3.759359742616652511e-06
0.000000000000000000e+00
0.000000000000000000e+00
0.000000000000000000e+00
0.000000000000000000e+00
0.000000000000000000e+00
3.397773729041375645e-10
8.448283850270854600e-09
0.000000000000000000e+00
0.000000000000000000e+00
1.045832050294848159e-06
1.927432549564400688e-06
1.180866661343316082e-06
1.413862833032908384e-06
8.404936124861706048e-08
1.434477514550280830e-08
2.732917536718559859e-08
4.361208709724451182e-07
8.006700369378449977e-08
3.486815502995455063e-09
0.000000000000000000e+00
0.000000000000000000e+00
0.000000000000000000e+00
1.888916045800215215e-08
0.000000000000000000e+00
0.000000000000000000e+00
0.000000000000000000e+00
0.000000000000000000e+00
1.765062478398249368e-07
3.659830438706990208e-09
0.000000000000000000e+00
0.000000000000000000e+00
7.687906133924116148e-08
0.000000000000000000e+00
0.000000000000000000e+00
1.092141062031259935e-07
0.000000000000000000e+00
4.367942396665824845e-10
3.558644268153443591e-09
0.000000000000000000e+00
1.595630516604273907e-09
8.746878221721487989e-10
0.000000000000000000e+00
0.000000000000000000e+00
8.388423289318325260e-09
2.483448646728447784e-08
0.000000000000000000e+00
0.000000000000000000e+00
0.000000000000000000e+00
2.619108263601788167e-09
0.000000000000000000e+00
0.000000000000000000e+00
3.375724699772320037e-11
7.794744405487108452e-09
0.000000000000000000e+00
9.003434442433899676e-09
2.500402107585841804e-10
6.208246805528006007e-09
6.578793509959268704e-09
0.000000000000000000e+00
0.000000000000000000e+00
0.000000000000000000e+00
0.000000000000000000e+00
3.459441400011087353e-09
0.000000000000000000e+00
0.000000000000000000e+00
0.000000000000000000e+00
0.000000000000000000e+00
0.000000000000000000e+00
0.000000000000000000e+00
0.000000000000000000e+00
4.321553781494458235e-09
1.161822410722379573e-06
0.000000000000000000e+00
0.000000000000000000e+00
0.000000000000000000e+00
0.000000000000000000e+00
3.142301308045603037e-09
5.113552692392886456e-09
1.458769105511237285e-08
2.529727964883932145e-07
3.173369567122108492e-09
1.108877199840208050e-06
6.765720286239229608e-07
2.001563217390867067e-07
6.815008873672923073e-06
1.755401157765845710e-08
2.168350121678486175e-08
2.938940042440663092e-06
3.708344422648224281e-07
7.858761108536782558e-08
3.317675520975171821e-07
2.574377822028850460e-09
1.613670974620617926e-08
2.653318453837982815e-09
1.083441702576237731e-06
2.240875714154544340e-11
5.578411901296931319e-07
0.000000000000000000e+00
7.794165668428831850e-08
1.322810194714918453e-09
2.499363347396865720e-07
1.309283126360583083e-09
8.370860449247174984e-09
3.937937753661913121e-10
1.007707872702212626e-08
0.000000000000000000e+00
4.373075235264423100e-09
4.593744051817338914e-07
1.121593982134072576e-07
0.000000000000000000e+00
5.179601192395466569e-09
0.000000000000000000e+00
8.309203991530011990e-09
1.725206311142812865e-09
7.593577155962094594e-11
0.000000000000000000e+00
2.412055209788377397e-06
0.000000000000000000e+00
8.218677294280496426e-09
7.880435193285961759e-10
0.000000000000000000e+00
1.669142948856894293e-11
5.133840019766466867e-09
2.657314723819581559e-08
1.945444694229081506e-09
0.000000000000000000e+00
0.000000000000000000e+00
1.131056137637642678e-08
1.192565406427092967e-07
3.677972815196994816e-09
1.162356062095470932e-11
1.441268659974070943e-09
0.000000000000000000e+00
0.000000000000000000e+00
4.648784468486155674e-09
5.757424759167406592e-09
1.079858424901658509e-08
7.927845935284949519e-09
9.039384352149681945e-09
7.675124891193263466e-08
8.198197747333324514e-07
0.000000000000000000e+00
0.000000000000000000e+00
1.647838132612378104e-07
0.000000000000000000e+00
0.000000000000000000e+00
2.199157078663915854e-09
8.495566916622010467e-09
0.000000000000000000e+00
0.000000000000000000e+00
0.000000000000000000e+00
6.898368595104065193e-12
0.000000000000000000e+00
4.485197990788947209e-09
5.003605529907417804e-09
1.480161415656766621e-07
5.821268467265383606e-11
0.000000000000000000e+00
0.000000000000000000e+00
0.000000000000000000e+00
1.345968030364019796e-07
2.293334855352213708e-09
5.123481083835201844e-10
1.100499957829015329e-06
0.000000000000000000e+00
3.006542215189256240e-07
1.771558544305662508e-07
1.075079403278778045e-08
0.000000000000000000e+00
2.025255241289158903e-10
0.000000000000000000e+00
0.000000000000000000e+00
0.000000000000000000e+00
1.969447822602887754e-07
0.000000000000000000e+00
0.000000000000000000e+00
8.710058785332819298e-10
0.000000000000000000e+00
0.000000000000000000e+00
2.217779293545163455e-09
1.713850839024644301e-09
0.000000000000000000e+00
2.138954435793039011e-08
1.299018315137345780e-08
0.000000000000000000e+00
0.000000000000000000e+00
1.013402339822278009e-08
4.334440806275097202e-09
1.082309886157872825e-08
2.236877882921817218e-08
1.389758708114641195e-08
6.256393589865183458e-07
1.094441799409651139e-07
1.690227471873306797e-11
4.816496925741375890e-07
0.000000000000000000e+00
4.285957366789716616e-09
7.708952226570531252e-11
9.062056882669367042e-09
1.011008379236955079e-07
7.181144012768925222e-10
0.000000000000000000e+00
1.293402306146163028e-06
4.861822056057008012e-09
2.095072204610914923e-06
1.726191278805799811e-08
5.540173209084287009e-09
1.207809390280090156e-07
1.104315965928803767e-12
1.061273031260911992e-12
1.440106145444985941e-09
9.816427670727989607e-09
0.000000000000000000e+00
0.000000000000000000e+00
9.356718955189080589e-09
0.000000000000000000e+00
3.043554852588670201e-10
0.000000000000000000e+00
0.000000000000000000e+00
0.000000000000000000e+00
0.000000000000000000e+00
0.000000000000000000e+00
0.000000000000000000e+00
0.000000000000000000e+00
0.000000000000000000e+00
0.000000000000000000e+00
4.241211826183644007e-09
0.000000000000000000e+00
3.961825534304352914e-09
6.739360287610907108e-07
2.893621910970978206e-07
0.000000000000000000e+00
0.000000000000000000e+00
0.000000000000000000e+00
0.000000000000000000e+00
0.000000000000000000e+00
2.110037256031205288e-09
0.000000000000000000e+00
0.000000000000000000e+00
0.000000000000000000e+00
0.000000000000000000e+00
6.758173132226374946e-09
0.000000000000000000e+00
9.316981852691696986e-09
2.869497564006451285e-07
0.000000000000000000e+00
5.805852865137239860e-08
0.000000000000000000e+00
0.000000000000000000e+00
0.000000000000000000e+00
0.000000000000000000e+00
0.000000000000000000e+00
0.000000000000000000e+00
3.630567277923546499e-07
5.142415488990081940e-07
0.000000000000000000e+00
0.000000000000000000e+00
0.000000000000000000e+00
2.373744978356739921e-09
0.000000000000000000e+00
0.000000000000000000e+00
0.000000000000000000e+00
0.000000000000000000e+00
0.000000000000000000e+00
0.000000000000000000e+00
6.422356949638968748e-14
0.000000000000000000e+00
9.739625106419680378e-09
2.518788233540902866e-10
0.000000000000000000e+00
7.758161224558079994e-09
3.533217121653997594e-12
1.486523881766288468e-08
0.000000000000000000e+00
1.328466964878316503e-06
7.078808206273379255e-09
2.301000640025918642e-10
0.000000000000000000e+00
5.000879355065990239e-07
1.661366866301250411e-07
3.238437784602865577e-07
1.858258542597468477e-07
0.000000000000000000e+00
5.605726549617884302e-09
5.593707186335450388e-08
0.000000000000000000e+00
2.057747394701436860e-08
1.753963090322940843e-07
0.000000000000000000e+00
2.105395191520642584e-09
1.765516621787810436e-08
5.017132309603766771e-08
9.995434879783715587e-08
4.008184895099020650e-10
0.000000000000000000e+00
6.488568349283241332e-09
6.715074718499636219e-09
0.000000000000000000e+00
0.000000000000000000e+00
1.697992502158740535e-07
2.379325358958794823e-08
0.000000000000000000e+00
0.000000000000000000e+00
0.000000000000000000e+00
0.000000000000000000e+00
0.000000000000000000e+00
0.000000000000000000e+00
0.000000000000000000e+00
0.000000000000000000e+00
0.000000000000000000e+00
4.960462596237391608e-10
0.000000000000000000e+00
3.610536980502843107e-09
1.448782538382431540e-09
0.000000000000000000e+00
0.000000000000000000e+00
1.428455043139820191e-08
0.000000000000000000e+00
0.000000000000000000e+00
7.421416779729295143e-12
1.365073671877325978e-07
0.000000000000000000e+00
0.000000000000000000e+00
0.000000000000000000e+00
0.000000000000000000e+00
0.000000000000000000e+00
0.000000000000000000e+00
0.000000000000000000e+00
0.000000000000000000e+00
7.372011889827945197e-09
0.000000000000000000e+00
1.438001162590296644e-09
0.000000000000000000e+00
0.000000000000000000e+00
8.773973214637464935e-11
7.622638631410438848e-11
0.000000000000000000e+00
9.661249578130082227e-09
0.000000000000000000e+00
0.000000000000000000e+00
0.000000000000000000e+00
1.021078666063601759e-09
6.730958013179133559e-09
0.000000000000000000e+00
1.515860681422509515e-08
0.000000000000000000e+00
0.000000000000000000e+00
6.503305449712115660e-09
0.000000000000000000e+00
0.000000000000000000e+00
0.000000000000000000e+00
1.426998103015719721e-10
0.000000000000000000e+00
0.000000000000000000e+00
1.857284637196698895e-08
0.000000000000000000e+00
6.789457074773963541e-06
3.905812775428785244e-07
1.285443147480691550e-07
3.023329327334067784e-06
7.862969937377783936e-07
1.838156208577856887e-06
5.207306799093203153e-07
5.829582505612052046e-08
8.278652785520534962e-07
0.000000000000000000e+00
0.000000000000000000e+00
2.655597519662933337e-09
7.968389503787420836e-09
1.124337956071030931e-08
2.594590569060528651e-06
2.901483142636607226e-08
7.777122590368890087e-08
1.282266566704493016e-06
4.448924784128394094e-09
7.074300810927525163e-06
2.706021575704653515e-07
8.126793127338771683e-10
3.911787160859603318e-08
8.563595166322102159e-09
0.000000000000000000e+00
0.000000000000000000e+00
0.000000000000000000e+00
3.415877802837030686e-09
0.000000000000000000e+00
1.073683506547240540e-07
1.210214928271113877e-09
0.000000000000000000e+00
8.180510491229142644e-09
9.803248879336479149e-09
0.000000000000000000e+00
0.000000000000000000e+00
1.217807039211038500e-06
7.545038482881238906e-10
0.000000000000000000e+00
1.005994665348453054e-08
0.000000000000000000e+00
0.000000000000000000e+00
5.420498538910578645e-08
4.208978339192981366e-07
2.937937892966147047e-09
2.051566667660154053e-07
0.000000000000000000e+00
2.523864894854455088e-09
0.000000000000000000e+00
2.968890022714276711e-08
0.000000000000000000e+00
1.824319717513844807e-08
0.000000000000000000e+00
3.358300091349519789e-07
8.453572064581749146e-09
5.353131271590427787e-09
0.000000000000000000e+00
1.091052581614349037e-09
4.552596355456017818e-10
0.000000000000000000e+00
1.460744414316650364e-09
0.000000000000000000e+00
0.000000000000000000e+00
8.040028198763593537e-09
4.881908655107736195e-09
3.268894932517696361e-09
1.121743594012514222e-06
3.805668313816568116e-08
1.977898733684924082e-07
1.219762311988059622e-11
9.928828426097879856e-09
8.688761568009795155e-07
2.291335903237268212e-07
2.847614268830511719e-07
0.000000000000000000e+00
2.304830459820550459e-08
1.503506155131617561e-07
9.111440846254481585e-08
0.000000000000000000e+00
1.463775674892531242e-06
2.317056546630169578e-09
1.659542392395962906e-09
2.026900425278199691e-09
0.000000000000000000e+00
1.208616026815434452e-06
2.174768276574923220e-08
6.585102596545766573e-08
1.150546102834937301e-09
0.000000000000000000e+00
4.924041263620893005e-07
2.505800011931569315e-07
0.000000000000000000e+00
0.000000000000000000e+00
0.000000000000000000e+00
0.000000000000000000e+00
0.000000000000000000e+00
0.000000000000000000e+00
3.197311926328438858e-08
0.000000000000000000e+00
0.000000000000000000e+00
0.000000000000000000e+00
0.000000000000000000e+00
0.000000000000000000e+00
0.000000000000000000e+00
0.000000000000000000e+00
5.574726458235090831e-09
2.222040884625187118e-10
0.000000000000000000e+00
0.000000000000000000e+00
0.000000000000000000e+00
1.401242732956831105e-10
0.000000000000000000e+00
1.002513805303806294e-08
6.543047770257715001e-10
3.400034813694219338e-07
4.165880314321857014e-12
5.323057621353655122e-07
8.929658790179928474e-09
5.499844846212909033e-08
1.458325584735575831e-07
6.924909712324733846e-07
1.831301887911251924e-09
2.434972259379719617e-07
9.527505007156378269e-09
8.444253296602255432e-09
5.668418179283207792e-09
5.054103624502204184e-08
2.398348897258983925e-07
0.000000000000000000e+00
3.131940218281670241e-07
0.000000000000000000e+00
0.000000000000000000e+00
1.080987203749828041e-06
1.159943849415867589e-06
0.000000000000000000e+00
1.031194301504001487e-06
0.000000000000000000e+00
0.000000000000000000e+00
1.687062578525910794e-08
3.402324866286221550e-09
0.000000000000000000e+00
3.035038616872043349e-06
7.181396810551632370e-09
0.000000000000000000e+00
0.000000000000000000e+00
3.039275220384496379e-10
0.000000000000000000e+00
0.000000000000000000e+00
0.000000000000000000e+00
0.000000000000000000e+00
0.000000000000000000e+00
0.000000000000000000e+00
0.000000000000000000e+00
0.000000000000000000e+00
0.000000000000000000e+00
7.435494442376011648e-09
6.765156213006662256e-10
3.158976724648709933e-08
0.000000000000000000e+00
6.634533367133599313e-09
1.860221088278990464e-09
1.817189398956031710e-09
0.000000000000000000e+00
1.074415889590341067e-09
0.000000000000000000e+00
0.000000000000000000e+00
0.000000000000000000e+00
0.000000000000000000e+00
1.015672324022887096e-09
0.000000000000000000e+00
7.513846433937487745e-09
4.815488008347301729e-10
0.000000000000000000e+00
0.000000000000000000e+00
4.972309852746548131e-08
0.000000000000000000e+00
0.000000000000000000e+00
0.000000000000000000e+00
0.000000000000000000e+00
0.000000000000000000e+00
0.000000000000000000e+00
0.000000000000000000e+00
0.000000000000000000e+00
8.264781747868710227e-09
9.375190401783584093e-09
1.154346218612545272e-08
0.000000000000000000e+00
0.000000000000000000e+00
4.714112086801058865e-11
4.827792610129222339e-10
1.083474785446014721e-06
5.289034277211612789e-08
1.475927113858688244e-08
4.672991327225872737e-09
0.000000000000000000e+00
8.867009348989540740e-09
0.000000000000000000e+00
1.510662706039056502e-08
9.932480532492959924e-11
2.679685735529346857e-07
0.000000000000000000e+00
4.709775112132774666e-07
0.000000000000000000e+00
4.608907602232648060e-07
2.194998671711800853e-07
1.227628398936531084e-08
2.272694255012197573e-09
0.000000000000000000e+00
0.000000000000000000e+00
0.000000000000000000e+00
0.000000000000000000e+00
7.278191938020484031e-10
1.930487769641331397e-08
0.000000000000000000e+00
2.517575012461747974e-06
0.000000000000000000e+00
1.872509329814420198e-07
2.647751740081361049e-10
4.985674095792091975e-09
2.258025544321640155e-09
0.000000000000000000e+00
8.386810357308149833e-09
0.000000000000000000e+00
0.000000000000000000e+00
0.000000000000000000e+00
0.000000000000000000e+00
0.000000000000000000e+00
0.000000000000000000e+00
1.918518535148905357e-07
8.330367563758045435e-06
6.911233807471717228e-09
6.066495927825599210e-08
2.770673646068644302e-08
0.000000000000000000e+00
5.509675354842258344e-11
0.000000000000000000e+00
3.073031384914770570e-09
6.578652289590536384e-09
0.000000000000000000e+00
5.066643105067214492e-09
4.663969210838558865e-10
3.738538090214404974e-10
1.442674313345548853e-09
0.000000000000000000e+00
6.191823498369330991e-09
3.769949685761275759e-09
0.000000000000000000e+00
6.776128884666832164e-07
1.134659896706580184e-06
6.973682786792778643e-08
0.000000000000000000e+00
1.344818478798970318e-08
0.000000000000000000e+00
0.000000000000000000e+00
0.000000000000000000e+00
1.277349959138973645e-08
1.501779589574425700e-09
3.189335601172516022e-11
2.494709105960168927e-09
0.000000000000000000e+00
1.812881933460630535e-08
4.346299764534933274e-09
0.000000000000000000e+00
1.672332494706552097e-09
0.000000000000000000e+00
0.000000000000000000e+00
7.114130951002550773e-10
5.216177267897137426e-09
3.796092471475276398e-07
1.824523998550375836e-08
2.575216839773020183e-08
2.822162628035584930e-07
4.534245761078636860e-07
6.637953298138654645e-09
5.357910595193970948e-07
4.792125878338993061e-07
4.196921281618415378e-07
1.214900402501939425e-10
1.328021803637113862e-09
5.979046702186963103e-10
3.627150846341464785e-08
1.091861712154695851e-08
3.753455768418234584e-09
1.433311941356762986e-10
0.000000000000000000e+00
0.000000000000000000e+00
0.000000000000000000e+00
0.000000000000000000e+00
1.077138822580536726e-09
0.000000000000000000e+00
7.480465136211478239e-09
0.000000000000000000e+00
9.629361841234640451e-08
0.000000000000000000e+00
0.000000000000000000e+00
0.000000000000000000e+00
3.726249975244400048e-09
0.000000000000000000e+00
8.762464087652688249e-10
1.158638074372220217e-09
6.509579542068877345e-09
3.395659753380186885e-09
7.924404882286850693e-11
9.559677494053175906e-09
0.000000000000000000e+00
1.694385503014927963e-07
7.591991035837963864e-09
1.860346969806414563e-07
3.742223864122706800e-09
7.563998316584275017e-09
0.000000000000000000e+00
1.205741950727201584e-09
3.383171431892151304e-08
7.490041364910382526e-10
2.132959808776035970e-09
3.314347241101245345e-09
4.464639768997358260e-10
0.000000000000000000e+00
7.692174008866459189e-09
0.000000000000000000e+00
3.406701809538503767e-09
0.000000000000000000e+00
0.000000000000000000e+00
0.000000000000000000e+00
2.060617232402250920e-09
6.340411573546589352e-08
4.097553026050082536e-12
1.774854581526597030e-06
3.464322162471944466e-09
2.964254690596135333e-07
5.785491877241533132e-12
1.593039371527993353e-07
1.157721044364734553e-06
1.295110081400707713e-07
6.493018123165938960e-09
1.456673004440744990e-07
1.445863404114788864e-06
6.423864551408087209e-09
6.814619979422786855e-10
5.694645324183511548e-07
1.723280185217390681e-09
4.832747535488124413e-08
1.513774691375147086e-06
1.652996317602628551e-08
1.080258016372681595e-06
1.644217917373680393e-08
1.345102020877675386e-07
3.055239687910216162e-07
4.543518983268768352e-08
4.545354670426604571e-08
0.000000000000000000e+00
0.000000000000000000e+00
1.822423989494836860e-08
2.376286829530727118e-07
6.585797507341339951e-08
4.532781076704850420e-06
4.129908359740142032e-10
1.245782643710668935e-10
8.121695677099083355e-11
2.163860479686974259e-10
0.000000000000000000e+00
1.648563369149869118e-10
1.257484005812159467e-09
0.000000000000000000e+00
0.000000000000000000e+00
0.000000000000000000e+00
5.652842638426136546e-09
0.000000000000000000e+00
1.291993956265002907e-09
0.000000000000000000e+00
7.948493946363655027e-11
6.046191103337150707e-09
0.000000000000000000e+00
0.000000000000000000e+00
0.000000000000000000e+00
0.000000000000000000e+00
6.173794253605535687e-10
1.209578925909227110e-08
4.973693012999547136e-09
3.781418733694863477e-09
3.755362968149711378e-06
2.850043756552622654e-09
5.260503144199901726e-10
0.000000000000000000e+00
7.226885259115078952e-07
8.832043429940483747e-11
5.266763691835762984e-10
1.552837375129456632e-06
2.684494688764971215e-07
0.000000000000000000e+00
1.096695200430986006e-06
2.424271201562078204e-07
0.000000000000000000e+00
1.348976219617270544e-08
2.943142440869905840e-08
1.318411158024446195e-09
2.097412021839772933e-09
2.347311145456387749e-08
1.356173413569194963e-07
8.888186187050450826e-08
0.000000000000000000e+00
6.490581085927260574e-07
0.000000000000000000e+00
0.000000000000000000e+00
0.000000000000000000e+00
0.000000000000000000e+00
0.000000000000000000e+00
0.000000000000000000e+00
0.000000000000000000e+00
8.388532535263948375e-09
0.000000000000000000e+00
0.000000000000000000e+00
0.000000000000000000e+00
0.000000000000000000e+00
0.000000000000000000e+00
0.000000000000000000e+00
0.000000000000000000e+00
0.000000000000000000e+00
0.000000000000000000e+00
0.000000000000000000e+00
0.000000000000000000e+00
0.000000000000000000e+00
0.000000000000000000e+00
0.000000000000000000e+00
8.506728099710869628e-10
8.836860132532819989e-09
3.654316182988281980e-09
1.351396106130664521e-09
0.000000000000000000e+00
4.724438440462108701e-07
0.000000000000000000e+00
0.000000000000000000e+00
3.680717064469263278e-09
0.000000000000000000e+00
4.424347110898452229e-09
0.000000000000000000e+00
0.000000000000000000e+00
1.814216887829900315e-09
1.090452261820473723e-08
4.567478395500756960e-09
5.227799970697333265e-09
1.406854455154871175e-08
0.000000000000000000e+00
3.412398835722640911e-11
9.857829219583891245e-09
9.042634196987364703e-09
0.000000000000000000e+00
6.443954259083284342e-09
7.684096914317706251e-09
1.618190997865198710e-11
1.400805444973229896e-06
1.372576775793277193e-06
2.468698856450401991e-12
8.208482227267666076e-10
1.671549319315693283e-13
6.512488681664763135e-08
2.586322125353035517e-06
1.671648561796246213e-07
0.000000000000000000e+00
2.987147354360786267e-06
3.334030225232709199e-06
1.696934219808099442e-07
4.483768023533230007e-09
1.683541483998851618e-08
2.438166335494429404e-11
7.321879769150996253e-10
9.185555427393410355e-09
0.000000000000000000e+00
1.007449782264302485e-06
0.000000000000000000e+00
1.487004186451201804e-09
1.297247642639831611e-09
0.000000000000000000e+00
0.000000000000000000e+00
0.000000000000000000e+00
0.000000000000000000e+00
9.540412975184153765e-07
4.862878100198031461e-09
0.000000000000000000e+00
1.520191794668335206e-08
6.151025799816522976e-10
0.000000000000000000e+00
0.000000000000000000e+00
0.000000000000000000e+00
5.650312662197620739e-09
0.000000000000000000e+00
0.000000000000000000e+00
0.000000000000000000e+00
2.430941892228588586e-09
2.740790350230781769e-08
0.000000000000000000e+00
0.000000000000000000e+00
9.763962083297883510e-08
5.996218632731142861e-09
1.213988243264907396e-09
9.381817545062176578e-10
9.697554759213744546e-09
0.000000000000000000e+00
0.000000000000000000e+00
0.000000000000000000e+00
2.059121539943475909e-09
0.000000000000000000e+00
8.139330276435430278e-08
8.010136443026283359e-10
1.626769274842843060e-10
4.418846089038197533e-08
8.268459623650414869e-07
9.605505724152862967e-09
7.887951625207278994e-09
0.000000000000000000e+00
2.154592060321647295e-08
4.535577191600026481e-10
0.000000000000000000e+00
4.827072430657608493e-08
2.807890950862201862e-07
7.539751578633513418e-08
3.722777641712582408e-09
0.000000000000000000e+00
2.147372413219272858e-07
1.802903170755598694e-06
5.679982262307703422e-09
3.304738038778509690e-09
1.343908024864504114e-06
4.354756981683749473e-07
6.973040171942557208e-07
2.201092570430773776e-07
0.000000000000000000e+00
0.000000000000000000e+00
6.392869345006602089e-09
0.000000000000000000e+00
0.000000000000000000e+00
1.732376742058505670e-10
2.965404033439256182e-10
0.000000000000000000e+00
1.353092859979199147e-09
0.000000000000000000e+00
0.000000000000000000e+00
0.000000000000000000e+00
0.000000000000000000e+00
3.468659359739945103e-09
0.000000000000000000e+00
0.000000000000000000e+00
0.000000000000000000e+00
4.097129302493840441e-09
3.574573526066160412e-08
2.000704289739640984e-11
0.000000000000000000e+00
1.312783393103700291e-08
1.092513302047848356e-09
4.559136712600775354e-08
0.000000000000000000e+00
0.000000000000000000e+00
0.000000000000000000e+00
4.718702761863369233e-09
0.000000000000000000e+00
0.000000000000000000e+00
2.068704096913620560e-10
0.000000000000000000e+00
0.000000000000000000e+00
0.000000000000000000e+00
3.599361642070419975e-10
2.780609298369540738e-09
0.000000000000000000e+00
0.000000000000000000e+00
0.000000000000000000e+00
8.650101468443693875e-11
1.143860492436310494e-10
1.109801139875798981e-09
0.000000000000000000e+00
4.352835603071980586e-08
0.000000000000000000e+00
0.000000000000000000e+00
1.960508318188391996e-11
0.000000000000000000e+00
0.000000000000000000e+00
0.000000000000000000e+00
0.000000000000000000e+00
0.000000000000000000e+00
2.591472991753107635e-08
5.588507781539853170e-11
1.933106341667212291e-09
4.817024001901870633e-10
5.774882350095822403e-09
2.492713535584556439e-10
0.000000000000000000e+00
0.000000000000000000e+00
1.282248263123619836e-07
0.000000000000000000e+00
5.996901819571576198e-08
9.839582304493887932e-08
0.000000000000000000e+00
1.047269770904080133e-10
8.295126718849132885e-08
1.995890386297105579e-07
3.428575201525063676e-09
5.073415110246060067e-08
7.555156500416160270e-09
5.960388183012810259e-09
2.805522480997524326e-09
0.000000000000000000e+00
0.000000000000000000e+00
9.863859062875235395e-09
0.000000000000000000e+00
8.220419900339948072e-09
0.000000000000000000e+00
0.000000000000000000e+00
9.465475159231573343e-07
0.000000000000000000e+00
2.049111600399555755e-07
0.000000000000000000e+00
0.000000000000000000e+00
5.763437016526040679e-08
0.000000000000000000e+00
4.892748428630966373e-09
0.000000000000000000e+00
0.000000000000000000e+00
8.076904145504215649e-10
0.000000000000000000e+00
0.000000000000000000e+00
0.000000000000000000e+00
0.000000000000000000e+00
0.000000000000000000e+00
0.000000000000000000e+00
0.000000000000000000e+00
0.000000000000000000e+00
5.138679739502549637e-07
0.000000000000000000e+00
0.000000000000000000e+00
0.000000000000000000e+00
3.013772564841588064e-10
0.000000000000000000e+00
0.000000000000000000e+00
0.000000000000000000e+00
0.000000000000000000e+00
7.309320371184924170e-10
0.000000000000000000e+00
4.723020197161531541e-09
4.812236113066470367e-12
0.000000000000000000e+00
0.000000000000000000e+00
0.000000000000000000e+00
1.038786422213888727e-06
5.806772396255155400e-09
0.000000000000000000e+00
8.889592950644953362e-10
0.000000000000000000e+00
0.000000000000000000e+00
0.000000000000000000e+00
3.468439313536464397e-09
7.868716345171833382e-09
0.000000000000000000e+00
1.099812130256339060e-09
0.000000000000000000e+00
6.737114688348810887e-08
7.162667792215415830e-09
0.000000000000000000e+00
0.000000000000000000e+00
1.586088593796830537e-09
9.254624844245995519e-10
0.000000000000000000e+00
0.000000000000000000e+00
0.000000000000000000e+00
0.000000000000000000e+00
5.962630389433343225e-11
3.371442292010584652e-10
4.748740067839207768e-09
2.084157983972545480e-07
0.000000000000000000e+00
6.321173628975884640e-08
8.965069797639557692e-10
1.422131248318692087e-07
3.117476580882794224e-06
1.617653197172330692e-06
4.819455381652182346e-13
1.043396302691235178e-08
1.549246462673181668e-06
1.106243985304899979e-08
4.790313701263926305e-10
6.627880910770045375e-09
1.546767158799866593e-09
3.580474583486648044e-08
3.644390744739212096e-07
0.000000000000000000e+00
0.000000000000000000e+00
2.048411005262096296e-07
1.713338360076477329e-09
0.000000000000000000e+00
5.392375328483467456e-07
5.340138553577844505e-09
0.000000000000000000e+00
4.267443731720277356e-09
2.049945213578041603e-10
1.025563634016180004e-09
6.355489290399418678e-07
0.000000000000000000e+00
2.636410840750613715e-07
2.058125225801177294e-09
0.000000000000000000e+00
1.078731681758426930e-08
0.000000000000000000e+00
0.000000000000000000e+00
0.000000000000000000e+00
0.000000000000000000e+00
0.000000000000000000e+00
0.000000000000000000e+00
2.538516127970069647e-06
0.000000000000000000e+00
0.000000000000000000e+00
0.000000000000000000e+00
0.000000000000000000e+00
0.000000000000000000e+00
0.000000000000000000e+00
0.000000000000000000e+00
0.000000000000000000e+00
0.000000000000000000e+00
0.000000000000000000e+00
1.066548183104032432e-08
1.824359663338270821e-09
4.237656447969584406e-09
8.424525077543876250e-09
7.789123512846884978e-12
0.000000000000000000e+00
1.241171831978249429e-09
7.008831293120465489e-09
1.530497117929741080e-10
0.000000000000000000e+00
0.000000000000000000e+00
0.000000000000000000e+00
0.000000000000000000e+00
1.062939070095580973e-09
0.000000000000000000e+00
0.000000000000000000e+00
0.000000000000000000e+00
5.424925508812350472e-10
0.000000000000000000e+00
0.000000000000000000e+00
0.000000000000000000e+00
1.443573125620156716e-12
0.000000000000000000e+00
0.000000000000000000e+00
6.199590174560398737e-09
0.000000000000000000e+00
4.242499187512294156e-07
0.000000000000000000e+00
0.000000000000000000e+00
1.390607767826068653e-10
0.000000000000000000e+00
0.000000000000000000e+00
0.000000000000000000e+00
0.000000000000000000e+00
0.000000000000000000e+00
2.074725102829688694e-08
7.122245571089536043e-10
3.122182690162844665e-08
0.000000000000000000e+00
9.073060358577578199e-11
4.762914613820612431e-07
4.224917660167193389e-08
0.000000000000000000e+00
1.149399064814815574e-08
1.025319473768604439e-08
4.493650174186569757e-10
9.457814975633027643e-09
3.293690653549674607e-08
1.563476992316736869e-08
1.505637897025735583e-06
1.198247456812850942e-08
0.000000000000000000e+00
0.000000000000000000e+00
1.192515775017000124e-08
7.075066754680392478e-09
1.382734780008831876e-07
2.390692088738433085e-08
6.050723073622310544e-13
0.000000000000000000e+00
5.287053017610787720e-09
1.216555460814561229e-06
7.527011652852522161e-11
3.734208675609806960e-08
4.810743803318473510e-07
3.824785892447835067e-07
2.327111729982789257e-07
1.139342998612846714e-06
1.473313915312246536e-07
0.000000000000000000e+00
2.845444768695415405e-09
5.826121807217532478e-09
8.443881704955913392e-10
0.000000000000000000e+00
0.000000000000000000e+00
2.127791720596405867e-09
1.018493378523999127e-07
0.000000000000000000e+00
6.066093405365791114e-09
0.000000000000000000e+00
0.000000000000000000e+00
4.877548143156218430e-09
0.000000000000000000e+00
0.000000000000000000e+00
5.630228283592941807e-09
4.028584757453934628e-11
0.000000000000000000e+00
0.000000000000000000e+00
0.000000000000000000e+00
0.000000000000000000e+00
0.000000000000000000e+00
3.891482969198278852e-10
4.660309471660184499e-09
0.000000000000000000e+00
7.301951265858974693e-10
0.000000000000000000e+00
1.286274642353646414e-08
8.273338636399785173e-08
5.725601770478760955e-09
0.000000000000000000e+00
6.801508334319805726e-07
0.000000000000000000e+00
0.000000000000000000e+00
7.682370017914053051e-11
4.938268127752110104e-10
3.287844885235813308e-09
0.000000000000000000e+00
2.525555828469805419e-06
8.860183697834145278e-09
1.162934193388309723e-09
0.000000000000000000e+00
0.000000000000000000e+00
4.921602236862554491e-09
2.298152174205064791e-13
1.043459150196213159e-07
0.000000000000000000e+00
3.144579485692133858e-09
2.573838642216941253e-10
3.837706263887241676e-10
0.000000000000000000e+00
7.779406452357306989e-09
0.000000000000000000e+00
0.000000000000000000e+00
0.000000000000000000e+00
1.713086339449887419e-10
1.166469942859293951e-08
3.438479723172349622e-09
0.000000000000000000e+00
6.856136103294829809e-09
4.937017461514869865e-10
0.000000000000000000e+00
0.000000000000000000e+00
3.628656541909691668e-10
0.000000000000000000e+00
3.693819417005528294e-10
1.040450725575681190e-09
0.000000000000000000e+00
3.165266804217026220e-08
7.256468759209155905e-09
1.728199272577057855e-08
4.600750287409027806e-07
4.705211775757334181e-10
8.847765187169898127e-09
4.296170086348638506e-09
1.806479618671197329e-11
8.298769671455374919e-09
1.464532743966628914e-07
0.000000000000000000e+00
6.637392718777945788e-11
2.020017149106934085e-07
5.419605653145254109e-09
6.955272624509234447e-08
0.000000000000000000e+00
1.733406820858540698e-11
0.000000000000000000e+00
0.000000000000000000e+00
0.000000000000000000e+00
5.198744990053683068e-09
0.000000000000000000e+00
4.481695015101649915e-10
2.533068709453800693e-06
0.000000000000000000e+00
8.724747146970912581e-09
0.000000000000000000e+00
0.000000000000000000e+00
0.000000000000000000e+00
0.000000000000000000e+00
0.000000000000000000e+00
9.222202557168657222e-09
0.000000000000000000e+00
0.000000000000000000e+00
0.000000000000000000e+00
2.249296304768222399e-09
1.849216113569696063e-09
0.000000000000000000e+00
3.162241357657080698e-09
6.016947828868524084e-09
6.865008236357772464e-13
1.033270483064008260e-10
0.000000000000000000e+00
7.939109814003586507e-09
0.000000000000000000e+00
3.935681780475874803e-10
0.000000000000000000e+00
0.000000000000000000e+00
0.000000000000000000e+00
4.884288955508964136e-07
0.000000000000000000e+00
2.212346084107252864e-09
1.566244201001154579e-08
8.270447438007977325e-09
0.000000000000000000e+00
0.000000000000000000e+00
9.604575801347436936e-09
2.382204478124094749e-08
2.557800904412488308e-08
0.000000000000000000e+00
0.000000000000000000e+00
0.000000000000000000e+00
2.110303221058984491e-08
0.000000000000000000e+00
3.567057262898742920e-07
4.749622570243694497e-11
1.898871992978001799e-08
0.000000000000000000e+00
2.432161361198836858e-09
0.000000000000000000e+00
0.000000000000000000e+00
1.048493913913262077e-06
8.908354956482789078e-12
0.000000000000000000e+00
6.047131240194403290e-09
3.428568540186915925e-09
5.594416663257106848e-08
0.000000000000000000e+00
5.438793415635245765e-09
2.958261191565725312e-08
9.743348350355063303e-09
8.509947413415375195e-09
1.073902478054833409e-08
2.767762241617788277e-09
5.552339477077339325e-09
3.172195022216328653e-07
1.040211827785242349e-07
0.000000000000000000e+00
4.803523134810916417e-10
2.590408776370622945e-09
2.667452747573406668e-08
7.270759994071340770e-09
1.147894934661053412e-07
2.968317680540621950e-08
5.022370075380422350e-09
2.815252475585339198e-09
1.104182092981353946e-10
9.100762099478743039e-07
2.391808720858534798e-06
1.318131714889148043e-09
3.454348629361447820e-08
1.946917116413260374e-08
3.279667382116713270e-08
0.000000000000000000e+00
8.669595707999633305e-09
4.646611984071569168e-09
1.763107437824373847e-10
2.984082425605549815e-10
1.582869124661101523e-08
0.000000000000000000e+00
3.404449222532690555e-10
0.000000000000000000e+00
0.000000000000000000e+00
1.176299591065799177e-08
0.000000000000000000e+00
0.000000000000000000e+00
4.896664851372634075e-09
9.226099328962789059e-10
3.126370828887559128e-10
0.000000000000000000e+00
1.277803463040072529e-08
5.331832753086018784e-09
0.000000000000000000e+00
0.000000000000000000e+00
5.282089432512293570e-09
1.666648863363207056e-08
1.161676710381698285e-08
0.000000000000000000e+00
0.000000000000000000e+00
0.000000000000000000e+00
0.000000000000000000e+00
0.000000000000000000e+00
0.000000000000000000e+00
0.000000000000000000e+00
2.501244211750019986e-10
4.787261254080021899e-09
1.278181865904670644e-10
0.000000000000000000e+00
1.908481594981026319e-09
5.585094164928250393e-09
0.000000000000000000e+00
0.000000000000000000e+00
8.653884719933557790e-09
3.998556152851051593e-09
7.035658861065385850e-11
0.000000000000000000e+00
0.000000000000000000e+00
2.227528206333317939e-08
2.706028734422716298e-10
1.214744832500613825e-10
1.226469663606621907e-07
0.000000000000000000e+00
0.000000000000000000e+00
4.974033185334292284e-09
1.021485881991246458e-10
3.941215354075211508e-08
2.659574604990666558e-08
9.465745520742530061e-09
4.535706921160453930e-07
1.104038993560152448e-08
1.553523709674209385e-08
1.520499992579971149e-08
5.753347309678247257e-08
0.000000000000000000e+00
8.916367733036167920e-08
4.466176051209913567e-08
7.567839688249478058e-09
5.090492649628686195e-08
1.106518894289365562e-07
3.193949282831454184e-08
1.375564373518045613e-08
0.000000000000000000e+00
0.000000000000000000e+00
2.565652801322926280e-09
0.000000000000000000e+00
2.949844812860646925e-08
0.000000000000000000e+00
0.000000000000000000e+00
0.000000000000000000e+00
8.969777809397783130e-07
1.746554706416603153e-10
0.000000000000000000e+00
1.948042838151309297e-10
9.081834173585434655e-10
7.427864434639275260e-10
3.299285844526878009e-10
1.904774428462818747e-11
2.568947485293016086e-11
9.840345427392094280e-09
9.680322321514722717e-09
4.899547079162402952e-08
0.000000000000000000e+00
1.293213536257553642e-08
0.000000000000000000e+00
7.667296131330658682e-09
1.994592935261607636e-08
9.768721925191886819e-16
3.539005755115454122e-09
1.505357727360490117e-09
1.457559140050079804e-08
4.412273710840963759e-07
2.463447685840947088e-07
1.242829128500488878e-08
8.250020755440345965e-08
6.571360700036166236e-07
7.895917519817885477e-07
1.243209112544718664e-06
4.511347810876031872e-07
9.281058055421453901e-07
1.990419377762009390e-06
2.674368033694918267e-07
2.335228600713890046e-06
4.968441089658881538e-07
1.689217015155008994e-06
1.575814536636244156e-07
6.692445264633306579e-09
7.969449598022038117e-07
5.807438014926447067e-07
2.693619762794696726e-06
1.207002355840813834e-06
5.427815494840615429e-07
5.607686489383922890e-06
4.188089803847105941e-07
0.000000000000000000e+00
6.724973911076403965e-09
3.180573685312992893e-06
2.754797776560735656e-07
2.782750016194768250e-06
0.000000000000000000e+00
0.000000000000000000e+00
2.333776762952766148e-07
9.479248497257231065e-09
0.000000000000000000e+00
1.020316858557634987e-06
4.360892376098490786e-07
7.910231261121225543e-07
1.583833864060579799e-07
3.182261707479483448e-07
1.529498234731363482e-07
1.749934597228275379e-07
1.386620152032946862e-09
8.791271000063716201e-08
8.308325583072928566e-09
3.052014641014011431e-09
1.302992416185588809e-07
7.528722090199835293e-10
8.139432239318011852e-09
7.328339268752870339e-09
1.426144422111974563e-06
1.741130063237505965e-06
8.090640903901658021e-07
5.252729096127950470e-08
1.808506340239546262e-07
3.003019401148776524e-06
4.811543021787656471e-07
2.797332285808806773e-07
2.418419171590358019e-07
2.552363866925588809e-06
1.916268388413300272e-07
0.000000000000000000e+00
0.000000000000000000e+00
5.704270833462032897e-09
5.528982427449591341e-08
1.177877351210554480e-08
4.065056735669259069e-09
1.223451704390754458e-07
0.000000000000000000e+00
7.776871369102877907e-10
0.000000000000000000e+00
0.000000000000000000e+00
1.600781388333416544e-06
3.082322166392259533e-07
6.091590307732985821e-07
1.248816374754824210e-06
6.916284291946794838e-07
0.000000000000000000e+00
7.004738336036098190e-07
3.135584734081930947e-07
8.096446180161365191e-09
2.585244658348528901e-07
9.858122651529299674e-11
9.737892436856299128e-11
1.153335134063127043e-07
1.307496333424751356e-09
0.000000000000000000e+00
5.805758096499857857e-09
1.476831016589130741e-06
1.153264406639209483e-06
7.522348823840729892e-07
1.181892912427429110e-06
6.213871301952167414e-07
1.004106131574644678e-08
3.395444139187020482e-07
2.342039351788116619e-06
4.419694960233755410e-06
0.000000000000000000e+00
0.000000000000000000e+00
0.000000000000000000e+00
0.000000000000000000e+00
0.000000000000000000e+00
7.328234373493724974e-12
3.108032160525908694e-07
9.163956260493932859e-10
4.849865717915236019e-07
1.832847829064121470e-07
1.353239667878369801e-06
1.933915854124279576e-07
5.775304998678620905e-07
6.843268920420086943e-07
3.986738192907068878e-07
4.268290183517819969e-07
0.000000000000000000e+00
7.874950469499708561e-09
2.835841428350249771e-07
1.246270699084561784e-06
5.463821839413185444e-09
2.362232631725191823e-10
0.000000000000000000e+00
0.000000000000000000e+00
2.089360293666686630e-07
4.623649019208642130e-09
0.000000000000000000e+00
1.834393259514399688e-07
0.000000000000000000e+00
2.014170092934364220e-07
3.736638802820380079e-07
4.064376639689726289e-07
1.674129521234135609e-06
6.130041469987190794e-07
0.000000000000000000e+00
0.000000000000000000e+00
1.288536985444288518e-11
0.000000000000000000e+00
2.126492404386226553e-08
2.982261548822862096e-09
6.126785301319159771e-09
1.316094767389586195e-06
1.080145011655986309e-06
2.193923819504561834e-06
3.725736632986809127e-06
7.110048159120196942e-07
1.279824391531292349e-05
1.067311603680787258e-11
0.000000000000000000e+00
0.000000000000000000e+00
0.000000000000000000e+00
2.131615717271273525e-11
1.304417196479334962e-06
1.020262097028989956e-08
5.443924351311579812e-07
4.444732137898199653e-09
0.000000000000000000e+00
2.213632654957109480e-07
7.797192438374622725e-07
6.542318242708233811e-09
0.000000000000000000e+00
9.996918848287350556e-09
0.000000000000000000e+00
1.063265031575610919e-09
0.000000000000000000e+00
4.929099191031127702e-07
2.100495919421518920e-07
0.000000000000000000e+00
4.288533084206846979e-09
0.000000000000000000e+00
2.035311581494170241e-07
3.427937267375114061e-09
9.323983931608381681e-07
4.656876058106718119e-07
5.249759169601020403e-07
1.054825062851705297e-07
3.428426875728973755e-09
5.960794169368455186e-06
2.207891753869262175e-07
3.302125151094514877e-08
3.336790825869684340e-07
7.370007715223891864e-09
1.110439939111529384e-06
3.697023132076537877e-09
2.566891976751861648e-10
9.319569560517493301e-10
3.181167551602470667e-09
5.366511235394000323e-09
7.597845963491778321e-11
9.249470167560502887e-07
3.440058264914114261e-07
8.763008736423216760e-07
2.498992728305893252e-07
1.592062233157776063e-07
0.000000000000000000e+00
4.964324418210708245e-08
1.203563582130584564e-09
6.667341949651017785e-07
0.000000000000000000e+00
1.017289474880556099e-09
0.000000000000000000e+00
0.000000000000000000e+00
0.000000000000000000e+00
8.238963289386447286e-09
0.000000000000000000e+00
3.092984091068728958e-09
1.617650458030084337e-09
0.000000000000000000e+00
3.273877169363004214e-09
0.000000000000000000e+00
0.000000000000000000e+00
0.000000000000000000e+00
4.379282643185433699e-07
1.208327944368647877e-06
7.609875751768413465e-07
1.932348965283381403e-07
5.297558800521073863e-07
4.113490774670935934e-07
8.812156124804459978e-07
1.488911607339105103e-06
0.000000000000000000e+00
9.186177862829936203e-07
1.389374304494594980e-08
2.684919593320955755e-07
1.271243377232167404e-06
2.507609906388097443e-06
2.198571792177972384e-06
5.704609975509811193e-07
5.236879587755538523e-07
0.000000000000000000e+00
6.647686490168780438e-08
0.000000000000000000e+00
6.067836011425242759e-07
4.256018204529254945e-09
0.000000000000000000e+00
0.000000000000000000e+00
0.000000000000000000e+00
0.000000000000000000e+00
0.000000000000000000e+00
0.000000000000000000e+00
0.000000000000000000e+00
0.000000000000000000e+00
3.836032325121863096e-10
5.768507005399214904e-09
0.000000000000000000e+00
0.000000000000000000e+00
0.000000000000000000e+00
2.580345492830815601e-09
3.944312099157798457e-10
9.574310233517735469e-10
0.000000000000000000e+00
0.000000000000000000e+00
0.000000000000000000e+00
7.364842513624125786e-09
3.161018780062363476e-09
0.000000000000000000e+00
0.000000000000000000e+00
8.095852876977005508e-09
0.000000000000000000e+00
4.333545744472644401e-10
1.829150386711830834e-09
0.000000000000000000e+00
0.000000000000000000e+00
6.673825225789187243e-08
3.418874257477000356e-06
0.000000000000000000e+00
0.000000000000000000e+00
9.057581351612498111e-09
0.000000000000000000e+00
2.275220456482429654e-09
4.677724430024454705e-09
3.888593003154028338e-09
5.426127103191902279e-09
3.948078415305644739e-07
0.000000000000000000e+00
0.000000000000000000e+00
7.210518848665969927e-09
0.000000000000000000e+00
8.374030358027084731e-09
0.000000000000000000e+00
0.000000000000000000e+00
5.160503580015074476e-09
3.288674406576319598e-06
5.197537400469798285e-10
7.886985258664935827e-06
8.639754014438949525e-06
