3.892961103701964021e-06
9.962327851553709479e-08
1.495555466135556344e-06
3.080979738001587975e-08
9.744663032051903429e-08
1.039175145933768363e-07
1.745161171129439026e-08
8.089335096883587539e-06
0.000000000000000000e+00
3.692503014463000000e-08
5.023854043884057319e-08
3.765704605029895902e-06
0.000000000000000000e+00
2.911631099777878262e-06
3.568074134818743914e-06
3.143313961118110456e-06
1.001260141464399567e-08
1.493127399498916930e-08
1.351530301008097013e-07
2.345696081818005041e-08
1.848843794505228288e-06
2.396876368493394693e-07
8.489391944976887316e-08
8.225608638667836203e-08
1.710862740367247170e-08
1.746004045344307087e-06
3.860502147290389985e-06
0.000000000000000000e+00
2.168671819902101561e-08
2.937711769845918752e-06
1.670682792109801085e-07
4.977276603312930092e-06
2.185206312788068317e-06
1.453681989005417563e-06
1.567263296919918503e-08
1.243386815730218586e-08
2.085619144054362550e-07
2.388326425517561802e-09
1.718172461551148444e-05
3.034745986951747909e-06
7.124925559764960781e-06
0.000000000000000000e+00
0.000000000000000000e+00
4.793664629687555134e-07
1.150681683270704525e-08
1.360788701276760548e-06
1.986701825273939903e-08
2.471550786253828846e-08
0.000000000000000000e+00
1.361087811346806120e-07
8.276693392872402910e-07
3.166116187003353843e-07
4.284358112727204571e-08
1.352205032389974804e-07
1.524589720247604419e-06
0.000000000000000000e+00
1.592274998074572068e-06
5.517295448953518644e-06
4.747770162794040516e-06
4.792422600985446479e-07
8.844896228765719570e-07
7.877890340068915975e-09
3.916110529189609224e-07
2.491264581294672098e-07
0.000000000000000000e+00
0.000000000000000000e+00
7.654201908735558391e-06
3.573154216951479611e-08
9.477776643507240806e-07
2.441733748526075942e-08
7.886696948844473809e-06
1.105405811330228971e-08
1.985610833799000829e-05
1.663517963379490539e-07
9.932719535754586104e-09
8.541073270862398203e-08
2.476036264908998419e-09
5.681418002723148675e-09
2.859764647311635599e-09
8.903648485159010306e-09
6.487571369007127942e-09
6.106588301690862863e-08
9.564091740799085528e-09
4.515084306433436723e-09
4.356062888177802961e-08
1.388237507171652396e-07
2.979912494538439205e-08
2.291414631372390431e-07
1.893971239042002708e-05
3.711078733203976299e-08
4.574661982559291573e-09
0.000000000000000000e+00
3.905138328264001757e-06
1.404946601724077482e-06
1.197496715121815214e-07
3.511536661449099483e-08
3.123090550616325345e-07
2.640241234530549264e-07
1.031443730425962713e-06
3.264505323841149220e-07
6.587073926311859395e-07
3.919430469068174716e-08
5.223252230734942714e-08
2.742676770139951259e-07
1.801678628510217095e-08
1.481889455590135185e-08
2.081500305450845190e-08
1.298951168848816451e-08
2.967754880955908448e-06
1.201987664956050139e-08
3.899423006714641815e-09
2.288820022400273047e-09
1.236545813299017027e-05
1.083209468788481900e-07
2.244079496449558064e-06
1.667567062213493045e-08
4.807890974234396708e-08
3.026739747724604968e-08
5.524798325495794415e-06
6.642227212694251648e-09
1.059662508851033635e-07
5.382775825069074926e-08
2.563077927675294632e-08
0.000000000000000000e+00
2.857378111897901363e-09
6.473754865510272793e-07
1.144964585364505183e-06
5.163724949852621648e-07
7.397197965275381648e-09
1.306939534373441347e-08
4.274357934264116921e-08
6.672215846492690616e-08
1.400949372509785462e-06
4.552799452994804597e-07
8.033289304876234382e-07
6.098547601141035557e-06
4.628811893780948594e-06
1.004562477646686602e-06
1.220688091052579693e-06
1.792075408957316540e-06
6.734170554523188912e-09
9.785971997189335525e-06
4.898586666968185455e-06
4.504443040787009522e-06
2.559742711127910297e-07
8.397733836318366230e-06
2.883874913095496595e-06
9.677461093815509230e-06
7.867552653806342278e-07
2.781716545996459899e-07
1.548768068460049108e-06
1.344808651992934756e-06
1.991960658642710769e-07
5.502339718077564612e-06
3.850312168651726097e-06
6.000070129630330484e-07
2.492161229383782484e-06
3.094164867434301414e-06
8.142827937263064086e-06
3.558047012575116241e-08
3.581837972888024524e-06
7.255637228809064254e-06
2.118814563800697215e-06
7.219466624519554898e-06
6.435504928958835080e-07
1.777176407813385595e-06
8.723504834051709622e-06
4.534433628577971831e-06
3.473976221357588656e-06
3.016051323356805369e-06
1.589877740570955211e-07
5.952973879175260663e-06
1.518687554380449001e-06
8.463570338790304959e-06
1.687650268422657973e-07
1.369717665511416271e-06
4.310320946387946606e-06
4.263126811565598473e-06
3.851369910989888012e-06
1.640329827523601125e-07
1.370868716321638203e-07
2.333636757612111978e-06
2.133530188075383194e-06
4.784166662830102723e-07
6.178373496368294582e-06
3.263859298385796137e-07
4.063208052684785798e-06
9.282705832447391003e-06
1.180458184535382316e-05
2.339492766623152420e-06
7.812618605385068804e-06
1.196287712446064688e-06
2.382715138082858175e-05
3.912542979378486052e-06
8.037475822675332893e-07
1.025676556309917942e-05
2.207561692557646893e-06
5.874668659089365974e-06
7.454476872226223350e-06
4.856385658058570698e-06
4.768770395457977429e-06
8.199032890843227506e-06
5.020550815970636904e-06
1.141706775342754554e-06
3.873913385632477002e-07
3.137063004032825120e-06
1.798116613827005494e-06
0.000000000000000000e+00
3.600124500735546462e-06
7.169866421463666484e-06
4.645958597393473610e-06
7.574464689241722226e-06
5.590821274381596595e-06
3.777062602239311673e-06
6.551202886839746498e-07
3.156505101742368424e-07
2.893262262659845874e-06
2.031301846727728844e-06
9.677316938905278221e-07
4.996327334083616734e-06
1.674042522381569142e-07
2.078483021250576712e-06
2.247900283691706136e-06
7.002257916610687971e-06
2.914953938670805655e-06
2.662705810507759452e-06
9.972448424377944320e-06
4.605725280271144584e-06
1.041238562038415694e-08
4.739033609979514949e-09
6.350197963911341503e-06
3.873179537094983971e-07
1.114715905714547262e-05
2.108216449414612725e-06
2.037092983186994388e-08
1.045737185734196828e-08
5.184859901419258676e-07
7.472264655916660558e-07
5.261452784566245100e-08
8.748485669229921768e-08
3.707380358264344977e-08
5.938891263213008642e-07
1.774096958229165466e-08
4.647159457249472325e-08
3.574270294848247431e-06
1.133661407948238775e-05
2.947535051589511568e-07
5.214344582782359794e-06
5.569409950112458318e-06
8.598689191785524599e-07
1.611619495633931365e-06
2.498044011645106366e-07
4.366538064459746238e-07
2.696167289428785807e-09
1.626381362918039031e-09
3.199682510057755280e-07
1.053152942631641054e-08
4.355811597633874044e-06
1.473620336867043079e-08
1.378580520849936875e-07
1.001485188112383184e-07
1.216741196685688919e-07
1.621191813683253713e-06
2.609177442991494900e-07
1.511758341621316504e-06
1.095522407013049815e-06
4.018311869913304690e-07
1.091884087145444937e-06
4.109640485694399104e-06
1.464384126848017331e-06
9.740078894537873566e-07
1.874658664746675640e-06
1.873863311629975215e-06
4.401471542792023683e-08
6.707537977490574121e-06
3.382470140422810800e-06
5.093566528557857964e-07
5.011690063838614151e-06
1.968170863619889133e-06
5.141616270520898979e-07
2.368985718703697785e-08
1.689734858700830955e-07
2.883883576387802350e-09
8.796426698154391488e-09
4.796626399183878675e-06
1.004080640853999284e-08
9.553102842119187699e-08
3.429521200359886279e-07
2.488162920144532109e-07
7.839465979486703873e-06
4.400745393096094915e-11
6.450917311440207413e-08
4.369685484562069178e-07
9.435292724901955808e-08
2.704661312691314379e-07
5.704880550183588639e-07
2.912361651397077367e-06
1.456096015317598358e-06
1.988324349611048092e-08
4.363857186717723380e-08
9.982945812225807458e-07
3.516033189043810125e-07
1.699967469903640449e-06
5.643688041345740203e-07
3.329660991369109979e-10
1.002505882752302568e-07
2.849359361789538525e-06
2.258353106299182400e-06
7.049454325169790536e-06
3.058575828163156984e-07
2.792748091451358050e-06
8.002800768736051396e-07
5.908144089517008979e-07
6.139175923181028338e-08
8.770127237767155748e-07
6.335471880447585136e-07
4.480256876604471472e-08
1.535559590593038592e-07
2.552148892220884591e-08
1.043845787584984919e-09
1.043456222760141827e-06
5.124314839122234844e-08
3.408520132808234848e-09
3.050465124943002593e-07
6.463309887294599321e-08
2.950808131174653681e-08
6.024556853390095057e-09
2.954458068415988237e-06
2.734413584448702750e-09
5.690361035703972448e-07
1.104456373468565289e-06
1.219573391608719248e-06
9.010269863551911840e-09
8.353204975719563663e-06
2.531977960629205882e-09
9.597638381819706410e-07
1.619210138414928224e-06
2.789365453281789087e-06
2.847769565050839446e-06
5.019482614443404600e-06
1.524918360473748180e-07
1.290398010667104245e-08
5.161526672736727051e-08
4.315750601335821557e-08
6.029209771440946497e-07
1.258535888837286620e-07
6.712534172947925981e-07
7.273141022778872866e-07
3.396607883843216769e-09
3.370891761278471677e-07
1.425525852027931251e-06
1.704469809737929609e-06
0.000000000000000000e+00
1.213751238537952304e-05
7.202125829053329653e-08
4.319295499044528697e-08
2.804962706548508322e-09
3.337812515269433788e-08
2.349701766490852606e-08
1.545273562442162074e-07
1.629497091926168650e-06
1.304503371102327947e-06
6.948395281369812437e-08
5.248412904279575741e-08
1.021567691550373524e-10
2.392062015132978559e-06
1.995806769627961330e-06
7.953244676173198968e-07
3.127228865196229890e-06
2.715024038479896262e-06
3.192678263985726517e-07
1.742883881661327905e-07
1.347238853810495129e-08
3.342309810250299051e-06
6.243691359486547299e-07
5.845842679264023900e-06
1.513685219833860174e-06
1.314647324335282974e-08
1.553877154947258532e-05
1.016819184407324883e-09
9.957486923894975916e-08
3.887056664098054171e-06
2.830677914289481123e-08
1.085243184206774458e-07
6.312961886578705162e-08
2.891292751883156598e-07
1.208633815252824206e-08
4.888976832262414973e-07
9.083691132616422692e-09
4.256505548028144403e-08
8.454666726720461156e-07
0.000000000000000000e+00
1.652227410886553116e-06
2.164986483421671437e-07
8.183691591057140613e-08
1.190956879781879252e-07
0.000000000000000000e+00
2.060367734202372958e-07
0.000000000000000000e+00
5.996424761178786866e-07
6.192371060365076119e-10
1.860447724766345345e-07
4.153859208599897102e-06
5.227416011166496901e-08
1.379278700142094749e-07
1.503930064927772037e-07
2.022619725039476180e-07
9.557603419807492173e-08
7.820095682120609126e-09
3.815106452975669526e-08
1.418835836375365034e-06
4.464042024920900076e-09
0.000000000000000000e+00
3.609448029351369769e-08
4.581789880830910988e-08
6.190651902215904556e-08
3.623637780947319698e-07
7.011005491441846260e-12
5.206088893316973554e-09
2.465242054938698857e-08
2.525943727960111573e-06
1.247687180239154259e-07
3.082382136199157685e-06
5.199292996138638046e-09
1.516449685823317850e-07
2.926319666585186496e-07
1.112426062377380731e-08
9.954711543969096965e-08
2.477515181453782134e-06
1.548176442156545818e-06
2.741041498666163534e-06
3.153712953007925535e-07
3.855297109112143517e-06
4.616366400256310953e-09
1.660337147768586874e-07
4.381901419492351124e-07
4.087049632062189630e-08
3.926722769165280624e-08
2.661384144175826805e-07
1.282928652202031117e-09
0.000000000000000000e+00
5.328350198396947235e-06
2.201975803473033011e-06
7.431165158777730539e-07
6.059942165848042350e-07
4.470462897643301403e-07
0.000000000000000000e+00
0.000000000000000000e+00
0.000000000000000000e+00
5.053213953942758963e-07
0.000000000000000000e+00
0.000000000000000000e+00
0.000000000000000000e+00
0.000000000000000000e+00
2.626634568514418788e-06
0.000000000000000000e+00
1.313212578679667786e-06
0.000000000000000000e+00
5.090099648441537283e-07
0.000000000000000000e+00
0.000000000000000000e+00
9.129980185207386967e-07
0.000000000000000000e+00
5.698112204299832229e-07
7.628668186043796595e-08
5.562112992407719503e-09
0.000000000000000000e+00
0.000000000000000000e+00
1.560640953357506078e-06
5.530312705559481401e-07
4.404732010243606055e-07
3.419155234496429330e-07
2.182453755494861980e-07
0.000000000000000000e+00
2.338907279408886097e-06
0.000000000000000000e+00
0.000000000000000000e+00
2.503747396076505538e-07
8.287860175926198281e-09
0.000000000000000000e+00
2.326303416566588567e-07
5.360728527747937733e-10
8.438880172434437554e-07
1.948278516294976725e-08
7.830063819547206094e-10
7.665620138652684545e-09
3.588530361753328179e-08
7.556592684920815373e-09
2.726522296825351077e-08
4.468601488838430669e-08
2.278788890919258847e-08
4.983073509379210009e-08
1.632177593080541556e-08
5.078718601225773455e-08
5.351294074529278078e-09
2.259195719389595070e-09
1.036966295941965654e-05
3.043908680666618238e-09
1.566920246887093526e-07
6.100650207230273736e-09
7.668777612934718491e-08
1.267530880255662851e-08
4.958451995662471745e-07
1.151332451598818807e-08
9.343048645860108081e-08
4.072475803695851937e-06
6.690942910836383817e-09
1.749440770026922110e-07
4.471277406992157921e-06
1.302296326333163279e-10
8.535658224673170480e-08
1.024554876494221389e-05
8.353651992365485057e-07
0.000000000000000000e+00
9.778910907698445953e-07
1.099400037674058694e-06
6.090795068303123116e-07
3.675941684377903584e-07
3.634810070707317209e-07
3.536894865874273819e-08
2.272330220876028761e-06
3.009928946084983181e-07
2.139467056849753135e-07
1.267496600121376105e-06
8.429852869085152633e-07
5.530001999431988224e-06
1.399331317486485204e-08
2.078964143947814591e-06
8.808643592317366711e-09
1.330286658607349182e-09
4.160481736903420824e-09
5.451271078982244944e-08
2.021631360094033880e-07
4.235498352045397041e-08
2.463051984591402288e-09
7.893885367593611591e-08
4.336573056207271293e-08
0.000000000000000000e+00
3.262800021275324980e-07
0.000000000000000000e+00
1.454972817782618222e-07
5.271243441740125490e-09
1.525619630626806611e-09
3.014888534380588681e-07
4.551436347810522420e-07
5.009223258412021096e-08
2.142708233066059620e-10
1.602864863059494382e-08
2.165241994589450769e-07
0.000000000000000000e+00
0.000000000000000000e+00
0.000000000000000000e+00
0.000000000000000000e+00
0.000000000000000000e+00
1.920744125527562574e-06
2.209309818423932370e-10
0.000000000000000000e+00
1.576942167957895435e-07
1.626832272449973971e-06
5.523019908082460461e-08
1.381164764779896359e-07
0.000000000000000000e+00
7.478703878405212890e-09
1.788024292181944475e-06
6.854909528897223936e-09
0.000000000000000000e+00
7.302488484128843993e-06
6.617464975988696096e-08
6.421766229891545663e-09
3.316937124964169925e-07
7.702610105297935661e-09
1.059349585830204887e-08
0.000000000000000000e+00
1.367731385926163057e-07
0.000000000000000000e+00
1.926542658736707381e-08
0.000000000000000000e+00
5.591022644857446267e-10
7.857238415454048663e-09
7.023053427701597684e-08
1.419918476130987983e-06
0.000000000000000000e+00
0.000000000000000000e+00
1.618925082880195987e-08
4.583319057616108694e-09
2.400105536537466833e-08
0.000000000000000000e+00
1.699656991149822716e-06
1.473735096624295693e-06
4.348840842993695333e-09
0.000000000000000000e+00
1.403947891276402515e-08
7.501587333536008373e-07
2.217131012116624333e-08
1.294641283067221593e-08
4.385496055192561471e-08
2.268898263713126084e-10
6.682759590148634743e-08
6.070230824661848601e-07
4.921509571431670338e-06
8.528717287958897941e-09
6.041827305125480052e-07
8.182335875517310342e-08
9.206395588989835232e-06
1.052355216302203189e-07
1.782561980689933989e-06
3.947156557160269585e-08
3.408804971627432678e-08
4.894598646387748886e-07
1.225589471687271725e-06
1.733917429191933479e-06
4.531544163910439238e-06
3.785320075166964671e-07
3.211083665632941120e-08
7.874716629885369912e-07
2.517066661766875768e-07
2.513885419830330648e-07
7.243917025334667414e-06
1.110908876000848977e-08
2.650011992955114692e-06
6.932770020284806378e-07
1.126863602429750699e-09
1.473517386330058798e-06
4.317354580507526407e-07
1.016022110889025498e-06
2.090655698339105584e-06
2.757063839453621767e-07
1.292450861001270823e-06
0.000000000000000000e+00
3.836023552139522508e-07
0.000000000000000000e+00
6.165237778077425901e-07
0.000000000000000000e+00
0.000000000000000000e+00
2.424492322461446747e-07
0.000000000000000000e+00
1.602423416180442928e-09
0.000000000000000000e+00
1.565643685808026930e-07
1.812704908843443263e-06
1.011263073280588287e-08
8.316586530554559431e-09
1.855276110518389032e-08
5.072884505352703854e-06
7.850077921034426254e-09
4.924356176161381882e-07
5.692882965036005771e-08
4.844271188630955294e-07
0.000000000000000000e+00
4.117754581756116750e-09
0.000000000000000000e+00
3.094378371315542608e-06
2.406237342711392557e-08
0.000000000000000000e+00
0.000000000000000000e+00
0.000000000000000000e+00
0.000000000000000000e+00
0.000000000000000000e+00
5.069176154393062461e-07
0.000000000000000000e+00
0.000000000000000000e+00
3.162107589105289662e-07
4.253613017368707006e-09
0.000000000000000000e+00
1.095058814826188609e-05
3.205803750461200252e-06
4.692726349730946822e-07
1.051894238379702529e-09
2.826004319445019064e-08
0.000000000000000000e+00
1.056939481713925488e-06
7.729263756806048491e-11
5.399910918413297622e-08
6.261932838924622047e-08
4.134138364975115110e-09
0.000000000000000000e+00
0.000000000000000000e+00
3.981937624075726490e-08
5.099471511726960671e-09
7.502674748138815630e-07
6.118065609683753792e-09
4.920694074428411113e-09
2.975906454594223760e-08
1.105653950617124792e-07
4.494901784113380927e-09
1.880331728898454458e-05
1.077233946489286609e-06
2.493652800694690086e-06
8.174504273483762518e-07
1.861476661701999546e-08
6.081584729145106394e-07
9.022314451101465238e-09
4.980433914170134813e-07
3.053482089399039978e-08
5.510186085189161531e-08
2.527833053989070322e-08
2.450684100097078044e-08
3.620814084115409059e-07
2.275458932388119138e-08
1.136500941356644034e-05
1.448485136279487051e-06
1.454230336150885705e-08
1.705832460174860898e-06
1.593626919316193380e-08
5.964931659718786250e-08
1.841607399910571985e-07
2.983309968840330839e-06
1.295937750001030508e-06
3.186593175996677019e-06
9.232633857436667313e-08
7.781669637552113272e-07
3.490475592116126791e-06
9.801171430012800556e-09
1.688133806965197437e-06
1.759355114927529939e-07
5.297662042380579805e-08
2.132048848579870537e-06
4.286259809305192903e-07
1.960020767910464201e-07
4.515041780450701481e-07
2.442281811454449780e-06
5.048266302765114233e-07
2.339089144598460734e-09
2.837299234670354053e-06
6.823462239680111452e-09
1.256592554454982746e-06
0.000000000000000000e+00
2.019552084675524384e-06
2.595765202784150461e-08
4.642644491070768709e-09
6.258569129613533732e-08
5.943302880950795952e-07
5.615881093490315834e-08
7.751015118628856726e-07
1.149521835941413883e-06
1.081231744137767237e-07
2.412111541616468458e-07
0.000000000000000000e+00
4.489350224901045294e-09
1.928359250058520047e-09
3.206460208460271133e-09
7.050795716168067884e-07
2.193924615312425885e-07
0.000000000000000000e+00
2.861760606265306706e-07
0.000000000000000000e+00
0.000000000000000000e+00
2.613781413529636666e-09
3.532602477207547054e-07
0.000000000000000000e+00
0.000000000000000000e+00
0.000000000000000000e+00
3.996439374986948678e-07
4.001413245191542956e-08
0.000000000000000000e+00
3.051041517210251186e-07
4.759227749673300423e-07
0.000000000000000000e+00
2.026140464295167476e-07
6.117991233622888103e-07
0.000000000000000000e+00
4.352677933638915420e-07
3.401811454750713892e-08
0.000000000000000000e+00
0.000000000000000000e+00
1.976078745080656063e-10
2.855185243788582738e-08
0.000000000000000000e+00
0.000000000000000000e+00
1.071831512433618627e-08
0.000000000000000000e+00
3.075791399353988709e-09
0.000000000000000000e+00
1.341683173450292088e-06
6.503638587673776783e-07
1.210752498259637377e-09
0.000000000000000000e+00
0.000000000000000000e+00
7.136331969803677566e-09
1.806096605605489458e-08
0.000000000000000000e+00
0.000000000000000000e+00
6.927099320819252171e-07
0.000000000000000000e+00
1.277239107366767712e-06
0.000000000000000000e+00
5.998205487856012041e-09
0.000000000000000000e+00
1.871719291557383258e-06
3.080081745210350164e-09
4.827578781174679534e-09
7.049353545340864002e-09
0.000000000000000000e+00
0.000000000000000000e+00
2.407785473224066664e-07
3.023205152885566349e-08
8.375921112246942357e-08
1.477656724091502838e-06
9.788770682916947408e-09
9.918011301124352030e-09
7.232337395635113353e-08
3.021367689370890730e-08
1.754907316353637725e-05
3.441325304720521672e-07
7.697889827795734163e-07
2.620596148972254014e-07
4.099635475540708285e-08
3.690970729053333343e-08
3.989063372955570230e-07
1.038858457036440086e-07
1.937103843374643475e-05
1.489956531486313906e-07
2.285267100887722336e-06
8.365714734281937126e-07
2.145645794371375814e-06
1.794498530216515064e-06
1.483160644966119435e-06
1.866079344381432747e-07
0.000000000000000000e+00
0.000000000000000000e+00
1.173422035094517923e-07
1.121668105952267069e-06
1.793831501117892913e-07
3.434657225298565209e-09
1.059267802361318900e-07
1.842931851570028812e-07
1.478911372032598592e-06
6.305081967639125651e-08
6.027608634440184687e-08
4.859531372858327813e-07
2.571468371570517775e-07
1.761035484104667148e-10
5.484169207647937583e-08
7.252412359548543463e-08
0.000000000000000000e+00
4.092138539135703468e-08
3.127568426464222284e-09
0.000000000000000000e+00
4.748934134823912245e-09
2.025137177952274214e-07
2.634835709613980725e-06
1.539152520990683115e-07
4.588864754850874306e-08
2.367029082961380482e-06
7.568830007187443698e-09
1.504747615399537608e-08
4.831251843029349402e-08
6.822722831145711098e-09
0.000000000000000000e+00
3.915122004372051379e-09
0.000000000000000000e+00
0.000000000000000000e+00
1.361749752959440229e-07
3.127350156617580978e-09
2.659210851518878371e-09
0.000000000000000000e+00
0.000000000000000000e+00
0.000000000000000000e+00
4.679668563767336309e-08
0.000000000000000000e+00
9.744013595991418697e-07
6.564342402981537816e-10
1.106388026528293267e-06
0.000000000000000000e+00
5.396957991621320616e-09
1.469220705985208042e-06
0.000000000000000000e+00
1.552255685099979132e-10
2.176344196413992904e-06
0.000000000000000000e+00
2.371465468442579549e-09
2.664323517365119187e-08
3.279002100953221088e-07
6.780674652873130981e-07
2.510998342586390208e-08
0.000000000000000000e+00
8.728782141531610250e-09
4.045701551547153940e-09
1.855605391565262607e-10
0.000000000000000000e+00
2.386290702816040721e-07
0.000000000000000000e+00
2.294912526679127041e-08
1.781998548722185660e-08
3.252286262522829929e-08
1.086910028647025683e-08
0.000000000000000000e+00
0.000000000000000000e+00
1.555149076182260615e-08
3.129743220142700011e-08
9.899508990329763947e-11
2.138887678082568300e-10
6.173393796160553393e-09
2.190137493585098127e-08
2.361379785043027368e-07
2.480696892348532856e-08
2.892224699735379545e-07
9.686235671324538998e-07
3.888732114099013870e-10
8.989416073745815083e-07
4.952786980538803618e-08
3.064247721340507269e-06
7.961621584229305881e-09
0.000000000000000000e+00
1.775068653842026833e-06
1.534827487326140272e-09
3.371996228906937176e-07
3.047078962481464259e-07
2.050978553658211467e-10
3.556414718275391351e-09
4.890624495601514354e-06
2.246566026542495820e-07
1.694334912372141844e-07
3.359636139066424221e-06
5.164661729395447765e-07
1.359327143291011453e-06
1.670894249627963291e-07
9.369063036501756869e-08
1.038568598232814111e-06
1.426436995188851142e-07
5.844996664450263779e-08
2.376691288219490161e-09
8.653919536527610035e-08
8.374288817947217467e-09
4.402628306365841127e-08
0.000000000000000000e+00
1.073282334118630388e-07
1.021601519823889248e-06
0.000000000000000000e+00
9.973510941563290544e-07
0.000000000000000000e+00
0.000000000000000000e+00
1.331080966338049620e-06
1.842726149448026263e-08
1.699783958031275688e-08
1.002080085577006230e-09
6.998226922405592632e-07
6.393086238176692859e-08
0.000000000000000000e+00
1.211517144383833511e-07
0.000000000000000000e+00
0.000000000000000000e+00
0.000000000000000000e+00
0.000000000000000000e+00
3.092403488835770986e-08
6.252676598705875222e-09
0.000000000000000000e+00
7.926370813038374763e-07
5.187757210478594061e-07
1.811064720413924078e-08
9.609468776261564926e-09
0.000000000000000000e+00
4.980307039659237489e-06
0.000000000000000000e+00
0.000000000000000000e+00
2.236344442962945323e-07
2.392578153376234695e-06
1.120248782626731554e-07
4.382536999969488534e-08
2.446256086585663070e-09
0.000000000000000000e+00
9.253090738070568477e-09
0.000000000000000000e+00
4.948723208997307665e-09
1.360211587808635159e-08
9.951114599004995398e-09
1.866477305156877264e-06
9.009150370165031063e-11
0.000000000000000000e+00
0.000000000000000000e+00
3.430093187262173160e-08
0.000000000000000000e+00
1.202139277012292951e-09
0.000000000000000000e+00
0.000000000000000000e+00
2.107331553702351812e-08
1.499234372204227839e-07
0.000000000000000000e+00
0.000000000000000000e+00
4.263565500650656759e-08
0.000000000000000000e+00
0.000000000000000000e+00
7.751944863798598817e-09
3.294624795202594214e-09
7.657364742286176806e-10
0.000000000000000000e+00
1.949312604665465187e-07
7.317861594469121655e-11
0.000000000000000000e+00
4.900290173637245061e-10
0.000000000000000000e+00
0.000000000000000000e+00
0.000000000000000000e+00
2.316047130079823546e-06
0.000000000000000000e+00
5.664163609253591858e-07
1.789696284504316282e-07
6.737079871754758642e-08
2.966469514475988944e-09
1.067133847953982695e-08
1.433386387361679226e-08
9.829900449176420807e-08
1.139554228757333476e-06
1.093674086405371781e-06
0.000000000000000000e+00
9.257666278017495642e-08
8.546902074968443230e-10
7.684379852435085922e-07
7.321079920075135306e-08
2.360389544264762662e-06
3.726515274138364475e-08
3.661169216684356797e-07
1.168612655533252109e-07
4.663496838475111872e-06
7.271232789207715541e-07
3.761412870062486036e-08
3.660785523607046343e-06
3.059824678075528936e-07
1.103570639315876178e-06
4.159795139457855839e-07
1.267800257664930541e-06
2.724071990201082372e-08
1.004610297172803257e-07
4.379684881428147492e-08
1.025415599542611744e-06
9.413001578195689945e-08
4.970476460974815325e-11
4.756499905056443822e-08
7.698152870716512552e-08
4.268445152888489247e-08
0.000000000000000000e+00
4.809972153907438042e-08
0.000000000000000000e+00
1.461449983253260143e-07
1.424614310963079333e-07
9.672047163178376650e-09
1.558251483402273152e-07
1.926930650597569183e-07
5.925998038947000168e-07
1.699405238753115555e-08
7.360683866863837466e-07
2.388302355882387928e-08
1.294511235983009101e-07
0.000000000000000000e+00
2.535254282065579901e-07
0.000000000000000000e+00
0.000000000000000000e+00
2.264962120079871966e-07
8.332562417834310509e-10
1.644765212915899610e-08
0.000000000000000000e+00
1.912942622084301547e-07
1.083774350263411179e-06
5.908914317842572927e-07
1.088722285658150213e-07
1.664289044356337399e-07
1.208006352726442856e-07
2.041319476120406762e-06
5.704475825041299686e-08
1.032082685981094983e-08
1.494550900815738714e-07
8.404336426792724524e-08
0.000000000000000000e+00
3.828490591217814654e-08
1.579223749104130547e-06
1.327900804426462855e-06
3.845738305585655326e-08
1.237907820694772454e-08
2.492030262146727182e-07
1.876202759376610629e-06
3.913702585123246536e-06
1.301221601579527487e-07
9.644270448916358873e-07
0.000000000000000000e+00
0.000000000000000000e+00
3.296270563168945955e-07
0.000000000000000000e+00
1.543487655908393208e-06
3.419751237743184902e-07
2.169232857340830378e-06
1.228289193022646941e-06
0.000000000000000000e+00
0.000000000000000000e+00
3.477169130405854958e-08
0.000000000000000000e+00
5.360507202567532659e-06
0.000000000000000000e+00
2.428647150054530357e-08
1.865834420300416241e-08
0.000000000000000000e+00
0.000000000000000000e+00
8.125749673126847483e-08
3.836311179838958196e-08
5.730330876474454271e-09
3.539232018567872728e-09
1.278729760967323159e-10
0.000000000000000000e+00
1.919101266789624560e-10
4.545022580515478694e-09
1.075013678075720236e-08
2.158517418138217181e-06
1.126166111475868092e-07
1.103849633921072382e-08
2.061426762622886599e-08
5.887043386110235588e-08
2.753731997984232294e-08
9.212187705998076126e-07
2.279721272868684423e-10
2.856508984905303805e-08
7.809521029855659435e-09
1.509011759992517909e-08
6.744113534296047874e-07
3.483770072421066288e-08
5.242664968818644411e-08
2.107762782088684617e-07
2.290211796207586303e-06
2.183921452569848043e-07
1.342849600405315869e-07
3.352509565957006998e-06
1.573782469677098561e-06
0.000000000000000000e+00
7.820474934305821080e-08
4.669228701459360309e-07
9.403473910651882761e-08
1.144877387559972703e-06
1.740896351520859753e-07
8.164541753785670153e-08
2.862085750621190527e-07
0.000000000000000000e+00
8.247807272709906101e-07
8.596279599260014948e-07
5.269696430332260206e-07
9.080395102500915527e-07
7.932185042136552511e-08
2.288218183821300045e-06
1.364154940119988169e-07
2.688458664579229662e-07
8.076462876260848134e-08
2.072761162708047777e-07
1.098802027144074600e-08
1.529536746147641679e-07
1.718396788419340737e-06
6.423691445434087655e-08
5.122022805892356700e-10
6.368461527017643675e-07
6.963493888179073110e-07
1.483230338550356464e-08
1.285002504403109924e-08
2.459203285454236720e-09
7.780073474350501783e-08
0.000000000000000000e+00
5.599578756232403975e-08
3.458771516307024285e-06
4.784247380484885070e-07
6.573730448877768140e-09
1.097443202979775378e-08
2.614474965412227903e-07
4.875208219345950056e-07
5.392402613324520644e-07
3.947245375002239598e-08
2.450502911699459219e-09
0.000000000000000000e+00
4.743861836686846800e-08
5.199464414573640170e-09
1.067823518496879842e-07
0.000000000000000000e+00
1.163640472867655262e-08
4.747032278373808367e-07
4.646759350634965813e-07
0.000000000000000000e+00
0.000000000000000000e+00
0.000000000000000000e+00
0.000000000000000000e+00
9.452053006953065051e-08
4.198910019681534322e-08
4.063691676492453553e-07
2.050897673910867525e-09
5.919693649047985673e-06
7.136269175589404767e-08
1.671782683843048289e-06
1.990176201616122853e-08
1.302137064840280800e-07
2.407339660948082383e-09
7.421204761826061258e-10
8.515776528383867117e-09
7.207196262015713728e-08
9.923868393713064506e-10
2.194590109638738795e-08
0.000000000000000000e+00
8.002087383829348255e-07
1.410707017868162438e-08
6.517415496176681700e-09
1.028923406920512207e-06
3.246852386951104563e-08
2.264842535737443541e-08
2.037932489429294947e-08
0.000000000000000000e+00
1.024063056576096642e-10
0.000000000000000000e+00
0.000000000000000000e+00
0.000000000000000000e+00
2.956460187775178383e-09
0.000000000000000000e+00
0.000000000000000000e+00
0.000000000000000000e+00
0.000000000000000000e+00
2.092677320320035506e-08
1.149540285183547894e-08
7.532642065655181796e-09
2.317743508228886640e-08
0.000000000000000000e+00
1.944366445627565554e-08
1.002511353931367921e-07
5.851664042211268679e-09
1.507101501374563668e-07
0.000000000000000000e+00
1.713240393996784405e-08
0.000000000000000000e+00
7.623399689293819392e-09
4.586838020514960590e-09
0.000000000000000000e+00
7.869063622933936131e-09
0.000000000000000000e+00
4.399332453886017902e-09
0.000000000000000000e+00
1.802172633347254305e-08
0.000000000000000000e+00
1.231709667592895130e-08
0.000000000000000000e+00
1.086725873733485059e-07
0.000000000000000000e+00
0.000000000000000000e+00
1.543861749553343543e-08
0.000000000000000000e+00
0.000000000000000000e+00
0.000000000000000000e+00
2.319143845852522645e-07
1.285653070226544514e-06
0.000000000000000000e+00
5.610448217119312631e-11
0.000000000000000000e+00
0.000000000000000000e+00
0.000000000000000000e+00
1.618956857463160759e-09
0.000000000000000000e+00
0.000000000000000000e+00
0.000000000000000000e+00
0.000000000000000000e+00
1.433410012907643249e-08
4.310194867684913334e-08
2.041275308783951914e-07
4.840016458729223814e-07
7.794498380064851517e-09
7.148299285830717054e-09
6.518729378512944095e-08
1.598105541233962867e-07
2.907282414810197224e-09
1.270857410418102518e-06
2.034368407066722284e-08
1.184853815061615023e-08
1.355705308014876209e-07
1.947089316445271834e-07
2.868882802431471646e-06
4.238499059283640236e-06
4.789535879012873920e-09
0.000000000000000000e+00
3.055399702134309337e-07
1.223512413162097801e-06
3.793058169776486466e-07
1.288593836079598987e-07
1.434823616364155896e-06
1.015026995787593478e-07
1.150312414210930001e-07
4.199334000531962374e-07
2.589526047813706100e-06
1.675224098107719328e-06
3.025395471922820434e-06
1.109569893742445856e-06
1.861667584535098285e-07
7.565363944195269141e-07
3.454420607340580318e-07
1.603696944130206248e-07
5.587439133591942664e-08
2.005104533964185975e-06
4.166040525888092816e-06
6.666699192692249198e-09
4.076386783680163717e-09
2.649947532518126536e-07
1.247243062607594766e-06
1.484026346254552209e-09
4.407617950619169278e-07
2.172823343471463886e-07
1.869011725830205251e-06
1.331578936003552371e-08
2.747795324609114687e-09
3.679043061310949270e-07
1.118122440857405309e-06
2.341997884514057660e-07
5.543953207620688772e-08
2.618317012093029916e-07
9.713221515994518995e-08
8.245748972512956243e-07
3.222175415373840224e-09
1.471992277402023319e-06
2.015160127655235556e-08
0.000000000000000000e+00
4.547484877548413351e-08
1.934849391815873787e-09
1.152798859038739465e-06
5.656133783560335360e-09
3.710210023655236000e-07
8.444914989524932025e-09
2.522371005397872068e-06
0.000000000000000000e+00
2.117039343829674181e-07
2.014467703759237338e-08
2.906734266616695095e-07
0.000000000000000000e+00
0.000000000000000000e+00
2.276214843277557520e-07
8.347382163265137933e-08
1.658882586852428176e-09
8.732806122679903638e-08
0.000000000000000000e+00
7.254435985259988229e-08
2.038008375393474125e-07
0.000000000000000000e+00
3.108574064825120331e-09
1.257308213098440319e-06
3.481822474782347854e-08
0.000000000000000000e+00
2.484693482074362691e-07
0.000000000000000000e+00
9.416635471382051037e-09
2.026305523372684547e-08
3.824049521483630087e-09
0.000000000000000000e+00
3.763953202451375546e-07
3.296237949257374567e-08
0.000000000000000000e+00
2.073667459967509785e-08
0.000000000000000000e+00
0.000000000000000000e+00
4.153031696318976174e-09
3.740658627293669269e-08
1.542928345088512287e-07
1.942038494462394738e-07
0.000000000000000000e+00
1.120711412561092857e-09
0.000000000000000000e+00
5.308121444613789208e-07
7.587908967821022088e-09
0.000000000000000000e+00
0.000000000000000000e+00
0.000000000000000000e+00
1.340946482741856016e-07
0.000000000000000000e+00
0.000000000000000000e+00
1.127746784845840011e-08
0.000000000000000000e+00
4.150387145074319051e-09
0.000000000000000000e+00
9.372440246124824625e-08
0.000000000000000000e+00
9.484743657139915740e-08
8.892580893871127046e-08
0.000000000000000000e+00
3.569382012180710717e-10
4.235983297462553310e-08
0.000000000000000000e+00
7.907805965601255593e-09
8.877022450448635027e-10
0.000000000000000000e+00
2.918772850080131320e-07
8.548546475140028633e-07
9.438629877678295088e-10
3.341095400344329391e-09
0.000000000000000000e+00
8.866570766485892818e-08
4.239320838816951209e-10
2.394440343778114766e-07
8.828114350656335318e-10
4.509703103394713253e-06
2.475480016528308624e-07
1.580243520038493443e-06
3.559169670097617200e-08
0.000000000000000000e+00
7.407304281059623463e-08
1.009089132253393473e-07
1.166750873693445101e-08
9.947080492622717429e-09
6.400999286171327185e-09
6.218829007309523149e-09
3.546391269537707558e-08
3.074973164984839968e-08
1.375320124452628079e-07
1.184518012564694800e-07
3.939496906468775705e-08
3.583960350717063648e-10
3.129240155885781860e-07
1.804367855129385134e-08
0.000000000000000000e+00
0.000000000000000000e+00
7.643349704267166089e-07
1.179613828838910194e-08
5.602340138466388453e-07
4.586314844345906749e-06
0.000000000000000000e+00
4.289230304266311578e-09
3.628910860697942553e-08
1.755367520672734827e-06
2.302228267581085674e-06
9.770968745215213858e-07
2.491406121407635510e-07
7.867304141484510183e-09
1.542130334541980119e-08
2.464873034568881849e-07
1.075698676800129761e-07
4.751778703848685836e-08
0.000000000000000000e+00
2.841642476880679169e-08
2.388583375534381048e-08
1.990069620205758838e-07
1.709911998659663368e-06
4.801969453183119185e-07
2.195072852373414207e-07
2.218978556456363549e-09
2.907457208323194209e-08
1.175268948827579152e-06
1.615552847056278551e-08
5.207389364159098477e-08
8.206488821826951607e-09
1.170083585577685881e-08
5.199719321780094106e-09
6.992237899794417899e-09
7.791883831487211864e-07
8.337465828844869975e-07
2.886682448632882370e-09
5.911832658966886811e-07
2.717071190261322045e-08
1.364282127269689227e-07
4.875237209489569068e-07
1.924512993412008655e-09
4.644263640329882037e-07
2.503797169595145533e-09
2.117434050319388916e-08
8.641546145327083650e-09
4.647735352136805886e-08
9.624363883631303906e-08
1.574602151777071413e-06
1.086020574803114869e-06
3.816146261215180857e-07
2.578111093498591799e-07
7.996853179648155674e-11
1.211622446817273158e-08
1.019835394799883943e-06
1.150527623394737020e-06
4.096132766306936901e-09
5.724979246224393137e-08
0.000000000000000000e+00
1.665912963133564517e-09
4.922327434542239644e-08
4.163968299053522060e-07
3.859211687995411921e-07
0.000000000000000000e+00
2.231789039797149599e-06
0.000000000000000000e+00
0.000000000000000000e+00
6.677194619442161638e-08
0.000000000000000000e+00
0.000000000000000000e+00
8.122295724888317636e-09
1.041274511059953056e-09
1.029443907896165911e-07
9.269233380848618253e-09
1.013707873198654852e-08
8.534844937457819469e-07
0.000000000000000000e+00
6.535248786576630664e-08
2.413346464891219512e-06
2.453960235015983926e-08
1.381096353725297377e-06
1.953016180777922273e-06
2.429753731547634743e-09
7.231483891700918321e-07
9.009355039779620711e-08
3.545194715570687549e-08
8.093069681081033195e-08
8.717947963532424183e-08
5.992392693165982109e-11
2.199150417325768103e-09
2.630892481647606473e-08
1.084938276108005084e-06
1.612976419096412428e-09
7.080198543008009437e-07
0.000000000000000000e+00
0.000000000000000000e+00
1.301621121996276997e-08
2.197386095303954789e-08
6.523285911441689677e-09
0.000000000000000000e+00
3.563490906799415825e-07
5.851117812483153102e-09
0.000000000000000000e+00
4.336244252556298306e-09
0.000000000000000000e+00
0.000000000000000000e+00
2.586369703475033255e-12
0.000000000000000000e+00
6.390055204974487424e-07
3.457465425071859499e-08
5.303578909376938100e-09
0.000000000000000000e+00
4.557153765460952854e-09
7.045540151295881515e-09
2.553880129596564075e-08
0.000000000000000000e+00
2.108903884856516697e-10
1.294703011467390752e-09
1.195756471616959971e-08
0.000000000000000000e+00
7.039980154388558731e-09
0.000000000000000000e+00
4.117421497085160809e-07
1.963175861874333350e-07
9.612194418195940671e-08
0.000000000000000000e+00
0.000000000000000000e+00
0.000000000000000000e+00
0.000000000000000000e+00
4.239668101035931613e-07
7.718090923314324669e-12
0.000000000000000000e+00
0.000000000000000000e+00
1.648203351578558795e-09
1.244771397068689112e-07
6.225677307014620965e-09
7.907320650701876730e-06
2.703561285954947380e-08
1.939439009390753199e-08
5.213908416124013456e-09
2.824294540459959535e-07
6.167335531159778839e-09
2.084172656680038926e-08
1.740488301038567442e-06
3.841875262367011601e-09
7.120010650396579877e-06
4.027569389108975884e-10
9.529177305012126453e-07
0.000000000000000000e+00
2.601148310077405768e-07
1.172683017358622237e-08
1.658053633946110494e-06
2.048760279649286531e-06
5.273820047335675554e-09
8.819444587970792782e-07
0.000000000000000000e+00
1.264333377548609860e-06
1.377028638671617955e-06
0.000000000000000000e+00
2.084890482478840568e-08
3.404233666515210643e-06
5.004700938116002362e-07
5.107722245156764984e-07
2.890321297854825389e-07
5.324746780388522893e-06
1.140992300641130441e-09
2.935683340865580249e-08
1.406611431775672827e-06
2.307401025802846561e-08
3.601892615279211896e-07
5.208539164414105471e-07
0.000000000000000000e+00
4.185328350558847887e-07
2.796040234898100607e-07
2.814201316425624100e-09
0.000000000000000000e+00
0.000000000000000000e+00
3.757105737633992248e-10
2.444984215088652491e-09
3.847959451075411152e-10
1.239689453313985723e-07
1.049559017474166467e-08
0.000000000000000000e+00
0.000000000000000000e+00
1.323992027124631932e-09
0.000000000000000000e+00
0.000000000000000000e+00
0.000000000000000000e+00
4.176241574782579846e-08
0.000000000000000000e+00
1.000417970686839908e-09
0.000000000000000000e+00
0.000000000000000000e+00
0.000000000000000000e+00
0.000000000000000000e+00
0.000000000000000000e+00
3.641915657937033757e-10
0.000000000000000000e+00
7.817332914328289917e-08
3.759173250461600446e-10
1.445985198245125503e-08
4.684527965537199634e-08
3.577240022423211485e-06
3.607029611885081977e-06
2.886546553781954572e-06
9.971370673156343400e-06
4.237679651630799071e-10
0.000000000000000000e+00
3.999417685918160714e-07
0.000000000000000000e+00
4.229239181086086319e-09
0.000000000000000000e+00
3.394690972768898973e-09
0.000000000000000000e+00
1.399543769764477474e-08
0.000000000000000000e+00
0.000000000000000000e+00
0.000000000000000000e+00
8.039466479203838389e-07
1.190625820157720227e-08
2.292315315344239934e-08
1.163251454272540286e-06
3.329186526457306172e-08
2.006018604561177199e-07
0.000000000000000000e+00
6.614064318455348257e-08
1.263935356377032804e-08
0.000000000000000000e+00
0.000000000000000000e+00
6.225455706498905784e-10
0.000000000000000000e+00
3.039491991430054441e-10
6.455998846632837740e-09
4.338722590091492748e-07
1.157298346043944548e-08
0.000000000000000000e+00
4.637541621832497185e-07
0.000000000000000000e+00
0.000000000000000000e+00
0.000000000000000000e+00
6.166614525682234671e-07
0.000000000000000000e+00
0.000000000000000000e+00
0.000000000000000000e+00
0.000000000000000000e+00
3.433252260265362565e-08
0.000000000000000000e+00
0.000000000000000000e+00
0.000000000000000000e+00
0.000000000000000000e+00
1.893577028511117533e-08
7.447521266357171044e-09
2.609543230391864199e-07
1.738404264983728353e-08
2.442686195536225569e-07
5.432266902971605305e-07
1.950034942410638905e-07
1.337916888388690495e-08
9.698692515769380407e-09
7.130303014690753116e-09
1.731089810164121445e-06
4.531860042789048748e-08
1.217607490389127634e-07
1.087831265067507047e-06
1.152886897060056981e-09
3.248198865435369953e-08
9.117925259261028259e-08
2.524361875089198293e-08
4.882954485196933092e-08
1.817509165391584247e-08
0.000000000000000000e+00
3.314866958703532873e-08
2.085264441120671108e-07
1.396380071128078271e-06
4.237384416683198651e-07
7.015413757471833378e-06
2.156944418629791471e-07
1.813488526014594981e-10
4.482922921766885338e-09
1.006721618068695534e-06
1.209389779432967771e-07
3.153157379642834712e-08
6.554904530275962315e-07
3.884145005628170111e-09
0.000000000000000000e+00
6.106067473865550710e-08
4.662188146653534204e-08
7.592407200718298554e-07
1.630552105780225247e-06
5.675051966136379633e-07
1.643610403334605508e-07
2.775906082774781680e-08
2.414235314063262194e-05
5.019325044486322440e-07
3.853476648885134637e-09
4.617187130406819051e-07
2.452610559089407616e-08
5.596120445261476561e-06
8.044765964498878930e-10
6.612036713704583235e-07
1.564255569519445999e-08
1.168482910429702315e-08
3.699171600146655692e-07
7.239270871650660411e-08
3.353356987645383924e-07
8.723218591910608666e-09
2.206265889981295913e-06
5.308283235194721783e-08
1.941747086675604805e-06
7.070169658618397079e-07
1.438126133734840550e-07
1.872724624263355508e-07
4.950609255871540881e-09
6.380079184964415617e-07
0.000000000000000000e+00
6.754453352186828852e-07
0.000000000000000000e+00
0.000000000000000000e+00
4.115937315418705111e-07
4.913993656430193369e-09
1.610187467804280459e-07
7.531857804110586585e-09
1.830292148952139542e-06
9.626946848584339023e-07
0.000000000000000000e+00
0.000000000000000000e+00
1.873216746162142954e-07
2.028748298243954196e-07
0.000000000000000000e+00
6.555757892101610196e-08
5.150571382728230674e-07
4.036130007989413571e-07
6.207438332239689771e-07
1.018071429825795349e-06
0.000000000000000000e+00
0.000000000000000000e+00
0.000000000000000000e+00
1.733676846527032467e-08
6.024651497682498302e-07
0.000000000000000000e+00
0.000000000000000000e+00
9.429727221288430883e-09
0.000000000000000000e+00
0.000000000000000000e+00
0.000000000000000000e+00
0.000000000000000000e+00
3.954587768362216593e-08
5.914831957554156361e-10
1.453626368580485106e-11
0.000000000000000000e+00
1.806941440918308217e-08
3.685584033519262448e-07
0.000000000000000000e+00
5.652998902316852536e-11
0.000000000000000000e+00
0.000000000000000000e+00
6.977085575954333763e-08
8.077239321835349983e-09
7.966379556023639452e-09
8.131384987564160838e-08
0.000000000000000000e+00
0.000000000000000000e+00
0.000000000000000000e+00
7.856079946577665396e-07
5.857890528204734437e-07
0.000000000000000000e+00
2.444713764759853802e-08
4.684778431851555069e-08
6.805250762909054174e-08
0.000000000000000000e+00
1.073333019685485112e-10
7.538470185863843653e-07
0.000000000000000000e+00
0.000000000000000000e+00
3.583057406331136008e-08
1.700100615842359275e-09
1.058580667567809996e-09
0.000000000000000000e+00
8.766839337814857913e-11
3.917987323465155214e-10
5.800577440595588996e-08
8.289459119126263431e-10
0.000000000000000000e+00
3.867587083927759295e-10
0.000000000000000000e+00
2.304837565247908060e-08
8.078487212515028659e-09
0.000000000000000000e+00
7.925565626010211417e-08
1.143596364272525534e-05
9.551753521463979268e-08
4.514377138775671483e-08
0.000000000000000000e+00
1.059841565620445181e-06
0.000000000000000000e+00
1.591557163838075439e-10
2.948213229103657795e-09
0.000000000000000000e+00
6.895541915241665265e-10
0.000000000000000000e+00
0.000000000000000000e+00
1.123545771974931995e-07
2.036409485484114157e-09
1.198627774812166535e-08
1.245892207180077094e-07
1.242555072167306207e-07
7.453647299371368717e-08
2.082876271458644624e-08
9.057396255229832605e-08
2.966812417071196251e-06
2.964573582175944466e-07
4.443453235580818728e-06
0.000000000000000000e+00
2.320103043018661992e-08
8.193176626036802190e-08
6.517002759665047051e-08
7.478909992642002180e-06
8.084059572865953669e-07
8.362805488104640972e-07
5.689638982175893034e-08
7.446344341133226408e-08
2.108577291437541135e-06
4.519374741107640148e-08
6.385563438016106375e-07
5.530480848392471671e-06
8.104374842332617845e-07
2.016437747442978434e-06
0.000000000000000000e+00
0.000000000000000000e+00
1.519654269088732690e-08
5.571846095620003325e-09
4.134175526360195363e-07
2.939828220860363217e-07
4.780529707204550505e-06
8.485633884447452147e-08
0.000000000000000000e+00
0.000000000000000000e+00
4.834653566376800882e-08
1.227387613766950381e-08
0.000000000000000000e+00
0.000000000000000000e+00
2.001099730364330753e-08
7.745735608466475242e-09
9.629720807424746454e-07
8.418783181696198881e-07
0.000000000000000000e+00
1.254722064913948998e-06
0.000000000000000000e+00
4.145678929035057081e-07
3.222207167752344503e-09
0.000000000000000000e+00
1.257874249205315209e-09
3.129178027805323836e-09
2.624458375066751614e-07
1.480241795803749483e-08
9.101071285488870899e-11
0.000000000000000000e+00
1.636614732625218949e-09
2.532693521573037287e-08
4.728137241727381479e-07
0.000000000000000000e+00
2.847038160780357430e-08
0.000000000000000000e+00
8.401786821821133344e-09
0.000000000000000000e+00
0.000000000000000000e+00
2.548874533658818109e-08
0.000000000000000000e+00
8.570926190998306993e-09
0.000000000000000000e+00
1.396770343831121863e-08
0.000000000000000000e+00
6.121123607982781323e-09
1.497685864215725360e-09
8.644955862280312431e-09
0.000000000000000000e+00
1.301298880207468756e-06
2.682340038973052287e-07
2.603646187537833612e-08
8.549515956302045083e-11
0.000000000000000000e+00
2.072483198389818426e-07
0.000000000000000000e+00
2.504665398694871925e-11
0.000000000000000000e+00
1.935810445274910307e-08
0.000000000000000000e+00
0.000000000000000000e+00
0.000000000000000000e+00
8.075695063780585770e-07
0.000000000000000000e+00
2.697298668863368221e-06
1.534565114980068756e-07
2.164919354896710502e-09
0.000000000000000000e+00
1.474894983921615221e-09
0.000000000000000000e+00
1.029125584750545386e-07
6.455416645678724308e-09
0.000000000000000000e+00
1.131115978658669974e-09
0.000000000000000000e+00
4.091229754976666300e-08
2.036300461583095966e-09
0.000000000000000000e+00
2.180335245682840650e-09
0.000000000000000000e+00
0.000000000000000000e+00
0.000000000000000000e+00
0.000000000000000000e+00
0.000000000000000000e+00
1.310626362993616567e-08
1.614570166452722333e-08
1.731210090838430915e-07
4.766928518584734320e-11
1.644287017654733063e-08
2.576368629547687306e-08
1.595490295436263750e-09
5.576209005653254280e-08
6.885312586746294983e-08
6.999794521789226565e-08
2.214753180851403158e-07
1.001218265628267545e-06
1.104846205635112710e-07
1.238099684996996075e-07
5.548126296162081417e-07
4.689698300808231579e-07
4.346882747086056042e-07
1.366534206681535579e-06
4.797994961336371489e-07
0.000000000000000000e+00
1.673978090366290417e-06
2.540486050695012210e-11
3.507796719759426196e-08
8.076935387180128600e-07
1.704161036286677700e-06
7.794985767972661961e-10
6.619142141062184237e-07
7.596796081088541541e-09
1.437304320006660419e-08
8.629704240092905820e-08
4.223724943130946485e-07
1.623079981527553173e-08
0.000000000000000000e+00
5.536986869003612810e-09
1.665623699409479741e-06
1.833442286880426764e-09
2.464909982791141374e-07
4.192069695818645414e-07
5.906605565542122349e-06
8.551784276278340258e-07
4.728731539671571227e-07
5.071636000053558746e-09
0.000000000000000000e+00
1.766894456523004919e-06
6.553389994223834947e-06
4.446102934707596432e-07
2.441319679746811744e-07
0.000000000000000000e+00
4.105608297777507687e-07
0.000000000000000000e+00
0.000000000000000000e+00
2.500243851955019636e-07
0.000000000000000000e+00
1.241481299985025544e-06
1.238501226907828823e-06
0.000000000000000000e+00
0.000000000000000000e+00
4.323168312225789123e-08
5.763388433166483082e-09
7.040167560035115457e-09
6.030160193404299207e-08
3.708507667621319115e-10
8.948397862695856020e-07
2.208141864912249730e-07
3.267135895157480263e-08
1.651238790145725943e-07
3.321408570400308236e-08
2.813680453073175158e-07
4.719098001260135788e-07
1.560329820904371445e-07
7.499170351366046816e-08
0.000000000000000000e+00
3.119882876490009949e-07
1.315007835955839255e-07
2.325273085190815436e-09
0.000000000000000000e+00
6.843021149727235297e-10
0.000000000000000000e+00
2.827419791628926760e-07
6.328951229761514696e-08
1.040207777691648516e-07
0.000000000000000000e+00
2.489817632067570230e-07
2.138911838756030193e-07
3.844121021501223368e-09
0.000000000000000000e+00
1.065933332711210824e-07
1.407815517495691893e-07
4.441715645953081548e-06
0.000000000000000000e+00
8.730429573722275904e-11
1.897449521948146867e-07
1.130214322131450899e-08
3.524347746974854090e-08
0.000000000000000000e+00
1.457688969530579470e-09
1.112373269052113756e-07
5.902990096728899516e-09
3.035998474842926953e-07
6.054321488591085654e-09
2.162159873364544183e-08
4.779889763995015528e-07
3.154253533921291819e-07
4.836520517415010545e-09
1.068911046786524821e-06
2.129199572209472535e-07
5.248546131042530760e-07
0.000000000000000000e+00
9.017417368362146135e-10
0.000000000000000000e+00
0.000000000000000000e+00
0.000000000000000000e+00
1.379871150675171521e-06
2.144116137969831470e-07
0.000000000000000000e+00
7.624298414832253457e-10
3.842696383316024367e-09
0.000000000000000000e+00
0.000000000000000000e+00
0.000000000000000000e+00
0.000000000000000000e+00
0.000000000000000000e+00
2.978437976253189845e-07
0.000000000000000000e+00
0.000000000000000000e+00
0.000000000000000000e+00
2.660204001525556805e-10
0.000000000000000000e+00
1.639646325202193111e-05
0.000000000000000000e+00
1.977430201804963872e-06
1.159658591376455661e-08
0.000000000000000000e+00
0.000000000000000000e+00
0.000000000000000000e+00
0.000000000000000000e+00
0.000000000000000000e+00
0.000000000000000000e+00
0.000000000000000000e+00
0.000000000000000000e+00
4.786689089542051079e-08
2.174405835830839351e-06
1.644342773943208158e-06
1.947918448763630295e-08
3.224846238936152076e-07
3.153768801666956278e-09
2.664649798589380225e-07
5.446858075686122902e-09
1.356578536615415942e-06
6.804111762903630733e-07
7.372679533546033781e-08
3.623285849130297720e-08
8.351786817684114794e-08
0.000000000000000000e+00
5.732370595978864003e-07
0.000000000000000000e+00
9.690628854919225432e-11
2.936423925348208286e-06
8.026102449321115273e-09
2.073845628558501630e-08
0.000000000000000000e+00
2.252028821203566622e-07
5.777445949206594378e-06
4.302520295595968491e-08
1.227667478786997890e-08
2.450259396422072022e-12
3.746573329355129545e-10
2.479928298271261156e-07
1.455595111110596918e-07
4.843458611958340043e-08
1.294313212163444859e-09
1.341045816616315278e-07
3.644047694706387119e-07
9.351523999612254556e-07
1.090397836378542706e-05
2.567658157204277813e-06
4.697725763946891675e-09
3.431657091823581140e-07
8.310212760986868119e-12
1.280584882579205441e-07
1.173868557913237964e-08
0.000000000000000000e+00
2.507494478720673214e-08
1.931440891667079995e-07
1.366831803295553982e-08
1.741308892633242067e-06
6.452278000779188005e-08
1.037034067508102453e-07
5.059224577053100802e-07
8.209796220626230934e-08
0.000000000000000000e+00
1.034756191842234330e-08
0.000000000000000000e+00
0.000000000000000000e+00
8.038310284064209554e-08
5.837070560232859862e-08
7.906501231502716109e-09
2.736549902238039067e-07
9.396677569384337403e-08
4.141109677391341393e-09
0.000000000000000000e+00
0.000000000000000000e+00
0.000000000000000000e+00
7.899312208792252932e-07
0.000000000000000000e+00
9.693272851052370243e-09
4.695307254110048234e-09
0.000000000000000000e+00
1.937270077689845493e-08
2.441970821109862300e-07
0.000000000000000000e+00
1.670745142234864034e-08
0.000000000000000000e+00
3.405790538479891438e-09
1.110529296965978574e-06
4.866448577445225965e-09
1.166710390521075169e-07
1.580665198730457632e-08
2.507119461370166391e-06
3.112279545192109254e-09
1.806857454766941373e-07
3.035654003724630456e-07
4.303737455302325543e-08
2.099923079867949127e-08
0.000000000000000000e+00
0.000000000000000000e+00
0.000000000000000000e+00
3.966337942529207794e-07
0.000000000000000000e+00
0.000000000000000000e+00
0.000000000000000000e+00
0.000000000000000000e+00
0.000000000000000000e+00
0.000000000000000000e+00
0.000000000000000000e+00
4.571147071974479559e-10
0.000000000000000000e+00
0.000000000000000000e+00
0.000000000000000000e+00
6.568989618926934781e-08
0.000000000000000000e+00
4.054072633152827621e-07
1.116606007656173460e-08
0.000000000000000000e+00
1.521286741024141520e-08
0.000000000000000000e+00
1.665517430637919460e-07
0.000000000000000000e+00
0.000000000000000000e+00
0.000000000000000000e+00
1.552749218092230876e-08
0.000000000000000000e+00
1.426607127541501541e-06
6.577733469015356604e-09
0.000000000000000000e+00
6.944077313164598309e-09
0.000000000000000000e+00
1.396023208144470118e-07
1.383341707850149760e-08
6.013692200212972239e-06
0.000000000000000000e+00
0.000000000000000000e+00
8.920158500735908547e-10
8.132661264426133130e-07
0.000000000000000000e+00
1.206900606121052988e-06
0.000000000000000000e+00
4.159880218068678914e-10
0.000000000000000000e+00
4.976274947665615400e-09
7.640908847861282993e-07
1.910330382770553115e-08
2.685992817053062254e-10
2.928249216438416624e-07
0.000000000000000000e+00
3.640633750023880566e-08
1.333140602355342708e-07
5.141533279129362199e-07
4.163046298799599754e-07
1.485276243329280987e-06
4.851922312809620053e-07
0.000000000000000000e+00
1.411190027056363760e-07
3.330810827151253761e-08
8.295922526713184197e-08
7.093130420798843261e-07
0.000000000000000000e+00
2.912099894558650703e-09
8.181820554398200329e-09
6.557015694852452725e-06
9.944013612539492897e-08
0.000000000000000000e+00
4.200451826363860164e-07
7.223665221545161330e-08
2.984147329243569402e-07
0.000000000000000000e+00
6.649835540883941576e-06
2.425364353797476724e-10
8.591519673473158036e-08
1.529307382952538319e-07
1.922872314708001795e-07
9.169107073603299796e-08
1.342695732375887019e-08
3.719114602063200437e-06
7.365935630332387518e-07
1.000794558336792761e-08
2.039702096112705476e-08
2.757368733341536426e-08
2.194130530597249162e-07
1.557456812406599056e-07
9.297572489685990149e-09
1.790486692243575817e-08
6.270789043583135935e-08
1.093219625936114880e-09
0.000000000000000000e+00
1.795557302841643832e-08
6.950202191546850372e-07
4.798661166205420159e-07
4.805087883141823113e-07
2.688004315132275224e-06
1.053935079653456341e-06
7.902722387598259957e-08
1.922286401168094017e-07
2.174590463255299255e-07
5.645986220770282671e-06
1.798784765583150147e-08
2.274241239774710266e-08
5.143507841864902730e-09
3.063826738980424125e-07
0.000000000000000000e+00
0.000000000000000000e+00
2.647328471994114807e-07
1.174736130593601047e-08
6.945127251078986319e-10
4.855404522885464758e-09
0.000000000000000000e+00
2.354546779770316789e-09
9.992927374469218194e-09
1.732842314083882229e-08
6.733193913532886654e-07
6.644838776992401108e-07
7.194540785349090584e-07
1.724541107250843197e-06
1.460268017616783709e-09
2.926586972762379446e-08
1.277323580239908551e-08
0.000000000000000000e+00
0.000000000000000000e+00
3.486970285848656204e-07
0.000000000000000000e+00
0.000000000000000000e+00
0.000000000000000000e+00
1.557391897222260013e-06
0.000000000000000000e+00
1.642067218199372292e-06
5.306391437365221009e-10
0.000000000000000000e+00
1.100269741982629057e-06
0.000000000000000000e+00
2.537007404157520796e-08
2.965803787446930073e-06
1.237671767739811912e-06
1.112864751462439017e-07
6.794742830606992356e-07
5.079010101383119036e-09
2.459797343590253149e-08
0.000000000000000000e+00
2.702380819119554189e-10
4.887818594312420828e-09
0.000000000000000000e+00
0.000000000000000000e+00
0.000000000000000000e+00
0.000000000000000000e+00
3.323938624344435766e-10
0.000000000000000000e+00
8.794783568077946256e-09
2.907436291721410271e-09
9.451236238078308816e-09
1.021299600445502165e-09
7.699566317853623332e-09
4.411570131424014107e-08
2.185384234687504090e-10
2.026682821565373160e-09
1.391967998642940074e-06
8.501380932557367487e-08
3.721776664633580367e-08
7.827595283060873044e-08
0.000000000000000000e+00
0.000000000000000000e+00
7.861839321776642464e-07
1.341084185924046324e-07
6.378007242346939165e-07
1.171326857729582116e-07
0.000000000000000000e+00
0.000000000000000000e+00
0.000000000000000000e+00
5.453494100748912388e-09
0.000000000000000000e+00
0.000000000000000000e+00
5.031033811775387221e-09
0.000000000000000000e+00
8.300133913508034311e-09
0.000000000000000000e+00
1.931120010567610734e-07
1.099440254392902716e-07
6.454146106449343279e-09
0.000000000000000000e+00
5.423562043915808317e-09
6.145488669062615372e-07
2.585604397253860043e-09
4.859864510819988936e-09
1.362291524031888912e-08
7.724413819687470095e-08
1.093633983373365481e-08
2.581407620994013996e-08
3.878958665382015170e-08
7.244126010164109175e-08
1.092129142676867559e-08
2.789288373605813831e-06
6.512912875678011915e-08
9.419962587742247706e-09
7.036102367408147984e-09
7.800802848123566946e-08
2.581606395324342884e-08
5.708933485948364250e-07
5.704506520487484522e-07
6.263084717517131139e-09
1.292039996769744903e-06
3.505196900732698850e-06
2.282758941873908043e-07
1.311111041957246925e-08
0.000000000000000000e+00
1.942856670211767778e-06
2.219627148747349565e-09
0.000000000000000000e+00
4.603726210916647688e-06
1.831620295433822321e-07
1.683324946100128727e-08
1.125555257885935134e-07
8.490426921525795478e-07
7.638400347786955535e-07
7.115061748663720209e-07
2.968321766161352571e-08
6.406342833997769048e-08
2.164413714922375220e-08
0.000000000000000000e+00
2.287793847699504113e-07
4.014300358790023893e-08
1.440798769181128591e-07
5.016442816696553564e-10
2.011144169955514371e-05
5.116337433719309047e-07
6.801233780606708024e-07
1.003327383841678966e-06
2.344110043850378133e-06
8.600715695195049193e-09
8.029965670175442938e-07
1.433873080713965464e-06
4.297630766814108938e-07
2.303780277657097031e-08
3.968293071920925286e-07
5.950378412222789848e-09
8.003343765494719264e-08
2.770793514628167031e-07
3.486238711047917604e-07
2.626620414503122447e-07
1.069864552505350730e-07
6.260244845179840922e-06
4.833580646845803130e-07
3.401734005592516041e-08
0.000000000000000000e+00
4.478586745904067357e-08
0.000000000000000000e+00
0.000000000000000000e+00
0.000000000000000000e+00
2.114578911971420894e-08
0.000000000000000000e+00
1.907636687503710959e-10
0.000000000000000000e+00
0.000000000000000000e+00
3.727237753992085345e-07
4.135360143209254602e-08
1.113274606723280158e-06
1.568402808516111691e-06
3.119211777757868731e-09
0.000000000000000000e+00
8.883375102186619188e-08
0.000000000000000000e+00
3.459567354813231077e-10
6.873215170344337821e-07
3.164025841329021205e-08
5.837347494264122361e-09
5.020025728441623869e-09
0.000000000000000000e+00
0.000000000000000000e+00
3.292996542114678959e-09
9.805054332900908776e-07
8.382033911402686499e-08
5.114375412063054682e-08
0.000000000000000000e+00
1.509401847954450204e-08
2.852915903517327934e-09
1.015989028019248508e-06
8.857987260357802484e-11
1.453372760806814767e-06
0.000000000000000000e+00
2.122917095448428881e-07
2.320254921528430714e-08
7.125389345219446113e-08
5.957091175901041424e-08
7.384154088185823639e-08
0.000000000000000000e+00
8.068196111210568233e-10
0.000000000000000000e+00
1.931918802711152239e-08
2.299003085681761149e-07
2.705814381442905869e-07
0.000000000000000000e+00
0.000000000000000000e+00
2.195431676454973058e-07
0.000000000000000000e+00
1.314050468437244490e-08
0.000000000000000000e+00
0.000000000000000000e+00
0.000000000000000000e+00
0.000000000000000000e+00
3.407094197882543085e-07
0.000000000000000000e+00
6.599039537036333058e-09
8.634395953777129762e-08
0.000000000000000000e+00
4.673159992307773791e-08
8.499709380771491851e-09
0.000000000000000000e+00
5.084692222823150587e-09
5.598433006070990814e-08
0.000000000000000000e+00
5.342852773537742905e-07
9.562115543815252749e-10
1.213939384570039692e-07
1.062554062514209363e-07
1.024890394774047309e-08
7.745917685042513767e-09
3.503679124605696416e-08
1.105257829703276684e-10
6.803196583859971724e-07
2.657151476626040676e-08
8.392154882130853366e-07
8.170847536348446738e-07
7.977404692383061047e-08
1.033749640555470251e-06
4.483040605407495605e-10
1.492706758199346950e-08
4.235975481492459949e-08
2.969436430078076228e-08
1.833817862006981159e-07
9.254986998996628245e-09
8.533101691909905639e-08
5.209626507962639153e-08
6.121932472069602227e-08
4.754176163856982384e-09
2.842287649684749340e-08
4.974391032419589465e-08
2.882728011854851502e-08
0.000000000000000000e+00
4.809691755980338712e-09
4.296236056688940153e-06
1.841593011420172843e-08
9.912747600537841208e-08
2.881872092075354885e-07
1.059651477675060960e-08
8.413509888782755297e-09
1.066256984927349549e-07
1.024572000574153208e-07
7.559759751529782079e-07
3.631532186076924518e-09
1.928137010054342682e-07
3.598242130919970805e-07
2.514570773826108052e-09
3.993288828496588394e-06
6.542516306495826939e-09
3.543392779192799935e-07
2.126411800418281928e-06
1.198062893337237256e-08
3.233547829495364567e-08
7.400640988919349184e-09
1.471427424348803470e-07
3.446058656209061155e-07
1.685213568691779074e-08
3.455492105786106549e-06
7.501427035094820894e-07
4.602652836638299050e-07
5.475311013469763566e-07
5.192806611375999637e-07
1.542052929792703253e-09
7.691845667068264447e-07
0.000000000000000000e+00
9.189027423417428508e-07
6.138979102843222790e-08
3.128291403697858186e-09
2.785792219128779834e-07
8.378593179259041790e-07
8.201237022831264767e-09
2.017112166186052491e-07
1.192542065098223247e-08
1.284291606395981944e-08
1.522236289019929245e-06
1.576932184832458006e-08
2.810813093390152062e-08
6.019751347787274942e-14
3.998021824713759997e-08
4.872662202615174465e-07
8.291070940913414233e-08
4.261740738087382852e-09
0.000000000000000000e+00
0.000000000000000000e+00
6.094943216794490581e-08
0.000000000000000000e+00
0.000000000000000000e+00
0.000000000000000000e+00
9.851215398981594262e-10
8.251300442907449906e-08
0.000000000000000000e+00
6.197966939680554788e-08
1.131945370769216197e-10
0.000000000000000000e+00
0.000000000000000000e+00
1.067426524059555959e-06
2.211629180237650871e-06
0.000000000000000000e+00
9.123724886705986137e-09
0.000000000000000000e+00
2.482798606706637656e-07
5.403960017247300129e-07
0.000000000000000000e+00
0.000000000000000000e+00
0.000000000000000000e+00
1.404459992748741115e-09
4.406605746964942227e-09
1.831385532113927184e-07
0.000000000000000000e+00
0.000000000000000000e+00
3.714676566346497566e-08
1.049662543550766713e-07
1.244537429556658026e-06
1.057162135609246434e-09
2.158898269044584595e-07
4.082422178086630993e-10
3.595597775074566016e-08
0.000000000000000000e+00
0.000000000000000000e+00
6.795899025746621192e-07
4.148852816854287084e-09
0.000000000000000000e+00
0.000000000000000000e+00
5.178268924765916381e-10
0.000000000000000000e+00
0.000000000000000000e+00
0.000000000000000000e+00
0.000000000000000000e+00
0.000000000000000000e+00
0.000000000000000000e+00
0.000000000000000000e+00
0.000000000000000000e+00
4.116798901776519415e-09
0.000000000000000000e+00
6.053784140647167078e-10
0.000000000000000000e+00
0.000000000000000000e+00
1.194068177667872988e-09
0.000000000000000000e+00
3.060279585298530947e-09
0.000000000000000000e+00
2.119922548615704727e-08
0.000000000000000000e+00
0.000000000000000000e+00
0.000000000000000000e+00
3.941772741544724568e-10
1.092496670906939471e-08
0.000000000000000000e+00
0.000000000000000000e+00
1.259578841228403689e-08
9.603938477820150865e-11
3.344863586107749143e-08
1.002992711107708601e-08
6.843579480886319288e-09
2.110625008100441846e-09
4.874107784047509995e-10
4.912540152446354114e-09
1.976002972359225396e-10
2.948360444676723091e-09
1.651273451308554741e-09
1.339702926372865477e-08
4.390305718970921589e-08
1.253383032917554374e-07
1.432524641131749377e-07
1.144314069279062096e-06
2.537041865480205161e-08
2.715733273817022564e-07
2.217223936895607039e-06
4.984252655049203895e-07
8.767560757405590266e-07
2.653001907049201691e-08
1.438084041183174122e-06
3.089890583396481816e-07
1.203816868411422547e-08
9.761451202905391256e-09
3.160030814797210041e-07
7.034056181964842835e-08
5.160438377060927451e-06
2.089634108415339142e-06
7.393607006633828860e-07
4.032501692563528195e-07
1.699514484698738670e-07
1.497219415114159347e-07
2.434584800425909634e-08
6.182640177598841547e-09
3.773116645788832102e-07
2.570284429737057508e-09
1.198602490148914512e-06
1.543579717169785148e-12
0.000000000000000000e+00
0.000000000000000000e+00
3.025993464689236134e-07
8.130696187436114997e-07
1.322429056926921476e-06
1.645113906212358756e-10
1.418740680492192041e-06
1.779928565648347671e-10
2.639921603986294940e-06
1.256410541827790439e-06
2.374212471067949082e-07
2.327797954393417967e-09
5.809102390230691526e-07
2.050655609764362453e-07
1.833792317995630583e-08
0.000000000000000000e+00
6.313287315151683288e-08
0.000000000000000000e+00
2.325139386583074952e-10
0.000000000000000000e+00
0.000000000000000000e+00
7.351415831635677023e-08
9.342493001440743683e-09
1.202052573034961824e-07
2.086710537696490064e-07
0.000000000000000000e+00
3.249570390551070886e-09
8.256353112301439978e-08
4.619435912900371477e-06
6.376121319817684707e-08
1.801936832634964958e-06
0.000000000000000000e+00
7.127297418918487892e-09
0.000000000000000000e+00
8.350167490789317526e-08
0.000000000000000000e+00
1.265122939742013841e-08
7.285364063136512414e-07
8.590061106872326491e-09
0.000000000000000000e+00
0.000000000000000000e+00
0.000000000000000000e+00
6.592922652259858296e-09
1.263388149652655557e-08
3.217541433286896790e-08
0.000000000000000000e+00
0.000000000000000000e+00
0.000000000000000000e+00
3.163733497402176909e-09
3.185377739356454185e-09
3.749028962829470402e-07
8.340316526300739497e-07
5.971652061731447247e-10
8.587002220394879259e-09
8.881353430467697763e-09
1.839448486862238497e-07
2.222411410457425518e-07
9.186253890902662533e-08
2.150440492343363985e-09
2.653333908142485598e-08
9.507985851087141782e-06
0.000000000000000000e+00
5.638870703705833876e-08
8.283078223314532806e-09
8.726659395108526951e-10
2.060879111809299502e-08
9.097300335270119831e-07
3.531703782755357679e-07
4.354860436706076143e-07
1.155259070628744666e-07
8.236187568400055170e-06
9.771808890945976600e-07
3.111697139956959290e-07
7.620212727488251403e-08
7.675757984770825715e-08
5.190519658526682178e-08
2.037332478721509688e-06
5.320889613358303905e-07
3.286976152594434097e-06
5.125650304194095952e-08
1.310208297411463718e-08
1.469147832722228486e-06
2.139079469998250715e-06
4.672881914302706718e-06
1.388713997130253119e-07
6.593275543309573550e-07
1.925753139175867545e-07
3.231743903597816825e-07
2.149634958925616957e-08
1.171808108324512432e-07
6.636500984313897789e-07
6.555409299835446291e-07
1.749653165461495519e-06
3.094487226462661056e-07
1.405175282798154512e-07
7.271557933563599363e-07
1.745186328783177032e-09
0.000000000000000000e+00
1.621211254132504109e-08
1.752817557765240508e-09
2.527261813156655990e-06
1.803220572860197990e-09
8.127274853109156538e-09
1.818983292878328939e-07
3.968244072893867269e-06
3.807784310083661694e-07
5.306185357767390087e-08
1.276022203455795534e-07
1.638886828914110083e-06
2.218228019046364352e-06
4.047898904957492050e-09
3.277484950103826122e-09
5.646717795571021270e-07
1.576022782501240727e-06
7.888512953968529473e-09
2.365771223367119092e-07
1.253532211364927207e-08
3.532879304657399189e-07
4.495155803141415163e-09
2.440334512243680365e-08
0.000000000000000000e+00
1.132948113991005812e-06
2.369846015426446684e-06
1.890290057815491309e-08
4.187300284286266105e-09
0.000000000000000000e+00
0.000000000000000000e+00
4.902447336974091741e-10
8.995733047356679890e-09
4.575634804382389120e-08
3.684725982111558551e-07
1.305709020016365685e-06
0.000000000000000000e+00
4.741038139854936162e-08
3.728207520481419124e-09
2.727232883970032162e-09
1.116192365202550718e-07
3.956162686336028855e-07
5.429070082385578644e-09
7.948020019910018164e-09
2.427960588136102160e-08
2.495530964097270044e-07
1.105124951550351398e-07
4.244988804913418790e-09
1.578246497047075536e-06
1.662486326381440449e-08
3.301542506051191594e-07
4.312534827022318495e-07
4.927859436065773480e-07
5.147978043851253460e-09
2.127807192664477043e-07
2.542253518811321555e-08
4.934302921810740372e-08
1.460057461599717499e-07
1.131397979747816862e-07
8.936342510423855856e-08
4.684176474256673828e-06
2.689768621166876983e-07
2.272723122587194666e-06
8.352188842764007859e-07
6.053141099471304187e-09
6.117618855938644629e-09
2.412785988781251945e-07
2.590294734261533449e-08
0.000000000000000000e+00
1.597422141230708803e-07
8.469037879876850639e-07
4.023413566756062210e-07
1.051956473929749336e-06
4.058151503727458476e-08
5.724570151244279259e-09
1.594873708654631628e-07
0.000000000000000000e+00
4.684313239522452932e-07
2.780050500916786405e-08
5.133463432116514014e-09
1.265216198476082354e-08
3.688538185997458640e-07
4.881701709535946065e-09
6.689951419502904173e-07
5.286382247504661791e-07
3.665573160560597898e-07
1.289736512033456961e-10
4.832538138543895911e-07
4.165843279224645812e-07
8.027278397548798239e-08
3.618805806127056712e-07
0.000000000000000000e+00
9.615281015840082546e-09
2.719050096189334909e-09
5.085003635940665845e-07
2.164589432140928693e-07
5.890191232538199984e-07
2.598743797932456800e-08
2.207329963255233451e-08
1.264174102288961876e-06
6.134918351108353818e-08
4.255511054651606173e-09
9.704176129332608980e-09
7.124648249146048329e-08
6.405389552099904904e-09
0.000000000000000000e+00
6.811017101426841691e-07
9.772536913033036399e-08
5.959198574601032306e-07
3.981763896376833145e-08
2.309874815864532138e-07
1.160435392222325390e-08
2.280024347101061721e-08
4.651982266068444005e-08
8.455177891164566972e-09
7.939445936244737823e-07
5.815325998526077456e-09
0.000000000000000000e+00
8.138962729687185260e-14
2.124176262441324070e-06
7.359438427556597162e-07
1.750556464230612619e-07
0.000000000000000000e+00
0.000000000000000000e+00
2.107739192069857381e-06
2.658937319210963324e-07
0.000000000000000000e+00
1.293672724500538607e-08
2.889965244889936002e-08
0.000000000000000000e+00
0.000000000000000000e+00
0.000000000000000000e+00
0.000000000000000000e+00
1.364213186860752103e-08
2.218318257973805885e-07
2.191820613006711937e-06
1.840967684074712452e-06
1.523874715303463745e-08
6.012959019585650822e-09
0.000000000000000000e+00
2.310814178896336557e-10
0.000000000000000000e+00
0.000000000000000000e+00
0.000000000000000000e+00
6.639065190938708838e-07
7.080432169459527358e-07
0.000000000000000000e+00
2.090833731926977634e-06
3.451043895097427594e-08
8.422290420639910735e-09
6.044470701738191565e-09
1.949635564102436547e-09
3.142306752579315798e-07
5.410209524825404515e-08
4.431340585142606869e-06
1.418937216612903285e-07
5.501569830812513828e-06
2.292981093887647148e-08
4.121101824239303824e-07
1.582652885190327652e-06
6.031463044564588927e-07
2.633273936680780025e-07
4.884644226876844186e-07
0.000000000000000000e+00
1.165971980299218558e-06
1.211634614861623049e-08
1.224725906467938330e-06
7.081683683907158411e-09
1.904608240010929876e-07
8.093879273474158254e-07
3.532187042853962566e-10
3.808694600593298674e-06
1.911606801741072559e-07
4.348341349214024376e-07
9.806854706084777717e-08
1.098498572105199855e-07
1.222871404138459184e-08
6.368170990533883469e-10
2.395810270172660239e-07
8.891432798918685876e-07
2.101363882900386670e-08
4.510966533644023002e-08
0.000000000000000000e+00
1.483942810409644153e-06
9.375530574118329241e-09
1.600926147204972949e-08
1.085370349152015024e-09
6.251726603068163968e-08
3.566821646927564871e-07
1.078119052366766084e-10
5.335497377245701500e-08
1.759261714084914274e-08
6.254778099901159294e-07
9.198615202876680996e-09
6.502164495714168879e-08
0.000000000000000000e+00
0.000000000000000000e+00
8.321690003754156351e-09
1.508694558172152256e-10
0.000000000000000000e+00
1.136323368733371808e-09
2.123082154525945953e-08
9.126618465415958781e-07
1.618829656990783405e-07
3.138129386570653878e-06
0.000000000000000000e+00
2.005742416599787248e-08
2.063512056338367984e-06
0.000000000000000000e+00
2.344607397120057612e-09
0.000000000000000000e+00
9.436980121790838894e-07
0.000000000000000000e+00
1.012437564895662945e-06
1.093212858904735185e-06
0.000000000000000000e+00
2.871532878145899303e-08
8.909337338991463184e-07
6.963841059359765495e-09
1.203229693658158794e-08
3.187629271650394003e-09
1.042297093079014303e-08
7.436457671872176434e-09
5.136088443435937734e-09
1.444547770290682820e-08
2.636949325562909507e-08
2.719658631633592449e-08
1.679886167949007358e-06
0.000000000000000000e+00
3.214747493984759785e-06
8.435397091943741543e-08
4.055718818563036621e-07
4.232997810049710097e-07
4.896282046473743321e-09
7.524147349613485858e-08
3.628507050379425891e-09
3.598742296162527055e-06
7.421305099342134781e-07
4.264995648317615462e-11
3.942101614029525081e-07
8.917130145391638507e-09
1.209987885886221193e-06
1.954779094148761942e-08
6.404106329682690557e-07
6.410913466758927370e-10
6.702608743580640294e-07
3.007148734468501061e-07
4.028041011849836650e-09
2.416408051431062631e-08
1.479592670605711646e-09
1.277339300997937244e-08
2.978447000145933998e-08
8.365330359083600342e-06
7.620482733727840241e-07
1.523146835324951098e-07
8.172099796865950339e-08
5.260849889054952655e-08
0.000000000000000000e+00
2.318222840358430403e-07
4.417650245613913285e-08
9.623620371712604538e-07
9.169691566057736054e-07
1.044291649682227430e-11
8.472401447079391801e-08
3.375324464371942668e-09
0.000000000000000000e+00
2.220179062817351223e-08
5.239828571035332061e-09
0.000000000000000000e+00
2.601580888494936517e-07
2.762534867528643190e-09
3.925517244596221644e-09
3.712838647640381851e-10
0.000000000000000000e+00
3.756853317327113473e-08
7.511699706697072543e-09
0.000000000000000000e+00
3.371751988723303839e-09
2.659358733225758442e-09
4.047686843478004448e-07
7.010798608320101266e-09
1.217912881656957325e-07
6.779470140827470459e-08
2.190840703297780578e-10
2.094669682151106826e-08
7.527843877142004203e-07
2.356978434647771792e-08
1.089182319446990732e-06
4.872772407793490856e-09
7.325883455422399493e-09
3.756307975777417596e-08
1.695130663392774295e-06
8.372485815755226213e-09
7.864656148548476722e-10
1.638789015601105348e-08
4.353315929961354414e-08
0.000000000000000000e+00
0.000000000000000000e+00
3.896440503581288795e-09
7.480471797549625990e-10
2.156154543797583756e-08
8.161936126960256388e-10
0.000000000000000000e+00
2.764983442204993480e-08
2.112931980491339345e-07
4.532844855020812247e-08
2.775670893129245087e-08
2.520525788085592467e-09
0.000000000000000000e+00
2.739598414791544201e-07
1.131632984652242158e-06
1.109556706069270149e-06
0.000000000000000000e+00
0.000000000000000000e+00
1.258162001249729656e-07
1.513049454615611467e-07
2.263468786622979678e-06
4.183240975841329146e-10
3.506404198105883552e-07
2.198855320045822737e-08
2.980602289426315110e-07
1.074264332601160277e-06
6.130642304924549535e-07
8.672519413721602177e-08
3.075032736887806095e-06
2.081841188328326098e-07
4.311917223276395816e-08
5.823258106829598546e-07
1.235768952445592817e-11
4.636543451397301396e-07
1.000721840682672337e-05
5.611007658501421247e-09
6.608368039451306686e-07
5.435639423012617044e-07
8.799503916634421330e-07
7.445782301829240168e-08
5.218316232458164450e-07
4.329030502958630677e-07
3.898221478948471486e-08
4.249423284363729181e-07
1.512816766080504749e-06
7.802059442951758683e-09
9.028995577864407096e-07
2.052921210804470320e-08
6.908154546181322075e-07
1.114508108912559692e-06
4.410407872246224770e-10
8.035913765525037888e-07
2.274833690307787037e-07
6.586641232431134085e-10
7.911706347840663511e-07
6.266267860155494418e-08
2.671827381561797665e-08
4.972787905899167527e-07
1.561732965171813703e-08
1.011693218089249058e-08
4.991857593950044247e-09
2.983122371347235458e-08
4.637399086959703709e-08
1.049099793704044714e-07
2.227392457143650972e-07
1.121022796723991632e-05
0.000000000000000000e+00
1.005213273730376500e-11
1.112827874294453068e-07
1.002665726446139161e-06
1.521910264479231500e-09
0.000000000000000000e+00
5.099498707750171889e-07
2.407097099421662278e-07
2.399048355528066168e-07
3.099099643577574170e-09
1.802983540244440519e-08
4.648311957566875208e-08
2.071359972433128860e-07
3.846378326954891236e-09
9.790908528373165609e-09
2.818099975598897800e-09
9.911800447071072995e-08
4.897000138726070873e-08
9.834358394300579675e-08
1.179243582782874000e-07
0.000000000000000000e+00
0.000000000000000000e+00
1.021194634631683584e-06
1.255871353578186245e-07
2.143173860602587411e-09
5.390915021052933298e-07
5.815174972667591646e-07
1.535538217467546929e-06
3.343107124464950175e-08
1.147723605043893258e-08
0.000000000000000000e+00
0.000000000000000000e+00
6.954995228625193704e-07
1.457069060961657669e-07
1.670176885681939893e-08
2.772924290184164420e-08
6.471135094443525304e-08
1.000327856104377133e-07
0.000000000000000000e+00
3.123831788798270281e-07
0.000000000000000000e+00
1.401992477667590720e-08
0.000000000000000000e+00
2.697665593132114736e-07
0.000000000000000000e+00
2.909004370721390842e-09
0.000000000000000000e+00
2.175309710139572417e-09
1.395698889794516617e-09
4.623354477040209076e-10
0.000000000000000000e+00
0.000000000000000000e+00
1.506065700596082024e-06
0.000000000000000000e+00
7.992241313203862774e-10
1.175109289874853857e-07
2.761277040352894119e-10
4.101391226640771492e-08
1.430304621408140520e-07
1.601304688847449142e-07
1.862718423950582292e-09
1.066585696207766887e-06
3.009367643969085293e-09
9.797937394750988460e-08
0.000000000000000000e+00
0.000000000000000000e+00
0.000000000000000000e+00
8.830282638427888742e-08
1.014139616728471083e-08
7.743681607053076732e-08
0.000000000000000000e+00
1.747483269198824019e-09
1.096872708217233594e-07
1.959820536967527005e-07
2.824828726488703978e-08
3.741378051813626371e-08
7.296799253708741162e-07
6.384444084517326701e-10
3.410251281366072362e-07
2.386847874902287003e-08
1.349234057812509491e-09
2.521092845597650012e-08
1.627407982596196234e-06
5.987424445130784534e-10
7.966463932973510964e-09
4.262144102540332824e-06
6.837103772028285675e-09
1.529912537989730481e-06
7.485184028155345004e-08
0.000000000000000000e+00
9.772111297934316099e-07
4.610044612718411372e-08
5.835642014062614180e-07
3.724230964508024044e-06
6.814924180531534148e-09
4.105430662093567662e-08
2.907960833908873610e-06
6.845760847085102796e-09
1.974892029465991072e-06
9.289336162510153372e-07
3.839234523184131831e-06
4.593506464090069130e-09
3.397465206944616511e-06
3.929105332645121962e-06
9.129130518203965039e-08
5.215347442799611599e-08
6.046705913753669392e-10
2.278753754580975510e-07
7.697358861413761133e-10
8.881482358447101433e-07
1.985404651350108907e-06
1.108535457206016872e-06
2.596076171812455868e-07
1.096019364155154108e-08
4.257113772609955049e-08
2.595778880731813842e-08
4.062879099819838302e-07
1.023317892645536631e-07
4.051161628382260460e-09
6.430939720303285867e-06
2.596223396267305361e-07
1.397534106217790395e-07
0.000000000000000000e+00
2.009881683306957711e-08
2.521295812130119884e-07
5.839355310399696464e-08
2.882274884541402571e-06
1.212657281257634168e-07
0.000000000000000000e+00
0.000000000000000000e+00
3.053688191201331392e-09
1.619337552938304725e-08
8.306954235592911573e-09
7.741160743535147049e-07
4.347134563431609422e-07
1.390247028609792324e-09
5.559780191788377124e-08
5.533723879125318490e-07
1.010850070315427729e-09
1.381145309231612828e-09
8.383426397529092355e-09
0.000000000000000000e+00
2.800278342540707399e-10
0.000000000000000000e+00
2.389702435934282221e-09
0.000000000000000000e+00
0.000000000000000000e+00
2.192306780557373713e-09
1.035234653556926787e-08
7.531463808163607609e-08
5.781479828215196903e-08
0.000000000000000000e+00
0.000000000000000000e+00
1.023600759708642727e-07
0.000000000000000000e+00
4.165310873993632867e-10
1.738791013394802576e-07
1.377228926457974012e-07
2.340426341618240258e-08
0.000000000000000000e+00
5.161035119272128213e-07
0.000000000000000000e+00
6.886648407089523971e-08
3.228249170206254348e-06
8.780471461022898438e-08
2.784213570805604832e-08
1.052593456840611452e-09
6.848670750514429528e-07
1.217080694004835095e-06
5.766826599584717883e-11
9.116162935640659271e-09
1.125341441365890205e-06
0.000000000000000000e+00
5.456327016872819513e-07
8.245470439760538284e-08
1.552260329162891139e-07
7.894782783068876597e-08
7.219556863446996431e-08
1.654265133765875362e-07
8.108717679533583578e-07
1.344255360891111195e-05
8.802183515399519820e-07
9.512166343483841047e-08
7.375155632871610578e-07
2.914927108577103354e-07
4.518261448538396508e-06
2.495037598748695018e-08
1.488597134446933978e-09
5.797616609015676659e-07
5.815093632316470362e-12
5.827982541006804240e-09
3.649148316853256802e-09
4.739496489492012188e-06
7.027488209132570773e-07
1.705136476459756523e-08
2.585545333388949985e-09
1.687713613307550986e-08
1.095844368137477431e-06
1.023509867081884295e-06
9.757257224407567264e-09
4.186721014320937684e-07
2.978094926220364869e-07
2.899562332459026948e-07
1.673188762651989236e-06
1.365446138379411423e-07
1.214579469888121821e-06
8.073558710464112664e-09
1.146381833905252279e-08
5.916466605526693456e-08
1.341279926236893516e-06
9.561548495184979402e-07
8.565422815465240092e-10
6.954750553234134713e-09
1.110269423065801675e-07
0.000000000000000000e+00
2.141592680970916263e-08
1.564537654985542758e-07
7.089876135069062002e-07
2.805993437604570317e-09
1.996865194087149575e-06
9.021474625114933588e-07
9.997116876547806896e-07
0.000000000000000000e+00
2.240892058580357116e-07
7.825504688696582889e-10
2.362355311369412902e-10
6.654116759818862192e-07
1.847332242732591112e-08
0.000000000000000000e+00
0.000000000000000000e+00
5.273427916563377948e-09
7.666431542929785792e-07
4.453089008649158131e-09
7.149304224185470957e-07
3.406893256396870129e-07
5.839079264546853665e-08
0.000000000000000000e+00
3.609124732406598923e-08
4.397080921592078084e-09
2.326194589841179550e-06
0.000000000000000000e+00
8.404507312320674828e-09
0.000000000000000000e+00
8.903796810955100227e-07
5.086878140936335058e-11
3.067696097147631917e-09
0.000000000000000000e+00
4.386602370232139947e-07
1.226029677781070859e-08
7.466177898152182024e-09
5.126666451360506471e-07
0.000000000000000000e+00
1.948114558558700082e-09
1.533594806701898960e-09
6.948686959162841958e-09
5.893642018861555698e-09
2.462315933371428400e-07
7.667497747831930610e-09
1.211214151197737010e-08
0.000000000000000000e+00
3.610516614571679384e-07
8.600479439735408960e-09
6.493983129018943146e-10
0.000000000000000000e+00
1.907155393610082683e-07
0.000000000000000000e+00
2.895852446727076313e-07
2.148136069024531025e-08
2.122306952401231683e-08
7.333688500921198283e-08
7.817726466186059042e-10
3.259581216052964692e-10
3.108843316113052424e-08
0.000000000000000000e+00
2.805484511370082146e-09
8.762851777532887354e-09
1.932868975984547433e-08
1.483820938119606581e-06
2.753826333634634693e-10
5.175061712492379229e-09
0.000000000000000000e+00
2.366420233101962367e-07
7.946573532535694540e-07
8.279748442419077037e-09
5.607229169868332974e-08
1.304266206147985940e-08
2.395939802113389305e-08
8.448464683397105546e-08
3.288706551529685385e-08
1.179959667751973029e-07
2.790732089863467991e-09
1.452539089008553219e-09
2.722806691224377573e-08
0.000000000000000000e+00
3.436035456161334878e-07
1.016784040075435769e-06
7.438596185238566250e-06
1.653389745115418918e-06
1.008377125799597707e-06
2.894299768740893342e-07
2.149157353414921090e-06
9.831639999902108684e-07
5.786692014453365118e-08
2.873339255415885418e-08
3.221327915525762364e-08
1.275684127222120878e-07
1.428530627123336672e-08
6.662343139396398328e-07
1.100793909358799283e-07
2.888513872534304028e-09
3.336275922194431587e-09
1.537679428231797374e-09
0.000000000000000000e+00
0.000000000000000000e+00
2.544609634114181063e-09
3.229106759761180001e-09
3.499618287605699152e-06
1.753174046825733967e-06
2.973821366936135746e-08
2.987276275234762579e-07
5.449074080843274714e-08
1.038799268826551270e-08
1.158217514785064850e-06
3.385173386050155386e-06
9.906536035941826412e-09
2.060784787261127349e-08
2.626007642447802937e-07
1.643065132839183207e-07
0.000000000000000000e+00
0.000000000000000000e+00
0.000000000000000000e+00
1.340155364459860721e-07
1.913597174052483751e-07
1.766881529974284604e-09
8.404043683185591362e-09
1.723336495729199669e-08
0.000000000000000000e+00
1.172384031633555423e-06
9.405845702303849976e-08
7.834136539486280526e-08
0.000000000000000000e+00
1.338149147045442078e-08
2.308421365171398065e-08
0.000000000000000000e+00
2.273145405240484251e-08
7.520907230329498816e-10
0.000000000000000000e+00
2.087586494781135116e-07
5.135856540050554031e-08
1.628722969826412736e-07
5.560893967526681081e-08
3.412618809761625016e-07
1.548562295283772983e-06
8.368860449081694242e-08
0.000000000000000000e+00
1.043198523120736354e-07
4.770432493472753777e-09
0.000000000000000000e+00
2.082137370962300338e-06
5.032542958360863850e-06
0.000000000000000000e+00
0.000000000000000000e+00
1.745495481486614153e-08
0.000000000000000000e+00
0.000000000000000000e+00
0.000000000000000000e+00
0.000000000000000000e+00
2.381509602855658159e-07
2.964006284855713602e-08
0.000000000000000000e+00
1.605185389053076506e-07
5.138298675433361495e-10
1.776576254997053184e-07
1.512459490982109855e-09
5.095344146610614189e-09
1.089903989281992835e-07
2.160971490638985415e-07
2.406965471379862720e-08
7.173978078256482149e-10
0.000000000000000000e+00
0.000000000000000000e+00
0.000000000000000000e+00
7.127911594295710529e-09
0.000000000000000000e+00
0.000000000000000000e+00
0.000000000000000000e+00
0.000000000000000000e+00
0.000000000000000000e+00
8.849675658950673096e-09
0.000000000000000000e+00
0.000000000000000000e+00
2.938814747110995995e-09
2.733278270383721065e-09
0.000000000000000000e+00
6.171678279542902601e-09
1.846343189448873545e-09
2.307501318909999100e-07
2.563532053301287306e-09
5.575541806024375546e-09
1.047101871876066070e-08
1.315966979831273420e-08
2.970887713615866232e-08
2.008740011660847813e-06
4.012679255538387224e-07
5.544625647502243737e-09
3.484854904645118268e-10
9.675813483767115031e-10
2.052315267064841464e-06
4.070837462677445728e-07
3.261746087446226738e-06
1.861307282524649054e-06
1.054960350188594020e-07
0.000000000000000000e+00
1.058256884789443575e-06
1.831768088322860422e-07
0.000000000000000000e+00
0.000000000000000000e+00
1.913357250415970157e-09
9.326286658506433014e-07
2.040794697677483782e-06
1.649882896970211732e-08
5.590777618635911494e-09
5.120406765257712323e-09
1.329616338807682041e-06
7.188498898358375300e-07
3.691198902089354306e-09
1.908102376546594314e-06
1.812522754107703804e-08
2.938647380990033753e-10
1.456159679946722463e-06
1.248035186307561162e-08
6.930678808636514532e-10
7.518390532368357526e-08
6.324051327055713045e-08
2.661726838937283901e-08
8.991128730428954441e-09
1.056317144865204227e-09
1.206526878405611569e-08
1.587271092340358791e-09
8.533829145562776830e-07
1.557654526196383671e-11
1.913796978669779492e-07
8.625778313842147327e-09
3.925180891428681207e-08
5.973765837552491575e-08
1.260491599985869016e-09
3.882056009985035416e-09
2.076316832244629040e-06
2.184450522690895014e-06
1.230542636676545953e-07
0.000000000000000000e+00
1.305284436092790656e-09
8.627726089116549701e-09
3.032067041885966319e-08
5.852728008903795853e-06
0.000000000000000000e+00
0.000000000000000000e+00
0.000000000000000000e+00
1.184380926133599132e-05
0.000000000000000000e+00
1.210531674900039434e-08
0.000000000000000000e+00
1.080816332432732452e-06
9.875565183392609470e-07
1.023111872999749039e-10
2.342727789539367222e-08
1.438257754671212751e-06
4.533388775485036604e-09
6.306945579126477242e-07
3.992174129052727949e-07
0.000000000000000000e+00
1.010348114505177364e-05
0.000000000000000000e+00
0.000000000000000000e+00
9.017812274692005303e-09
1.200796706513074241e-08
0.000000000000000000e+00
2.972050765492895152e-07
0.000000000000000000e+00
1.252844494814553400e-09
4.352504578974958349e-09
0.000000000000000000e+00
0.000000000000000000e+00
0.000000000000000000e+00
0.000000000000000000e+00
2.358939887869837548e-08
0.000000000000000000e+00
3.993934853951941477e-07
3.611862364749640619e-09
1.057732679221601302e-09
8.796650945441797376e-06
2.229974538359158487e-11
1.855753453128272668e-07
2.112532726528115745e-08
0.000000000000000000e+00
0.000000000000000000e+00
3.022586497536394745e-06
0.000000000000000000e+00
1.303452235035251761e-09
1.022527307270593155e-08
1.826270512594874162e-08
8.985191257693259104e-09
8.982799393209006666e-09
0.000000000000000000e+00
1.728109100262997799e-09
0.000000000000000000e+00
4.672567044394781988e-08
8.715734800546215411e-10
1.112994230112462901e-08
5.868571406608680263e-06
1.073447320615317224e-11
1.268003035903575437e-08
1.959779609705947223e-07
7.910402111122039059e-09
1.153130391173817770e-08
4.562725197665429278e-11
3.483661004111127113e-08
2.359847428579087136e-08
1.873281796349601791e-08
9.277862922374424670e-09
1.634813950879276945e-09
5.731558871957531665e-07
2.136602233804296702e-06
7.198178497702656387e-09
1.278933865478393272e-07
1.281303330102900873e-08
7.438393367920070887e-06
4.685215060362679651e-08
6.966252907858461185e-09
8.597560281486948952e-07
4.385658940009307116e-06
2.626273101213882910e-07
6.232840021880292625e-09
1.276403516214941192e-08
0.000000000000000000e+00
1.069148467536251701e-07
1.669257371217369723e-10
3.217184548279239387e-13
2.542399846205967151e-09
2.523212970118038356e-06
3.402601811419714295e-10
1.168236508419795427e-06
9.397857638759887777e-07
1.550876191913630464e-07
3.855539176811362267e-08
1.029686114151218135e-08
2.668471324795973487e-06
3.067420450975077983e-08
1.530277793371226380e-09
1.395021058669954073e-06
1.854569262604854885e-07
6.680846809103968553e-07
2.278943611599970609e-08
3.949664460378699005e-06
1.015651719171728473e-06
4.229326350468909368e-06
1.370606383943595574e-08
9.156210900584937917e-09
0.000000000000000000e+00
4.356773275482339614e-10
4.132677418056118768e-07
5.418640398602292407e-07
5.062668506639056432e-08
1.394156925016432069e-06
1.332383703811501618e-06
1.337462407491329941e-08
4.955695229180712147e-11
2.406178190028640529e-08
8.380638064409140497e-06
9.269425227387273480e-09
4.916747911920538172e-06
2.919177077842505241e-08
6.088368031953450554e-09
0.000000000000000000e+00
4.129881290282355621e-07
4.498381944717522174e-10
7.207976295831031166e-07
0.000000000000000000e+00
5.611485054402010064e-09
4.179316803742949560e-08
6.267794105951907113e-07
1.770404489676025150e-09
3.944877757788844974e-09
3.454748664921680756e-08
4.197091385549356346e-08
2.812526531670300756e-07
1.221050727195915897e-08
3.085634716626373120e-07
3.694036934120958904e-07
7.682822342758299783e-07
3.024418759878244600e-08
2.046769651542490465e-07
6.076461112058950675e-09
0.000000000000000000e+00
0.000000000000000000e+00
2.919913981713762041e-07
2.208738192344128493e-10
2.469842854679882294e-07
2.549026056897218950e-08
2.750429040077051468e-08
7.048844619106375831e-09
2.760316863970047052e-09
1.195205889814587863e-08
2.053665326684495085e-08
1.505567337467539346e-10
1.110197533904511147e-08
1.241248970274000385e-08
1.327876248069514986e-06
1.479198097342759866e-09
8.061804557257801207e-09
4.655723387259058654e-06
1.017160684568807483e-07
2.813654873534687795e-07
0.000000000000000000e+00
1.259730879610287957e-07
1.079046910490433220e-06
4.522574759135977729e-09
0.000000000000000000e+00
4.677382481332870157e-09
1.414478276728914352e-07
1.059836307604200556e-07
8.460758760264752709e-10
2.129685441332185292e-07
2.242142329578200588e-07
4.616855449057766236e-07
7.202028768915624823e-07
1.426821967243085965e-07
2.209277344400462084e-10
2.843097206550737610e-07
5.117084356243140064e-07
5.694383844456751831e-07
4.423233121997327544e-07
2.632873252750300708e-09
3.159965844545808977e-09
1.835692046370240860e-06
7.828675734344869852e-07
3.266245718336335813e-09
6.909376537578282296e-08
2.373235497010739437e-10
4.500157899656187510e-07
2.239419139016263216e-08
1.613225641960980283e-08
2.581031832704638873e-09
0.000000000000000000e+00
0.000000000000000000e+00
0.000000000000000000e+00
6.264096441555011552e-07
1.100434232625957520e-08
2.726512448092736039e-15
4.088563265725042584e-09
2.091444741836312460e-07
3.361476075269820285e-08
2.122821740613289876e-08
8.524248187313787639e-07
0.000000000000000000e+00
2.648683405936935742e-08
1.682812609260508907e-07
2.518866040190914646e-07
1.050536990732098275e-08
0.000000000000000000e+00
6.639484961823427511e-09
9.850241866615760955e-08
2.454004004448506748e-07
7.011822678038015511e-09
0.000000000000000000e+00
6.039388544820667448e-09
9.052459404301771428e-07
0.000000000000000000e+00
4.278332710327958921e-08
2.445994340405377443e-08
2.357411972297995817e-07
1.498843182901055116e-08
0.000000000000000000e+00
1.376480351922282352e-08
0.000000000000000000e+00
1.016438133660813037e-08
3.167329225561843487e-07
0.000000000000000000e+00
0.000000000000000000e+00
1.748922118238738221e-09
3.486424760001938239e-10
2.062468418273510906e-09
0.000000000000000000e+00
1.842647989747092652e-08
4.152349930564014358e-08
2.895809807224036803e-11
6.242210748297338796e-09
2.581142837243532995e-07
3.318692542997325745e-10
1.187477199904307668e-10
3.965351602630562411e-09
0.000000000000000000e+00
2.887860794942298526e-08
5.049493462250254083e-11
2.986836819540705790e-11
1.973949963485210901e-07
5.858738383324180177e-09
3.320335117962258664e-09
4.495124130698968656e-07
1.172623509404502329e-08
0.000000000000000000e+00
7.115006500635345787e-11
1.634144625173306054e-10
7.157806347635187194e-09
1.709181134401660529e-07
0.000000000000000000e+00
0.000000000000000000e+00
0.000000000000000000e+00
3.878780319155339384e-08
1.352174461288768725e-08
0.000000000000000000e+00
0.000000000000000000e+00
0.000000000000000000e+00
3.469197622507635970e-07
0.000000000000000000e+00
0.000000000000000000e+00
0.000000000000000000e+00
2.687491473807313014e-08
1.287277200390235521e-07
0.000000000000000000e+00
0.000000000000000000e+00
0.000000000000000000e+00
0.000000000000000000e+00
0.000000000000000000e+00
3.350739963270399357e-10
0.000000000000000000e+00
0.000000000000000000e+00
1.635014790224431636e-08
0.000000000000000000e+00
0.000000000000000000e+00
0.000000000000000000e+00
0.000000000000000000e+00
0.000000000000000000e+00
7.122469281028998012e-10
0.000000000000000000e+00
6.322374845879608074e-10
0.000000000000000000e+00
0.000000000000000000e+00
1.013775855255270864e-13
6.278404907078538599e-09
1.921994510212243767e-07
0.000000000000000000e+00
0.000000000000000000e+00
0.000000000000000000e+00
0.000000000000000000e+00
0.000000000000000000e+00
0.000000000000000000e+00
8.811280594045456382e-09
7.756719710982906690e-09
0.000000000000000000e+00
3.397888193035214499e-09
0.000000000000000000e+00
0.000000000000000000e+00
0.000000000000000000e+00
0.000000000000000000e+00
1.656083838952326914e-07
0.000000000000000000e+00
0.000000000000000000e+00
0.000000000000000000e+00
0.000000000000000000e+00
0.000000000000000000e+00
0.000000000000000000e+00
0.000000000000000000e+00
0.000000000000000000e+00
9.725540373040075792e-10
3.308330553952743003e-10
1.661252913010002885e-09
0.000000000000000000e+00
0.000000000000000000e+00
0.000000000000000000e+00
0.000000000000000000e+00
0.000000000000000000e+00
2.612584637518011732e-07
0.000000000000000000e+00
5.489127485880374024e-10
8.563509346082298634e-10
1.978638364263929361e-09
3.735840081731112150e-09
2.101090146311435092e-08
1.554024322558689164e-07
2.531339760025730357e-06
1.187396048152322692e-08
7.315519923167812522e-08
5.914157696906841011e-08
5.173917472234279558e-08
2.366036078171873669e-08
2.242126662110877078e-08
1.428236107159364110e-08
2.597795756287268887e-09
4.644869378012117522e-08
3.979356790750898654e-07
5.380789147579889686e-09
3.927013025872838625e-08
0.000000000000000000e+00
1.299178542524259683e-09
1.118403769595488484e-08
3.230220499972347170e-06
6.764974802564438505e-09
3.909079282493621577e-08
8.515873162195930490e-08
9.816379815674736165e-07
0.000000000000000000e+00
7.759074094337847782e-08
4.458815965335816145e-07
3.161488280056801159e-07
4.192400648861394075e-09
5.875938841395922374e-13
2.579262854851549491e-06
9.394232947101954778e-09
3.820032361545599997e-07
8.671104723134703818e-08
1.560977580083999783e-06
1.422011663976263662e-08
2.907733609447404888e-08
7.497904874753658078e-08
3.925361369283564272e-09
7.764563436651883421e-10
5.873974373571400065e-07
1.044653117787675001e-06
1.624201395600266551e-08
3.358503875006135786e-07
0.000000000000000000e+00
1.263313276211874836e-08
1.452976221116841771e-06
2.621585259987568861e-08
1.332677701526563396e-08
3.282023044448578730e-07
1.026131258186069317e-06
1.112910808842570987e-06
2.171359710700926371e-06
6.697283283507715623e-10
0.000000000000000000e+00
9.273921186547795514e-09
5.481403775320359273e-09
4.124120550841325894e-06
6.437910204937224989e-09
1.079456315999927085e-10
0.000000000000000000e+00
0.000000000000000000e+00
1.915288594389608079e-09
1.932730420151074213e-09
7.629692433397394780e-09
2.936945797671342007e-08
0.000000000000000000e+00
3.118642766253287846e-08
0.000000000000000000e+00
9.354716894449666142e-07
6.193061352632867056e-08
5.149116133473796708e-10
1.501970103845451376e-07
1.093904202775775047e-07
2.125102582795079798e-08
5.084819676426377555e-09
0.000000000000000000e+00
0.000000000000000000e+00
1.052363491488295111e-11
2.963580527648446150e-06
6.095474347489471256e-09
2.713112623453639571e-09
0.000000000000000000e+00
0.000000000000000000e+00
0.000000000000000000e+00
0.000000000000000000e+00
0.000000000000000000e+00
1.412886252438738666e-09
9.539328971186478157e-08
4.243000173431710209e-09
0.000000000000000000e+00
1.027191132152438513e-08
3.322078327983035706e-07
5.460799101797420008e-08
0.000000000000000000e+00
4.770597694658818000e-09
0.000000000000000000e+00
0.000000000000000000e+00
0.000000000000000000e+00
0.000000000000000000e+00
0.000000000000000000e+00
5.476035180862481866e-09
0.000000000000000000e+00
0.000000000000000000e+00
0.000000000000000000e+00
0.000000000000000000e+00
3.727840258704873122e-09
1.475494615377215268e-09
3.971762918553167765e-09
6.256583251484926222e-09
6.449290435028842694e-09
5.786411350072739879e-08
1.826929718617975595e-09
1.344072053655054333e-08
7.330556854867609218e-07
3.385381219800365216e-08
4.373144975033937953e-07
6.453900596170569770e-07
5.174400641294596426e-08
0.000000000000000000e+00
2.502093643386160693e-08
1.126092001868528314e-07
2.325181602813586323e-09
7.691550507615829702e-09
2.144656185976145935e-08
9.451857607700731023e-08
3.564634312169800978e-07
3.020366179384836869e-08
1.861948703663074411e-06
5.099290774523979053e-06
1.217749989734784322e-08
2.252183008977226564e-07
2.427526396786561236e-06
3.088233313519594958e-07
9.949834520739386790e-07
4.917492333333939314e-07
2.426249352538434323e-07
6.165893182696891017e-07
2.942243327197502367e-06
1.815933785564993741e-07
2.846919366916722538e-09
5.454046458908123896e-08
2.824473432916363436e-10
3.629051725795306993e-09
7.034512972126094610e-09
2.101342211346945987e-09
1.937138272012361995e-08
3.501803007566195447e-07
1.967620200105102413e-08
1.373446778529796575e-08
6.076219278838834725e-07
3.284739307218842441e-07
1.006516203716500968e-08
5.827063831453926923e-11
8.700241416192966426e-09
2.848528311005793512e-06
4.156176558467450377e-08
2.949287258857680172e-09
6.463776571763446555e-07
4.301230546843726188e-06
6.936444307825695432e-09
1.436937054677400738e-06
3.630364275863939838e-08
2.730576431630993284e-09
2.963829274449381046e-06
1.441946118063697213e-09
0.000000000000000000e+00
2.564652101799680395e-10
0.000000000000000000e+00
0.000000000000000000e+00
4.106302640138892457e-07
0.000000000000000000e+00
1.207877087239239700e-08
1.417034582118503749e-06
0.000000000000000000e+00
0.000000000000000000e+00
3.341537535561656114e-08
7.888444671783068074e-13
0.000000000000000000e+00
0.000000000000000000e+00
0.000000000000000000e+00
4.105068229787178780e-10
5.036728811802504424e-09
9.176485349371432676e-09
3.049007091249222867e-08
5.992708906887855846e-07
1.423839002256954700e-08
5.226078680919954422e-09
0.000000000000000000e+00
0.000000000000000000e+00
5.850668216567100899e-08
8.429726108261093032e-07
1.681215735516161658e-07
0.000000000000000000e+00
3.642885531007777900e-07
0.000000000000000000e+00
1.817054062769329903e-08
0.000000000000000000e+00
7.716514005551289301e-08
0.000000000000000000e+00
0.000000000000000000e+00
7.274710167592957077e-09
0.000000000000000000e+00
9.541245571398349057e-10
0.000000000000000000e+00
0.000000000000000000e+00
1.021421613955908470e-09
0.000000000000000000e+00
6.323760715076787164e-08
2.324372694317844434e-09
3.383113345023502916e-09
1.848817321459250707e-09
4.857405588865049140e-09
7.130297047241995756e-11
8.793763939252130513e-09
2.189424996856814687e-08
2.649943198207438400e-08
4.225789496103971032e-08
2.503386298258192255e-08
4.187690905155250221e-08
3.945775404190499103e-07
7.516927524875427480e-08
7.760083131636008602e-10
4.111751911173300300e-11
1.540178232062316965e-06
2.811423449600169988e-08
2.142279065253660519e-08
9.423107627526405849e-08
0.000000000000000000e+00
2.814848016896576155e-07
0.000000000000000000e+00
0.000000000000000000e+00
1.939832600328372791e-06
3.359919560352864210e-07
3.697749377806758275e-07
1.959593191713793203e-06
5.598162999831401976e-08
5.668654239343595691e-07
5.764078991887799930e-09
0.000000000000000000e+00
8.806094342617143411e-08
4.808340392514764972e-08
7.293174775213628891e-08
2.332498638679680880e-09
1.199725602418766357e-06
2.634502060949728275e-10
1.657442254554553074e-07
4.392703942812659079e-07
1.006431649130945516e-08
0.000000000000000000e+00
3.049224872597733338e-08
2.032412016461648818e-10
3.572812090624211123e-07
2.754457995024495176e-08
4.041604881876992295e-07
8.267992370747379027e-07
5.833491627527109813e-07
2.217503869417214446e-08
1.278796180059771359e-08
2.229305273715453950e-08
1.810507654909088160e-08
1.858772520790807903e-06
7.995968189788982272e-07
1.642796178202843294e-06
5.132388025685941102e-08
3.164506949815404369e-07
4.030023248446923390e-08
8.584036592651500541e-09
3.059311950437404448e-07
4.590775404267333215e-07
5.086272381049639080e-08
6.487380233011208475e-07
1.516524406053321172e-10
7.129765666746834540e-09
4.616491910969244827e-10
3.821314653595919708e-10
2.137581489591866557e-08
3.435759765579859959e-08
1.841468474594876170e-06
0.000000000000000000e+00
8.930335582135739969e-09
3.017258904947084375e-06
0.000000000000000000e+00
2.019080511672655120e-07
7.205404273236126755e-08
5.971334076093626209e-07
3.267612314061807410e-08
0.000000000000000000e+00
3.333912035330399704e-10
0.000000000000000000e+00
5.948029411229072139e-07
1.110505195356381591e-06
0.000000000000000000e+00
6.193482393612725900e-10
7.093613252351360643e-09
2.494412731923745241e-10
8.130928108585067093e-07
1.023863447358053236e-07
1.014356598716403823e-09
0.000000000000000000e+00
4.656058205654289850e-09
0.000000000000000000e+00
0.000000000000000000e+00
0.000000000000000000e+00
0.000000000000000000e+00
9.059323957671949756e-09
7.469763696477116355e-11
4.647688456316245720e-09
2.916007879605331254e-09
1.272246130668008846e-08
1.434767149532945041e-08
0.000000000000000000e+00
1.763258524078992195e-06
1.318789699666922388e-08
0.000000000000000000e+00
1.621780398863847950e-08
7.153080350263962828e-09
0.000000000000000000e+00
0.000000000000000000e+00
5.778781186904780043e-08
9.922398458428460799e-10
3.221345135084874300e-10
1.744008848447720084e-08
1.981866404321408481e-08
1.210966771303390033e-09
4.640210988782200729e-07
7.548732305906469264e-09
2.230382456502866262e-08
2.017105771301430650e-07
1.560542450818047655e-08
3.048501895364097436e-08
9.136380754171113949e-07
4.078172466392970819e-08
6.173034989842562936e-07
3.126263266040041344e-07
3.381381930012139492e-08
1.874045779004518408e-06
2.925979742940398864e-07
1.626403733911985228e-10
4.366682730960746994e-07
2.900712914311043278e-08
2.311394666776322993e-07
8.119587278088147286e-07
8.117719119127286831e-08
1.058200638226480805e-07
1.540763321372651262e-07
8.099640922409889754e-07
2.817113298192452930e-08
6.001527719234900360e-09
1.075546762763224251e-07
4.416906285165111967e-10
1.748155620262537013e-09
6.286973643909732345e-07
3.593637529775151052e-07
8.044865040801596479e-08
4.441589851467142580e-07
1.094019467018370051e-06
8.695926823065747158e-08
8.565796960624538769e-09
2.128635223641595076e-08
4.786335921380668879e-06
1.072847588545755571e-08
2.045777591774822213e-08
1.370249975707338308e-07
2.256362563457514625e-08
9.364992809013372721e-11
7.462418238901591394e-09
5.187128948591634980e-08
6.951255127063404871e-09
1.849998739089642186e-06
4.102032278296974255e-07
4.175295842401283153e-08
2.376591083930179593e-07
4.625932970014901002e-09
0.000000000000000000e+00
1.116635388598297141e-07
3.833231065897280132e-09
4.607421644209352962e-08
7.814747959855594672e-07
2.951547003249288537e-06
1.541979988139985380e-09
6.897142839079606347e-07
3.963167571896519803e-08
9.025142730934021529e-07
7.556739234360065893e-09
0.000000000000000000e+00
5.506926186171767768e-07
1.466203936040244571e-09
0.000000000000000000e+00
0.000000000000000000e+00
7.147243907823508380e-10
0.000000000000000000e+00
0.000000000000000000e+00
0.000000000000000000e+00
6.872702584814760485e-08
0.000000000000000000e+00
0.000000000000000000e+00
0.000000000000000000e+00
0.000000000000000000e+00
0.000000000000000000e+00
0.000000000000000000e+00
0.000000000000000000e+00
0.000000000000000000e+00
0.000000000000000000e+00
0.000000000000000000e+00
2.316434155602564715e-08
0.000000000000000000e+00
0.000000000000000000e+00
0.000000000000000000e+00
0.000000000000000000e+00
7.164584481245128700e-09
0.000000000000000000e+00
7.230505616462323815e-08
0.000000000000000000e+00
0.000000000000000000e+00
0.000000000000000000e+00
0.000000000000000000e+00
1.526087173298051880e-10
1.800720510203301927e-11
8.338236767713169684e-09
1.016738266912398103e-07
1.345088485038559156e-08
0.000000000000000000e+00
0.000000000000000000e+00
0.000000000000000000e+00
0.000000000000000000e+00
0.000000000000000000e+00
0.000000000000000000e+00
3.093703355716570513e-07
6.631605931062267700e-09
0.000000000000000000e+00
0.000000000000000000e+00
0.000000000000000000e+00
3.511413604329050031e-09
4.756687843610052369e-08
2.493544570825179107e-06
0.000000000000000000e+00
0.000000000000000000e+00
7.789298095417507284e-09
6.756234238736169573e-09
0.000000000000000000e+00
0.000000000000000000e+00
0.000000000000000000e+00
0.000000000000000000e+00
0.000000000000000000e+00
0.000000000000000000e+00
0.000000000000000000e+00
4.765174253407167271e-06
0.000000000000000000e+00
0.000000000000000000e+00
0.000000000000000000e+00
1.608406324793421049e-10
0.000000000000000000e+00
0.000000000000000000e+00
1.147108963373000279e-09
0.000000000000000000e+00
0.000000000000000000e+00
1.158228542408323847e-06
0.000000000000000000e+00
7.003449553621976520e-08
9.987814131307004573e-09
2.342618614648017683e-07
0.000000000000000000e+00
6.017798703794596804e-09
9.214036644777934271e-09
6.581287070872576805e-09
8.046282751195121818e-09
2.423984426513925428e-07
1.186156617372091659e-09
2.343841288166004233e-06
2.147314104306019544e-09
1.615686755940259900e-06
9.970095860012406774e-09
3.695887595966951267e-09
5.144453893990430515e-07
8.092671066606271779e-08
1.926584332068159711e-07
6.692897045468271244e-07
2.019299172317801094e-09
3.392254299683372665e-08
2.203047699822491268e-07
6.044952982620088733e-08
0.000000000000000000e+00
9.241387033398495987e-08
1.277491890050441725e-09
1.517042278464941774e-07
7.214479236239412785e-09
5.560612859056845991e-09
5.738839377045223955e-07
9.313747689754237058e-12
1.536410536573384888e-06
2.646189489752259760e-09
2.988906260270596249e-07
6.534413188319376786e-08
1.129493853113672230e-06
2.796207638766645687e-07
4.511617746061347134e-09
6.351854864306005766e-08
4.603706305061905368e-09
1.529052752469173271e-11
9.675323875413255337e-10
2.720204062001130296e-10
1.578632335963447986e-08
8.453864275281830487e-10
3.186382002695609117e-08
3.615260084188776091e-06
1.650496272986856638e-07
4.737436665180894124e-09
6.488282451755367219e-06
1.067322674686010942e-08
1.881818661786383018e-06
2.068153889922541566e-06
6.744408503900345409e-11
6.905023663961173952e-09
6.220947739166149404e-07
0.000000000000000000e+00
8.615836009084887337e-07
0.000000000000000000e+00
0.000000000000000000e+00
0.000000000000000000e+00
0.000000000000000000e+00
9.920851340439185151e-08
7.080603836584486999e-08
0.000000000000000000e+00
0.000000000000000000e+00
0.000000000000000000e+00
0.000000000000000000e+00
1.052189190886565484e-06
3.724068875499142450e-08
0.000000000000000000e+00
5.968998266325797886e-06
3.534650545589101966e-07
0.000000000000000000e+00
4.034085065995896002e-09
8.211201496521880472e-09
0.000000000000000000e+00
2.096124873673943512e-08
0.000000000000000000e+00
3.412729654428403592e-08
9.580172211087756295e-10
1.642040808880196323e-10
0.000000000000000000e+00
1.653249483979379875e-07
4.781519535868028470e-08
2.275807446494582109e-06
0.000000000000000000e+00
1.214462641563329726e-09
5.133423655934166163e-06
0.000000000000000000e+00
5.841898964575875652e-09
1.875737467571525485e-07
0.000000000000000000e+00
0.000000000000000000e+00
0.000000000000000000e+00
1.902111002038964216e-08
0.000000000000000000e+00
0.000000000000000000e+00
9.802000357217455218e-12
0.000000000000000000e+00
4.983084167520246410e-09
0.000000000000000000e+00
0.000000000000000000e+00
0.000000000000000000e+00
3.262703718309722944e-10
0.000000000000000000e+00
0.000000000000000000e+00
0.000000000000000000e+00
3.997455255699833288e-09
2.792094200287920103e-08
0.000000000000000000e+00
0.000000000000000000e+00
0.000000000000000000e+00
7.554570302659158187e-09
0.000000000000000000e+00
1.786714776130793325e-08
0.000000000000000000e+00
9.431466718723413578e-10
5.376196154927015414e-10
1.573395636000896047e-09
1.030523844036679293e-08
1.145732767326990142e-06
6.866871160582377343e-08
1.901778205137816258e-06
7.093059473106677615e-11
1.901087065547812927e-09
9.869237871384939353e-09
0.000000000000000000e+00
6.325053192313134787e-08
3.349509836159114684e-10
2.959318692319357069e-07
7.303158078286742239e-09
6.406801730918232352e-06
1.151048256708975259e-09
1.577733321767027519e-08
1.227245638446561316e-09
2.876277882535305253e-09
3.055569797183466108e-09
1.805818966582606322e-10
3.557111369900667341e-07
6.782594641095360255e-14
2.782336494533410587e-08
9.877057749463347136e-08
9.323352756496205984e-09
1.800021891540382057e-07
2.351639771802638279e-08
6.043935627531027421e-07
5.230598958405607846e-07
5.652587375948314730e-08
2.093368145494878263e-09
5.032112539993249811e-07
4.782818763260365813e-08
1.444138604256295366e-07
3.187043148500379175e-06
2.522789310788198236e-09
6.340155209727527108e-07
8.000547779829503270e-09
2.776642471502555054e-09
6.713004041536407840e-10
8.717985444661735528e-09
5.148868886806212686e-09
4.783305485034361482e-07
8.966136277877012617e-09
2.484828141857686745e-11
3.769267120645736213e-10
2.501902907070530091e-09
0.000000000000000000e+00
2.534117129471269436e-07
4.058852365318443844e-09
2.021336968027753755e-06
7.142594995457329787e-07
0.000000000000000000e+00
0.000000000000000000e+00
7.334746499054745072e-08
5.143597903156660323e-08
3.983417116160126170e-07
0.000000000000000000e+00
1.737467073326115496e-06
2.562903205216571223e-07
0.000000000000000000e+00
7.857312134262883774e-09
0.000000000000000000e+00
0.000000000000000000e+00
0.000000000000000000e+00
0.000000000000000000e+00
0.000000000000000000e+00
0.000000000000000000e+00
6.182869771720334029e-09
1.471648118922530557e-07
0.000000000000000000e+00
0.000000000000000000e+00
0.000000000000000000e+00
0.000000000000000000e+00
0.000000000000000000e+00
1.345251462225860450e-06
0.000000000000000000e+00
0.000000000000000000e+00
1.867969245950007462e-07
0.000000000000000000e+00
0.000000000000000000e+00
0.000000000000000000e+00
1.168350877378543373e-06
0.000000000000000000e+00
0.000000000000000000e+00
3.857900665593660960e-08
0.000000000000000000e+00
0.000000000000000000e+00
0.000000000000000000e+00
0.000000000000000000e+00
4.836317124556899216e-09
1.398208770986286709e-09
0.000000000000000000e+00
6.465606929850764573e-06
6.587189886886335444e-07
0.000000000000000000e+00
0.000000000000000000e+00
8.740097001691538026e-08
0.000000000000000000e+00
0.000000000000000000e+00
9.252033028595008091e-10
0.000000000000000000e+00
0.000000000000000000e+00
2.154723482972187298e-10
5.711136896735524715e-09
0.000000000000000000e+00
0.000000000000000000e+00
0.000000000000000000e+00
1.166246765826883802e-09
2.763905015967793588e-08
0.000000000000000000e+00
2.440356006161437108e-08
0.000000000000000000e+00
0.000000000000000000e+00
0.000000000000000000e+00
0.000000000000000000e+00
0.000000000000000000e+00
0.000000000000000000e+00
8.893358272032969580e-11
0.000000000000000000e+00
0.000000000000000000e+00
0.000000000000000000e+00
9.072249618213845679e-09
2.797996785375289619e-06
2.513799723935505881e-10
1.272189908974041828e-08
2.594147190393414348e-07
8.879091950575457304e-08
8.122642558561210535e-10
3.408091231449361658e-08
3.177429732659220463e-07
2.020829583671002183e-07
6.385303952249898884e-10
7.332570550744321736e-09
2.328817743091349257e-07
1.041125528900010977e-06
9.844160153704706318e-09
1.007042101264232770e-06
1.771308433262674953e-09
5.979955679941140190e-12
3.717832042227087186e-09
0.000000000000000000e+00
4.416965015963114638e-09
2.333545023880390090e-10
2.982144451380008832e-07
2.033825374780917628e-08
4.356110583358940858e-09
4.271884623818777982e-09
6.360972193419911491e-09
6.223175752495535562e-09
0.000000000000000000e+00
4.945216502960647631e-08
4.583866897167609977e-10
5.205913033989872929e-09
4.637914496896655692e-09
2.711958124734792364e-08
5.658638890793099563e-09
6.094921900512417778e-08
1.411343042434509698e-08
7.425798571603081655e-07
7.915944011394060453e-10
1.116441661341838198e-11
8.085683020908618346e-07
1.562563397783378605e-06
1.300126314163208008e-06
8.448159860563464463e-08
0.000000000000000000e+00
5.961127147458000763e-09
0.000000000000000000e+00
0.000000000000000000e+00
3.430778008350898745e-07
0.000000000000000000e+00
0.000000000000000000e+00
0.000000000000000000e+00
0.000000000000000000e+00
0.000000000000000000e+00
0.000000000000000000e+00
0.000000000000000000e+00
0.000000000000000000e+00
0.000000000000000000e+00
3.631548187166266928e-11
0.000000000000000000e+00
0.000000000000000000e+00
5.115896151153265237e-09
0.000000000000000000e+00
0.000000000000000000e+00
1.574515380298180389e-07
4.570965472794341622e-08
6.167512722754509014e-09
3.689890393232531096e-09
2.998965076272952501e-09
1.419795268020607182e-07
6.886618564294622047e-08
2.015453475223694113e-07
0.000000000000000000e+00
0.000000000000000000e+00
0.000000000000000000e+00
6.637406180232119368e-10
0.000000000000000000e+00
0.000000000000000000e+00
0.000000000000000000e+00
2.371811262946721399e-07
0.000000000000000000e+00
2.802640665322542191e-06
1.876834687664086232e-09
0.000000000000000000e+00
0.000000000000000000e+00
4.163631572851045348e-08
1.638708724271964456e-08
0.000000000000000000e+00
0.000000000000000000e+00
3.991154784444006509e-08
4.235190260715171462e-07
0.000000000000000000e+00
3.488467514856097296e-09
8.657964123415240465e-09
7.718067851492094178e-10
2.525270872411056189e-07
1.454178004678396974e-07
0.000000000000000000e+00
0.000000000000000000e+00
0.000000000000000000e+00
0.000000000000000000e+00
0.000000000000000000e+00
1.378875014168556845e-09
3.036970230851920860e-09
0.000000000000000000e+00
9.068907846909723958e-10
6.067810698340281306e-09
7.980534455498400348e-09
9.740301898375491874e-09
6.796680995790893576e-10
3.148492453419748927e-07
9.913161846952789347e-09
1.560346740703266732e-09
2.001921828309605189e-08
6.987944516367861070e-07
5.011295378665181488e-09
1.529798851152008865e-06
1.808830862870536293e-09
2.263211753422700312e-12
7.291665582442874438e-08
2.300514267972175730e-08
2.163736553484341130e-06
4.965144384527775401e-08
2.761947337504011557e-10
1.639954945176214096e-07
3.284064575836964650e-07
4.119404817259919582e-09
3.902774281527854328e-08
1.937499405357812066e-08
4.676867573771836817e-11
1.461133769531386406e-09
4.162081790326510600e-09
4.946982556930379360e-08
3.796475027684209635e-07
8.578890628996305168e-07
5.371016982280707452e-07
1.458888334582297830e-07
0.000000000000000000e+00
9.822672097925533308e-08
1.374676799059670884e-07
1.070793302915262757e-07
2.555533384906993888e-08
5.565152036979270633e-07
1.084069822354649659e-06
0.000000000000000000e+00
2.791860298501092075e-09
9.187971272694994695e-09
3.406455456253509873e-12
0.000000000000000000e+00
5.530510449602843437e-08
4.330041658562322482e-09
4.850912205256463494e-07
1.933413251720139669e-08
1.007045891121549630e-09
1.875914904303499497e-06
3.033678410702123074e-07
1.799560607196326600e-07
0.000000000000000000e+00
0.000000000000000000e+00
4.349996984842618986e-08
0.000000000000000000e+00
5.271893144254136132e-09
0.000000000000000000e+00
0.000000000000000000e+00
5.584182005691218365e-08
3.951261096091229774e-09
1.882034250666464459e-10
1.817165085071792419e-08
5.195068333851970976e-11
2.200611248781569884e-07
0.000000000000000000e+00
0.000000000000000000e+00
1.210770165016583633e-06
3.555754135575739383e-09
1.342377320412424524e-08
1.957363195970174274e-07
9.437114978361194062e-11
4.588573965236264485e-09
0.000000000000000000e+00
0.000000000000000000e+00
4.226834438014748230e-09
0.000000000000000000e+00
4.428566313663395704e-08
1.712079722437920282e-08
0.000000000000000000e+00
1.012959022217430061e-10
8.427424980084197159e-09
1.844509966986151994e-07
3.300447204424017400e-08
4.363326588929794525e-09
4.224924765594550990e-08
5.490256782536562241e-08
1.115021063924359623e-06
6.616434120587655343e-07
2.768694002952543087e-07
6.800001983719994314e-08
7.042294924985981197e-08
2.505061935664798511e-09
1.669443747687182622e-07
7.010367539805884007e-07
3.359216407261556014e-07
1.041083574904178022e-08
1.924828962884816974e-09
7.382568014691059943e-07
1.368603541607171792e-08
0.000000000000000000e+00
2.756947381499230687e-08
2.507552835595561191e-06
1.511405933740661567e-08
0.000000000000000000e+00
5.715484121537883766e-07
7.073800389889584039e-08
2.839821036104694940e-07
2.278034799019224010e-06
5.612015385736413009e-08
6.375738825781240848e-11
5.426724403179150613e-09
1.152328277242986587e-08
3.506084794935304672e-06
9.065174140232556965e-07
5.963826099630864519e-10
3.793746117253249395e-08
6.000974828168637032e-09
4.971669603781592173e-11
0.000000000000000000e+00
2.909776031234656557e-10
4.906025807827063545e-09
2.047510072600289277e-08
0.000000000000000000e+00
6.063889941287925467e-07
7.353268642873445060e-07
5.334681141277997085e-09
4.604239212113725443e-09
3.250022750922454406e-10
7.887463598921229391e-11
1.405597527259772050e-09
0.000000000000000000e+00
4.286469490466515708e-08
5.654467560844977925e-09
1.293589790840599107e-09
0.000000000000000000e+00
7.898910858727958839e-09
0.000000000000000000e+00
0.000000000000000000e+00
0.000000000000000000e+00
4.177497014978825973e-09
0.000000000000000000e+00
3.293049388730651117e-09
0.000000000000000000e+00
8.679162988300959114e-07
0.000000000000000000e+00
4.655289043142829541e-09
0.000000000000000000e+00
5.528998148207620034e-09
4.166462286292471617e-09
2.216710299762780778e-07
1.210228028902804454e-10
1.177619105874327943e-05
7.732462847798160510e-08
4.664932475861860439e-07
0.000000000000000000e+00
4.068509071308845648e-11
6.575309896561520873e-08
0.000000000000000000e+00
2.176248017349280417e-06
2.493011352910912137e-10
1.028364504662704348e-08
0.000000000000000000e+00
1.200982495674907113e-07
2.237843865771083074e-08
0.000000000000000000e+00
1.883737240859773010e-06
0.000000000000000000e+00
0.000000000000000000e+00
0.000000000000000000e+00
4.598838643232738832e-09
1.825050958359497599e-06
0.000000000000000000e+00
0.000000000000000000e+00
0.000000000000000000e+00
0.000000000000000000e+00
0.000000000000000000e+00
0.000000000000000000e+00
9.075481699483134435e-09
0.000000000000000000e+00
0.000000000000000000e+00
1.935451576784430472e-09
8.457298577013716567e-07
3.060111719577207623e-09
2.166215153920347802e-07
1.025985429947695593e-08
7.946313189677312039e-07
6.410284925095766084e-08
2.203372133635639329e-07
2.051115188805852085e-07
0.000000000000000000e+00
3.812664317592862062e-08
5.873523001298508461e-09
2.339958671271347157e-09
1.276690539953051484e-07
0.000000000000000000e+00
1.735579076012072619e-07
8.212248758354689926e-06
3.341064939377247356e-06
9.554757873786456912e-09
1.937203251145547256e-06
7.680062026338418946e-07
0.000000000000000000e+00
4.066325587359642668e-08
1.738167156872805208e-07
1.852142332836592686e-07
9.938339928794448497e-09
4.025329758405860048e-07
2.041835159616312012e-06
5.532975855260247044e-09
2.221466957053053193e-06
2.945515404917387059e-07
1.099299424822675064e-06
2.394452636167443416e-08
2.005825783246706351e-10
4.804601161367827444e-08
0.000000000000000000e+00
3.900451073235444710e-09
0.000000000000000000e+00
8.077702950970433449e-09
7.552261038767937862e-09
9.958404234566842206e-08
2.856243019877524603e-09
3.799787577918323223e-07
1.180972764025511879e-09
1.026750212629323755e-10
0.000000000000000000e+00
1.604781907360575133e-08
0.000000000000000000e+00
0.000000000000000000e+00
0.000000000000000000e+00
4.000604292286880082e-09
0.000000000000000000e+00
6.308442834779270925e-07
0.000000000000000000e+00
9.869411599083832698e-08
9.760251487023197114e-07
1.594792631287589302e-09
0.000000000000000000e+00
0.000000000000000000e+00
1.869174184321309440e-07
7.666447032761425362e-09
3.213528998458059505e-07
9.663492228639825044e-09
0.000000000000000000e+00
0.000000000000000000e+00
0.000000000000000000e+00
0.000000000000000000e+00
1.324323335438748472e-07
0.000000000000000000e+00
7.464510787258404889e-09
0.000000000000000000e+00
4.116182239499721618e-08
0.000000000000000000e+00
2.096874340828946970e-10
0.000000000000000000e+00
6.956953679804200874e-09
0.000000000000000000e+00
0.000000000000000000e+00
0.000000000000000000e+00
9.653539301268665440e-09
5.615934384195497842e-09
2.288732225963485689e-08
4.033827494254182966e-08
4.428272859513526782e-09
1.539257277194394646e-09
5.466588959279761184e-07
9.555231050839552154e-10
0.000000000000000000e+00
0.000000000000000000e+00
0.000000000000000000e+00
8.206012758193992340e-09
2.296159484771465031e-09
5.360669774745474569e-07
2.507997975964570969e-11
3.344945582739455858e-07
5.384455548096411803e-09
1.276485406265237543e-08
0.000000000000000000e+00
0.000000000000000000e+00
6.676182096043703496e-08
0.000000000000000000e+00
5.622441108243947383e-07
4.275679543752630707e-07
8.492316965202917345e-07
0.000000000000000000e+00
0.000000000000000000e+00
1.680398398207216815e-08
8.115846839018558967e-08
2.090999487336375751e-06
0.000000000000000000e+00
4.304570921931372141e-09
3.276853419720282545e-07
2.295976209154559911e-08
1.918853165250311577e-08
0.000000000000000000e+00
9.575664705607778160e-09
0.000000000000000000e+00
0.000000000000000000e+00
8.185175627561935841e-12
0.000000000000000000e+00
1.666604527994497431e-11
0.000000000000000000e+00
7.444839411618886515e-09
3.310517138199742249e-11
1.037747932031152232e-08
3.912818158369191224e-08
1.019898299148280785e-08
5.589251728110866679e-09
1.421281226043902279e-08
1.599215124770125840e-07
1.608935633612418314e-07
1.192916099235219463e-09
1.471574478273396380e-06
0.000000000000000000e+00
7.380103852483443916e-07
1.156241410171787720e-06
0.000000000000000000e+00
1.873113930628278467e-08
8.475233848059815500e-09
6.090494861915596303e-12
5.878288220628746785e-07
3.485388644364206812e-09
2.401489318515359628e-08
5.624169130413747553e-09
6.787491457771466230e-09
2.211230309967504581e-07
0.000000000000000000e+00
2.402725556294171838e-07
4.002875288178220359e-12
2.658091746710056213e-09
1.564119855856915819e-08
1.004978433805092664e-09
6.203161433404602576e-07
2.440946502701990539e-07
1.150279587136537884e-07
6.883221992382004828e-09
7.730898232694016770e-08
1.338747157575426172e-08
2.575633395451859542e-08
5.005433845184370512e-10
1.931429599588696533e-10
1.148064310285690226e-08
1.398915316919158158e-09
1.487859208282316104e-06
7.006242697116249474e-09
3.703414463984699978e-09
2.399768561645032605e-08
4.636192585394383059e-08
6.713945399638987510e-09
2.377135785991413286e-07
2.198211196402510836e-10
1.704144096947857179e-06
3.665825143439604972e-10
2.385577317909337580e-07
1.060154541931979111e-08
0.000000000000000000e+00
1.524004922259791783e-09
6.673786523414548810e-10
0.000000000000000000e+00
5.749356102313640804e-09
2.529068288126268271e-09
7.067276897032570560e-08
0.000000000000000000e+00
0.000000000000000000e+00
8.584564170632802416e-09
1.730296474988790578e-07
7.636979382219521995e-10
0.000000000000000000e+00
0.000000000000000000e+00
0.000000000000000000e+00
0.000000000000000000e+00
2.953205466837971471e-07
4.925015395507159610e-10
0.000000000000000000e+00
1.257841386603786304e-08
0.000000000000000000e+00
5.740706754409075074e-08
0.000000000000000000e+00
6.279473385717437850e-09
1.145758332654622791e-07
8.370432347248879523e-09
2.123105441453887465e-10
2.407740229415367139e-09
6.342654401692016108e-09
1.106513088078818485e-13
4.209849802094822735e-09
3.502160325297154486e-06
1.038381824969292211e-09
0.000000000000000000e+00
0.000000000000000000e+00
8.056924905019968719e-09
0.000000000000000000e+00
2.596503065888100537e-07
0.000000000000000000e+00
0.000000000000000000e+00
0.000000000000000000e+00
1.614776090619329807e-10
0.000000000000000000e+00
2.693768230699333799e-08
8.276502150295073079e-09
7.081036645928406870e-09
0.000000000000000000e+00
0.000000000000000000e+00
0.000000000000000000e+00
0.000000000000000000e+00
4.183618451669701699e-10
8.260616368716000579e-08
0.000000000000000000e+00
0.000000000000000000e+00
2.559491107945177646e-08
0.000000000000000000e+00
2.487590109012671746e-06
0.000000000000000000e+00
0.000000000000000000e+00
0.000000000000000000e+00
0.000000000000000000e+00
1.564456120206614287e-08
0.000000000000000000e+00
0.000000000000000000e+00
8.722231825686321827e-10
0.000000000000000000e+00
0.000000000000000000e+00
0.000000000000000000e+00
8.086751712710338325e-09
3.425028927139806001e-09
3.286543259761742775e-09
2.225765882712948951e-07
2.837203183503334003e-08
3.650791446929702033e-09
1.425711637637050444e-08
1.641227292958902240e-10
1.978901593702175887e-07
3.110839363884565500e-09
4.645176687745333766e-09
3.319166097526249359e-08
1.111359210881346371e-06
7.749486741204236750e-08
1.102475355452270378e-08
9.198078410044274733e-11
1.606277464816230349e-06
0.000000000000000000e+00
0.000000000000000000e+00
7.339781671333867052e-09
0.000000000000000000e+00
8.228048464786752447e-09
3.490518167836853536e-07
9.399237832496964984e-09
5.779538270189732430e-08
2.058281722838728456e-07
8.067416956691886298e-07
2.928562707893433981e-07
1.630296897481287033e-09
2.684850528567039873e-07
3.269378225922991987e-07
6.113513109085033648e-07
1.205435640194707503e-09
5.436072001430147793e-07
1.925460679785828688e-07
1.482974276711956918e-08
1.254069843525940087e-07
2.803089316216755833e-09
2.880056626963778399e-06
3.974634843473268120e-09
3.765906058106338605e-07
2.358935802249106928e-08
0.000000000000000000e+00
1.084095657688521896e-07
0.000000000000000000e+00
2.777127416919711322e-09
8.851121151565166656e-07
2.445869340395034897e-10
1.147877681795250737e-09
1.683116579442867078e-08
1.967028310900786892e-06
7.296490966979263249e-09
0.000000000000000000e+00
0.000000000000000000e+00
0.000000000000000000e+00
1.019807438495945462e-08
0.000000000000000000e+00
0.000000000000000000e+00
3.136254811408889509e-09
0.000000000000000000e+00
0.000000000000000000e+00
0.000000000000000000e+00
4.107714346446300624e-07
6.937346483937290031e-07
0.000000000000000000e+00
0.000000000000000000e+00
0.000000000000000000e+00
0.000000000000000000e+00
0.000000000000000000e+00
0.000000000000000000e+00
0.000000000000000000e+00
0.000000000000000000e+00
0.000000000000000000e+00
0.000000000000000000e+00
0.000000000000000000e+00
0.000000000000000000e+00
1.668777827035228256e-07
4.320742164054536261e-08
1.579345508539997667e-11
0.000000000000000000e+00
0.000000000000000000e+00
0.000000000000000000e+00
0.000000000000000000e+00
3.406482318446535373e-10
0.000000000000000000e+00
0.000000000000000000e+00
0.000000000000000000e+00
4.565075539808560734e-10
0.000000000000000000e+00
0.000000000000000000e+00
3.636428935749336233e-10
1.162919094355174821e-09
3.084104749362381881e-09
0.000000000000000000e+00
4.468717520467180293e-07
0.000000000000000000e+00
0.000000000000000000e+00
5.697080585065350533e-09
8.516056376793937344e-14
0.000000000000000000e+00
0.000000000000000000e+00
6.958608356200102207e-09
0.000000000000000000e+00
8.751555036212721461e-10
4.141769593957178586e-09
8.569806198011065135e-09
1.368438362625568061e-09
7.162974657859422223e-09
1.405216210059734294e-07
0.000000000000000000e+00
0.000000000000000000e+00
0.000000000000000000e+00
0.000000000000000000e+00
9.606064554912308040e-11
0.000000000000000000e+00
0.000000000000000000e+00
1.141798988690823080e-09
5.182671625192369902e-09
0.000000000000000000e+00
9.556641700214640878e-09
9.694478997346323013e-09
0.000000000000000000e+00
4.294885780353752125e-09
0.000000000000000000e+00
1.567638241439794911e-09
0.000000000000000000e+00
2.497472983975512761e-08
0.000000000000000000e+00
0.000000000000000000e+00
0.000000000000000000e+00
0.000000000000000000e+00
0.000000000000000000e+00
0.000000000000000000e+00
0.000000000000000000e+00
0.000000000000000000e+00
0.000000000000000000e+00
0.000000000000000000e+00
2.784086294838061804e-09
0.000000000000000000e+00
0.000000000000000000e+00
0.000000000000000000e+00
6.285886922086092454e-09
0.000000000000000000e+00
2.451477598697238136e-08
3.093153466693365772e-08
4.332298075837570650e-09
8.713897159395855851e-09
7.933472545573749812e-09
7.025862913678793120e-08
3.023034711446825895e-09
2.764928286325130102e-10
1.587058262586538149e-10
3.098492851183465291e-10
1.868518495484750019e-08
8.156980157991711167e-08
9.094532238407282421e-09
4.139741704989319260e-08
5.690114335266116541e-08
1.916717451422300655e-08
3.883941612770058782e-09
9.767398445603703294e-09
7.429659554247791675e-09
4.981141046300763264e-07
1.771828408436704194e-07
1.344223621302376159e-10
2.728444314925582148e-06
2.455129504141950747e-07
0.000000000000000000e+00
3.100411660739155195e-08
0.000000000000000000e+00
1.273107272936613299e-06
4.506620143729378469e-07
1.895802029139304068e-06
2.785515145365541345e-13
2.368682316955528222e-08
1.186985969070519786e-06
1.035771902024862356e-06
2.171605117951003194e-09
1.142040595425442007e-08
1.169010399593162219e-08
1.636961428630456794e-07
1.656160748098045588e-06
0.000000000000000000e+00
1.381142027412352036e-07
3.441927631797625509e-09
7.317693562214344638e-09
1.400112523697316647e-06
1.338052300070557976e-07
1.863499363707887824e-07
3.371610768354571519e-09
0.000000000000000000e+00
1.102822277943005247e-08
2.839599215487265127e-11
4.223369032274604251e-08
6.569325083916055519e-10
0.000000000000000000e+00
4.207183046389673109e-09
6.012856879067385307e-10
0.000000000000000000e+00
0.000000000000000000e+00
7.534425527921939647e-09
0.000000000000000000e+00
2.082753169929674186e-08
1.712430974798451189e-09
0.000000000000000000e+00
0.000000000000000000e+00
3.102059622506203596e-07
0.000000000000000000e+00
0.000000000000000000e+00
1.459218190724698161e-09
5.762199162262504615e-09
0.000000000000000000e+00
0.000000000000000000e+00
6.613637193453314467e-09
1.602911225973002729e-07
4.829160843655699864e-06
1.697753743146179772e-10
0.000000000000000000e+00
0.000000000000000000e+00
2.338727544959340321e-10
0.000000000000000000e+00
4.997018354657711825e-09
0.000000000000000000e+00
0.000000000000000000e+00
0.000000000000000000e+00
5.185396112494800036e-09
0.000000000000000000e+00
5.760470145332874381e-08
7.576157479149969731e-09
4.978306211711469587e-09
0.000000000000000000e+00
1.938879989893393940e-07
2.171825164154483900e-09
1.167667829093943510e-08
3.647290469643849065e-09
0.000000000000000000e+00
6.289864700192993041e-07
1.040343478031502400e-09
2.460209458376994007e-08
0.000000000000000000e+00
6.348253922539015548e-09
8.843184851059504581e-09
7.410250191242084838e-08
5.207819953056969098e-09
2.444492608333348471e-09
1.840154055798848276e-07
1.116024161973427908e-08
1.285530987216176868e-10
3.062851750001982509e-09
6.855380707548874852e-09
1.208733668711658993e-10
1.173518837660481040e-09
2.452900549343439707e-09
5.149119353120568121e-09
2.998040482538044671e-09
1.128259015104049467e-07
0.000000000000000000e+00
1.390274917412170907e-07
2.512381115593598224e-06
1.353561529526814411e-08
8.924693872813804774e-09
1.052137932333607750e-09
1.388422532500044326e-08
8.811572911326948088e-07
2.198599275970991584e-07
6.532930285629845457e-08
3.139794557682762388e-08
1.299968932499950824e-08
0.000000000000000000e+00
3.517914137773914263e-07
1.275214117413270287e-06
4.871985765930730850e-07
1.763239538377092686e-06
4.721568984678015113e-07
0.000000000000000000e+00
9.948482926347423927e-09
1.934470583719871684e-09
3.891720723459002329e-09
3.361953559988251072e-08
8.930418289310182445e-07
3.232684342435732106e-09
1.147640546150796581e-06
1.932381110236747190e-06
2.776675387394789141e-07
2.625186823479452869e-07
3.679723477034713142e-07
7.782173128134672879e-09
1.174172552964591887e-06
4.187715603620745242e-06
0.000000000000000000e+00
1.005899861183934263e-07
5.116947976446795110e-10
0.000000000000000000e+00
0.000000000000000000e+00
1.959771225301665254e-06
2.569715773503844503e-09
1.031578449328662828e-06
4.622985017022074317e-08
1.479756406297383364e-08
5.852138542650209274e-07
0.000000000000000000e+00
3.496339218145294581e-08
0.000000000000000000e+00
0.000000000000000000e+00
0.000000000000000000e+00
0.000000000000000000e+00
0.000000000000000000e+00
2.939372905075288145e-07
0.000000000000000000e+00
5.976331929335998439e-11
0.000000000000000000e+00
0.000000000000000000e+00
0.000000000000000000e+00
0.000000000000000000e+00
0.000000000000000000e+00
0.000000000000000000e+00
9.089842767373568222e-11
9.423642977068880100e-10
0.000000000000000000e+00
3.537446169321611933e-10
0.000000000000000000e+00
0.000000000000000000e+00
0.000000000000000000e+00
0.000000000000000000e+00
1.928901411929473397e-07
0.000000000000000000e+00
3.204732035300139614e-09
0.000000000000000000e+00
1.661783954887141590e-08
0.000000000000000000e+00
0.000000000000000000e+00
4.915135520811020342e-10
0.000000000000000000e+00
0.000000000000000000e+00
0.000000000000000000e+00
1.640230067323500407e-07
0.000000000000000000e+00
0.000000000000000000e+00
0.000000000000000000e+00
0.000000000000000000e+00
0.000000000000000000e+00
0.000000000000000000e+00
4.556830024426972159e-09
3.180881549269543029e-07
0.000000000000000000e+00
4.245875651065489365e-09
4.931619557169142354e-09
0.000000000000000000e+00
5.506562428259087483e-10
0.000000000000000000e+00
1.578461095164129802e-08
4.664417296851297579e-09
6.266461127779621165e-09
0.000000000000000000e+00
1.193466658833131078e-08
5.626007645864739004e-11
5.674122505183731846e-09
0.000000000000000000e+00
0.000000000000000000e+00
5.987710327559625512e-10
0.000000000000000000e+00
3.065172338168054011e-09
0.000000000000000000e+00
0.000000000000000000e+00
0.000000000000000000e+00
0.000000000000000000e+00
1.339160661702198940e-12
0.000000000000000000e+00
4.270361841918202117e-10
0.000000000000000000e+00
5.195914809519308619e-09
4.892453109306416081e-09
3.031899620253852845e-09
2.394788900517141883e-08
0.000000000000000000e+00
0.000000000000000000e+00
1.380202530043561637e-08
1.434591889726277714e-10
0.000000000000000000e+00
7.414044933540253624e-09
3.041993323904534918e-09
3.382432112175592920e-10
3.193297359871394292e-08
1.480514129070797935e-07
2.016201650079096908e-10
0.000000000000000000e+00
6.187547696434592126e-10
2.624598094413954641e-09
0.000000000000000000e+00
2.613086969027733630e-10
1.176294728288951319e-09
3.331801678996271221e-08
4.057465197160325943e-10
9.407979284503653616e-09
9.745599882649003121e-09
1.602557947455451881e-10
0.000000000000000000e+00
2.114936492603192164e-08
2.485191774592721004e-10
0.000000000000000000e+00
0.000000000000000000e+00
9.317413507403671247e-09
4.321168844967360201e-08
1.344944156045357886e-09
9.896826469457664643e-09
3.975690674451470841e-07
8.818241781227698084e-07
7.589706001454032958e-06
1.801380591359702521e-07
3.046619759857621679e-13
2.913920980063267052e-07
6.754395931451995239e-10
4.235531037011242006e-09
9.765379900272819214e-07
8.151292973934687325e-08
1.320479867672474938e-07
8.730437484061326359e-10
2.463773114413925214e-07
8.626558262213659956e-14
4.004471350071980851e-07
2.030770701821893454e-06
4.855254331914693466e-08
1.176230335353523060e-09
4.346761617313177339e-09
0.000000000000000000e+00
1.694686488917795941e-06
1.825448059378231846e-08
1.662199906604655553e-06
2.166729586861038115e-07
2.102679985682698316e-08
1.420377260252791984e-09
7.427909398671772578e-10
1.089051011149422266e-06
7.447215466527268291e-08
2.370490470582353737e-09
1.885559754555288237e-06
1.447177737645688467e-07
9.184157434560802358e-09
1.843575736515390417e-09
7.618903730133297358e-09
7.505827284148836043e-07
1.349953038243256742e-07
7.212880603901794530e-08
0.000000000000000000e+00
0.000000000000000000e+00
3.783643676147363522e-10
2.171060714317718521e-06
7.611504315718775615e-07
0.000000000000000000e+00
2.410374008832150139e-06
1.638714386409390045e-09
1.258611519006080925e-06
9.914515430864412338e-09
3.687563143728311843e-09
5.444177109126258074e-09
0.000000000000000000e+00
1.227854351526502796e-08
1.960712925352936509e-09
1.281424886201421032e-07
0.000000000000000000e+00
0.000000000000000000e+00
0.000000000000000000e+00
0.000000000000000000e+00
0.000000000000000000e+00
0.000000000000000000e+00
1.328909036146797007e-07
8.306362264676181439e-10
1.922177972346617025e-09
2.797415845634532161e-06
1.457722873965394683e-06
2.057724259429960512e-06
0.000000000000000000e+00
0.000000000000000000e+00
1.236999764842039440e-06
0.000000000000000000e+00
2.899480300300183444e-08
0.000000000000000000e+00
0.000000000000000000e+00
0.000000000000000000e+00
8.128081319114244252e-09
0.000000000000000000e+00
0.000000000000000000e+00
1.857872291566309286e-07
3.484167976353091944e-08
1.563004730087413918e-07
2.927271092190153468e-09
6.418208187142226961e-09
6.066009028415919602e-09
0.000000000000000000e+00
1.141934458104287842e-08
8.957743435900056284e-10
3.758240663120915315e-10
1.557536393193004187e-06
1.740224746527019306e-07
1.244438294634164777e-07
5.764861032986345890e-09
1.521154331385332625e-07
1.417881492216110928e-07
6.232916336919649969e-14
7.040991123474782398e-10
3.756377680019795662e-07
1.333645741397049278e-06
6.721634093764805584e-08
2.107644903048822016e-08
1.194618022282156744e-07
0.000000000000000000e+00
7.479465011783759110e-07
8.152259169946773909e-07
2.697607248691724635e-09
1.202352905238512903e-06
4.673140097111172508e-08
1.691422824023902649e-08
1.717134878731485514e-08
3.216876720557593217e-08
2.140934753924739198e-07
6.512757000365354543e-10
5.661890554620185867e-06
2.524628950340002120e-09
4.984312962363901534e-10
0.000000000000000000e+00
0.000000000000000000e+00
6.775103855716224643e-08
4.470174275184035650e-08
1.732257999265129911e-07
2.142857624676253181e-07
1.462335244215018371e-12
0.000000000000000000e+00
9.049945237649126284e-10
3.011970761690463405e-07
1.116150549762551236e-08
0.000000000000000000e+00
1.331327297293682932e-07
3.743865306660154602e-08
2.797289369027566863e-07
9.412726598156950786e-09
4.417225625275023049e-07
0.000000000000000000e+00
7.263352586051041726e-09
0.000000000000000000e+00
7.584922134817873030e-10
5.567806216077997306e-09
6.686251552423527755e-09
1.182163273938385828e-07
7.753563409096386749e-07
3.129686287905997233e-09
3.986284724533106782e-08
2.022000444412697107e-06
3.706188067553739529e-07
0.000000000000000000e+00
4.263681034899491351e-07
4.500717132316367497e-09
1.111388137076119165e-08
9.487608032543448644e-09
1.320263343096428343e-09
0.000000000000000000e+00
0.000000000000000000e+00
0.000000000000000000e+00
0.000000000000000000e+00
3.244942758939828309e-09
7.014315173137219972e-08
3.605503007264587723e-09
2.032870760615423933e-09
0.000000000000000000e+00
0.000000000000000000e+00
2.677139264051220380e-06
0.000000000000000000e+00
0.000000000000000000e+00
1.262883131403214065e-07
6.122140234765538480e-07
8.020343500447779661e-08
3.040099016970998491e-08
0.000000000000000000e+00
0.000000000000000000e+00
1.319285680700943431e-09
1.970684060381699965e-08
2.972938517586953822e-08
6.322396384206285802e-09
0.000000000000000000e+00
1.005749350468931880e-08
0.000000000000000000e+00
7.235682346617977601e-07
1.567532770252455521e-09
0.000000000000000000e+00
0.000000000000000000e+00
6.191034795932637280e-09
1.414554020584546379e-07
2.977973700968306048e-10
7.133120760727251763e-08
0.000000000000000000e+00
0.000000000000000000e+00
0.000000000000000000e+00
0.000000000000000000e+00
0.000000000000000000e+00
1.412854686577702523e-07
1.534343937237281352e-06
1.713759356647415188e-09
0.000000000000000000e+00
1.707933905414904530e-09
6.586230369975965004e-07
0.000000000000000000e+00
7.452148231834598846e-09
0.000000000000000000e+00
3.777392123538447777e-07
0.000000000000000000e+00
1.698989615661616881e-09
0.000000000000000000e+00
1.730926300069768331e-07
0.000000000000000000e+00
8.926555605803798699e-10
2.057634844732092461e-07
0.000000000000000000e+00
2.110722485682003935e-09
0.000000000000000000e+00
0.000000000000000000e+00
4.918137896936514153e-09
0.000000000000000000e+00
0.000000000000000000e+00
2.349461070139113872e-08
3.796597758398689848e-11
0.000000000000000000e+00
0.000000000000000000e+00
0.000000000000000000e+00
7.731703277613632963e-09
8.733321266163329710e-08
4.405682432206958765e-07
1.773659552561923647e-10
3.788064475429564482e-07
1.788813221992313629e-07
2.017899802808642562e-08
0.000000000000000000e+00
8.084123370721840729e-10
5.902818855929581332e-08
5.991236395885835009e-09
1.901904189693937042e-09
4.157078024036309216e-07
4.082348326051032927e-08
1.139067506983337807e-09
1.233420743318447421e-08
2.376485319643961702e-08
4.763405669905296236e-08
0.000000000000000000e+00
5.403552272298384196e-09
2.963844849546148907e-07
2.594374670650267944e-08
2.472227578209640342e-08
2.125672970976211218e-09
4.422468169451576614e-09
3.040800684167566104e-12
0.000000000000000000e+00
8.861358651301998179e-07
7.241825983328453731e-08
3.431579287394015410e-08
1.051386616657268291e-10
2.072027827093592123e-10
1.102813712350325659e-06
6.238378347234174726e-08
9.461492034290586162e-09
5.292023388392408378e-07
1.207531941105344231e-08
1.198080070707874256e-07
8.797238632007875481e-11
1.803123836907616351e-07
2.260861720060347579e-08
2.698986065752251307e-07
1.966553924148684018e-07
1.140700419455242809e-06
6.238269012470709640e-09
8.145707397488877177e-08
9.754691498997658528e-10
3.584525454236597852e-10
7.594110940090104123e-08
5.658247204110011808e-08
5.466074259885544961e-09
7.739971330522621429e-09
1.523976389528058917e-09
5.177364093000846879e-10
1.223777079673027401e-08
0.000000000000000000e+00
2.807444055008545547e-09
7.806892909911766765e-08
4.751007587344702188e-09
4.238767559172629262e-09
4.639203243783640573e-09
1.146395547380052449e-07
1.320232854595815297e-06
1.691079916099624825e-07
1.282996486828835714e-10
5.801623625956153774e-09
7.981958205505179649e-09
4.875188697184285047e-09
2.569622736814380914e-09
3.904747813976428006e-08
5.900812727333004659e-09
3.737325471320218639e-08
5.659032797922236568e-09
3.836804296497575706e-08
4.041668041909751707e-11
0.000000000000000000e+00
0.000000000000000000e+00
2.698592016514567149e-09
1.028746640825695113e-12
0.000000000000000000e+00
0.000000000000000000e+00
1.014598254300835833e-07
0.000000000000000000e+00
4.655127128216918209e-08
0.000000000000000000e+00
0.000000000000000000e+00
2.434407564422258474e-09
1.538326500849507283e-06
0.000000000000000000e+00
5.691423865528122406e-08
0.000000000000000000e+00
3.985190133448668348e-08
0.000000000000000000e+00
1.067630961415488855e-07
8.189653399881535734e-09
6.998297408244980033e-08
2.871480262456316268e-07
0.000000000000000000e+00
3.566689832368297175e-09
8.265628181902684446e-09
0.000000000000000000e+00
9.346221574446644809e-09
0.000000000000000000e+00
4.617074278456811953e-09
2.206355986800190294e-09
0.000000000000000000e+00
5.929901902845813311e-09
0.000000000000000000e+00
0.000000000000000000e+00
0.000000000000000000e+00
1.050631914800703726e-09
5.874385006210403048e-11
4.924965435471051478e-10
0.000000000000000000e+00
9.025479807966974022e-10
0.000000000000000000e+00
8.262416528737048793e-09
0.000000000000000000e+00
1.479022060379975301e-08
0.000000000000000000e+00
6.470336710862056862e-09
0.000000000000000000e+00
1.480949229915040632e-08
1.875665134321025107e-08
5.912855760570323582e-10
3.435172288845933508e-07
9.377931320386778680e-09
4.793067276409601618e-09
9.977171657737926580e-07
9.339573558975189371e-10
5.731017722609976772e-07
2.748447025524569653e-09
1.281708073008758220e-08
4.807262712347437628e-07
2.563807299793552374e-08
1.369598408018646296e-06
9.769113376023597084e-07
1.204607802396395755e-10
1.285805506512360807e-08
2.724818426447228603e-10
2.154399908249615692e-06
3.666170186988892965e-06
2.120238633551707608e-07
9.532696410019525501e-09
1.647482292810309445e-07
0.000000000000000000e+00
2.588845688933361089e-07
4.172397538582117704e-08
7.075536245793045964e-08
3.297965349702280946e-07
8.331413781093033322e-09
6.975119504204485565e-08
0.000000000000000000e+00
0.000000000000000000e+00
0.000000000000000000e+00
5.082066323325307167e-08
0.000000000000000000e+00
1.083551026681561780e-09
6.377777594934741501e-08
6.444162892194071901e-08
0.000000000000000000e+00
0.000000000000000000e+00
9.182198823509679642e-08
2.551915088133682730e-07
0.000000000000000000e+00
0.000000000000000000e+00
0.000000000000000000e+00
0.000000000000000000e+00
0.000000000000000000e+00
0.000000000000000000e+00
8.016533215027266124e-09
0.000000000000000000e+00
0.000000000000000000e+00
2.973678192574880086e-09
9.981062021324760281e-08
0.000000000000000000e+00
1.995858589509680314e-09
3.853863617120367735e-10
6.159576404485278545e-09
3.123718395059427166e-09
0.000000000000000000e+00
0.000000000000000000e+00
1.064296761832395077e-09
1.421857631633827168e-09
0.000000000000000000e+00
3.809959991940559121e-08
4.384637986021289180e-09
1.164624947591619275e-07
3.304752738131355727e-08
1.206007116394403056e-08
3.985432783792930422e-08
1.412232819575365284e-08
1.332052601554778448e-08
7.720971417768396350e-09
3.855739727498530556e-09
5.885236742386723563e-09
8.019636510425698361e-09
9.041019666256033815e-07
1.526914844562909934e-10
1.502258442087622825e-07
1.838042180679622106e-06
3.735774498636601493e-06
6.411090680558118038e-08
1.602939505573885981e-07
4.019503592189721530e-07
2.965231260532164015e-07
7.133498911571223289e-07
2.787836876905203098e-07
3.435881808400154114e-06
6.622659611821291037e-07
3.879583800880936906e-06
1.487368422203871887e-06
1.039664567770159920e-07
5.106671210342028644e-07
1.910703986141015776e-07
1.511406935605918989e-06
6.965586294427339453e-07
2.696258718515309738e-07
7.326090099013526924e-07
1.067545838395744795e-07
2.730947024076613161e-09
6.225398010428762063e-07
8.065862857620231807e-07
5.818273507429694291e-07
1.670199139880423900e-06
1.217756135929448646e-07
2.585988795544835739e-06
2.001384729055644129e-07
1.647384664238416008e-07
2.394192222254787339e-07
7.916501232330119819e-08
1.267603124688321259e-07
8.603010996921511833e-07
1.034664251164940652e-06
1.576562738136999542e-07
7.673094160054461099e-07
3.299935769973671995e-06
2.253839056720607914e-06
3.062730002056923695e-06
1.302552959714375902e-06
3.991913501977251144e-07
2.788247854823566740e-07
1.124770165006339084e-06
2.250341424314683536e-07
2.197639787482330576e-06
3.951176950067747384e-07
3.751889380509965122e-06
2.939121031886315905e-06
4.454339830317621818e-07
4.653401788345945533e-07
1.147712009696988389e-05
3.896528255609155167e-07
1.386292069582850672e-06
4.665468509301717859e-07
1.092315358164341887e-07
6.672118502137891483e-07
8.777688798033977946e-09
9.410588974745337509e-10
8.400434126087930053e-07
3.685471938297268935e-06
4.706304537194228033e-07
3.867557154535461450e-07
3.667062387080477492e-08
1.245938960892090108e-06
4.245095624355599284e-06
2.297515777627268108e-07
1.591492718944209628e-06
1.105596084016724490e-06
7.623991677974117920e-07
4.362910033250955166e-07
4.453226665646070614e-06
6.795701210648985580e-06
1.225635969603899866e-06
1.286474685002758633e-06
2.891314579755999148e-06
2.393195927652413957e-06
6.530656264658318833e-07
5.496499397850129753e-06
9.842750614552642219e-07
4.181254098511999473e-07
1.874958002190396655e-07
2.896092894388857530e-07
6.350408057187451050e-07
3.108245323346636724e-07
1.226269660037360154e-06
4.400852446906355908e-07
7.451478154507640284e-07
2.946754023014364066e-07
1.045210069605673198e-06
0.000000000000000000e+00
1.517922100902069360e-06
1.000423026198404841e-06
3.161800123052671552e-06
3.409734050663359994e-09
9.488365293464084971e-08
1.003721308734384365e-06
4.606900745329767233e-07
5.602087185252457857e-06
1.127871428252547048e-06
1.434346359019400552e-06
6.940052230675064493e-07
7.127206345103331842e-07
5.004721970180980861e-07
7.335328859880974051e-07
3.476178278560837498e-07
2.936277269327547401e-06
7.892585927038453519e-07
5.752999641117639840e-06
1.913876531034475192e-06
6.309322543529560789e-06
4.672333034250186756e-06
3.307231736471294425e-06
2.474136863384046592e-06
2.441558990540215746e-06
1.765956312738126144e-06
1.318974113928561565e-06
0.000000000000000000e+00
1.692601259151160775e-08
1.332722945335262921e-07
2.824257592237700010e-07
2.280889930261764675e-07
1.744394580782682169e-06
9.153329187938652467e-07
6.423177865144680254e-07
1.031188844535790849e-06
1.974382939806673676e-06
3.913568207281059586e-07
1.032698378367058467e-06
4.604634341376367956e-06
7.342612775573797990e-07
1.049657498697342817e-06
2.327277570657315664e-06
2.709353339014342055e-06
2.554713489644200308e-07
7.416781500069191679e-07
1.454127072975097690e-06
3.462834570200357120e-07
3.483603734366624849e-07
7.030323558865347877e-07
3.816214473317813827e-07
1.668325239734258503e-06
2.337584845690798829e-07
5.114754003443522379e-06
7.046752870110140066e-08
1.033526046967381262e-07
1.187578959616075736e-07
4.982452423973882105e-07
9.428343901163316332e-07
1.241241704974527238e-07
0.000000000000000000e+00
1.340946027994505130e-06
0.000000000000000000e+00
3.819824542006244883e-06
2.146642373190843500e-06
2.521233000152278692e-06
1.550303409203479532e-06
2.879952944567776285e-06
9.655907433625543490e-07
4.007398786143312464e-07
8.426582667198090348e-07
4.872877070738468319e-07
7.430906407535076141e-06
4.192261542357300641e-07
5.209942628425778821e-07
2.961368181786383502e-06
0.000000000000000000e+00
1.558800422074568814e-09
9.816362762649077922e-07
5.072728299637674354e-07
1.171344243822147746e-09
3.145708831198135158e-07
4.740341807973891264e-08
0.000000000000000000e+00
1.998949073822586797e-06
1.163964952866081148e-06
5.144282567925984040e-06
9.874529496300965548e-07
1.316900124948006123e-06
5.462547960632946342e-06
8.237259407906094566e-07
2.453762135701254010e-06
7.125634510884992778e-06
1.661809392317081802e-06
8.767498798079031985e-07
8.817189609544584528e-07
7.746829169263946824e-07
2.835585064531187527e-06
1.634636987546400633e-06
1.040464780999172945e-06
4.602505669026868418e-06
1.497827639695969992e-08
0.000000000000000000e+00
9.365612072542717215e-07
0.000000000000000000e+00
3.268688431035116082e-07
1.978044679162849206e-07
4.751000233227387071e-06
2.886694119297317229e-06
2.629954906296916306e-06
0.000000000000000000e+00
0.000000000000000000e+00
1.098936497356817199e-09
7.231831106180308666e-11
6.554603214359300267e-12
7.346281361009232569e-09
7.595067330612437217e-08
0.000000000000000000e+00
1.653863157535795381e-11
1.718330033817494495e-09
1.738225137160043232e-06
7.569714853161713108e-06
