2.660742381976888282e-07
3.109403934331567143e-08
1.381835090796812437e-07
2.324440373513425584e-08
1.868031404228531756e-06
3.785780791076831520e-06
3.103178187302546576e-06
3.051489443350874353e-07
1.097549193218583241e-05
6.368574304360663518e-06
4.132758931518765166e-06
5.457615316117880866e-06
6.267049684538505971e-06
7.299737262655980885e-06
3.513899287099775393e-07
3.207403324267943390e-06
9.418258173354843166e-07
8.112461813425397850e-08
1.990306009247433394e-05
5.948103989794617519e-06
2.087170969389262609e-06
1.886711856968759093e-06
4.108103155431308551e-07
4.006004417078656843e-07
4.169677083609713009e-07
8.007141900634451304e-07
1.084263843154076312e-07
1.175339207293291111e-06
3.486214609438320622e-06
2.039113496721256524e-06
2.203596523031592369e-06
1.442990196665050462e-06
1.389417661812331062e-06
1.585843847351497971e-06
1.450869831387535669e-06
6.305011766016832553e-07
8.458771844743750989e-06
3.534936467985971831e-06
6.977466910029761493e-06
7.328606443479657173e-06
2.974205699501908384e-06
1.003048055281396955e-05
4.031634489365387708e-06
8.331845492648426443e-06
1.157274527940899134e-05
1.760903978720307350e-05
1.699401946098078042e-05
4.491454546950990334e-06
1.358111148874741048e-06
7.319852670661930460e-07
4.265781626600073650e-06
3.365675411259871908e-06
1.854379121368765482e-07
4.414934210217325017e-06
2.442533150315284729e-05
2.715005575737450272e-05
3.296439672340056859e-06
5.879720447410363704e-06
8.560624337405897677e-06
6.451582379440878867e-09
7.306949100893689319e-06
1.891824831545818597e-05
3.739642124855890870e-06
4.334330697020050138e-06
1.991503850717890600e-08
7.028450454527046531e-06
7.934298992040567100e-06
2.535202384024159983e-06
5.275119292491581291e-06
1.716001293061708566e-06
6.943057087482884526e-06
1.717036752779677045e-06
1.927294033521320671e-05
2.871486685762647539e-06
2.399679942755028605e-06
1.115320173994405195e-06
3.950337372771173250e-07
8.369496754312422127e-06
1.640921254875138402e-06
6.686223130714097351e-09
1.935682348630507477e-06
6.341939240428473568e-08
1.470698498451383784e-05
1.719005354061664548e-06
7.854489467717939988e-07
3.264913402745150961e-06
3.242566890548914671e-06
2.056538960459874943e-06
1.369591132061032113e-06
1.061287730408366770e-05
3.969686531490879133e-06
4.956151769874850288e-06
7.216195854198304005e-07
2.947723442048300058e-05
1.550322303955908865e-05
0.000000000000000000e+00
2.320486601092852652e-06
5.806978151667863131e-06
1.684190829109866172e-05
3.459829031271510758e-06
6.121672413428314030e-06
2.259591610709321685e-06
2.570424385339720175e-06
2.052830950560746714e-06
4.908396817882021423e-07
4.082927716808626428e-06
2.890573341574054211e-06
1.677983277659222949e-06
2.157569724658969790e-06
1.223437629960244521e-05
2.646794200700242072e-06
2.414631671854294837e-05
1.969636741705471650e-06
1.817136035242583603e-05
3.196342959199682809e-06
1.837642038537978806e-08
7.979665817003933626e-09
1.482913631889459793e-07
9.814466466195881367e-07
5.227531740814583827e-09
6.472581048910797108e-08
2.300915184605401009e-06
3.171521001377186622e-08
2.529315601407233771e-08
3.933995529337153130e-08
9.902463489197543822e-07
1.631789928069338202e-05
3.980189262620115187e-07
2.907011378283641534e-07
3.070837450991348305e-08
2.797053184622200206e-07
4.192032942995638223e-09
5.255615178612060845e-06
2.062385192402871326e-06
1.793445699149742723e-05
7.375072641480073798e-07
3.365467904359320528e-08
9.250006201000360306e-07
1.657577186620073917e-08
6.964824024180416018e-07
3.295075146070303163e-07
2.846574261639034376e-06
4.646282469877860422e-09
1.232839053955103736e-06
1.960911255594055547e-08
6.059532893232244533e-07
9.696403139969334006e-06
1.293856044526364713e-08
3.312802121513414022e-08
1.611752153962697776e-08
4.792451591129065491e-07
1.785728365177874366e-08
1.543438372664240887e-07
1.014497229334665462e-06
7.054627815250569256e-08
7.666591983479520422e-08
1.509273033661884256e-06
2.752574346231995150e-06
7.656356615370896179e-07
5.893587058380944654e-07
2.975328783350050799e-08
1.304274860558507498e-06
1.116770908993203193e-05
1.022660356397864234e-07
3.653447038232116029e-06
6.039779805178113747e-07
3.242738330300198868e-06
4.493310257203120273e-07
4.203714979666983709e-06
7.650396760539024399e-09
2.286931000128333835e-08
7.707642879495324451e-08
1.422536199946478064e-09
9.700346303986862040e-09
6.326368747977539897e-06
7.116380373872743803e-08
7.996597162218677113e-08
7.086251230248308275e-07
3.979118901042966172e-08
2.631611373260511755e-08
5.856046527696889825e-07
1.495417620844818885e-07
3.078673103118489962e-07
1.044405621541955043e-06
5.281810899759875610e-06
1.173415625999041367e-06
1.495923925176612101e-06
2.175713689211988822e-07
5.596344863079139031e-07
7.033406745904358104e-07
6.709604349453002214e-06
3.150514089611533564e-07
1.524763888482993934e-06
9.253955681742809247e-07
1.547632336951210164e-06
1.728139068291056901e-06
2.885214371417532675e-06
1.193583329950342886e-06
1.464166454745452484e-09
2.339292981545781913e-09
1.283105532934314397e-08
1.087430518964538351e-07
5.229591337752026448e-08
8.092152725680534786e-09
3.160715422723114898e-08
2.219479210907593369e-05
1.624909629072135431e-08
6.944492838556470815e-07
2.119293185387505218e-08
4.684825860579167056e-09
1.680940954429388512e-06
3.917961066690622829e-07
2.925430067080014851e-07
5.350527576553076869e-09
3.013144578289939091e-08
2.562955536689059954e-08
1.558582951588505239e-08
1.295397993317237706e-07
7.914024280353260110e-08
3.496610077036166331e-07
2.724855541202941822e-08
1.211759695252112579e-06
6.876534826005809009e-06
9.432401384401600808e-07
3.757471347398677608e-07
7.423095471636997900e-09
9.241132943316188175e-07
0.000000000000000000e+00
0.000000000000000000e+00
7.310702130780555308e-06
1.544356678095937241e-07
2.208582372986711562e-06
3.253487435017632379e-08
9.028844033309724182e-06
1.300346639254712500e-06
6.743578069290379062e-06
9.375638398978480836e-08
1.992573217535209551e-08
5.534324643008403655e-08
3.249616398193211353e-08
1.224393209042773378e-08
3.244205615260398190e-08
3.625410499807912856e-06
2.853709304417861858e-07
3.685934002461976888e-09
5.518239684643155840e-11
1.083240785959560526e-08
1.223707357667080942e-08
0.000000000000000000e+00
4.048831669933861122e-07
3.185986088283243589e-06
4.074434514222957660e-07
2.509493924662820064e-06
5.669638269978349854e-08
2.068025928281258530e-08
5.524622093133757517e-09
2.377267946940264665e-06
3.043017159143346362e-06
1.326868186879437417e-06
1.583604102961544413e-06
8.371159765374613926e-07
2.108266272671244224e-07
1.333869050768043962e-07
1.617365796846570447e-09
1.494534558332816232e-06
1.892593815000509494e-08
8.822057750990097702e-09
2.393280462698044175e-09
5.633798139115242520e-08
1.256668298310614773e-07
2.986530944326659665e-06
1.709243178993347101e-06
5.948090347374090925e-06
0.000000000000000000e+00
8.191804568014049437e-09
1.021811470991451642e-07
4.004725440154288663e-10
1.701578256074753881e-08
7.486087270081043243e-07
0.000000000000000000e+00
2.246307850839457387e-08
1.181025163532467559e-05
0.000000000000000000e+00
9.945276815415127203e-07
1.116292082770087291e-06
0.000000000000000000e+00
0.000000000000000000e+00
1.181676765327210887e-07
4.537803022230946226e-08
5.897831556467281189e-07
1.459778673051914666e-06
1.007278314091308857e-07
3.539579296329975477e-08
4.391660723968016100e-08
1.578077558406221215e-06
4.860359013036941178e-07
2.951241384607783402e-08
5.437741947389440611e-06
1.498785273668090667e-08
2.873934645819531397e-09
5.958670499239815399e-06
6.747336556145455688e-07
7.913881745480466634e-07
3.548011818566010334e-06
2.511323593523684394e-09
8.850579433783423156e-07
4.692736155220700311e-08
2.954863305149046937e-07
2.791512656585837249e-07
1.411552943864080589e-06
1.048147851179237477e-06
1.396043899148935452e-06
9.522375989945430774e-07
2.822064857355144341e-07
1.517587293164979201e-06
3.619526367515391030e-08
2.296279610902729473e-09
5.701796226276201196e-07
3.161045825095243345e-08
4.292311643894208828e-07
6.354455308610340580e-07
3.215918013665941544e-06
8.769083592596871313e-07
1.650699061883642571e-07
0.000000000000000000e+00
1.003314125114229682e-07
0.000000000000000000e+00
0.000000000000000000e+00
0.000000000000000000e+00
0.000000000000000000e+00
0.000000000000000000e+00
2.835483314811426681e-07
0.000000000000000000e+00
0.000000000000000000e+00
7.626836051599639177e-09
8.255959983216598630e-06
0.000000000000000000e+00
2.683183595308946678e-07
5.922123591517447494e-07
0.000000000000000000e+00
6.327507549030997325e-07
0.000000000000000000e+00
7.794852763254311867e-07
0.000000000000000000e+00
1.215743736793228891e-07
1.827682893917881302e-08
3.776140289346585632e-08
4.646150841836060863e-07
9.211776159645523876e-06
0.000000000000000000e+00
6.605059610365060507e-09
6.030119834576908033e-07
7.053245667520968709e-07
0.000000000000000000e+00
0.000000000000000000e+00
3.144265576793259243e-07
1.574257879610740929e-08
7.231093945847533178e-07
2.634972240400657029e-09
7.444404648282443304e-09
2.947388821894492139e-08
1.690083166749900556e-07
1.794912840580309421e-08
8.042491117521421984e-08
8.679880920681171119e-07
0.000000000000000000e+00
1.141568191087571904e-05
5.088010084364213981e-07
7.600373919558478519e-06
1.285029043174290564e-07
9.193302474841402727e-08
2.951857958066739229e-08
7.872635251260362566e-06
1.579140262997213995e-09
1.075272226813694942e-08
4.228552441531974182e-08
8.605480772416740365e-09
2.330842852060754922e-09
1.330725609705041279e-07
6.657158735379198333e-08
1.538505443932081107e-06
6.087687324907165021e-06
4.368516659525312207e-09
1.446742885491403285e-07
7.108378099474066403e-07
7.460921551682986319e-07
1.211483180441064178e-08
2.442588140638690675e-07
2.025780503345231409e-07
3.080372721342428122e-07
6.776913323847111315e-07
5.891058751927857884e-09
3.365858844972535735e-07
2.312751945510171936e-08
1.025346634264678869e-07
3.173846323534235125e-07
8.332872880600916687e-08
7.093677112379737082e-08
6.995613688332014135e-08
2.942056198662612587e-07
5.473705755321134347e-07
8.433713283295674046e-09
9.695680773802450858e-07
0.000000000000000000e+00
0.000000000000000000e+00
3.774307089088324574e-08
0.000000000000000000e+00
4.236837867210851982e-07
1.639863711488942499e-08
1.091490675619866124e-09
7.328653737204149365e-06
1.072207993502161116e-07
3.815759441749833059e-08
9.725067684485111386e-07
3.663366783257515635e-07
1.210324340750190686e-10
3.917009053111542016e-06
2.722369174534833292e-07
1.300618635013961466e-08
0.000000000000000000e+00
0.000000000000000000e+00
0.000000000000000000e+00
5.293265076034003869e-06
2.129243341641995357e-07
0.000000000000000000e+00
0.000000000000000000e+00
1.008746266961679794e-06
1.921055627462919801e-06
0.000000000000000000e+00
0.000000000000000000e+00
0.000000000000000000e+00
0.000000000000000000e+00
7.263001862156670541e-07
0.000000000000000000e+00
0.000000000000000000e+00
3.020200756154167721e-09
6.878431122459005564e-07
4.488565991778159514e-06
1.332568757561602979e-07
3.147641258749445115e-09
5.308309482643380761e-06
8.177220820471120533e-07
7.619224788868450560e-07
0.000000000000000000e+00
3.318916924399673007e-06
1.593751335349224973e-06
0.000000000000000000e+00
8.983913346582994564e-08
5.976058218948310241e-06
3.378638524509369745e-08
2.431322920770639939e-09
2.056233370240079239e-06
0.000000000000000000e+00
0.000000000000000000e+00
0.000000000000000000e+00
0.000000000000000000e+00
0.000000000000000000e+00
3.310226315278441689e-09
5.788641828985419124e-06
2.436304491482133017e-08
7.165160127442504745e-07
4.439539935674474691e-08
3.736512041996320477e-07
1.543545840831939131e-05
1.008621879350357631e-07
6.873518714201054536e-07
9.395955125057753321e-09
4.697419626609189436e-07
1.293948457714577671e-06
3.747028074485569960e-07
6.420724929512289236e-08
8.383433680592133896e-08
5.651071433021570556e-07
6.446906354540260509e-06
2.692611111854148476e-08
1.320354137135382189e-08
2.662871878555961302e-08
0.000000000000000000e+00
3.702565209096064791e-06
1.116909857046266552e-06
1.554523407776287058e-07
3.001105497446587833e-08
2.209692269161678269e-07
1.007044332368423056e-07
1.678755438661028165e-06
2.280065274362641503e-07
1.661193209656630643e-06
1.030564078519091709e-07
4.907055313196906354e-07
1.862793510554183740e-06
1.721099041063212098e-09
1.036794472497604147e-07
1.987808673220570199e-08
3.471509728569799336e-07
2.738221915876692947e-08
4.897732992503733840e-07
0.000000000000000000e+00
0.000000000000000000e+00
7.272672633007459808e-07
7.249601363668034537e-09
1.495517154559422579e-09
1.566030647381921881e-07
1.159986936727364082e-06
2.985146011269534938e-06
9.407180101561607444e-08
4.823723998015339021e-08
7.153957426453416701e-09
2.198185455881684902e-08
3.026847252840525471e-06
9.107830578614084516e-07
4.612461523834099353e-09
1.301116157037540688e-07
0.000000000000000000e+00
7.717006478280552528e-10
1.156995267592719756e-06
2.125057335433666594e-06
2.099735411320580170e-06
0.000000000000000000e+00
4.860101853410014883e-06
1.082432810051159322e-09
0.000000000000000000e+00
1.279893922401242889e-06
1.701793166830611881e-06
6.430450394390163638e-09
0.000000000000000000e+00
0.000000000000000000e+00
0.000000000000000000e+00
0.000000000000000000e+00
1.566011746945150662e-07
0.000000000000000000e+00
5.810183552057424095e-07
0.000000000000000000e+00
0.000000000000000000e+00
3.248670736866188236e-07
9.742215922869945643e-09
1.025808415988649358e-07
1.000816651774982802e-09
0.000000000000000000e+00
5.920123835601032170e-10
0.000000000000000000e+00
8.331418399620815762e-08
1.791276638130057108e-08
1.883380832623515744e-06
1.650803105324172293e-10
7.982012384388781356e-09
2.379793073714608909e-08
2.228485698196891462e-07
2.652860509044785431e-08
3.388478717170073651e-06
1.268733171855274122e-06
0.000000000000000000e+00
0.000000000000000000e+00
0.000000000000000000e+00
0.000000000000000000e+00
5.776112388389265107e-08
7.197577256423670633e-11
0.000000000000000000e+00
1.026314677687878429e-08
9.965683833712546402e-10
0.000000000000000000e+00
2.782646106425090693e-06
6.498746643046615645e-07
3.281671823174292513e-09
2.431526802126882103e-08
6.726061374529024306e-10
2.232296765214414336e-07
1.157682394392622882e-08
2.182339997602866788e-08
4.963571313965076115e-07
1.150357107349009311e-07
0.000000000000000000e+00
5.193193146624253131e-07
7.563364192719745915e-07
4.831282694794936106e-06
9.972364978239056654e-07
2.066811020995373838e-06
7.610807273294994957e-08
4.848837420468044002e-08
4.611553805489165825e-08
1.372467863802739885e-06
2.407025689876718388e-09
1.343412691312551033e-06
1.221707464083010564e-07
1.110390940084471367e-06
4.393784251988108736e-07
1.367777144878346007e-06
8.729743683488777606e-08
6.283592313138797181e-08
3.633673486547195353e-07
4.029606515132400091e-08
4.874970613855111878e-07
1.446122439574537566e-07
3.423765448928861588e-08
1.413878408129676245e-06
1.962458554771728814e-06
1.565716615914425347e-06
2.146361168797739083e-07
2.404678980383323506e-07
2.322972925128397037e-08
0.000000000000000000e+00
1.102511930639593629e-07
0.000000000000000000e+00
0.000000000000000000e+00
7.821075769243179820e-07
4.641947271011304110e-09
8.265229212156555150e-08
5.229419457464246079e-06
2.030560430910099967e-08
0.000000000000000000e+00
1.344845941275707446e-07
1.927517034872039403e-09
0.000000000000000000e+00
0.000000000000000000e+00
5.069566810789183364e-08
1.136988956318418786e-07
4.828512487620173488e-07
6.232637161929233116e-08
4.707542688997534697e-10
1.137347794610832352e-06
2.761183282018464524e-07
0.000000000000000000e+00
8.842224588079261594e-07
7.853313377381709870e-07
5.606511699340899213e-09
9.976537995726175723e-08
0.000000000000000000e+00
1.013748871514508210e-07
0.000000000000000000e+00
2.983814511026139371e-06
6.672171259936021670e-09
0.000000000000000000e+00
0.000000000000000000e+00
2.973691870522543468e-08
0.000000000000000000e+00
5.528479007921305310e-09
7.594861017423681915e-06
8.047098987162826234e-09
1.687371842251650378e-08
3.933446457438094512e-09
0.000000000000000000e+00
5.754005272251561109e-09
4.447692880660270021e-09
1.199366806758916937e-06
0.000000000000000000e+00
2.926340766928881010e-11
0.000000000000000000e+00
9.691093083574742195e-08
1.900807319543673657e-06
0.000000000000000000e+00
9.970759329291922768e-09
5.802198188575857785e-08
0.000000000000000000e+00
3.101638501590286978e-09
3.226979217174630321e-08
0.000000000000000000e+00
2.305752744291567069e-08
2.247252126608145772e-07
1.241983960120762731e-09
0.000000000000000000e+00
4.361775154393399134e-06
5.647746803560949047e-08
3.311829459562432021e-07
0.000000000000000000e+00
0.000000000000000000e+00
0.000000000000000000e+00
1.007631933447328265e-08
0.000000000000000000e+00
1.460764575966777556e-08
0.000000000000000000e+00
0.000000000000000000e+00
5.443530881166225299e-06
1.693921376499929465e-07
1.371113995674022590e-07
2.719232554682093905e-07
6.146691600150688828e-09
2.102279417215413559e-08
3.699987161098761135e-08
6.827569336564920377e-07
2.918972397125685347e-09
0.000000000000000000e+00
4.350420823584499885e-08
4.400623510036894004e-08
3.672368507068313193e-07
2.202371689463689108e-07
9.676714398665353656e-07
8.395850841225183103e-07
2.363825402085240057e-08
2.480940338500658982e-06
9.474086937188985758e-08
5.096692802908364683e-06
1.811644324334338307e-06
1.172796714854484890e-06
4.218941285216715187e-07
3.273909499057481298e-07
2.394825742157991044e-07
1.290815589527483098e-06
3.053731134627923893e-08
1.203516433179174783e-07
9.576112915965495631e-07
8.598383516300600604e-08
6.870558566518525367e-10
0.000000000000000000e+00
9.932089142239419743e-07
0.000000000000000000e+00
3.962919237210371648e-08
1.907911837406572886e-07
1.550898609536943695e-08
0.000000000000000000e+00
0.000000000000000000e+00
1.821608748286962509e-06
0.000000000000000000e+00
6.450038281258230199e-09
0.000000000000000000e+00
5.010622317058732733e-08
1.528867699107649969e-09
0.000000000000000000e+00
1.725869669400026396e-09
0.000000000000000000e+00
1.339737195849011187e-06
6.105531014100051834e-08
2.771605878137961554e-08
1.806698378459259402e-06
1.590878895285641192e-07
3.258970195929578040e-07
1.415627252754347865e-06
1.051611917546324548e-07
3.058270303668564338e-10
0.000000000000000000e+00
0.000000000000000000e+00
0.000000000000000000e+00
4.983931489732640330e-07
0.000000000000000000e+00
0.000000000000000000e+00
7.229178144996240007e-09
0.000000000000000000e+00
0.000000000000000000e+00
1.629237900147018081e-08
2.720919489718198747e-09
0.000000000000000000e+00
1.017082973397975820e-09
5.568617922335761250e-08
6.350393100262863300e-09
7.406945279342380672e-09
3.750771426780374895e-08
3.829060801763262134e-08
7.410083213699181215e-09
7.364785403751739068e-08
0.000000000000000000e+00
5.904984057281126297e-09
0.000000000000000000e+00
2.200461812762455338e-09
4.860600029132911004e-07
1.960055442395969294e-06
4.337019845479517244e-07
6.278898290190682019e-09
1.469288246624955718e-09
1.694999838264266145e-07
4.097651071788277477e-07
4.448226604836236220e-07
1.600902699294692866e-08
6.627738802222893355e-09
4.478936332930061326e-09
3.214739932588805971e-11
1.362609054922359064e-06
6.962054044379328843e-08
1.154002760017647233e-07
2.300285295575577038e-09
0.000000000000000000e+00
3.728303354932904767e-08
2.821192346402767726e-08
0.000000000000000000e+00
0.000000000000000000e+00
1.968212700376170687e-06
5.578092654445754306e-09
3.988887442574196029e-09
2.719101303227944300e-06
2.067398838789813453e-07
1.145153660786490946e-07
1.600837293835866149e-07
1.703986185930261854e-06
6.061345203534074244e-08
7.960309744703408796e-07
2.438430044549022568e-07
7.935983603601926006e-07
8.211181921069510281e-06
5.557184046267593658e-09
0.000000000000000000e+00
2.978923419050261145e-08
1.044109694703365676e-06
9.038674697592341545e-09
6.266602667892584577e-07
2.632781104239256820e-07
1.861360310329018830e-08
2.092353383886802476e-07
0.000000000000000000e+00
1.421553179170587100e-06
1.407251426499556146e-09
0.000000000000000000e+00
9.942920087269158103e-07
1.290826645572451525e-07
8.786404919192136731e-07
6.624252932851959486e-07
1.010545474855462089e-06
1.071806946129072458e-05
7.223742386486264877e-07
4.883613069495140735e-09
6.448854339424769933e-09
7.014809177974257182e-09
1.038473751435731174e-10
2.016694452322553843e-06
1.056297005419537527e-08
5.020571052227751352e-07
1.305018372477206867e-06
1.897956514174126141e-10
4.307878214149241103e-07
8.358172635780647397e-06
8.003641482901002746e-08
8.214281166374348686e-08
1.756538525743422952e-10
1.325772700511151925e-06
3.408626980672124773e-08
1.710437373958484386e-07
3.368838363826398563e-08
0.000000000000000000e+00
0.000000000000000000e+00
0.000000000000000000e+00
0.000000000000000000e+00
0.000000000000000000e+00
0.000000000000000000e+00
0.000000000000000000e+00
3.227247635795293945e-10
0.000000000000000000e+00
0.000000000000000000e+00
4.056489899539883481e-08
3.634548662034831068e-09
1.136413416702453105e-07
7.787770641698443796e-07
3.451902159667952219e-07
1.690078050842203083e-07
4.420220633960525447e-09
2.839252921660317952e-08
9.092610220307051350e-09
8.313651846947323065e-07
8.088770755421137437e-07
1.248366856998472940e-06
6.659728768454442616e-09
1.528147919316324987e-07
0.000000000000000000e+00
0.000000000000000000e+00
1.288716902081432636e-07
0.000000000000000000e+00
0.000000000000000000e+00
0.000000000000000000e+00
0.000000000000000000e+00
4.596000469092587082e-09
2.615692995533436260e-09
7.337143870245199651e-08
0.000000000000000000e+00
0.000000000000000000e+00
7.377724386969930492e-07
8.035191262356633501e-11
0.000000000000000000e+00
0.000000000000000000e+00
2.950182043104376817e-10
1.036489379657723475e-06
5.974130203867389355e-07
4.569315592561906669e-09
3.567173934015954728e-08
0.000000000000000000e+00
0.000000000000000000e+00
5.974945906928041950e-07
1.286950123358110432e-06
6.677478836536465678e-07
6.483573855575741618e-08
0.000000000000000000e+00
0.000000000000000000e+00
0.000000000000000000e+00
3.767469003435053310e-09
0.000000000000000000e+00
6.825561627010756638e-08
7.106249366728434325e-09
0.000000000000000000e+00
6.333980895334434535e-09
3.271465232046466554e-08
2.688132326511549763e-06
0.000000000000000000e+00
2.175459258069167845e-06
1.358885537428022872e-08
9.203282580472205154e-10
0.000000000000000000e+00
4.106897904421202838e-06
0.000000000000000000e+00
0.000000000000000000e+00
0.000000000000000000e+00
0.000000000000000000e+00
0.000000000000000000e+00
2.729774850607213921e-09
2.603217374996802391e-08
2.703803403392157634e-08
0.000000000000000000e+00
1.615778399965961398e-09
2.294231364885490621e-07
5.996509457872889470e-07
4.714472012778969656e-08
2.562925089932832634e-07
6.523065110286552226e-08
1.267629290424565625e-08
6.698858356912751333e-08
1.680313630458840635e-07
9.071273154859227361e-08
1.654271208906266111e-08
2.332821269490636951e-09
4.179284474048472475e-09
7.389657952217021375e-08
2.341466256439161953e-07
4.997804126105620526e-07
7.984536409821885172e-08
1.078686295841180254e-06
0.000000000000000000e+00
1.505602531537419964e-09
2.240195229319397185e-08
2.172881522710667923e-06
1.268816163246810902e-08
7.094546958796854597e-07
1.549115381749288645e-06
8.671235036672442220e-07
2.816801440985727822e-07
2.511519703318754182e-08
9.595197969503033164e-10
2.412567141618637834e-07
0.000000000000000000e+00
2.008608390724475612e-08
1.178345687691262356e-08
0.000000000000000000e+00
6.970927168836738019e-10
1.555409539832908195e-06
0.000000000000000000e+00
0.000000000000000000e+00
1.319698640145361423e-06
9.542392653827391769e-09
2.760714892247051466e-07
0.000000000000000000e+00
0.000000000000000000e+00
0.000000000000000000e+00
0.000000000000000000e+00
0.000000000000000000e+00
7.344246100160489732e-09
0.000000000000000000e+00
0.000000000000000000e+00
2.068587745540639844e-09
4.223478233811306382e-10
5.320584861578936398e-08
2.162613697009874159e-07
5.136753600254451158e-08
0.000000000000000000e+00
1.652440673183264153e-08
9.862384331427165307e-07
4.012527199392934563e-08
2.634976148385703709e-08
3.182834618087326817e-08
8.677463370077020954e-07
5.352270093794686545e-08
3.676343229841450011e-09
1.168410368457273307e-09
2.707006956370605621e-07
3.008686988437148102e-08
9.834940328801167198e-08
4.872171643910405692e-07
2.797191029912937665e-07
1.648470160375836713e-08
0.000000000000000000e+00
1.199899202219967265e-08
0.000000000000000000e+00
0.000000000000000000e+00
2.579993108042799577e-08
7.389987510819651106e-10
1.766652189871820156e-06
4.915467854971211636e-08
4.036525336204022096e-09
0.000000000000000000e+00
6.639616572101658676e-07
4.681058669575577369e-07
0.000000000000000000e+00
0.000000000000000000e+00
2.461257508912240155e-08
6.394305085422047341e-09
0.000000000000000000e+00
0.000000000000000000e+00
2.633341544822087599e-08
1.042504322867898736e-07
0.000000000000000000e+00
0.000000000000000000e+00
1.109788172470871359e-08
8.153381858555519557e-10
7.000830919423606247e-07
1.054542622114240658e-06
7.269896400430297945e-07
1.647565306406306718e-09
0.000000000000000000e+00
0.000000000000000000e+00
0.000000000000000000e+00
0.000000000000000000e+00
2.338463866990991846e-09
1.834245111353993707e-08
4.103844730707351118e-07
9.918468890646181535e-08
3.359193812002558843e-08
1.696199847245338788e-09
0.000000000000000000e+00
6.531292839895286306e-09
2.442452684547902209e-09
0.000000000000000000e+00
4.634720340845888131e-08
2.480480887356861786e-08
0.000000000000000000e+00
0.000000000000000000e+00
0.000000000000000000e+00
5.677586401020562334e-09
0.000000000000000000e+00
0.000000000000000000e+00
4.467757719339715550e-08
0.000000000000000000e+00
0.000000000000000000e+00
7.634596066452559171e-09
5.722974177890804981e-11
7.761470754985566600e-08
0.000000000000000000e+00
1.562706053448437160e-08
1.119100829782837536e-06
6.746470493368406096e-09
7.021419001773665514e-09
1.486929249949753284e-06
6.376304373389984903e-09
1.305922978644957766e-07
7.410963398513104039e-09
9.037955805979436263e-08
1.299486296346685776e-08
3.555884475758830376e-09
4.103703474811482010e-07
1.225084588440950029e-06
1.010021311032005542e-08
6.574957467364583863e-09
7.291625081506936112e-08
2.795058184901222376e-09
5.685539150590557256e-08
1.631845378824436921e-07
2.746639324868738186e-07
2.485562156095966202e-08
1.053714913723524660e-05
1.067587618308607489e-07
1.992102660608452425e-08
5.885589260401502543e-08
0.000000000000000000e+00
5.214083103055600077e-07
4.356488148005155381e-08
1.226661272557549864e-10
3.188718178392946356e-09
1.492729893470823299e-06
3.413413551811572688e-08
1.163187590691450168e-07
3.781089787935343338e-07
3.257940806022929792e-09
1.503480689279967919e-06
0.000000000000000000e+00
1.641267459717710153e-07
4.176249124299147297e-09
2.408440558099300688e-09
2.093550222070916789e-07
0.000000000000000000e+00
0.000000000000000000e+00
3.647612402346567251e-06
2.943831667323593138e-08
1.080293330346648872e-07
5.979404704703483731e-07
3.462584174940275261e-08
5.344684339547711716e-08
1.705228491744037456e-08
0.000000000000000000e+00
2.289801614097086713e-06
0.000000000000000000e+00
0.000000000000000000e+00
0.000000000000000000e+00
0.000000000000000000e+00
1.347012357655330561e-06
2.836434642716767485e-09
3.313845198249509849e-08
0.000000000000000000e+00
1.453312314936283656e-08
5.715066436096094549e-06
4.315827936807181686e-06
0.000000000000000000e+00
1.389512362948153168e-07
5.073980702263725107e-08
2.287665950007067295e-07
0.000000000000000000e+00
2.658503195362982297e-09
6.255513884667607272e-09
0.000000000000000000e+00
0.000000000000000000e+00
0.000000000000000000e+00
0.000000000000000000e+00
1.348718541294147144e-07
0.000000000000000000e+00
0.000000000000000000e+00
0.000000000000000000e+00
0.000000000000000000e+00
0.000000000000000000e+00
0.000000000000000000e+00
0.000000000000000000e+00
4.798209052303548106e-10
3.323898045692885717e-09
2.465361319536896190e-07
3.253373126455016973e-09
1.374790912223033956e-07
1.968390073159298481e-08
3.868968079245860281e-08
0.000000000000000000e+00
0.000000000000000000e+00
0.000000000000000000e+00
9.874269402132540563e-09
0.000000000000000000e+00
0.000000000000000000e+00
0.000000000000000000e+00
2.300518531228590291e-08
3.506155643595576521e-10
2.673390842033995796e-09
0.000000000000000000e+00
5.150383675101011249e-09
4.154335897510463838e-08
0.000000000000000000e+00
0.000000000000000000e+00
9.387487232004332327e-09
0.000000000000000000e+00
0.000000000000000000e+00
8.189666544922147295e-08
2.107713115151454986e-09
0.000000000000000000e+00
0.000000000000000000e+00
0.000000000000000000e+00
8.429490208072820678e-07
0.000000000000000000e+00
9.436852188571265287e-09
0.000000000000000000e+00
1.117276826612112473e-09
0.000000000000000000e+00
0.000000000000000000e+00
1.745701583288905567e-09
1.225438861496286336e-09
0.000000000000000000e+00
0.000000000000000000e+00
0.000000000000000000e+00
7.997350053301488515e-07
2.562070333667065825e-09
2.193401016370444268e-09
0.000000000000000000e+00
4.117314489349155338e-09
0.000000000000000000e+00
5.404457770197268474e-09
1.424657103399340485e-08
0.000000000000000000e+00
0.000000000000000000e+00
0.000000000000000000e+00
1.644663427669001976e-07
5.508430156453414384e-09
1.680069431131414603e-06
0.000000000000000000e+00
0.000000000000000000e+00
9.423279934139827674e-09
3.812853588414100159e-09
2.850240488072586231e-09
2.565575529800412369e-09
0.000000000000000000e+00
0.000000000000000000e+00
0.000000000000000000e+00
1.945402949843355600e-09
3.397885528499955399e-09
0.000000000000000000e+00
0.000000000000000000e+00
0.000000000000000000e+00
0.000000000000000000e+00
2.997268495619209716e-07
0.000000000000000000e+00
1.280641370726698369e-08
0.000000000000000000e+00
8.828997977161634481e-09
1.855877229672842077e-07
0.000000000000000000e+00
0.000000000000000000e+00
0.000000000000000000e+00
0.000000000000000000e+00
1.783656784937193152e-06
0.000000000000000000e+00
4.523002061773695459e-08
0.000000000000000000e+00
0.000000000000000000e+00
0.000000000000000000e+00
0.000000000000000000e+00
3.125896874678346649e-09
0.000000000000000000e+00
0.000000000000000000e+00
0.000000000000000000e+00
0.000000000000000000e+00
0.000000000000000000e+00
0.000000000000000000e+00
6.145846498384344159e-09
4.975507561510994492e-09
6.323676249309073683e-09
1.649256432756374124e-06
3.492143605399178341e-06
4.789468022181608831e-08
1.660389159496844513e-08
1.216917837609798880e-07
8.518591165795896814e-09
3.274889479598641628e-07
7.445719596432809340e-09
1.957612596470426070e-07
2.044169832515763119e-06
1.599884967617981602e-06
5.981519279885105789e-08
2.195398423054939485e-07
7.551959058105239819e-09
2.014029121255589416e-07
1.998878040865292860e-08
7.149214553692218033e-08
2.234448857052484527e-06
9.120435073839416873e-09
2.226916784309196373e-08
8.132263928928296082e-08
5.385924737311142962e-07
8.882455404091160744e-06
0.000000000000000000e+00
2.482557420080411248e-06
8.873116286167714861e-08
3.449196981364366366e-07
1.872164716587576550e-07
4.066128767021837120e-08
4.255225061200462733e-09
3.007990585501829628e-07
2.457348955431370996e-06
4.927002805743541103e-07
5.909576117346659885e-08
1.035407279914579703e-07
1.327251084148883820e-06
1.406934586611896520e-07
8.541590545974031556e-08
1.089616603167087305e-06
2.004820487400138518e-07
3.142379867426825513e-08
3.133280657152681670e-08
1.019440754035372265e-09
1.177896820081514306e-06
9.234211617581422615e-09
8.404527740424327931e-09
9.315497351281010197e-08
4.266257036533716018e-08
2.424230558517592726e-07
2.467294279995257966e-08
2.972807919832121115e-07
7.676360951336391736e-07
5.070283464192471001e-07
7.989869210689448664e-09
0.000000000000000000e+00
4.833299499296117574e-06
5.799397584382859350e-08
0.000000000000000000e+00
6.224060484782967251e-07
1.956479422915435862e-07
3.374705315195569710e-08
3.338901422011986142e-07
0.000000000000000000e+00
0.000000000000000000e+00
9.227037480741273612e-07
2.219633588040892391e-09
6.307249833525929716e-09
4.417198340433969861e-07
5.139874019732815214e-07
0.000000000000000000e+00
2.923394504250609316e-08
8.173610233086492372e-09
4.708171275069616968e-07
0.000000000000000000e+00
0.000000000000000000e+00
0.000000000000000000e+00
6.847237887797064104e-09
0.000000000000000000e+00
3.032925377510764520e-08
0.000000000000000000e+00
9.221067465148280462e-09
8.093602232861485390e-09
3.128188197365489032e-08
0.000000000000000000e+00
0.000000000000000000e+00
6.285376343839743640e-07
1.460933418684362550e-08
1.153175421819696567e-08
7.513060729102960522e-10
4.998839564507306932e-09
8.701572085101361154e-08
0.000000000000000000e+00
1.791083548141614301e-07
9.716820841276785359e-07
3.274568598499172367e-07
3.264648107403900212e-09
5.101031206322659273e-07
5.435041927626116376e-08
1.229953117132254192e-08
0.000000000000000000e+00
5.100262967516755452e-08
4.985606594232194766e-09
4.218165727820633037e-08
6.318485290535136301e-09
0.000000000000000000e+00
0.000000000000000000e+00
3.586168917379950472e-09
1.380232788505963981e-05
3.185356831636454444e-07
3.027272210687215193e-09
6.458609504988999106e-07
0.000000000000000000e+00
3.127947120068474973e-13
0.000000000000000000e+00
1.628529422426083784e-09
1.770570037251673057e-07
0.000000000000000000e+00
0.000000000000000000e+00
0.000000000000000000e+00
1.471188966206682380e-06
1.946228733729071791e-10
0.000000000000000000e+00
3.795399194927995268e-08
0.000000000000000000e+00
0.000000000000000000e+00
7.536073987068903079e-09
0.000000000000000000e+00
0.000000000000000000e+00
0.000000000000000000e+00
2.544040569318894995e-07
0.000000000000000000e+00
6.226462456737635875e-09
6.184616818671884175e-09
0.000000000000000000e+00
0.000000000000000000e+00
0.000000000000000000e+00
7.700682758127186389e-09
0.000000000000000000e+00
0.000000000000000000e+00
0.000000000000000000e+00
0.000000000000000000e+00
0.000000000000000000e+00
0.000000000000000000e+00
0.000000000000000000e+00
5.410871750655132928e-09
8.364373194069685269e-09
0.000000000000000000e+00
3.591872577146659751e-09
1.828768859013507608e-06
0.000000000000000000e+00
4.614225002086413951e-09
0.000000000000000000e+00
1.545984389395016478e-07
7.262430212762183146e-09
0.000000000000000000e+00
5.094589639043078932e-09
1.109267122600954281e-09
0.000000000000000000e+00
0.000000000000000000e+00
0.000000000000000000e+00
1.030347807073894728e-09
7.247928646147983045e-11
0.000000000000000000e+00
8.365904413665248285e-09
0.000000000000000000e+00
0.000000000000000000e+00
3.217195121418825465e-10
0.000000000000000000e+00
1.496349710805588984e-09
6.833764132352371234e-08
3.816536718659335747e-06
2.551194029365433380e-07
6.966929699814272681e-09
2.998296011469392397e-08
4.288901322979654651e-07
1.467226118379016953e-09
7.991838302245923842e-09
1.036658758835073968e-09
1.544978545098274481e-07
6.075765668356325477e-08
1.551162682744688937e-07
2.130446929982099391e-08
4.636418537984354771e-08
2.730920201088338217e-08
3.104580414969859703e-08
2.024021483748583705e-08
4.500542516439054452e-08
1.016015062305086758e-06
1.315970905579888495e-07
0.000000000000000000e+00
2.525785475882003084e-06
1.432872977602528408e-06
4.380691507321898825e-07
7.373078858563530957e-08
6.932610858711996116e-07
1.566731526736475644e-07
1.414153505407966804e-08
1.857154430240370857e-10
2.973577693410334177e-06
1.159152702712162863e-06
1.811585690347783384e-07
1.788553504411538597e-06
1.463764647269272245e-06
4.718623713984015922e-08
1.246047798275640162e-08
1.379544034563195964e-08
5.441812689355174371e-08
1.197427157428876399e-09
2.738442844929522835e-06
1.408932007507246453e-06
3.407160065194148046e-08
1.849307693646551343e-07
6.553890319338506742e-09
1.172894670276036777e-07
3.675952697790307866e-08
5.323688583303010091e-07
1.786708708095829934e-06
5.175783712729753461e-07
2.580852864753069298e-08
8.412362006993134855e-08
7.610457259943359531e-07
6.271887453834779080e-09
7.579893157583228458e-09
1.023235967068103491e-07
4.849116219673987871e-09
9.035906600729504135e-08
3.275309381933766417e-06
2.073092986165647744e-07
5.639478661834118611e-09
4.709160350557795027e-07
8.676040010868746322e-07
1.554522621738385624e-09
5.154046078814644716e-08
6.335789635159017053e-07
2.055653339994023554e-06
2.333146085220505483e-06
0.000000000000000000e+00
4.322025404235319002e-08
6.745718224010488484e-07
1.531396236487125861e-07
6.905880667318342603e-08
0.000000000000000000e+00
0.000000000000000000e+00
2.686597781575983390e-06
6.419856646289190394e-09
5.082546827850364934e-09
4.179273815907436074e-08
1.674833161047217800e-09
1.294709450760933578e-09
5.153593747309059836e-07
0.000000000000000000e+00
0.000000000000000000e+00
0.000000000000000000e+00
0.000000000000000000e+00
0.000000000000000000e+00
9.583649429600882286e-09
0.000000000000000000e+00
0.000000000000000000e+00
0.000000000000000000e+00
2.654230684129288420e-07
0.000000000000000000e+00
1.452038134175381856e-07
0.000000000000000000e+00
5.204359165844607560e-09
0.000000000000000000e+00
3.248747937334428570e-09
9.035041159677348332e-09
0.000000000000000000e+00
0.000000000000000000e+00
0.000000000000000000e+00
2.242450136691331863e-06
0.000000000000000000e+00
7.443301228704513051e-07
0.000000000000000000e+00
2.304739510350373166e-09
3.558172920747892931e-07
0.000000000000000000e+00
2.228057738307143154e-10
1.522552040000846318e-08
0.000000000000000000e+00
0.000000000000000000e+00
0.000000000000000000e+00
0.000000000000000000e+00
0.000000000000000000e+00
0.000000000000000000e+00
0.000000000000000000e+00
0.000000000000000000e+00
6.432824495306022072e-09
0.000000000000000000e+00
9.315499482909217477e-10
1.093314416777957376e-08
5.800296909441726712e-10
4.784440221783370362e-08
3.828192163268795412e-08
5.814281500704510108e-09
0.000000000000000000e+00
2.247167341096201199e-09
1.633463142525215517e-08
6.318763734469712290e-09
0.000000000000000000e+00
4.416717729327501729e-07
5.624374807666754350e-06
0.000000000000000000e+00
8.963569598563481122e-06
0.000000000000000000e+00
0.000000000000000000e+00
0.000000000000000000e+00
3.401263271030074975e-09
5.860761120857205242e-06
0.000000000000000000e+00
0.000000000000000000e+00
0.000000000000000000e+00
4.987431648229012637e-11
7.430040938061210909e-08
0.000000000000000000e+00
0.000000000000000000e+00
4.596189207006773358e-09
0.000000000000000000e+00
4.372441075872757210e-09
0.000000000000000000e+00
0.000000000000000000e+00
0.000000000000000000e+00
5.297791538794172084e-09
2.891904387070098892e-07
1.322574050277580682e-09
1.933755271465997794e-07
0.000000000000000000e+00
0.000000000000000000e+00
0.000000000000000000e+00
0.000000000000000000e+00
5.968038063741687438e-09
0.000000000000000000e+00
0.000000000000000000e+00
0.000000000000000000e+00
0.000000000000000000e+00
0.000000000000000000e+00
2.350858174793302169e-09
0.000000000000000000e+00
6.614351288902753367e-09
0.000000000000000000e+00
0.000000000000000000e+00
0.000000000000000000e+00
0.000000000000000000e+00
0.000000000000000000e+00
1.733978627349586077e-09
0.000000000000000000e+00
0.000000000000000000e+00
0.000000000000000000e+00
2.872766735606546717e-08
0.000000000000000000e+00
0.000000000000000000e+00
0.000000000000000000e+00
0.000000000000000000e+00
0.000000000000000000e+00
3.700348083501836527e-10
0.000000000000000000e+00
9.033920278511686774e-09
0.000000000000000000e+00
0.000000000000000000e+00
0.000000000000000000e+00
1.306567440906292177e-07
4.397023856128612351e-10
0.000000000000000000e+00
0.000000000000000000e+00
0.000000000000000000e+00
0.000000000000000000e+00
0.000000000000000000e+00
0.000000000000000000e+00
0.000000000000000000e+00
3.704130691062346159e-08
4.031425415718103977e-09
0.000000000000000000e+00
0.000000000000000000e+00
0.000000000000000000e+00
0.000000000000000000e+00
5.938169955754801776e-10
6.018391331963357516e-07
3.177839573709206888e-07
1.239615812664851546e-06
7.670288937333680224e-07
1.135546234820594691e-08
1.213561745316837914e-06
1.079536531278790790e-07
1.216757272715085492e-08
9.849890858504295466e-08
2.339698434994375020e-09
6.137799459793313872e-07
1.709099990421236726e-07
2.882305594198442122e-08
1.209814854519208893e-06
2.441465198899095412e-07
5.977016712677141186e-07
0.000000000000000000e+00
1.881045541551884526e-08
8.957099453255068511e-07
2.590021040305146016e-06
0.000000000000000000e+00
2.440146147364430362e-07
1.366085371046210639e-06
5.608956143987597898e-07
5.460755801323102787e-06
5.357340455702797044e-07
3.408628401757596293e-07
6.047650913387769833e-08
2.183537572975069452e-09
5.560845650620649394e-08
3.231874501352649531e-08
1.183167230855985963e-09
6.793067441890343616e-09
0.000000000000000000e+00
5.970632059870695230e-07
4.092017036327888491e-07
6.839858901486195464e-09
1.506116564797821411e-09
8.688652997079771012e-07
1.723730669311862584e-08
3.451841124046950426e-08
9.850283078094435041e-08
9.883768825602601282e-07
6.596392267965711653e-07
1.508649916104332078e-07
1.759457690653221107e-09
0.000000000000000000e+00
1.208405819852487184e-06
0.000000000000000000e+00
7.658248932784772478e-07
0.000000000000000000e+00
2.349565875192638487e-09
5.278520287532728616e-09
0.000000000000000000e+00
1.507271917944308370e-06
0.000000000000000000e+00
2.814655619687300714e-09
0.000000000000000000e+00
0.000000000000000000e+00
0.000000000000000000e+00
0.000000000000000000e+00
3.920807234436551880e-09
9.179648152723984822e-09
0.000000000000000000e+00
3.644716457529284526e-07
0.000000000000000000e+00
0.000000000000000000e+00
0.000000000000000000e+00
7.751585151538620266e-09
0.000000000000000000e+00
0.000000000000000000e+00
0.000000000000000000e+00
0.000000000000000000e+00
3.399524928227037890e-08
0.000000000000000000e+00
0.000000000000000000e+00
0.000000000000000000e+00
0.000000000000000000e+00
0.000000000000000000e+00
1.039456520857129362e-07
1.296791793947704718e-07
2.691461304493714124e-06
2.407835211215569871e-07
5.915774980991272969e-09
0.000000000000000000e+00
0.000000000000000000e+00
0.000000000000000000e+00
4.663746011601688224e-08
0.000000000000000000e+00
2.974318022097577341e-06
1.354197376457477731e-08
6.569313093507389567e-09
2.814510430271255359e-11
0.000000000000000000e+00
9.539700585037280689e-08
1.137315734922594856e-06
4.116388652164459927e-07
0.000000000000000000e+00
0.000000000000000000e+00
0.000000000000000000e+00
0.000000000000000000e+00
1.011404027195794697e-08
0.000000000000000000e+00
0.000000000000000000e+00
0.000000000000000000e+00
1.869025254563894123e-06
2.275962751596694034e-09
7.488977757930115331e-07
2.091519775149208726e-07
0.000000000000000000e+00
0.000000000000000000e+00
0.000000000000000000e+00
5.859807217234447307e-08
0.000000000000000000e+00
7.978634641858661780e-09
0.000000000000000000e+00
0.000000000000000000e+00
1.446299506824288983e-06
0.000000000000000000e+00
7.536454238454837196e-10
1.584874325999408029e-06
2.160907702775105577e-10
1.515143210895075754e-08
0.000000000000000000e+00
0.000000000000000000e+00
0.000000000000000000e+00
0.000000000000000000e+00
0.000000000000000000e+00
0.000000000000000000e+00
0.000000000000000000e+00
0.000000000000000000e+00
0.000000000000000000e+00
0.000000000000000000e+00
1.486094873826004914e-07
0.000000000000000000e+00
0.000000000000000000e+00
2.089805775540298782e-06
1.876004684930876465e-09
8.908301873944424187e-10
0.000000000000000000e+00
2.992489100961392978e-07
0.000000000000000000e+00
0.000000000000000000e+00
0.000000000000000000e+00
1.121425441397150280e-08
0.000000000000000000e+00
0.000000000000000000e+00
0.000000000000000000e+00
0.000000000000000000e+00
0.000000000000000000e+00
0.000000000000000000e+00
0.000000000000000000e+00
0.000000000000000000e+00
0.000000000000000000e+00
0.000000000000000000e+00
0.000000000000000000e+00
2.899174511572510937e-10
4.777705342462468252e-09
0.000000000000000000e+00
0.000000000000000000e+00
0.000000000000000000e+00
0.000000000000000000e+00
0.000000000000000000e+00
0.000000000000000000e+00
0.000000000000000000e+00
0.000000000000000000e+00
0.000000000000000000e+00
0.000000000000000000e+00
0.000000000000000000e+00
0.000000000000000000e+00
0.000000000000000000e+00
0.000000000000000000e+00
5.201538311183639962e-09
0.000000000000000000e+00
0.000000000000000000e+00
1.527226061170949833e-07
0.000000000000000000e+00
0.000000000000000000e+00
0.000000000000000000e+00
3.878096066500802408e-09
4.303688072582190216e-09
2.183492142648901790e-07
3.942242088328384853e-09
5.623267540499909956e-08
3.488597485556965694e-06
5.239800593415111507e-09
2.741806959249970532e-08
5.941838132628163294e-09
4.663277763938822318e-08
4.706986445057737001e-08
2.791337117002967716e-08
1.118132075816902216e-07
2.163221353157496196e-07
2.920799957450981310e-08
8.140925729094306007e-07
3.396355552354179963e-08
1.899841350905262516e-08
4.319765434246392033e-09
0.000000000000000000e+00
1.882954450138640823e-07
3.288634616183117032e-06
0.000000000000000000e+00
1.649515724011507700e-07
8.730793865652231034e-09
1.249506294698221609e-05
4.629410632617236843e-09
0.000000000000000000e+00
2.413379895926937024e-08
2.592323855576950109e-10
2.707267121593304182e-08
1.617033840162207525e-09
9.117656851742594881e-09
1.851242018346965779e-06
3.970443742673523957e-07
7.767316674289759248e-06
9.877069260255666450e-07
1.377236031885331613e-07
1.285068123024757369e-07
1.539517882065410959e-07
8.054803934953724820e-09
2.196347992367009283e-08
4.538703137768607121e-07
7.941847002257418353e-07
1.169461896211032581e-07
3.601026890009961789e-07
7.947649649509003211e-09
3.489296318548440468e-07
2.923628095174990449e-08
5.233059141573903617e-07
4.340047325968043879e-06
2.513156687200535089e-07
5.086176813051679346e-08
9.097168884864004212e-08
5.365744755181367509e-07
1.648266021447852836e-07
4.164154532304564782e-08
9.246519425687438343e-07
1.200008568957855459e-06
0.000000000000000000e+00
7.238524091235376545e-08
0.000000000000000000e+00
5.256538884168548975e-07
1.971859546756604686e-07
1.347592956335574854e-06
1.795065984744326215e-09
1.775852354057860794e-07
8.828706654639972840e-10
4.031463163300941233e-09
0.000000000000000000e+00
9.819808077793368284e-09
6.187869416862668004e-08
7.066197440508403815e-07
1.838115650798499701e-07
9.490364938358197833e-09
1.151450845782164834e-08
5.296433291945845667e-10
3.322692343488142797e-09
1.866635443548148032e-06
1.403718030701384123e-08
0.000000000000000000e+00
0.000000000000000000e+00
0.000000000000000000e+00
0.000000000000000000e+00
2.241699121441342868e-06
0.000000000000000000e+00
1.865748888718599119e-09
0.000000000000000000e+00
1.320993874287523795e-06
0.000000000000000000e+00
0.000000000000000000e+00
0.000000000000000000e+00
5.908982636526616261e-09
3.992321584433966564e-09
0.000000000000000000e+00
0.000000000000000000e+00
0.000000000000000000e+00
0.000000000000000000e+00
0.000000000000000000e+00
3.030960482597322425e-10
0.000000000000000000e+00
0.000000000000000000e+00
0.000000000000000000e+00
0.000000000000000000e+00
0.000000000000000000e+00
0.000000000000000000e+00
0.000000000000000000e+00
2.888854133686891146e-08
0.000000000000000000e+00
0.000000000000000000e+00
4.713346584139799234e-07
9.257890565272930417e-10
2.686624434034001752e-08
1.906026447784370248e-10
0.000000000000000000e+00
0.000000000000000000e+00
0.000000000000000000e+00
0.000000000000000000e+00
7.145199987235173467e-09
1.841014563019882644e-09
0.000000000000000000e+00
0.000000000000000000e+00
0.000000000000000000e+00
0.000000000000000000e+00
7.020866665818914498e-10
3.297985529115976533e-08
0.000000000000000000e+00
0.000000000000000000e+00
0.000000000000000000e+00
2.922903661328746239e-07
0.000000000000000000e+00
0.000000000000000000e+00
0.000000000000000000e+00
0.000000000000000000e+00
0.000000000000000000e+00
2.878737603850822779e-08
2.708494095671198920e-09
6.544491171212030167e-09
7.129918344617180992e-08
3.811595306046910991e-08
1.702437124606603902e-08
0.000000000000000000e+00
1.157702200771382195e-07
1.529596005411804072e-08
2.933795242333891995e-13
3.383831526093672437e-08
0.000000000000000000e+00
0.000000000000000000e+00
6.523528384150267811e-09
0.000000000000000000e+00
0.000000000000000000e+00
0.000000000000000000e+00
0.000000000000000000e+00
9.082230523205225836e-10
0.000000000000000000e+00
3.347166099842979747e-08
0.000000000000000000e+00
0.000000000000000000e+00
3.022208039382690004e-09
0.000000000000000000e+00
1.721133173759881174e-07
0.000000000000000000e+00
0.000000000000000000e+00
4.792076424564584158e-08
3.212504262606330485e-09
0.000000000000000000e+00
1.796108364260362578e-07
3.566719897207804024e-07
0.000000000000000000e+00
2.368269775843145908e-07
0.000000000000000000e+00
9.923643119691405445e-06
2.130468601535540074e-08
4.472818115885957013e-09
3.072898735467788356e-08
1.055795948445847898e-07
0.000000000000000000e+00
2.803551391039604823e-09
1.057275864080331473e-10
4.666262043429014739e-09
5.148264037302396900e-10
0.000000000000000000e+00
9.137545164961125010e-10
2.971697732334632747e-08
0.000000000000000000e+00
0.000000000000000000e+00
0.000000000000000000e+00
0.000000000000000000e+00
0.000000000000000000e+00
0.000000000000000000e+00
0.000000000000000000e+00
4.057555997860617936e-07
1.458430043399516762e-10
0.000000000000000000e+00
0.000000000000000000e+00
0.000000000000000000e+00
2.506456553419411648e-07
7.341287133755258765e-09
2.423168439236178529e-07
2.585789161457796581e-06
0.000000000000000000e+00
3.859183250742859173e-10
0.000000000000000000e+00
0.000000000000000000e+00
1.416816086674543840e-08
5.801846558739498505e-09
0.000000000000000000e+00
4.366993988647038805e-10
7.416838254670210517e-10
0.000000000000000000e+00
0.000000000000000000e+00
0.000000000000000000e+00
0.000000000000000000e+00
1.087578707648084730e-10
0.000000000000000000e+00
6.101283922532729775e-09
1.562535345556170796e-07
1.846276553862935543e-08
7.373849447711577909e-11
1.992728293487289193e-08
1.232312456522777211e-07
1.832772369425583747e-07
2.169824711018009111e-07
4.605152525982703082e-08
1.693134208835544996e-06
3.323761177398409927e-08
3.477311793176340871e-06
5.961481406302482355e-07
9.340615392261497618e-09
1.817913926061009988e-07
3.829502048802169156e-09
3.292835231150093023e-07
1.490593035669007804e-06
1.491705688749789260e-06
6.139937340776668862e-07
1.447016416022961494e-06
6.824868670207706600e-09
7.714476168985129334e-08
3.500838374748127535e-08
3.179600938096882601e-08
8.161611830814763380e-09
1.236427210615786976e-10
8.440873000559179218e-11
6.672362928838992957e-08
1.783415726208659180e-08
9.226250341498598573e-08
2.546188397900550626e-06
2.143994834113982506e-06
1.620038148075764184e-07
3.769054046642850153e-07
7.881080676952478825e-08
8.039836352224938310e-09
3.359358302645887306e-08
2.782120702704560244e-07
1.701960599120866391e-07
1.880438389889604878e-06
2.985123899179598084e-07
2.654040144989266992e-06
2.665215674824139569e-07
2.930624454222652275e-08
1.495400141493519186e-07
3.041858462893287651e-07
1.774130851117661223e-07
0.000000000000000000e+00
2.221545827296722564e-07
0.000000000000000000e+00
9.571595072088712186e-09
3.937417947241783622e-09
1.799388371637178352e-08
1.189744396751235556e-11
7.101054744218515680e-10
1.805013738476191065e-08
3.420501002437958959e-07
3.466952058772676537e-09
5.004223702087529091e-09
4.523874963524576742e-07
0.000000000000000000e+00
0.000000000000000000e+00
7.913500077449953096e-09
4.992291451344499364e-07
1.060746058101358358e-06
0.000000000000000000e+00
0.000000000000000000e+00
4.109355813852744177e-06
3.983634755400089489e-08
0.000000000000000000e+00
0.000000000000000000e+00
0.000000000000000000e+00
1.873150949904811569e-06
4.472635239949340757e-08
0.000000000000000000e+00
6.022467005095677450e-07
1.418377905793022364e-06
2.016037967678130371e-07
2.958069700298437965e-08
1.842781482963573580e-09
1.975481306315529650e-10
8.826386288518506262e-10
2.688548272899993208e-09
0.000000000000000000e+00
0.000000000000000000e+00
0.000000000000000000e+00
0.000000000000000000e+00
3.951405744828662137e-07
0.000000000000000000e+00
0.000000000000000000e+00
0.000000000000000000e+00
0.000000000000000000e+00
6.717915113085837220e-09
0.000000000000000000e+00
0.000000000000000000e+00
0.000000000000000000e+00
3.003509441157348192e-09
6.661598789953204758e-12
2.924679847637889907e-06
2.874723215029462153e-08
0.000000000000000000e+00
0.000000000000000000e+00
0.000000000000000000e+00
0.000000000000000000e+00
4.860879254664496329e-09
0.000000000000000000e+00
0.000000000000000000e+00
0.000000000000000000e+00
0.000000000000000000e+00
0.000000000000000000e+00
0.000000000000000000e+00
0.000000000000000000e+00
0.000000000000000000e+00
0.000000000000000000e+00
0.000000000000000000e+00
0.000000000000000000e+00
0.000000000000000000e+00
0.000000000000000000e+00
1.470510113676937181e-07
0.000000000000000000e+00
0.000000000000000000e+00
0.000000000000000000e+00
0.000000000000000000e+00
0.000000000000000000e+00
3.892503173119621351e-07
0.000000000000000000e+00
4.206247439242360997e-08
0.000000000000000000e+00
0.000000000000000000e+00
0.000000000000000000e+00
0.000000000000000000e+00
0.000000000000000000e+00
0.000000000000000000e+00
0.000000000000000000e+00
4.912070195040030285e-10
0.000000000000000000e+00
6.270963837096132920e-08
0.000000000000000000e+00
0.000000000000000000e+00
1.700436058627019520e-07
1.903617707910143508e-09
0.000000000000000000e+00
0.000000000000000000e+00
0.000000000000000000e+00
0.000000000000000000e+00
0.000000000000000000e+00
1.291237197165173711e-07
1.033925229876331287e-07
4.553240451343754103e-09
0.000000000000000000e+00
0.000000000000000000e+00
0.000000000000000000e+00
0.000000000000000000e+00
0.000000000000000000e+00
0.000000000000000000e+00
0.000000000000000000e+00
0.000000000000000000e+00
0.000000000000000000e+00
2.679680477513102232e-09
5.336980990477968589e-08
0.000000000000000000e+00
0.000000000000000000e+00
0.000000000000000000e+00
0.000000000000000000e+00
0.000000000000000000e+00
1.674891194625161006e-07
0.000000000000000000e+00
4.066547543146725729e-09
0.000000000000000000e+00
1.040391188998623928e-12
3.028026895890434389e-08
1.824523110371956136e-08
1.055517699910524243e-07
3.184743491146946326e-08
1.150181446973874699e-06
2.325785430912219454e-08
2.541967205615947023e-07
6.246847927826593150e-09
1.601622159341786755e-07
2.079689522815897362e-07
1.158247275867552162e-08
3.381030921900674002e-07
7.716149639236391522e-07
1.009294805953686591e-06
1.226090830641624052e-06
2.545327948411113539e-09
2.548869133534026332e-07
0.000000000000000000e+00
2.704132384678814560e-07
4.401866604553106299e-08
8.624659320055627632e-10
4.554501629172591493e-07
2.299179868714418262e-07
0.000000000000000000e+00
1.133123646468447987e-06
7.970490401021379512e-08
0.000000000000000000e+00
0.000000000000000000e+00
5.068201289759599604e-07
2.319498662473051809e-06
8.962369975051842630e-07
3.829355591733474284e-06
2.863149859422264853e-07
0.000000000000000000e+00
5.235279321169628020e-09
2.755728700787329899e-10
1.622910758669604547e-06
2.831038958817089224e-09
1.694758111625560559e-09
7.911732602394749847e-09
9.226574171350421238e-09
6.935010077313563670e-08
4.033853784335406090e-08
9.720130478285682329e-09
2.703290391536938841e-08
9.970930250347009860e-07
2.635963937791530043e-06
5.178285800155890684e-09
0.000000000000000000e+00
0.000000000000000000e+00
2.728318975186994066e-07
1.906113666905184800e-08
1.203862165510827253e-08
3.349812427444476270e-09
9.999099574997671880e-07
1.242516667332438374e-08
2.191959538322407752e-07
0.000000000000000000e+00
6.818529074692492031e-10
2.330987314280719147e-07
1.163626706102149910e-07
1.646687231016130681e-08
6.919126462889835238e-07
0.000000000000000000e+00
0.000000000000000000e+00
6.759512984899629373e-07
0.000000000000000000e+00
6.962046938951971242e-09
0.000000000000000000e+00
8.853582755818933947e-09
0.000000000000000000e+00
0.000000000000000000e+00
0.000000000000000000e+00
1.581492492519487314e-09
5.139511594087764479e-10
0.000000000000000000e+00
0.000000000000000000e+00
0.000000000000000000e+00
0.000000000000000000e+00
0.000000000000000000e+00
2.188423451343624038e-07
2.144133475212584017e-07
1.009827332865143035e-08
3.063417750581720611e-07
0.000000000000000000e+00
0.000000000000000000e+00
0.000000000000000000e+00
6.210566089182023575e-11
8.687226937809100491e-09
5.138018455141946106e-09
0.000000000000000000e+00
1.966981955092705903e-07
6.694964582720785984e-08
1.645672575989465258e-08
0.000000000000000000e+00
9.431847303176255082e-09
1.182020810119865928e-06
4.214271029923111200e-07
1.359780696930101840e-07
0.000000000000000000e+00
0.000000000000000000e+00
2.697705667742411606e-06
2.185863650083774701e-07
2.301389745440474144e-09
0.000000000000000000e+00
0.000000000000000000e+00
1.616986899932726374e-08
0.000000000000000000e+00
0.000000000000000000e+00
0.000000000000000000e+00
0.000000000000000000e+00
0.000000000000000000e+00
0.000000000000000000e+00
0.000000000000000000e+00
1.397935212033019070e-09
7.996003148491581669e-08
0.000000000000000000e+00
0.000000000000000000e+00
7.350969659369877007e-12
9.752064933366000332e-09
1.991972112591611221e-06
4.815498222399128281e-09
0.000000000000000000e+00
0.000000000000000000e+00
0.000000000000000000e+00
1.391217807622524560e-08
1.005601347969786730e-06
0.000000000000000000e+00
0.000000000000000000e+00
0.000000000000000000e+00
2.527452025447018968e-08
0.000000000000000000e+00
9.552677537882914294e-10
0.000000000000000000e+00
4.912485565000679344e-06
5.649839263099920572e-09
3.218181499065053686e-09
0.000000000000000000e+00
2.533104407120845281e-06
0.000000000000000000e+00
0.000000000000000000e+00
0.000000000000000000e+00
4.524852670328982640e-08
0.000000000000000000e+00
1.508305658148856310e-08
1.243391238858748693e-07
3.602078095354954712e-06
2.015826439105694590e-08
2.006692056966130622e-06
5.766341004687092209e-08
3.426183354804379633e-07
2.967952923427219503e-07
1.389147712416161085e-07
4.807354869740265713e-08
9.074413043208551244e-08
1.365700330602237500e-09
6.317297902569407597e-06
2.704023671640243265e-09
3.388345248822588474e-06
2.148630962039987935e-08
0.000000000000000000e+00
7.407849444973635400e-09
0.000000000000000000e+00
8.608848247604328208e-07
4.296807674109004438e-07
7.874817242736753542e-08
7.624052500432298984e-07
1.320212561495281989e-07
1.390333522977016401e-06
8.673624307675709133e-08
2.336659292723197723e-07
4.853191626352781896e-07
3.066095928261347581e-07
3.005463042882183800e-07
8.689674473316699732e-07
2.016287403705518955e-08
7.641709999006707221e-06
3.541693516240229656e-08
1.011122208183223847e-06
5.141139070019562496e-08
0.000000000000000000e+00
7.890501478868827689e-07
2.833964174442371586e-07
1.336873722834752698e-08
2.547448900713789044e-07
1.280025969663256546e-07
9.628926989080355270e-08
2.869581372522134188e-08
1.084032308362736785e-09
6.505707084158984799e-09
1.685294459541353262e-09
1.110446419261279516e-06
1.331992649511448690e-07
7.858909967239924299e-09
0.000000000000000000e+00
8.450954851468850393e-07
1.872821719928197126e-08
5.477936507181091486e-11
0.000000000000000000e+00
8.140727345562481787e-07
0.000000000000000000e+00
1.153580253543395884e-08
2.392224587310920469e-06
0.000000000000000000e+00
1.592777820746960060e-08
1.761843448910838106e-09
0.000000000000000000e+00
0.000000000000000000e+00
0.000000000000000000e+00
1.286764330643563881e-07
9.612912066359058372e-08
1.871682798082474619e-06
0.000000000000000000e+00
0.000000000000000000e+00
1.436545904454078482e-08
0.000000000000000000e+00
0.000000000000000000e+00
0.000000000000000000e+00
0.000000000000000000e+00
0.000000000000000000e+00
0.000000000000000000e+00
0.000000000000000000e+00
0.000000000000000000e+00
0.000000000000000000e+00
0.000000000000000000e+00
0.000000000000000000e+00
3.571466233864839523e-09
0.000000000000000000e+00
0.000000000000000000e+00
0.000000000000000000e+00
0.000000000000000000e+00
0.000000000000000000e+00
3.154372336666710908e-07
0.000000000000000000e+00
4.087459259949355328e-08
0.000000000000000000e+00
0.000000000000000000e+00
0.000000000000000000e+00
6.030011601154683376e-09
0.000000000000000000e+00
0.000000000000000000e+00
6.259145979292668471e-10
0.000000000000000000e+00
0.000000000000000000e+00
0.000000000000000000e+00
4.241795803494596839e-10
2.729947254920261912e-07
6.732479462812079873e-09
3.218874278232419783e-09
1.527153244751389138e-06
4.337203662885258382e-08
1.851333131241972296e-08
7.858076855882245582e-08
4.594578606464949644e-10
3.986725687354919501e-07
2.287259661670759670e-07
1.656847672393269022e-07
0.000000000000000000e+00
0.000000000000000000e+00
0.000000000000000000e+00
0.000000000000000000e+00
0.000000000000000000e+00
0.000000000000000000e+00
0.000000000000000000e+00
5.747462637373246253e-06
0.000000000000000000e+00
6.952711739671713076e-09
0.000000000000000000e+00
0.000000000000000000e+00
1.395784321456261523e-10
0.000000000000000000e+00
0.000000000000000000e+00
0.000000000000000000e+00
0.000000000000000000e+00
0.000000000000000000e+00
0.000000000000000000e+00
1.182186015746822250e-09
3.066295732878643321e-07
0.000000000000000000e+00
4.886345217336440783e-10
0.000000000000000000e+00
0.000000000000000000e+00
0.000000000000000000e+00
6.865254142951471295e-09
5.079763720772234592e-09
0.000000000000000000e+00
6.302272481661930215e-09
3.386146252282173919e-09
0.000000000000000000e+00
0.000000000000000000e+00
1.753993927877672832e-07
0.000000000000000000e+00
0.000000000000000000e+00
0.000000000000000000e+00
0.000000000000000000e+00
0.000000000000000000e+00
0.000000000000000000e+00
2.078854588472012210e-10
2.570422985570530727e-09
0.000000000000000000e+00
0.000000000000000000e+00
4.053717084229191414e-11
0.000000000000000000e+00
6.160418841716364113e-09
0.000000000000000000e+00
0.000000000000000000e+00
0.000000000000000000e+00
4.942766736348858103e-06
9.459152572333096032e-09
2.393255272181704640e-06
8.542167506675468758e-08
2.550399180734075344e-08
1.236885793787223520e-07
7.422096715004045109e-09
4.624627081284415908e-08
4.336174441732509877e-08
5.741020103755545279e-08
2.141467270178054605e-08
4.650978979725550744e-08
3.643939550102004432e-08
4.196756435703719035e-06
1.350672846456291154e-06
0.000000000000000000e+00
1.566318985624093330e-07
3.786994051679926088e-10
4.640446320536284475e-07
2.644363839010566153e-09
6.231009024304512423e-07
0.000000000000000000e+00
1.638841240492183715e-07
2.512759010642184876e-06
1.046924005820848436e-10
1.421451756300484703e-08
2.044462235062383115e-07
2.547599535773770185e-07
1.561195839272500052e-09
3.423139771641103835e-09
8.443403309854602412e-09
8.298855505017854739e-07
1.363676176424633013e-07
1.420279858166395570e-07
2.117145868396619335e-06
5.748266929117562540e-08
1.600393773060204694e-07
3.691877914491215051e-09
2.031918988620873279e-08
1.361466956950607710e-07
6.101670919633761514e-07
1.940979821313248976e-08
6.893805526431151520e-09
8.009318541724042007e-09
1.083657821254746523e-06
3.532015625751228072e-06
3.312534317956306040e-07
1.915990210932250193e-08
1.127526843447412830e-06
5.907118705295033578e-08
1.142499996831247699e-07
2.632545959002641212e-09
2.053243441935137525e-08
4.691786070765147088e-09
3.187566877116410069e-10
1.631906343391165137e-06
3.585996353194786934e-07
2.453972802740622683e-09
9.115544230553496163e-07
1.263863396161468700e-06
6.225580051477663801e-09
3.678786697491887026e-07
5.135684322254974177e-09
0.000000000000000000e+00
9.779729026604400133e-09
1.574648820223956136e-07
0.000000000000000000e+00
6.327251753646123689e-07
2.793014459712139796e-07
4.845243779527663719e-07
4.892647353926804499e-08
4.365933883952038963e-13
7.123682532750308383e-09
1.956760655730249709e-07
1.782322622823073743e-10
1.987388387192368100e-08
7.858691475348678068e-09
0.000000000000000000e+00
3.107448492301045917e-06
1.088219114819821698e-08
1.052226750175577763e-07
3.127069048147745889e-09
0.000000000000000000e+00
0.000000000000000000e+00
0.000000000000000000e+00
1.290359818995057140e-08
0.000000000000000000e+00
6.311205993370094802e-07
0.000000000000000000e+00
0.000000000000000000e+00
7.164016047056520620e-09
0.000000000000000000e+00
0.000000000000000000e+00
1.560061746452845455e-09
0.000000000000000000e+00
0.000000000000000000e+00
0.000000000000000000e+00
9.459761862729010318e-09
8.991338340536003670e-09
9.663037481288938579e-09
0.000000000000000000e+00
0.000000000000000000e+00
1.875786637128840084e-07
3.760317390799627901e-09
0.000000000000000000e+00
0.000000000000000000e+00
0.000000000000000000e+00
0.000000000000000000e+00
3.768258522995893145e-07
0.000000000000000000e+00
6.655203055316860627e-09
9.036805970197292481e-09
4.168855483044353605e-09
0.000000000000000000e+00
0.000000000000000000e+00
0.000000000000000000e+00
0.000000000000000000e+00
0.000000000000000000e+00
0.000000000000000000e+00
0.000000000000000000e+00
0.000000000000000000e+00
0.000000000000000000e+00
0.000000000000000000e+00
2.800366605271165099e-09
0.000000000000000000e+00
4.890177152105934510e-08
2.228372437684811302e-07
1.593093323926098037e-09
1.339710031800223078e-08
2.797037934598733955e-09
1.044901853930468860e-08
2.126554488057763592e-10
4.890953775316120300e-08
1.166622354276114493e-08
6.847685654065571725e-07
1.259108159956667805e-07
1.089479155780281872e-06
5.933752049713802990e-07
3.189380315404832800e-09
0.000000000000000000e+00
0.000000000000000000e+00
3.076023347148293396e-08
2.762183157756226137e-07
0.000000000000000000e+00
0.000000000000000000e+00
0.000000000000000000e+00
0.000000000000000000e+00
5.333452577360731084e-07
0.000000000000000000e+00
0.000000000000000000e+00
0.000000000000000000e+00
0.000000000000000000e+00
0.000000000000000000e+00
0.000000000000000000e+00
0.000000000000000000e+00
6.327582724452440743e-08
1.476463951100015493e-10
8.324299471951235319e-09
0.000000000000000000e+00
0.000000000000000000e+00
2.830261394137778552e-07
6.492294915005913936e-07
2.825340672529819130e-08
0.000000000000000000e+00
9.685696689132328174e-09
7.213239783254721260e-09
1.033011565176877866e-09
3.071930620990315219e-08
4.969759048734090356e-10
1.573671526422515399e-09
9.444616466680599842e-08
6.269594177155113357e-09
6.592088084289571270e-07
2.976513480135167811e-09
0.000000000000000000e+00
8.995169609171682623e-10
0.000000000000000000e+00
4.578670331767398238e-09
1.005438399204194866e-08
8.659528134558058809e-07
2.962495955216581933e-06
7.988565364769328880e-09
0.000000000000000000e+00
2.730390178840025328e-06
6.518530604182615207e-09
1.261990121292910771e-07
3.563110340110142715e-08
8.273695617511123146e-10
2.214320318216778105e-07
7.215989139552902998e-09
0.000000000000000000e+00
2.499595552762912121e-07
0.000000000000000000e+00
8.083284797066880856e-07
8.802825135489911190e-09
0.000000000000000000e+00
0.000000000000000000e+00
7.586185802210820839e-06
8.675515914546849672e-07
2.479323768511676462e-07
9.531991054245736450e-07
2.338414049063430866e-07
1.061337897567682376e-07
1.338341633072559489e-07
8.823140440483712155e-09
1.208231594773678808e-07
4.241656270664861950e-08
2.230708417982896208e-07
7.154327477110200562e-07
6.356039961019632756e-08
1.774427360601293913e-08
2.090249466846216819e-07
1.254376087445052690e-07
1.445993461857142393e-06
9.996434755521477200e-07
6.604286681977100670e-07
4.098819204045867082e-07
0.000000000000000000e+00
2.867620585433883207e-09
1.057383940405998146e-07
1.279530152942243149e-07
3.311795637728209840e-07
8.115396781249728519e-07
8.190650935269161437e-11
6.689035547680077798e-09
4.137864664244261803e-07
0.000000000000000000e+00
1.015981965224455053e-08
2.333893434069977957e-07
1.285392045247135684e-06
0.000000000000000000e+00
4.072936654608838580e-09
1.380187739270788416e-12
0.000000000000000000e+00
1.583357089884884772e-08
2.173560176288447110e-08
9.918881271886448303e-10
1.302516920986818150e-06
3.681525484466874332e-08
0.000000000000000000e+00
7.381360234148814925e-08
0.000000000000000000e+00
7.280567615453037433e-07
7.991341810509311472e-09
8.162924558519080165e-09
0.000000000000000000e+00
1.031087208502867725e-06
1.008853814710164443e-06
0.000000000000000000e+00
0.000000000000000000e+00
0.000000000000000000e+00
0.000000000000000000e+00
2.320412334499977192e-10
0.000000000000000000e+00
0.000000000000000000e+00
0.000000000000000000e+00
0.000000000000000000e+00
0.000000000000000000e+00
1.311969977102478424e-09
0.000000000000000000e+00
0.000000000000000000e+00
0.000000000000000000e+00
0.000000000000000000e+00
0.000000000000000000e+00
8.861389400038888198e-10
0.000000000000000000e+00
0.000000000000000000e+00
0.000000000000000000e+00
9.791775390510792931e-09
0.000000000000000000e+00
5.974403638475678235e-09
1.011253587535065890e-07
7.860073196752637159e-07
3.317614982734085061e-08
1.979182595590600613e-09
0.000000000000000000e+00
0.000000000000000000e+00
6.984569012047359138e-08
8.631010350867995840e-10
4.271729281413172430e-08
0.000000000000000000e+00
0.000000000000000000e+00
7.645442501313937100e-09
0.000000000000000000e+00
8.954395980254048482e-07
6.399452967542629267e-09
0.000000000000000000e+00
0.000000000000000000e+00
0.000000000000000000e+00
0.000000000000000000e+00
0.000000000000000000e+00
0.000000000000000000e+00
8.579560673016572991e-11
1.253473591589226999e-08
4.351430327176331048e-09
0.000000000000000000e+00
0.000000000000000000e+00
0.000000000000000000e+00
0.000000000000000000e+00
0.000000000000000000e+00
0.000000000000000000e+00
0.000000000000000000e+00
9.814900003846105392e-10
1.369193758371523018e-09
4.031398930237628520e-07
9.535001233018647326e-09
0.000000000000000000e+00
2.578155466892440018e-08
2.146085975596179196e-09
1.066843680064266664e-08
3.655483737929898780e-07
5.165356423836309219e-12
2.287871403439112328e-08
0.000000000000000000e+00
0.000000000000000000e+00
2.281678490589911235e-08
0.000000000000000000e+00
1.676158989383225162e-09
0.000000000000000000e+00
0.000000000000000000e+00
0.000000000000000000e+00
1.738482602320345904e-08
0.000000000000000000e+00
0.000000000000000000e+00
3.232354939264325822e-10
4.297154632126876095e-08
9.884315943509136559e-08
0.000000000000000000e+00
0.000000000000000000e+00
1.175991087620786857e-06
2.016420985739841854e-08
2.026488310491458833e-09
3.351762645209532820e-09
3.832109385371040844e-08
2.616188794490881264e-06
8.642727422625284817e-09
1.545231214095110772e-07
3.282510929736304206e-09
3.102321954884246225e-09
3.151150096414312429e-08
3.674029747102736110e-09
3.332215392504167539e-09
7.540865709643185255e-08
0.000000000000000000e+00
2.936067744485626463e-07
5.405808565228653606e-07
1.074071406037546694e-06
1.849338104875641875e-08
1.075309441489480378e-07
4.268268938290020742e-08
0.000000000000000000e+00
6.910798333592538256e-07
2.323645276192110032e-09
1.371505664593541951e-08
1.235955515710429609e-08
3.592968596421997063e-06
0.000000000000000000e+00
1.125456616790643238e-08
5.393637181327903818e-08
1.331884362798518850e-07
3.358178162216063356e-07
4.427250530625315150e-07
0.000000000000000000e+00
2.612066951623859268e-10
3.092759115475018916e-08
2.422304305582656525e-06
1.128515592085932440e-07
5.757557346441899426e-07
2.019032336875170586e-07
3.094023668381851166e-07
2.221718432338093407e-06
2.096295190767705208e-07
2.706843815758475102e-08
0.000000000000000000e+00
7.993406256900925655e-07
3.693612171673521516e-08
0.000000000000000000e+00
0.000000000000000000e+00
3.953806615442090333e-09
6.744489411403264967e-08
9.244445209333207458e-07
1.030804241963778622e-06
5.455700335943447499e-09
3.075267684948812530e-08
7.736815632597426884e-08
0.000000000000000000e+00
4.332295588937995490e-08
3.043523292944882996e-06
2.951340682955105876e-08
0.000000000000000000e+00
0.000000000000000000e+00
0.000000000000000000e+00
0.000000000000000000e+00
8.684699182026633935e-09
9.738408301984691207e-09
9.645670040470122331e-09
5.574635153493545658e-08
1.119011827643845436e-10
0.000000000000000000e+00
0.000000000000000000e+00
0.000000000000000000e+00
0.000000000000000000e+00
4.936486774909099040e-08
1.221970746811962272e-09
0.000000000000000000e+00
0.000000000000000000e+00
0.000000000000000000e+00
0.000000000000000000e+00
0.000000000000000000e+00
4.057896796361148972e-10
0.000000000000000000e+00
2.045538183281792044e-09
0.000000000000000000e+00
0.000000000000000000e+00
0.000000000000000000e+00
3.091420230916241962e-09
0.000000000000000000e+00
3.250109728014649590e-07
0.000000000000000000e+00
7.155264825087215286e-07
0.000000000000000000e+00
1.229056124429916963e-06
0.000000000000000000e+00
0.000000000000000000e+00
3.266011390223866329e-07
2.014490974033833481e-06
0.000000000000000000e+00
2.392061215772400828e-09
2.263105501609796733e-11
0.000000000000000000e+00
5.464196650706298897e-09
2.966131205539568327e-06
1.136970162463057932e-08
1.036928543030057881e-09
3.427353956197976004e-10
1.121966825001763368e-10
3.925590519315846905e-08
6.328235002683868515e-08
6.037017108440068114e-09
3.160112100886180997e-06
5.934586155831311771e-10
2.776226892819977365e-08
1.788505232802606315e-09
1.999335808022806305e-09
8.799913686630134180e-09
5.768171718045778107e-08
0.000000000000000000e+00
0.000000000000000000e+00
0.000000000000000000e+00
0.000000000000000000e+00
0.000000000000000000e+00
0.000000000000000000e+00
0.000000000000000000e+00
0.000000000000000000e+00
4.433466926911933115e-09
5.870567143517746445e-09
0.000000000000000000e+00
0.000000000000000000e+00
0.000000000000000000e+00
0.000000000000000000e+00
0.000000000000000000e+00
0.000000000000000000e+00
0.000000000000000000e+00
0.000000000000000000e+00
4.518223573057866815e-09
0.000000000000000000e+00
0.000000000000000000e+00
3.632975170697605449e-11
0.000000000000000000e+00
0.000000000000000000e+00
0.000000000000000000e+00
0.000000000000000000e+00
0.000000000000000000e+00
1.950721895127571770e-08
4.800343456068389969e-11
0.000000000000000000e+00
3.092192280007566296e-09
7.595590290065956651e-08
5.009914261222547793e-09
5.184980977901432198e-08
0.000000000000000000e+00
1.878535549337811972e-09
0.000000000000000000e+00
6.060245638650485489e-09
0.000000000000000000e+00
0.000000000000000000e+00
6.240554171199619304e-07
0.000000000000000000e+00
4.678960774384677279e-09
0.000000000000000000e+00
0.000000000000000000e+00
0.000000000000000000e+00
0.000000000000000000e+00
1.905915203437302807e-09
0.000000000000000000e+00
3.485869815023079354e-09
1.001807595457648858e-05
7.079695052425449830e-08
9.268502632053809975e-10
0.000000000000000000e+00
4.571203149339453375e-08
1.922707149049074360e-08
0.000000000000000000e+00
4.949906706741558082e-09
0.000000000000000000e+00
0.000000000000000000e+00
4.916289597645118192e-09
0.000000000000000000e+00
0.000000000000000000e+00
0.000000000000000000e+00
0.000000000000000000e+00
8.832360398614014230e-10
2.177675696657388471e-06
1.095639845516416244e-08
9.923979860104736872e-08
0.000000000000000000e+00
1.014039163749202999e-08
2.068248505793235381e-08
3.842407920728874160e-07
3.001381898570798512e-08
9.172816817226703279e-07
2.396711806795792654e-07
7.487998914257332217e-07
0.000000000000000000e+00
2.425181264698039740e-07
2.177966393901442643e-07
1.206372076012485195e-06
1.061967793702933704e-07
6.458491270677768625e-07
1.232386239280458540e-06
4.248782303761799994e-08
1.673870286822420894e-08
3.889949695690120279e-08
2.343664959880698007e-07
4.741919497064372990e-07
6.890975612350302981e-08
3.374688049007090740e-07
3.859578043829969829e-07
1.195865717562583086e-08
1.388274199598527048e-06
4.611098169959859661e-09
5.434096124190546107e-07
4.214248117140328986e-10
0.000000000000000000e+00
0.000000000000000000e+00
5.895577359638082271e-09
0.000000000000000000e+00
0.000000000000000000e+00
0.000000000000000000e+00
1.386699755023812486e-09
5.383151346904924139e-07
0.000000000000000000e+00
4.011634402445451997e-08
2.703354695654525131e-08
4.095523920000232465e-09
1.492226289201425971e-07
9.363877034873624439e-11
0.000000000000000000e+00
0.000000000000000000e+00
0.000000000000000000e+00
5.450054185729413803e-09
9.204975115473246206e-10
0.000000000000000000e+00
4.398631148205822683e-08
1.547079705233045388e-06
0.000000000000000000e+00
0.000000000000000000e+00
7.683520948376099113e-07
0.000000000000000000e+00
1.916655500977526572e-09
0.000000000000000000e+00
0.000000000000000000e+00
0.000000000000000000e+00
3.278797455763537982e-09
0.000000000000000000e+00
0.000000000000000000e+00
8.429679354549080017e-08
0.000000000000000000e+00
0.000000000000000000e+00
0.000000000000000000e+00
0.000000000000000000e+00
0.000000000000000000e+00
0.000000000000000000e+00
0.000000000000000000e+00
0.000000000000000000e+00
0.000000000000000000e+00
0.000000000000000000e+00
0.000000000000000000e+00
3.104836565626101219e-08
0.000000000000000000e+00
2.093657258228631690e-06
1.961648976589458471e-08
0.000000000000000000e+00
0.000000000000000000e+00
0.000000000000000000e+00
9.061949413080583327e-08
1.722813713911364175e-08
0.000000000000000000e+00
0.000000000000000000e+00
5.129913915880024433e-08
3.467740228302318428e-08
8.807586482362239622e-07
2.429233063594438136e-06
2.297479895219112223e-08
8.847414356694116577e-09
5.328471885945873510e-08
1.427296609790573712e-07
6.132011549198068678e-06
7.833887705199771290e-11
2.458427341908708819e-13
0.000000000000000000e+00
9.924177923892330000e-09
6.976379196554916007e-11
1.752951675371150486e-06
3.227569322916679084e-06
4.836413154407637194e-07
3.576990792453216272e-08
2.222360961923186551e-07
2.653353305959171848e-07
1.784389951353659853e-07
5.483071774392556108e-09
2.145057464986166451e-07
4.889751608061487786e-07
3.016164555447176099e-06
1.213746543271554401e-07
3.055604906876396853e-07
4.208576456221635453e-07
0.000000000000000000e+00
4.177414325567951892e-07
2.245404004952433752e-07
1.102101123251486570e-06
3.804105830340631655e-08
2.768360047866735840e-07
2.657759239355073078e-07
1.040222286974312738e-06
1.551095502039245844e-10
8.059593881171167595e-09
4.851794415117183235e-07
1.910651192815748800e-09
7.593304474085016409e-08
1.332593368985612869e-09
1.795457471587269538e-08
0.000000000000000000e+00
0.000000000000000000e+00
2.400253151790820993e-07
3.071538685617269948e-07
2.436995139021291834e-08
2.524202784570661606e-07
0.000000000000000000e+00
4.752735094371018931e-08
0.000000000000000000e+00
1.646801138122100383e-06
7.758761455534113338e-08
5.940270497717392573e-08
0.000000000000000000e+00
1.842081474023871124e-07
1.545193084595553046e-09
5.130352587201514325e-09
9.437756176566836075e-08
2.330783566151239938e-08
0.000000000000000000e+00
2.025512380043892335e-08
3.708689533254982962e-08
4.109042947675334290e-06
2.923187558678819187e-08
9.899713404593057930e-08
3.978281881700240774e-08
0.000000000000000000e+00
7.052823036701738602e-08
2.160987122579172137e-07
0.000000000000000000e+00
0.000000000000000000e+00
0.000000000000000000e+00
0.000000000000000000e+00
2.540501782277715392e-07
0.000000000000000000e+00
1.313796360591368284e-08
3.933864718419499695e-06
6.857427479189937003e-07
2.897606691476539709e-06
6.416976816581154708e-07
0.000000000000000000e+00
0.000000000000000000e+00
0.000000000000000000e+00
0.000000000000000000e+00
1.641164537602435303e-09
0.000000000000000000e+00
0.000000000000000000e+00
0.000000000000000000e+00
0.000000000000000000e+00
2.457573600622708909e-06
8.873924706165325915e-09
0.000000000000000000e+00
1.003059537652006838e-06
1.309192931842062535e-08
1.179963192043942399e-06
3.767233636153832776e-07
1.307433328268103878e-10
3.384853641819063341e-07
5.128523739017509797e-08
2.270204824128541077e-08
3.725401143128692638e-08
4.385441454424210406e-10
0.000000000000000000e+00
4.687832984018314164e-07
4.900897021542505172e-09
1.722215614563538111e-07
7.432250648253813097e-11
1.087761347662308253e-06
1.096327650884632021e-06
1.633245688026363496e-06
4.685918213453987846e-07
2.893571071638234571e-08
4.451125050763948821e-07
1.294988720701439888e-07
2.336217903575743549e-06
9.149691493348655058e-08
1.243409133167006075e-05
7.686822289798556085e-10
5.545308567889151163e-08
6.556497567089536460e-08
2.171510082860095281e-08
1.216854798258282244e-06
0.000000000000000000e+00
1.494163993920327727e-11
2.305616362718865275e-06
4.735039915715333336e-09
2.821778934958274476e-06
8.894177483398379991e-08
2.826396894306526519e-06
9.875297735106869368e-08
1.506540456830407493e-07
3.954854932430862391e-08
5.019304012421343941e-07
9.021869118441827595e-07
5.656485058125326759e-08
2.630759126986959018e-06
7.475087215880193980e-09
7.262322583301283885e-07
7.979001992453049752e-08
6.625435844398452900e-08
2.169961817344301380e-06
0.000000000000000000e+00
8.535799679521005601e-06
0.000000000000000000e+00
0.000000000000000000e+00
0.000000000000000000e+00
0.000000000000000000e+00
2.174292745849015773e-07
8.656963501607606304e-08
0.000000000000000000e+00
3.246993856009794399e-07
8.376266791287889646e-09
0.000000000000000000e+00
6.064977513264846465e-12
2.797441709390113829e-07
2.011745294794309302e-07
1.012224792873439583e-08
2.158144418729079916e-08
1.200028805214969907e-06
1.875249751037699752e-07
0.000000000000000000e+00
0.000000000000000000e+00
0.000000000000000000e+00
0.000000000000000000e+00
0.000000000000000000e+00
3.076352728115239188e-09
0.000000000000000000e+00
0.000000000000000000e+00
7.002348034745864425e-09
0.000000000000000000e+00
4.299351985537214205e-08
7.392368051029052367e-09
3.096719865425257012e-06
5.256111546003694457e-09
0.000000000000000000e+00
0.000000000000000000e+00
7.743894769873804762e-08
0.000000000000000000e+00
1.216693732430940145e-07
1.640258631141477963e-07
1.277484340533874274e-08
4.287133315017399582e-09
2.122167774842864674e-09
1.092731599783292040e-05
0.000000000000000000e+00
0.000000000000000000e+00
7.359415299390548171e-09
7.582404037975720712e-09
2.069453728381631663e-07
1.186989706525309884e-07
0.000000000000000000e+00
0.000000000000000000e+00
0.000000000000000000e+00
2.760131323498171696e-08
0.000000000000000000e+00
0.000000000000000000e+00
7.380049016347811630e-09
5.975257177937010056e-09
4.243859450525633292e-07
1.752395490939306910e-07
1.662974291605223698e-08
3.742854914889903739e-07
8.575242738118049601e-09
1.719929230148409260e-07
7.881794772401917726e-07
2.950155248981900513e-07
4.209992798820394455e-09
7.099104095686925575e-07
1.870261945313700380e-09
5.945345833424653392e-07
2.370275524299358949e-06
3.090469036237664113e-08
1.154120639057509834e-07
2.544748440413968638e-06
1.373259465253795497e-06
2.481077103766438086e-07
7.647929010090592783e-07
3.818015557044418529e-06
3.448487717605530634e-08
1.459729787711694371e-06
4.834944178355726763e-08
1.380273673134979617e-09
2.973078228052372651e-09
3.721957408941989343e-09
2.671669676601595711e-07
3.581433816179924179e-07
3.163945905271248193e-08
6.825757736805826426e-09
3.755046495967917508e-09
0.000000000000000000e+00
0.000000000000000000e+00
9.578432127455016598e-07
0.000000000000000000e+00
3.133669963517604629e-07
8.485243063738323599e-10
1.327720267063625670e-09
0.000000000000000000e+00
3.046699532660568366e-07
0.000000000000000000e+00
2.729533150613860926e-07
0.000000000000000000e+00
3.864755182547696677e-09
0.000000000000000000e+00
3.940166248828091966e-10
7.868156792767422303e-09
1.492997547813956771e-08
0.000000000000000000e+00
9.337567803413548972e-07
3.080834476421046020e-09
7.900471388211371959e-09
1.538737990358640673e-07
9.694118396907924762e-09
8.965114517422989593e-08
1.588508524719145498e-07
1.328623183693977694e-10
0.000000000000000000e+00
0.000000000000000000e+00
0.000000000000000000e+00
6.110765365940906690e-11
3.372059964590334857e-08
0.000000000000000000e+00
1.955163586586650126e-09
0.000000000000000000e+00
0.000000000000000000e+00
1.648657921293761319e-08
5.706330075128107637e-09
5.742022324284334900e-08
2.295301328558707610e-06
0.000000000000000000e+00
0.000000000000000000e+00
0.000000000000000000e+00
0.000000000000000000e+00
0.000000000000000000e+00
0.000000000000000000e+00
0.000000000000000000e+00
0.000000000000000000e+00
0.000000000000000000e+00
0.000000000000000000e+00
7.040051652751344591e-09
0.000000000000000000e+00
0.000000000000000000e+00
0.000000000000000000e+00
0.000000000000000000e+00
0.000000000000000000e+00
0.000000000000000000e+00
8.618308323937728943e-12
2.043580025201663375e-06
4.107914453044259062e-09
9.729791417001365517e-10
3.057359663216629997e-07
0.000000000000000000e+00
0.000000000000000000e+00
9.591942351505622355e-09
0.000000000000000000e+00
0.000000000000000000e+00
0.000000000000000000e+00
9.762067598728663143e-09
1.079456978914095089e-05
1.015700718198786490e-06
0.000000000000000000e+00
6.089888415772293229e-08
0.000000000000000000e+00
5.354327647921763855e-09
0.000000000000000000e+00
0.000000000000000000e+00
4.359544334420206724e-07
7.794519092385598924e-07
0.000000000000000000e+00
5.892948351515769900e-09
2.073838523131144029e-08
1.565837415284931922e-08
2.644616614588812809e-08
8.197674539189847565e-09
2.787835740036825882e-09
7.711041121183370706e-07
9.931933497853151493e-09
2.032498613857569580e-09
4.053878654985965113e-08
1.180554178858983505e-07
2.067224329493910773e-07
1.669758830757928081e-06
2.394024818386242259e-07
1.334756689175264910e-06
1.875186370625669952e-07
1.163750084742787294e-06
4.495563743489583430e-08
4.016829180386594089e-08
2.574912949526719785e-09
3.617433037561568199e-07
4.435272060732131649e-08
8.236642656811454799e-08
0.000000000000000000e+00
0.000000000000000000e+00
1.279093339690007269e-06
5.710330472363800425e-11
3.848846290566143580e-07
3.477214818303764332e-07
1.939729372679721564e-06
1.945711858297727304e-07
5.518842272067558952e-08
2.472309574841347057e-07
6.824458154142121202e-08
1.456377726749558121e-11
1.184158691103220917e-06
4.854035839940706865e-09
2.989351699511644256e-08
2.721286023188440595e-07
3.877632650528539671e-07
2.408273189757892396e-07
2.526361564392232140e-09
2.009889385590213351e-06
2.249509556406792399e-08
2.431662096569198184e-06
0.000000000000000000e+00
3.298129769291335833e-08
3.734426101686949551e-09
1.336484034553109268e-09
4.996178581961885357e-09
0.000000000000000000e+00
1.197073429964889968e-11
0.000000000000000000e+00
3.630355571715426777e-09
1.295186166316852905e-06
2.632797757584626197e-09
1.651291938742360799e-07
0.000000000000000000e+00
2.740152722779942707e-11
6.409410389096592553e-07
4.230684282902075211e-07
0.000000000000000000e+00
0.000000000000000000e+00
0.000000000000000000e+00
2.154736167270243641e-09
0.000000000000000000e+00
0.000000000000000000e+00
1.840609229475376196e-06
0.000000000000000000e+00
0.000000000000000000e+00
0.000000000000000000e+00
0.000000000000000000e+00
0.000000000000000000e+00
0.000000000000000000e+00
5.119293877697828066e-09
6.869419616473138035e-11
7.261853340878587915e-08
2.485934125218136614e-09
2.248601305154807051e-08
1.701580742974329041e-07
0.000000000000000000e+00
0.000000000000000000e+00
1.408250682288780808e-06
8.262689199511896732e-09
0.000000000000000000e+00
1.131107763008287748e-09
1.701468050896437489e-07
1.155322479462483898e-06
0.000000000000000000e+00
0.000000000000000000e+00
0.000000000000000000e+00
0.000000000000000000e+00
3.291044947673071874e-07
1.067090193984654434e-09
2.865515469352430955e-08
0.000000000000000000e+00
7.440617650900094304e-07
0.000000000000000000e+00
5.654080759143198520e-09
0.000000000000000000e+00
0.000000000000000000e+00
2.296987560157504049e-07
0.000000000000000000e+00
5.350651921531834887e-09
0.000000000000000000e+00
0.000000000000000000e+00
6.067448055091517745e-08
1.380894900648854673e-07
1.735368648780877265e-08
7.228504461664897462e-09
1.172390057035954669e-06
2.338206250840357825e-08
3.478236809684176478e-09
6.016056431690230966e-06
6.077567782369897031e-09
0.000000000000000000e+00
0.000000000000000000e+00
2.002089161123876693e-07
1.823421136304403944e-10
1.237872582215970851e-10
0.000000000000000000e+00
3.354179156644931936e-09
0.000000000000000000e+00
0.000000000000000000e+00
0.000000000000000000e+00
0.000000000000000000e+00
0.000000000000000000e+00
6.410844832771545043e-08
0.000000000000000000e+00
0.000000000000000000e+00
8.776105397956257548e-10
0.000000000000000000e+00
2.543501693708094535e-07
2.612552663094902528e-08
5.754428933357758069e-09
8.734768641716073034e-08
0.000000000000000000e+00
2.169671775575920947e-09
6.526105522652869695e-08
4.438602374534639239e-08
2.499822393531303533e-08
6.697638355035451241e-07
1.753688416705756481e-09
1.122116017882035521e-07
1.909983993186870066e-08
1.223340451161902820e-08
8.116212590891791478e-09
3.010944160664053015e-09
4.329162806016029208e-09
3.022605429836566771e-11
3.023783619937603362e-06
2.305828502358053811e-06
2.669775334140922496e-08
6.337134550449263770e-07
7.552202418992237654e-07
5.248444381322769914e-07
1.497608764111646451e-06
2.756550657068146393e-06
6.799562470405362546e-06
1.825082676987221930e-06
7.190213864305405878e-07
9.501556519353471231e-07
1.005766858686030218e-10
7.824834113989709294e-10
8.850352628542168532e-07
4.687566601546677703e-08
1.170160714991652640e-07
7.885328301426852704e-08
1.005470764425808738e-07
3.392000902380232219e-09
1.816702521750812593e-08
6.232731948330183513e-07
0.000000000000000000e+00
9.756636387692196877e-09
0.000000000000000000e+00
2.885947480990580516e-09
6.587559937543119304e-07
1.728464837924548192e-08
1.878073021543968935e-07
7.079227426487477715e-09
7.182036370068090037e-07
2.384587332926457748e-06
6.349109327175028739e-08
2.361322088972883648e-07
0.000000000000000000e+00
5.339965696293802466e-07
0.000000000000000000e+00
5.868281416354648172e-09
5.873153352542459515e-11
1.668197691095940627e-09
3.066789133754355134e-07
1.066934942173247691e-06
0.000000000000000000e+00
0.000000000000000000e+00
0.000000000000000000e+00
1.088134915505634126e-09
6.855415790596453007e-08
5.357547934181638993e-07
0.000000000000000000e+00
0.000000000000000000e+00
5.291614684210799169e-07
0.000000000000000000e+00
7.510835075663635507e-06
1.226236747697839746e-07
5.531293112426283187e-08
2.444240010390785756e-08
3.788226763390412088e-07
9.487488341619609855e-07
5.149452064756587788e-08
8.792147454528276285e-09
3.822291372301833690e-10
8.846125751915678848e-07
3.296014767784072319e-07
0.000000000000000000e+00
0.000000000000000000e+00
1.058693442246294580e-06
1.122342823123290145e-07
0.000000000000000000e+00
1.870730983455359819e-07
8.141617513501842041e-07
0.000000000000000000e+00
1.963625616274722319e-11
2.463191872692505058e-10
1.042286146279991499e-09
6.222470316785688738e-10
1.707721935417794157e-06
0.000000000000000000e+00
0.000000000000000000e+00
1.965714396812145992e-10
0.000000000000000000e+00
8.375439897179148829e-09
8.951134056189857802e-09
0.000000000000000000e+00
0.000000000000000000e+00
0.000000000000000000e+00
1.684287986858379327e-10
0.000000000000000000e+00
2.268229604140969968e-09
3.868494502512476174e-08
6.616171049245167524e-06
0.000000000000000000e+00
0.000000000000000000e+00
7.509366461988520314e-09
8.359136161040225943e-10
1.578381425559882700e-09
0.000000000000000000e+00
4.690496879788952356e-08
0.000000000000000000e+00
0.000000000000000000e+00
1.557197482071615013e-09
1.383465786375381867e-09
0.000000000000000000e+00
3.272532467235578224e-07
9.820444804575778619e-12
2.880950589201347611e-09
3.676902116112046315e-10
1.025598095338864368e-08
3.806095438818601906e-09
4.879415094194428093e-09
2.702148782507407532e-10
1.889509704255942779e-08
8.464521528139812290e-09
1.134110050315939588e-07
7.129870738253885065e-08
6.533175778145050572e-09
1.837702323648215952e-09
1.940168026237643062e-09
1.308676544908848882e-08
0.000000000000000000e+00
7.506368859822032391e-09
6.586118672657903517e-08
0.000000000000000000e+00
3.659153691160099697e-08
2.464791926115594833e-09
1.094429685766229454e-10
1.399677898916706908e-06
2.218317604274488986e-06
5.610241515796587919e-08
1.872115795720219467e-08
2.983663760502963669e-09
1.146984118349791970e-06
9.457621530373216956e-08
1.114449759143099072e-07
1.203740129795960456e-08
2.081522438857064117e-07
1.608504192063264782e-07
3.447959500135766575e-07
1.134212439524162619e-07
2.398220999566547107e-07
2.077529757116280962e-07
7.197058238261888619e-08
6.485465746663976461e-07
7.208818431081454037e-08
3.628713045600306941e-07
9.110891596719739027e-08
1.474382770538795739e-06
0.000000000000000000e+00
5.809172587412092525e-11
2.860209669108826347e-08
6.333141300274292007e-07
2.223337787654600106e-06
2.526754583342949445e-09
4.367708683616911003e-08
2.107973351428427122e-09
5.046934461461205501e-07
5.962142335391718007e-09
3.828554184792665183e-08
8.210948863052180968e-07
3.215141575196867052e-08
9.895495534095744006e-10
1.522773196427351650e-08
2.036510127201296427e-10
1.039164795879621295e-10
0.000000000000000000e+00
4.794649122175087541e-09
5.368583355647160715e-09
1.420090256942785345e-06
1.941927330051385070e-08
1.563364094181451946e-06
1.840227137339667252e-10
5.215627538746048231e-07
3.641682733146467399e-09
1.444612784951004869e-08
7.279363671841565520e-06
1.977295141841750592e-06
1.904879951553084538e-07
2.149284306085519347e-09
7.384857525494226138e-08
3.344858279241691434e-10
1.659163672229624353e-06
2.961808576174007612e-08
2.347366034882725216e-07
3.764465361655311426e-07
4.242706452828315378e-08
1.322783447221809183e-07
1.021835061010278878e-08
4.698141253811627394e-07
6.179103593240142800e-07
0.000000000000000000e+00
3.892537279170937836e-07
0.000000000000000000e+00
0.000000000000000000e+00
1.701511536111866008e-07
3.583019747566140722e-07
6.040724542799580377e-07
8.970105547234652477e-09
0.000000000000000000e+00
2.490310464509093435e-07
0.000000000000000000e+00
0.000000000000000000e+00
2.740709703630272998e-07
1.260312387785234023e-07
0.000000000000000000e+00
1.327150584984337911e-07
4.484331517229378505e-10
0.000000000000000000e+00
0.000000000000000000e+00
0.000000000000000000e+00
8.853238142592090298e-09
0.000000000000000000e+00
0.000000000000000000e+00
1.192426157814452381e-10
0.000000000000000000e+00
5.779889455936881859e-09
0.000000000000000000e+00
0.000000000000000000e+00
0.000000000000000000e+00
0.000000000000000000e+00
0.000000000000000000e+00
8.667718702781712636e-07
2.204105821468349546e-12
7.714935890135166119e-08
1.412886962981474426e-08
5.697792015979530333e-09
4.380217433208599687e-07
0.000000000000000000e+00
7.167121118811792257e-09
0.000000000000000000e+00
2.670966559037424304e-08
1.849513542317993142e-09
1.696950668872432288e-08
0.000000000000000000e+00
0.000000000000000000e+00
1.750504452502354980e-08
4.414636656235870760e-09
2.228687101535342663e-08
0.000000000000000000e+00
1.235489710538217878e-09
0.000000000000000000e+00
1.144667383101705127e-08
0.000000000000000000e+00
3.744001446648326237e-07
1.869993411673931405e-06
0.000000000000000000e+00
4.409952225614688359e-08
7.877936525346740382e-08
8.449974586710595759e-08
2.274455823680909816e-08
8.263167927680115099e-08
2.093819517767769867e-07
1.427650886398623697e-06
1.028493215926573612e-06
7.656386635801482043e-09
6.551504583285350236e-08
3.257889318319939775e-07
2.247202957050831174e-07
4.732382308247906622e-08
1.579619777203333797e-07
4.280791188193688868e-08
5.768644086856511422e-07
1.258721908925508615e-07
1.360118631055229343e-07
8.578890628996305168e-07
0.000000000000000000e+00
5.571406447302251763e-08
4.605059444884318509e-08
5.199098929153933568e-09
8.420044395052173059e-08
7.234914534137715236e-08
3.290819006185330409e-10
1.346391054202200621e-10
8.334220069627917837e-07
1.807936769182560965e-06
0.000000000000000000e+00
2.635399027894891333e-07
1.204079946859337724e-08
1.830188800511223235e-08
1.432953844471285265e-08
2.151292122221093450e-08
3.615475030471770879e-09
0.000000000000000000e+00
6.882689529419394603e-09
3.369954537646435710e-09
9.240598046744707972e-07
2.419636302875005640e-06
0.000000000000000000e+00
0.000000000000000000e+00
0.000000000000000000e+00
2.509729938537930138e-06
2.774981078257354739e-10
6.558606742146366742e-07
0.000000000000000000e+00
0.000000000000000000e+00
5.059991869948987642e-10
1.697276208467712877e-09
1.632329293954626337e-08
9.298673830926418304e-09
0.000000000000000000e+00
0.000000000000000000e+00
0.000000000000000000e+00
0.000000000000000000e+00
1.110790748271028860e-08
0.000000000000000000e+00
0.000000000000000000e+00
0.000000000000000000e+00
0.000000000000000000e+00
0.000000000000000000e+00
0.000000000000000000e+00
0.000000000000000000e+00
1.361123547205522755e-09
3.173373563924997143e-09
1.471913813055891751e-09
0.000000000000000000e+00
8.784791134530678391e-07
6.288131820797460136e-11
1.533841109679912051e-11
7.397566559319557200e-09
1.691496862576968851e-07
7.862764661581422843e-09
2.291126843800839197e-09
1.679487411365698790e-07
8.142288265844399575e-08
0.000000000000000000e+00
1.077786415670800579e-09
2.643410823566227918e-07
0.000000000000000000e+00
0.000000000000000000e+00
0.000000000000000000e+00
0.000000000000000000e+00
9.445815685182878951e-09
8.005561213941803089e-10
2.147038458133465610e-07
0.000000000000000000e+00
1.125686594605213031e-06
2.869473547661982593e-08
6.309349487310100812e-09
0.000000000000000000e+00
1.401448344040545635e-06
2.080635219670057268e-08
0.000000000000000000e+00
0.000000000000000000e+00
7.978028015998006595e-09
0.000000000000000000e+00
0.000000000000000000e+00
2.904950502369274545e-09
0.000000000000000000e+00
0.000000000000000000e+00
0.000000000000000000e+00
7.376166788475302383e-09
1.970109408944153984e-08
0.000000000000000000e+00
0.000000000000000000e+00
0.000000000000000000e+00
0.000000000000000000e+00
0.000000000000000000e+00
9.700284131497483031e-09
1.466867018962147995e-07
7.788642619743768591e-09
6.694691911945938045e-09
3.265731493229395710e-06
0.000000000000000000e+00
1.471292193855333608e-06
0.000000000000000000e+00
1.280972128370194696e-08
3.950797911045356159e-09
0.000000000000000000e+00
0.000000000000000000e+00
1.473144362051925782e-08
0.000000000000000000e+00
0.000000000000000000e+00
0.000000000000000000e+00
1.700390157566289417e-06
0.000000000000000000e+00
0.000000000000000000e+00
0.000000000000000000e+00
2.470737614501672397e-09
0.000000000000000000e+00
0.000000000000000000e+00
3.326355302313288576e-10
9.713888582396634774e-10
0.000000000000000000e+00
1.864831844500258740e-09
5.890076759662576933e-10
3.339778231747914106e-06
2.057758621276661870e-07
1.744526514357858105e-07
5.236936573282946483e-08
3.586050752346636727e-06
3.186232788721099496e-07
3.895954421295755310e-07
1.440220276371917407e-09
1.414842074609623523e-07
1.064944808604195714e-05
0.000000000000000000e+00
3.983562990583777719e-08
1.554038107087762910e-07
1.079234380085836165e-06
8.236121402660501190e-07
9.345643547931103967e-08
3.832349648291710764e-06
4.899958980786323082e-07
2.840488733113488706e-09
1.029799705065670423e-06
2.459335668447693024e-08
1.274799217299005250e-07
2.328640036353135656e-08
5.540405823012406472e-08
0.000000000000000000e+00
5.019250570725830585e-10
1.033923058280095120e-09
1.984171149160829373e-06
1.036748731308989591e-08
2.561200318496048567e-08
1.769261359640950104e-08
5.983905992934523965e-08
0.000000000000000000e+00
1.297517560061578479e-08
0.000000000000000000e+00
2.530743472561880480e-07
2.735629777816939168e-06
1.185359366218108335e-07
8.577393906250563305e-09
3.300064861377904890e-07
1.082130426932614853e-10
2.466667980982606423e-10
9.978114688669048604e-12
0.000000000000000000e+00
1.385750181270850589e-08
0.000000000000000000e+00
7.932682954958636401e-09
0.000000000000000000e+00
0.000000000000000000e+00
6.115348671897891109e-09
0.000000000000000000e+00
1.346204037133702514e-08
9.554908864117805933e-09
0.000000000000000000e+00
3.271622306399990521e-09
1.345217583548219409e-06
3.376111976649553981e-07
1.310850317182143954e-09
8.258561834395550250e-09
1.048946152160112888e-09
2.078351596726535355e-13
1.069387911556418658e-09
0.000000000000000000e+00
0.000000000000000000e+00
4.815889909082216036e-09
0.000000000000000000e+00
0.000000000000000000e+00
4.346096318386116764e-07
2.603493669539602706e-07
0.000000000000000000e+00
7.758095307508483529e-06
7.531222934176184935e-08
1.023834883540075680e-07
0.000000000000000000e+00
0.000000000000000000e+00
0.000000000000000000e+00
0.000000000000000000e+00
5.255129735814989544e-07
0.000000000000000000e+00
0.000000000000000000e+00
4.401485842464580855e-09
0.000000000000000000e+00
0.000000000000000000e+00
0.000000000000000000e+00
0.000000000000000000e+00
5.623441712288013150e-10
4.722810142965272462e-09
0.000000000000000000e+00
7.719069272660306069e-10
0.000000000000000000e+00
0.000000000000000000e+00
9.323271932260013273e-09
1.870303689699426286e-09
5.472228448155647129e-09
1.021279172341849062e-09
0.000000000000000000e+00
0.000000000000000000e+00
0.000000000000000000e+00
4.342237236443224901e-09
0.000000000000000000e+00
1.306296404379736487e-09
5.203700137457190067e-09
0.000000000000000000e+00
2.745630632572382268e-11
0.000000000000000000e+00
5.899771782225116112e-09
1.782524634563742438e-07
0.000000000000000000e+00
3.773910073334718618e-09
6.729519719250731669e-10
6.790701334580262483e-10
2.853041891626162396e-08
0.000000000000000000e+00
0.000000000000000000e+00
0.000000000000000000e+00
0.000000000000000000e+00
0.000000000000000000e+00
0.000000000000000000e+00
2.507000772311585024e-06
3.152647032322875020e-10
0.000000000000000000e+00
0.000000000000000000e+00
0.000000000000000000e+00
0.000000000000000000e+00
6.776398886465528903e-10
1.375779490331296984e-09
0.000000000000000000e+00
0.000000000000000000e+00
8.343070678762387615e-11
0.000000000000000000e+00
1.573727814729863894e-08
1.584265274523488642e-09
2.491800614734529518e-07
3.264085224330415258e-09
6.944386768736876547e-06
1.763200696558442360e-09
0.000000000000000000e+00
0.000000000000000000e+00
1.481233425693062600e-06
1.205444505103514530e-06
1.234955249174163328e-07
3.531069410200871062e-07
1.181047082354780287e-07
3.530566573317628354e-06
6.086725079512689263e-07
2.071662308367194782e-08
1.818731760749869864e-07
1.903249767565284856e-06
5.921065621805610135e-06
9.740382805878411432e-11
1.764563307915523183e-06
5.834983052288578165e-10
0.000000000000000000e+00
4.078979429777973564e-07
7.878990793130924430e-09
2.917103358868189389e-08
9.386625920981828131e-10
1.347519962280330219e-08
2.017692901645773418e-09
6.886602399447383505e-09
5.958426640972902533e-09
6.949181230453405078e-09
1.961520297300012317e-07
2.671948209354013670e-07
8.147268415470421132e-10
6.738635960346073261e-08
4.629180523352260934e-07
4.184275326224451419e-08
0.000000000000000000e+00
0.000000000000000000e+00
1.659205395299068186e-06
7.464482365548974485e-09
4.352351368197560078e-07
8.008673830772750080e-07
0.000000000000000000e+00
9.623569496852724114e-09
0.000000000000000000e+00
0.000000000000000000e+00
6.703406597807770595e-06
1.792715487169971311e-08
4.422257282588049065e-10
0.000000000000000000e+00
2.722065062243927969e-07
0.000000000000000000e+00
1.035680043059983291e-06
1.774671005705386051e-07
3.593563446813163864e-09
2.247533936738932425e-09
3.721595948080747007e-11
8.230190360336564481e-07
6.373772343248873540e-11
0.000000000000000000e+00
3.322578601139269949e-10
2.344084482075459164e-09
0.000000000000000000e+00
2.015089648921275511e-06
0.000000000000000000e+00
0.000000000000000000e+00
4.324375311171024805e-07
6.169670108135960618e-09
2.692412515159503528e-08
3.158023176297319878e-09
3.020567573841503872e-09
0.000000000000000000e+00
3.127885062070845379e-09
3.508781674099736847e-07
0.000000000000000000e+00
8.242769244937164785e-10
9.534336875560711633e-09
2.130918358433930848e-10
1.270091920524407669e-09
0.000000000000000000e+00
0.000000000000000000e+00
5.612753817274551693e-09
2.306734359081019647e-08
6.945038988348528619e-10
6.759699910929839461e-09
2.291963702161226024e-10
0.000000000000000000e+00
0.000000000000000000e+00
2.447826163987087966e-09
0.000000000000000000e+00
0.000000000000000000e+00
7.623853548466286156e-09
2.098923914672923274e-07
0.000000000000000000e+00
0.000000000000000000e+00
0.000000000000000000e+00
1.921968362239567796e-09
2.694702905259305226e-09
0.000000000000000000e+00
4.373418516223637198e-09
1.525182646844314149e-09
0.000000000000000000e+00
2.561230560971239356e-09
3.771983614342389046e-09
4.534788988763693851e-09
0.000000000000000000e+00
0.000000000000000000e+00
0.000000000000000000e+00
0.000000000000000000e+00
0.000000000000000000e+00
0.000000000000000000e+00
0.000000000000000000e+00
4.395882768903902615e-09
0.000000000000000000e+00
0.000000000000000000e+00
2.248667252402469785e-09
2.638235052643267409e-08
0.000000000000000000e+00
3.332010445333821735e-09
2.046064206950859443e-09
7.772142041062579665e-09
0.000000000000000000e+00
2.486726158323904201e-09
0.000000000000000000e+00
2.863155712518050677e-09
8.587923261416108289e-09
0.000000000000000000e+00
0.000000000000000000e+00
3.379939661485309443e-09
3.808620618883651332e-08
0.000000000000000000e+00
0.000000000000000000e+00
7.619819705761976536e-12
0.000000000000000000e+00
0.000000000000000000e+00
1.735435795069406595e-08
0.000000000000000000e+00
0.000000000000000000e+00
3.235320036765187979e-06
1.202533850275244731e-09
0.000000000000000000e+00
1.978528008095281621e-09
7.872463098079762744e-11
0.000000000000000000e+00
2.437241448660643073e-07
3.188001418408248355e-09
4.238832063130359984e-10
0.000000000000000000e+00
6.273536357070952363e-09
5.806404601571557578e-08
1.722744169541101655e-09
7.580671201878885768e-09
2.507533203299772140e-08
1.185307052509187997e-08
7.618609174642188009e-07
2.709911406384435395e-09
8.763767489483598183e-09
6.914696086823823862e-07
8.601938716878976265e-09
4.458704268017754657e-07
6.066326108111752546e-09
0.000000000000000000e+00
5.476701403495098930e-07
1.652757646297686733e-06
1.523708021977654425e-07
0.000000000000000000e+00
1.698022522589326400e-08
1.146276851216043724e-09
2.347414920222945511e-06
6.725815637764753774e-07
0.000000000000000000e+00
1.100016744359777476e-09
1.082341668734443374e-06
8.484760201099561527e-07
1.036372694329656952e-07
5.188348495721584186e-06
1.209958497838670155e-07
5.801791758131003007e-08
1.898724022453279758e-08
3.087714617322490085e-07
3.092859524045366015e-09
7.388235356842187684e-09
8.494507710565812886e-07
1.636269217897279304e-07
8.894593395147865067e-10
7.375018640232156031e-08
4.719272439501764893e-08
4.510583551109448308e-08
4.092444161329922281e-09
1.535694593712833012e-07
5.818766268816943921e-08
1.531372667562536094e-10
1.494345269748009741e-07
7.993991744115191977e-07
2.611415368392044911e-07
8.463470635433623102e-08
0.000000000000000000e+00
6.223659365645062280e-10
1.413149129803059623e-05
2.088631418928343919e-07
1.120782371799577959e-06
3.970979378209449351e-06
3.376531765297841048e-08
2.281695117289928021e-07
2.023830880659716058e-09
0.000000000000000000e+00
1.904508337702282006e-07
0.000000000000000000e+00
5.805391278812521705e-09
7.465149565177853219e-08
3.850545908790081739e-07
0.000000000000000000e+00
8.910973292586277239e-07
2.565138146337631042e-08
8.442562915433882154e-08
5.149873913978808559e-07
8.554953723205471761e-08
0.000000000000000000e+00
0.000000000000000000e+00
1.339642722086864524e-06
5.955020476733352552e-09
1.266218419004871976e-08
0.000000000000000000e+00
0.000000000000000000e+00
7.288908365765678354e-10
9.161409963986955063e-10
1.688610723249439616e-06
1.208987754353074706e-07
4.965245548049779245e-09
1.773196203203042387e-07
5.635751421095847036e-09
1.791359949265824980e-08
6.589209533558459952e-08
1.087188739035127583e-08
0.000000000000000000e+00
0.000000000000000000e+00
0.000000000000000000e+00
6.294889942637382774e-09
0.000000000000000000e+00
6.631358218101013335e-08
1.043180546389521623e-07
0.000000000000000000e+00
0.000000000000000000e+00
5.041901118829628103e-09
0.000000000000000000e+00
1.063909627063708285e-09
0.000000000000000000e+00
0.000000000000000000e+00
0.000000000000000000e+00
0.000000000000000000e+00
0.000000000000000000e+00
3.251541258464385464e-08
2.082673944414636935e-08
6.828426268867815452e-09
6.306545685674791457e-08
0.000000000000000000e+00
0.000000000000000000e+00
1.990275944052655177e-09
1.547252104217022861e-09
8.399359430200092902e-09
7.188842232608294580e-08
3.268600112793507151e-10
0.000000000000000000e+00
2.161290240110247396e-06
2.724307890389354725e-08
3.625314093369524926e-08
2.381065655754355248e-08
4.182417612241806637e-08
2.191169201637421793e-08
9.944820078544580610e-09
1.215438487633946352e-06
1.377752596454229206e-07
6.022720100418155198e-08
3.187353809705473218e-12
1.533899052219567238e-07
6.919641464264714159e-07
6.310541422749338381e-09
7.697544823770385847e-09
2.035212673945352435e-07
7.705717735007056035e-07
1.312713209244975587e-07
1.552654183001322963e-08
9.542620205138518941e-08
1.716612629820701841e-08
1.439302987904511610e-08
4.135261406190693378e-06
7.051661299328770838e-08
1.122664230024383869e-06
5.134936387207744701e-08
9.843922121888226684e-09
3.071933463161258260e-08
3.681523530474350991e-09
1.045295938695289806e-08
4.441805812049892666e-10
5.302760541781026404e-07
7.696081993913139740e-09
1.780164495812641690e-07
2.746988192470212198e-09
8.246953814294855079e-11
4.283161914031552442e-08
7.023423509444626234e-10
4.083434816948283697e-07
3.171317652927996278e-09
2.840192081521308864e-09
4.971272460352338385e-07
0.000000000000000000e+00
1.727522516148383147e-07
7.698649717724492803e-09
2.352405026329051907e-08
0.000000000000000000e+00
2.080866501330547180e-08
4.367325612264494339e-09
6.173603196657495573e-06
5.546595005512244825e-08
2.546017974225378566e-08
4.486130356085027415e-10
0.000000000000000000e+00
0.000000000000000000e+00
0.000000000000000000e+00
1.759580259275139724e-10
1.729048335619154386e-07
2.122859754649653041e-08
0.000000000000000000e+00
8.614926549910251197e-09
9.803169405131484382e-07
9.367052911102291546e-09
7.019120573659165530e-08
8.070253443293040618e-08
6.885917613885794708e-09
0.000000000000000000e+00
8.429855569147548522e-08
3.447882257479051304e-10
0.000000000000000000e+00
0.000000000000000000e+00
0.000000000000000000e+00
0.000000000000000000e+00
7.635977681275107898e-07
0.000000000000000000e+00
0.000000000000000000e+00
0.000000000000000000e+00
4.671850128978860539e-10
0.000000000000000000e+00
0.000000000000000000e+00
4.394379526928560153e-09
1.337003254775481764e-07
0.000000000000000000e+00
0.000000000000000000e+00
2.982758928737894166e-07
0.000000000000000000e+00
0.000000000000000000e+00
0.000000000000000000e+00
5.428841021171137982e-08
6.328260138133146029e-09
2.642816854248053460e-09
5.186984175509223860e-10
3.295935968594676524e-09
1.333751775689506758e-08
7.467467755262191531e-10
1.662567722382490842e-10
5.419159343489354796e-09
4.096446792889452126e-10
0.000000000000000000e+00
0.000000000000000000e+00
0.000000000000000000e+00
5.037796846352193825e-09
9.138362067062644201e-09
7.077484376338816219e-09
5.381813394933487871e-08
0.000000000000000000e+00
2.892759122519183990e-11
0.000000000000000000e+00
0.000000000000000000e+00
0.000000000000000000e+00
2.342705300861780415e-07
2.191247738814183776e-10
1.330267229704418241e-09
1.921233172552661017e-09
1.757421153047999951e-10
0.000000000000000000e+00
4.006158738079079740e-10
0.000000000000000000e+00
0.000000000000000000e+00
2.266951014462392777e-06
0.000000000000000000e+00
0.000000000000000000e+00
0.000000000000000000e+00
0.000000000000000000e+00
0.000000000000000000e+00
3.184162655767153183e-10
2.042512603495083567e-09
6.358410686857496330e-09
1.429164342425792711e-09
0.000000000000000000e+00
1.155221474036238760e-09
0.000000000000000000e+00
0.000000000000000000e+00
0.000000000000000000e+00
1.822348799640494121e-10
1.009839656340716374e-09
4.666543818032664603e-10
3.813553473008823858e-09
0.000000000000000000e+00
0.000000000000000000e+00
0.000000000000000000e+00
0.000000000000000000e+00
0.000000000000000000e+00
0.000000000000000000e+00
0.000000000000000000e+00
7.561085979546078306e-09
6.534457419604677852e-10
0.000000000000000000e+00
0.000000000000000000e+00
0.000000000000000000e+00
0.000000000000000000e+00
0.000000000000000000e+00
0.000000000000000000e+00
0.000000000000000000e+00
0.000000000000000000e+00
0.000000000000000000e+00
0.000000000000000000e+00
0.000000000000000000e+00
0.000000000000000000e+00
0.000000000000000000e+00
0.000000000000000000e+00
0.000000000000000000e+00
0.000000000000000000e+00
0.000000000000000000e+00
1.340628275059430052e-09
0.000000000000000000e+00
0.000000000000000000e+00
0.000000000000000000e+00
0.000000000000000000e+00
7.360008602574907854e-09
0.000000000000000000e+00
0.000000000000000000e+00
0.000000000000000000e+00
0.000000000000000000e+00
0.000000000000000000e+00
3.586564156776717027e-09
0.000000000000000000e+00
3.751731814105596641e-09
0.000000000000000000e+00
4.369127282188856043e-09
9.557898743295378807e-12
2.718338332208247721e-10
4.819346255402479073e-09
0.000000000000000000e+00
0.000000000000000000e+00
0.000000000000000000e+00
0.000000000000000000e+00
2.548699029603085364e-09
0.000000000000000000e+00
0.000000000000000000e+00
0.000000000000000000e+00
0.000000000000000000e+00
0.000000000000000000e+00
8.423194586271165463e-09
0.000000000000000000e+00
0.000000000000000000e+00
0.000000000000000000e+00
0.000000000000000000e+00
0.000000000000000000e+00
1.306590775129734538e-06
0.000000000000000000e+00
1.029168084087928037e-09
0.000000000000000000e+00
0.000000000000000000e+00
6.349333059318951200e-09
3.499699460007832386e-06
8.417817554118300905e-09
0.000000000000000000e+00
0.000000000000000000e+00
0.000000000000000000e+00
2.273447208267498354e-09
0.000000000000000000e+00
0.000000000000000000e+00
0.000000000000000000e+00
0.000000000000000000e+00
2.297758205926925257e-09
0.000000000000000000e+00
0.000000000000000000e+00
0.000000000000000000e+00
0.000000000000000000e+00
3.196509057445950930e-09
0.000000000000000000e+00
0.000000000000000000e+00
0.000000000000000000e+00
0.000000000000000000e+00
0.000000000000000000e+00
1.607268762526814498e-09
0.000000000000000000e+00
0.000000000000000000e+00
0.000000000000000000e+00
0.000000000000000000e+00
0.000000000000000000e+00
1.964460261127953800e-10
0.000000000000000000e+00
0.000000000000000000e+00
0.000000000000000000e+00
0.000000000000000000e+00
1.539816274487293413e-08
0.000000000000000000e+00
0.000000000000000000e+00
9.058801708761166083e-09
7.226020226624996212e-09
0.000000000000000000e+00
0.000000000000000000e+00
1.170596330979378763e-08
2.330894858459942043e-06
1.209320310557870926e-09
1.710643016128443605e-10
8.656763306191805896e-09
6.115553619068236912e-10
8.118277605717594270e-09
0.000000000000000000e+00
7.910714860948075966e-10
1.687292083829561307e-08
9.214012663960602367e-09
4.716123047643350219e-09
8.109007865186868003e-08
9.989084048811491812e-08
7.385697387007894577e-08
3.265577959155052667e-07
6.245831940532298177e-08
3.257292178204806987e-07
2.929148763541888911e-07
1.091146373255469371e-08
1.194183596453513019e-07
6.684889797270443523e-08
2.481202727722120471e-06
8.209161137529008556e-07
3.419584970743017038e-07
4.558754795880304300e-08
4.342018758429766478e-11
4.475279524740471970e-08
1.290071907078527147e-07
6.246271833099115156e-10
1.703913099504461570e-08
2.470649107522149279e-08
7.417558123279377469e-08
8.010806595848407596e-08
7.868528051346856955e-09
6.027973142863629619e-08
1.338326001132372767e-07
1.370482483054047407e-08
4.029518407833165838e-08
6.403283805411774665e-07
4.354445763965486549e-07
7.061176461320428643e-07
5.320494267380126985e-09
7.324342021775009925e-08
1.633836177461489569e-06
2.424857541427627439e-07
2.368570221733534709e-06
9.997154493124327246e-11
1.076267253097284993e-08
7.706190352507746866e-09
3.182276486768387258e-07
4.203458274787408300e-07
0.000000000000000000e+00
9.831677516558556817e-08
1.041288122394234961e-08
3.372001788903844499e-09
0.000000000000000000e+00
7.698962356528227247e-09
9.191364256366796326e-07
8.400004025688190268e-10
0.000000000000000000e+00
0.000000000000000000e+00
3.354528743670925905e-08
8.126239958716752199e-11
1.506540225904018371e-09
0.000000000000000000e+00
8.060026424061561556e-09
2.548224813381239073e-07
0.000000000000000000e+00
0.000000000000000000e+00
0.000000000000000000e+00
0.000000000000000000e+00
6.545831876536567506e-09
0.000000000000000000e+00
2.185160923318107962e-07
0.000000000000000000e+00
1.118701334235083777e-06
0.000000000000000000e+00
0.000000000000000000e+00
3.224459033113191708e-10
0.000000000000000000e+00
0.000000000000000000e+00
0.000000000000000000e+00
0.000000000000000000e+00
0.000000000000000000e+00
0.000000000000000000e+00
4.036054823686185955e-10
0.000000000000000000e+00
0.000000000000000000e+00
0.000000000000000000e+00
0.000000000000000000e+00
8.231755721510580770e-09
4.580378742957691429e-09
4.221153204753136379e-09
1.015790715430675561e-10
8.005351936901661247e-09
0.000000000000000000e+00
3.608072507432780185e-09
0.000000000000000000e+00
0.000000000000000000e+00
3.805021151492837816e-06
0.000000000000000000e+00
0.000000000000000000e+00
7.022676413726003375e-07
3.986907692876684450e-09
1.271808880431990474e-08
2.824290357139602747e-09
3.299184569982571702e-08
1.083181211392059140e-09
8.827075070882983709e-09
4.998983627046982292e-07
0.000000000000000000e+00
0.000000000000000000e+00
0.000000000000000000e+00
3.083908683976233078e-09
0.000000000000000000e+00
0.000000000000000000e+00
0.000000000000000000e+00
0.000000000000000000e+00
0.000000000000000000e+00
0.000000000000000000e+00
4.228499772551685965e-09
0.000000000000000000e+00
8.812490737142297803e-10
0.000000000000000000e+00
0.000000000000000000e+00
0.000000000000000000e+00
0.000000000000000000e+00
1.245154201967579866e-09
0.000000000000000000e+00
7.437767762796809734e-11
0.000000000000000000e+00
5.677767589418181160e-09
1.921767278645347687e-07
4.583320674100832548e-07
5.354229415388545021e-08
8.641855231417139294e-09
9.828311249293619767e-07
0.000000000000000000e+00
2.284986976519576274e-06
0.000000000000000000e+00
0.000000000000000000e+00
0.000000000000000000e+00
0.000000000000000000e+00
0.000000000000000000e+00
0.000000000000000000e+00
0.000000000000000000e+00
0.000000000000000000e+00
0.000000000000000000e+00
7.478085706225101603e-09
0.000000000000000000e+00
0.000000000000000000e+00
1.688272077693397932e-09
0.000000000000000000e+00
0.000000000000000000e+00
2.584708225228382616e-09
3.866126974116923520e-09
1.440985109013581678e-09
6.664635510134075957e-09
3.538818305059976410e-07
1.240983067418710561e-07
9.725297012153077958e-09
5.805689262672331097e-09
2.403162291386706784e-08
0.000000000000000000e+00
1.644229286057452555e-08
8.128143491603623261e-09
1.407435057387829147e-09
0.000000000000000000e+00
3.744425047802479867e-10
1.347598157508400618e-07
8.719415944824504550e-08
0.000000000000000000e+00
0.000000000000000000e+00
2.915919949941780942e-08
9.538789202956365898e-11
0.000000000000000000e+00
1.038009941112250090e-06
9.546117674119614094e-09
3.645713377409265377e-06
2.458192760457222903e-09
7.583499161967210966e-09
1.028249818624260570e-09
1.859834551989902884e-12
3.318697281429194845e-07
2.117239543408810931e-11
7.516056221845701657e-09
7.999769877642393112e-07
7.448475258797770948e-08
1.255369808106365781e-09
1.952232224766703439e-07
0.000000000000000000e+00
9.624607173464028165e-07
4.344742787765198955e-09
2.507927661099529359e-07
6.592143222405866254e-07
7.315393291129623776e-10
1.199539356733225759e-09
9.106710052719790838e-09
1.004695082684747831e-08
8.089782177478355152e-09
1.232514867943734771e-09
1.666014104451107869e-09
2.281658417757626012e-09
1.002670835248409276e-09
6.879178893193227395e-10
2.081308736467946119e-10
6.484439374343509144e-11
1.207066588904126547e-07
2.322042746527586132e-06
5.033393790654372424e-08
0.000000000000000000e+00
1.460263376884540776e-07
7.715535765839831583e-09
3.281057843196322210e-06
1.854396358691445812e-10
8.498838854897883266e-10
2.618749384009078085e-10
6.462273915985861095e-08
0.000000000000000000e+00
1.008850558648077822e-09
1.346694773474155227e-07
0.000000000000000000e+00
6.538185175486432854e-07
1.297921592424700066e-08
3.978732454612554648e-09
0.000000000000000000e+00
0.000000000000000000e+00
2.284495081994464272e-08
0.000000000000000000e+00
0.000000000000000000e+00
0.000000000000000000e+00
0.000000000000000000e+00
0.000000000000000000e+00
1.330888554917919464e-08
0.000000000000000000e+00
1.678790662040796633e-09
5.266877565190952737e-07
0.000000000000000000e+00
0.000000000000000000e+00
0.000000000000000000e+00
0.000000000000000000e+00
0.000000000000000000e+00
0.000000000000000000e+00
0.000000000000000000e+00
7.805497581614417868e-09
1.932948662242139903e-10
0.000000000000000000e+00
0.000000000000000000e+00
1.799735116492229281e-08
0.000000000000000000e+00
2.640559770838990516e-09
0.000000000000000000e+00
0.000000000000000000e+00
0.000000000000000000e+00
0.000000000000000000e+00
0.000000000000000000e+00
0.000000000000000000e+00
0.000000000000000000e+00
1.569518515154300076e-09
0.000000000000000000e+00
0.000000000000000000e+00
0.000000000000000000e+00
0.000000000000000000e+00
4.372537332208992211e-10
9.416491586478059617e-09
3.749771326777562308e-10
6.468435120865478893e-09
4.136749165439823628e-09
0.000000000000000000e+00
4.382482918230401481e-11
0.000000000000000000e+00
0.000000000000000000e+00
2.415135036404336688e-10
0.000000000000000000e+00
1.309437891450215830e-09
3.954720106946751912e-09
0.000000000000000000e+00
0.000000000000000000e+00
1.751588740717124892e-08
3.364018619222974849e-09
0.000000000000000000e+00
4.756034286401700228e-06
6.623272241768063395e-08
1.631508084187771601e-08
9.803427403198838874e-09
6.256333673348990487e-09
2.899413686918705935e-07
0.000000000000000000e+00
0.000000000000000000e+00
0.000000000000000000e+00
0.000000000000000000e+00
0.000000000000000000e+00
0.000000000000000000e+00
0.000000000000000000e+00
4.871091530134208369e-09
5.373016733756230678e-07
0.000000000000000000e+00
0.000000000000000000e+00
4.774784123640074540e-09
0.000000000000000000e+00
0.000000000000000000e+00
0.000000000000000000e+00
0.000000000000000000e+00
0.000000000000000000e+00
0.000000000000000000e+00
0.000000000000000000e+00
0.000000000000000000e+00
0.000000000000000000e+00
0.000000000000000000e+00
4.935491126900615200e-09
7.586671568748926120e-11
7.262423196152667515e-07
0.000000000000000000e+00
3.930813896602103341e-09
1.429348639447880487e-09
6.704234389864893728e-11
9.904440823049753817e-09
0.000000000000000000e+00
0.000000000000000000e+00
0.000000000000000000e+00
1.578978614524828572e-09
0.000000000000000000e+00
0.000000000000000000e+00
1.024004703253922344e-08
8.691311137454249547e-08
0.000000000000000000e+00
0.000000000000000000e+00
2.236892804319268180e-08
0.000000000000000000e+00
0.000000000000000000e+00
0.000000000000000000e+00
0.000000000000000000e+00
0.000000000000000000e+00
6.856335499350052487e-09
3.190226083304992244e-09
0.000000000000000000e+00
7.254988165783515797e-09
0.000000000000000000e+00
0.000000000000000000e+00
8.291748621047645429e-09
1.415006600780088775e-08
0.000000000000000000e+00
0.000000000000000000e+00
6.935900187521326643e-10
5.478771214484368102e-08
5.224080279475629141e-09
0.000000000000000000e+00
0.000000000000000000e+00
6.876546887468748537e-09
0.000000000000000000e+00
0.000000000000000000e+00
0.000000000000000000e+00
5.517444723324160805e-09
0.000000000000000000e+00
0.000000000000000000e+00
5.004043401868329966e-09
2.238365569284805900e-11
0.000000000000000000e+00
0.000000000000000000e+00
8.081996405451263854e-09
7.489621145495561905e-10
1.511396341413728805e-09
5.302390970740589182e-09
6.617358661031857991e-09
1.050345851960621246e-10
3.438588302984157963e-10
9.140211254532459861e-09
4.663542885197102805e-10
1.322403818448947277e-06
2.384633290830606711e-08
1.470959745120126172e-07
1.520378134500788292e-08
1.365564685329445638e-06
2.413678590329482176e-09
0.000000000000000000e+00
2.258622544104582630e-06
3.131588499627468991e-08
2.601637660859523749e-08
3.132666903660208391e-10
0.000000000000000000e+00
2.171853310528604197e-07
3.101932599669510182e-11
3.050069707910552097e-08
9.269110137211100664e-07
1.196880461407090479e-08
1.253755613106477540e-06
1.648637777407202520e-07
5.763521659929438101e-09
1.230473856139724376e-07
5.764758115311963138e-10
3.170663092078029877e-07
1.534654927581868833e-07
3.494087508215670823e-08
1.101458622088102857e-07
4.210028237139340490e-06
3.572995510570109445e-10
1.078950546684609435e-07
1.446795977244619280e-06
6.730872303961632497e-09
1.096006285727924023e-09
8.017777872737497091e-07
0.000000000000000000e+00
8.191062411677663135e-11
7.949473079804647568e-09
2.240335383874025865e-08
1.781482161788972007e-08
5.758271637290590661e-09
8.819552732575175469e-08
3.710168172688099730e-08
1.609493693877084297e-07
4.671605768891140542e-09
7.584678662908572733e-09
5.471734244627719790e-14
3.607616250178580231e-08
3.378704320766701130e-07
0.000000000000000000e+00
1.261023951926176778e-09
2.909402441186870192e-10
1.841850405526201939e-08
6.686879032713477500e-07
3.956222656142927008e-07
2.762479356377411932e-09
0.000000000000000000e+00
4.847745538327785653e-10
0.000000000000000000e+00
3.556466010579129033e-09
0.000000000000000000e+00
1.906834157239245542e-08
8.833892195525550051e-08
0.000000000000000000e+00
0.000000000000000000e+00
5.671526182027264440e-08
0.000000000000000000e+00
1.389933501627638179e-09
0.000000000000000000e+00
0.000000000000000000e+00
2.042690816494996398e-08
3.661303082935774000e-07
0.000000000000000000e+00
3.002621040693043142e-09
1.355672130110008311e-09
7.441546046038638451e-09
1.393208481914598451e-08
7.089434461704513524e-08
2.370829310649469335e-09
1.774816738020490448e-08
5.684023030028129142e-09
2.385085018374866195e-08
3.015002247863662888e-09
7.238682098176241198e-09
2.867340640477777924e-07
3.494265423883979871e-13
8.471348067473627452e-10
9.413313684092372569e-09
5.771691569123049703e-09
0.000000000000000000e+00
0.000000000000000000e+00
2.670345278232844066e-09
0.000000000000000000e+00
6.104009457885695156e-07
0.000000000000000000e+00
0.000000000000000000e+00
1.479702831375107053e-07
0.000000000000000000e+00
2.245140535706013907e-07
3.834516704159796063e-09
4.944326406075560953e-07
4.094230732221149083e-09
0.000000000000000000e+00
3.443060281327348093e-09
2.836656449289876036e-06
0.000000000000000000e+00
0.000000000000000000e+00
3.572117490691084640e-09
2.099542761868633534e-11
2.447868470423220089e-11
2.931365017388998240e-08
1.019680673230993762e-09
0.000000000000000000e+00
5.789177066617412493e-06
0.000000000000000000e+00
7.427563009088089530e-09
0.000000000000000000e+00
1.225452717079633658e-08
0.000000000000000000e+00
0.000000000000000000e+00
0.000000000000000000e+00
0.000000000000000000e+00
4.148087384692189516e-07
8.543893925683221369e-10
0.000000000000000000e+00
7.527588552491693008e-10
1.784033365481718647e-09
5.149090598344230330e-10
1.840811364672845230e-06
1.259148896259887351e-10
1.360899926083902756e-08
5.331185093382373452e-07
9.465047412504645763e-08
9.556054836323824020e-10
4.171381018380770911e-09
2.040049821516731754e-06
7.053868245066041709e-08
4.538125040198792703e-07
2.187747440984821878e-07
4.799889197215634340e-08
6.734413582343279359e-10
5.961585429758997634e-06
4.102835571284657590e-10
3.765939595723466482e-07
1.070264602276438382e-06
6.576714213224477135e-07
4.082713189745845739e-07
4.823670352038789133e-08
1.503780822531552985e-06
4.575876573653658852e-06
5.632980304426382645e-09
7.966926318658806849e-08
1.330664758825150784e-06
2.263129630364346667e-07
1.462024812326490064e-07
1.216468376696866471e-06
1.883519871626049280e-06
2.253492148440727760e-08
5.174672423891024664e-07
9.007833590146674396e-09
1.012602179883970166e-08
4.041048669023439288e-07
1.959229507519921754e-07
9.648491641200962476e-07
6.922314277346686140e-09
7.595576612118293269e-09
1.784851555441946402e-08
1.846601236366041121e-07
5.406720333667180967e-07
1.247589693775807973e-06
7.568642246269519092e-08
2.808508625662398117e-08
0.000000000000000000e+00
1.309496582280189614e-07
5.426692428756041409e-09
5.007515291310937755e-09
9.984499893533893555e-10
1.623622458701845517e-09
8.548531882368592960e-10
9.415949620006358600e-08
0.000000000000000000e+00
1.048525177793635521e-06
0.000000000000000000e+00
1.332400756837159861e-06
4.088258898082841597e-10
1.772237134822773896e-09
1.207143611736682942e-07
0.000000000000000000e+00
0.000000000000000000e+00
0.000000000000000000e+00
0.000000000000000000e+00
0.000000000000000000e+00
0.000000000000000000e+00
0.000000000000000000e+00
0.000000000000000000e+00
0.000000000000000000e+00
2.318276903778837550e-09
7.830077031201199134e-09
0.000000000000000000e+00
0.000000000000000000e+00
0.000000000000000000e+00
0.000000000000000000e+00
0.000000000000000000e+00
0.000000000000000000e+00
0.000000000000000000e+00
2.450784677421324886e-07
0.000000000000000000e+00
0.000000000000000000e+00
0.000000000000000000e+00
0.000000000000000000e+00
2.323417902516666800e-07
7.689124004173208959e-09
0.000000000000000000e+00
0.000000000000000000e+00
0.000000000000000000e+00
0.000000000000000000e+00
0.000000000000000000e+00
3.990243158114026301e-07
5.174257133866433378e-10
0.000000000000000000e+00
2.850138791643530567e-09
0.000000000000000000e+00
0.000000000000000000e+00
0.000000000000000000e+00
0.000000000000000000e+00
0.000000000000000000e+00
0.000000000000000000e+00
0.000000000000000000e+00
0.000000000000000000e+00
0.000000000000000000e+00
0.000000000000000000e+00
0.000000000000000000e+00
4.983196504326770082e-07
0.000000000000000000e+00
6.790767059783320292e-09
0.000000000000000000e+00
1.465189913840703184e-10
0.000000000000000000e+00
0.000000000000000000e+00
0.000000000000000000e+00
1.935634430516586235e-10
8.718306632182759586e-11
0.000000000000000000e+00
1.337817634450289006e-09
6.838883237492154876e-09
1.184702225209832704e-09
6.035637323265063969e-09
8.061149081584062515e-09
0.000000000000000000e+00
8.627973890895646036e-09
7.019984149536639961e-09
9.126824629390739574e-09
3.986103003228436137e-09
5.348761646928323898e-07
0.000000000000000000e+00
0.000000000000000000e+00
6.335874047636025352e-08
2.022469081097710841e-09
0.000000000000000000e+00
1.590994225253439254e-09
0.000000000000000000e+00
0.000000000000000000e+00
0.000000000000000000e+00
4.389681063088346491e-09
3.011280114151304588e-09
0.000000000000000000e+00
8.662496497890970204e-09
0.000000000000000000e+00
0.000000000000000000e+00
0.000000000000000000e+00
0.000000000000000000e+00
0.000000000000000000e+00
0.000000000000000000e+00
0.000000000000000000e+00
0.000000000000000000e+00
0.000000000000000000e+00
9.160891600856757577e-09
0.000000000000000000e+00
0.000000000000000000e+00
1.658720827357740291e-09
0.000000000000000000e+00
8.290558795032154649e-10
0.000000000000000000e+00
0.000000000000000000e+00
3.167814099924726179e-08
2.800160325833189745e-09
0.000000000000000000e+00
0.000000000000000000e+00
6.780168746445269790e-07
0.000000000000000000e+00
0.000000000000000000e+00
0.000000000000000000e+00
0.000000000000000000e+00
9.509808496233063124e-10
0.000000000000000000e+00
0.000000000000000000e+00
0.000000000000000000e+00
0.000000000000000000e+00
0.000000000000000000e+00
0.000000000000000000e+00
2.817760691442572352e-09
7.726643325156601350e-09
0.000000000000000000e+00
7.717888550473617215e-10
0.000000000000000000e+00
0.000000000000000000e+00
1.158566853565190513e-10
0.000000000000000000e+00
0.000000000000000000e+00
0.000000000000000000e+00
0.000000000000000000e+00
9.620803709253777924e-09
0.000000000000000000e+00
2.274076621455733971e-10
4.166828271312539300e-10
0.000000000000000000e+00
0.000000000000000000e+00
0.000000000000000000e+00
0.000000000000000000e+00
6.126826157526465977e-09
0.000000000000000000e+00
0.000000000000000000e+00
0.000000000000000000e+00
0.000000000000000000e+00
0.000000000000000000e+00
0.000000000000000000e+00
5.971035221818965510e-09
9.023136016139687854e-09
6.267512286939336263e-09
4.457693769666093431e-09
2.266651399907004816e-08
9.504028675166864559e-09
1.903088353572002234e-09
0.000000000000000000e+00
9.023096048110801348e-09
9.738924111601932054e-10
0.000000000000000000e+00
3.221925908292178065e-07
3.042923968354926956e-10
6.986714679024785823e-11
0.000000000000000000e+00
2.993616305957402801e-07
2.040234869937762596e-09
1.802044513610212562e-09
6.012822950651752762e-07
9.340890869680151809e-07
4.618830665159556759e-11
8.165394471681963751e-10
1.751125182636315003e-06
1.923740100551185606e-08
9.487987426837207749e-07
1.076874811545280863e-09
2.542928996263071895e-06
1.261973352484346833e-07
4.733350156271853848e-09
1.045116215792063485e-09
2.191609740909150617e-11
1.349478338852350134e-06
5.242054967879994365e-08
8.397967121709370986e-07
1.320757725409293926e-09
5.854260409776657070e-10
2.295430068244286304e-09
1.048793706104333978e-06
1.374418445720948512e-07
1.100558949529428787e-10
1.914727931762172375e-09
7.484555197834197315e-08
7.218180257950734813e-07
9.693415514711034575e-11
5.860112395339456270e-08
3.506467294300819049e-08
3.131160331015792053e-10
6.270102215211181829e-09
5.304467975975057925e-08
2.920273573181475513e-06
3.455984609601614466e-09
2.838646817604484340e-10
0.000000000000000000e+00
0.000000000000000000e+00
0.000000000000000000e+00
2.065929493255680427e-06
0.000000000000000000e+00
6.123678897296258583e-09
0.000000000000000000e+00
1.181405284711445347e-08
4.916456646242295392e-07
0.000000000000000000e+00
0.000000000000000000e+00
7.833337867246825681e-10
0.000000000000000000e+00
0.000000000000000000e+00
0.000000000000000000e+00
1.115148506869445555e-07
0.000000000000000000e+00
0.000000000000000000e+00
8.429287268185703397e-10
0.000000000000000000e+00
0.000000000000000000e+00
0.000000000000000000e+00
0.000000000000000000e+00
0.000000000000000000e+00
0.000000000000000000e+00
0.000000000000000000e+00
0.000000000000000000e+00
0.000000000000000000e+00
0.000000000000000000e+00
0.000000000000000000e+00
8.317269539759308827e-09
7.130091628226864486e-09
0.000000000000000000e+00
0.000000000000000000e+00
0.000000000000000000e+00
0.000000000000000000e+00
5.090400989615773142e-09
0.000000000000000000e+00
0.000000000000000000e+00
0.000000000000000000e+00
6.552181908148213552e-09
0.000000000000000000e+00
0.000000000000000000e+00
4.919373353118317027e-09
0.000000000000000000e+00
0.000000000000000000e+00
0.000000000000000000e+00
8.789707628409360041e-09
0.000000000000000000e+00
0.000000000000000000e+00
3.537216741733573144e-09
0.000000000000000000e+00
0.000000000000000000e+00
0.000000000000000000e+00
0.000000000000000000e+00
0.000000000000000000e+00
9.192784311551349674e-10
0.000000000000000000e+00
3.881725163523697120e-09
0.000000000000000000e+00
0.000000000000000000e+00
0.000000000000000000e+00
7.390266176798832021e-09
0.000000000000000000e+00
0.000000000000000000e+00
9.890304575321806624e-09
0.000000000000000000e+00
0.000000000000000000e+00
1.145433525806538455e-08
3.007802007459758897e-09
1.529387838594686855e-09
1.894075118968885363e-09
1.000652449789640741e-09
2.009851174378241012e-09
2.685675148939026258e-08
0.000000000000000000e+00
4.156305077884780985e-09
9.797407329870111425e-09
4.768627853701801200e-11
3.680980853459914215e-07
3.181037300237221643e-07
6.665835883268300677e-09
6.962639531593595166e-08
6.066053437336904608e-09
3.752047283978043879e-10
5.552064408220758196e-07
3.694129002695945019e-09
9.310016366725903936e-07
2.767387456970027415e-07
2.749683574165828759e-07
1.381962647428736091e-06
7.955423342309586587e-08
6.948001214368559886e-07
1.264319394067570101e-06
1.516030856407724059e-08
8.930566508524862002e-08
1.091275635189958848e-06
1.034539877764473204e-06
1.001166083369753323e-06
4.364372614418243757e-07
3.958290903938177507e-07
1.784387082537364222e-09
1.266974636315865155e-09
0.000000000000000000e+00
1.137888290259070345e-07
1.403666374244494364e-07
7.377491897386789788e-07
7.537211388353171060e-08
1.054153102586496971e-07
6.614918390823731897e-09
1.975438479462354735e-08
5.320512386219888867e-08
0.000000000000000000e+00
3.223752855774364434e-07
2.853514615708263591e-07
0.000000000000000000e+00
1.444492525592977472e-09
1.037454344654520355e-09
4.812974907508760225e-07
7.640478116854865220e-08
7.249397526720713358e-07
3.444440608291188255e-07
7.303022471205622423e-07
7.924613742993358301e-10
0.000000000000000000e+00
2.519628429509257472e-11
2.142331396726149251e-07
0.000000000000000000e+00
2.805053078702712810e-09
0.000000000000000000e+00
0.000000000000000000e+00
0.000000000000000000e+00
1.665570863451648620e-07
0.000000000000000000e+00
1.487013734369213580e-09
3.522611979889234135e-09
3.582842023064358727e-09
0.000000000000000000e+00
0.000000000000000000e+00
0.000000000000000000e+00
0.000000000000000000e+00
0.000000000000000000e+00
0.000000000000000000e+00
8.824252439865176711e-09
0.000000000000000000e+00
0.000000000000000000e+00
0.000000000000000000e+00
5.747243569942384056e-09
0.000000000000000000e+00
1.105816380686519551e-07
0.000000000000000000e+00
0.000000000000000000e+00
0.000000000000000000e+00
0.000000000000000000e+00
0.000000000000000000e+00
0.000000000000000000e+00
1.093535928475830588e-08
0.000000000000000000e+00
0.000000000000000000e+00
0.000000000000000000e+00
0.000000000000000000e+00
3.322388197890546735e-10
0.000000000000000000e+00
0.000000000000000000e+00
0.000000000000000000e+00
0.000000000000000000e+00
0.000000000000000000e+00
0.000000000000000000e+00
7.339882301948819077e-08
0.000000000000000000e+00
7.152054504189209183e-10
2.091787187907812040e-09
1.800294635589949621e-10
0.000000000000000000e+00
4.101092798691752250e-09
2.130859932947259949e-09
6.963178478258669202e-09
0.000000000000000000e+00
3.789551339394847673e-09
6.459642065692605684e-08
2.285239553145856917e-09
6.237628635830105850e-09
1.081718936646325346e-09
0.000000000000000000e+00
0.000000000000000000e+00
5.540525549463382049e-08
0.000000000000000000e+00
0.000000000000000000e+00
0.000000000000000000e+00
3.232500711547459105e-09
0.000000000000000000e+00
2.023108125470685081e-09
0.000000000000000000e+00
1.124888449055561068e-08
0.000000000000000000e+00
1.400103542437136639e-06
9.369643727552556811e-09
0.000000000000000000e+00
0.000000000000000000e+00
9.355829888590960763e-09
2.187634073891331354e-09
1.297717403758724686e-06
0.000000000000000000e+00
0.000000000000000000e+00
0.000000000000000000e+00
0.000000000000000000e+00
3.809051296599363923e-09
1.515172098898176500e-09
0.000000000000000000e+00
0.000000000000000000e+00
0.000000000000000000e+00
0.000000000000000000e+00
0.000000000000000000e+00
1.120984016722559318e-08
0.000000000000000000e+00
9.453260396696805401e-10
1.051897569048776404e-09
6.315003641538252666e-12
2.635488804969554621e-08
0.000000000000000000e+00
0.000000000000000000e+00
0.000000000000000000e+00
6.806649022195188081e-09
0.000000000000000000e+00
0.000000000000000000e+00
0.000000000000000000e+00
2.921542119338482735e-09
0.000000000000000000e+00
4.120758845260752423e-09
0.000000000000000000e+00
0.000000000000000000e+00
0.000000000000000000e+00
0.000000000000000000e+00
0.000000000000000000e+00
7.512265809417328910e-11
0.000000000000000000e+00
8.634977177734981524e-09
0.000000000000000000e+00
0.000000000000000000e+00
4.132123532230025376e-09
0.000000000000000000e+00
0.000000000000000000e+00
0.000000000000000000e+00
1.028287788251702750e-09
0.000000000000000000e+00
0.000000000000000000e+00
0.000000000000000000e+00
0.000000000000000000e+00
0.000000000000000000e+00
0.000000000000000000e+00
9.136827543443359900e-07
2.515753827481148619e-08
1.272701721788394025e-09
8.684213348431057966e-09
1.778711622435480422e-09
1.977930930152638211e-09
1.142472115134296473e-06
1.264821889890299644e-06
4.210293269579779007e-08
4.387361514091026038e-07
4.699045916822797153e-07
2.456639322190312669e-06
6.979360978043303021e-10
2.106239662680309266e-06
3.211670218661311083e-07
3.563378072612977121e-07
8.298322584643358368e-10
2.715653181439847685e-06
2.632814357639290392e-07
3.092899200640708557e-11
6.418150633180630393e-07
1.326977212556812447e-06
2.248028039275595802e-07
1.408735101904312614e-07
6.717829070801428770e-10
2.617076155786435265e-08
3.330613651542080333e-07
2.148934585832762423e-09
1.271501730570889777e-07
0.000000000000000000e+00
5.684667598870873917e-07
8.691055768395017367e-07
3.828802164207445458e-06
8.145112140311994153e-09
0.000000000000000000e+00
6.421685725399584044e-07
1.546979255806490983e-08
1.317656483479368035e-06
9.447759907743602525e-09
1.407552918664123354e-08
5.031647560826968402e-07
1.146855721501083281e-09
5.870509078853558549e-10
2.428601248993800255e-07
4.755167370973367724e-09
1.240510333344602145e-10
0.000000000000000000e+00
8.113235416828956659e-09
9.790185551139529707e-09
5.517460976989241317e-07
1.359350054741526037e-08
6.825524906162172556e-06
4.955126087224925868e-09
0.000000000000000000e+00
0.000000000000000000e+00
0.000000000000000000e+00
0.000000000000000000e+00
3.133238237751356792e-07
0.000000000000000000e+00
0.000000000000000000e+00
0.000000000000000000e+00
0.000000000000000000e+00
4.681452114851936130e-09
0.000000000000000000e+00
0.000000000000000000e+00
0.000000000000000000e+00
0.000000000000000000e+00
4.157098665302783047e-09
0.000000000000000000e+00
0.000000000000000000e+00
8.610683721599343698e-09
4.103163178115210030e-07
4.030384914699425281e-09
5.029806793288571498e-09
0.000000000000000000e+00
0.000000000000000000e+00
0.000000000000000000e+00
0.000000000000000000e+00
3.410416393734294616e-11
7.972684734625090641e-09
0.000000000000000000e+00
0.000000000000000000e+00
1.984326480908293888e-08
0.000000000000000000e+00
0.000000000000000000e+00
0.000000000000000000e+00
3.752054666961157636e-09
0.000000000000000000e+00
2.071932847513835441e-08
0.000000000000000000e+00
0.000000000000000000e+00
0.000000000000000000e+00
0.000000000000000000e+00
0.000000000000000000e+00
0.000000000000000000e+00
1.283396766638134068e-08
1.987613185150394202e-09
6.965113208412532231e-11
8.870258625393034890e-07
1.603815235284855589e-06
0.000000000000000000e+00
8.508976065968454350e-07
2.312211706823052992e-11
9.440398685001127888e-09
0.000000000000000000e+00
1.407224226035452830e-09
0.000000000000000000e+00
0.000000000000000000e+00
0.000000000000000000e+00
0.000000000000000000e+00
0.000000000000000000e+00
0.000000000000000000e+00
0.000000000000000000e+00
0.000000000000000000e+00
1.134542286507222997e-11
0.000000000000000000e+00
8.200609968866956478e-09
0.000000000000000000e+00
0.000000000000000000e+00
0.000000000000000000e+00
0.000000000000000000e+00
2.412792405107055949e-12
4.753203342033884837e-08
7.094809739704999174e-10
2.203204063633279475e-09
6.341660085951161818e-09
2.925158639754954493e-07
0.000000000000000000e+00
0.000000000000000000e+00
6.950690245588475591e-09
0.000000000000000000e+00
0.000000000000000000e+00
6.376269734431616598e-09
0.000000000000000000e+00
0.000000000000000000e+00
1.023881759465439245e-05
0.000000000000000000e+00
0.000000000000000000e+00
0.000000000000000000e+00
0.000000000000000000e+00
0.000000000000000000e+00
8.123496542111752206e-09
0.000000000000000000e+00
0.000000000000000000e+00
7.672407598136032902e-09
0.000000000000000000e+00
0.000000000000000000e+00
1.174533053927007131e-06
0.000000000000000000e+00
0.000000000000000000e+00
5.885173424979850409e-12
0.000000000000000000e+00
4.488165927796217147e-08
1.515523706530075287e-08
4.401053133040733201e-10
1.676854992638254771e-07
3.363433265235471481e-08
2.216724931869071269e-13
4.761298466604557689e-09
1.271942107194945493e-09
9.328900318905652966e-09
2.701079138134332425e-09
4.434002942588222140e-09
2.056588677135096077e-09
9.903492470542119008e-10
4.394570485288795680e-09
1.727734222356502869e-08
5.028012992625008337e-07
1.099652635616621410e-08
1.112288661175853122e-08
2.872745596960157854e-08
1.900002416732604615e-06
1.466824073759198654e-06
1.279266026443792725e-08
2.385362574131022484e-09
7.379646405070161563e-08
4.918151663702019505e-09
5.963412874621099036e-09
1.514889369502725458e-08
1.434553951185080223e-07
4.012551357845950406e-07
5.654415158318215617e-09
6.632367433034858095e-10
1.249528054358961526e-06
3.031150583865382941e-07
5.506399958221663837e-08
2.321955427930788574e-08
4.380538030090974644e-06
1.459799591430055443e-06
1.030738894769456238e-05
4.228483589940879028e-07
3.144070888083660975e-06
8.122554184808450373e-09
1.053373637205368141e-07
8.256225036973319220e-09
1.212589268106967211e-06
4.326525943065817614e-11
0.000000000000000000e+00
2.812402533081126421e-09
4.902705352805014627e-09
0.000000000000000000e+00
8.510802479433365875e-11
0.000000000000000000e+00
9.482091627432964742e-07
4.013346543985107928e-09
1.436056429326981743e-08
1.067242294539028080e-08
5.899094048800179735e-07
0.000000000000000000e+00
7.373946342426052070e-09
1.108238292801821956e-10
0.000000000000000000e+00
2.770722096201438944e-09
4.191746342391278191e-12
3.710472071816184325e-07
2.037587654157846373e-09
1.080957753862854531e-10
0.000000000000000000e+00
0.000000000000000000e+00
0.000000000000000000e+00
2.167218049464736396e-08
0.000000000000000000e+00
0.000000000000000000e+00
0.000000000000000000e+00
0.000000000000000000e+00
8.627745629041783104e-09
2.351621564145034426e-09
1.141413186189765838e-09
3.209503551815373612e-09
0.000000000000000000e+00
0.000000000000000000e+00
0.000000000000000000e+00
1.181387765392116762e-09
3.198625364575491403e-08
1.545590748719405383e-07
1.016336000247974880e-06
5.737496255875385032e-09
0.000000000000000000e+00
3.909194301598972743e-09
0.000000000000000000e+00
6.557493437142625226e-10
0.000000000000000000e+00
1.303453317502700770e-10
2.098502989156258991e-07
1.865775312026585198e-10
4.587286994706119003e-09
8.311517696313330816e-09
0.000000000000000000e+00
0.000000000000000000e+00
1.035351471223577846e-09
4.628051719635095651e-09
1.269492289068807622e-09
0.000000000000000000e+00
1.466588450682593248e-08
0.000000000000000000e+00
9.366701192448090296e-09
0.000000000000000000e+00
7.082027408955582359e-09
0.000000000000000000e+00
8.175915944264033897e-09
0.000000000000000000e+00
1.095113422167059980e-08
3.994887531888480225e-09
1.599431559418107440e-10
0.000000000000000000e+00
0.000000000000000000e+00
3.929618019871128354e-10
0.000000000000000000e+00
1.721427622669580160e-07
0.000000000000000000e+00
0.000000000000000000e+00
5.699395178027089059e-09
1.542296179657398625e-09
0.000000000000000000e+00
2.396818521432919624e-09
3.833214279325147800e-08
1.152489437217241175e-09
3.882552890299706405e-10
3.956761140955222800e-09
3.071251740038860589e-06
3.229019284844980575e-06
3.666474235330952069e-09
6.184299183864538918e-10
8.216015423556655151e-09
6.897931825733394362e-08
1.058298604306173729e-08
1.940022897883864061e-08
2.814230271042106324e-08
3.630609342053503497e-07
3.449513599207421066e-07
2.543812094302211335e-08
1.294108528782089707e-06
2.911263230487293185e-08
2.468601434379991133e-10
2.629163304845860694e-07
7.329370887987352035e-09
1.558446172111871419e-07
7.558560355391819030e-08
3.295221873145237623e-09
4.001081777005310869e-08
6.575393854291178286e-06
1.190079785828856984e-07
7.293022186161124409e-09
2.325544379289112840e-08
1.531890309047767573e-10
3.026936257199963620e-09
1.310998300141363870e-06
3.305074313189604318e-13
2.557465904828859493e-06
2.038932578329877288e-09
1.284403605694706130e-08
4.213436710642781691e-09
3.456149784142326098e-07
0.000000000000000000e+00
1.829500888561597094e-06
1.507898944597130253e-10
5.744871600654732902e-08
5.982957240746600291e-09
6.459604851016820248e-09
3.126784235973900650e-07
5.104019464852171950e-07
1.938387640620931052e-06
0.000000000000000000e+00
0.000000000000000000e+00
0.000000000000000000e+00
0.000000000000000000e+00
0.000000000000000000e+00
2.739306559362830740e-08
8.876678947444816004e-08
6.450002310032232344e-09
1.874369246479545836e-07
0.000000000000000000e+00
2.257148068451897416e-08
7.615180663833598373e-08
1.438736803305307177e-11
6.528892010360110021e-11
0.000000000000000000e+00
0.000000000000000000e+00
6.242031336256559371e-09
0.000000000000000000e+00
8.337894286114533315e-08
7.065026693453546613e-06
5.422947779720743711e-08
3.346929178249524739e-09
5.993440410634320870e-09
0.000000000000000000e+00
5.798681534940897109e-09
0.000000000000000000e+00
0.000000000000000000e+00
0.000000000000000000e+00
0.000000000000000000e+00
0.000000000000000000e+00
0.000000000000000000e+00
0.000000000000000000e+00
0.000000000000000000e+00
0.000000000000000000e+00
2.573670343508638325e-08
1.072960831294267336e-09
0.000000000000000000e+00
5.568325800453521879e-09
3.952843052879018160e-10
0.000000000000000000e+00
0.000000000000000000e+00
0.000000000000000000e+00
5.965832716725572027e-09
0.000000000000000000e+00
0.000000000000000000e+00
0.000000000000000000e+00
3.963945616192177113e-09
4.737923386954889793e-10
2.451231928546349081e-08
6.147270426026807399e-08
3.444130397545208666e-11
1.356092216298065978e-08
1.254211312584629923e-08
1.752278251387906494e-07
4.946715259634970607e-10
0.000000000000000000e+00
9.254565611627185717e-07
8.288770914077758789e-07
5.591784102421115676e-08
2.198114543716656044e-07
1.590770608572711353e-07
5.475097708540488384e-08
2.547220674387062900e-06
3.676434232602332486e-07
4.198461782227436156e-13
1.347407192042737734e-06
1.110172576090917573e-08
1.972656491489033215e-07
8.564466469351827982e-09
1.922734469417264336e-07
7.261466521413240116e-07
0.000000000000000000e+00
2.019473893666301478e-10
3.137029125355184078e-07
9.857845952865318395e-07
1.476834921021463742e-08
1.324252485446208993e-09
3.155251349085119728e-08
7.731364348728675395e-08
2.044081126584273989e-09
4.795843324245652184e-06
0.000000000000000000e+00
6.648239292417201796e-09
2.149534168438549386e-07
5.432792236914618655e-12
6.044589326847926714e-07
1.112530298996716738e-06
5.225748219567227792e-12
5.747179533492630110e-13
1.928581013999064453e-06
7.029596815755212447e-08
4.448756385500018951e-07
2.099031837232701037e-09
0.000000000000000000e+00
1.847250463704597223e-09
6.210003107298689429e-07
5.562850180496070607e-11
0.000000000000000000e+00
0.000000000000000000e+00
1.138539573730668053e-07
1.979284007802561973e-07
2.727943559932555218e-08
0.000000000000000000e+00
3.249738533828150366e-10
0.000000000000000000e+00
0.000000000000000000e+00
0.000000000000000000e+00
4.814475929038053437e-09
2.940690137620549649e-06
9.611877516135791666e-09
3.728928721358215626e-09
5.066172903411825246e-08
0.000000000000000000e+00
0.000000000000000000e+00
3.434591988593638234e-08
7.576712590662282309e-09
0.000000000000000000e+00
0.000000000000000000e+00
2.857721938198665157e-06
0.000000000000000000e+00
0.000000000000000000e+00
0.000000000000000000e+00
6.002093488888249340e-09
2.326887766912477673e-07
5.548634884888770102e-10
8.610466784020331943e-10
0.000000000000000000e+00
2.743068421295902226e-07
0.000000000000000000e+00
0.000000000000000000e+00
4.539655318325230837e-09
8.918417115921783989e-09
0.000000000000000000e+00
0.000000000000000000e+00
5.513539846901949204e-08
0.000000000000000000e+00
5.444873885096512822e-09
1.568476371005544934e-08
2.917252217571331130e-09
0.000000000000000000e+00
1.794706827595859977e-09
1.640665714397471220e-09
5.521934021146535088e-10
2.679209111511315911e-11
0.000000000000000000e+00
0.000000000000000000e+00
0.000000000000000000e+00
0.000000000000000000e+00
8.743954005296927789e-09
0.000000000000000000e+00
7.370311999599366004e-11
0.000000000000000000e+00
2.579386704226749316e-11
3.737801623771019877e-09
0.000000000000000000e+00
0.000000000000000000e+00
0.000000000000000000e+00
0.000000000000000000e+00
3.274297810662574193e-08
5.082933185462934489e-09
9.198027228762839513e-09
2.130950775836026878e-07
0.000000000000000000e+00
9.222895336336023320e-09
5.992555895950602007e-10
2.962854184218599585e-09
0.000000000000000000e+00
0.000000000000000000e+00
0.000000000000000000e+00
0.000000000000000000e+00
1.398318461021119674e-09
0.000000000000000000e+00
4.333174388193583582e-07
0.000000000000000000e+00
0.000000000000000000e+00
5.283045667603403217e-10
0.000000000000000000e+00
3.287675409691104278e-10
0.000000000000000000e+00
4.832417630495910998e-07
3.423842542815691559e-09
0.000000000000000000e+00
1.559953659580060048e-07
0.000000000000000000e+00
0.000000000000000000e+00
0.000000000000000000e+00
0.000000000000000000e+00
8.587227817713483091e-09
8.275224949727544299e-09
1.409207195379735822e-09
0.000000000000000000e+00
2.063337722901792404e-09
4.809179277032171740e-09
5.263443569880621453e-10
9.360584130035931594e-08
1.729148380036349408e-07
3.119630664905059803e-10
1.353700707085181421e-09
5.822183624104582123e-09
2.628171458241013170e-08
2.781256780437502130e-09
1.378006118102348410e-07
8.077896751501612016e-08
4.185869784123497084e-08
5.475099928986537634e-09
4.713996748506588119e-09
1.138802918632109140e-08
2.420866174190905440e-08
1.581700672659280826e-07
3.128176331301801838e-07
3.202084428721718723e-07
1.436652463659982004e-09
5.812829613205394708e-07
4.816896037596052338e-08
3.095100964856101200e-06
1.036324182024372931e-08
8.818744845484616235e-09
3.164256057175407477e-08
3.863089759192916972e-08
1.919666345884252223e-07
0.000000000000000000e+00
7.359894027558766538e-09
1.451541731256611456e-08
1.101206859033254659e-08
2.554372935392734689e-09
4.262254715836633068e-10
8.282683872096185951e-09
2.023762490921399149e-09
3.896045708273732089e-09
1.018997330959336978e-08
1.560069051720347488e-07
0.000000000000000000e+00
0.000000000000000000e+00
7.206220971056609415e-07
2.506018859094183426e-07
4.763855486089596525e-06
9.127789724061585730e-08
2.017386790953423770e-08
9.134276268696339685e-08
2.129164622388657335e-09
0.000000000000000000e+00
7.313614602821871813e-09
4.486017601834646484e-08
0.000000000000000000e+00
2.325965340332913911e-07
2.354554062833358330e-08
8.474249947598710975e-12
5.727089469331758664e-09
1.370765456698563867e-08
1.936988347495116614e-09
3.045829089387552813e-06
5.236996685198391788e-07
1.941619642842340454e-10
3.026238371006684247e-09
3.570229978322458919e-08
3.128221237602701876e-08
1.852688780168421090e-09
8.885033153660515381e-09
2.221362538899242234e-15
4.999026259611127898e-07
7.718111483256961947e-09
3.335469855869632738e-08
3.918224078525156528e-10
9.469108164239514736e-08
0.000000000000000000e+00
3.128606262947641881e-10
4.084272120508103399e-08
7.273833535492713054e-09
0.000000000000000000e+00
0.000000000000000000e+00
7.330092088864148536e-09
9.429662100046698470e-07
3.330605480300619092e-08
4.507588613478219486e-08
0.000000000000000000e+00
0.000000000000000000e+00
0.000000000000000000e+00
0.000000000000000000e+00
0.000000000000000000e+00
4.854068702542235769e-09
0.000000000000000000e+00
0.000000000000000000e+00
0.000000000000000000e+00
0.000000000000000000e+00
0.000000000000000000e+00
0.000000000000000000e+00
0.000000000000000000e+00
0.000000000000000000e+00
0.000000000000000000e+00
0.000000000000000000e+00
0.000000000000000000e+00
3.523826535456464626e-06
3.550486349368497940e-09
5.929968972459565002e-13
2.934952947342139851e-09
1.151511108687941487e-09
0.000000000000000000e+00
0.000000000000000000e+00
5.398756108832003520e-09
1.316656117467118747e-08
3.811615911786248034e-08
1.703026697441600845e-07
1.303415264608531743e-09
0.000000000000000000e+00
2.181500535769487215e-09
1.606561106370918424e-08
0.000000000000000000e+00
7.334338647524418775e-07
0.000000000000000000e+00
0.000000000000000000e+00
4.732056968492770466e-09
0.000000000000000000e+00
0.000000000000000000e+00
6.311867029040740817e-09
4.631947325695051632e-10
1.443080588359180183e-08
0.000000000000000000e+00
0.000000000000000000e+00
0.000000000000000000e+00
2.087242156889601574e-09
0.000000000000000000e+00
0.000000000000000000e+00
0.000000000000000000e+00
1.362565971163576251e-08
0.000000000000000000e+00
0.000000000000000000e+00
0.000000000000000000e+00
0.000000000000000000e+00
0.000000000000000000e+00
0.000000000000000000e+00
0.000000000000000000e+00
0.000000000000000000e+00
2.813649979671595247e-09
0.000000000000000000e+00
0.000000000000000000e+00
0.000000000000000000e+00
4.796649744065462073e-10
0.000000000000000000e+00
0.000000000000000000e+00
0.000000000000000000e+00
0.000000000000000000e+00
7.117395028899409226e-08
0.000000000000000000e+00
0.000000000000000000e+00
1.358730766787275002e-10
3.696055239643669665e-09
3.019605454568363712e-09
1.227101531497964970e-08
2.221036993432790041e-06
1.269175253781895663e-08
6.146473885415559835e-10
1.176854502737967323e-09
4.008767096053134082e-09
0.000000000000000000e+00
5.316855933301667392e-08
0.000000000000000000e+00
5.685074189187844240e-09
1.073238422577560414e-07
5.798094449005475326e-08
1.612805391459914972e-07
0.000000000000000000e+00
3.581814311814923713e-08
1.921640797875046047e-11
5.235150979387981351e-09
1.587724227647413500e-06
1.733144927129615098e-06
6.259602400859876070e-07
4.762592809015586681e-08
6.011399378280657402e-09
1.806885641109090557e-09
5.160959659633590491e-08
1.474497111075834255e-07
2.097960077662719414e-06
1.952705133589915931e-06
3.386581681752431905e-07
1.258225168498938729e-08
1.075508677672587510e-07
1.500383461916499073e-08
7.600273193020257168e-07
8.799360529110344942e-08
1.576333907848948002e-08
1.940617039508651942e-06
1.542442333857252379e-07
2.349200656226457795e-07
0.000000000000000000e+00
7.231578820210415870e-07
6.798602498747641221e-07
2.230643474376847735e-07
1.145756267639796988e-09
1.401179350324355255e-08
3.803063464147271588e-08
5.142135606206466036e-09
2.264894001513528821e-13
1.884784239791770233e-08
2.476180371857594764e-10
2.479724798831739463e-06
1.620652501088670761e-09
8.538125761958781368e-10
3.698604444934971980e-08
2.232849638517109270e-08
0.000000000000000000e+00
0.000000000000000000e+00
7.060046414153475780e-07
1.296352469815076347e-09
0.000000000000000000e+00
9.178330095949149836e-09
0.000000000000000000e+00
1.582176878400787245e-06
1.626189849446291191e-08
0.000000000000000000e+00
9.090887154172833107e-09
0.000000000000000000e+00
0.000000000000000000e+00
4.094124221865058644e-07
7.217205999499043401e-11
0.000000000000000000e+00
5.981430017953925926e-09
0.000000000000000000e+00
0.000000000000000000e+00
6.844720103205137463e-12
0.000000000000000000e+00
1.039579092321218923e-05
9.601007100457081833e-09
7.597190099239981009e-10
0.000000000000000000e+00
0.000000000000000000e+00
0.000000000000000000e+00
0.000000000000000000e+00
0.000000000000000000e+00
0.000000000000000000e+00
0.000000000000000000e+00
0.000000000000000000e+00
0.000000000000000000e+00
0.000000000000000000e+00
0.000000000000000000e+00
5.333925301442832279e-09
0.000000000000000000e+00
0.000000000000000000e+00
0.000000000000000000e+00
0.000000000000000000e+00
9.685510171664191148e-09
3.221700906053115432e-09
4.152040489202590834e-09
0.000000000000000000e+00
0.000000000000000000e+00
0.000000000000000000e+00
0.000000000000000000e+00
0.000000000000000000e+00
0.000000000000000000e+00
0.000000000000000000e+00
4.494533811794099165e-08
0.000000000000000000e+00
0.000000000000000000e+00
0.000000000000000000e+00
0.000000000000000000e+00
0.000000000000000000e+00
6.005774766393301434e-10
0.000000000000000000e+00
0.000000000000000000e+00
0.000000000000000000e+00
5.876608977217756546e-09
4.804067366137587669e-09
8.410709906314650652e-10
5.570085503947552752e-10
1.064909270098723937e-06
3.042889898385858771e-11
0.000000000000000000e+00
0.000000000000000000e+00
7.388397671448387882e-10
0.000000000000000000e+00
0.000000000000000000e+00
0.000000000000000000e+00
0.000000000000000000e+00
0.000000000000000000e+00
0.000000000000000000e+00
0.000000000000000000e+00
0.000000000000000000e+00
0.000000000000000000e+00
0.000000000000000000e+00
0.000000000000000000e+00
0.000000000000000000e+00
8.135502582717890618e-08
0.000000000000000000e+00
1.410208949614855101e-09
5.020240667619191299e-09
0.000000000000000000e+00
0.000000000000000000e+00
0.000000000000000000e+00
0.000000000000000000e+00
0.000000000000000000e+00
0.000000000000000000e+00
4.966689726160211649e-09
0.000000000000000000e+00
0.000000000000000000e+00
0.000000000000000000e+00
0.000000000000000000e+00
0.000000000000000000e+00
3.688583813388213173e-11
0.000000000000000000e+00
0.000000000000000000e+00
6.664259366573332954e-09
0.000000000000000000e+00
0.000000000000000000e+00
0.000000000000000000e+00
0.000000000000000000e+00
4.443618362159895696e-09
1.083081428987497929e-06
0.000000000000000000e+00
0.000000000000000000e+00
3.375520418735789008e-10
8.697215392317048099e-09
0.000000000000000000e+00
9.121916946241981350e-07
0.000000000000000000e+00
2.118672570716739756e-09
0.000000000000000000e+00
0.000000000000000000e+00
0.000000000000000000e+00
0.000000000000000000e+00
7.919546760604134761e-07
0.000000000000000000e+00
7.474828755960061244e-09
0.000000000000000000e+00
0.000000000000000000e+00
0.000000000000000000e+00
0.000000000000000000e+00
0.000000000000000000e+00
0.000000000000000000e+00
0.000000000000000000e+00
0.000000000000000000e+00
1.800421678410657478e-08
5.703879590868154992e-10
3.573079165875014951e-09
8.225923053828410048e-09
6.059994728246920204e-10
3.328037934124949970e-08
1.880995581515776394e-09
4.105986306512932060e-08
1.302163654681720573e-10
1.685164507936320888e-10
3.606887843954353912e-10
0.000000000000000000e+00
0.000000000000000000e+00
6.650308748135103087e-09
0.000000000000000000e+00
1.406818306293189380e-08
5.688709592277518823e-08
4.391810470849577541e-09
0.000000000000000000e+00
8.019049460017413367e-07
1.060295629073948476e-09
4.117945593407057459e-07
0.000000000000000000e+00
1.798596049873424363e-09
1.168337576018529944e-06
3.458576998127682600e-07
2.734642956525590307e-09
4.505944950494722434e-09
2.721903236135858606e-08
9.460893846775439431e-14
4.202689585230956482e-10
8.689028163644252345e-09
8.526842520950594917e-08
1.999968617383274250e-06
9.661737188082497596e-09
6.076899694562598597e-08
5.390456969678325549e-09
3.360104301464161836e-07
2.414493049940347191e-09
2.472704041522888474e-09
9.084407670556515768e-10
1.541065444143896457e-07
6.079997092456324026e-07
0.000000000000000000e+00
0.000000000000000000e+00
2.396721185959904687e-07
7.290796588677039836e-08
1.422024453745507344e-08
1.283039718913414617e-08
0.000000000000000000e+00
0.000000000000000000e+00
0.000000000000000000e+00
0.000000000000000000e+00
3.987369046054567434e-10
9.978369064356229501e-08
3.730029340953677774e-10
1.882975908529260778e-07
0.000000000000000000e+00
8.116738947627766265e-10
3.897273970210335392e-08
6.416178734980348963e-07
6.187618473152411980e-11
1.083537881640950218e-06
0.000000000000000000e+00
5.590398810539909391e-09
0.000000000000000000e+00
1.593949683353912405e-08
0.000000000000000000e+00
8.426821018758801074e-09
0.000000000000000000e+00
0.000000000000000000e+00
0.000000000000000000e+00
0.000000000000000000e+00
0.000000000000000000e+00
5.273683267859041734e-09
5.249741263924079249e-08
4.665550237814564127e-11
6.671531771473837580e-09
2.058293674389588546e-10
2.431982115691511126e-10
1.493995860357699712e-08
5.977224937225855683e-09
3.900603104400879317e-11
0.000000000000000000e+00
0.000000000000000000e+00
0.000000000000000000e+00
0.000000000000000000e+00
0.000000000000000000e+00
1.570316499055479653e-07
3.347639110362621295e-10
0.000000000000000000e+00
0.000000000000000000e+00
0.000000000000000000e+00
0.000000000000000000e+00
0.000000000000000000e+00
5.251056922617181044e-09
1.358709811327685202e-09
0.000000000000000000e+00
3.276066307122960097e-09
5.927393686988580157e-08
4.613093196326190082e-08
0.000000000000000000e+00
5.855132378940197668e-09
5.471580480365112464e-11
0.000000000000000000e+00
0.000000000000000000e+00
1.231846624705212889e-08
2.081636694128974341e-07
1.881268829606597137e-08
2.874286142429127722e-09
1.747152467146406707e-08
1.662923239109659335e-07
8.082306379719739198e-09
1.047370801643410232e-06
6.403612307082084953e-09
1.473749677849411910e-09
2.765547790772870940e-08
5.463338226263658726e-09
0.000000000000000000e+00
6.755432657712390210e-09
5.195033292437756245e-10
7.060622309040809341e-09
0.000000000000000000e+00
0.000000000000000000e+00
1.153747888338330085e-07
0.000000000000000000e+00
3.734239939490180404e-08
2.840238551016227575e-07
2.534621401650838379e-10
6.741788070030452218e-07
3.582215768460628169e-08
8.151955221968876231e-10
1.547662549228334683e-07
9.724425709123352135e-10
1.675726224448226276e-08
2.011182864691818395e-08
2.843017909981426783e-08
4.743990302813472226e-07
1.980645336630004749e-08
6.286178404479869641e-07
5.472505790748982690e-07
2.238113410157893668e-07
2.797321263514618295e-09
1.255421544499313313e-09
5.682972321896517798e-12
4.980545753596743452e-09
1.201331087941071019e-07
6.715401568158085865e-09
6.805493057981948368e-08
1.140589933612545792e-08
1.932863682441166020e-07
1.388113730627082987e-07
6.774839023115930559e-11
8.694807540621241060e-09
1.478526723275308541e-08
4.463254210662626065e-09
0.000000000000000000e+00
1.160414967671385966e-06
8.912298454788469826e-09
0.000000000000000000e+00
2.081123966490849853e-06
1.049749975834401994e-08
5.850495435333336047e-12
4.764243897170672426e-07
0.000000000000000000e+00
3.634537790730973938e-07
1.333599719544054096e-08
0.000000000000000000e+00
1.019032197291380726e-06
8.263355510962355766e-08
0.000000000000000000e+00
2.642313590150990876e-10
0.000000000000000000e+00
1.267997262743847386e-09
2.038879308441376992e-11
4.338647663360006845e-09
0.000000000000000000e+00
0.000000000000000000e+00
0.000000000000000000e+00
0.000000000000000000e+00
0.000000000000000000e+00
1.115201513357533258e-07
0.000000000000000000e+00
0.000000000000000000e+00
0.000000000000000000e+00
0.000000000000000000e+00
0.000000000000000000e+00
0.000000000000000000e+00
2.827761358403790837e-09
0.000000000000000000e+00
0.000000000000000000e+00
7.199941975954970985e-09
3.273943061099515717e-10
0.000000000000000000e+00
0.000000000000000000e+00
0.000000000000000000e+00
0.000000000000000000e+00
0.000000000000000000e+00
0.000000000000000000e+00
6.406174701822919815e-09
8.669196471799978099e-10
1.167272722923939909e-09
0.000000000000000000e+00
7.141666369392396518e-09
2.437292312418293250e-10
6.585303413686460772e-09
6.446791545045016392e-09
5.407198244711253210e-08
2.702154888734042970e-10
5.477426512356942112e-09
4.518373522555130251e-11
4.478585058365069926e-09
1.681082606452832806e-09
1.837756891109876278e-10
1.720007469785400644e-09
0.000000000000000000e+00
7.317680239538049136e-09
2.674317212125743026e-09
2.558065087879257682e-12
0.000000000000000000e+00
0.000000000000000000e+00
0.000000000000000000e+00
0.000000000000000000e+00
2.711667834720543624e-10
0.000000000000000000e+00
0.000000000000000000e+00
3.143392213189599715e-09
2.609667815178795536e-09
0.000000000000000000e+00
7.104961063930659293e-11
6.272600661105798281e-09
2.185078926686401246e-07
4.794815655628781315e-09
0.000000000000000000e+00
0.000000000000000000e+00
2.143825099665264133e-07
5.690764748322862943e-09
8.427866404758788121e-09
0.000000000000000000e+00
4.298533085034250689e-09
0.000000000000000000e+00
2.477365157460553746e-08
1.132750782062430517e-07
1.972646970216374029e-07
0.000000000000000000e+00
0.000000000000000000e+00
7.370688503982592010e-09
0.000000000000000000e+00
1.209438521554417889e-10
0.000000000000000000e+00
0.000000000000000000e+00
0.000000000000000000e+00
1.954099104750639526e-09
0.000000000000000000e+00
0.000000000000000000e+00
0.000000000000000000e+00
6.171534749910279061e-08
4.789023066997799560e-10
8.888964231346108136e-09
1.291436912964627481e-08
4.647732865237230726e-09
5.262544844342187389e-10
1.001757565788352622e-09
4.708946566012173207e-09
2.083400119090583757e-10
5.040397876854285641e-09
4.011709222595527535e-07
1.535929161633475815e-09
0.000000000000000000e+00
3.326074349274676933e-08
1.118332875194028020e-07
2.155359197786310688e-07
3.165515181535738520e-06
9.624795183071910287e-09
6.207179126249684487e-08
1.246750258587780991e-08
8.300181875142698118e-09
4.419527215304697165e-07
7.166977011863195912e-10
1.275775844078452792e-06
2.794023679086876655e-08
8.134902529377541214e-09
6.525908702315064147e-09
2.338302707016737259e-08
7.797187322466925252e-07
2.208158786029534859e-12
8.680668628358034766e-09
9.595091388092669149e-10
6.645493932921908709e-09
7.347347730224385032e-10
1.322129694614204709e-08
1.587094260457888595e-07
6.936111240918307885e-09
1.689468898113943851e-09
5.059859518041776028e-07
4.331994832296182096e-12
1.126372684012721948e-08
1.220957699388236506e-07
4.826868007512530312e-07
5.209499676084305975e-08
1.728604992479176872e-08
1.265560172214463819e-07
2.587694503120019363e-09
6.340027169926543138e-09
1.674983138855168363e-07
2.021557499176651618e-08
1.955606343528870639e-09
0.000000000000000000e+00
0.000000000000000000e+00
1.004666728476877324e-06
0.000000000000000000e+00
3.386047301920380725e-12
2.884471328457038908e-09
4.944297415931941941e-09
1.489604528615018353e-07
0.000000000000000000e+00
7.765193288378213765e-08
0.000000000000000000e+00
0.000000000000000000e+00
4.303712941577941820e-09
1.199742030166817131e-07
0.000000000000000000e+00
0.000000000000000000e+00
0.000000000000000000e+00
1.598589705054109800e-09
0.000000000000000000e+00
2.161453238613830763e-09
4.683830656659893066e-09
1.363161459266848397e-06
1.226667389886415549e-08
0.000000000000000000e+00
0.000000000000000000e+00
0.000000000000000000e+00
7.832684786990284920e-06
0.000000000000000000e+00
5.652004642087149477e-09
1.582432105351472273e-07
5.951699577622093784e-09
2.233942097973340424e-07
3.690976768666587304e-08
0.000000000000000000e+00
0.000000000000000000e+00
0.000000000000000000e+00
0.000000000000000000e+00
0.000000000000000000e+00
3.763019762459407502e-08
9.247751897589751024e-09
6.755271897418424487e-09
2.116161690324247502e-09
1.012136507938521390e-08
1.789387056305713486e-07
6.823469789196678903e-08
5.098571875805646414e-08
6.782532580018596491e-08
0.000000000000000000e+00
1.363983557212122832e-07
4.224658400886482923e-09
7.301725872821407393e-07
5.269032765653491879e-09
0.000000000000000000e+00
0.000000000000000000e+00
2.533654175351784943e-08
0.000000000000000000e+00
8.864007838838006137e-08
9.556096358664945001e-09
0.000000000000000000e+00
0.000000000000000000e+00
0.000000000000000000e+00
3.667551817798653246e-10
0.000000000000000000e+00
8.255575778548518429e-09
0.000000000000000000e+00
3.966451913584023714e-07
0.000000000000000000e+00
5.773763689376210095e-09
5.656439583390238113e-08
2.851650027224650330e-10
3.973813988977781264e-07
0.000000000000000000e+00
8.368796322599791893e-09
0.000000000000000000e+00
0.000000000000000000e+00
5.706417560702448100e-09
2.827362699520108436e-08
0.000000000000000000e+00
6.429511145711330755e-09
5.834922128800101859e-11
5.175120332268079437e-10
2.270242188684434836e-10
8.779250215695810766e-09
1.133354299298616752e-09
6.311209332920952875e-09
5.363492761034649448e-08
7.187273887154788099e-09
2.981869684504090401e-08
3.721571051329419788e-09
1.435371377311867036e-09
9.845979143108252174e-09
5.070496800207990873e-10
4.854118218489134051e-10
2.930069076256813787e-09
1.753231337886518304e-08
6.507093086582926844e-09
6.457509016399853863e-08
4.715915213893140390e-09
3.724420878370438004e-07
1.060168966504626553e-10
3.413862303958126176e-09
7.945530455799598712e-09
4.281292476093767618e-08
4.680865028916514348e-09
2.937790277712792886e-08
3.111105684183712583e-08
5.961694471423584218e-10
2.879869086258590727e-12
6.613760650253652784e-10
3.735370768254142604e-08
8.045920374399884167e-09
3.407155391155214375e-10
2.564429912865762162e-08
3.328020081738713998e-09
4.057164826321013607e-09
3.354203670369315660e-07
3.322580255371576641e-07
1.971077878692995000e-08
6.959807308248855406e-08
2.023465484057851427e-08
9.633579267642744526e-09
4.039146119794168044e-07
7.534739943082513491e-09
1.579945774210500531e-08
1.624913750220002839e-07
9.266875622415682301e-07
5.474435624819307122e-07
1.019529349832737353e-07
0.000000000000000000e+00
3.444200302737954189e-08
6.729804491456548021e-10
3.348123200908048602e-08
2.327985271222132724e-08
9.351908580867984710e-09
1.513531744379292832e-09
7.366905379058152903e-07
0.000000000000000000e+00
1.361456902770896704e-08
1.909593549953569891e-08
1.150597173094070058e-09
3.215770902897929773e-07
1.987159521377179772e-07
9.968077918642848090e-09
1.961780071724206209e-07
7.776986166163624148e-09
3.046435040232609026e-06
2.733816195643612446e-08
1.002012806061713945e-09
1.445811079747727490e-07
9.220977403856522869e-08
2.371519713051384315e-06
0.000000000000000000e+00
6.811092245762040420e-10
0.000000000000000000e+00
3.179651386631121568e-08
0.000000000000000000e+00
1.561237894520672853e-08
3.710042406623870193e-08
0.000000000000000000e+00
7.185903348055910911e-12
8.594484768309484934e-08
0.000000000000000000e+00
0.000000000000000000e+00
4.218393769406247884e-06
4.397893178520462243e-07
3.262458969643944329e-09
1.624980768610839732e-06
4.481311748349980917e-07
0.000000000000000000e+00
2.383517383464095474e-09
0.000000000000000000e+00
3.957615035687922500e-07
0.000000000000000000e+00
0.000000000000000000e+00
0.000000000000000000e+00
1.946035510513866029e-08
2.272500243538644327e-10
1.370805779998818252e-08
7.119370648567269200e-10
0.000000000000000000e+00
0.000000000000000000e+00
4.258795271994131326e-08
5.716533451050054282e-07
2.671840206858178135e-07
9.760359631627579802e-09
4.000991339125903323e-06
0.000000000000000000e+00
0.000000000000000000e+00
0.000000000000000000e+00
0.000000000000000000e+00
4.953305765553750462e-09
0.000000000000000000e+00
0.000000000000000000e+00
0.000000000000000000e+00
0.000000000000000000e+00
2.748841509969679464e-08
0.000000000000000000e+00
0.000000000000000000e+00
0.000000000000000000e+00
0.000000000000000000e+00
0.000000000000000000e+00
0.000000000000000000e+00
0.000000000000000000e+00
0.000000000000000000e+00
3.443572538230910141e-09
0.000000000000000000e+00
6.210312708532228498e-09
0.000000000000000000e+00
3.101647064185364400e-11
2.770070839375193827e-10
2.114727726265641650e-09
4.412987752999697477e-09
1.056731258053389411e-09
0.000000000000000000e+00
5.337816855188748377e-09
0.000000000000000000e+00
0.000000000000000000e+00
0.000000000000000000e+00
0.000000000000000000e+00
6.152508280621304948e-09
5.475426334555777430e-09
0.000000000000000000e+00
0.000000000000000000e+00
0.000000000000000000e+00
2.491917561187051433e-09
0.000000000000000000e+00
3.420620675598229354e-09
0.000000000000000000e+00
5.527115209957855768e-09
0.000000000000000000e+00
0.000000000000000000e+00
1.350900191710024956e-08
2.434588974864482225e-09
0.000000000000000000e+00
1.773289848294723470e-09
0.000000000000000000e+00
0.000000000000000000e+00
0.000000000000000000e+00
0.000000000000000000e+00
0.000000000000000000e+00
0.000000000000000000e+00
4.393723163076401761e-09
6.894604354101829813e-08
1.976928487579243665e-08
1.005406602416769601e-06
2.405071199973463081e-07
0.000000000000000000e+00
0.000000000000000000e+00
5.977875616736127995e-08
6.942646457730461407e-10
0.000000000000000000e+00
0.000000000000000000e+00
0.000000000000000000e+00
0.000000000000000000e+00
0.000000000000000000e+00
0.000000000000000000e+00
0.000000000000000000e+00
4.402480868748170906e-08
0.000000000000000000e+00
0.000000000000000000e+00
6.718754441692453838e-10
2.255815312324216393e-09
0.000000000000000000e+00
8.521667815841738047e-09
1.888994932697229956e-10
1.743423294620072284e-09
6.639927274676438174e-09
0.000000000000000000e+00
2.832363898974676886e-09
0.000000000000000000e+00
8.187820421667879600e-10
7.334372220668683440e-09
1.866778398529334027e-10
1.769165081100254611e-08
3.934911774194915779e-08
1.109374592189737996e-09
4.496950034571511878e-10
6.092498949783475837e-08
1.778103636551620070e-10
9.130244649213636876e-08
1.588660092366467325e-09
0.000000000000000000e+00
5.527435291696747299e-07
1.163030631801120762e-07
0.000000000000000000e+00
4.321613999991313904e-08
1.393463406884620781e-07
1.125743276375601454e-09
8.246455962535037543e-08
2.613755656355465362e-09
7.771180321469728369e-07
0.000000000000000000e+00
3.709774931692777500e-09
1.732668045498209075e-12
6.716480527302337578e-08
3.353071420519881940e-08
1.134880335484922398e-06
1.923547765514399543e-09
1.101613065657147672e-06
0.000000000000000000e+00
7.298969961766488268e-08
8.671185547370896529e-09
9.417394863930894644e-09
1.497305279762883856e-09
3.522413472012431157e-09
2.720710057246833458e-08
2.568395416346902493e-07
1.716726094613818532e-09
6.005204795656027272e-07
9.592207561581744812e-08
9.498188902057336236e-09
1.223191770094445019e-08
9.227364983210861737e-10
1.654994541411269893e-08
7.379968991472196649e-08
0.000000000000000000e+00
5.359872545795951737e-09
0.000000000000000000e+00
1.339405475420107905e-09
5.143985148947649577e-08
1.985270756676982273e-07
3.260710812469369557e-08
5.745104392218536304e-09
2.928819071712496225e-07
5.796503614874382038e-07
1.260253057466798055e-08
2.046635527719331549e-09
1.730777832165131258e-08
4.055350277809566251e-09
2.082428673944036746e-09
2.858051857401733287e-07
0.000000000000000000e+00
7.638881527327612275e-08
9.224780939121046686e-08
7.408992974688999311e-09
3.606270482237050601e-08
2.912558727530267788e-07
1.180742170703297234e-09
0.000000000000000000e+00
5.526183677329044031e-12
0.000000000000000000e+00
4.189245839114619230e-09
0.000000000000000000e+00
3.793644953731245550e-09
8.891471026117869769e-08
0.000000000000000000e+00
5.003221303923055530e-07
0.000000000000000000e+00
5.019570523123739747e-11
8.579235988293021364e-09
3.180792162993384409e-08
4.869458614109589689e-09
1.302582841589128293e-08
4.379777429619480245e-09
0.000000000000000000e+00
7.658928602438663802e-09
1.863516274624998914e-07
8.376742875737530625e-12
7.945275513898675257e-12
7.720318273563009370e-10
1.382981396069737912e-09
1.291897921973372831e-09
6.972345367728394194e-09
0.000000000000000000e+00
2.773154150759182812e-09
6.956010434322479341e-09
4.155927268989501044e-10
0.000000000000000000e+00
0.000000000000000000e+00
4.251669949439929042e-08
0.000000000000000000e+00
9.649966381530816761e-10
9.900871789092491326e-11
0.000000000000000000e+00
6.338313207621126821e-10
0.000000000000000000e+00
0.000000000000000000e+00
2.941236143527703462e-10
2.186042280527544790e-07
2.022431333514873586e-09
0.000000000000000000e+00
2.893431494399578696e-09
1.995826295342340018e-07
2.083063277424912485e-09
8.218813718485762365e-08
0.000000000000000000e+00
0.000000000000000000e+00
0.000000000000000000e+00
0.000000000000000000e+00
0.000000000000000000e+00
2.904441309681260464e-08
6.039376221345094109e-10
0.000000000000000000e+00
3.159537342867224652e-08
3.960176186978969781e-08
2.356626005450834782e-09
4.567392575260953436e-10
0.000000000000000000e+00
0.000000000000000000e+00
8.181310739985292457e-09
0.000000000000000000e+00
1.068023239292337223e-10
1.009492311965232147e-08
0.000000000000000000e+00
7.321492745404611924e-09
9.452669758047704818e-09
2.616704932734137401e-07
1.927478251673164777e-06
3.672548043454071376e-09
1.287753406131741940e-07
3.056481290286683361e-08
1.007139882602814396e-08
5.055183578406285960e-07
7.205397878351504914e-07
3.157421133437310345e-06
1.314396591567401629e-09
1.968909373317728750e-06
1.361597924187663011e-06
1.597620524762533023e-08
6.615634333684283774e-07
1.632761659209336358e-08
3.926255885744467378e-06
2.968797152558266816e-10
8.772271371526585426e-07
3.845647825073683634e-06
1.422944961859684554e-07
1.063590904237798895e-08
5.426701363830943592e-07
1.533406113196633669e-08
3.055054094147635624e-07
2.879044586734380573e-06
7.713219218885569717e-08
2.500934215277084149e-07
1.065326244997777394e-07
3.226747594453627244e-06
1.173151034095099021e-07
1.480632505490575568e-08
3.705076068172274972e-08
2.964795612570014782e-06
1.007030618893622886e-07
1.700990281960912398e-08
5.762980208601220511e-07
9.700243026600219309e-07
3.670576518288726220e-07
3.814295990167693162e-09
0.000000000000000000e+00
1.556645479183771386e-08
9.096889463933166553e-09
0.000000000000000000e+00
8.299931408828342683e-08
0.000000000000000000e+00
7.174331244641507510e-07
0.000000000000000000e+00
2.667312628545914777e-07
0.000000000000000000e+00
2.524667479519848712e-07
2.476145482432912104e-06
5.749942033617116977e-08
0.000000000000000000e+00
0.000000000000000000e+00
0.000000000000000000e+00
0.000000000000000000e+00
9.864176142571068340e-09
0.000000000000000000e+00
5.970250960274370300e-09
2.706669874896761030e-07
7.177040073358398331e-10
7.223037445935887035e-11
4.813151210925070700e-09
0.000000000000000000e+00
0.000000000000000000e+00
0.000000000000000000e+00
0.000000000000000000e+00
0.000000000000000000e+00
5.053273355315468507e-10
5.904779332155385418e-09
6.974221644640010709e-09
1.265403852812596597e-07
5.470614627967052002e-09
0.000000000000000000e+00
0.000000000000000000e+00
0.000000000000000000e+00
1.120466053272650697e-09
6.570863853028185986e-09
0.000000000000000000e+00
1.580908320919505172e-10
4.115431124773749616e-07
5.807037837257666979e-07
3.839949442863144213e-07
7.159641768339497503e-07
4.692703612363402499e-07
3.649016093731916044e-07
3.572538673779490637e-07
1.346913514055358974e-08
7.121548151189927012e-08
8.507556685799499974e-07
1.611451665439744829e-07
3.644090327270532725e-07
1.146213435276877135e-06
6.592416070816398133e-07
7.333771918638376519e-07
1.268682012778299395e-07
9.768911013452452607e-07
5.020685875933850184e-07
1.608001696240535239e-07
9.445205364499997813e-07
2.493047759344335645e-07
1.281026470678625628e-06
1.745001156905345852e-07
2.898729860589810414e-07
2.766007582977181301e-07
3.783436000048823189e-07
7.228273375403659884e-07
8.588310151935729664e-07
5.188659997656941414e-06
0.000000000000000000e+00
8.258275313588470112e-11
4.026224331710182014e-08
9.095735009623240330e-08
1.532221062916505616e-06
4.431579370134386409e-08
2.965843805213808082e-06
1.494228513365669642e-06
2.781390094241942279e-06
1.774842388613251387e-07
1.504387569184473250e-06
9.988872839983287122e-09
2.047359203061205335e-06
3.313979561880842084e-07
1.643277869334269781e-06
4.669105237553594634e-06
2.006023805734002963e-06
1.597827463228895795e-06
4.585773467624676414e-07
7.297459205801715143e-07
6.577272415597690269e-07
1.321704871770634782e-06
1.471483074055868201e-06
8.282643193524563685e-07
4.602690751198679209e-06
1.762210217748361174e-06
2.964010832329222467e-07
1.718907697068061680e-06
3.647964774700085400e-07
3.665913482109317556e-06
5.659084081344190054e-07
3.827790806099073961e-06
1.497883204137906432e-07
2.408968136080602562e-09
4.306293135414307471e-07
0.000000000000000000e+00
2.726239699768484570e-06
0.000000000000000000e+00
6.543566087202634662e-06
0.000000000000000000e+00
6.562039089885729481e-08
5.410886956269678194e-07
7.546444180661637802e-08
1.593838192093244288e-06
2.562973349995445460e-06
2.083927256535389461e-06
6.368747449414513540e-07
1.502538339082093444e-06
1.549115381749288645e-06
4.201656054192426382e-07
8.317907145283243153e-07
4.665240794565761462e-06
2.159096993636921979e-06
5.728389623982366174e-06
1.463633907405892387e-06
2.118307975251809694e-06
5.126931682752911001e-06
4.870729526373906992e-07
2.475309770488820504e-07
1.271234623345662840e-06
2.786175627988995984e-07
7.217276447590847965e-07
1.585395921210874803e-07
0.000000000000000000e+00
6.138013430856403829e-10
6.268837671186133775e-10
6.677358221907070401e-09
6.178009215318525094e-09
0.000000000000000000e+00
1.146602244261885062e-06
3.297243438282748684e-07
6.862037338351001381e-08
1.282914894318309962e-07
0.000000000000000000e+00
5.309682364895706996e-06
3.604829316827817820e-06
4.515997716225683689e-06
3.607293365348596126e-06
2.016336338783730753e-06
3.252185479141189717e-06
3.398438821022864431e-06
6.059391353119281121e-07
3.453581314261100488e-07
1.459988880014861934e-06
5.998949291097233072e-06
6.317326892713026609e-07
1.230550765285443049e-06
4.164139397744293092e-07
0.000000000000000000e+00
0.000000000000000000e+00
4.288005754915502621e-07
5.440911081677768379e-07
0.000000000000000000e+00
5.242292377971580208e-09
0.000000000000000000e+00
9.448207549667131389e-09
1.065954165824223310e-06
0.000000000000000000e+00
0.000000000000000000e+00
7.419776011374779046e-07
0.000000000000000000e+00
5.238392759565613233e-07
0.000000000000000000e+00
0.000000000000000000e+00
9.935926073012524284e-07
5.236490778770530596e-06
2.449067324050702155e-06
5.017500370740890503e-06
8.688997610306614661e-08
1.938491095643257722e-06
1.632022531339316629e-06
1.753424612616072409e-06
1.242842927240417339e-06
1.808935735425620805e-06
0.000000000000000000e+00
2.113000846293289214e-06
3.990074219473171979e-06
9.229268471244722605e-06
0.000000000000000000e+00
8.638728132837059093e-08
0.000000000000000000e+00
2.470827951128740096e-07
0.000000000000000000e+00
3.043290917048580013e-06
1.033433449926235426e-09
1.914612994369235821e-06
5.930933255626769096e-08
1.901357959965821465e-09
6.690880127280252054e-06
0.000000000000000000e+00
0.000000000000000000e+00
0.000000000000000000e+00
0.000000000000000000e+00
5.443170802976737832e-09
0.000000000000000000e+00
7.019498298177495599e-07
4.736605205835076049e-07
0.000000000000000000e+00
