2.864216419595777552e-08
5.801278568640100275e-09
1.054979481551754361e-08
1.017651740653491288e-08
6.297673049715513116e-09
5.145973958065042098e-08
5.955869752938269812e-08
3.266551917846527431e-09
4.233579531387476891e-08
7.389614438579883426e-06
5.206026898463278485e-08
4.562299338317643560e-08
0.000000000000000000e+00
4.630146932527168246e-09
2.451410239245888079e-07
5.827492259413702413e-06
4.501181138039100915e-06
1.681984485912835225e-06
4.649724605343408257e-09
0.000000000000000000e+00
1.095519752388265933e-13
5.930861579628299296e-09
8.986329014248894964e-09
4.907438899692806444e-09
5.835642524765205508e-10
3.693461678722087527e-07
6.793415274763958678e-10
5.466947339272110185e-09
2.353522887688086485e-07
1.467759136453139490e-09
8.247944549566454953e-09
2.821122357943295356e-08
1.885108605673146975e-12
6.032857413629244547e-08
6.235731007109279744e-07
4.726114610775766778e-08
1.471185328227875289e-06
3.485898218968941364e-07
2.649785946218230492e-09
3.406074142731085885e-07
5.317058437981359020e-08
1.151608557847794145e-06
4.219461516186129302e-06
9.029770808410830796e-06
1.580678343771069194e-08
1.227174983853274171e-08
4.044767720756681229e-08
1.943566985573852435e-06
6.320893248812353704e-07
1.434628593699471821e-08
1.904231908156361897e-06
3.394864052097545937e-07
1.856957283052906860e-06
2.469338824084843509e-06
1.218569650518475100e-06
4.871149485552450642e-06
4.001948127552168444e-06
5.060272997070569545e-06
8.547750667275977321e-07
1.280123829161539106e-08
3.206746669093263336e-06
1.274573122600486386e-07
1.381399385991244344e-07
3.386687694728607312e-06
1.489238570684392471e-06
1.653089931608064944e-08
4.913869489087119291e-08
5.611394460203200651e-09
6.845846201031235978e-06
2.828046490321867168e-06
2.504773647160618566e-06
2.995956492668483406e-06
5.971490736556006595e-06
1.919678652484435588e-06
5.244547992333536968e-06
2.020246483880328014e-06
4.226373846449860139e-07
4.422204710863297805e-06
1.128231178881833330e-05
1.465245532017434016e-05
1.201845134346513078e-05
1.783690890988509636e-06
3.686278887471416965e-06
3.987874606536934152e-06
1.685133247519843280e-05
5.721203706343658268e-06
1.751496711221989244e-06
1.540730045235250145e-05
2.087736902467440814e-06
8.161869686773570720e-07
3.173579671056359075e-06
1.034341948979999870e-05
2.573963229224318638e-06
7.278733392013236880e-06
2.938641500804806128e-06
1.430499833077192307e-05
5.937625360274978448e-07
1.191746150652761571e-06
4.714601686828245874e-07
1.165293724625371397e-05
3.567831754480721429e-06
5.204219178267521784e-06
1.689921191427856684e-05
4.715664090326754376e-06
1.218365241584251635e-06
3.911582552973413840e-06
2.494300410660343914e-08
1.051549497788073495e-05
1.669703237894282211e-06
1.877495492408343125e-08
4.940951839671470225e-06
1.336048080702312291e-05
2.831091478583402932e-06
1.738640207804564852e-06
1.301260908803669736e-06
3.177838721057923976e-07
1.345371947536477819e-05
2.352108367631444708e-06
6.461301836679922417e-06
2.660884092620108277e-05
1.639950710341508966e-06
2.034624912994331680e-06
3.208078396710334346e-06
2.435824171698186547e-05
1.524428853372228332e-06
4.417498544739828503e-08
5.401894213719060645e-06
3.796034889091970399e-06
4.705134415416978300e-07
2.404687165835639462e-06
9.299240488758186984e-09
1.213486939377617091e-05
4.507480298343580216e-06
1.371183043374912813e-05
3.082068360527046025e-06
1.048154717864235863e-05
2.251833848276874050e-06
1.085055919247679412e-05
2.425643970127566718e-06
2.211349283243180253e-06
7.135444775485666469e-06
2.865054057110683061e-06
3.646204504548222758e-06
2.065851731458678842e-06
3.437013901930185966e-06
6.641228537773713470e-06
1.141767006629379466e-05
1.445683437850675546e-06
2.865335318347206339e-06
2.732140046646236442e-06
8.020331733860075474e-06
1.424711626896169037e-05
5.837982826051302254e-07
4.062657808390213177e-06
2.125578475897782482e-06
5.566409981838660315e-06
1.195035451928561088e-06
2.019246494455728680e-06
2.927583730993887912e-09
1.019796158630015270e-08
4.285532995140783896e-08
2.045162439401337906e-08
3.529144754210733481e-09
9.743407858309183212e-09
1.856599737948272377e-05
3.074066334818326141e-09
1.233941393508075635e-09
1.407085203908309268e-08
9.894061125947928304e-10
1.102209594705527707e-07
3.693477538035949692e-06
2.543360778872738592e-06
2.926820563686760579e-08
1.227467683051486347e-09
1.013815609240964477e-08
9.066095429943743511e-09
1.297835979130468331e-06
8.748404979996848851e-06
6.469748768722638488e-06
5.998812753205129411e-07
4.793155383708835870e-08
8.101642379187978804e-06
7.679587521458586252e-10
1.197890355797426309e-07
6.930562449269928038e-06
1.588041809164053575e-09
1.179827222586027347e-06
1.279838670598110184e-06
5.604994157692999579e-08
1.582345419137709541e-07
1.077416891348548234e-05
3.364871759004017804e-08
3.121842118147810652e-09
1.290217888083589060e-08
9.865495975702742726e-09
9.059116479193107807e-08
3.544078225337088384e-11
4.068133875989587978e-06
3.778738346227328293e-06
3.342340626488748967e-09
5.140251779778282071e-09
9.192580364469904453e-06
3.227223942303680815e-06
1.496158752445353457e-08
4.239135250827530399e-06
2.182332082156790420e-06
6.952915043711982435e-08
3.015357563640463923e-08
1.858783016395193499e-09
1.223372549929990782e-07
2.092873955916729756e-06
2.213797201111589175e-10
2.047575549113389570e-07
9.089179409116354691e-10
1.752021283607518853e-08
1.065718535642190545e-08
2.246089425561592634e-10
2.508872285034158267e-06
3.357584765772969604e-10
6.323666923435666831e-09
4.882945603412736091e-09
8.163259401783307112e-09
1.717449182869756896e-09
9.394419686614696730e-10
5.453862286231014878e-07
3.928524620278039947e-06
2.053610387520166114e-06
1.848254549408068215e-09
5.264909619384638972e-10
5.537792162613186520e-07
7.251631739535469023e-09
1.160926244025972665e-09
3.351222630953998305e-06
6.777135695301694795e-06
8.290285791190399323e-09
4.750452546886663185e-07
6.109560786171641666e-07
2.541013373047462665e-06
1.748025058034841095e-09
9.999610917077461636e-09
5.580985451558717614e-09
9.959680369320267346e-08
2.290675524818652775e-07
9.179291993177685072e-09
1.223324034071993083e-06
3.546597781678428873e-06
2.096537485840599402e-07
2.009305489991675131e-06
3.561159422904580651e-10
1.484281528973951936e-05
1.191756808793797973e-07
1.248193370884109754e-06
6.026553364790743217e-06
2.289497702534504242e-09
0.000000000000000000e+00
2.568001491454197094e-06
6.762230331247565118e-09
1.479844868867985497e-08
7.335563712018711158e-09
2.728294479226178737e-09
1.878556893375460390e-10
3.426048333921016820e-09
1.505753459696279606e-07
2.353859152037784952e-08
4.016884602719983377e-08
6.655502033936500084e-07
5.486542136168282013e-07
5.096768340706603340e-09
8.697810471858247183e-07
1.455064158051300183e-08
2.221245587463727134e-08
2.020564807025948539e-06
1.626345920158200897e-06
8.624418228464492131e-07
9.896508146312044119e-08
9.756910834823884215e-09
1.923335801734538109e-08
3.792269609448339907e-09
2.022394056666598772e-07
9.456680771791070583e-09
9.152714710580767132e-07
1.948338823609674364e-09
3.972237205829287632e-09
0.000000000000000000e+00
2.419968114786286151e-10
1.335568011739951544e-08
3.706399187564102249e-09
2.973374648718163371e-07
7.108813537826108586e-09
2.124469631326064700e-07
7.270176214518864199e-12
3.879767973558045924e-06
8.622852760709065478e-07
1.268808058618731138e-09
5.703160610437407740e-08
7.698555464230594225e-07
8.908408943852919037e-08
5.184957352355468174e-09
1.872263055702205747e-08
7.614295327584841289e-08
9.194368288945042877e-08
2.352699084440246224e-07
5.059375227794982166e-12
1.448814487048366573e-06
1.527422597291661077e-07
2.574541440480970778e-06
1.508455397924990393e-06
2.291324562975205481e-06
7.382419653367833234e-08
7.107171740017292905e-08
1.874159210046855151e-07
1.083036327287345557e-09
4.161084234510781243e-06
1.493408952057961869e-08
4.041361307827173732e-07
4.596034614223754033e-06
4.337277005106443539e-06
5.244720213681830501e-10
2.059359758277423680e-07
2.826792240284703439e-07
1.389409334112690075e-11
5.355389909311725205e-09
2.464124371215348219e-08
7.287956016455154895e-09
2.959368394783723488e-08
5.111269185675837434e-09
9.053399807612549921e-09
4.814734438696177676e-06
2.201915627608741488e-08
2.458074188638192936e-09
1.027020513078014119e-08
2.004761512353070430e-08
2.269226342832553200e-06
9.316298701378400438e-07
1.067966692858135502e-08
1.948498695725220387e-09
4.493642791203455999e-08
9.143477974760116922e-09
2.616403316224591435e-09
9.153340307932467113e-09
1.343712252577233812e-09
4.336550230021885000e-09
1.125456265071989037e-06
7.752326558474464946e-11
5.057040652900468558e-08
2.166067325504172913e-08
9.470777051490131271e-09
4.405333431378721798e-09
2.753039325398276560e-07
1.432256535593978697e-10
3.476588350537213046e-09
2.641034058115110383e-08
6.601167257258566679e-08
6.425314495572820306e-06
1.514697373750095721e-06
1.465301924241657616e-08
2.213520922111911204e-08
1.679619984762403817e-12
2.264931436846140400e-10
4.834730589209357277e-07
5.363472155295312405e-08
3.399201986553634924e-08
4.947017373524431605e-07
5.782899847872613464e-07
0.000000000000000000e+00
1.233414614887351490e-08
3.078071131312754005e-07
2.649162240686564473e-07
0.000000000000000000e+00
3.260298626628355123e-07
2.654578111105365679e-06
1.901772428425374528e-08
1.040861320689145941e-06
1.696729312605782525e-09
2.129865379174589179e-06
0.000000000000000000e+00
8.443799437429788668e-09
0.000000000000000000e+00
2.765232522961014183e-07
1.081290406546031591e-06
6.524168725263734814e-07
1.880797384501420311e-07
2.953108150904881768e-06
0.000000000000000000e+00
5.835252977703930810e-06
3.458821495883057651e-08
7.379669142437705887e-08
3.152489824742588098e-08
3.923731526356277755e-07
2.379002594921075797e-08
9.001313969747570809e-07
0.000000000000000000e+00
1.161520913228741847e-06
4.050539814670628402e-07
2.505615839254460298e-06
6.948976505327664199e-08
8.435595333367018611e-09
7.212594410610506657e-10
1.046419492922723293e-05
5.134304956300184131e-06
1.049499545047183346e-07
2.792972786380687467e-08
1.971356056174045079e-08
3.791562974697626487e-08
2.397349362581735477e-06
0.000000000000000000e+00
2.648226749002446923e-09
3.805410653257013109e-09
5.841799488592869238e-09
2.846254343324972069e-10
2.964820168926962651e-06
1.538456473326732521e-07
5.705481726181460544e-06
5.026353392167948186e-06
2.241199004160421282e-09
1.425828255463557070e-08
1.692503985850635218e-07
1.248431136247063478e-09
1.869691068634438125e-08
2.607086457828700077e-07
2.963279577272714960e-08
1.579514297134210210e-09
8.521771732716842962e-09
2.490210881944676657e-08
4.836224309912040553e-09
2.722592284953861963e-07
2.040923163804109208e-06
2.901024559465170682e-11
2.008488081628456712e-06
1.460205794501234777e-06
4.922238261428901751e-08
1.441940317148393547e-11
1.009656557471316773e-06
4.564096229842107277e-07
3.718301755384345597e-08
4.959309407581713458e-09
4.375355189267793321e-09
0.000000000000000000e+00
1.006661022984189913e-06
4.487604599034966668e-07
0.000000000000000000e+00
2.142450713366050863e-12
2.235868123534601182e-06
6.335653779387939721e-09
6.928505058567679953e-07
6.355904691446312427e-10
1.675779799370502587e-07
2.453949266012500630e-09
6.727534440642557456e-08
7.173849070341020706e-08
5.565316610334214431e-11
7.214487141027348116e-08
2.415825690604833653e-07
5.459607765878615737e-10
1.801704343051824253e-06
2.257407487604723428e-07
0.000000000000000000e+00
4.513918128168370458e-09
3.714539076327127987e-08
4.821030241686230511e-09
0.000000000000000000e+00
5.716031536984189643e-10
7.903789082774892449e-06
6.972054489295942403e-09
0.000000000000000000e+00
0.000000000000000000e+00
3.198980191854161603e-09
1.588855935708011202e-09
8.499542332174314652e-07
5.926160895342036383e-09
8.764472703148840083e-09
1.411423777852860439e-08
8.157770935213193297e-06
3.463131008629716234e-07
5.766121802253110218e-09
0.000000000000000000e+00
1.461097132171573776e-09
4.155067756528296741e-07
1.472951893788376765e-08
2.677554533647708013e-08
4.278938092738826526e-08
6.769757874280912802e-07
4.928376142743218224e-07
6.880949143805992207e-08
9.177403725857402605e-09
1.056387759490462486e-07
3.458346853335569904e-08
3.474720733365188607e-09
8.489697833624632040e-09
2.339791027594628758e-09
1.036367052620335016e-06
1.058131238096393645e-05
5.665002618115977384e-07
2.846129554257004202e-08
1.860941978293340071e-08
3.886221122684219154e-08
0.000000000000000000e+00
2.186823024885597988e-07
2.748527094809105620e-06
3.121274627648773503e-10
2.025254161708289757e-06
6.493836934851060505e-08
3.809589588232853430e-10
6.530270297844253946e-07
0.000000000000000000e+00
3.091649158903919670e-10
1.834751905960274598e-08
7.299460946796898497e-08
1.020594709189026617e-06
3.505916668089525956e-09
3.577934171161700760e-09
5.564641192279395909e-09
1.117464520916655601e-08
5.388969270825327840e-07
2.608246404633973725e-06
1.224069112737424803e-08
2.629948037125018345e-09
5.135894376451233256e-09
4.680562160075396605e-09
3.456329444873063039e-09
2.191310159105341882e-06
7.586097083844833833e-09
1.095233619707869366e-05
4.237481476820903481e-09
1.499151721873204224e-06
2.150213958884705789e-06
1.118384176379549899e-07
1.469115204599802382e-06
7.584825212347823253e-09
0.000000000000000000e+00
0.000000000000000000e+00
1.099560904549434781e-07
0.000000000000000000e+00
1.675642806731048040e-06
3.099718242083326913e-07
3.091781763941980898e-08
8.557318409430081374e-08
6.355068915553374609e-09
2.014207689526870126e-09
8.608192842984863091e-07
1.260892640297939238e-10
1.010164063508511845e-09
1.827255573516595177e-07
6.801087693020235747e-08
2.735301585232718935e-08
1.218678269410133908e-09
6.759340642759070761e-09
1.088446083485905547e-06
4.799173947134249829e-09
1.045819288947313908e-07
0.000000000000000000e+00
1.588343963021543459e-07
9.485515306550951209e-08
5.271163505682352479e-09
0.000000000000000000e+00
0.000000000000000000e+00
0.000000000000000000e+00
0.000000000000000000e+00
4.727826130590528919e-09
0.000000000000000000e+00
0.000000000000000000e+00
1.930417141693396843e-07
6.830905476817861199e-07
1.005936974252108485e-05
0.000000000000000000e+00
3.246593905714689754e-06
2.409762771549139870e-07
6.311807743131225834e-10
4.902995556221867446e-07
5.668867597563576055e-10
1.667357252266299383e-09
0.000000000000000000e+00
0.000000000000000000e+00
2.749904748355902484e-09
3.213143529023909650e-09
1.020246486405085307e-06
7.462349458364769816e-07
2.144603605813699687e-08
6.230235882753731858e-09
5.386065708989917766e-07
0.000000000000000000e+00
2.141545429878988216e-08
1.905113400368918519e-09
5.998165963916335386e-09
0.000000000000000000e+00
8.913890958694992150e-09
2.989632719163637375e-08
0.000000000000000000e+00
1.091792910301592201e-06
1.619936407237787535e-09
0.000000000000000000e+00
0.000000000000000000e+00
1.943834850026693317e-11
7.247072719707148281e-09
6.546854169897642350e-10
0.000000000000000000e+00
8.290199389193730894e-07
1.783614700379132501e-09
0.000000000000000000e+00
0.000000000000000000e+00
4.809614928547034651e-09
5.505794931082164112e-09
8.104035664757702762e-09
1.365189291391288862e-06
3.057188724397974511e-09
1.973489531792438356e-07
3.548731974944985268e-09
1.972150082130141868e-10
2.804458887339933426e-08
4.746363629237748682e-06
2.765188300557497314e-09
7.938307788890597294e-08
6.701962096400393420e-09
2.843704716148920397e-10
1.641986635547709739e-08
1.548463401945809892e-08
6.507919351861346513e-06
2.515278652026609052e-09
5.414776182988134678e-08
0.000000000000000000e+00
6.008012860547751188e-07
4.952918630785063669e-10
2.309667252120561898e-06
2.900227173086022958e-06
3.980325402608286822e-09
0.000000000000000000e+00
1.797736537412220059e-08
1.388422958825685782e-07
1.001361283670121338e-06
2.465956413288949989e-06
5.888569276635280403e-08
9.026972058734372695e-09
1.026216750688035972e-06
4.257334484947250530e-09
1.202590249604895689e-09
8.847219068464085012e-10
6.608996017121171462e-08
7.759963338571651548e-09
4.638870176876253026e-09
2.444983806526579428e-07
2.881662553022579232e-08
1.172615498035156634e-06
1.603179612175154034e-06
1.840963270716144962e-09
2.149530189399229130e-07
1.073670041762397886e-08
0.000000000000000000e+00
5.174420003584145888e-09
1.027977987178019248e-07
1.904272011188368197e-07
2.529160170183786249e-08
9.887902718830332560e-10
6.291617751230660360e-07
5.674524459209351335e-07
2.213455460586821744e-11
1.305524993666651312e-10
3.760461879664944718e-07
1.768530069057305809e-07
0.000000000000000000e+00
0.000000000000000000e+00
3.312963681167957475e-09
2.327672277147030400e-09
7.761753906265767000e-09
6.250065465174259316e-10
4.591774782625179796e-08
1.422917339510831880e-10
3.389973413092661758e-09
1.605348870725720190e-06
3.743409138223796617e-07
5.316297624347043893e-09
1.267080440570111932e-09
1.528068782619129706e-09
1.219332412816243050e-09
1.522141745979865846e-09
0.000000000000000000e+00
6.159509013947683798e-10
1.353686052141256368e-09
5.315247353365748495e-09
0.000000000000000000e+00
4.047272739171603462e-09
0.000000000000000000e+00
5.771898159423471952e-08
0.000000000000000000e+00
1.596401055792284751e-08
6.491916726414359573e-11
7.385397680081950966e-07
1.287398965210684310e-09
4.843615508676180070e-10
0.000000000000000000e+00
0.000000000000000000e+00
1.002273680716925242e-10
7.885578301447537797e-10
9.994927552270382876e-09
0.000000000000000000e+00
3.015582894505541844e-09
8.495470069647126365e-07
3.649456070675682895e-09
9.797924249710376898e-09
4.128748400944459718e-07
3.907334757968783379e-07
3.788781732794177515e-09
2.838626556034284931e-10
4.735343281936366111e-06
1.794201466509548482e-06
0.000000000000000000e+00
3.694052175262640958e-09
7.902711374185855675e-09
1.994694969198462786e-07
0.000000000000000000e+00
0.000000000000000000e+00
1.957143336284161705e-09
0.000000000000000000e+00
3.966955652856540837e-09
0.000000000000000000e+00
0.000000000000000000e+00
0.000000000000000000e+00
0.000000000000000000e+00
4.074923509733707760e-08
1.431231688719947215e-09
1.099556268258083946e-08
1.370160518376906111e-08
1.247170189344615210e-08
1.964117224417805119e-08
2.335134468012256548e-07
1.493706158761654024e-09
4.723329366518314032e-11
6.701458499236423449e-09
2.765157773865212221e-07
2.179308921768097207e-06
2.079747929428776843e-08
3.086685129716215670e-09
5.913224185860599391e-07
1.158355078523243264e-09
4.669097553033907388e-09
8.248911399277858436e-06
2.551935267547378317e-06
1.923242507473332807e-07
2.445024849251353771e-09
3.089693123570214084e-08
3.857360013626021100e-07
1.760092516178701771e-08
3.396261050170323870e-08
1.955724915347900605e-09
5.097884780980166397e-08
5.223320727054669987e-07
1.770451008020756944e-09
2.301737273002757433e-11
8.286502861665212549e-07
3.300414519458172435e-08
9.325546557192865293e-09
9.279853543375793379e-07
3.139508930605217074e-10
2.380306341365212575e-06
3.815088869818517026e-12
1.448547891413909383e-06
5.671814164998068009e-07
5.819241616356052305e-11
1.692238349448871304e-08
1.671867551067407476e-07
5.618652210159780225e-08
3.213649790723138722e-09
0.000000000000000000e+00
2.835791379496299669e-09
0.000000000000000000e+00
0.000000000000000000e+00
4.446242201083805412e-07
4.720236290722823469e-07
5.551880377652196330e-08
5.136410852202288879e-09
1.506800868973645624e-12
8.311467070143407909e-09
8.171356036257293454e-09
2.147613820113747352e-08
0.000000000000000000e+00
0.000000000000000000e+00
5.687588622294015295e-09
0.000000000000000000e+00
4.242068918358654628e-09
7.873453278239850306e-11
2.704736656866657540e-09
1.888754219692145853e-08
0.000000000000000000e+00
0.000000000000000000e+00
3.752284953861817485e-07
0.000000000000000000e+00
3.192669169038708787e-07
8.087828184955014876e-09
2.140574650866255979e-07
9.360491048937547021e-08
2.040666835512183752e-08
4.025243693916991106e-09
2.031036672178743174e-08
2.710185320609070914e-08
1.137493654823629186e-07
0.000000000000000000e+00
1.935961648769080057e-07
9.609002482591222360e-09
1.395068860432502333e-08
6.726473156248857777e-09
1.403858918003209055e-09
1.053533704720166497e-09
5.585352482739835978e-07
0.000000000000000000e+00
0.000000000000000000e+00
0.000000000000000000e+00
1.656607295785761380e-09
2.715054014945650351e-10
9.264108769002632471e-08
6.059948653991398260e-10
0.000000000000000000e+00
9.519439680971686357e-10
2.813222295117157046e-07
8.348584601414188455e-10
3.253160629768103718e-09
0.000000000000000000e+00
1.715363495691235585e-08
2.150085220975483935e-09
1.040802317220368423e-06
1.663923512751352973e-06
1.884832414589254768e-07
0.000000000000000000e+00
2.617230393298086710e-06
1.094561412173788995e-06
0.000000000000000000e+00
1.093670675800240133e-06
0.000000000000000000e+00
5.664278646122511418e-08
7.715324557011626894e-08
7.058704909468360711e-07
1.057775089741141983e-09
0.000000000000000000e+00
3.151328655803808942e-07
2.465290749320558916e-10
4.097626238319662662e-09
5.945681778030120768e-07
1.091711169465270359e-06
0.000000000000000000e+00
1.809714333944612008e-08
7.582716676779455156e-10
0.000000000000000000e+00
4.651581093639833853e-06
4.937278390571009368e-07
1.735586430129387736e-08
4.490469329709867452e-09
2.399223220095336728e-08
5.573969286132296475e-09
0.000000000000000000e+00
5.313877782242570902e-09
3.637167900194526737e-09
4.936149267109612992e-10
2.915045627105428139e-07
8.854134648572653532e-06
6.906774263626402899e-09
6.566066357294175759e-09
0.000000000000000000e+00
4.802486728294752538e-07
5.055701421952107921e-07
1.294188312073174529e-09
1.257014492495045488e-08
1.100460806924274948e-07
8.881338331434562861e-09
6.573438440682366490e-06
1.316803821538314878e-08
2.170795099232236680e-08
2.671605381365793619e-09
1.656204773325953283e-08
3.313528509352181572e-07
0.000000000000000000e+00
5.996529353069490753e-07
1.718840070275007292e-09
1.710060359982890077e-06
0.000000000000000000e+00
1.873976202659832779e-06
7.393717851300607435e-07
9.828674762957234634e-09
7.629816423104784917e-07
4.268669897555810167e-07
1.640126356505788863e-06
5.763777011225101887e-09
3.134823600703384727e-06
6.070312338124495000e-06
1.340643933644969366e-07
1.380084757585109401e-08
7.820847081063675432e-09
1.413210548584231674e-09
7.985446970337761741e-09
1.750368205932772980e-08
5.076385534152905166e-08
8.065778445143223507e-08
3.859098818281836429e-09
6.873976499122136374e-09
5.332345676123395606e-10
3.414149318814452272e-08
7.176850402856871369e-08
1.617173239765179460e-07
1.071498356708389110e-08
7.361879994505216018e-09
0.000000000000000000e+00
1.221903175974148326e-06
2.354475782340159640e-06
6.730702466484217439e-07
0.000000000000000000e+00
0.000000000000000000e+00
5.357483701118326280e-07
1.648637670825792156e-09
0.000000000000000000e+00
1.036731873682583682e-06
7.284012504271686339e-09
2.195968136220471933e-07
8.021180941675254417e-10
3.606735106131964130e-07
6.376344785508081259e-09
0.000000000000000000e+00
6.474058977801178116e-08
0.000000000000000000e+00
0.000000000000000000e+00
4.366531136668072577e-09
4.089252936267939731e-09
1.109235592267054926e-09
4.395209917589307236e-14
2.262672049724301360e-09
0.000000000000000000e+00
7.675624829062144272e-07
0.000000000000000000e+00
0.000000000000000000e+00
0.000000000000000000e+00
3.501949841222540272e-09
3.125355263478013512e-08
1.891634071604642031e-10
8.477079660451636300e-08
7.115312783412264253e-09
3.543765387803432532e-07
1.296949747597864189e-08
4.089773767042281793e-13
1.281058459312589548e-08
3.005371240760723595e-08
2.904254969848807377e-08
1.949276111190556549e-06
2.160792718086668174e-07
3.626839051307229056e-09
1.361224121865234338e-06
1.326978122051514219e-06
0.000000000000000000e+00
1.949796057942876359e-08
9.937906497725634836e-07
1.303531718122030725e-07
0.000000000000000000e+00
0.000000000000000000e+00
1.549541051026892546e-09
2.278640387487484986e-08
6.787613582304174997e-09
1.157120799177846493e-08
2.879932736732371268e-09
5.782355856354115531e-06
9.699344438729440299e-09
0.000000000000000000e+00
0.000000000000000000e+00
0.000000000000000000e+00
1.706851548988197464e-08
0.000000000000000000e+00
2.422364753229544476e-09
4.760320582164467851e-09
7.731626894269538752e-09
3.690824712521134643e-07
0.000000000000000000e+00
3.232067058434040518e-08
1.764802881609739416e-08
5.819451942556952417e-08
4.173690004716235080e-10
0.000000000000000000e+00
0.000000000000000000e+00
0.000000000000000000e+00
5.879409847864280891e-09
5.807885372632881626e-07
6.121178675044802731e-09
1.205938682247165161e-09
4.439769440978125203e-09
7.653260922779736575e-07
0.000000000000000000e+00
4.183726787232444622e-07
6.962937248999878648e-08
4.442877177268655942e-09
4.982522838758995931e-09
2.247756869522277157e-09
7.542096369661521749e-08
2.332667008886346593e-06
1.372808422495097602e-09
1.970505962844981696e-07
0.000000000000000000e+00
0.000000000000000000e+00
1.454800391265109738e-09
6.437102939571559546e-08
1.624207968120572332e-08
9.108023135695475503e-08
3.640080459277328373e-09
1.910356139944724418e-08
1.319852071901550516e-05
2.006318133851436869e-08
1.928730739564343821e-07
4.859882452024066879e-08
8.835523979122683613e-10
2.599611889309016988e-06
4.227496788189455401e-07
6.895649562466132920e-07
1.131726001801780512e-08
3.316567576128193195e-10
7.562741544120399340e-09
1.184631504003164082e-09
5.894482235646592017e-09
2.421886158288089064e-08
4.760642298151651630e-07
9.743678752727191750e-09
1.538968490422121249e-07
3.666644987632139419e-09
6.611932349187554792e-06
1.754683620625030471e-10
2.614563499037103611e-08
8.248757126239070203e-07
6.993901280338832294e-08
1.919892582691318239e-07
4.355176486114942236e-07
1.847963517320749816e-06
1.150125285676040221e-06
3.290660899324393540e-08
3.056780997212626971e-07
1.188944276364622965e-09
9.584222304681588867e-09
3.151926080136036035e-07
5.035636263528431300e-08
3.106741814917768352e-07
0.000000000000000000e+00
9.094370767570580938e-08
1.048736422148976999e-07
8.869313283810242865e-09
0.000000000000000000e+00
2.235837648356664431e-08
1.983719073450629367e-07
1.204084725259235711e-07
2.214988548132623691e-08
3.653058688879440297e-10
2.475223368283985259e-12
1.515258318818268890e-08
3.806017900842562085e-07
5.473734798755458542e-10
0.000000000000000000e+00
5.474676267880340674e-09
0.000000000000000000e+00
0.000000000000000000e+00
2.863428417987368135e-11
1.268192928449707324e-08
2.984214830803466612e-08
2.380025776460570341e-08
1.804110105751988158e-08
5.289340379022178240e-07
5.304325867427905905e-09
0.000000000000000000e+00
1.267699945017852770e-09
1.212961677765633794e-07
1.450141812187055734e-10
5.283891368890181184e-07
7.189015605035820045e-09
1.421520678945853433e-10
0.000000000000000000e+00
0.000000000000000000e+00
0.000000000000000000e+00
2.636210410855710506e-06
5.878225128874703387e-10
0.000000000000000000e+00
6.398603868973395947e-09
0.000000000000000000e+00
3.776870585170399863e-07
1.224822057110941387e-07
0.000000000000000000e+00
0.000000000000000000e+00
7.859240724883420626e-08
0.000000000000000000e+00
2.858049974463483522e-08
1.924836512401384425e-09
0.000000000000000000e+00
9.914862708626515087e-09
1.384890674360761409e-10
7.811000735102879844e-09
1.301623075988800338e-08
5.501894406734209042e-07
4.668075632707768818e-07
1.439225960631063117e-10
1.549023807001503883e-07
3.547735971665133548e-08
9.335620632100471994e-08
3.638087662238831399e-07
5.317394524695373548e-09
3.708094498122704863e-09
4.840847509512968827e-07
4.459636659959187455e-09
2.786866843962343410e-07
8.603135093210312334e-09
0.000000000000000000e+00
9.276921275613858597e-08
0.000000000000000000e+00
7.881759245265129721e-09
8.138362872500692902e-09
2.651058750302581757e-08
1.556192898988228990e-07
2.720184610893738864e-08
3.859226183067221427e-07
1.446958108886065020e-09
0.000000000000000000e+00
0.000000000000000000e+00
0.000000000000000000e+00
1.870923682645297959e-08
1.766644497358527133e-09
2.172227553387529042e-08
8.646957455615833510e-11
0.000000000000000000e+00
1.603429744534423662e-08
5.697623262079787310e-09
0.000000000000000000e+00
0.000000000000000000e+00
3.571132278779032276e-09
1.781736869155281511e-09
2.769908746813598555e-08
5.742044209000596311e-07
9.604887551972751680e-09
2.892028283518754961e-11
0.000000000000000000e+00
4.672179727549519157e-07
4.591521474139881320e-07
2.882919432067865273e-07
4.748062565340660512e-08
6.603383440051402431e-08
9.359634134398220340e-08
1.477985875908416347e-07
1.569862639883012889e-08
3.754034305636366753e-10
5.031692396073594864e-09
6.592720591669376518e-09
1.421687922942282967e-08
1.686753403618013181e-09
2.372312790654973469e-09
6.392811169320111730e-09
4.236517270328477025e-06
1.486453470533888321e-06
6.604719260394631419e-07
1.000858787847391795e-06
1.085662004740584052e-09
7.673159529986151028e-08
1.580656999067286961e-06
2.851347062460263260e-06
6.238276739622961031e-08
8.603062440215580864e-08
9.283662620873656124e-07
3.043641783051498351e-08
1.834827259017401957e-07
3.050772789947586716e-08
4.455071334064086841e-08
4.158157196343381656e-08
4.024043764871976236e-09
0.000000000000000000e+00
1.512960920990735758e-07
2.758376638212212129e-07
1.029254974582727300e-07
1.516390790712307535e-09
6.136566810255317250e-08
4.999185875931289047e-06
3.018792438247430709e-10
2.102310418194974773e-06
1.573575787006120663e-06
6.138656658549734857e-07
1.908616837908994057e-07
0.000000000000000000e+00
1.227179602381056611e-08
5.049874118867592188e-08
2.464044882799498737e-06
6.219531112350296098e-09
7.605555296663624176e-09
1.474853217331428823e-08
5.947507819570319043e-09
6.790057849315189742e-09
3.568417014321312308e-06
1.902901942685275571e-07
5.310020867455023108e-09
0.000000000000000000e+00
3.603902314353035763e-07
3.960472574893181275e-12
4.327066562836989760e-07
1.670120575170130905e-08
0.000000000000000000e+00
1.263675608598191502e-09
9.168787755697849207e-07
7.309934630939096678e-07
7.460382533963638707e-09
7.049612804621574469e-07
4.066414760472980561e-09
8.683431751421721856e-09
2.131067100563655003e-09
9.227081818607985042e-07
2.911144392214737309e-08
2.924082753708034943e-09
1.111467007319788536e-08
2.022345846341977449e-09
2.921094051089312416e-07
0.000000000000000000e+00
4.677269771491410211e-08
1.902873691506101750e-06
2.201076876318097675e-09
1.018674122832408102e-08
6.724614615150059649e-11
4.857304816141549964e-07
8.556774844237224897e-09
4.271890396978506033e-09
1.805966292067751056e-07
7.420813963321393203e-11
8.080280622380087152e-08
2.163287327050511522e-08
8.273980611761544424e-09
0.000000000000000000e+00
4.868029009230667725e-06
4.805588815770533984e-09
4.853328849918625565e-09
3.302182312314716484e-12
3.802656800555581640e-11
0.000000000000000000e+00
0.000000000000000000e+00
1.947380173783486157e-10
1.239253699658604546e-10
6.062134350059977805e-09
2.486505890075818570e-09
0.000000000000000000e+00
6.027924825957597932e-09
1.062881449520602928e-10
6.160656429443633897e-09
5.131119564794062171e-07
7.361222742474637926e-08
2.468292947810368787e-08
1.579625141800988786e-08
3.064400644348097558e-08
5.385927792644906731e-08
1.344630629063203742e-08
6.177929634532119962e-08
0.000000000000000000e+00
1.098658572118438315e-06
2.946303290229934646e-08
0.000000000000000000e+00
2.194673953681558487e-07
1.147406123891414609e-06
6.487302357527369168e-07
3.534861070519923487e-09
0.000000000000000000e+00
5.894475130219234416e-09
2.245976842008001739e-11
6.537708259202190675e-07
3.405089543662143114e-08
4.096696670785604510e-07
1.026199925036053173e-08
0.000000000000000000e+00
3.075111693062737572e-11
0.000000000000000000e+00
3.158982408990596014e-09
5.102656075450795470e-10
0.000000000000000000e+00
0.000000000000000000e+00
2.881840259760792833e-07
0.000000000000000000e+00
0.000000000000000000e+00
2.975411064198851818e-07
9.358207542220497999e-09
1.450132192104547357e-08
5.362874162528896704e-07
4.510508855304351528e-09
4.931209787173429504e-07
0.000000000000000000e+00
9.148513413492764812e-08
3.274870999381285230e-11
8.752504276898775970e-10
0.000000000000000000e+00
2.909051666222239874e-09
8.117210015257114719e-09
0.000000000000000000e+00
9.745798612570411024e-10
7.329983842119247583e-10
1.540729499538429081e-07
8.880753910034400178e-10
1.678534090387984179e-06
7.413593294813836110e-09
2.625633896968793124e-07
3.913395829613364185e-08
0.000000000000000000e+00
1.194197011500364169e-06
9.725125593718075834e-09
0.000000000000000000e+00
2.922167041674583743e-08
1.088318697384238476e-07
3.273955144322826527e-06
0.000000000000000000e+00
9.046422277947385737e-09
2.680242028318957637e-09
1.100531932252124534e-08
8.953935548561275937e-08
5.653199242061646146e-09
1.320644371638479697e-09
2.773581968540383969e-07
0.000000000000000000e+00
0.000000000000000000e+00
5.673577163634035969e-10
1.576414332404851848e-09
7.775254218245208904e-09
3.762278044661115928e-09
2.198990989299431931e-09
7.123213574544706717e-09
2.870050641590182749e-09
9.702925574117671204e-09
6.215651637830887921e-08
2.410511967809725320e-07
7.064754470320622204e-08
5.652461165794875342e-09
5.580698143603513017e-07
1.123910919886839110e-06
1.291213980181282750e-08
3.049543950695010608e-09
1.697701463854173198e-06
1.428523717095231405e-07
1.563269291793289995e-09
2.381859820488330115e-09
1.573834929047279729e-08
7.005169067042515962e-08
8.998735978593686013e-09
0.000000000000000000e+00
2.550613498186748984e-09
0.000000000000000000e+00
2.050974899248103611e-06
9.974814751956273540e-09
1.211955535929121197e-10
2.646925567617586239e-09
1.396452034896356054e-06
0.000000000000000000e+00
2.024991507809659197e-09
1.383231619911384769e-06
1.191438503411745842e-09
6.755060510954535857e-09
2.337742444069590420e-06
4.344189008520515927e-08
1.387543968611737455e-09
1.653252290623186127e-08
1.040225129145255778e-06
7.924953471238893599e-10
5.687426085643210172e-10
6.335047828542883508e-07
2.752859940002849726e-09
1.474662383316172054e-07
2.025807965821968537e-08
2.123510512319626287e-06
8.260537924797972664e-07
7.241054049700323958e-07
2.177608537934361266e-09
0.000000000000000000e+00
1.062138252905242553e-07
0.000000000000000000e+00
1.446252362313771300e-08
8.305576102429768071e-07
1.591979383874786436e-07
4.181545421033661114e-08
7.578496052929040161e-09
5.278386616680563748e-09
1.505290470049658325e-08
1.669985607577473274e-07
1.729366800873322063e-07
6.514870165119646117e-06
1.397756577148356882e-09
9.793175159700240329e-09
1.083103597920853645e-07
2.223015549418505543e-09
5.139284908750596514e-08
2.753949672751332400e-07
0.000000000000000000e+00
2.993181924537680061e-09
5.799692726071725701e-09
6.886918413329112809e-08
2.002413346247067238e-09
1.508180069720310712e-08
2.144538939319318160e-06
5.478074882603323204e-08
5.235467028796847444e-07
0.000000000000000000e+00
6.385417528065318038e-09
1.883756972631545068e-08
6.267901397905006888e-08
5.632807553723750971e-09
6.483429615400382318e-08
7.572970730507222470e-07
0.000000000000000000e+00
0.000000000000000000e+00
0.000000000000000000e+00
1.862718690404108202e-08
2.688656408622591698e-09
7.256224954232948221e-09
3.571264883817093505e-08
5.007298131687321074e-09
9.840005255057349132e-09
3.397134573646098943e-09
3.842902884798604646e-08
4.408367421104841810e-11
4.398875219635556277e-08
5.873819208801478453e-10
0.000000000000000000e+00
8.639438497937135253e-09
5.369655678351967568e-15
9.377229659435215581e-09
0.000000000000000000e+00
5.900408162062831252e-09
0.000000000000000000e+00
1.299195862003443835e-08
4.856980442835556744e-11
1.357730781137433951e-07
1.190190488387088408e-07
7.133030610617652201e-09
1.597233136862996616e-07
5.587334328538418049e-08
1.012634420760605281e-08
5.443024069656798858e-12
1.044630408841840108e-07
4.808723588212160394e-07
2.901194875448709354e-07
0.000000000000000000e+00
2.986456138387438841e-06
0.000000000000000000e+00
3.241407364740211960e-09
4.501292671932333178e-09
2.356022710259253472e-09
2.622374779548408696e-07
0.000000000000000000e+00
0.000000000000000000e+00
0.000000000000000000e+00
7.678646607445216432e-10
1.052404030588149908e-08
7.641255628243470710e-09
3.592416641939877309e-10
2.725892045418731868e-08
3.160804395996308358e-10
7.332282336847129045e-09
0.000000000000000000e+00
3.482441357505194901e-08
1.319206699434971597e-08
1.700545055882685119e-07
2.298998502681115497e-08
2.649208352689669255e-10
1.146348722613765858e-07
9.544707246789130295e-09
8.573621812502096873e-09
7.091023324079515078e-09
1.487568054847621113e-11
0.000000000000000000e+00
2.575350414694976831e-13
5.325131002820171489e-09
0.000000000000000000e+00
5.395212951952998992e-07
3.354837190272519365e-07
0.000000000000000000e+00
0.000000000000000000e+00
1.113211922643131402e-07
3.515503443907164183e-09
1.593727927406973777e-10
0.000000000000000000e+00
4.247572571447477685e-10
8.096702752702356065e-10
1.300005525450842470e-08
2.173818902662105756e-09
3.710229293574229814e-06
0.000000000000000000e+00
3.698777395477748087e-10
6.460064039259805213e-09
1.064982338427888919e-10
0.000000000000000000e+00
1.364131065884066629e-07
4.803660136332155162e-09
1.043155517521654474e-08
9.927372701667991350e-08
7.328110118720587707e-09
0.000000000000000000e+00
1.747587075051626471e-09
0.000000000000000000e+00
6.042437661335497978e-09
2.692852163477255090e-09
4.620978799607655674e-08
1.599627665882508154e-07
0.000000000000000000e+00
1.497578616671546570e-09
0.000000000000000000e+00
1.018330753055352034e-08
0.000000000000000000e+00
5.541303180200962686e-11
0.000000000000000000e+00
2.087872871925355867e-06
1.590627675795985851e-06
0.000000000000000000e+00
4.436419676068226181e-09
9.122626210000817082e-09
0.000000000000000000e+00
7.491269116144394502e-08
0.000000000000000000e+00
8.231534565084075439e-09
0.000000000000000000e+00
4.109132145657667934e-09
6.280229225552602657e-09
8.275661933510036761e-09
0.000000000000000000e+00
8.533331374849240092e-09
5.094816568629312314e-09
0.000000000000000000e+00
0.000000000000000000e+00
9.825981805988703854e-09
0.000000000000000000e+00
0.000000000000000000e+00
6.982477316341828555e-07
0.000000000000000000e+00
0.000000000000000000e+00
1.260765714050648967e-08
0.000000000000000000e+00
0.000000000000000000e+00
3.594529951467251294e-10
0.000000000000000000e+00
0.000000000000000000e+00
0.000000000000000000e+00
0.000000000000000000e+00
2.844339874741308449e-09
0.000000000000000000e+00
1.522363390904502012e-08
1.318247400128313984e-09
3.796104056097426849e-12
0.000000000000000000e+00
0.000000000000000000e+00
1.051632336768193454e-09
1.635492807849914243e-08
0.000000000000000000e+00
0.000000000000000000e+00
1.492484691389961426e-09
9.713859938642599445e-09
5.590795826293515347e-09
5.173098998056957498e-07
5.452265838812309084e-08
6.472562930071035225e-09
0.000000000000000000e+00
0.000000000000000000e+00
2.112980901358696428e-09
9.057309069415708791e-11
0.000000000000000000e+00
4.921168805793740830e-09
3.935201053906212110e-09
7.410788498418696690e-07
0.000000000000000000e+00
0.000000000000000000e+00
0.000000000000000000e+00
1.978404107205733453e-09
6.094122984023897516e-09
3.546941559906535701e-11
3.114225322065067303e-09
0.000000000000000000e+00
3.209752776067720248e-12
0.000000000000000000e+00
0.000000000000000000e+00
1.255038434289090787e-10
1.432063534423377860e-08
0.000000000000000000e+00
4.916393958609432957e-09
2.611919569517340278e-09
3.000122816843031615e-09
9.769085984601133532e-09
7.283462721829891962e-10
0.000000000000000000e+00
6.543939834458001314e-10
2.834772194759693775e-09
5.185498253013065550e-09
1.125459947459717114e-09
1.626922312425449491e-06
1.170587893284391612e-08
2.057910092334580554e-11
3.064601017399581906e-08
3.694559769229499580e-09
9.170017634119176364e-09
0.000000000000000000e+00
6.280028164162843041e-10
8.251295184891205281e-07
8.918555494119573268e-08
4.975775347304534080e-09
7.060053519580833381e-08
1.695584650462933496e-08
1.528930397398653440e-06
5.672001496953571476e-12
1.384521031155827586e-08
6.701638710637780605e-08
5.772049462393624708e-06
1.359707084702677093e-06
5.570664143306203187e-07
6.143740627351235162e-09
1.620802208890381735e-06
7.756537634406868165e-10
1.402789621351985261e-06
2.944335220078642124e-09
9.041663133757538162e-07
6.893733917046063198e-10
4.807516162941283255e-09
7.198823936960252468e-07
5.094361767987720668e-06
4.919520901758289710e-10
2.388919062568106710e-10
9.417291835234209429e-09
5.513660653377883136e-06
7.595241768854066322e-09
6.806634367251263029e-09
2.328389882677583955e-06
1.296257096328190528e-06
4.907527273445566607e-09
1.066426502660533515e-09
8.376782147934136447e-07
3.632032075984170660e-06
4.436927156348247081e-06
5.680459480572608300e-07
2.501150220268755220e-06
9.052089922079176176e-07
5.561270999265843784e-09
4.545328113891855537e-09
5.930707658308165264e-08
2.126091080967285052e-09
8.683181249580229633e-07
7.014083536205362179e-09
1.446471298294227381e-08
9.828490910024356708e-09
1.925839043792620942e-09
7.717804919593618251e-07
1.298994050102919573e-07
0.000000000000000000e+00
9.338662465552260983e-08
6.755078718612139710e-10
4.101863851246889681e-06
2.818964048856287263e-07
3.518607349928259964e-10
5.084880867062269161e-12
1.228588075719017070e-08
4.728711289203602064e-08
5.914250209571036976e-07
8.209468660425045528e-09
1.867089025608947850e-07
3.383377702448342461e-07
0.000000000000000000e+00
1.124447468470179956e-08
3.901302818576368736e-07
3.376270285571081331e-07
3.331408038320660125e-08
2.792066355894462504e-09
0.000000000000000000e+00
9.885832596978616493e-09
7.595477313770970795e-08
0.000000000000000000e+00
7.722084305328280607e-09
0.000000000000000000e+00
0.000000000000000000e+00
9.544138492856291123e-07
2.230603257658003713e-09
1.049158182553355800e-08
0.000000000000000000e+00
7.757320119594623975e-09
3.452387264957224033e-09
5.791320134562738531e-08
9.374839571307802544e-09
1.034920504849878853e-08
0.000000000000000000e+00
0.000000000000000000e+00
0.000000000000000000e+00
8.503606068188673817e-07
3.989676210930381828e-12
2.801389875628501613e-08
0.000000000000000000e+00
3.307426110765732119e-09
3.479458055011264150e-09
8.660808958893539966e-09
6.056294132861239632e-09
0.000000000000000000e+00
0.000000000000000000e+00
0.000000000000000000e+00
4.321135116391872089e-11
0.000000000000000000e+00
1.979680064323474653e-07
1.890022929273982299e-07
2.453736103191772600e-09
0.000000000000000000e+00
1.945607408515570569e-08
0.000000000000000000e+00
0.000000000000000000e+00
3.945967164131758409e-10
0.000000000000000000e+00
0.000000000000000000e+00
7.116039757448788805e-09
5.091600474571578161e-10
0.000000000000000000e+00
0.000000000000000000e+00
2.493501085609750589e-07
0.000000000000000000e+00
0.000000000000000000e+00
3.435469020374171123e-09
5.753925780282997948e-09
1.924353000504197553e-06
0.000000000000000000e+00
4.474942194576669863e-09
4.714859613841326791e-09
3.333541082062296823e-11
4.025357380754712722e-09
1.146135630847311404e-09
2.505651068573921947e-12
6.721105023643758614e-07
4.800141368832555600e-07
2.673534171826474903e-10
3.097662126805289518e-09
0.000000000000000000e+00
6.607916702705551870e-08
5.232340782868050155e-09
1.205241328960937608e-08
4.272538944860571064e-08
1.272764507120882627e-06
0.000000000000000000e+00
2.695583987133431947e-07
8.120198735639405641e-09
0.000000000000000000e+00
0.000000000000000000e+00
6.279266440145647721e-09
9.876202078373808035e-09
0.000000000000000000e+00
8.125684569648683464e-10
1.409351968462146942e-09
1.600995336303867589e-09
0.000000000000000000e+00
2.737369220184859842e-10
0.000000000000000000e+00
0.000000000000000000e+00
4.174455341399152530e-07
6.091945697894729506e-11
3.315529240044412518e-10
4.544596254874022634e-09
0.000000000000000000e+00
0.000000000000000000e+00
9.987602567207432003e-08
2.185709746527209063e-08
0.000000000000000000e+00
2.165440493584469550e-09
4.054637958716966750e-09
0.000000000000000000e+00
0.000000000000000000e+00
5.738131081400865696e-10
0.000000000000000000e+00
3.503955881001274975e-08
0.000000000000000000e+00
5.103793228045105934e-07
0.000000000000000000e+00
0.000000000000000000e+00
5.996439256250596372e-08
3.472580374364042655e-06
3.017659366832958767e-08
8.677115204136498505e-08
0.000000000000000000e+00
1.343586686353148707e-09
1.884374789540288475e-08
0.000000000000000000e+00
7.615066692778782453e-07
1.425390694365091804e-09
9.801870426429104555e-09
2.571819734953351144e-08
2.627382222897267638e-08
5.015062254365432182e-10
0.000000000000000000e+00
1.877555666496277809e-09
0.000000000000000000e+00
3.177542895471674456e-09
3.464551345463973142e-12
0.000000000000000000e+00
0.000000000000000000e+00
4.178871222393354401e-07
5.136440162090138983e-09
5.120014066051226109e-07
0.000000000000000000e+00
1.532954096994387783e-09
1.036651156027801335e-05
8.815805330186776700e-08
2.293990490898067947e-07
1.687417139351055084e-08
9.030871161996856245e-09
2.236796303733967761e-09
1.163961105277167007e-08
1.111618166760308668e-05
4.358222440714598633e-07
4.203368209054758609e-10
1.857268117078092473e-08
1.867533488963957211e-10
1.781859104710292740e-09
1.377873672936402727e-06
3.097407841323729372e-08
1.212268241346237119e-08
6.100459586377837695e-07
2.371372076481748081e-08
1.022844120512900190e-08
8.326556333315693337e-09
3.437453655052991053e-09
1.586691555921504460e-09
0.000000000000000000e+00
4.366369807939918246e-07
1.909278735112707182e-09
1.165116980672564750e-08
2.606666527071865858e-08
5.982080164557146418e-09
5.243488772066484671e-07
1.312813424192427192e-06
4.839522560473596968e-08
3.827935302069818135e-08
3.520473024209991308e-09
0.000000000000000000e+00
8.334477108462579054e-09
3.000255821561381708e-09
1.125174264871020569e-08
1.366301489724719431e-07
1.010401629031321136e-08
2.403252619842533022e-05
6.844298017227856690e-09
3.177918870278517716e-06
2.668371745784270388e-09
2.082509809042676352e-06
4.343119752725499438e-10
1.006550434112796211e-07
6.493509285832033129e-09
1.536640259480748227e-09
2.344422433964155061e-09
1.048626252497797395e-08
5.414610768639249727e-07
1.155602991076420949e-08
1.484658507244773773e-09
7.196880869031474504e-09
1.337643993792880792e-06
3.761863581530633382e-06
4.953985666134030907e-08
2.174358826323441463e-08
3.295970829597649754e-09
6.413310771336000471e-09
6.102017557907402079e-09
1.096150413104624022e-06
2.467242632420152404e-09
7.016008662930062201e-09
1.020594986300693563e-08
7.244166932984796858e-10
1.638382627788814716e-06
1.245388006054781727e-07
3.351084817623806167e-12
5.918801662119221874e-07
1.523646875334350170e-09
1.124283173226103827e-07
1.665641548243002035e-06
9.139106138533747981e-10
2.770662376860855147e-06
6.293597587525567860e-11
9.554543822787309182e-10
1.636217272782403143e-09
9.508692500048709917e-09
2.096089275482881931e-07
7.081221298221862526e-08
0.000000000000000000e+00
4.477703612337791128e-07
8.363102921293830150e-08
1.424163116325871670e-07
1.013226569313019354e-08
4.073220094547025383e-10
2.145035296052810736e-06
7.135192880980412156e-09
2.083135886010722970e-09
2.186589354025159082e-09
1.331492971434755646e-10
2.075143612501051393e-07
4.106067308384808712e-07
2.244811281304492923e-10
4.973880862735313713e-09
3.430824904171458911e-07
6.262524943068115135e-10
2.214037113368316767e-11
7.491969000739118201e-08
8.792202209340072017e-12
5.297175675877952017e-08
1.029076290848252029e-08
2.038571533802269187e-09
5.819439863330444496e-08
2.734379123126018385e-08
5.307584061142733844e-08
2.494900819272061199e-08
2.455551850744086551e-07
1.560396967192900775e-08
2.633466777979265316e-09
2.812760442338912981e-07
9.894351310490989704e-11
0.000000000000000000e+00
1.189905447063210886e-06
8.685709929068252677e-09
6.940797270260645746e-09
3.733388265203529954e-09
7.635839516240139346e-09
3.492064948318329698e-08
0.000000000000000000e+00
2.639792828773579458e-09
5.717433193552778903e-09
2.412284150210552980e-09
9.953569524157046544e-09
0.000000000000000000e+00
2.464159432058465882e-10
5.907659916815077850e-10
8.967285247685197191e-11
0.000000000000000000e+00
0.000000000000000000e+00
3.020177219426045667e-09
0.000000000000000000e+00
1.051679521246740023e-09
3.670872494865307090e-09
1.194496501710773373e-09
7.832792192630222416e-10
8.834888376441085711e-09
5.782391809816544992e-08
3.421312655405017722e-08
6.452697931536022224e-08
9.919046028983302676e-09
6.859277729143187230e-11
2.692526734904276964e-08
5.499289357224768082e-10
0.000000000000000000e+00
9.738646333801170840e-09
7.287562109326017890e-09
7.754067610221682116e-09
5.890076759662576933e-10
0.000000000000000000e+00
1.300714425056526125e-09
7.110352306938239053e-09
0.000000000000000000e+00
0.000000000000000000e+00
4.393059527263432074e-11
0.000000000000000000e+00
0.000000000000000000e+00
1.179236441828379611e-08
0.000000000000000000e+00
7.979140015379471151e-09
8.067426171542990687e-10
2.680717159364576219e-08
2.769516838085905874e-10
5.962709881401906387e-09
2.906708971295302035e-07
1.171806984778811511e-09
0.000000000000000000e+00
3.905162770934111904e-08
1.647456393527590990e-08
9.489950514307565754e-08
0.000000000000000000e+00
2.971483281655196151e-09
1.042218968905217480e-06
0.000000000000000000e+00
9.167279380051240878e-09
1.970194745126718772e-07
2.739515991834196029e-08
1.008698102822336296e-08
1.400720520905451849e-06
1.119829118323423245e-09
3.587379726610606667e-09
2.880184979403566103e-09
3.088880973223240289e-08
3.836711837124084923e-09
0.000000000000000000e+00
1.132779425816465846e-09
5.956198645407084769e-09
6.580432643232825285e-09
0.000000000000000000e+00
1.655120929200393221e-09
3.406697146601800341e-08
3.884870736214907083e-08
5.511659129098234189e-09
0.000000000000000000e+00
3.736167375478771646e-09
1.610031574728054693e-07
4.656396157542985748e-08
8.639373660912497144e-09
0.000000000000000000e+00
7.807599899933848064e-08
1.612992961419479343e-09
0.000000000000000000e+00
0.000000000000000000e+00
0.000000000000000000e+00
0.000000000000000000e+00
6.418927611662184063e-09
1.527618387342499773e-08
3.847147489466351544e-09
0.000000000000000000e+00
0.000000000000000000e+00
0.000000000000000000e+00
0.000000000000000000e+00
4.039255319110424125e-10
2.225251591880805790e-06
1.177241138773654772e-12
4.749821869154402521e-09
8.002187357192269701e-09
0.000000000000000000e+00
4.401030651024484541e-08
9.206901019354063465e-09
9.135265321980057251e-10
8.816123386878871315e-10
4.761580019163602628e-09
4.421826238498738348e-10
7.323718165253012558e-08
0.000000000000000000e+00
4.191443025991503646e-10
0.000000000000000000e+00
0.000000000000000000e+00
8.588384448060537579e-10
0.000000000000000000e+00
1.190767068282028163e-10
0.000000000000000000e+00
0.000000000000000000e+00
0.000000000000000000e+00
0.000000000000000000e+00
6.326875134909926146e-11
0.000000000000000000e+00
7.911819643879880459e-09
0.000000000000000000e+00
0.000000000000000000e+00
0.000000000000000000e+00
1.116286707514291265e-08
0.000000000000000000e+00
2.180836844445366296e-07
9.158716562929214433e-10
9.149117907725212717e-09
2.041894120452525385e-08
0.000000000000000000e+00
3.120633751407808631e-09
2.082724659402401812e-09
3.769260015218378612e-09
1.437117647107299945e-10
1.626094245921194670e-07
3.301108497666405128e-09
9.677092016602273361e-09
1.595601702319981996e-06
5.319129137149047892e-09
5.746548836782494618e-08
0.000000000000000000e+00
1.017273199011015095e-08
1.191746790141223755e-08
1.069047243618115317e-06
8.801283257753311773e-09
2.703108847867952136e-09
3.139689397357869893e-09
2.104011684878059896e-07
6.822779674564571906e-09
5.124350596630300458e-11
6.945340302877411887e-09
1.906406765783685842e-07
3.275780757761026507e-09
6.520531226072989739e-09
2.622862496082234429e-07
3.241770585304948327e-08
5.575455375161908478e-11
8.132738571475783829e-08
8.081909363966133242e-09
2.658056552640175596e-10
8.003653739763194608e-09
4.673208001126916145e-11
0.000000000000000000e+00
8.842478749215842981e-09
4.622406624132935349e-10
3.083842736728570344e-09
1.218746490394551074e-07
7.423667369721442810e-08
8.151353370067226933e-08
5.893751740988772969e-13
9.802578304629605555e-09
4.644808981879577914e-09
0.000000000000000000e+00
3.860696484725423261e-10
6.603635682722597267e-08
8.760158820564356574e-09
1.509911973229804971e-09
7.696175998717080802e-07
2.538341732361004688e-07
1.148763075775605103e-07
1.306047010984912049e-06
1.531500792850692960e-08
1.514941228020205699e-10
1.778046083700246527e-07
0.000000000000000000e+00
6.019594156470020607e-09
3.979021983013808494e-07
8.273940560465931071e-11
4.148020238403660187e-08
5.884550624557505216e-09
1.975094976458535712e-09
9.614650764433463337e-08
6.063815227719260292e-09
8.083798075375625558e-10
1.258455473163166971e-08
8.884701863109967235e-09
1.043955535351415165e-07
5.322162710541533670e-09
2.673342658354727064e-09
6.139710251318319933e-08
2.104880270081821436e-09
4.487419502652301162e-08
1.480580493762317928e-07
1.357978544547222555e-05
2.312248028601970873e-07
0.000000000000000000e+00
0.000000000000000000e+00
5.071226993891286838e-08
8.453182154255500791e-09
0.000000000000000000e+00
0.000000000000000000e+00
0.000000000000000000e+00
9.719586842038552277e-07
1.484530692819063802e-10
6.447933298403540903e-10
0.000000000000000000e+00
0.000000000000000000e+00
8.707925189810339361e-07
0.000000000000000000e+00
0.000000000000000000e+00
0.000000000000000000e+00
0.000000000000000000e+00
0.000000000000000000e+00
3.816451044080793054e-10
5.253848911479508388e-09
0.000000000000000000e+00
0.000000000000000000e+00
0.000000000000000000e+00
1.730568466307147446e-09
3.158498129707254520e-09
7.986670880200108513e-08
1.178174180438418261e-08
4.765071448531443821e-09
1.072208704044896876e-07
3.273523119240451251e-10
3.753749240331671899e-07
0.000000000000000000e+00
0.000000000000000000e+00
6.226637871975526650e-09
2.573355288859602297e-07
7.367846888151063922e-10
0.000000000000000000e+00
1.629703660910308827e-08
2.917268560054253612e-08
2.444081133035069797e-07
2.392309284005023073e-07
0.000000000000000000e+00
6.690489495753126903e-09
0.000000000000000000e+00
9.341679430008298368e-09
1.014136419286160162e-08
2.592868320050456532e-08
2.785266595140001300e-08
4.504983497355397049e-09
1.554431583450366361e-10
0.000000000000000000e+00
1.234452762233217982e-09
0.000000000000000000e+00
6.938703478454044671e-08
7.243610866680683102e-08
1.284890682740069678e-08
2.539432553128051495e-11
9.722041838244876999e-09
0.000000000000000000e+00
5.049035411985869359e-09
1.455153914031726003e-10
9.011096757660652656e-09
0.000000000000000000e+00
4.112100882025515602e-09
2.981284386027738265e-10
0.000000000000000000e+00
7.221425235570677614e-09
2.193233008401795914e-12
5.388685053731023800e-08
0.000000000000000000e+00
7.301588222929922267e-09
0.000000000000000000e+00
0.000000000000000000e+00
5.848502127037136233e-09
9.291617475426505735e-10
1.799139726088583302e-09
2.332944115668311724e-10
6.829014576048564322e-10
0.000000000000000000e+00
0.000000000000000000e+00
0.000000000000000000e+00
7.280925640174018554e-09
9.967691312340321019e-07
0.000000000000000000e+00
9.858395211281845150e-10
0.000000000000000000e+00
0.000000000000000000e+00
1.396844306889022391e-09
0.000000000000000000e+00
8.937499629269041179e-09
6.138637154151638242e-09
0.000000000000000000e+00
0.000000000000000000e+00
0.000000000000000000e+00
1.059103738043631893e-08
0.000000000000000000e+00
0.000000000000000000e+00
0.000000000000000000e+00
0.000000000000000000e+00
1.872609400876967811e-09
4.822864774212121119e-09
2.085776351634649473e-08
1.314987940759237972e-07
3.422970240585243573e-10
0.000000000000000000e+00
0.000000000000000000e+00
1.526786030936477800e-09
3.581442434286152832e-11
0.000000000000000000e+00
4.126789008296327665e-07
0.000000000000000000e+00
8.906461346214200603e-09
7.591804407347524375e-10
1.425406139787810389e-07
0.000000000000000000e+00
4.371997874841326848e-09
2.463640491612295591e-08
0.000000000000000000e+00
0.000000000000000000e+00
0.000000000000000000e+00
0.000000000000000000e+00
8.117033267751594394e-09
2.943140486877382500e-08
0.000000000000000000e+00
2.791880504560140253e-09
0.000000000000000000e+00
0.000000000000000000e+00
0.000000000000000000e+00
0.000000000000000000e+00
0.000000000000000000e+00
0.000000000000000000e+00
1.861714338247111300e-09
8.947664831282509112e-09
0.000000000000000000e+00
5.220616716705706040e-10
5.100677213931703591e-09
0.000000000000000000e+00
6.574570932116330368e-08
1.838465935044553135e-09
6.733051804985734634e-07
8.321190958504587343e-10
8.009345187076633010e-09
6.714031108856488572e-09
1.275389536203874741e-07
4.491086669222710270e-10
1.212687950058466413e-09
3.385817404222279947e-09
1.306236185882880818e-08
8.714710619805998704e-10
2.957392553071258590e-09
5.402625902206636965e-07
2.743656135617555947e-10
2.696525669421134808e-08
3.701820361357022193e-08
3.754641511477530003e-06
1.396374727846705355e-06
8.602021921433333773e-07
3.818849236836285854e-08
1.531201547777527594e-07
6.448657927649037447e-07
0.000000000000000000e+00
1.196718358187354170e-06
8.322627031986939983e-09
1.056678478050798731e-08
0.000000000000000000e+00
3.492895750412117195e-09
1.029483200909453444e-06
3.539543103059372697e-09
3.639641761310485890e-07
2.219222494659334188e-08
5.292252414079712253e-09
4.073645420987759280e-09
2.378395791424736672e-08
2.396215450062300079e-06
3.455999149082344957e-07
0.000000000000000000e+00
3.047246344145548846e-10
3.716946139320498332e-06
2.102846963225601939e-08
5.255818891214403266e-09
2.662457809776697104e-09
5.085355780920508550e-08
4.640531514610302111e-09
1.727495799741518567e-07
1.742521149594722374e-08
5.248914476396748796e-07
2.073084814924186503e-08
1.322592879660078324e-08
7.315218208958640389e-09
2.448201108506964374e-08
1.627674237170140259e-06
4.973545575381876915e-09
2.731430903679665789e-08
1.033279861673008782e-08
4.894693574897246435e-06
3.929641536615235964e-07
8.590777866857024492e-08
6.579625733138527721e-10
1.524017648080189247e-06
6.174511781864566728e-07
4.481601223460529582e-08
1.062647152139106765e-05
9.652095513956737705e-07
7.728811368679089355e-09
1.439139367676034453e-07
2.768293256849574391e-07
6.117103712455218556e-09
0.000000000000000000e+00
7.222955011876308618e-10
3.891331701311173674e-08
1.437801529391435906e-06
7.415259517529193545e-09
3.586168861868799240e-11
2.215850081199732813e-08
9.961200753139110020e-09
9.338000950265268330e-08
2.052969794164027917e-09
1.217785605689414297e-08
0.000000000000000000e+00
6.813040798192560032e-09
1.954577655283173954e-08
5.283679342937830370e-07
1.617762137584577431e-07
4.129145469988770856e-09
5.598315588883906457e-09
1.670968913458636962e-06
3.096554792136885226e-06
2.165416068677927797e-09
0.000000000000000000e+00
6.831181398325725240e-09
9.468606454454686627e-11
2.838969892504650261e-10
3.482642299545979370e-11
0.000000000000000000e+00
1.011285277741080790e-07
2.492353434746519270e-09
6.094764276598496622e-11
1.663359512349416036e-07
0.000000000000000000e+00
2.650040187290869653e-10
0.000000000000000000e+00
7.270225754751891145e-09
5.638688183040585500e-09
9.789755672784394847e-09
5.613485676292384596e-09
5.642460010335526022e-08
2.307147269675624557e-06
4.865007241505736602e-08
0.000000000000000000e+00
8.723795907883413747e-09
4.713568646508292659e-09
2.404688892454487359e-08
9.902290543095659814e-09
6.137113928161852527e-09
8.080582425407101255e-09
1.175528511337953219e-11
5.325713647863494771e-09
2.008385763474507257e-06
0.000000000000000000e+00
7.193010187478421358e-09
0.000000000000000000e+00
0.000000000000000000e+00
0.000000000000000000e+00
4.693368804709052711e-09
4.804061592977859618e-09
7.454731054679086810e-09
2.915587493657056939e-10
1.812347355523158399e-10
0.000000000000000000e+00
2.385032726870406350e-10
2.495490392107058142e-08
6.261851837052745395e-08
9.981770290323765948e-07
3.408024307205437253e-09
2.214114891430085663e-09
2.182920297855162062e-07
0.000000000000000000e+00
1.017579975837179518e-07
1.734575150180717173e-08
0.000000000000000000e+00
4.623803118164460102e-09
6.874668195822053463e-11
2.213773342418789980e-08
2.704134027808891005e-09
0.000000000000000000e+00
0.000000000000000000e+00
0.000000000000000000e+00
0.000000000000000000e+00
3.927739555820153328e-08
6.746514458200181252e-09
0.000000000000000000e+00
0.000000000000000000e+00
6.851010311947902665e-06
2.024425498348136898e-07
1.784640168978057773e-08
2.163608670002759027e-08
9.362894459741255559e-09
1.650496517235922056e-09
0.000000000000000000e+00
0.000000000000000000e+00
0.000000000000000000e+00
2.801319176626293483e-09
1.779776187538217869e-10
0.000000000000000000e+00
3.911306833970229491e-09
0.000000000000000000e+00
7.213400294858729467e-07
6.966103427430425654e-08
6.409925923378523294e-09
2.061550787857413525e-07
3.216276689421704305e-10
1.004160865569758698e-09
2.083652805850988443e-09
1.241981408384162933e-06
6.463720669813710629e-09
9.620759744422002768e-11
6.175425255605659913e-07
1.432065160900108935e-10
8.319551297875094065e-11
1.991578102433777531e-08
1.013839945329664260e-08
0.000000000000000000e+00
8.952829588793065341e-09
1.150898128798871767e-06
8.818087735562585294e-07
0.000000000000000000e+00
4.792272800813179856e-09
1.509896030427171354e-08
1.628791501673276798e-08
1.269288896210696294e-09
2.039254098917808733e-09
6.772557270551260444e-08
2.095447149130791331e-09
4.134597941796158693e-10
0.000000000000000000e+00
7.010927394190957784e-09
0.000000000000000000e+00
0.000000000000000000e+00
8.271737783616117667e-08
1.042679187435169297e-08
7.366402626773904672e-11
4.303607070710313565e-08
0.000000000000000000e+00
1.826438555951881426e-09
9.430320524472790567e-09
5.060809105117414219e-09
0.000000000000000000e+00
1.062482546387855109e-09
7.919392253086243727e-09
0.000000000000000000e+00
0.000000000000000000e+00
0.000000000000000000e+00
3.862104449581238441e-07
5.435040861812012736e-09
1.000766802761177132e-09
9.985568567572045140e-07
1.019813233860134005e-09
5.265683284960687160e-06
0.000000000000000000e+00
0.000000000000000000e+00
0.000000000000000000e+00
0.000000000000000000e+00
2.092603779146884335e-08
0.000000000000000000e+00
1.048058138053420407e-07
0.000000000000000000e+00
1.354665268848975757e-08
0.000000000000000000e+00
0.000000000000000000e+00
0.000000000000000000e+00
3.037205820177746318e-09
4.275450660173873985e-09
0.000000000000000000e+00
5.003990111163147958e-09
6.104961869368707994e-09
8.657868733052964672e-08
0.000000000000000000e+00
4.111685159013944713e-10
3.584171404114044890e-09
5.498515420754301886e-09
1.436082364136836986e-08
1.286258921595617721e-08
3.686554117532381269e-10
2.311706936986013261e-10
0.000000000000000000e+00
0.000000000000000000e+00
0.000000000000000000e+00
1.949280292734556497e-09
1.949353456431879295e-10
0.000000000000000000e+00
2.374278196271006891e-08
1.272507006433443166e-06
3.688086724906725067e-09
6.218331627394491079e-09
1.461854708395549096e-07
1.129070938077347819e-06
2.728586423472734168e-08
3.797183456555330849e-09
1.092558754578476510e-08
3.191445718808694210e-11
2.206573412877332885e-07
1.003087657380774544e-08
9.566772263269740506e-09
2.366413509591325237e-09
4.180291668376412417e-09
3.744329717392247403e-07
2.099338480832102505e-09
2.874628250992827816e-07
5.947217118773551192e-07
8.935375106489118480e-09
3.593213504515802015e-09
0.000000000000000000e+00
3.835919528683007229e-07
1.923520585478399880e-06
4.662839714342226216e-08
1.708786044218868483e-06
2.409610111442361813e-08
1.199772903248685907e-08
3.580545859804828979e-09
4.148829702899092808e-06
1.938297202741523506e-07
1.245978637598454952e-06
2.442209101616299449e-08
1.603395749505409640e-09
1.259690796118206890e-09
2.397268872300628573e-07
1.349847611464838337e-08
2.524765996270161850e-08
6.971150046108931519e-11
5.343276043845435197e-09
1.184533644504881522e-07
3.605761321523459628e-06
3.795489700308962711e-09
6.212871550559384559e-09
5.065097639089799486e-07
1.160218303652982286e-07
1.046199784582313441e-07
1.988850499401451088e-06
4.738963887973568490e-09
1.150230244384431444e-09
2.118650400007027201e-06
3.800654513330670170e-10
1.522374759588274173e-08
1.195231358330772764e-09
8.282998287256759795e-09
5.329845453871939753e-09
1.557741313717997400e-08
4.532379360711047411e-09
4.207016957025189186e-09
9.757379348940276031e-10
2.246420933715853607e-07
0.000000000000000000e+00
1.870694710248699266e-09
8.245265803452639375e-09
4.470421255398093763e-10
0.000000000000000000e+00
2.288859990429159552e-09
9.037375292564320262e-09
0.000000000000000000e+00
7.815333269434177055e-09
3.713908736102666808e-09
1.268873717208407470e-08
1.689770989798944356e-09
6.612069225475636358e-10
3.986690144675009151e-10
3.823926419954659650e-08
6.684446134386234917e-07
5.264764695311896503e-07
1.516944259094543668e-08
1.547712997762573650e-07
2.127153786446456252e-09
1.662584203643291403e-08
1.153702822165314501e-08
0.000000000000000000e+00
0.000000000000000000e+00
9.032835590616627996e-10
0.000000000000000000e+00
2.231655145124022965e-07
6.011414921403002154e-09
2.178402382924105041e-06
2.341193239274730331e-09
4.837168887661391636e-09
7.638863763759218273e-09
6.360802728977432707e-08
0.000000000000000000e+00
5.226232335786562544e-09
7.635469478906031782e-10
0.000000000000000000e+00
1.714478906067462560e-11
4.012642307316127699e-08
1.497794555049836163e-09
6.546875486179715153e-09
6.153123788266157135e-09
0.000000000000000000e+00
9.944675305462169490e-09
6.567624666331539629e-08
7.808662161323809414e-09
2.501853724190539197e-10
2.002951360324800589e-09
1.547193817508230040e-09
1.781201497408346768e-08
3.115346203230728861e-09
3.159569272881412871e-10
3.094449851914760075e-08
2.044768694642318252e-11
5.871682873248573742e-08
1.400255769112845883e-07
5.693146398755288828e-09
6.530047058639354418e-10
1.386289860683120878e-09
8.177875798764944193e-08
2.484178551753757347e-08
3.168591389268726743e-09
1.609971747029703693e-07
1.454306813863937009e-10
3.191037762917403597e-07
1.941463700916301605e-08
7.242040567234653281e-08
3.839268902794401583e-09
0.000000000000000000e+00
0.000000000000000000e+00
3.285203442615625136e-09
5.053587326386832501e-09
9.890912089360881509e-09
5.471319841632293901e-09
3.832575146134331590e-09
2.288199629774112509e-09
0.000000000000000000e+00
0.000000000000000000e+00
9.574840476034296444e-09
0.000000000000000000e+00
1.036559060807462629e-09
1.728539360257297375e-11
6.428122922841339459e-09
1.452479096997194574e-07
5.371167052792280572e-12
0.000000000000000000e+00
1.278212380384502467e-08
1.432960203828770318e-07
6.388195636537752353e-13
0.000000000000000000e+00
1.321801068598915663e-08
3.908255497009349710e-09
0.000000000000000000e+00
2.785024710849626217e-10
0.000000000000000000e+00
0.000000000000000000e+00
1.181269231737003267e-11
4.601333536413676484e-09
1.817184624997025821e-09
4.531088837467223129e-09
2.768171647460349050e-08
1.420501716253852464e-09
0.000000000000000000e+00
1.371325879517826252e-07
2.917300012672541243e-10
0.000000000000000000e+00
0.000000000000000000e+00
0.000000000000000000e+00
9.572075576613769954e-09
1.233874602490914185e-08
1.662475170860489015e-07
3.528180414491544070e-09
0.000000000000000000e+00
0.000000000000000000e+00
0.000000000000000000e+00
7.607122709529789972e-10
4.696822486494056648e-07
0.000000000000000000e+00
5.328665064752158287e-09
0.000000000000000000e+00
6.088068937870616537e-10
1.562614393435524107e-08
0.000000000000000000e+00
3.654958835586086252e-10
0.000000000000000000e+00
1.219395130647171754e-06
9.709729020812574163e-09
8.169697696125410857e-10
2.222242585503408918e-07
1.776268132580582915e-09
4.350782401019159806e-09
4.876828940680866253e-10
4.410176224212136731e-09
1.371748686862517275e-10
3.950635374394551036e-09
2.724790670871612974e-10
1.052292830650003452e-08
5.687103232787649176e-09
3.148455274271100279e-09
5.238101508098225167e-09
1.374061309178387091e-09
1.943937011361640543e-09
1.211665878741996494e-09
3.816217599705851171e-07
5.714619888408378756e-09
1.567852159212179686e-08
5.357530952210254327e-08
1.315788153988250997e-07
2.818225475209601427e-08
4.310403483032132499e-07
6.295913235199179780e-10
3.236982459853265937e-09
4.759362582262838259e-06
8.080646152208714739e-10
1.147400752188332262e-07
0.000000000000000000e+00
5.466342045679084549e-09
1.371027451568807010e-06
0.000000000000000000e+00
8.788562766426366579e-09
2.711701938551414059e-07
8.515286253896192648e-10
1.277023464751891879e-08
3.339722720596682848e-09
1.213831923863040174e-09
0.000000000000000000e+00
1.137875393908416299e-08
7.985295980006412719e-09
6.205083113997034161e-10
1.731040470076550264e-06
5.217624110542828930e-09
6.727320034372041846e-09
2.741148819040972739e-06
2.869285708584357053e-06
2.022546112812051433e-07
1.646076043471111916e-06
9.649639309827762190e-09
2.081530858788482874e-08
1.509805770183447748e-06
7.830160484445514157e-07
8.829187692072082427e-08
8.799774242618241260e-09
3.675314630413595296e-08
6.710764921535883332e-08
1.048712894302639143e-09
4.253251972841098905e-08
0.000000000000000000e+00
1.547488039932432002e-07
1.782011196382882190e-07
4.678480536313145421e-08
1.235897606477465160e-08
4.175131351757954690e-08
2.722512704167456832e-08
1.125540993740514750e-09
3.758044542223615281e-08
4.243317697216753004e-09
5.908616174110647989e-08
1.043148358803591691e-06
2.025119556492427364e-06
4.002358764410018921e-07
2.695646816874841534e-09
9.186823746176742134e-09
1.166806100627582055e-07
1.215181399949472052e-09
0.000000000000000000e+00
3.360269007490757076e-11
5.653873896838135238e-11
1.285447970289510522e-09
1.393576920527550556e-09
1.324974574501425195e-09
7.899055631810369960e-09
3.799370418278158468e-08
1.484692262465614476e-07
3.293020256478484953e-08
6.026972698691679398e-08
1.610667482054850552e-06
2.669930836418643594e-06
3.333645359759884741e-09
0.000000000000000000e+00
1.830039991546072997e-06
3.281394711507346074e-09
3.289024334662826732e-06
2.284277478281637741e-08
2.691758815842604236e-08
2.251796527019678251e-09
0.000000000000000000e+00
5.567345624513109215e-07
1.322850717855317271e-08
0.000000000000000000e+00
1.272390015572000266e-08
2.353083239370334923e-08
3.331884323998224318e-09
3.382665259010764203e-09
7.131574619734237785e-08
5.977857653327589560e-10
5.325667018496460514e-09
1.326663721101795090e-07
4.508868278740862934e-10
1.322522508173662459e-10
2.832987711087753269e-08
8.255934602630077279e-08
2.302118851105205977e-08
0.000000000000000000e+00
7.955477165921820415e-09
4.462108016412003053e-09
5.970716188130609225e-07
0.000000000000000000e+00
1.073559730002671131e-08
8.145386942715049372e-08
3.778160451162193567e-09
2.989679614984197542e-09
0.000000000000000000e+00
2.934865683812404313e-09
3.291068395583351958e-08
2.781050234546000866e-08
1.003174702418618836e-06
0.000000000000000000e+00
3.555514771491630199e-09
0.000000000000000000e+00
2.434982206978020258e-06
0.000000000000000000e+00
5.387014834212777714e-09
3.211192423080433400e-09
0.000000000000000000e+00
0.000000000000000000e+00
0.000000000000000000e+00
0.000000000000000000e+00
0.000000000000000000e+00
2.940857868338753178e-08
1.096864821192866657e-08
5.561194615921749573e-09
0.000000000000000000e+00
2.014709643560763652e-08
3.775367574121446523e-08
3.178099206024853629e-08
1.280564365657710368e-08
1.090711299056579264e-09
3.669581749576877883e-09
4.309629098031564354e-09
4.619151727780490546e-09
1.081708722594498795e-09
9.993716076905911905e-09
1.927751958064050086e-09
1.064171861742124747e-08
5.984937274661206175e-07
1.668691140821465524e-08
1.726881571073590749e-08
0.000000000000000000e+00
1.789854991329775658e-06
1.193460974491244997e-08
0.000000000000000000e+00
2.691614611194381723e-07
2.531620111767551862e-06
0.000000000000000000e+00
6.587503431632057982e-09
2.231045073131099343e-07
4.379823326933207639e-13
5.032612548916404194e-09
7.275295921260749310e-09
0.000000000000000000e+00
0.000000000000000000e+00
1.017566447769624460e-10
9.575383153048733220e-09
0.000000000000000000e+00
4.228783382131950930e-06
7.194932649667862279e-09
0.000000000000000000e+00
0.000000000000000000e+00
1.813272945128119318e-07
2.037404099597406315e-12
0.000000000000000000e+00
0.000000000000000000e+00
0.000000000000000000e+00
1.491850670776173615e-10
0.000000000000000000e+00
2.091486317468138623e-09
2.169396040585525043e-08
2.598233550088480115e-06
0.000000000000000000e+00
7.853809158575586480e-09
0.000000000000000000e+00
0.000000000000000000e+00
2.660234255102977841e-09
1.595092502526540557e-09
6.543823261040415673e-10
8.900836734326844635e-10
0.000000000000000000e+00
0.000000000000000000e+00
7.926129974578088877e-09
0.000000000000000000e+00
0.000000000000000000e+00
4.278014031910970516e-08
5.279613333186716773e-07
5.471985673466406297e-07
3.849849692511009280e-12
2.003402244099561358e-08
2.515525068247370655e-07
2.419423879018722801e-07
1.697875688932981575e-07
1.472562516369180230e-08
1.134279448145036895e-09
7.195370699264458381e-08
2.186681342664087424e-07
1.482461975399473886e-08
4.919049345630810421e-08
9.384751642471655941e-09
2.057728494264665642e-07
1.261050073253500159e-07
1.423938833511328994e-08
3.220572608597649378e-08
4.683900822755049376e-09
1.091319656865152865e-08
4.387132079841649102e-08
1.220603053297963925e-06
1.169094275610405020e-06
1.931438831093146291e-08
4.571206702053132176e-08
6.159210363954059630e-10
1.216869577547186054e-06
1.605687316441617440e-07
5.124126456479416447e-09
1.372498445562086999e-06
7.774532129189992702e-09
5.160164917583642818e-08
4.239903717007109663e-08
8.408990197494858876e-07
1.030792784462164491e-08
1.135588600931214387e-08
1.105919533728183524e-08
0.000000000000000000e+00
0.000000000000000000e+00
8.371216608793474734e-07
7.864117037570395041e-07
8.626727208138618153e-07
0.000000000000000000e+00
2.708593456191010773e-07
1.330710919233979439e-08
8.341535249201115221e-07
2.152780069764048676e-07
1.647932235115945332e-09
1.489226075790384130e-08
5.569512406822241246e-09
1.504729496559775725e-08
2.212913940979888139e-08
3.258070924161415860e-09
2.903540519128000597e-09
8.145357277555831388e-09
5.889691578886413481e-08
1.133240516537625808e-06
4.042701728934616767e-10
3.048776164860100835e-08
9.433298586714045086e-09
8.249192440246133629e-09
4.489452578582131537e-07
7.163205445470666177e-11
6.418294162813253934e-08
1.037322817865060642e-06
3.505004064763284077e-09
3.934445942377351457e-07
1.055006526584634230e-09
2.386162201162278507e-08
4.138144760190698435e-08
2.408594809821806848e-06
9.023936264895837667e-09
0.000000000000000000e+00
2.732683057615759026e-08
1.579485875424779806e-08
3.652476365800794156e-08
0.000000000000000000e+00
0.000000000000000000e+00
4.180359525207677507e-08
9.240157972101314954e-09
4.979582302055973742e-10
0.000000000000000000e+00
0.000000000000000000e+00
1.984556519118996221e-08
4.398200914579319942e-09
6.168649235860357294e-08
8.298801645878484123e-10
4.496023553457462185e-09
1.022132267713971032e-09
2.527483218273118837e-07
8.754029723334610935e-10
6.039595490392457577e-08
8.521243266557121387e-09
2.261261329294939060e-07
4.334868228261790080e-11
0.000000000000000000e+00
1.004667956294724718e-05
2.060732695596811936e-09
4.168666691839462146e-06
3.114519709843110995e-12
3.241940271792032036e-09
0.000000000000000000e+00
0.000000000000000000e+00
1.755739589270888246e-07
0.000000000000000000e+00
0.000000000000000000e+00
0.000000000000000000e+00
0.000000000000000000e+00
1.432174795423790670e-10
0.000000000000000000e+00
2.383533228567102924e-07
1.205027047035400756e-06
4.704097666952122836e-10
0.000000000000000000e+00
9.548325463626383680e-10
2.913483898581148424e-10
2.124548759141475784e-09
0.000000000000000000e+00
6.850822131809763960e-08
1.646044296421678155e-07
1.168184216027157163e-08
0.000000000000000000e+00
4.104119821768392740e-11
8.970500786631419032e-09
1.932446043462210383e-11
5.049769491449751513e-10
6.960020559887425406e-09
5.870717800782188078e-11
7.171344407197466353e-08
1.540082905648887390e-07
1.455049747356440548e-09
6.880327557690080198e-11
5.308899986289361550e-08
2.816898732500849878e-13
4.791951724314458261e-09
1.744280808679832262e-08
1.798888149551203242e-08
1.099561401929349813e-07
5.157793339094496332e-07
6.576620137366262497e-09
2.119318232018940762e-08
1.083461071971214551e-07
2.888861899918993004e-06
1.356933498897205936e-08
9.937698663975425006e-09
1.375783398316343664e-07
2.859369097052422148e-08
1.054739406924909417e-09
0.000000000000000000e+00
0.000000000000000000e+00
0.000000000000000000e+00
4.526188135400843748e-08
1.395902927470160648e-06
0.000000000000000000e+00
0.000000000000000000e+00
1.982800035271736760e-10
0.000000000000000000e+00
6.857011403127444282e-09
0.000000000000000000e+00
0.000000000000000000e+00
0.000000000000000000e+00
3.849267293798419587e-10
7.249018807442553225e-08
0.000000000000000000e+00
6.941342167721131773e-09
0.000000000000000000e+00
0.000000000000000000e+00
5.371397548969980562e-09
0.000000000000000000e+00
0.000000000000000000e+00
7.711067340210320253e-10
0.000000000000000000e+00
1.501193724884331004e-09
0.000000000000000000e+00
2.420037162664812058e-06
0.000000000000000000e+00
3.793763969639485367e-09
2.718372904553234548e-08
1.321632941975181552e-10
0.000000000000000000e+00
0.000000000000000000e+00
0.000000000000000000e+00
0.000000000000000000e+00
5.713122774864132225e-08
0.000000000000000000e+00
9.222625441118736944e-10
0.000000000000000000e+00
1.002380827230808791e-06
0.000000000000000000e+00
6.301531385588532430e-08
0.000000000000000000e+00
0.000000000000000000e+00
1.780269820450541829e-09
5.931806712489162692e-10
0.000000000000000000e+00
0.000000000000000000e+00
0.000000000000000000e+00
8.763319063465058179e-12
8.618708413621334330e-09
0.000000000000000000e+00
0.000000000000000000e+00
9.361938424490290345e-08
5.263625646456659979e-10
1.292816656679740550e-12
3.139157556120153458e-08
0.000000000000000000e+00
1.131086122541091754e-07
3.683619798078296981e-10
2.252170894223581854e-09
2.736822324322929489e-09
3.706494000610405237e-09
5.840788617206271738e-07
5.683105895604168012e-14
2.416833844165466871e-08
5.454546680994099006e-08
1.306122054955949352e-08
2.791553299630322726e-07
7.948083293740637600e-07
3.680421798435418168e-07
1.333302801498348344e-09
7.147178166633239016e-06
2.582738023448882814e-09
2.606551063877304841e-08
8.570770404503491591e-08
0.000000000000000000e+00
6.498908966534600040e-09
4.691926562827575253e-07
6.843705335768390796e-08
0.000000000000000000e+00
8.072431612049513205e-09
6.712990607837809875e-09
6.104799155082218931e-08
5.193284136062459311e-10
2.161982592951972038e-06
1.781633618413991371e-09
1.302498997546308601e-08
6.996498314038035460e-07
4.481452720028755721e-08
2.693557321631345758e-10
1.808923011381580181e-09
1.347755773650760602e-08
1.087057171389460564e-06
6.104809813223255333e-08
9.281905022362479940e-09
7.883620156690085423e-08
6.355224072690512926e-12
1.826069184751588637e-09
9.535879641475730750e-09
2.838533186277913956e-09
3.742716671695234254e-06
1.047970386025554035e-06
3.438081108697588206e-08
3.089629441177521585e-09
1.107178970727318301e-08
8.846826915487326914e-08
1.252137167284672614e-06
1.461551306647379533e-07
5.027333713769621681e-07
2.019240108452891036e-09
3.020286612809286453e-06
0.000000000000000000e+00
1.810880867481046153e-08
3.812252558077489084e-08
8.785433713853763038e-09
4.161509359335013869e-09
5.824487203653916367e-08
6.145880693253502614e-09
1.599577248434513876e-09
5.381682210980898162e-09
5.992116802744362758e-10
5.016203896701654230e-09
1.595347320915152523e-08
1.215085148942307569e-06
8.479527302540645906e-09
1.289767959100629469e-09
1.049320363932793043e-08
1.062839061205522739e-07
1.697144966783525888e-06
4.112885143570110813e-09
2.505384202322602505e-07
0.000000000000000000e+00
1.960645645837644224e-09
8.033643084104369336e-09
3.696667647545837099e-07
6.192729529175267089e-08
3.316233687655767426e-07
3.918639777111820877e-06
2.045530322902777698e-07
1.257897679352026898e-07
2.808507133522653021e-07
2.967737600556574762e-06
2.700261632071487838e-07
8.115134259023548680e-11
3.043150442749720241e-08
1.487903222852082763e-08
1.723333653558256628e-08
1.253505672593746567e-07
4.193354274928395853e-10
3.689107352933262973e-10
4.286586641200074155e-09
0.000000000000000000e+00
8.083436142669597757e-09
1.001355940388748422e-06
5.244325507192115765e-08
2.682054800473565592e-09
1.456044618208807151e-09
3.228230349705540903e-09
3.199152942556793278e-09
0.000000000000000000e+00
7.492344522574967414e-09
2.063919590788998448e-10
2.688318234689290875e-09
5.513898599929234479e-07
1.513155289956102934e-08
6.833840870967833325e-07
0.000000000000000000e+00
4.560317012902714850e-09
0.000000000000000000e+00
1.782198211230934248e-07
3.153564076541215400e-09
1.072306758942431770e-06
0.000000000000000000e+00
1.872703207783654733e-11
1.328264581657023768e-10
5.851144013746534256e-09
0.000000000000000000e+00
6.268782826168717293e-09
1.174792245706157701e-07
1.737213928265646246e-09
0.000000000000000000e+00
0.000000000000000000e+00
2.801087486958842021e-11
0.000000000000000000e+00
3.368742440557070950e-08
9.112959276080800919e-09
3.223512790029303687e-09
2.778930685565228487e-08
3.151969241166341362e-10
1.111842146128694253e-10
0.000000000000000000e+00
0.000000000000000000e+00
1.859690001992930775e-08
0.000000000000000000e+00
1.224460538651328534e-05
4.844130874204211068e-09
1.044690165485917532e-07
9.901722454117023453e-13
0.000000000000000000e+00
5.532673208463734227e-10
0.000000000000000000e+00
8.851903210427281010e-09
6.177927058814702832e-09
3.783071189644715560e-09
0.000000000000000000e+00
5.244557566008722915e-10
0.000000000000000000e+00
7.043488459146374225e-09
0.000000000000000000e+00
2.353246708608480731e-09
1.359110068932523063e-08
4.863855096459701599e-09
2.576861779512995554e-10
6.821650799793133046e-09
4.758505145474600795e-09
7.579068039831327042e-09
3.641688905986484315e-08
4.870235770226827299e-09
6.863124513145635319e-10
6.294720833466271870e-08
2.511095154034137522e-08
6.125183915628440445e-09
7.038189586694443278e-09
2.502221363442913571e-08
7.496354648139913479e-09
2.112717766067362390e-06
1.200991590621924843e-07
2.800974452377147372e-10
5.086336685167225369e-09
4.209717374692445446e-08
2.223786310651121312e-07
3.754579225301313272e-08
3.472367060552983276e-09
0.000000000000000000e+00
9.431493808165214432e-09
3.543875948253116803e-08
9.575391868299476528e-11
0.000000000000000000e+00
1.887027867297774719e-09
4.821509413943658728e-09
0.000000000000000000e+00
7.158989401290227761e-09
6.249107009637100418e-09
0.000000000000000000e+00
1.799915949618480226e-08
9.474949713705882459e-09
1.313446573725229882e-11
0.000000000000000000e+00
3.378075064119911985e-08
0.000000000000000000e+00
0.000000000000000000e+00
1.574543659899063641e-07
1.630383295037063363e-08
5.744086539749559961e-09
8.995168165881750610e-09
8.100424331303202052e-09
1.492274037673269049e-08
0.000000000000000000e+00
1.155969875377138578e-09
0.000000000000000000e+00
1.377232772270531314e-09
7.179305067106511729e-11
6.854373513220934910e-09
0.000000000000000000e+00
7.151542291694568121e-08
0.000000000000000000e+00
0.000000000000000000e+00
0.000000000000000000e+00
0.000000000000000000e+00
1.144419167721164032e-13
3.037099105540619348e-08
6.388231277298928035e-09
1.326907139720390205e-09
1.057551113348154104e-08
3.442375051676549447e-09
6.890088499744706496e-10
1.204739533022802789e-06
4.093997085785616719e-10
2.052365166704817057e-09
1.772148205958501421e-09
9.736650596892104659e-09
4.905917450059860130e-09
2.202731366196530871e-07
3.328294750915006261e-09
4.500847694544063415e-09
9.488640273502824130e-08
1.037526509151120990e-08
1.016713735424445986e-08
7.328088713620672934e-08
2.034354906754742842e-08
3.002104875804434414e-08
2.838093982049372244e-09
4.807302644849187345e-08
7.644008093166121398e-09
0.000000000000000000e+00
7.087505338176924852e-08
0.000000000000000000e+00
2.018214706467347241e-09
3.261655479036562610e-08
2.187105430095925840e-08
1.155551121456710462e-08
4.480948667673345653e-10
0.000000000000000000e+00
1.277972283553197030e-09
1.027265827957535294e-09
6.406709829320789140e-09
0.000000000000000000e+00
0.000000000000000000e+00
2.646218355550900014e-09
7.446633976115890619e-09
5.386445196126077306e-12
3.618577082420415536e-08
7.193779651970544364e-07
2.437807511412870554e-09
3.387876923444110844e-10
1.348260170175308303e-08
3.385417457479888981e-08
2.041361312876688316e-06
1.473223250059163547e-07
2.339119298255809554e-08
5.454273832583567128e-07
4.892426908043034928e-09
2.964428347240755102e-08
5.530005253717718006e-08
4.628154499641823350e-07
8.318930433404148062e-09
1.926472847912918951e-08
2.062073711783796170e-08
5.672693981217946657e-10
6.853142622276209295e-07
5.864667969035508577e-07
6.890083113830769435e-06
4.709600709418282349e-09
1.127345058193895966e-06
3.120779368259718467e-08
1.932377813318453263e-09
1.030637974963610759e-07
1.326702303572346864e-09
8.936578410612128209e-07
5.122155855019627779e-08
4.258912333909847803e-09
4.945253540000749126e-09
1.091680856823984413e-09
7.750470820688803997e-10
1.878381894471203850e-09
0.000000000000000000e+00
1.131490567907178502e-09
1.060994514467950012e-09
9.267653484912319328e-12
2.848350355577622395e-08
6.056041890190044796e-09
4.243165108164248522e-08
3.087302635762512182e-11
1.675207350615437463e-08
2.427970855478633894e-07
1.840591151713866225e-10
3.204930010269890772e-08
3.057114383864245610e-08
5.314061690686600059e-12
1.114605918672850748e-08
2.780388808076850182e-09
2.096688120900580543e-07
7.451043160244807950e-08
0.000000000000000000e+00
2.741631135450006695e-07
1.366499691179967613e-09
4.654999585795849271e-08
4.483142745925761119e-08
0.000000000000000000e+00
2.016399491822085110e-09
1.128630344737757696e-08
3.208003862553709951e-09
0.000000000000000000e+00
1.571199845784576610e-06
9.941641287980473862e-09
3.793922065398191990e-09
0.000000000000000000e+00
9.717600946146376373e-09
2.745232263734465050e-09
3.994896857761887077e-09
3.220165822881426720e-08
0.000000000000000000e+00
0.000000000000000000e+00
5.888288967526023043e-09
0.000000000000000000e+00
1.160854412596279417e-09
7.583737193783690600e-09
2.081955940980151354e-08
3.431540562814916484e-07
2.068486049111584180e-09
2.860893813516618422e-12
0.000000000000000000e+00
7.670428203709889203e-08
0.000000000000000000e+00
8.168568932376274461e-09
1.674116734129427186e-09
0.000000000000000000e+00
1.488725498433041139e-08
1.091241264017384083e-10
1.656914827563582548e-09
0.000000000000000000e+00
2.196333337423084231e-09
7.591358652803137375e-09
0.000000000000000000e+00
0.000000000000000000e+00
0.000000000000000000e+00
0.000000000000000000e+00
3.214292981085220546e-12
3.706866202879410821e-10
8.421332076125054300e-09
8.903617398914320802e-09
6.561827525786156912e-09
0.000000000000000000e+00
3.848469276590549271e-08
1.465461764382780530e-06
8.557696773436873627e-09
1.031113749938583624e-09
0.000000000000000000e+00
1.782232583735776643e-09
2.472278382015247189e-09
1.756928380558520075e-09
3.895037903323128603e-10
2.693975318379671080e-07
7.574792348918890639e-09
9.620956253897361421e-10
9.292489000500836482e-11
1.062934806839166413e-08
0.000000000000000000e+00
6.747789438321660782e-09
0.000000000000000000e+00
1.552350603617469460e-08
5.984724715801803541e-09
9.144544677042176772e-09
7.139856705862257513e-09
0.000000000000000000e+00
8.820380799079430290e-07
9.222576591305653437e-10
3.508251911199522510e-09
3.455952413133900336e-09
4.508601136876677629e-08
8.137374107874961737e-11
0.000000000000000000e+00
0.000000000000000000e+00
1.254086723356806488e-09
4.057189695316765210e-09
2.198857096402662137e-09
0.000000000000000000e+00
5.891939824920200408e-09
0.000000000000000000e+00
1.066693733342560790e-09
2.921015873624810411e-09
1.640626301480097027e-09
2.407484434030493503e-09
4.476655591362233011e-12
6.262994138063471272e-14
0.000000000000000000e+00
0.000000000000000000e+00
0.000000000000000000e+00
1.896377632704115967e-08
0.000000000000000000e+00
2.359747397484568410e-10
5.361917487789469305e-07
0.000000000000000000e+00
0.000000000000000000e+00
5.354973797722095696e-09
5.347437195268867072e-07
1.341172867208584307e-10
0.000000000000000000e+00
4.213460247370903744e-09
1.264618632035308110e-08
1.913851299661928351e-09
1.257247674857353559e-07
0.000000000000000000e+00
1.496796819822066027e-08
2.548731856677477481e-07
1.661373261185872252e-07
6.980196864958543301e-09
2.203242477349931505e-09
1.789247221495315898e-07
0.000000000000000000e+00
0.000000000000000000e+00
1.778861815182608552e-06
6.764079785170906689e-08
1.814649266407286632e-07
4.846675061287442077e-09
2.313820024468782321e-09
1.213740663530415986e-09
3.045348972996464454e-10
7.219459252638671387e-09
9.049627713864083489e-09
0.000000000000000000e+00
8.450294686213055684e-09
5.817722747991638244e-09
1.197969101696116923e-08
3.003422843761427430e-09
1.737929089529188786e-08
1.299992752334944157e-10
1.969408913282677531e-06
1.208208866287918681e-09
2.305720769868457865e-08
5.133600922135883593e-08
1.097547830397616053e-09
2.991042080680017534e-08
6.773841043639095005e-09
1.649998466746183112e-07
1.929808135514576861e-08
1.407796990093856948e-08
9.846787968337267216e-11
1.181842776531993877e-06
2.787937214421276622e-09
3.127280434611634519e-09
1.078222112482762896e-06
1.193841914215454381e-08
5.652353252116881777e-09
2.386005282239977987e-10
5.862281216018061514e-10
4.563117101952229859e-07
2.769166940197465010e-06
0.000000000000000000e+00
9.344824469792456512e-09
1.080535771968982317e-09
5.090714072508717436e-09
5.411471715177640363e-09
8.809055707104107569e-09
1.564854557045691763e-08
1.063458398675720673e-06
6.787926221107909441e-09
6.888472459110062118e-09
5.982631989809306106e-08
3.898566192095387350e-11
1.302165458794135589e-10
6.308612743310959559e-09
0.000000000000000000e+00
1.423276496659298118e-10
7.712696259432050283e-09
1.419557538184790246e-08
4.176555101764733990e-09
8.028460740661103046e-08
6.318671097460537567e-08
6.414472508708968235e-09
1.105459834782607231e-09
0.000000000000000000e+00
4.067351255798712373e-08
3.135293411560269305e-07
8.638378972136706579e-07
2.439779791529872455e-07
1.625777401592642946e-09
1.237261386677346309e-07
9.854302263079262048e-09
5.993908702706107761e-10
0.000000000000000000e+00
3.103078142885351554e-06
7.055060424754344695e-10
8.470728829479412525e-08
1.153920123897478334e-07
3.713592988674463413e-09
9.623223107269041066e-09
1.292736442337627523e-06
1.628206014459010476e-08
7.500967740270425566e-07
3.304812778992527456e-08
1.457674329685687553e-06
4.515778417868432371e-09
4.949503029649804375e-10
1.059339904685430156e-08
5.216833187660085969e-08
6.687941755956217094e-09
1.620730039064710581e-08
4.808227149766253206e-09
5.748358233859107713e-09
7.389008072067326793e-09
4.165854534221580252e-06
1.058723997360289104e-09
4.436817580000251837e-09
2.238924707853584550e-06
8.273508544931473807e-10
1.548965578024308343e-08
2.612805527490991153e-10
0.000000000000000000e+00
7.722542818555666599e-07
1.796602333570262999e-07
3.907677736947334779e-09
1.528971971254122764e-08
8.251148528870544396e-07
4.281591470256529419e-10
1.167157925863193668e-09
0.000000000000000000e+00
1.277767296414822340e-07
6.304411659385777966e-09
1.070333865982320276e-08
0.000000000000000000e+00
2.689371214614766359e-08
3.954003791051263761e-12
1.535367921690067305e-08
1.537518983241170645e-07
2.839298518519939307e-10
2.545454513835920807e-09
1.073255020855867770e-06
1.651187936380082988e-10
1.382886338774369506e-08
1.393372794922242974e-08
1.167716412453501107e-08
7.107512800530457753e-09
1.226311923119283165e-07
3.665626024940138450e-09
1.427240547968722240e-09
1.164102370054820312e-09
7.006752298366336618e-07
0.000000000000000000e+00
8.383165273073700519e-10
0.000000000000000000e+00
9.522257982119697317e-11
1.141991279318688157e-09
7.436349758194182868e-09
3.597366173835325753e-07
3.016611682671310746e-10
6.239979644107052081e-10
2.547754149873071583e-07
0.000000000000000000e+00
0.000000000000000000e+00
0.000000000000000000e+00
2.231417738585150801e-06
7.667856349868884536e-10
2.564943590854795730e-09
5.263720126436055580e-08
1.051063009072095156e-06
0.000000000000000000e+00
5.100843303296187514e-09
0.000000000000000000e+00
2.192998893590925036e-09
2.208879523735163275e-09
3.330034559212435852e-08
0.000000000000000000e+00
1.140388139475589924e-08
5.670573344218610146e-09
0.000000000000000000e+00
2.217021659589590854e-07
1.338986033161404521e-09
8.499628778579904065e-10
3.126487158056079352e-08
8.705183102142299845e-11
2.707691182379790007e-09
5.844200123839016214e-11
7.969890303272109122e-10
5.587468976386844588e-08
1.376921243689821495e-08
3.324349151512251410e-08
4.281168131115009601e-08
4.373183148942416665e-09
1.552489692357994500e-07
1.241587832545576475e-09
1.414891936946105488e-08
0.000000000000000000e+00
7.752664288318555919e-09
0.000000000000000000e+00
1.411066374856773109e-08
1.774216662475680550e-09
5.444512396479694871e-08
3.342150876051164232e-07
1.103522677681212372e-07
3.521189728683538078e-10
1.007355976412327436e-07
2.397287879318810155e-08
2.608408489201963221e-10
0.000000000000000000e+00
2.970098056387371344e-10
2.995409431605366990e-07
1.320330737103470042e-11
0.000000000000000000e+00
7.730482565193597111e-08
1.377099465571518522e-07
3.843140916615084279e-07
8.235285370306044683e-11
9.342696394298855012e-09
0.000000000000000000e+00
0.000000000000000000e+00
0.000000000000000000e+00
3.217198285554445647e-09
7.489413256234200844e-11
8.329570988507839502e-08
0.000000000000000000e+00
0.000000000000000000e+00
8.062313039403079529e-10
2.083939243391341734e-08
0.000000000000000000e+00
1.754120737551545517e-09
0.000000000000000000e+00
2.737490139084752805e-12
8.143138940930327863e-11
9.275829548904823696e-10
0.000000000000000000e+00
0.000000000000000000e+00
2.283285782667121566e-10
2.003275184625508132e-10
0.000000000000000000e+00
0.000000000000000000e+00
2.277242145964919473e-07
0.000000000000000000e+00
4.064250802571223176e-08
3.346241044255293673e-07
1.880184230529380329e-09
5.806252830961589062e-13
5.284189197318767128e-10
0.000000000000000000e+00
0.000000000000000000e+00
1.716818509578388330e-08
1.410395800149899515e-09
2.178615898795754902e-10
2.205265969834613315e-09
6.164424970478421528e-09
0.000000000000000000e+00
0.000000000000000000e+00
0.000000000000000000e+00
3.999375053354015108e-08
1.395555060401676428e-10
2.343018001838004238e-09
0.000000000000000000e+00
0.000000000000000000e+00
1.560304774272935902e-09
1.818303507761243054e-09
1.768561219250841532e-06
8.450198180076640142e-11
0.000000000000000000e+00
0.000000000000000000e+00
1.334304400302244176e-08
2.431759238419317626e-09
0.000000000000000000e+00
4.328353231386472544e-09
7.636908883057458297e-09
0.000000000000000000e+00
2.394118236992426318e-09
0.000000000000000000e+00
2.746668004149910303e-09
0.000000000000000000e+00
0.000000000000000000e+00
2.302339208171133578e-09
0.000000000000000000e+00
7.722326778036858741e-09
0.000000000000000000e+00
7.316213412877914379e-09
1.059337728648301891e-09
0.000000000000000000e+00
1.839400027847659658e-07
5.208934439338008815e-08
1.257211668104218916e-08
3.674414592036434613e-11
5.106783973474193772e-08
3.138810877878484007e-10
5.070281083874306205e-09
2.636336660089000361e-08
7.827609116439759873e-10
1.075740556188975461e-06
4.389066443621914004e-09
9.442352455479863238e-10
1.804224041279667290e-07
2.035695084723343484e-10
1.135958341280662864e-10
1.922861656566965394e-07
3.917251234497598489e-08
1.649817136240017135e-07
1.083280309899237182e-07
4.633210792803765798e-08
5.252116466181178112e-07
2.817434733515256085e-06
1.300207031817990355e-06
5.468597663593754987e-08
9.456329621571057942e-07
0.000000000000000000e+00
4.330734659774293505e-10
3.563927819527634711e-08
1.878954662970500067e-07
4.001778819429091527e-08
1.265883156520430930e-06
5.139689164934679866e-06
3.411512494722046540e-08
2.813184778460708912e-07
6.519161388496286236e-08
7.427959758388169575e-08
8.129532602652034257e-09
9.122505275627190713e-07
1.047711180035548750e-06
1.077572619578859303e-06
2.634069744544831337e-07
6.244044357117672917e-07
3.858785930788144469e-07
0.000000000000000000e+00
3.123639302771152870e-08
4.881385962107742671e-07
2.666953413665851258e-08
3.228019096468415228e-08
4.376040010356518906e-07
2.739129278950258595e-08
5.535613922802440356e-07
3.528523393470095471e-07
1.848609940680034924e-06
2.001485199798480608e-07
1.299706241297826637e-06
5.751130174758145586e-06
1.996203764065285213e-06
1.035366040014196187e-06
1.792435710967765772e-08
4.836487477177797700e-08
8.582715054217260331e-07
5.104375144782125062e-09
1.227988377650035545e-07
2.572982111814781092e-06
6.441602096174392500e-08
1.120306819757388439e-06
8.188619866813379167e-15
4.812644949225841629e-09
2.159448939664798672e-07
8.700077880341439140e-10
1.154446863438352011e-06
1.321635409112786874e-06
9.849818525253795087e-07
3.582867748264106922e-06
1.045521336173749205e-09
4.963097044452524642e-09
1.048770172928925604e-06
1.064690096086451376e-07
0.000000000000000000e+00
3.956546663630433613e-07
1.091853050638746936e-06
2.372194103372748941e-06
0.000000000000000000e+00
4.804985564987873659e-07
1.124509054761801963e-07
7.749228814191155834e-09
7.841515881068517047e-09
1.077484057532274164e-07
4.043257728625349046e-09
4.122902552694540645e-08
8.910966187158919638e-09
1.122937689501668501e-07
1.300527047165545014e-10
4.265913844392343890e-09
0.000000000000000000e+00
0.000000000000000000e+00
2.874230409233291539e-09
0.000000000000000000e+00
1.876802002698241267e-08
3.230088623240590096e-07
1.697493274832595489e-07
2.160276846296937947e-09
2.248488861766873015e-08
2.429811352122612789e-10
1.181984199405405889e-08
1.218400491609372693e-08
9.123274935518566053e-08
1.030250587064074352e-07
2.793637765563516950e-09
0.000000000000000000e+00
0.000000000000000000e+00
0.000000000000000000e+00
0.000000000000000000e+00
4.035125705792452777e-11
0.000000000000000000e+00
0.000000000000000000e+00
2.081881056437140387e-10
7.288010472894512759e-11
8.450902200252130569e-09
5.259703783622171613e-08
3.351455291067395592e-08
1.652110199756862130e-07
1.785329550862968517e-09
0.000000000000000000e+00
6.346077829899599010e-11
6.303862987167008214e-10
3.740065146473625646e-09
1.955354322902280728e-09
9.384743648865878640e-09
7.396478429733122084e-10
1.932853703479064933e-11
5.509963152405816800e-09
5.724921425809270659e-09
1.561479834322199167e-08
2.046817604295370074e-09
4.751285587190068327e-08
2.120653652681880885e-09
3.537238002504494716e-10
5.388954171792192938e-09
5.401799008097896149e-09
3.759795106361707440e-07
5.605285124943293340e-08
6.244787442710730829e-08
7.687950898116469034e-08
0.000000000000000000e+00
2.247021484436118044e-07
5.145002646145258041e-09
1.646893679208005778e-07
4.760950389481877210e-08
6.505129324096969867e-09
4.459697944270146763e-09
0.000000000000000000e+00
0.000000000000000000e+00
0.000000000000000000e+00
0.000000000000000000e+00
1.306554420210659373e-08
6.809639216953655705e-07
3.022178951539444824e-09
1.168465602052748409e-10
5.577567740999711532e-09
1.015291761774506085e-08
6.772676641730868141e-08
0.000000000000000000e+00
2.474003224506304832e-10
1.619084031290185521e-07
2.742478466544184812e-09
0.000000000000000000e+00
1.441417651903975639e-07
1.370840330139344587e-09
9.779387022401664353e-11
0.000000000000000000e+00
0.000000000000000000e+00
4.968102373936744698e-09
1.207768907107720224e-08
3.488733260614829135e-11
7.886113095878499735e-09
1.812897471031860164e-10
9.735079409267655137e-10
0.000000000000000000e+00
1.478940845345277921e-07
2.435251722499032212e-10
6.691488474430684619e-10
7.340482852669083513e-07
2.344183158697887848e-08
0.000000000000000000e+00
3.254433522670296952e-07
1.529313453652036969e-09
6.825245009167701937e-07
7.051701231830520555e-07
2.868018356139145908e-08
7.348299959630821832e-07
1.661230271565727890e-06
7.321650628000497818e-07
6.988292966525477823e-07
5.105901550450653303e-07
4.828120836464222521e-07
3.711308238507626811e-07
5.271015197649830952e-07
1.553499828332860488e-06
7.205774750218552072e-07
5.634049102809512988e-06
1.772672248989692889e-06
2.044091615971410647e-06
1.290088903260766529e-06
6.502617111436848063e-07
3.422546797082759440e-07
1.778632395144086331e-06
2.360847020099754445e-07
1.789795305739971809e-06
1.135718207478930708e-06
5.359322585718473420e-07
1.758531027462595375e-07
2.052342324532219209e-06
6.946692678866384085e-07
8.423236153021207429e-08
2.074952050179490470e-07
2.172961757196389954e-07
6.360290853990591131e-07
1.242243001797760371e-07
7.477107146769412793e-07
5.183960183785529807e-06
2.813414084812393412e-06
2.938219836323696654e-07
3.891481696882692631e-07
4.228814418638648931e-07
1.356111624772893265e-06
2.124369444800322526e-07
2.936023975053103641e-06
8.836070009010654758e-08
2.426943410682724789e-07
1.857487177403527312e-06
1.097756126000604127e-06
1.191455339721869677e-06
7.647639677088591270e-07
1.627452661523420829e-08
3.165044120123639004e-07
5.440017503133276477e-06
2.695842340472154319e-06
8.168049703272117767e-08
1.881776825030101463e-06
0.000000000000000000e+00
4.278495424614447984e-08
1.584512574481777847e-06
2.261201785813682363e-07
4.698088957866275450e-07
1.117383362725377083e-06
6.779249019928101916e-07
2.971239609905751422e-07
2.804105861287098378e-06
2.087113216475700028e-06
9.475125466451572720e-07
4.754977453558240086e-06
2.582577735665836371e-06
5.534428737519192509e-07
3.811099077211110853e-06
8.300630724988877773e-07
1.612443725207413081e-07
8.297103448740017484e-08
2.296954107805504464e-06
1.203483634526492096e-06
5.733842272093170322e-07
6.727000254613813013e-07
3.688674610202724580e-08
1.742215687272619107e-07
8.810876295228808885e-08
1.061450234374206048e-07
5.022844220547995064e-07
3.120164251413370948e-07
1.386911662848433480e-06
3.145199514165142318e-07
6.934519660717342049e-07
9.772905684712895891e-08
2.140587973542551481e-08
4.668855808631633408e-07
5.629022439279651735e-07
1.017835700167779578e-07
2.178214231207675766e-08
2.209885678894352168e-07
3.327128865748818498e-07
3.416478762119368184e-07
1.001692908175755292e-06
2.640944671838951763e-07
9.370962317234443617e-08
2.259322506859007262e-08
3.365524889886728488e-07
1.141816241556625755e-08
1.618308829165471252e-06
4.214102489186188905e-07
4.242528817144375353e-08
1.260969042959914077e-06
2.015988940229362925e-07
1.301162058098270791e-07
1.239518837792275008e-06
1.921590182973886840e-06
5.403437697282242880e-09
1.468387438308127457e-07
2.430659264973655809e-07
1.188191660617121670e-07
3.411290094845753629e-07
3.683514933072729036e-06
5.770942834715242498e-07
1.581638002789986786e-06
6.301401072050794028e-07
3.077373662563331891e-07
6.237213483473169617e-07
5.803089493383595254e-07
6.970075183687640674e-09
1.581982928655634169e-06
4.204291599307907745e-07
9.902489637170219794e-07
4.964956019648525398e-07
8.484593081448110752e-07
1.434010982848121785e-06
8.014020522750797682e-07
1.637622176531294826e-06
1.675034695836075116e-06
2.446118742227554321e-06
3.750841983674035873e-07
4.528579893303685822e-07
6.428262508961779531e-07
2.465303396093077026e-06
5.539988706004805863e-06
2.657371396708185785e-06
1.240395249624270946e-06
1.289526352366010542e-07
2.705285453430406051e-07
1.374603016301989555e-06
6.986187486290873494e-07
4.555867292310722405e-07
3.823165570793207735e-06
3.850247594527900219e-06
2.001540906348964199e-06
2.044997700068051927e-06
1.449398496333742514e-06
2.557445441198069602e-06
1.281781862871866906e-07
5.605586217427571682e-09
2.375335412807544344e-07
1.459405666537350044e-05
2.745429128481191583e-07
1.437198626774716104e-08
2.857189596028320011e-09
1.794765438489775988e-07
7.392958423224627040e-07
2.351265182554129751e-09
1.479083380218071397e-07
1.237497031070233788e-06
4.666471209446854118e-09
2.118650499483010208e-08
9.908422526905269478e-08
1.037994479702319950e-06
3.885614052734354118e-09
2.019985734236229291e-09
3.110987023546840646e-09
2.330264869954135065e-08
5.115121552989876363e-07
2.130145162482222077e-07
2.510180081571888877e-07
1.134418994297448080e-07
9.628475936551694758e-07
4.506161666029129265e-09
1.177400122287508566e-06
3.005866844318916264e-08
9.294603842135984451e-07
9.915987675412907265e-08
1.581870037625776604e-06
1.358136501039552968e-06
4.838016138819511980e-07
8.574399146255018422e-08
4.531480044533964247e-07
4.084267573034594534e-07
2.238347178717958741e-06
3.816082596586056752e-07
3.357522189162409632e-07
4.335189487392199226e-07
2.705909082578727975e-06
1.265882815459917765e-06
9.264015261578606442e-07
2.187723566748900339e-06
1.015503698909014929e-06
5.344081159819324967e-07
2.526737034713733010e-06
3.244927256673690863e-06
1.908895455926540308e-06
6.803148266953940038e-07
2.702514905195130268e-07
1.354978280687646475e-06
1.701615559568381286e-07
2.123780859619728290e-06
1.320461677778439480e-07
2.569499990556778357e-08
2.274976509397674818e-07
6.011658797433483414e-07
2.384509922848110364e-09
2.631543054576468421e-07
2.936336898073932389e-07
5.882958120650982892e-08
1.212676579598337412e-06
5.273967076391272712e-07
7.988239048017931054e-08
2.565348156124969137e-09
2.239671204051774112e-08
7.778805155567170004e-08
3.177983387558924733e-07
2.313555569344316609e-06
3.301114475107169710e-07
1.543314032126374968e-09
1.045571096369712905e-07
7.679763314172305400e-08
1.348307865356446200e-08
1.713796393687516684e-07
1.106305091980175348e-07
2.608684610549971694e-07
3.260326764120691223e-08
9.074113016538376542e-09
4.546469938304653624e-07
2.142981202268856578e-06
3.090001428063260391e-07
1.653534376089282887e-08
1.673488668529898860e-06
4.415889043318799168e-10
1.295184848260078070e-08
5.224316268481743464e-08
2.305395270241206163e-07
3.607287624163291184e-08
7.743304664131755999e-09
6.403041652447427623e-09
1.231951785030105384e-07
3.770633156818803400e-07
0.000000000000000000e+00
3.902055567550632986e-09
2.017909217499891383e-08
0.000000000000000000e+00
4.975567662768298760e-06
2.357639687033952214e-06
5.941437120071668687e-09
0.000000000000000000e+00
0.000000000000000000e+00
3.705761628225445747e-06
0.000000000000000000e+00
4.607725827554531861e-07
3.956159162044059485e-06
3.512023738494463032e-07
1.313934490099200048e-06
1.188194460155500565e-06
2.397557182121090591e-06
7.793152008161996491e-07
5.760771273344289511e-07
1.693329522822750732e-06
1.036800199472054373e-06
1.041992845784989186e-06
3.083771957790304441e-07
1.935767613758798689e-06
3.541512967331073014e-07
6.454842349512546207e-08
2.845816879926132970e-07
4.859430646320106462e-06
3.144850211356242653e-07
1.380396383865445387e-06
1.241625802173018656e-09
1.984330282311930205e-07
1.364871536679856945e-06
7.726750368419743609e-07
8.174531984650457161e-08
4.284552268529751018e-09
2.578899511718191206e-06
6.561921850334329065e-07
2.858194193322560750e-06
1.607776539458427578e-05
8.241664239960755367e-09
4.614920783296838636e-07
9.194249628308170941e-07
2.921512987086316571e-07
1.519226884738600347e-06
6.880387672936194576e-07
7.592099171560562354e-10
5.970067036287218798e-07
1.196702896777424030e-07
2.115636306143642287e-07
3.195612521267321426e-07
0.000000000000000000e+00
2.988903347045379633e-08
7.788152345256094122e-09
4.899852683593053371e-06
3.291502537194901379e-07
2.165688329114345834e-06
1.711674357807169145e-08
0.000000000000000000e+00
9.457656879874321021e-09
0.000000000000000000e+00
8.792813588343051379e-09
1.117014744589361896e-10
9.800685818461829513e-10
1.374709313495259266e-06
0.000000000000000000e+00
3.720784320648817811e-07
1.053860732014300083e-08
1.436031595858366927e-07
2.306702384657910443e-08
1.121048711638650275e-07
2.735144732923799893e-07
1.002409444339491529e-08
5.197069441464918782e-10
0.000000000000000000e+00
4.090234639875234279e-08
0.000000000000000000e+00
5.482547180690744426e-07
2.557135836411816854e-09
1.033962234942009673e-06
1.429585267942456994e-06
3.774956383040262153e-07
7.358924847267189762e-08
1.682057359175814781e-06
8.559151751796889585e-07
2.158598846335735288e-07
5.490178978106996510e-07
1.673661131462722551e-06
2.278568672409164719e-06
3.512083708301361185e-07
3.058751758544531185e-07
3.937458359359879978e-07
5.904529984945838805e-07
4.174331706963130273e-07
2.025724825216457248e-06
6.005000159348128363e-07
5.089640922051330563e-07
3.554834847818710841e-06
6.579403475370781962e-07
7.726979447397752665e-07
1.303359226767497603e-06
2.834521183103788644e-06
2.055766344710718840e-06
2.519534518796717748e-06
7.315905037330594496e-08
1.101129587510740748e-08
2.641600360675511183e-07
3.588941694943059701e-07
7.838698934392596129e-08
1.596660723635068280e-07
8.768163297645514831e-07
2.491666961645933043e-08
9.333104600273145479e-08
6.471970550592232030e-07
2.480003900018346030e-07
1.200733663608843926e-06
1.408841967531770933e-06
2.978840711875818670e-06
8.182933441958084586e-08
6.951111117814434692e-07
3.710418283731087286e-08
2.648288955242605880e-06
6.917778350157277600e-09
1.459444831652945140e-07
5.033497927797725424e-06
3.072729555242403876e-07
3.648744950623949990e-08
8.189935130076264613e-08
1.533117632845915068e-08
1.310834374379510336e-08
1.821467208173999097e-07
1.965961018868256360e-06
5.333075847602231079e-08
1.852190933959718677e-07
1.430231122867553495e-06
2.023774641202180646e-07
3.293260419923171867e-08
3.916560942229807551e-08
7.707928517675100011e-08
3.775159029828500934e-06
1.884201594748446951e-08
3.481922528081327073e-10
7.197148192972235847e-07
1.086572638087091036e-06
3.093546530053004062e-09
1.907922495547609287e-07
0.000000000000000000e+00
0.000000000000000000e+00
2.533002696480934901e-09
7.953451586217852309e-07
4.284244994323671563e-07
7.575145446025999263e-06
4.758541649607650470e-08
9.574585568827842508e-09
3.484524313535075635e-07
8.457571425424248446e-07
0.000000000000000000e+00
7.324730405544599421e-11
0.000000000000000000e+00
2.078165692864786251e-07
2.495325190920993919e-07
9.610432698536897078e-07
4.761748471082682954e-07
1.279816387977916747e-06
1.529337509964534547e-06
2.865619990188861266e-06
2.440655634927679785e-06
2.561946530477143824e-06
1.037202764564426616e-06
1.246801730303559452e-06
1.899028347907005809e-07
8.947229162004077807e-07
1.926363665916142054e-06
3.206869223504327238e-07
1.073480575541907456e-07
6.098010203459125478e-07
5.861518843630619813e-07
1.921335268662005547e-07
1.141218945122091100e-06
2.979883504394820193e-07
7.309952252398943529e-07
1.383036646984692197e-06
1.124191655321737926e-07
2.972715851257135000e-09
2.915595302965812152e-07
5.340694315236760303e-06
0.000000000000000000e+00
2.721278065109800082e-07
1.759719907568069175e-06
2.181255922550917603e-07
1.831404006225056946e-08
1.798970629351970274e-06
2.861279435606434163e-09
1.018226157611934468e-06
0.000000000000000000e+00
6.520572526369505795e-08
9.112419263601623243e-08
6.655884288164770624e-09
9.226689634544982255e-09
1.858868725612694561e-09
8.850067274579487275e-07
1.225392480819209595e-07
3.706516906731849303e-07
2.825879619194893166e-07
6.492197002216926194e-09
3.971035766880959272e-07
3.143872107091993939e-10
9.337436601697390870e-09
4.499376302646851400e-07
6.448929923408286413e-08
7.887017545726848766e-07
1.205727500064313062e-07
4.420293464590940857e-08
5.371014299981879958e-09
1.528269876871490851e-06
3.827761663188766761e-09
5.101712385879864087e-09
1.775639724144184584e-08
1.260270437342114747e-06
8.965017173068190459e-09
5.997961238790594507e-09
1.243796248218131950e-07
0.000000000000000000e+00
6.209200364537537098e-06
2.841962443156376139e-09
6.609105639654444531e-06
9.116877919268517871e-09
2.639816587546306437e-09
3.393626046843678523e-09
2.586441727459032336e-09
0.000000000000000000e+00
1.708950208012538496e-07
1.004770666668264312e-07
1.684216877073652086e-09
3.660533138827304356e-06
9.445332693758246023e-07
1.028423071147699375e-06
2.366308081036549993e-06
7.779224233672721311e-07
1.481131903346977197e-06
1.243955239260685630e-06
2.686054358491674066e-06
2.172797849198104814e-06
2.799525873342645355e-07
2.688790800675633363e-06
4.911187261313898489e-06
2.233356468650526949e-07
1.884353764580737334e-06
3.245023435738403350e-06
7.491545943594246637e-07
1.839163701333745848e-07
2.401620236014423426e-07
1.296894311053620186e-06
1.550905324165796628e-07
1.203547981276642531e-07
2.268300214325336128e-08
1.151179162661719602e-06
7.065303293529723305e-07
2.055091385955165606e-07
1.634953150642104447e-05
6.041170195203449111e-07
9.795218147701234557e-07
1.371489446455598227e-07
2.875082827813457698e-06
2.165760406569461338e-07
2.240241656181751750e-06
4.549960408439801540e-07
8.074725776907598629e-09
7.434525883809328661e-08
1.317944224865641445e-06
7.862817028581048362e-07
1.259178361578960903e-06
5.940464120612887200e-07
7.865116891103696162e-11
1.905380742073248257e-08
1.933360181283205748e-06
1.594573433294499409e-07
0.000000000000000000e+00
0.000000000000000000e+00
1.430093874432714074e-07
1.075080126611283049e-05
1.109803138277243306e-09
7.473690999404425384e-08
4.085771081463462906e-07
6.368186973304545972e-07
1.143130248237866908e-06
2.333550582989118993e-06
5.336659114618669264e-08
1.995613502003834583e-06
1.441260479850825504e-07
4.928081125399330631e-07
1.604362523721647449e-06
7.255490430679856217e-08
1.453618324376293458e-06
9.050372007379792194e-09
4.679889542558157700e-08
0.000000000000000000e+00
4.719161239563618437e-08
5.565305549737331603e-09
5.463354657564423178e-09
1.264557614177874711e-08
0.000000000000000000e+00
0.000000000000000000e+00
3.762810549257089576e-11
0.000000000000000000e+00
0.000000000000000000e+00
0.000000000000000000e+00
0.000000000000000000e+00
4.519806307001772439e-09
0.000000000000000000e+00
3.423480166020453908e-09
4.514019380508216273e-08
1.345568900745774954e-08
0.000000000000000000e+00
0.000000000000000000e+00
2.745228357525775209e-06
6.026246524015732575e-08
6.316545864137879107e-08
0.000000000000000000e+00
2.751338890050192276e-08
0.000000000000000000e+00
2.713971269940884667e-09
0.000000000000000000e+00
6.176363864796030612e-09
0.000000000000000000e+00
2.259025677631143481e-08
0.000000000000000000e+00
0.000000000000000000e+00
0.000000000000000000e+00
0.000000000000000000e+00
0.000000000000000000e+00
0.000000000000000000e+00
0.000000000000000000e+00
2.592963344039134199e-11
5.037666284124497906e-09
2.814901645109557649e-09
6.331923430025199195e-09
6.613011471756635729e-09
1.091650574380764738e-06
2.964539760341722285e-07
1.535556975795770995e-06
4.427136559570499230e-07
1.472418830417154822e-06
9.735824733070330694e-07
5.274174554870114662e-07
1.754434151735040359e-06
1.458178189750469755e-06
9.712958899399382062e-07
9.897412382997572422e-07
5.111137397761922330e-07
6.018651674821740016e-07
2.365538421145174652e-06
8.047573487601766828e-07
7.473202003893675283e-07
1.916350583996973000e-06
3.060264077703322982e-07
3.512578132358612493e-06
1.565271467995899002e-08
2.726418415477382950e-07
7.831118864487507381e-07
1.876572355286043603e-07
3.410608542253612541e-07
4.350314156909007579e-06
2.199260507040889934e-06
3.179056662361290364e-08
3.738484366522243363e-08
2.833751068465062417e-06
6.351001502480357885e-07
1.586627860206135665e-07
2.538786702643847093e-06
2.728608272661858791e-08
9.907536124842408753e-09
1.410777343835434294e-07
3.755621946766041219e-07
0.000000000000000000e+00
1.489903240781131899e-07
2.232730139439809136e-06
8.493505561091296840e-07
1.416195800629793666e-06
8.864951155374001246e-07
4.656949492698458926e-09
2.136322008183810794e-09
4.867922509532718323e-09
6.341490887962208944e-08
1.240548840542032849e-06
9.966600877930886782e-10
2.711328761506592855e-07
6.417792519641807303e-07
6.226451354507389624e-09
2.279520738834861504e-10
4.147613807958805410e-09
1.099487576539104339e-07
1.026659674607799388e-06
1.688846680281130830e-07
4.916667251109174686e-08
3.161735762091666402e-08
9.250421584283685661e-08
0.000000000000000000e+00
1.613940425748694452e-09
1.514828909421339631e-06
4.095114647384434647e-08
7.957021921356499661e-07
0.000000000000000000e+00
0.000000000000000000e+00
0.000000000000000000e+00
0.000000000000000000e+00
6.014531095388520043e-09
7.495987688344030175e-07
0.000000000000000000e+00
4.006290410529800283e-09
4.661733665756173650e-09
0.000000000000000000e+00
7.644573862819470378e-09
5.419319677457679063e-07
1.603277837602945510e-06
1.918481984830577858e-06
2.179195632834307617e-07
3.994293535924953176e-07
8.713799388715415262e-07
2.997069032062427141e-06
9.228742214872909244e-07
1.237061837855435442e-06
2.306109536220901646e-06
1.228324663316016085e-06
3.617469928940408863e-06
2.449807652737945318e-06
1.273647285415790975e-06
2.171716687371372245e-06
1.769787104421993718e-06
1.052447146321355831e-06
2.296305154914080049e-07
5.577506954068667255e-07
9.678550441094557755e-07
1.180307833692495478e-07
7.650141355952655431e-07
1.282121161239047069e-06
9.765678896656027064e-07
8.683828127686865628e-07
8.840119107844657265e-07
1.069216978066833690e-06
6.350306591684784507e-08
3.219119548703019973e-07
3.106912629391445080e-07
3.843980778128752718e-07
2.820644908752001356e-07
1.985644985325052403e-06
2.680225179574335925e-07
3.085210664721671492e-07
8.049242410379520152e-07
1.331398266302130651e-06
9.007829362417396624e-07
1.797273739612137433e-06
8.371534363504906651e-07
0.000000000000000000e+00
3.480786574527883204e-07
1.507755627017104416e-07
2.813605703977373196e-07
1.887781664322574215e-08
4.984156642962034311e-09
3.653097110145608895e-06
3.305240747764059961e-09
4.367649353298475035e-07
0.000000000000000000e+00
4.537670239557201057e-09
2.218593095903997892e-07
1.309687860384656233e-07
1.492247179157857317e-07
2.678387716059660306e-07
5.451291826830129139e-07
9.385193955324666604e-09
7.823806491558116250e-09
3.773339187773672165e-07
8.998868565868178848e-07
0.000000000000000000e+00
0.000000000000000000e+00
6.473272584628375625e-09
4.472779551178973634e-07
0.000000000000000000e+00
8.308695669256849214e-07
4.520462368873268133e-07
6.452473257922974881e-07
3.194020337105030194e-06
5.000025282697606599e-09
4.235595554291649023e-07
8.669625017887483409e-09
3.448072050105110975e-09
1.904782465089738253e-08
4.638717712168727303e-07
7.991848178789950907e-07
6.454270078393165022e-07
4.284711963009613100e-07
3.015778702319948934e-06
2.693974749945482472e-07
6.652040269727876876e-07
1.168802441497973632e-06
3.924543761968379840e-06
9.643393923397525214e-07
2.017797669395804405e-06
7.309703278224333189e-07
8.382946248275402468e-07
4.890923150924209040e-07
3.268584350735181943e-06
4.390567028167424724e-06
4.222230472805676982e-06
1.968079459402360953e-07
1.147818807112344075e-06
6.677196893178916071e-07
2.429842140827531694e-07
1.191004571410303470e-06
1.250260538654401898e-06
7.950324061312130652e-07
5.103157718622242101e-08
8.487581339977623429e-07
8.496473924424208235e-07
9.531969453746569343e-07
3.834413675463110849e-08
8.505033406436268706e-07
0.000000000000000000e+00
1.767800767993321642e-07
1.101337829823023640e-06
4.245136437930341344e-07
2.334670456960452611e-09
8.130343331913536531e-08
3.214091492953485840e-10
4.067213126290880609e-07
6.962014076350442338e-09
1.357809509272556170e-07
0.000000000000000000e+00
3.302880635658311803e-09
0.000000000000000000e+00
4.220996122072939727e-11
0.000000000000000000e+00
0.000000000000000000e+00
9.173215431701464695e-08
5.875055109072491177e-09
1.234275903705395194e-09
5.985782536299666390e-09
7.840371907263943285e-09
1.544357836058551925e-10
2.538064425294805915e-09
2.104313701067894726e-08
7.546250344603322446e-07
4.371055183582939208e-06
0.000000000000000000e+00
3.228552092338077273e-09
0.000000000000000000e+00
2.063682913444608857e-08
0.000000000000000000e+00
2.273482522241465631e-07
6.430874464058433659e-07
0.000000000000000000e+00
7.735811990983165742e-09
0.000000000000000000e+00
7.097239240749786404e-09
0.000000000000000000e+00
0.000000000000000000e+00
2.319129066563618835e-08
5.810835546071757562e-08
1.018325974655454047e-06
3.271324899856153934e-08
0.000000000000000000e+00
0.000000000000000000e+00
0.000000000000000000e+00
9.572400649915380200e-10
0.000000000000000000e+00
7.603065732553204725e-09
0.000000000000000000e+00
0.000000000000000000e+00
0.000000000000000000e+00
0.000000000000000000e+00
0.000000000000000000e+00
0.000000000000000000e+00
0.000000000000000000e+00
0.000000000000000000e+00
0.000000000000000000e+00
0.000000000000000000e+00
0.000000000000000000e+00
0.000000000000000000e+00
0.000000000000000000e+00
0.000000000000000000e+00
0.000000000000000000e+00
0.000000000000000000e+00
0.000000000000000000e+00
0.000000000000000000e+00
0.000000000000000000e+00
0.000000000000000000e+00
0.000000000000000000e+00
5.382462475722604722e-09
1.055521670068060303e-09
0.000000000000000000e+00
0.000000000000000000e+00
0.000000000000000000e+00
0.000000000000000000e+00
0.000000000000000000e+00
0.000000000000000000e+00
0.000000000000000000e+00
0.000000000000000000e+00
0.000000000000000000e+00
0.000000000000000000e+00
0.000000000000000000e+00
0.000000000000000000e+00
0.000000000000000000e+00
0.000000000000000000e+00
0.000000000000000000e+00
0.000000000000000000e+00
0.000000000000000000e+00
0.000000000000000000e+00
0.000000000000000000e+00
0.000000000000000000e+00
0.000000000000000000e+00
0.000000000000000000e+00
0.000000000000000000e+00
0.000000000000000000e+00
0.000000000000000000e+00
4.528958874594479767e-10
0.000000000000000000e+00
1.963189333320514152e-10
0.000000000000000000e+00
0.000000000000000000e+00
0.000000000000000000e+00
0.000000000000000000e+00
7.576348992621717571e-10
0.000000000000000000e+00
2.596568151602696162e-07
3.035963302977506828e-08
9.509288467768328701e-09
4.460568803210662736e-09
0.000000000000000000e+00
0.000000000000000000e+00
0.000000000000000000e+00
0.000000000000000000e+00
0.000000000000000000e+00
0.000000000000000000e+00
0.000000000000000000e+00
0.000000000000000000e+00
1.989753917186476428e-09
0.000000000000000000e+00
0.000000000000000000e+00
0.000000000000000000e+00
0.000000000000000000e+00
0.000000000000000000e+00
0.000000000000000000e+00
0.000000000000000000e+00
0.000000000000000000e+00
0.000000000000000000e+00
0.000000000000000000e+00
2.542246591019647894e-08
0.000000000000000000e+00
9.687570745597895439e-09
0.000000000000000000e+00
0.000000000000000000e+00
2.473373683642421383e-07
4.126137810089858249e-06
1.494727712270105258e-06
1.714439918032439891e-06
8.146350296556192916e-07
1.459304712625453249e-06
2.012689947150647640e-06
8.104666449071373791e-07
1.771908500813879073e-06
6.809939350205240771e-07
2.815517291310243309e-06
1.871280232990102377e-06
1.255289987511787331e-07
1.682761308074987028e-06
1.456615223105472978e-06
1.871257495622558054e-06
9.321339575762976892e-07
1.475674480388988741e-07
3.260616949773975648e-06
3.296676425179612124e-07
2.604574547149240971e-07
4.430141586908575846e-07
1.049441152645158581e-06
6.331782174129330087e-07
1.476048055337741971e-06
3.745541050648171222e-07
1.076048988579714205e-06
5.688428927896893583e-07
2.686951745545229642e-07
9.434179446543566883e-07
0.000000000000000000e+00
5.604964936622991445e-09
2.526726632368081482e-07
8.369106296868267236e-09
3.355952671313389146e-08
9.064994976881735056e-09
3.102074686012201710e-08
0.000000000000000000e+00
4.878092152438284756e-09
3.490975841735632912e-10
4.000835929218737874e-08
1.958958932846144307e-07
5.648045142692126319e-09
1.173844594859474455e-07
0.000000000000000000e+00
2.498709919529495949e-11
4.355337424044591899e-09
1.760375312187534291e-08
4.831333200172593934e-08
0.000000000000000000e+00
5.608266064882627688e-07
5.600450663223455194e-07
3.216049151433253428e-07
3.982750573783278014e-09
4.273555731515443767e-09
1.067482116923201829e-06
1.066673505079052120e-08
1.308240804576144001e-08
3.759405728942510905e-07
5.824858373415509050e-09
5.557372340092570084e-09
9.006055456950434746e-09
0.000000000000000000e+00
8.983228383385721827e-09
0.000000000000000000e+00
0.000000000000000000e+00
0.000000000000000000e+00
1.209675417612743331e-07
2.155908532586181536e-06
5.461877208290388808e-07
3.525782631186302751e-06
9.738155313243623823e-07
7.170918934207293205e-07
6.166556687503543799e-08
3.878189431816281285e-07
1.000576276055653580e-06
7.404451025649905205e-07
1.014541226140863728e-06
1.121372861234704033e-06
3.922542930467898259e-07
2.414105210846173577e-06
6.920637929397344124e-07
7.847688721085432917e-07
1.389484282299235929e-06
1.359089878860686440e-06
2.100555093420553021e-06
1.484410972807381768e-06
2.519655254218378104e-06
3.421093310862488579e-07
1.830697442528617103e-07
5.616586236101284157e-07
1.191766045849362854e-06
2.457512380260595819e-07
2.111356252498808317e-06
2.699790229598875158e-06
1.985682047234149650e-06
5.644682801175804343e-07
1.444686859031207860e-06
0.000000000000000000e+00
8.227722787523816805e-07
3.656743047031341121e-06
6.217873078639968298e-07
3.395140538486884907e-06
2.401952087893732823e-06
6.727874506395892240e-07
0.000000000000000000e+00
9.156410101240908261e-07
8.076876838458701968e-07
1.115892132474982645e-06
0.000000000000000000e+00
3.810864654951728880e-07
1.476418105994525831e-06
9.991719451818426023e-08
1.303211092817946337e-06
0.000000000000000000e+00
1.617244671514583843e-09
0.000000000000000000e+00
2.336365838573328801e-07
0.000000000000000000e+00
9.634663733493198379e-09
0.000000000000000000e+00
0.000000000000000000e+00
0.000000000000000000e+00
0.000000000000000000e+00
0.000000000000000000e+00
0.000000000000000000e+00
0.000000000000000000e+00
0.000000000000000000e+00
9.370126896612873679e-09
1.718515534321340965e-07
2.870580715352843981e-07
3.220996802610898158e-10
3.328885966880079650e-08
1.304821068970341003e-07
1.851017776555163863e-11
9.582131497154477984e-07
4.042929185876786846e-12
5.626935006830535713e-08
2.328868049517041072e-07
6.492669513136206660e-07
2.430736287806212204e-07
1.385157872846320970e-07
6.912975081263539323e-09
0.000000000000000000e+00
0.000000000000000000e+00
0.000000000000000000e+00
6.654585831711301580e-06
0.000000000000000000e+00
0.000000000000000000e+00
0.000000000000000000e+00
0.000000000000000000e+00
0.000000000000000000e+00
0.000000000000000000e+00
0.000000000000000000e+00
0.000000000000000000e+00
0.000000000000000000e+00
0.000000000000000000e+00
0.000000000000000000e+00
7.834092485836663400e-08
0.000000000000000000e+00
0.000000000000000000e+00
0.000000000000000000e+00
0.000000000000000000e+00
2.442698132654186338e-08
7.721728811915795632e-10
3.027821264822705416e-07
0.000000000000000000e+00
0.000000000000000000e+00
1.496582768822918297e-07
6.257469067350029945e-06
0.000000000000000000e+00
0.000000000000000000e+00
0.000000000000000000e+00
0.000000000000000000e+00
0.000000000000000000e+00
0.000000000000000000e+00
1.032783303323014934e-09
0.000000000000000000e+00
0.000000000000000000e+00
0.000000000000000000e+00
0.000000000000000000e+00
0.000000000000000000e+00
0.000000000000000000e+00
0.000000000000000000e+00
0.000000000000000000e+00
0.000000000000000000e+00
0.000000000000000000e+00
2.497375362064957471e-10
6.233300382518791594e-07
3.014815774804446846e-07
7.715413516962144058e-07
1.690317844804667402e-06
9.267569680559972767e-07
1.638174467188946437e-06
1.877244926618004683e-06
1.859946337390283588e-06
7.435073712258599699e-07
6.349762315949192271e-07
9.081495022655872162e-07
1.117877332035277504e-06
1.694931142992572859e-06
1.576580416440265253e-06
5.125482971379824448e-07
8.307234224957937840e-07
2.829234517776058055e-07
5.129289093019906431e-06
7.854901014070492238e-07
1.106457943933492061e-06
2.815382629250962054e-07
8.474717674289422575e-07
1.020899730974633712e-06
7.007313485019039945e-08
1.898856908155721612e-06
5.210395670474099461e-07
0.000000000000000000e+00
9.492197250438039191e-07
0.000000000000000000e+00
1.259547022236517932e-09
0.000000000000000000e+00
5.854049689446583216e-09
5.726862468691251706e-07
9.048753923934782506e-08
3.474077622800386678e-11
3.080369959107542854e-09
8.962454778327355598e-09
9.306489801019779406e-09
0.000000000000000000e+00
0.000000000000000000e+00
3.394686309832195548e-09
6.848952516236295196e-09
0.000000000000000000e+00
2.946643462564679794e-07
4.430794888321543112e-06
4.250952940765273524e-07
1.334291482635308057e-06
1.684256858425214887e-07
1.388234305288449377e-09
2.231337248304043896e-07
2.329120661670458503e-06
1.899884516376459942e-08
6.564250920604308703e-09
0.000000000000000000e+00
7.540199575828410161e-09
0.000000000000000000e+00
1.208531141827506872e-08
1.201475718914934987e-08
4.334415280027315021e-06
0.000000000000000000e+00
7.248409019666723907e-07
0.000000000000000000e+00
2.009281615755753592e-06
2.272506435474497266e-06
5.897441496927058324e-06
1.750062779137806501e-06
1.399608436258859001e-06
3.493108806651434861e-07
9.853498568190843798e-07
8.912635394153767265e-07
2.456284391882945783e-06
2.656383230714709498e-06
1.532425585537566803e-06
3.928142632503295317e-06
1.299442374147474766e-06
7.313237233574909624e-07
1.700131292636797298e-06
8.337343047060130630e-07
2.630436711115180515e-06
6.112617825237975921e-07
1.012038865155773237e-06
1.725843958411132917e-06
2.589213636383647099e-06
1.643783889448968694e-06
5.491836532200977672e-07
2.455642800214263843e-07
2.183215208617639291e-08
1.065176434167369734e-06
1.633076038842773414e-07
7.148810965418306296e-08
8.932822197493806016e-07
9.462531238568772096e-07
0.000000000000000000e+00
5.241125791144440882e-07
0.000000000000000000e+00
0.000000000000000000e+00
0.000000000000000000e+00
0.000000000000000000e+00
6.103076266583684628e-09
7.493353493259746756e-09
1.642786060074286070e-06
0.000000000000000000e+00
0.000000000000000000e+00
0.000000000000000000e+00
1.020762474546188514e-09
0.000000000000000000e+00
7.097412657586232854e-10
0.000000000000000000e+00
0.000000000000000000e+00
6.640130112423037190e-10
0.000000000000000000e+00
0.000000000000000000e+00
0.000000000000000000e+00
0.000000000000000000e+00
0.000000000000000000e+00
0.000000000000000000e+00
0.000000000000000000e+00
0.000000000000000000e+00
0.000000000000000000e+00
0.000000000000000000e+00
0.000000000000000000e+00
0.000000000000000000e+00
0.000000000000000000e+00
0.000000000000000000e+00
0.000000000000000000e+00
0.000000000000000000e+00
7.305399396528855505e-09
1.100470159443034390e-09
7.729315143478743266e-08
3.660420577755729710e-10
0.000000000000000000e+00
2.009360713373098406e-07
1.451863074208858961e-08
3.390344893716701336e-09
1.476548772139096855e-09
7.194841389335238091e-10
3.763968692283015116e-08
0.000000000000000000e+00
0.000000000000000000e+00
0.000000000000000000e+00
2.265584129190756357e-07
0.000000000000000000e+00
1.908752711443639782e-09
0.000000000000000000e+00
6.591625578700188726e-10
3.808455772968954989e-09
0.000000000000000000e+00
1.915215069869802278e-10
0.000000000000000000e+00
0.000000000000000000e+00
0.000000000000000000e+00
0.000000000000000000e+00
6.395268314918212127e-09
0.000000000000000000e+00
0.000000000000000000e+00
0.000000000000000000e+00
0.000000000000000000e+00
0.000000000000000000e+00
1.820553961806581356e-06
0.000000000000000000e+00
2.776772589641041122e-09
0.000000000000000000e+00
0.000000000000000000e+00
2.515083030729670099e-09
0.000000000000000000e+00
0.000000000000000000e+00
0.000000000000000000e+00
0.000000000000000000e+00
0.000000000000000000e+00
2.071439242357087096e-09
0.000000000000000000e+00
1.741259136878170466e-09
1.738453988764376845e-06
1.388767259413725697e-06
4.550035441752697807e-07
1.157603719548205845e-06
6.316959115792997181e-07
9.518564070276624989e-07
3.707048790602129884e-06
6.391348961187759414e-07
9.042961437444319017e-07
1.324137883784715086e-06
2.316219251952134073e-06
1.609006858416250907e-06
2.812785453443211736e-07
1.732939949761203025e-06
7.005593261055764742e-07
5.806750209558231290e-07
1.028728661367495079e-06
2.332679116534563946e-07
4.302690683744003763e-07
1.783935658750124276e-06
1.799487790776765905e-06
1.094379058486083522e-06
1.742979293339885771e-06
3.207044983355444856e-06
3.320269570394884795e-06
5.958538622508058324e-07
5.141659471519233193e-07
1.623353455215692520e-06
6.042836275810259394e-07
9.740338668962067459e-08
4.362510992450552294e-07
4.778226525559148286e-07
0.000000000000000000e+00
6.677812052657827735e-06
7.706539295604386552e-10
0.000000000000000000e+00
0.000000000000000000e+00
0.000000000000000000e+00
4.080220161739589457e-09
0.000000000000000000e+00
0.000000000000000000e+00
0.000000000000000000e+00
0.000000000000000000e+00
0.000000000000000000e+00
1.405352577421581373e-06
4.800895567314000800e-06
0.000000000000000000e+00
6.536419738800702817e-10
4.750948079390582279e-09
0.000000000000000000e+00
6.901253755131619982e-07
1.295614504570608005e-09
0.000000000000000000e+00
0.000000000000000000e+00
3.924702340896146779e-08
0.000000000000000000e+00
0.000000000000000000e+00
0.000000000000000000e+00
8.163510756276082247e-07
9.603258632751021651e-09
6.046278588911491170e-09
0.000000000000000000e+00
0.000000000000000000e+00
6.289836278483562637e-07
5.414624304478365957e-11
0.000000000000000000e+00
0.000000000000000000e+00
0.000000000000000000e+00
8.662805157655384392e-07
1.125033755045024009e-08
0.000000000000000000e+00
0.000000000000000000e+00
2.491032091711531393e-08
0.000000000000000000e+00
3.219661759423786407e-10
0.000000000000000000e+00
4.134932680699421326e-07
0.000000000000000000e+00
0.000000000000000000e+00
0.000000000000000000e+00
5.092505261927726679e-07
2.379573516009259038e-06
1.923982381413225085e-06
1.347579541288723703e-06
1.290652562602190301e-06
1.638186404306907207e-06
4.117459866392891854e-06
1.429075837222626433e-06
1.120193928727530874e-06
7.460180313501041383e-07
6.882351044623646885e-07
2.503956011423724703e-07
2.521087935747345909e-06
3.566414989109034650e-06
9.657014743424952030e-07
3.135490800332263461e-08
8.684407475811894983e-06
5.958098654446075670e-07
1.073323460332176182e-06
1.083845472749089822e-05
3.620684765337500721e-07
0.000000000000000000e+00
3.398695103129512063e-09
0.000000000000000000e+00
1.799698523541337636e-08
1.938012019309098832e-06
6.013176516717066988e-06
0.000000000000000000e+00
0.000000000000000000e+00
0.000000000000000000e+00
0.000000000000000000e+00
0.000000000000000000e+00
0.000000000000000000e+00
5.584634421573753116e-10
0.000000000000000000e+00
0.000000000000000000e+00
0.000000000000000000e+00
0.000000000000000000e+00
0.000000000000000000e+00
2.729980685955979425e-10
6.874556479630200556e-09
3.274231774597069489e-09
0.000000000000000000e+00
1.764280099791903922e-08
6.483401815415845704e-09
0.000000000000000000e+00
0.000000000000000000e+00
3.967121742221024761e-08
0.000000000000000000e+00
0.000000000000000000e+00
0.000000000000000000e+00
3.988939845100958337e-09
2.236626661655805037e-09
8.810662616154374405e-11
1.002066483124508522e-06
7.246242716973938514e-08
0.000000000000000000e+00
0.000000000000000000e+00
0.000000000000000000e+00
0.000000000000000000e+00
5.824803750442697492e-09
0.000000000000000000e+00
0.000000000000000000e+00
5.677265324521840739e-09
0.000000000000000000e+00
0.000000000000000000e+00
2.786251229736080859e-08
4.418770345182565507e-07
1.160788087872788310e-06
7.165637612160935532e-07
0.000000000000000000e+00
0.000000000000000000e+00
0.000000000000000000e+00
0.000000000000000000e+00
0.000000000000000000e+00
0.000000000000000000e+00
0.000000000000000000e+00
1.966892870797209980e-09
0.000000000000000000e+00
0.000000000000000000e+00
0.000000000000000000e+00
0.000000000000000000e+00
0.000000000000000000e+00
0.000000000000000000e+00
0.000000000000000000e+00
1.571260122013029559e-09
0.000000000000000000e+00
0.000000000000000000e+00
0.000000000000000000e+00
6.290616361148693159e-10
0.000000000000000000e+00
7.067191720722121318e-09
4.728439861878541706e-08
5.849531135027064011e-07
1.648832494538510218e-06
1.699631866358686239e-06
3.038020622625481337e-06
1.339502887276466936e-06
1.090733007913513575e-06
1.582851751891212189e-07
2.068540879918145947e-06
1.322997604802367277e-06
8.254799581663974095e-07
2.186817482652259059e-07
0.000000000000000000e+00
0.000000000000000000e+00
0.000000000000000000e+00
7.481406214537855703e-07
0.000000000000000000e+00
0.000000000000000000e+00
0.000000000000000000e+00
4.061545553213363746e-07
0.000000000000000000e+00
0.000000000000000000e+00
0.000000000000000000e+00
0.000000000000000000e+00
0.000000000000000000e+00
0.000000000000000000e+00
2.650837416240392486e-07
2.420144369352783542e-07
0.000000000000000000e+00
0.000000000000000000e+00
0.000000000000000000e+00
0.000000000000000000e+00
0.000000000000000000e+00
0.000000000000000000e+00
0.000000000000000000e+00
0.000000000000000000e+00
0.000000000000000000e+00
0.000000000000000000e+00
0.000000000000000000e+00
0.000000000000000000e+00
0.000000000000000000e+00
0.000000000000000000e+00
0.000000000000000000e+00
5.415718984380646361e-09
2.131795042714657029e-07
5.398834712622146981e-09
0.000000000000000000e+00
0.000000000000000000e+00
0.000000000000000000e+00
0.000000000000000000e+00
1.311121991420804989e-06
0.000000000000000000e+00
0.000000000000000000e+00
0.000000000000000000e+00
6.160527846077457070e-06
5.648408318847941700e-07
4.703633749159052968e-06
1.101202769859810360e-06
3.073647349083330482e-06
2.067787363557727076e-08
0.000000000000000000e+00
0.000000000000000000e+00
6.182699507917277515e-08
0.000000000000000000e+00
0.000000000000000000e+00
1.500952279132050649e-10
3.720115326899531283e-09
1.006132621661492976e-09
9.008235046792378853e-09
1.010081573937782196e-09
5.332113223177614714e-11
2.474915161698731936e-09
3.549749161280146836e-09
2.691156078071799129e-05
