3.223769917681806874e-09
1.200868240402996889e-07
4.298731592911053667e-09
3.843887430576842235e-09
5.354893861664322685e-09
2.604718041254727723e-08
4.729726015284541063e-07
1.747327171841561722e-09
3.690642103038044297e-08
4.992081812815740705e-06
6.717281308965539210e-08
2.018847737872420112e-07
3.845840979010972660e-08
1.240673270785919158e-07
3.886232491367991315e-08
0.000000000000000000e+00
5.621493983198888600e-06
4.750282833754226886e-09
3.970862962887622416e-06
3.848193319555548442e-09
7.133740353992834571e-08
2.430513177387183532e-06
7.083635722437975346e-08
0.000000000000000000e+00
4.527043984126066789e-07
1.314095994563516112e-13
1.786909820111759473e-07
4.808799580757749936e-09
9.471473383371176169e-09
3.785537217027012957e-09
6.180261857835489536e-10
5.342998576907120878e-08
8.681318064418519498e-08
9.623410335279913852e-08
5.757359033964348782e-08
7.258890377670468297e-08
1.387880246284112218e-07
1.823306661208334845e-07
1.763257273523777258e-07
1.371032340102829039e-05
1.186870068892176278e-08
4.448457104899716796e-07
2.434030932363384636e-08
6.795697251454901888e-12
4.602330136549426243e-06
2.855454006578383996e-08
2.995197746713529341e-06
2.558926280471496284e-05
9.191641936467931373e-08
0.000000000000000000e+00
1.504320835010730661e-06
5.966576850369165186e-07
8.702538245586310950e-09
3.039679768335190602e-06
1.065605601979768835e-06
8.441961085736693349e-08
4.279128802409104537e-07
3.420491907490941230e-07
1.120520476405317822e-08
2.184546929129282944e-06
1.285444454879325349e-06
1.204571447033231379e-07
3.887328503537901270e-08
7.950532108225161210e-07
9.339839834865415469e-08
1.065221340468269773e-06
6.970788490434642881e-06
0.000000000000000000e+00
0.000000000000000000e+00
3.290032566383160884e-07
3.770569989569594327e-08
9.654127097746822983e-08
4.059986480342558934e-08
9.002281444736581761e-07
8.437559273488659528e-08
1.343469446801748290e-09
1.237694959854707122e-06
2.483763864802313037e-06
1.062740579982346389e-06
2.741833249331193656e-08
8.984672916767522111e-08
4.059673699430277338e-07
0.000000000000000000e+00
9.636866707296576351e-06
2.611910304040065967e-06
7.690886150157894008e-08
4.587814714795968030e-07
7.284506331473039609e-09
3.835066024748812197e-07
0.000000000000000000e+00
8.574534149374812841e-08
1.691026409389451146e-05
1.156805046775843948e-05
3.087416871494497173e-06
2.021388745276908594e-08
3.243483297410421073e-05
1.934469224806889542e-07
2.343006428873195546e-07
1.556150209580664523e-06
1.363059567438540398e-07
3.214496402392796881e-08
8.852624233668393572e-08
0.000000000000000000e+00
9.658709132054354995e-06
5.626146215576000031e-09
5.125473762745968997e-06
3.805284698454869385e-10
2.968233729916391894e-06
4.564284608932211995e-06
2.541869150718412129e-07
1.108548919326324267e-09
9.422422841964817053e-09
1.112357608690217603e-06
1.126757176450610132e-08
1.079506660062179435e-06
2.696149969949601655e-09
2.174539659449692408e-09
1.221544380314298905e-06
5.743531346524832770e-06
3.079773591707635205e-08
4.437642076027259463e-08
4.629654313248465769e-07
2.944453847408823322e-10
1.878661137766357569e-08
1.727384457694824960e-08
6.026823484717169777e-09
6.562319576630670781e-09
2.378138560743536800e-06
1.717954312141500850e-08
4.567763944862690551e-09
2.476766347569991922e-09
9.830298797197656313e-10
3.807691939528012881e-10
1.071341415581628098e-08
6.125720233285392169e-07
1.886004241669070325e-07
7.414303127006860450e-06
2.028652033914113417e-06
9.453859206587367225e-07
2.348839416299597360e-06
7.533310508733848110e-08
7.465271067985668196e-08
2.617491778877933939e-09
4.244833107236445358e-08
2.311026703338825428e-09
3.590560071486947891e-09
1.508954561302289221e-08
1.485208755980238493e-08
1.478570311519433744e-06
8.501437065433492535e-08
1.070784037437988445e-06
8.587674926729960134e-08
8.836768756737001240e-07
4.281919174786708027e-08
2.216060579485201743e-08
1.070239008527096303e-08
2.690258682491730724e-08
2.318497038800160226e-08
2.769043931039050221e-06
6.518664275034780076e-09
9.250627819312740030e-09
2.593663595007456024e-08
2.047357661183468736e-08
1.245900715929337821e-09
5.084965323476353660e-06
2.769945872671542020e-08
6.327042001430527307e-08
4.997764790459768847e-06
1.610077742952853441e-05
1.315911788424273254e-07
2.770938181129167788e-06
3.325092166051035747e-06
5.751528988184873015e-06
1.484986842115176842e-05
2.785308879538206384e-06
1.468986170038988348e-06
1.071705992217175663e-05
7.393498435703804716e-06
1.902634608086373191e-06
1.679525780673429836e-06
1.121196146414149553e-05
8.281517693831119686e-06
1.137183176069811452e-06
3.601409304110347875e-08
2.760783379684994543e-09
2.437735020066611469e-05
1.010912953347542498e-08
1.221493572955978379e-08
2.082608148157305550e-07
2.422352281428175047e-06
1.120128786169516388e-06
1.031247887084418835e-08
1.364788840874098241e-05
1.146106114902067930e-05
2.905342444137204438e-05
1.519148463557939976e-05
9.716610293253324926e-06
7.242843821586575359e-06
1.270210304937791079e-06
3.377547272975789383e-06
6.363660304486984387e-06
7.891654604463838041e-06
1.990918690353282727e-06
5.283015070745022967e-06
2.056875700873206370e-06
7.904367521405220032e-06
1.073899875336792320e-05
2.464570025040302426e-05
1.584698907208803575e-06
4.406192147143883631e-06
1.053722030519566033e-06
8.437797987426165491e-06
1.263842630550016111e-08
3.349251755935256369e-06
5.771985343017149717e-06
1.638255753277917393e-08
2.823026790110816364e-08
9.138838322542142123e-06
5.432703346741618589e-06
1.314161522714130115e-06
4.212695330352289602e-06
1.386372446177119855e-06
6.103206828811380547e-08
1.394451487612968776e-06
2.527170828159341909e-08
1.679051092651207000e-05
8.108669135253876448e-06
3.871519766107667238e-06
5.165589755051769316e-06
1.932853774633258581e-05
6.467789717135019600e-06
2.651965587574522942e-06
1.040996266965521500e-06
4.349707069195574149e-06
3.100722096860408783e-06
1.122139201470417902e-05
4.715113846032181755e-06
1.012457005344913341e-06
9.786413102119695395e-07
5.157913619768805802e-06
4.078885922353947535e-06
2.478685246387613006e-06
3.484062460756831570e-07
1.900815504995989613e-06
1.799255073819949757e-06
1.385115137964021415e-05
3.350456552198011195e-07
6.294037575571564957e-07
2.200585413447697647e-06
5.318077455740422010e-06
1.491231273575976957e-06
5.559704874258386553e-08
7.819608960346613458e-09
7.427303785334515851e-07
2.255993649669107981e-06
0.000000000000000000e+00
4.654714302887441590e-06
3.606020754887140356e-06
2.779941041808342561e-06
2.882131184378522448e-06
5.747712293668882921e-06
2.966472493426408619e-06
1.096294568014855031e-06
1.403167693148077433e-09
1.877595423138700426e-05
5.590458385995589197e-06
3.914035005436744541e-06
1.226025142386788502e-05
2.071420567517634481e-05
1.862795215856749564e-05
2.440030129946535453e-06
2.682565536815673113e-06
1.550107299408409745e-06
1.874151280389924068e-06
5.883728135813726112e-06
1.199332132273411844e-06
2.270466438858420588e-06
4.451633373037111596e-08
3.439575360641988766e-11
8.543062222088337876e-07
4.470405201573157683e-06
4.197664793537114747e-07
1.027196140057640150e-05
2.994320539073669352e-06
6.645041139563545585e-06
8.221009011322166771e-07
9.184566920339420903e-07
7.227878295879008874e-09
3.623168209898608438e-09
3.104878132376143185e-09
1.726618506836530287e-06
5.614666065412166063e-08
1.256095060853112955e-06
2.651468822278957305e-09
5.287774001772049814e-06
1.900032088997249957e-06
8.695843156658611406e-09
5.327984098357774201e-08
3.111410018519222831e-09
1.074440731940740079e-07
1.583037146701826714e-06
1.001066536332473333e-07
7.140048552400912740e-08
4.464432095119263977e-06
1.439052311980049126e-06
1.556795692359003169e-09
5.048008677732696015e-10
1.775493174704934063e-08
2.716531355417828308e-08
2.375650544339524828e-11
2.059221460015692173e-09
3.306224738430785237e-10
4.436104063643142581e-06
5.180451807973440737e-06
1.797927695612600019e-09
3.777490764633739673e-09
7.386626066363533027e-07
4.933274794893804938e-06
3.174522311688576792e-10
1.926832471355055532e-09
3.013479021873877173e-09
9.283697699480342180e-10
2.132983034641711129e-08
1.222984646886970950e-08
8.975652235676534474e-06
1.184618099614453968e-06
7.460667639236362447e-09
6.037142452619548294e-10
1.609541944169734506e-09
4.224551162224088330e-07
1.987166342587443069e-06
0.000000000000000000e+00
5.137159860169049352e-06
2.430263634778384585e-07
1.301889255955757108e-06
1.227040957729741422e-08
3.239899513118871255e-07
2.084761661080847261e-07
7.742563035151306394e-09
1.127211171625397412e-12
3.884349908389594930e-08
2.074805479423957877e-06
2.424151368529692263e-08
0.000000000000000000e+00
6.596765800281900738e-09
3.590789219742873684e-06
2.745664687608950771e-06
1.166842480415652972e-06
4.025122457562702039e-09
1.541333404020406306e-05
2.122800157877691163e-09
6.959141041207317357e-10
3.849707184144790517e-07
1.118326508731115609e-06
3.045714493055129424e-06
2.966637213663858574e-10
1.161066087718154449e-08
1.393595994159113616e-06
1.170945580497573246e-07
9.143436727754306048e-07
6.168562993735804412e-09
3.603151910169799521e-08
1.085937384459612076e-08
8.232581421907525510e-06
2.514765583327971399e-06
7.879914392106002197e-07
5.520270178749342449e-07
3.803298795901355334e-06
1.830287260418117512e-06
2.092353952320991084e-06
1.437606556464743335e-06
7.321068551391363144e-08
2.433847328120464226e-07
1.076615831152594183e-06
3.510933197503618430e-07
1.608297111488354858e-06
2.241918764411821030e-06
3.427978981562773697e-06
6.947002972879090521e-10
4.656903456634609029e-06
3.222882696718443185e-06
0.000000000000000000e+00
8.543457283849420492e-07
0.000000000000000000e+00
8.970266662799986079e-07
3.667918635485989398e-09
1.921254352055257186e-06
1.014479833472137216e-09
4.027134892226058582e-08
3.208163548151787836e-07
4.846987700091176521e-09
5.777624559333283116e-11
1.621418554975662119e-09
9.127492539562354068e-09
1.245570757646419224e-09
1.220391121492525599e-09
3.503361867274179531e-08
1.930319792897705611e-10
2.724100767181880656e-08
6.029414123531751102e-08
1.087283951761719436e-08
8.194510314751823898e-07
2.026608747485170170e-08
1.664844489823735785e-06
0.000000000000000000e+00
2.079223015982734069e-08
5.540659042679862978e-09
3.404893311742540618e-10
2.729401785472873598e-06
1.628313262003189266e-09
2.878066673872581305e-10
4.809403435501735657e-06
7.172756832929394477e-10
9.458577920895550051e-09
1.715769748500406422e-10
7.940745376799895894e-07
2.132785681396853761e-08
9.162175018673224258e-09
4.870235326137617449e-09
2.119493956342921592e-06
2.246864250210478531e-09
9.372529419238162518e-10
6.296505148384312633e-07
2.035020596480308086e-09
1.108398706151092483e-08
8.292706965562501864e-09
4.851507640069030458e-08
5.112835488318978605e-09
7.713508054507656198e-09
1.314510566369220257e-11
9.685975328466156498e-07
4.053892155297944555e-08
1.262254856193578689e-09
5.822033966040862651e-09
1.924085353266491438e-07
0.000000000000000000e+00
9.236048299499088898e-07
5.141824119259119641e-11
7.721663308757342747e-08
2.666212367330444977e-06
8.085303306870628148e-07
8.838504186314821709e-07
2.901462039517355151e-07
3.849029326374875382e-06
1.471342670811282005e-06
6.066500191082013771e-07
0.000000000000000000e+00
1.040983306666021235e-06
1.576309500705974642e-06
4.851233370573027059e-06
3.056768946407828480e-06
2.634500440024112322e-08
6.741985858482735239e-10
6.356927206851992196e-10
8.736894763217151194e-09
3.071280341160331773e-09
4.335602099558855116e-09
6.383365303008758929e-07
1.045855047010491035e-08
3.093183806868182728e-07
3.119654312655484318e-09
1.840530750030211493e-08
1.943263441717135720e-06
1.258185648111975752e-06
2.939252226497046649e-06
3.619504013840924017e-06
5.509255629476683680e-07
9.768756825678792666e-08
2.894503552397509338e-07
3.618298327623392652e-09
1.276177297171443570e-08
1.125375015398333289e-09
5.269956545816967264e-06
0.000000000000000000e+00
2.854851800293545239e-06
1.055715347320074216e-05
1.082271938734891137e-09
2.506831409121446086e-10
1.656191670917905867e-05
1.132304078055312857e-06
3.246490365427234792e-08
3.998230191371021647e-09
1.166546780950739048e-06
4.523295729086385109e-07
7.003987667619782087e-11
3.337222764798752905e-08
4.462749458866710484e-08
1.533330085123907338e-08
1.010282971947162878e-06
1.918973794090561569e-06
1.797365939637529664e-06
8.510696716257371008e-07
6.516272605949779972e-07
5.314941375900161802e-09
1.521794388281705324e-07
6.645461780863115564e-08
1.663492099623908871e-08
1.350932734567322768e-06
1.339929855959098859e-08
9.789830528461607173e-07
6.054978030078927986e-07
1.028742735798005015e-05
0.000000000000000000e+00
1.627461301723087672e-06
6.375540095859832945e-08
9.788607258087722585e-07
1.133611338133277968e-08
0.000000000000000000e+00
1.272084215742097513e-09
1.386153780913446099e-05
2.097524003374928725e-07
3.342900640745938290e-07
2.670620233402587473e-06
1.860069764880734056e-09
4.394601944568421459e-07
2.171512733184499666e-06
4.434608236181247776e-09
5.469754427167572430e-09
5.062561925228692417e-08
4.450333790373406373e-07
1.977399355368447686e-09
8.064374945604413369e-09
4.284212096195005870e-09
2.245159294034237973e-06
3.030073525422949388e-09
5.545985004573594779e-06
4.998004232703578964e-10
1.585422921834833687e-07
1.456569620472691895e-08
7.762769627106536063e-08
0.000000000000000000e+00
8.378824531973805279e-07
9.137623351307411212e-07
5.027513694244589715e-08
1.046072725330304820e-06
7.810020292708941270e-07
5.531545776982227380e-10
3.799191517828148790e-06
3.018038796653854661e-07
3.712609668582445011e-07
1.023229767582733984e-08
3.985381624715955695e-08
5.141745305081713013e-07
3.421539318537725194e-08
8.316064281643775757e-07
6.624826482948265038e-07
8.958124020352897787e-09
2.956818661914439872e-06
1.376546379106002860e-07
0.000000000000000000e+00
2.098254299198742956e-07
4.462598113263993582e-08
0.000000000000000000e+00
3.520921110222730022e-09
4.702036093817696383e-09
4.848465096074505709e-08
1.807598209779825993e-06
1.242357683395312051e-08
3.508316410716361133e-07
4.202425785138075298e-08
4.422776328283362091e-06
1.535656082296554814e-07
1.913824654309337348e-08
6.928441376174987454e-09
1.207517819068470999e-08
6.876572911096445750e-08
5.825239668411086313e-07
1.984170694413478486e-08
9.730416650199913420e-07
0.000000000000000000e+00
1.185605356113228481e-07
1.098548422368006428e-11
0.000000000000000000e+00
0.000000000000000000e+00
2.047328280241345055e-07
2.973155460495036095e-06
2.541579613435374085e-09
1.883173922578862403e-06
6.971854649151509875e-09
0.000000000000000000e+00
5.172101680273044622e-08
6.270281627251961254e-09
0.000000000000000000e+00
1.357180281047476456e-06
3.497332645707729171e-09
1.757673089741729200e-06
1.135613956648739986e-06
1.265573246200801805e-08
7.528557333102980920e-09
0.000000000000000000e+00
0.000000000000000000e+00
0.000000000000000000e+00
1.667300431051899068e-08
4.138405618192564361e-09
7.801139645380317234e-07
6.667558409390039742e-06
1.579970899001637008e-06
0.000000000000000000e+00
5.256661772534698684e-11
1.937275015961859026e-07
2.001475820634368574e-07
7.715987848655458947e-09
5.579354311890938334e-09
3.426875991863198578e-06
4.363014056707470445e-07
1.611182437466496253e-10
4.579486567735102653e-09
4.852761321672005579e-07
7.723907629042514600e-07
6.376964494653192261e-12
3.812199000918781167e-09
8.287774022619487369e-09
3.334908527108382259e-08
5.395494326876359992e-07
1.929041388848418137e-07
1.218063403030100744e-06
1.250655579099202441e-09
1.057122744896332733e-06
5.782144096855290627e-09
2.371146834434512130e-08
5.994232196826487780e-06
1.181708967123995535e-06
6.309451805464050267e-07
7.896158535913855303e-07
1.211263793265970889e-06
3.295013595305817944e-09
1.410918599731303402e-07
5.159820830158423632e-06
4.816499767912318930e-06
8.348265828628242957e-11
1.155235509031626862e-06
4.009846621411128353e-10
7.450155076194064918e-12
1.231845203619741369e-06
1.295778474741382524e-06
2.761390760497306474e-06
4.988534474392736229e-09
4.477114998735487461e-07
4.444984824658604339e-09
4.439297924818674801e-07
9.325408001359392074e-09
7.607188763358863071e-06
9.628350028378918068e-08
6.714566325172199868e-07
1.399355770148602573e-10
4.813211944565409794e-07
1.146186264122661669e-06
1.455008913353594835e-08
6.387518514117118684e-09
1.075873470313126745e-07
4.813989207264057768e-09
4.467894086701562628e-06
2.218512662466309848e-08
3.508325718826199591e-08
1.145264789670363825e-07
1.399366510668187402e-06
2.102727714170526951e-11
0.000000000000000000e+00
3.285223897364630830e-07
3.301244646536360960e-07
2.252914725886512315e-07
5.211998541199136525e-06
2.912322827341995435e-07
2.038904334256130824e-08
5.730709684570456375e-09
0.000000000000000000e+00
1.652080605651917722e-08
9.963040170646308979e-09
1.509970104507374344e-07
6.410331820916326251e-07
2.403872478851099004e-08
3.937976998713565990e-06
1.211819444790762645e-08
5.845286978001240641e-06
3.807107589182123775e-07
3.382769842019683892e-09
4.067758074821625769e-10
1.047073361348793696e-08
0.000000000000000000e+00
1.261547044606459167e-08
0.000000000000000000e+00
1.145281027133127072e-12
2.746031846356800088e-09
2.264107479277299717e-07
0.000000000000000000e+00
3.492722200348907791e-08
0.000000000000000000e+00
4.298468638808117248e-07
1.000287142005618080e-08
0.000000000000000000e+00
2.861124585251673125e-06
3.769162404410053568e-08
9.404161005477362778e-08
0.000000000000000000e+00
6.651901696130835262e-09
0.000000000000000000e+00
3.995964892311576477e-09
1.219449927702953573e-06
4.926374932989752153e-11
0.000000000000000000e+00
0.000000000000000000e+00
1.206280728638375876e-07
0.000000000000000000e+00
0.000000000000000000e+00
1.651903971833235119e-06
7.805418117401430322e-11
1.057448102415037283e-07
2.850052860381424580e-09
2.260522080632654252e-08
8.668590822935584583e-08
0.000000000000000000e+00
0.000000000000000000e+00
1.081620126797133707e-08
3.415045739529887214e-06
0.000000000000000000e+00
5.926329205152569557e-09
0.000000000000000000e+00
4.182741708547155213e-09
0.000000000000000000e+00
8.118969385684238205e-11
0.000000000000000000e+00
0.000000000000000000e+00
0.000000000000000000e+00
3.225921196836623039e-10
2.046203206873542513e-07
4.007973686270815961e-08
6.653152473390377963e-10
1.643435041387419915e-07
0.000000000000000000e+00
5.628769006449374501e-09
1.772253871434870121e-10
9.231316155933200207e-09
0.000000000000000000e+00
0.000000000000000000e+00
9.157637492762660258e-08
3.056356376873736735e-07
3.628509546160785249e-07
4.566184088616864756e-07
9.965750678020413034e-07
0.000000000000000000e+00
1.031812502105822205e-08
1.592806739836305496e-07
1.932520035552443005e-06
7.322080275429243557e-09
7.101509602591704606e-09
1.596674970016920270e-08
2.377198882186348783e-08
1.006146703730337322e-07
9.303667281024274871e-10
4.296012878768351584e-09
4.796344796886842232e-07
6.487478110273059428e-09
7.827804182625186513e-09
5.145475601153748357e-09
8.332526668652917579e-09
7.096345200352516258e-08
1.734174134071508888e-06
2.011294327530777082e-06
1.697606421657837927e-06
6.014651887653599260e-09
5.199344954576190503e-09
1.180268771605597067e-08
3.399428578632068820e-07
1.455941855965647846e-07
3.900380818322446430e-08
1.538301486192494849e-09
1.291647322432254441e-07
3.096091404586331919e-06
3.663078871340985643e-07
8.739521945244632661e-06
4.639876806322718039e-06
1.999764663196401671e-06
3.763760787478531711e-06
7.713810923348773940e-09
1.711482155997146037e-07
8.239095627970982605e-09
3.638248813331301790e-09
8.614744615442759823e-07
5.218432264086914074e-08
6.853467766632093117e-06
8.290942932198674953e-10
4.119559378068515798e-07
4.343106866144808009e-06
6.485011283530184301e-08
4.621925953074423887e-09
1.277444084735179786e-06
1.657536863319819531e-08
3.396711178993427893e-08
2.319156237717834301e-06
1.408083107889979146e-07
5.154948894414701499e-07
1.878187049442203715e-06
3.153649288378801430e-07
3.690596770411502803e-07
0.000000000000000000e+00
0.000000000000000000e+00
3.293091666023428843e-08
0.000000000000000000e+00
3.644115564860328504e-10
1.416126360709313303e-05
0.000000000000000000e+00
1.508357705404250737e-08
1.164518592666752284e-09
0.000000000000000000e+00
9.749512628332013264e-07
4.488194633722741855e-07
2.816158417573433326e-09
1.655865503380482551e-06
1.251058421303241630e-07
1.391377111303881975e-07
3.430241406476852717e-07
1.306906085574155441e-07
7.238524002417534575e-09
0.000000000000000000e+00
0.000000000000000000e+00
0.000000000000000000e+00
0.000000000000000000e+00
3.882290489087836249e-09
9.185982641213286115e-09
0.000000000000000000e+00
2.951490429836667317e-08
3.915032742440871516e-09
2.035177857351300190e-07
0.000000000000000000e+00
1.511429985612267046e-07
0.000000000000000000e+00
0.000000000000000000e+00
9.654830819272319786e-07
1.850625763744062624e-09
2.848003166633361616e-09
4.210823689732023922e-08
0.000000000000000000e+00
6.670894947546912590e-08
9.440831263418658637e-07
2.673893817473071977e-08
9.223978914008057473e-09
6.274030184272305632e-09
3.255717956562875770e-06
0.000000000000000000e+00
0.000000000000000000e+00
0.000000000000000000e+00
1.107312641579483170e-07
7.596192119763145456e-09
0.000000000000000000e+00
6.927022013769601472e-07
4.953083276859615580e-08
2.914723751246128813e-08
5.393694380018132506e-09
1.031415536090207752e-06
0.000000000000000000e+00
8.784625151747604832e-07
5.928748123551486060e-07
0.000000000000000000e+00
1.848474595611548921e-09
1.776607838621657720e-08
7.284075564939485048e-08
3.026454805876710452e-06
6.852981186966644600e-07
1.575873938008953701e-07
5.620390819416343220e-09
5.036348284193081781e-06
0.000000000000000000e+00
3.584770638553891331e-06
1.767744706171470170e-08
1.090368240141970091e-08
2.660370368445796885e-09
1.691878442899863444e-10
1.815167109953108593e-07
2.638028490764554590e-06
3.924077063288677891e-09
3.397496328716442804e-08
4.268649878014230126e-09
0.000000000000000000e+00
6.917446881971045514e-08
7.287095371566465474e-09
1.305219825553649571e-07
1.020489094116783235e-06
1.591766704223118722e-06
1.100127877684542455e-09
9.968282865813193894e-10
7.613270014417139464e-09
4.735941638855933888e-10
6.958997801120858639e-06
2.996599635096686143e-09
1.877629962621085724e-08
2.243596419759796845e-09
3.907547579728998244e-06
8.307031507115425484e-09
2.776620533495588461e-07
5.317775162438920233e-07
2.742490039508993505e-07
6.646890255979087669e-07
1.240272951008591917e-08
2.157474199293574202e-09
1.506202096379638533e-08
4.180141649490209943e-11
5.549324200160299370e-08
2.196492054906684643e-08
1.352251615571731236e-06
4.109495819193398347e-07
3.479032686937166829e-11
1.251088406206690706e-06
3.550802984975121035e-10
9.594214311903215275e-09
1.341105985375179444e-06
1.444863340083202274e-09
0.000000000000000000e+00
8.382559826713986695e-06
0.000000000000000000e+00
4.685372090307282633e-09
6.983181144448735722e-09
2.054746062185586197e-08
0.000000000000000000e+00
0.000000000000000000e+00
2.776965546402720975e-09
0.000000000000000000e+00
6.361359439210900746e-09
2.449889180411446432e-08
1.597855359136701736e-08
8.103518212010385469e-08
0.000000000000000000e+00
0.000000000000000000e+00
0.000000000000000000e+00
0.000000000000000000e+00
0.000000000000000000e+00
8.334340151350261294e-08
0.000000000000000000e+00
6.393138960447686259e-07
2.683539834791304202e-09
7.897796194811235182e-08
7.322262352005282082e-09
8.055787148464332859e-09
4.869133096718769593e-09
1.003172922509065756e-08
7.441326488333288580e-07
2.571479418289612795e-10
5.798565183567916392e-09
6.377693040349186049e-09
4.153833899067649327e-08
4.784960765391588211e-06
2.018589045915675229e-10
1.795423898443004873e-08
0.000000000000000000e+00
6.282414033442762502e-10
4.096746579307364300e-06
2.608351978850009800e-09
0.000000000000000000e+00
0.000000000000000000e+00
1.805683496058918536e-06
6.458097612238589136e-09
7.788598566094151465e-08
1.396789262031461476e-08
1.274039873599974726e-09
0.000000000000000000e+00
1.870725574448783846e-09
4.177823642592670694e-10
0.000000000000000000e+00
0.000000000000000000e+00
0.000000000000000000e+00
0.000000000000000000e+00
0.000000000000000000e+00
0.000000000000000000e+00
0.000000000000000000e+00
0.000000000000000000e+00
1.096334244721219875e-06
4.282981969083721197e-09
1.132461416308849778e-10
6.770138269440728607e-12
1.323847527601174079e-06
0.000000000000000000e+00
1.178408979285450187e-06
4.145496745877608191e-08
1.157614406110951677e-06
7.150875376282783691e-07
2.217738881427067099e-08
0.000000000000000000e+00
0.000000000000000000e+00
0.000000000000000000e+00
3.514237221224902896e-07
1.324475390473978109e-10
3.064465348145972712e-10
6.813136166350375333e-10
6.648325001634702858e-09
1.441109134248108603e-07
0.000000000000000000e+00
0.000000000000000000e+00
8.778212823301601020e-09
1.503776303479753551e-08
5.016100868004969016e-09
8.326033196226489963e-09
2.087849182430545625e-08
0.000000000000000000e+00
2.502855238617485156e-07
7.625780540365667548e-07
4.535182784870528394e-10
1.681739547620964004e-08
1.980762398545721226e-08
3.141454669730592286e-07
1.004852173691617168e-10
1.104711714106088039e-06
1.723855802993057296e-06
8.436239262721301202e-09
1.540622740492381126e-09
3.848459684263616509e-08
1.539672944694814305e-09
1.027755658355999913e-08
2.040347226284211501e-06
1.049182515089341905e-06
2.458436654251272557e-07
3.092760607614764012e-06
6.502343552483580424e-09
2.290505335622583516e-06
4.660925867483456386e-09
3.918940727487552067e-10
5.422924459708156064e-06
5.471427471093193162e-07
2.226981479225287330e-07
1.779905687726568431e-06
9.285799684732864989e-09
1.659532955500253593e-07
2.463403481200998613e-09
9.276379842049209401e-07
1.103519139178388286e-06
1.093344735636492260e-06
4.751310456185819930e-08
6.981248912296678100e-10
2.193470152178633725e-07
8.756629199524468277e-07
3.109479393970104866e-07
3.819483936240430921e-06
8.549017604941866466e-10
2.514319703550427221e-06
4.600140982802258804e-06
9.745699571794830263e-07
7.601806117918386008e-08
6.640128958679269999e-06
1.632279094110344886e-07
1.916367509124938806e-09
6.298306516328011639e-07
0.000000000000000000e+00
3.305351015114865731e-08
1.772729660842742305e-07
1.741044286518445006e-07
6.302563471116684468e-10
4.612559791894454975e-07
1.928191828426406573e-09
5.418813771029817872e-07
0.000000000000000000e+00
5.893621590757902595e-08
0.000000000000000000e+00
1.569947644108893314e-10
1.926082904279979857e-11
3.282375926616509787e-09
0.000000000000000000e+00
1.144933037267037435e-07
9.119159649628727493e-09
4.499758787801511062e-09
0.000000000000000000e+00
7.660956953259301372e-07
2.893043138385564816e-09
9.548156043592825881e-09
2.518084052383073868e-08
0.000000000000000000e+00
1.313536728275721543e-07
1.201372469950001687e-06
7.224339810818491969e-07
5.100299294014121188e-09
3.586064334371030782e-09
9.253202648551450693e-10
0.000000000000000000e+00
8.531118034227347380e-09
1.488236165414491552e-07
0.000000000000000000e+00
1.335783039735360944e-08
7.840318616558761278e-09
3.359011735426520318e-09
2.415887045970066538e-09
0.000000000000000000e+00
2.191708290411042981e-07
1.747358311376956408e-07
7.820099567901195314e-10
0.000000000000000000e+00
1.120874149052042412e-08
4.685952319505304331e-07
0.000000000000000000e+00
1.839299601513744165e-09
2.596930670506480965e-08
3.429484918271441529e-09
1.812075822726910701e-09
5.443799722115727491e-08
2.349005967516859528e-08
7.652863232010531647e-09
8.317523558787343063e-09
4.228637995318251797e-10
1.436574052604555618e-06
0.000000000000000000e+00
1.610009263686151826e-07
6.630813231822685339e-07
0.000000000000000000e+00
1.119544901229119205e-09
5.580152340201038896e-09
1.156331697060863917e-09
9.604349315850413404e-08
3.681601468130679677e-09
8.943825378082692623e-07
0.000000000000000000e+00
1.021823292646217851e-09
1.886688583141449271e-09
6.915346375535591505e-07
3.715695811479235999e-06
4.391741192932840931e-09
0.000000000000000000e+00
1.004599312182108406e-06
8.601362537774548400e-07
1.502291802069066762e-08
0.000000000000000000e+00
8.469874757111028885e-08
0.000000000000000000e+00
0.000000000000000000e+00
1.866583493673190652e-12
3.755249736059340648e-06
3.160002393087779637e-08
1.062617460689807558e-08
1.643106539717109627e-09
5.276235004458840194e-11
2.896716644329444534e-09
6.445978328883938957e-07
7.458820050487702247e-07
6.447767191275488585e-07
2.088479646999985562e-07
8.086949776497931452e-09
6.788074102814789512e-09
1.394985726932418402e-08
4.317949109378105277e-09
1.375784930424117647e-09
1.221732236444950104e-05
1.328600962580139822e-08
0.000000000000000000e+00
2.393881572970713023e-07
4.178193364623439265e-07
9.637185272026727034e-09
9.908093012711560732e-09
9.975539683182432782e-08
4.655198893033229979e-07
7.359270970397346900e-09
2.003740506850704151e-09
8.792654937472832444e-10
5.953042225836924217e-11
7.635544641004798905e-09
2.829307049978524446e-06
7.235177346132104503e-09
4.653936969134520041e-07
3.758751532245696581e-09
8.233180359695779771e-09
3.832234876655071787e-11
4.378509776969963241e-10
1.028627252708247397e-06
1.178162392534432001e-06
0.000000000000000000e+00
5.760536581078667950e-08
2.775672328425571322e-06
1.913327452029989217e-08
1.627063056730548851e-06
1.214335497934371233e-06
2.387722730645691627e-08
4.059935179157037055e-07
2.222524699391215108e-06
4.463797664833180079e-10
4.368521899777988438e-08
2.316106334498968522e-10
7.482185537810437381e-08
7.373190413773045293e-08
1.430264688906390802e-07
3.144461118154140422e-07
3.882071553107380169e-08
9.868813322100322694e-06
8.558178876683086855e-08
8.804817319685298571e-09
2.585491154505348277e-09
1.913550136123376433e-07
1.902112899188068695e-06
1.912665084091713652e-06
0.000000000000000000e+00
5.320024229149566963e-06
9.155196600829640374e-09
8.282922436819717404e-08
2.083786121431785432e-08
5.265156755029920532e-09
7.287144221379548981e-10
5.002344849458495446e-08
1.223790604854002595e-06
6.450691785175877158e-07
3.595812927414954174e-07
1.659261061881522892e-09
1.155908535110938828e-06
0.000000000000000000e+00
5.571271000093247494e-09
3.988429142509630765e-09
1.561145102080274683e-09
0.000000000000000000e+00
3.970262785202294253e-09
0.000000000000000000e+00
0.000000000000000000e+00
1.210944589047358022e-07
3.576212381783960836e-10
1.491000378717188823e-11
0.000000000000000000e+00
0.000000000000000000e+00
3.222001554448183924e-09
1.261845183897492007e-09
7.325366091492924170e-09
3.245670746054862832e-11
3.669164470920804888e-06
2.882288008265732060e-08
4.321678126473216253e-09
2.388346729276236147e-07
0.000000000000000000e+00
1.770452229266084032e-08
1.847834710133611225e-06
4.526052066466945689e-07
2.156036771339131519e-07
2.387995357011618580e-09
0.000000000000000000e+00
5.130047853185715212e-08
1.984030859603080899e-07
1.431140930208130158e-07
8.846994248301598418e-09
6.080919945361529244e-08
1.385637347084411886e-07
6.500869620396088067e-09
2.228887652222510951e-08
1.097089796786576699e-08
4.848969865633989684e-07
1.397621463006260001e-09
3.862577614199835807e-06
0.000000000000000000e+00
0.000000000000000000e+00
1.693973246119639953e-07
0.000000000000000000e+00
1.054974108072315175e-09
0.000000000000000000e+00
2.410536215080583133e-09
0.000000000000000000e+00
3.736851716951150593e-09
5.978685546637052539e-09
0.000000000000000000e+00
6.034696298229391687e-09
0.000000000000000000e+00
3.025117101262964070e-10
5.571383909774851872e-10
3.295080830412189243e-07
2.366791651553512565e-09
0.000000000000000000e+00
6.066587587838512263e-08
0.000000000000000000e+00
0.000000000000000000e+00
3.952497884540662199e-09
0.000000000000000000e+00
0.000000000000000000e+00
3.246834134884579726e-09
0.000000000000000000e+00
0.000000000000000000e+00
3.718706731437038115e-10
4.841651524145618168e-09
4.177716661502017814e-08
6.703887152070819866e-07
1.643233882298034132e-09
2.746766654126986396e-07
9.758060137698976177e-09
1.456182019410334760e-08
2.316117075906731770e-08
3.896607481124192418e-08
5.490843890676444516e-10
6.790714213167348134e-09
2.831380108148096042e-08
5.473572262104653419e-09
3.906465906311495928e-08
2.163506351848809572e-08
1.863172315097472165e-06
1.172509655589237809e-06
5.441189512844779586e-11
1.494570255999860819e-06
8.504502879702613427e-09
1.018384487849743891e-08
8.915312044166512351e-09
2.721622571755233366e-08
1.253042341886612121e-06
6.047126355213094939e-09
3.318087010484305210e-06
1.187292539839290839e-07
3.077966539422050118e-07
1.097572699393367657e-09
1.507723084159806604e-07
4.120489336401078617e-07
3.280450044940153020e-08
1.081681411108093016e-09
4.662563668489383417e-08
3.079352097756782314e-07
2.593320687083178200e-06
3.010504087797016837e-06
9.190497755190429885e-13
5.564000815638792119e-09
3.130619319335892214e-08
5.942071652498270851e-07
2.149181597133065225e-07
9.671586198578552285e-09
6.117293338547824533e-09
1.393697857565712184e-06
3.020232501593778096e-12
1.364573898321452816e-09
1.087232526231218799e-08
9.504608300403560861e-08
6.506081007273678551e-08
4.710371825922265998e-08
2.804540821799150763e-09
2.214097481745280760e-11
1.036017582833892448e-08
2.143107622032403015e-06
1.396686588606144142e-08
1.236071511812042445e-06
2.058282291272917064e-07
5.266385549873575656e-09
2.165312790181062041e-10
1.444384565729706082e-06
1.361704221380932722e-06
9.210454066099771353e-10
1.049803017849626485e-06
1.542412633170897607e-06
2.217853811714576295e-08
3.176598283971543424e-06
3.767440581725622906e-09
1.692055717761320466e-09
0.000000000000000000e+00
5.012085466660209931e-07
2.583243841058902035e-08
0.000000000000000000e+00
1.002440015440697607e-07
3.242423884941558754e-09
1.304802488277800876e-08
1.892122725166700548e-07
0.000000000000000000e+00
3.822018243226921186e-06
3.131356632324333589e-11
0.000000000000000000e+00
1.565287419680316816e-07
8.305526044694033772e-09
0.000000000000000000e+00
2.670428322915086028e-09
0.000000000000000000e+00
9.209916385088945390e-09
3.791276270703747286e-08
1.705310914701385627e-08
3.962900008147585140e-10
1.507619473706256485e-09
0.000000000000000000e+00
1.431197937939998610e-09
4.458519597960730607e-08
3.491040700964731514e-08
3.172320739430745107e-10
0.000000000000000000e+00
1.566605874359083828e-06
2.826069867012392933e-08
4.937187014775190619e-08
1.174508601486934367e-09
3.563468453648965806e-08
0.000000000000000000e+00
5.029319254390429705e-07
7.530695495363073921e-15
1.026470553000535801e-08
4.572344280973084096e-09
0.000000000000000000e+00
0.000000000000000000e+00
3.379976121209438134e-08
0.000000000000000000e+00
1.475833760755662638e-10
7.776932875458442140e-07
0.000000000000000000e+00
5.072777042869347497e-08
0.000000000000000000e+00
0.000000000000000000e+00
2.522775564839374596e-11
3.186687580480906945e-10
7.406891988637198665e-09
0.000000000000000000e+00
0.000000000000000000e+00
0.000000000000000000e+00
0.000000000000000000e+00
4.561316657714087341e-09
2.074623584036316970e-09
1.242179195060089114e-07
7.808066015968506690e-07
1.423120177257430896e-09
1.352356976402901978e-10
1.385502059747523163e-06
1.777271130265489774e-08
1.484158588027639780e-06
1.092936921520681892e-10
3.675239668154972605e-09
2.951879423562786542e-06
1.981077559776167618e-07
1.236078461808176598e-09
3.598686904027204037e-09
2.113772801237701060e-08
6.520691209210838224e-10
4.425183774969809747e-08
0.000000000000000000e+00
3.624197461249423213e-06
8.436368048592157720e-09
6.448177991558168287e-09
4.724395097355227335e-09
0.000000000000000000e+00
2.782851652227691375e-06
3.617797617039286706e-08
1.156994167139657748e-09
3.539552873021989399e-09
2.773108178644179134e-07
3.736684561772563029e-07
3.217411226330568752e-09
4.884172994934488088e-07
9.881519602572552685e-09
0.000000000000000000e+00
1.825599227345264808e-09
0.000000000000000000e+00
0.000000000000000000e+00
8.467115009125336655e-09
3.389543223875080002e-07
0.000000000000000000e+00
0.000000000000000000e+00
4.771391459712504002e-08
1.359849566284765388e-08
8.759497127641679981e-09
2.382777708476169209e-08
2.332575910202194791e-09
2.463261125740245916e-06
2.881572669366505579e-08
2.004002830346962583e-08
7.505153831743882620e-09
2.329322068561623382e-09
4.216400739665004949e-08
7.646388411330917734e-09
4.859218734054593369e-07
1.435949226191723938e-08
8.641729692948629804e-11
6.386433604177454981e-09
5.725917162635596469e-08
3.214736921108851675e-09
2.656809661161219083e-09
7.068279614941275213e-07
6.390078688411904295e-09
1.623535723638269701e-07
1.830669305036281003e-08
1.451519171524751073e-08
2.799563674216187792e-07
1.481875386843967135e-07
7.084678088631335413e-08
5.454305007646098602e-09
1.464139955942300730e-07
7.476650409898866201e-09
5.788730845779355150e-07
0.000000000000000000e+00
1.057682439409290964e-07
5.863485696977477346e-09
7.048240604490274563e-07
1.385054559932541451e-08
7.950400799927592743e-07
2.247810016342555173e-06
9.168462611341965385e-07
2.707758239850477366e-09
3.536638715218032303e-08
1.828328635156140081e-07
1.574428765138691233e-08
4.230789496517672887e-09
3.054974884175720717e-10
5.204461306362873074e-09
3.251150459959717409e-09
2.124241005319049691e-09
3.788070745969207564e-09
2.593179837528936105e-11
2.037874979876619363e-09
1.373419195260794368e-06
1.002916061310088480e-08
5.059828597775428705e-11
6.891984298817988019e-07
3.435789608374761883e-07
1.321342701920968921e-09
8.603197265699691343e-09
3.470999265786645083e-09
1.302445706841126594e-08
2.096309799526352435e-06
7.852541017427938641e-08
7.550027447678075987e-08
1.499500523749475178e-09
2.520386260584928095e-06
4.118438994282769272e-07
9.117208321640646318e-09
4.415289822645718232e-06
4.770450257041147779e-09
2.168698074456187896e-06
4.199247172209652490e-08
1.660628967670163547e-09
6.374305971945659621e-09
1.996607352339196950e-06
9.941083511932902184e-09
5.320152318688542437e-09
2.243989705164040060e-08
1.794218884576537221e-09
2.448757356887654169e-07
2.629660045272430580e-09
5.260999635936514096e-09
0.000000000000000000e+00
2.038635571466329566e-08
1.179676473693491712e-12
0.000000000000000000e+00
3.357186528774036560e-09
6.206781200113198338e-10
1.367740622981727938e-07
0.000000000000000000e+00
4.668964326270952370e-09
0.000000000000000000e+00
0.000000000000000000e+00
1.151776984897878719e-08
4.408967058111556980e-08
0.000000000000000000e+00
0.000000000000000000e+00
0.000000000000000000e+00
0.000000000000000000e+00
4.147986132352343702e-08
0.000000000000000000e+00
8.024382047722156130e-09
0.000000000000000000e+00
3.413099989302281756e-07
4.273634601759113139e-08
0.000000000000000000e+00
0.000000000000000000e+00
0.000000000000000000e+00
7.771196131045599031e-09
3.013680638375149101e-09
0.000000000000000000e+00
1.791089165870118904e-09
1.299913776620087447e-08
5.939341241045781317e-10
4.729328484387451681e-09
5.567386551774688996e-09
1.211175959525689905e-08
4.877193759966758080e-08
5.946459991079677820e-10
6.514161654536110291e-09
2.239942986648202350e-08
6.724701684390765877e-09
2.212804071921592453e-11
1.776634377392838360e-07
1.059269269521045942e-10
2.334946316295827273e-07
4.812484988292453636e-08
1.165667740110620798e-07
9.342016049629364716e-10
9.909542519892511336e-09
5.511989797923888545e-08
6.718535505711997757e-09
1.227426764671690762e-07
1.199662702511261614e-09
0.000000000000000000e+00
0.000000000000000000e+00
2.765402351556645044e-09
0.000000000000000000e+00
1.252176673460780876e-08
1.007397831820355805e-09
1.404527893100748770e-06
0.000000000000000000e+00
3.947095539302836187e-09
0.000000000000000000e+00
1.653422032177331857e-06
8.522191285997848809e-10
0.000000000000000000e+00
0.000000000000000000e+00
0.000000000000000000e+00
3.898393075019157550e-08
0.000000000000000000e+00
1.650247583029340603e-07
1.336670218954338907e-09
2.616345196049252309e-10
2.317468217327700586e-09
0.000000000000000000e+00
0.000000000000000000e+00
3.078109989118615886e-09
0.000000000000000000e+00
0.000000000000000000e+00
7.172022264967381489e-08
3.210862686842119729e-09
0.000000000000000000e+00
0.000000000000000000e+00
3.736376985585820876e-09
1.026392078967708343e-11
1.142278271970553760e-08
7.921324041149091499e-09
1.041806640955655894e-08
1.972947138995095884e-08
0.000000000000000000e+00
3.337849718842988977e-10
2.239032070860957901e-09
1.142280936505812861e-07
4.232847405916118078e-10
7.970436755044829624e-09
0.000000000000000000e+00
0.000000000000000000e+00
4.623559313188252418e-09
3.706246864965123677e-09
0.000000000000000000e+00
3.281743099492473448e-09
0.000000000000000000e+00
0.000000000000000000e+00
5.829077220909084645e-10
0.000000000000000000e+00
0.000000000000000000e+00
0.000000000000000000e+00
0.000000000000000000e+00
0.000000000000000000e+00
0.000000000000000000e+00
1.570415832929938915e-07
0.000000000000000000e+00
3.827677286238895249e-09
2.240914476203670347e-08
6.499803362203238066e-09
0.000000000000000000e+00
8.667903728110104566e-09
0.000000000000000000e+00
0.000000000000000000e+00
2.277306164824577372e-12
1.474103555665351450e-06
2.044425295721907787e-09
1.870235522005714301e-08
2.673012659215601161e-06
2.330939441463897310e-09
0.000000000000000000e+00
0.000000000000000000e+00
2.153381501557305455e-06
4.223072558318108349e-09
6.625157089601430016e-10
0.000000000000000000e+00
0.000000000000000000e+00
3.331014283847189006e-11
0.000000000000000000e+00
5.106409517452448199e-09
0.000000000000000000e+00
7.600632670801132917e-06
6.078709589019126724e-07
0.000000000000000000e+00
0.000000000000000000e+00
5.811026326796309149e-09
0.000000000000000000e+00
3.420215000105031322e-09
0.000000000000000000e+00
6.848447142715485825e-09
8.595562595026251529e-10
2.178658808915656664e-09
1.787013736986864387e-08
1.332737364911906752e-09
8.923568657337455079e-07
2.236856971649103798e-06
2.055826689439932409e-11
0.000000000000000000e+00
1.026062577125230746e-07
5.700096608052263036e-07
1.057820586680691122e-08
1.911153546529931191e-08
1.046072228838568208e-09
6.204961433553535244e-09
2.262177289935607405e-08
8.898553005565190688e-10
1.683358505033538677e-06
2.693485212645896354e-09
6.641215133385003355e-09
3.559447137035931519e-08
1.141312377939129874e-08
1.538948346535562450e-08
7.937830392990008477e-10
2.110496524210248026e-07
1.128854343335206067e-09
8.998834346130024642e-06
2.516139652186666353e-08
1.896256129896300990e-08
2.510637614250299521e-06
1.298982788000557775e-08
8.958107033940621022e-10
1.437242408419692197e-10
0.000000000000000000e+00
1.592934069094553706e-07
5.186550922076094139e-08
0.000000000000000000e+00
7.306057092648643447e-09
8.325012146315202699e-08
5.785844223282765597e-06
0.000000000000000000e+00
1.383177750113873117e-08
9.482820750861264969e-09
4.958896582252236840e-08
1.092124257695559209e-08
2.113399204972665757e-06
0.000000000000000000e+00
6.373306860041338950e-07
1.792753607787744841e-07
1.270107873097003903e-06
8.639186588332847805e-10
5.341214546206174418e-07
9.513770216074135533e-09
8.850931272619266821e-12
1.194156595829554135e-08
1.565140550496835203e-08
8.832311770845535648e-09
1.598211701869800550e-10
2.365411120308635873e-07
6.570016232443354198e-12
2.428092500394996023e-07
4.842310441510733199e-10
5.458460350382665638e-09
2.400647147737799969e-08
5.382082690630340949e-07
6.140119239717023447e-07
1.798936821728602808e-08
2.228949114169154200e-07
1.297325025184647984e-10
1.517368275472108508e-07
1.099334578924526795e-08
2.963100468114654440e-12
3.209114640689847420e-10
3.617501818098389776e-07
5.505192461896513123e-07
2.824606104567806142e-09
2.811977708461199654e-07
6.323961798671007273e-08
9.363045450072604581e-09
8.188289513100244221e-08
1.683192363266527991e-09
5.678620595972461160e-07
1.902245543305980391e-07
1.107004887757057077e-08
9.984363558146469586e-09
7.454540984497270983e-09
2.209596594582308171e-08
5.524721791161368856e-10
1.022757061264201184e-07
8.127737487484409939e-07
2.350822869701119089e-09
2.748652505601967277e-08
6.285966192010050690e-11
1.518268710754000494e-08
0.000000000000000000e+00
8.401543460934135510e-09
0.000000000000000000e+00
8.951461794026727148e-09
1.013798975324498031e-10
0.000000000000000000e+00
3.113220259365334641e-08
1.665687499041723640e-08
1.560571560865753327e-09
6.075530634142012332e-10
6.613022947021818254e-07
6.929392615262486288e-09
0.000000000000000000e+00
6.099586613572682836e-09
1.184738529502737947e-08
5.832206895206581976e-08
1.315482833774694882e-09
0.000000000000000000e+00
1.414024097812216496e-07
1.052599341022641966e-09
7.733662321651735283e-11
0.000000000000000000e+00
0.000000000000000000e+00
3.028399646609614138e-07
1.174414565596748616e-09
1.215690730305141187e-07
2.926276998493904102e-10
5.959137627797872483e-09
1.990522058292754082e-08
9.290427982477922342e-08
6.030583671323697104e-11
3.848598939537595243e-10
1.079983690033259336e-06
4.203506591693439987e-07
1.179296105213722967e-10
6.785513123608311048e-11
1.848724195951945148e-06
1.913126226327221957e-07
0.000000000000000000e+00
0.000000000000000000e+00
0.000000000000000000e+00
0.000000000000000000e+00
0.000000000000000000e+00
2.138487609215644625e-08
0.000000000000000000e+00
1.981273811679784558e-09
2.573920243609251202e-10
2.596444448332846378e-10
0.000000000000000000e+00
5.418163482318050228e-07
7.311189165193354711e-08
8.132900575219537131e-08
0.000000000000000000e+00
0.000000000000000000e+00
8.564302902414056007e-07
0.000000000000000000e+00
0.000000000000000000e+00
1.287436504071592935e-07
2.700923459997284226e-06
3.727808817188815738e-08
2.233135676377173695e-09
0.000000000000000000e+00
3.544994298110282216e-10
0.000000000000000000e+00
1.175299524369677329e-09
0.000000000000000000e+00
0.000000000000000000e+00
2.670518028935475741e-08
5.923702772747674317e-08
4.392703090161376167e-08
0.000000000000000000e+00
1.315360975695512025e-07
6.473709124321658237e-09
0.000000000000000000e+00
1.410888206265781264e-08
3.177262541953496111e-08
5.535949476609403064e-09
0.000000000000000000e+00
1.096483046580942755e-07
5.720727358493604697e-07
1.072637423327194028e-09
0.000000000000000000e+00
5.749852594050253174e-09
9.153619195956252952e-09
1.913592484470427735e-08
0.000000000000000000e+00
0.000000000000000000e+00
1.017419215543213795e-08
0.000000000000000000e+00
3.933469105987796866e-09
7.873298124572158940e-10
5.224685537541517988e-07
5.801001634608837776e-07
0.000000000000000000e+00
0.000000000000000000e+00
0.000000000000000000e+00
1.371723499232757604e-07
8.331731748967285967e-09
2.319459735389273192e-09
4.734300174114025594e-10
1.172832924112299224e-07
1.119189363407713245e-07
4.470348535789980815e-10
1.314508940065961529e-12
3.562452555172512803e-09
1.619520162421395071e-08
7.665634598197357263e-07
2.551358591063035419e-07
4.094760530648500207e-09
1.976138364057078434e-08
1.287794848536805148e-08
3.873889209415892765e-09
8.053007566344305701e-11
1.738467680922894942e-08
9.210421758609754761e-09
3.267719650423828170e-09
6.009206465762417793e-09
6.040324684875031380e-09
1.797032389561081800e-08
0.000000000000000000e+00
0.000000000000000000e+00
6.139558195172867272e-07
7.165373849815637186e-11
1.663892476244654972e-06
5.220200449684853083e-08
1.565903033906579367e-07
1.238924252078277277e-08
0.000000000000000000e+00
0.000000000000000000e+00
1.395189186403911208e-09
2.110807528765690222e-08
2.747087364696199074e-06
2.078198122035246342e-06
9.479528984002172365e-08
4.824812904757891374e-08
2.320274639089348057e-09
3.675802995317667410e-09
2.271138441756193060e-07
6.564735977043767434e-10
2.351138661538243468e-08
1.619482645764946938e-06
2.568034451755352165e-09
5.113879453233494132e-08
7.767520848744879913e-09
5.213160875428002328e-06
3.118861741313594393e-06
8.902551940082048532e-08
1.171363095409105881e-08
2.552429236857278738e-07
9.983932791612915025e-09
1.650404101383173838e-06
1.410575478644204850e-08
7.205438468105285210e-09
0.000000000000000000e+00
8.483769242673133704e-09
9.863341574600781314e-07
1.645197222899241751e-08
2.411081823083804920e-07
8.760936975882316347e-10
7.606981711205662577e-08
7.172893219831166789e-06
1.545926835433419910e-07
6.585864298358501401e-08
2.966336580811912427e-07
1.492589518647946534e-08
1.038042363177282823e-08
1.216457974351214943e-07
4.422700499162601773e-07
8.027495113083205069e-09
4.750009718890169097e-09
3.078068004924716661e-07
2.552711819703290530e-09
3.682924898384953849e-08
1.212182976217945907e-08
1.696604812195801060e-08
6.096269089539418928e-07
1.653424841485673369e-09
2.151154987473091751e-08
1.346111048405873589e-06
1.107227087793205555e-10
6.224856008429924259e-08
2.043871383250461804e-08
2.471329025865998119e-07
3.802262060759176165e-09
0.000000000000000000e+00
5.813812098409698592e-09
3.550803873153540735e-09
1.037178321894316468e-06
3.278233462467028403e-09
0.000000000000000000e+00
1.624119616572272662e-09
2.285133859913912602e-09
4.878541517427947838e-07
0.000000000000000000e+00
1.258802342363196658e-07
3.324221253819814592e-08
2.217420691508209529e-09
1.015511230662013986e-08
5.497362565165531123e-08
0.000000000000000000e+00
4.164641040915739723e-07
2.806440635438889331e-09
1.891927725594655385e-09
0.000000000000000000e+00
0.000000000000000000e+00
0.000000000000000000e+00
8.510449289733656997e-11
1.686274764267636783e-08
3.932986771815194516e-07
5.061138619311122966e-09
2.196720139124863636e-09
1.468155286232786239e-08
2.475033511473156977e-08
3.521741565037928012e-09
8.430109232904214878e-08
0.000000000000000000e+00
0.000000000000000000e+00
1.801933491307750046e-09
2.715959679377988323e-09
0.000000000000000000e+00
6.886967440777880256e-08
1.182358655427151461e-08
1.713805097836029745e-09
3.507356041154707782e-07
0.000000000000000000e+00
0.000000000000000000e+00
8.909103454968203550e-10
0.000000000000000000e+00
1.353827827621501001e-09
0.000000000000000000e+00
0.000000000000000000e+00
0.000000000000000000e+00
1.498653007248051949e-10
7.744599201942037325e-07
0.000000000000000000e+00
0.000000000000000000e+00
1.677445834145918635e-12
3.036896734087690675e-09
1.215996636716454304e-08
1.958504185495257843e-07
2.637609775035798521e-08
5.885918419323843409e-09
7.366564602762082359e-08
5.416410431280382909e-07
6.948851449806170422e-08
7.714114680368311383e-09
0.000000000000000000e+00
2.312034474982738175e-08
3.868749587354614050e-08
0.000000000000000000e+00
0.000000000000000000e+00
1.529775239816899557e-08
3.678903794934740290e-07
0.000000000000000000e+00
0.000000000000000000e+00
1.396978746015520301e-07
1.694893114745354978e-08
0.000000000000000000e+00
3.721423809111001901e-07
0.000000000000000000e+00
0.000000000000000000e+00
1.764646810897829710e-07
2.546271637982044922e-08
0.000000000000000000e+00
4.436905065574592300e-09
3.356492639383645837e-09
1.902390778241169755e-08
1.069197161363000248e-11
1.044445596676268906e-07
5.000050026793267932e-11
0.000000000000000000e+00
1.236184576924870271e-08
0.000000000000000000e+00
2.308226720870720783e-09
0.000000000000000000e+00
6.064039048681024724e-09
0.000000000000000000e+00
4.334670122840833528e-11
0.000000000000000000e+00
0.000000000000000000e+00
0.000000000000000000e+00
8.075486945813281636e-09
9.478297258169732231e-09
0.000000000000000000e+00
0.000000000000000000e+00
8.896365422117469279e-09
1.919711500875109778e-09
7.015515390840221244e-10
2.786170183455283222e-09
2.637521978599011163e-09
1.601798231831708108e-07
1.990280384944753678e-09
0.000000000000000000e+00
3.035902196302231459e-09
8.974859966315307247e-09
1.598214893760996347e-09
0.000000000000000000e+00
8.732705669700635553e-10
1.516083925068301141e-10
0.000000000000000000e+00
1.329724064191850630e-08
2.791021191939080381e-09
4.136624284001300111e-06
2.811636647948034806e-07
1.467167010105185909e-07
1.428049944962594964e-08
6.879176339680270758e-07
1.364572899120730654e-08
6.616991043983944110e-08
1.809520711049117381e-08
5.962755039945477620e-06
3.152367811232181793e-10
1.242856662031499582e-08
5.025769578281824579e-09
1.006678207460254271e-08
2.200382410999512928e-11
1.375385778601412312e-07
2.888791650335065242e-09
1.517917894489073660e-06
1.945614336307244230e-08
4.661288130591856316e-06
7.550142413492721971e-07
0.000000000000000000e+00
1.437603458498415421e-07
0.000000000000000000e+00
1.186459576274501160e-05
1.924472803338517224e-09
2.342046834247213383e-10
7.700689863554543990e-09
2.546985911067167763e-08
2.241830543425749056e-06
9.060279637651547091e-09
3.467616638275217156e-09
1.956735360408856650e-07
5.936039570997309056e-08
1.382355435453064274e-06
9.595995997813133727e-09
1.007299488264834508e-06
7.728656603589456608e-10
1.077835420915107534e-08
1.534812099635018967e-07
1.841199726015929627e-08
8.952458188105083536e-07
3.155649741515276219e-09
1.135112711381225381e-06
1.737809043333982117e-07
3.824237815308606514e-09
6.907723726357062333e-09
1.466718968501368181e-09
1.209152422632087109e-08
1.981083297408758881e-09
8.805331930261672824e-08
3.032760709231752116e-09
1.879782196567703068e-08
7.876702068365659670e-11
8.168092868743315194e-09
7.492332976255511312e-09
7.554860737002400128e-09
3.788825253536742821e-09
3.278528337702368844e-09
3.341220349284412805e-07
2.425979139797362905e-10
0.000000000000000000e+00
0.000000000000000000e+00
1.336337795976305642e-08
0.000000000000000000e+00
1.631860868656076491e-08
7.906237442512065172e-09
0.000000000000000000e+00
4.043662471531206393e-08
1.223181733678302407e-08
2.898649098526107082e-09
1.822551998209576141e-09
9.606003459339262918e-08
6.205633340528038389e-09
8.605461232491506962e-09
8.447314514548054376e-10
3.603495599691086682e-07
2.902843476704219938e-08
0.000000000000000000e+00
7.772516141812957358e-08
1.593720867276715580e-06
3.812788236245978624e-07
2.625999400152068119e-07
5.403797409542221430e-09
0.000000000000000000e+00
2.966076828592179027e-10
0.000000000000000000e+00
2.180201818191562779e-06
5.956838911025386096e-10
0.000000000000000000e+00
6.407256059048904717e-09
0.000000000000000000e+00
6.456604069171589799e-07
0.000000000000000000e+00
1.531830662315769587e-07
1.574969044071394819e-09
1.184455058478306455e-07
0.000000000000000000e+00
4.747604975818831008e-08
0.000000000000000000e+00
0.000000000000000000e+00
0.000000000000000000e+00
6.924768758409527436e-09
5.153957616244042583e-08
0.000000000000000000e+00
0.000000000000000000e+00
1.756911421901818926e-10
0.000000000000000000e+00
1.661796700247464287e-09
0.000000000000000000e+00
8.932416584173097363e-09
0.000000000000000000e+00
1.853383557737231513e-09
2.127185894096328411e-08
0.000000000000000000e+00
0.000000000000000000e+00
0.000000000000000000e+00
6.278550124250159570e-09
2.896286730447172886e-07
1.003560221035648681e-10
3.946239779395455116e-09
4.676896026012400398e-07
7.804167090341707080e-09
1.940042793080465344e-08
3.277511098076502094e-07
3.990063390801878995e-09
2.246766772628916442e-09
1.157528686235309578e-06
0.000000000000000000e+00
1.395655431224440690e-06
1.563098983581312496e-08
2.126188392015393447e-10
8.138116916467375006e-12
0.000000000000000000e+00
1.642094815679229214e-08
0.000000000000000000e+00
0.000000000000000000e+00
2.923995268133694481e-09
1.021458473360326025e-07
0.000000000000000000e+00
0.000000000000000000e+00
0.000000000000000000e+00
4.905843979940982535e-07
0.000000000000000000e+00
4.319397284291426331e-09
2.315899564564460889e-06
9.246208243496312207e-09
0.000000000000000000e+00
1.192797510068954736e-11
4.475915815760345140e-08
0.000000000000000000e+00
7.392722878307722567e-09
0.000000000000000000e+00
8.516402694169755705e-09
6.736382562877452074e-10
1.595407184140640311e-07
1.499019042228155740e-08
0.000000000000000000e+00
1.370956852042581886e-06
5.551832327199690553e-09
0.000000000000000000e+00
5.498378996549035946e-08
0.000000000000000000e+00
0.000000000000000000e+00
0.000000000000000000e+00
0.000000000000000000e+00
3.244302959615197324e-08
1.174377040058516286e-09
0.000000000000000000e+00
0.000000000000000000e+00
1.920835046576030436e-09
5.057052998580502390e-09
8.499037917886198557e-09
9.518564603183676809e-09
0.000000000000000000e+00
4.218317695148243729e-09
2.696423528902869293e-09
3.631067713172342337e-08
0.000000000000000000e+00
1.375717428864220437e-09
5.824048088243216625e-08
6.533530605423720772e-09
0.000000000000000000e+00
5.479857456691661355e-09
1.998923027102250671e-09
9.462108874203067899e-11
0.000000000000000000e+00
0.000000000000000000e+00
0.000000000000000000e+00
3.883963586304162163e-07
0.000000000000000000e+00
0.000000000000000000e+00
4.831988587028490656e-09
0.000000000000000000e+00
6.083724315431027208e-07
3.778422694722394226e-07
0.000000000000000000e+00
1.560776508036099131e-10
3.705566520295633381e-09
2.844103397237063291e-09
5.356329269012860550e-10
1.582194097959899182e-10
3.250915314723101801e-09
0.000000000000000000e+00
1.807686889065962532e-09
2.398416427240590565e-06
0.000000000000000000e+00
1.250653247630850728e-09
0.000000000000000000e+00
3.856227337450945925e-09
5.194578545086869781e-09
0.000000000000000000e+00
0.000000000000000000e+00
0.000000000000000000e+00
1.007146082088183903e-07
4.481692350566390814e-09
4.051782021008420998e-09
1.242325087247309057e-08
5.777025080533348955e-08
4.576208301187989491e-09
1.140251910669576318e-07
2.300447476955014281e-08
8.096336046037322376e-08
0.000000000000000000e+00
7.825915915304904047e-09
6.529453644432692272e-10
3.757207167609522003e-08
1.030217208608519286e-05
2.110750330075461534e-08
1.545722716489450477e-10
6.052361389841109940e-11
0.000000000000000000e+00
1.627398305004135182e-08
4.761153959975672478e-08
0.000000000000000000e+00
3.797007597228230225e-09
3.227577760611666235e-09
2.539493060282893566e-09
2.833743684149681030e-09
1.934162519034998695e-08
1.447968234202789972e-08
8.899739278867002668e-10
1.004086258582503888e-09
1.112592045160454290e-07
7.687067871131603169e-09
3.161545691909850575e-09
9.922809240947572107e-09
0.000000000000000000e+00
6.067800200071360450e-07
1.667429860852109869e-09
4.082344773337354127e-08
1.137454130883952530e-08
1.788661552204473537e-09
6.288227716311212134e-09
4.484365323520478341e-09
2.157493099730345421e-06
2.207685838584438898e-06
2.569882973091353051e-09
7.338079588414814225e-10
2.437827220092003699e-07
1.015270201243367865e-09
8.617266344934648714e-10
9.956959701185041922e-10
3.640262091764157049e-09
4.427592736888641411e-10
2.073784877154594142e-08
4.055759894594501702e-10
2.892938937293365598e-07
2.778769214728527004e-07
6.071963376541589241e-09
4.796452124367078795e-09
4.205120252009919568e-09
8.195262779508993845e-08
1.318095655733486637e-06
5.436139538517181791e-09
1.213415316669852473e-06
4.501811545765121991e-08
6.177446332245040139e-10
3.070999582632794045e-06
1.247660065928357653e-06
3.999630848738888744e-07
4.944876452750435192e-11
2.737011072895256802e-06
1.872684833870152943e-07
7.917722033567997642e-10
5.252015355949879449e-08
5.301991450323839672e-07
0.000000000000000000e+00
7.664564982690080797e-09
1.859682811300444882e-06
3.635169387727898993e-10
3.157992750857374631e-06
7.432770399162791364e-09
1.124725272916293761e-07
3.485124011604057159e-08
4.270704900832811290e-10
0.000000000000000000e+00
8.829250663922039166e-10
4.420074528610484776e-09
1.406104388479434419e-08
1.080132037145631330e-07
1.762652800607611425e-06
1.645957148355137178e-09
1.016848258927893767e-07
7.240696930921330932e-10
3.419873806365103519e-08
1.932124149561786908e-08
2.329099224596120621e-08
0.000000000000000000e+00
6.165221293485956267e-07
0.000000000000000000e+00
5.325564984559605364e-07
5.392400304060629423e-09
6.784111938884507254e-09
1.923625404742779210e-06
3.196516940029425768e-10
3.390605797903845087e-06
1.849101636253180914e-07
1.270308835898958932e-08
0.000000000000000000e+00
0.000000000000000000e+00
6.956629761134536238e-08
2.549738731261186331e-08
3.374032075953437015e-08
1.513213554460435262e-08
3.569178730344901851e-09
5.202718256214211578e-09
1.548026943964941893e-06
4.505471107307812417e-09
0.000000000000000000e+00
9.848348554442054592e-07
0.000000000000000000e+00
0.000000000000000000e+00
7.236526045062419144e-08
2.351346353179906146e-07
0.000000000000000000e+00
6.720517831126926467e-08
0.000000000000000000e+00
0.000000000000000000e+00
6.718114953230269748e-09
0.000000000000000000e+00
0.000000000000000000e+00
0.000000000000000000e+00
0.000000000000000000e+00
2.349394456757636362e-09
2.025930673221765232e-10
9.201140294123888452e-09
0.000000000000000000e+00
1.055206757882842794e-05
0.000000000000000000e+00
0.000000000000000000e+00
2.731131432121003400e-10
0.000000000000000000e+00
3.948418907384620979e-06
1.774281832567226047e-09
0.000000000000000000e+00
8.560384401334886206e-08
2.902727125331239222e-08
1.503584172724004020e-07
4.206271775331060780e-09
0.000000000000000000e+00
1.697916331977467053e-06
3.892856037523984014e-10
0.000000000000000000e+00
2.106702368109836243e-09
0.000000000000000000e+00
0.000000000000000000e+00
8.980497341326554306e-07
0.000000000000000000e+00
0.000000000000000000e+00
3.634993674950237619e-07
3.529755820963487167e-09
1.180269837419700707e-08
2.029081791476983199e-09
7.042155192316101875e-10
2.906233864674589995e-10
7.212671757593491773e-13
4.073636539203562279e-09
9.044239246414065292e-10
4.679594098888628650e-07
9.653347565752312676e-12
1.952723494014207972e-07
1.531272033616914996e-07
5.511656553380817058e-08
6.445998401716224180e-09
4.306562857436802005e-07
0.000000000000000000e+00
6.000926422444763375e-09
0.000000000000000000e+00
0.000000000000000000e+00
3.907493706378772913e-08
1.341226507634019072e-08
0.000000000000000000e+00
0.000000000000000000e+00
0.000000000000000000e+00
5.279769954569246693e-09
0.000000000000000000e+00
0.000000000000000000e+00
8.808374474256197573e-09
0.000000000000000000e+00
7.883782515705206606e-09
0.000000000000000000e+00
0.000000000000000000e+00
3.601275722076024977e-08
2.173513422576434095e-07
1.013727679577414165e-08
3.157803803333081305e-06
2.059493851500060480e-12
8.452044619744469856e-10
2.444764168885171784e-09
1.735234178568134666e-10
3.317676942060643341e-07
0.000000000000000000e+00
4.130608299846016962e-09
5.901123145690689853e-09
8.428581388386646722e-09
1.298689955575582644e-08
0.000000000000000000e+00
8.958789976531988941e-07
0.000000000000000000e+00
0.000000000000000000e+00
7.811846308714009979e-11
0.000000000000000000e+00
2.709483304386139935e-09
0.000000000000000000e+00
0.000000000000000000e+00
1.636856872266889695e-08
0.000000000000000000e+00
4.728670233156151426e-10
1.741695712098589865e-07
1.657623149853293398e-09
0.000000000000000000e+00
1.321616025506955339e-07
0.000000000000000000e+00
9.772513527572801451e-12
0.000000000000000000e+00
1.209735644991383197e-10
1.899149282280632178e-09
7.978377425388316624e-08
1.857432874174946846e-09
2.423747957891464466e-08
8.512117677383912451e-10
5.890115517104277387e-06
4.343417181473796518e-09
6.124601381607419626e-10
3.381417457148927497e-08
1.952762495975590706e-13
1.231318549343995983e-07
0.000000000000000000e+00
9.353185781435513491e-09
0.000000000000000000e+00
0.000000000000000000e+00
7.494528886375917409e-10
0.000000000000000000e+00
3.205021670282803825e-08
0.000000000000000000e+00
0.000000000000000000e+00
0.000000000000000000e+00
0.000000000000000000e+00
0.000000000000000000e+00
6.734990876111623948e-08
4.479568382897980428e-10
2.449755065470071713e-09
2.151881173251268820e-10
1.315249242850313749e-09
1.534083480692061130e-06
0.000000000000000000e+00
0.000000000000000000e+00
2.364167750457113470e-09
3.404215576097158191e-08
6.225877768883947283e-08
2.943226604656956624e-07
1.600961807568523909e-09
1.346468678775636363e-07
1.048909403777997795e-08
3.183122885275224689e-07
8.103671511605625710e-09
5.387438495318974674e-09
5.079868525825759207e-09
1.076820836942715687e-07
3.908931134333215596e-08
1.330256460541079377e-09
1.077157421036645246e-07
5.741001007919521726e-09
4.916028140122818968e-10
4.006518793175928295e-06
0.000000000000000000e+00
8.919198535295436159e-07
6.778894316994410474e-07
2.538165745136211626e-06
2.821049520207452588e-06
3.073960863630986751e-09
3.956557065976085141e-06
1.295922036348429174e-09
3.407673698774260629e-09
1.033962689689360559e-06
3.610204203141620383e-06
3.571010598335533359e-09
4.824744603837416435e-09
1.197323928892046752e-08
0.000000000000000000e+00
7.711797422871313756e-08
1.276177044928772375e-06
2.343453608943946165e-08
1.197646426476239867e-08
1.383488879014294071e-09
1.988520875739752114e-10
4.443537551801490793e-12
5.895888648410618771e-07
0.000000000000000000e+00
1.024215166012254485e-07
5.846178737556328997e-06
1.605853753972041886e-06
1.272259009255094497e-08
9.845640391858978546e-08
5.271444614152187569e-09
1.418634241190375178e-07
1.992175091558578970e-09
3.321162234115604406e-09
1.005349803406829778e-09
1.961391546956292586e-07
1.866246535087157099e-08
2.561292844482920827e-11
1.274222671820979258e-10
1.353023731465521906e-13
3.254931879581590692e-09
4.368402528598380741e-09
3.561217709613373472e-10
7.315418315556598827e-08
1.540356322493607877e-07
3.377429891315841815e-07
2.226644216229978213e-12
1.465466503702828049e-08
7.669548551803018199e-08
8.569791276613614173e-08
1.368030466686320779e-09
0.000000000000000000e+00
3.622260464908322319e-07
0.000000000000000000e+00
2.181032954240436084e-08
0.000000000000000000e+00
8.603887380331798340e-09
2.293970169375825208e-08
5.392882940213894472e-07
8.085220271070170384e-10
8.039403864845695580e-11
1.413547612294507871e-10
7.093202469832249335e-09
1.496920276622404344e-06
0.000000000000000000e+00
1.982793840227259352e-08
0.000000000000000000e+00
0.000000000000000000e+00
0.000000000000000000e+00
3.916541313486732179e-09
1.111450709245787039e-09
1.321587395075596305e-09
4.666474637815554161e-07
4.215346294245136960e-09
1.050039610817066205e-08
9.079746732254534436e-09
5.800152719226403519e-11
1.224293981749724480e-07
7.011129871115073797e-11
2.820427225103117053e-10
2.623206096785679620e-10
2.874213009818049613e-07
1.696486037872091401e-06
0.000000000000000000e+00
6.254134405025979504e-06
4.684572729729552520e-09
0.000000000000000000e+00
0.000000000000000000e+00
0.000000000000000000e+00
1.217856482327306367e-09
0.000000000000000000e+00
0.000000000000000000e+00
5.523375978810918241e-09
4.098302586186264307e-09
6.508580566860766581e-12
0.000000000000000000e+00
0.000000000000000000e+00
3.085582136463926872e-07
8.135377704832080781e-09
1.654607117984596698e-09
0.000000000000000000e+00
2.895813366876609507e-09
1.076546496392438712e-08
0.000000000000000000e+00
2.764000139876543471e-09
1.946596661639432568e-08
0.000000000000000000e+00
2.713100855089578545e-08
4.100608741453015682e-09
0.000000000000000000e+00
6.504410521301906556e-07
0.000000000000000000e+00
0.000000000000000000e+00
0.000000000000000000e+00
1.167834717819005164e-10
3.397624181999958637e-09
2.225954143231234639e-10
7.533831336559160263e-09
1.364826545113828615e-07
2.458078185441081587e-09
4.248024154662743967e-08
1.620415690517518215e-09
5.171076011833974917e-08
4.866528069413789126e-09
6.744251379586785333e-08
8.128908213222985069e-09
2.906856764184340136e-07
0.000000000000000000e+00
6.387831374965458053e-10
0.000000000000000000e+00
6.470674662750752759e-09
0.000000000000000000e+00
3.597446607273013797e-08
5.265538227661181736e-09
0.000000000000000000e+00
0.000000000000000000e+00
1.480038869239308497e-09
0.000000000000000000e+00
0.000000000000000000e+00
4.351833560178874905e-09
3.432036876915844914e-10
3.242222268440286825e-09
0.000000000000000000e+00
3.399986070462546195e-09
0.000000000000000000e+00
4.144449228249413864e-09
0.000000000000000000e+00
6.812804542732919799e-09
9.963570164472912438e-07
6.295063359473829223e-10
3.654686553389296932e-10
0.000000000000000000e+00
6.684899855891046627e-10
0.000000000000000000e+00
7.527505008209089965e-11
0.000000000000000000e+00
0.000000000000000000e+00
9.925967603408025752e-09
1.623788676852200297e-07
6.267097507617336305e-09
7.346649955053408121e-09
0.000000000000000000e+00
0.000000000000000000e+00
1.288815720812408472e-08
0.000000000000000000e+00
2.427024581308501183e-09
0.000000000000000000e+00
1.187756453191468609e-07
0.000000000000000000e+00
0.000000000000000000e+00
0.000000000000000000e+00
0.000000000000000000e+00
0.000000000000000000e+00
4.472578396530479949e-08
5.693405569218157325e-08
8.413309979249383730e-12
0.000000000000000000e+00
9.480919382909291926e-10
5.507708955576617882e-09
2.355907469109297381e-08
1.240333858731901273e-06
8.673259443980896322e-09
6.070967062399290626e-10
0.000000000000000000e+00
8.526269823505572276e-08
0.000000000000000000e+00
1.131591307057533413e-05
1.820263229035390395e-08
1.123180055628836271e-07
0.000000000000000000e+00
0.000000000000000000e+00
0.000000000000000000e+00
5.006579151256573823e-09
7.355246411933080708e-10
0.000000000000000000e+00
0.000000000000000000e+00
2.083728301016662954e-09
1.238363633859762558e-08
8.286788215627893806e-06
4.247809101798338816e-06
0.000000000000000000e+00
6.363003279830081738e-08
5.295431870777633776e-10
2.437160674162441865e-06
0.000000000000000000e+00
2.596765469320416742e-09
8.808848974695138168e-07
7.995221151801956694e-10
7.448915373409192853e-10
5.541980499401688576e-06
6.273134789402945444e-10
2.382836428171941634e-10
4.716566248674780581e-09
0.000000000000000000e+00
0.000000000000000000e+00
0.000000000000000000e+00
3.391676727915182710e-06
7.554247531516011804e-06
1.569928258504660334e-06
5.733548302799817975e-09
0.000000000000000000e+00
4.045094037508079055e-09
0.000000000000000000e+00
1.447251918307301821e-08
2.101835860912615317e-08
2.754998895682092552e-08
3.532430355335236527e-06
1.899373636149448430e-08
5.675877989830269144e-09
9.653812860221933079e-09
3.218179855934977240e-08
2.465374793203523041e-09
1.170801372518681660e-10
7.862241524492219469e-09
9.959052249541855417e-08
2.851366787126607960e-07
9.733966521707770880e-09
4.717857660097024564e-09
6.350849162117810920e-07
7.527124580519739538e-06
0.000000000000000000e+00
6.701240007345177219e-09
2.522521747039263573e-09
1.935819113896286581e-07
4.476029769051592666e-09
8.822377495221189747e-09
3.890634481251709076e-10
1.619550182851980935e-08
1.252074710578199301e-08
1.613493338936677901e-09
9.426498470688216003e-10
1.125600146423266779e-08
4.459787916744062386e-08
3.693875498811394209e-07
7.973800393301644363e-07
5.846001016607260681e-08
1.112876679698615590e-09
9.122045696585701080e-08
1.019143454072946042e-07
1.476455224747041939e-07
4.061143865641270168e-09
1.704363872256919876e-10
1.459283680560474750e-07
5.598476127133267255e-10
1.186295772725998177e-08
3.339499787813338116e-09
1.960866711669950746e-06
1.209848399241764128e-08
1.195284426991349847e-10
3.813135585062354949e-09
5.534606994928026324e-09
6.409371700044630416e-09
1.648467495840577612e-08
4.012070231595998848e-09
1.955203110526326782e-08
2.695005377972847782e-06
8.091475365290534683e-07
4.858463853452121839e-09
5.622790695269941352e-07
1.486417239293658099e-10
3.237635159969443066e-11
4.028164468650174967e-09
4.043099721684484393e-08
0.000000000000000000e+00
5.260571089849008786e-09
2.544543598048676358e-08
8.911546700574035640e-08
2.512660103093367070e-05
4.227534121381548715e-12
4.773031622717915923e-11
7.073777563704197746e-09
9.424456237638878520e-08
0.000000000000000000e+00
2.777783514318343805e-08
3.921278413088202797e-09
0.000000000000000000e+00
1.672555782761264709e-08
5.098822271065728273e-07
7.757790854157065041e-08
1.285127737560287642e-08
6.178674425427743699e-07
1.374372282647584598e-09
1.295319066230149474e-06
2.302431312273256481e-08
2.429734191622401340e-11
1.125898165810212959e-07
3.316608765402406789e-09
6.638566674155299552e-07
0.000000000000000000e+00
0.000000000000000000e+00
0.000000000000000000e+00
2.663183096274224226e-08
1.307871144717864809e-08
4.871076697554599377e-08
0.000000000000000000e+00
0.000000000000000000e+00
5.258234403449080219e-10
1.784684067196451451e-09
8.757424119210099889e-09
2.256823061763668647e-10
6.914711914163262918e-09
0.000000000000000000e+00
8.185570266050490318e-08
1.214544198546718690e-07
0.000000000000000000e+00
0.000000000000000000e+00
0.000000000000000000e+00
0.000000000000000000e+00
7.407977875573124038e-08
1.730244463260532939e-07
0.000000000000000000e+00
0.000000000000000000e+00
2.832798162710759016e-10
1.828280193905129636e-09
1.344552913451479981e-07
8.843175969275307580e-09
5.009636705466391504e-09
1.152387163472212706e-08
9.165995962234774197e-09
1.063260257616605031e-09
2.663705256367165930e-09
2.145951384591171518e-06
0.000000000000000000e+00
6.640203054075755063e-09
2.483819550036514556e-08
0.000000000000000000e+00
4.932931005896534771e-06
7.528070611328985251e-09
2.784324104609936512e-09
1.677434441349490157e-10
0.000000000000000000e+00
0.000000000000000000e+00
0.000000000000000000e+00
4.449967949682331891e-09
7.757400943830816686e-09
2.329286541424835377e-09
1.290781703744414699e-09
2.395639171481889207e-07
2.152555245160669983e-09
5.809880576634895988e-09
1.802968996322817929e-09
3.978633245083074144e-08
2.656387820820782508e-08
8.865358225307318207e-09
1.388452801620587707e-07
0.000000000000000000e+00
0.000000000000000000e+00
1.538271843237737357e-09
4.053454460972716333e-09
5.425175686468719505e-08
1.249973635708556685e-08
0.000000000000000000e+00
8.096725423456518911e-08
5.849655870804326696e-09
1.463584879957124940e-07
1.277191907789188008e-09
3.051233932183095021e-09
0.000000000000000000e+00
0.000000000000000000e+00
0.000000000000000000e+00
1.679039823843098134e-10
0.000000000000000000e+00
9.374690357333292923e-09
0.000000000000000000e+00
0.000000000000000000e+00
8.369509032490896061e-07
7.582860916954814456e-08
7.317952910312897075e-09
0.000000000000000000e+00
3.573896178998836604e-10
0.000000000000000000e+00
3.527852676654674724e-09
9.696499603251140798e-08
0.000000000000000000e+00
2.728798165207990678e-07
7.722967154677462531e-09
0.000000000000000000e+00
0.000000000000000000e+00
6.176837707982940628e-09
6.143134889668999676e-10
3.645470059154831688e-08
4.221864173814537935e-07
1.952696493390249088e-08
8.170960086317791138e-07
0.000000000000000000e+00
0.000000000000000000e+00
0.000000000000000000e+00
0.000000000000000000e+00
6.976053068541432367e-10
0.000000000000000000e+00
0.000000000000000000e+00
0.000000000000000000e+00
2.876584304090101796e-09
0.000000000000000000e+00
0.000000000000000000e+00
6.085540071865125356e-09
6.155904674898238227e-09
1.864917331673154877e-09
1.605837240958862822e-08
0.000000000000000000e+00
3.852703969187132316e-07
0.000000000000000000e+00
0.000000000000000000e+00
0.000000000000000000e+00
0.000000000000000000e+00
0.000000000000000000e+00
0.000000000000000000e+00
0.000000000000000000e+00
0.000000000000000000e+00
0.000000000000000000e+00
0.000000000000000000e+00
9.468060779838083363e-10
1.762496398827195776e-11
4.407505912240594625e-06
8.753732849697826168e-09
6.335332614071376156e-08
2.588295046734856442e-06
2.089404233629466034e-06
6.656783568814717000e-08
3.154499550461764557e-09
1.079470646203617434e-08
1.183956577222033957e-08
6.854653378240982420e-08
5.471102326737309340e-08
8.364747783318193797e-11
2.460670112114371477e-09
2.331287829449024684e-09
6.471286284615018758e-10
2.597799309000947687e-09
4.082919531356310472e-06
9.376800669258500420e-09
6.548758619828731753e-07
0.000000000000000000e+00
2.569762955317855813e-06
9.789161481421615463e-09
5.136747063261282165e-07
5.936661295891099144e-07
0.000000000000000000e+00
8.037570609076283290e-10
0.000000000000000000e+00
3.300951902929227799e-07
2.895442776207346469e-06
2.163630163920515770e-09
8.209856900975864846e-07
2.409904482192359865e-06
1.140279778155672830e-06
2.188582897133528604e-07
0.000000000000000000e+00
5.589435136954534755e-09
1.572129946225686581e-07
6.590829548791532488e-10
1.375466740505260077e-09
1.260100219724336057e-07
6.740387448189721908e-07
5.981688104839122389e-07
2.763421775853203144e-07
8.137020017784379888e-07
8.810306098894216120e-06
9.498966946352993546e-09
9.027935066185932556e-10
4.648820493002858711e-07
1.510050973152488041e-09
2.970587775763533500e-09
1.349558909069514812e-09
1.541198280108346808e-09
7.378121722467767540e-07
7.669286361533522722e-08
1.581471309464177466e-07
9.139898615728725417e-09
1.042173458642992045e-09
5.584920081957989169e-09
4.152050231409631920e-11
6.419237763566343347e-08
7.978673721709128586e-09
9.090316943627385626e-09
6.280427289340195784e-09
1.135906359195359983e-06
4.252716789832078348e-10
1.770808566448067722e-08
0.000000000000000000e+00
2.760995130302035250e-06
2.847897473401417301e-09
1.689347506328431336e-08
1.561850581310864072e-06
3.992107977524028684e-09
6.674107044801758093e-09
3.430628225942200515e-07
5.334060304562626698e-09
2.109825345542049035e-07
2.149806505258311518e-06
0.000000000000000000e+00
1.669614334787183907e-06
9.791348176690917171e-09
2.393302001024721903e-09
1.720943210159475711e-08
1.282153810205910460e-11
6.208926262019076603e-09
5.829369209564561061e-10
4.169452694213759969e-08
7.844650262711638788e-09
5.750892650979722021e-09
1.031032326181957615e-07
1.302660757040996486e-09
3.521570945963503618e-08
0.000000000000000000e+00
2.339834326292589139e-09
7.036185856179599796e-09
3.684501166389964055e-07
2.867785453553040043e-10
1.460652754303737311e-08
1.736029098253766279e-08
7.536364421412145020e-08
7.565800430597846571e-09
1.626855983261066285e-09
3.349941835040226579e-08
0.000000000000000000e+00
2.085293271392174574e-09
4.393799490909344740e-10
4.112233664699260771e-09
7.269966312978271006e-12
4.499168149152410479e-09
4.150144672365740917e-10
0.000000000000000000e+00
4.036054690459423000e-08
0.000000000000000000e+00
1.015513340085760774e-09
0.000000000000000000e+00
9.075490581267331436e-09
3.699799577816520468e-09
6.801555230140365893e-08
4.872939385336394480e-09
0.000000000000000000e+00
8.704024594408110715e-07
2.584099334512757196e-08
1.403978444614040200e-07
1.071075761416295791e-08
6.899166127283251626e-09
0.000000000000000000e+00
0.000000000000000000e+00
0.000000000000000000e+00
1.189703002779651797e-08
5.033222905126422120e-08
9.166469538968158304e-08
0.000000000000000000e+00
1.016240247508903849e-08
1.988814668507643546e-09
2.586135972038050568e-09
9.631674657839539577e-08
3.252266900233280467e-09
1.162297735390893649e-06
4.073847037489031209e-08
2.463754071868606843e-07
2.144923794134001582e-09
5.660837576471067223e-09
1.859852827301722300e-10
0.000000000000000000e+00
3.895154634392383741e-07
0.000000000000000000e+00
0.000000000000000000e+00
5.324395785377689094e-11
8.911269500089247231e-10
2.590301750871049080e-09
0.000000000000000000e+00
4.653447849278791182e-09
0.000000000000000000e+00
8.532704320884931803e-09
9.030022063427622925e-09
0.000000000000000000e+00
2.016470324051056195e-09
0.000000000000000000e+00
1.608184918566735178e-09
6.703879051883632201e-08
2.456638625858431624e-08
0.000000000000000000e+00
0.000000000000000000e+00
9.613377871531270102e-10
2.290402451032846898e-10
1.604530674992332706e-10
9.087992580703030399e-10
0.000000000000000000e+00
9.259925271010160941e-09
2.137818810865610430e-09
5.676095149453885824e-09
4.613769810646317637e-09
0.000000000000000000e+00
8.172675314277455527e-10
7.755199149528380076e-09
2.658021003298927099e-07
7.429684867332753129e-09
4.483635251267825694e-12
0.000000000000000000e+00
1.117607212108850945e-06
0.000000000000000000e+00
0.000000000000000000e+00
1.953236239415900855e-09
0.000000000000000000e+00
9.437323811312126054e-09
4.017160382119300266e-09
0.000000000000000000e+00
0.000000000000000000e+00
8.750441793381469324e-08
0.000000000000000000e+00
0.000000000000000000e+00
0.000000000000000000e+00
3.523041414155159146e-07
1.631528476764287916e-07
7.578526250995309965e-09
0.000000000000000000e+00
0.000000000000000000e+00
4.179740165088929871e-10
2.927801112662109517e-08
1.219583168676763307e-06
2.786708364510559477e-06
0.000000000000000000e+00
0.000000000000000000e+00
0.000000000000000000e+00
0.000000000000000000e+00
8.003562257385965495e-09
0.000000000000000000e+00
6.171723687664609770e-10
0.000000000000000000e+00
4.754992399824686800e-09
7.436071758348816729e-10
0.000000000000000000e+00
1.108745539823985382e-09
5.713766526582730876e-08
8.922468097694036260e-09
6.058160195721029595e-09
7.722388204456365202e-07
1.053233500414307855e-08
1.433704142073111143e-07
9.882572093999897334e-09
0.000000000000000000e+00
0.000000000000000000e+00
1.536023808146325109e-10
9.369875986209308394e-10
7.171087190727121197e-08
5.124753954532934586e-09
1.021114570676218136e-07
3.787589131221125172e-10
0.000000000000000000e+00
6.760230775171294226e-08
2.626432182850635400e-09
7.737443463717852410e-10
4.126821124827984022e-07
1.311961295158425855e-08
3.168684372667485150e-07
3.127135772551525861e-10
1.778121259121689945e-07
2.445080781399155967e-06
3.621024234234937467e-06
7.606145158156607522e-10
6.341271330256859073e-08
6.111000061537197325e-07
0.000000000000000000e+00
9.956973912039757124e-09
5.238052214195931811e-09
1.629453016960269451e-08
5.658458146484690587e-10
1.700565799289677216e-09
0.000000000000000000e+00
5.087116949908931929e-09
2.571546621477072136e-11
1.939913971682472038e-07
0.000000000000000000e+00
1.058887733051960822e-08
1.902231927530806388e-09
3.396471548455792799e-09
3.665137360275849687e-10
1.704450980355431966e-08
7.515321698292609653e-09
1.349303602182772011e-07
4.675606035675627936e-08
1.410054628614432204e-09
1.553571854495672255e-10
8.087661740319163073e-07
6.070962843551797050e-09
4.830421396206929785e-09
7.652217526299409656e-09
9.111164445130270906e-08
1.032221774721620022e-08
1.668246790709204674e-10
9.051428406792183523e-08
1.101317614882191265e-08
1.346285898762289435e-06
3.528139336239632939e-09
1.834957174651208334e-06
3.198801293291531067e-11
6.728316570558945386e-09
1.779414674274448771e-06
4.071782910841648118e-08
5.738528319199076577e-09
4.844210721444142109e-08
1.149492145913200147e-08
5.867133268111501820e-08
2.248278924144031521e-10
5.828059670420770999e-07
1.705514618421943851e-09
1.581370767667067412e-08
5.005032335247960873e-07
3.551485106001450731e-09
3.848062757327852523e-09
1.409224864801217336e-06
2.148431293980124224e-10
0.000000000000000000e+00
1.623390533112001322e-09
1.662065152174818650e-08
1.402756466539756275e-09
6.922230011419117091e-10
4.925547081313652598e-09
6.256021811701373281e-10
2.031971035876267706e-08
1.828768386724632933e-10
9.006356549434713088e-09
3.158475259112947242e-09
0.000000000000000000e+00
4.489152161113452166e-09
2.927414755049539963e-09
0.000000000000000000e+00
1.742689881290004905e-10
1.317691622482186631e-09
2.039434932044059678e-08
1.589873818375053816e-06
0.000000000000000000e+00
4.319869462143799410e-10
2.224130568606597080e-08
5.082121106170234270e-07
6.192537398419517558e-07
1.396420223898076074e-08
1.241876734781044433e-08
2.270491350486736337e-08
1.913863911795488093e-07
0.000000000000000000e+00
3.494545763871315103e-09
1.955754846960644500e-08
1.619292078203216079e-08
1.347591592093522195e-06
8.463883318654552568e-07
0.000000000000000000e+00
2.174445228320109891e-07
2.315920113460379071e-07
4.148965615513589000e-08
4.062898351087085302e-10
0.000000000000000000e+00
8.545273821880527976e-09
0.000000000000000000e+00
2.887483863123208039e-10
3.172176477050925314e-08
0.000000000000000000e+00
0.000000000000000000e+00
0.000000000000000000e+00
3.767882787997223204e-07
0.000000000000000000e+00
2.270363758105631291e-11
1.010117500754859066e-07
9.229204955829573009e-09
4.051087909573425350e-09
4.545238907471826906e-10
0.000000000000000000e+00
0.000000000000000000e+00
1.423486111207239446e-07
0.000000000000000000e+00
0.000000000000000000e+00
0.000000000000000000e+00
0.000000000000000000e+00
0.000000000000000000e+00
5.182176465723387082e-09
0.000000000000000000e+00
3.245634316861867319e-11
1.451009590258678372e-10
0.000000000000000000e+00
0.000000000000000000e+00
4.271393461152683813e-09
1.406370131462608697e-07
0.000000000000000000e+00
0.000000000000000000e+00
0.000000000000000000e+00
1.514325198570531938e-08
7.883187436164007522e-09
0.000000000000000000e+00
0.000000000000000000e+00
0.000000000000000000e+00
1.373589839204214513e-06
0.000000000000000000e+00
0.000000000000000000e+00
0.000000000000000000e+00
0.000000000000000000e+00
4.808098807984606538e-09
0.000000000000000000e+00
0.000000000000000000e+00
0.000000000000000000e+00
1.544982475287781654e-10
8.204207278816877391e-12
8.429032583023854386e-09
1.066182662157189043e-07
4.638412154367443918e-10
3.019123839820281319e-09
5.649223666637226415e-08
1.022091744573572214e-09
1.170732133459750912e-08
1.225911017144198922e-08
7.976333904480270576e-07
3.333388676196591405e-08
7.899492171503652571e-11
4.033291756133650097e-10
7.160345916190635762e-08
0.000000000000000000e+00
6.979301048204433755e-08
1.493538270835870208e-08
0.000000000000000000e+00
1.400655147421048241e-08
0.000000000000000000e+00
6.884446626057721952e-14
1.654225506575457416e-10
2.948114854461891809e-07
0.000000000000000000e+00
0.000000000000000000e+00
0.000000000000000000e+00
3.121317870835582653e-09
0.000000000000000000e+00
4.087247484907408079e-10
4.354311755605522194e-08
0.000000000000000000e+00
2.373950147571690650e-09
6.943557284699863885e-09
0.000000000000000000e+00
3.615111836552387103e-07
1.660693413896296988e-07
4.760091343314343248e-08
6.447318678937108416e-09
1.793559079033002490e-07
1.088073009469781027e-08
1.298397639404313963e-10
0.000000000000000000e+00
0.000000000000000000e+00
5.341261157809640281e-07
0.000000000000000000e+00
1.549855244142861466e-10
1.383846925939735684e-09
5.064288988165799310e-09
4.696034228146572786e-09
1.866325582966510410e-08
2.254259889866716549e-09
9.892966446045647899e-10
2.298888119867115165e-07
5.591116973846510518e-07
0.000000000000000000e+00
5.469953379133585258e-09
7.889083830647791729e-10
7.930124112931480340e-09
6.447034905932014226e-09
3.237990098270415729e-09
1.398940546737392765e-10
5.183627749261177087e-09
4.973097489369138202e-08
4.482131998884142376e-09
8.735472345478001444e-10
6.925205742192019898e-09
1.366424395854437535e-08
1.864610132962241096e-10
9.737397022036020644e-07
2.408551225130395324e-08
2.132792786824211362e-08
3.680450388898748315e-10
9.688175595101711224e-09
1.961586661991532310e-07
1.658389953140826378e-10
5.027591676309839386e-09
1.935006366693414748e-06
2.418517119906482549e-08
3.867847819805092513e-09
0.000000000000000000e+00
1.878026552049050224e-07
3.133071757588368200e-08
6.650004991115565645e-08
1.491442302992140867e-09
2.320384965059929527e-06
3.864031317135641075e-09
6.407727820567643562e-11
2.164316015296208207e-08
3.318584018696668636e-10
6.366524871737055946e-07
1.328879450923636796e-09
2.294185952322891353e-09
1.271776906008881269e-08
1.471066298108780757e-06
9.743571283138408035e-09
4.292541859740595100e-07
2.913198293708063602e-10
0.000000000000000000e+00
1.409554140074931183e-09
5.546463288652603296e-10
1.019687303482896823e-07
8.030802746361587197e-06
1.483615221786749316e-07
3.223804334595570253e-09
1.270407778974913526e-08
3.357494904321356444e-08
5.635455408992129378e-07
3.028629791401726834e-08
8.306248466816157361e-10
6.669522711888475897e-10
7.377536803687689826e-07
6.794794948916660360e-09
3.481102295310734007e-09
0.000000000000000000e+00
2.086542508550337516e-06
1.014405892618697180e-08
1.251559744730457169e-08
3.019969653905718587e-06
1.404107052849212778e-09
2.177481750464949073e-09
1.232538807016680948e-06
6.802694851870683124e-09
5.803512692637013970e-08
6.478875036464160075e-08
2.013721134286328152e-11
0.000000000000000000e+00
1.232831259301292448e-08
1.434315688442211467e-08
2.248266817161947984e-08
1.188883373970384127e-07
2.079473482297089504e-09
1.380499825565095762e-09
1.137487856794905383e-06
1.092063439678270242e-09
3.587996388887404464e-07
0.000000000000000000e+00
4.487688443077786360e-09
3.752991517558257328e-08
1.314551383302386967e-07
5.174287220910400720e-09
0.000000000000000000e+00
3.739667988611472538e-07
2.607870328574790619e-07
1.628209389537005336e-07
1.088149659267401148e-08
4.213026816302090083e-09
3.198483256028339383e-08
6.846553990413895008e-09
1.380282412810629467e-07
5.284829462937068456e-09
7.017394665354004246e-09
1.434370233255322091e-06
2.350957872820913508e-09
0.000000000000000000e+00
2.521769815189145447e-08
1.202487965201726183e-06
2.492620110317034232e-09
3.298471273893710531e-09
1.523650212220672984e-06
4.137654628644238386e-12
1.919928394045200548e-08
1.150672002125929794e-08
0.000000000000000000e+00
1.858207383520493750e-06
1.189168652437899709e-09
0.000000000000000000e+00
1.913748803872294957e-07
1.239248490492173005e-07
1.565614695664407918e-07
1.449958375587812043e-09
0.000000000000000000e+00
3.575889861995307228e-10
4.100983552746129135e-09
5.158952376405068208e-09
2.234789953092786163e-08
1.224316981129902615e-09
6.874214530938616008e-09
9.813233781130747957e-09
7.284816083696910027e-10
4.395767305709341599e-09
1.985599185072572936e-10
0.000000000000000000e+00
0.000000000000000000e+00
3.400180759172144462e-08
1.933081534843950067e-07
4.238626338803896942e-09
9.963511793387169746e-09
7.461952833409668528e-09
1.211554523372626591e-09
0.000000000000000000e+00
6.195430390931733200e-09
5.614764209127542927e-09
2.522171484997670632e-07
3.459103142811059683e-11
3.227436025099450490e-07
5.134075387047687400e-09
0.000000000000000000e+00
2.394691778206947674e-09
1.618432676764314238e-08
1.248986958302111816e-08
1.111788369700938972e-10
2.397191423142430722e-08
0.000000000000000000e+00
4.506134487769486441e-08
0.000000000000000000e+00
9.997297212294142810e-09
3.521936076111842340e-10
1.160611695638635865e-08
0.000000000000000000e+00
0.000000000000000000e+00
2.844855684358549297e-09
1.178324509965023026e-06
9.798273303829319048e-09
0.000000000000000000e+00
9.116306500800419599e-07
0.000000000000000000e+00
1.955634409966933163e-08
1.675053429295303431e-09
7.557544279279682087e-08
1.901216073463274370e-09
8.451719395452528261e-07
0.000000000000000000e+00
0.000000000000000000e+00
0.000000000000000000e+00
1.152491677203215659e-06
9.812379353490996436e-09
3.462448603386292234e-06
1.502654806140313326e-10
5.948567860514231143e-08
6.570981980758006102e-08
3.124644543106569472e-09
2.998140069543353547e-10
3.275156590376582244e-09
4.933013553198861700e-09
7.914909005979353651e-11
9.110053822425356884e-10
0.000000000000000000e+00
1.131623905692435983e-09
4.623706750805922638e-09
6.034921540276627638e-08
6.779111050292385698e-09
2.343987892672316775e-09
1.098743673821900302e-08
6.015040465712218065e-09
2.114952213361220856e-09
1.666905902197868272e-08
3.108116652938974767e-09
2.510164576197126962e-10
4.904403638761323236e-08
6.733938295866437329e-09
2.426101541885827828e-09
9.304979897706289194e-09
4.177798995641524016e-09
3.687136151953041008e-09
9.173764858871891192e-09
4.335444145908695646e-07
8.790960848159556917e-09
1.052181786143080444e-09
1.806074845234206805e-09
3.220855759877849778e-08
2.529987739308126038e-07
1.531830307044401707e-08
4.375694118152750889e-08
1.336191490786120539e-09
2.147145039543829625e-07
0.000000000000000000e+00
3.874550125182452120e-10
1.690160544853824831e-08
3.117697389143359032e-08
1.280379025025979445e-09
6.504859761946590879e-09
2.224997608379908343e-08
2.033527929379275179e-10
1.277653243619836232e-11
0.000000000000000000e+00
5.016536144819561116e-11
6.870357172061858364e-09
9.669909317722158448e-09
3.918113407053169794e-07
5.150390336439159000e-08
6.899583127051300835e-07
1.506078639579300216e-08
1.150360517954140960e-08
2.063177504396662698e-07
3.574884166468450530e-09
1.261704028365784325e-06
7.932698053991771303e-09
6.808865578022960108e-07
1.841815033820637382e-10
1.867019783219348028e-08
8.175183197067781293e-09
8.124938233322609449e-08
3.889998012596151966e-08
1.425182083458764737e-09
9.044599735830161080e-09
3.641921875185971658e-09
1.276519867587921908e-08
3.329304476551442349e-08
3.219069526494422462e-07
1.111966407840725424e-09
1.774586477765183190e-09
4.480507964643720697e-09
4.414199850089062238e-08
0.000000000000000000e+00
1.106050149246584624e-07
6.721646572671602371e-10
5.996061247515171999e-08
3.030559803107735206e-09
2.158517631301037909e-08
1.594440551810905049e-10
5.456603702214124496e-08
1.596525134317516859e-09
5.190241125774264219e-09
1.237236535445163099e-09
6.834449806092379731e-08
7.756487896415364958e-09
3.008458759889975909e-11
1.756937512142897617e-10
6.397567808846815751e-09
1.199296550957740237e-09
1.344353339760573363e-08
5.408233860748623556e-08
4.462975322638840225e-09
9.941872214369595895e-09
2.834946721819164850e-09
0.000000000000000000e+00
2.146981259443236922e-08
3.445443752525534364e-08
2.281782318647174179e-09
0.000000000000000000e+00
2.541545995882188436e-08
2.799815414233908228e-11
1.748785848576517310e-06
4.250294838303858569e-10
1.590243492444187723e-08
3.963172900967038004e-07
6.409556774222835429e-10
1.340159183627065431e-08
1.139328901444969233e-06
1.856788389709151943e-09
1.346958516945662154e-10
4.973288003640163879e-09
1.072955129188812862e-07
2.840377266721816341e-09
2.614524818866925671e-09
8.372701421066608418e-10
1.331349153588234913e-06
0.000000000000000000e+00
7.921443057057331316e-08
1.191702205666222980e-11
1.449926827490344294e-07
6.737219671038019442e-09
8.672672580090079464e-10
7.067943670335807838e-07
9.398840816743359028e-09
0.000000000000000000e+00
7.306802984885507612e-08
0.000000000000000000e+00
1.556234585642357615e-09
6.461547172875725664e-07
0.000000000000000000e+00
0.000000000000000000e+00
8.832585773888013136e-10
0.000000000000000000e+00
1.999548526754324485e-09
3.944441928638298123e-08
6.379002659429033883e-09
1.241893921033465631e-09
0.000000000000000000e+00
0.000000000000000000e+00
0.000000000000000000e+00
0.000000000000000000e+00
1.559660400829443461e-09
0.000000000000000000e+00
7.309449934211897926e-09
3.825839200999325840e-09
0.000000000000000000e+00
0.000000000000000000e+00
1.413805600369855142e-10
0.000000000000000000e+00
0.000000000000000000e+00
4.445954271403707025e-09
5.192292817923771509e-09
8.020051609491929412e-07
0.000000000000000000e+00
0.000000000000000000e+00
0.000000000000000000e+00
0.000000000000000000e+00
2.874481763726066674e-09
1.398378968175961745e-09
3.113260760301272967e-08
0.000000000000000000e+00
7.165967375044601795e-09
0.000000000000000000e+00
1.713371000633401309e-09
3.923738223221562293e-09
0.000000000000000000e+00
9.255493260695857316e-09
0.000000000000000000e+00
0.000000000000000000e+00
7.919474520612368451e-10
8.054313327399142963e-10
0.000000000000000000e+00
0.000000000000000000e+00
8.524611416760308202e-07
0.000000000000000000e+00
0.000000000000000000e+00
0.000000000000000000e+00
1.066325921783572994e-06
0.000000000000000000e+00
5.745537726142835311e-11
1.080570632971955547e-09
0.000000000000000000e+00
1.444069197553687900e-09
0.000000000000000000e+00
0.000000000000000000e+00
0.000000000000000000e+00
2.395780995811946923e-08
0.000000000000000000e+00
3.081531030346695843e-09
0.000000000000000000e+00
4.011477301446575439e-07
1.200560397623950948e-11
2.863382952966730954e-08
6.165435384453132883e-10
5.750505849277942616e-08
6.034764243878498746e-09
1.452789462064174586e-07
8.928021877352421143e-09
3.292872419180525867e-09
5.376223910502631043e-10
4.044788965984480456e-07
6.770657989818573697e-08
5.041664863369987870e-10
3.092526457137978468e-09
5.512324485756892045e-10
0.000000000000000000e+00
2.584560654383949441e-08
7.539783020149570802e-09
1.097950885764475970e-08
0.000000000000000000e+00
1.085849188342535854e-10
1.188453557787738646e-09
1.666002225064744380e-09
1.910136271376927652e-09
0.000000000000000000e+00
3.057447628407317097e-09
0.000000000000000000e+00
1.186668957542380554e-10
0.000000000000000000e+00
0.000000000000000000e+00
1.299164331669544481e-08
2.392593501099327113e-08
2.169759705239471259e-09
8.513336702264950873e-10
9.905862796699693718e-10
8.270712470448415843e-08
1.285649142701572600e-09
7.198464491153799827e-09
2.120868813904053241e-08
0.000000000000000000e+00
2.463642845285107796e-09
4.088112959266254620e-09
0.000000000000000000e+00
0.000000000000000000e+00
0.000000000000000000e+00
3.560751027364972288e-09
0.000000000000000000e+00
1.452022946324404984e-08
5.683627180008699042e-11
0.000000000000000000e+00
0.000000000000000000e+00
0.000000000000000000e+00
1.283834705212427707e-10
0.000000000000000000e+00
0.000000000000000000e+00
3.029320794212253531e-09
0.000000000000000000e+00
0.000000000000000000e+00
0.000000000000000000e+00
0.000000000000000000e+00
1.506705094023175207e-09
1.639114288742860026e-09
9.338754125565174036e-08
2.508600271955430117e-11
4.930851726925311596e-09
3.751739752200222711e-10
1.005548888599605561e-08
1.190120779703818243e-09
0.000000000000000000e+00
0.000000000000000000e+00
6.186152035070335842e-09
0.000000000000000000e+00
0.000000000000000000e+00
0.000000000000000000e+00
0.000000000000000000e+00
6.542484609628473891e-11
0.000000000000000000e+00
0.000000000000000000e+00
0.000000000000000000e+00
0.000000000000000000e+00
0.000000000000000000e+00
4.416034116161426937e-08
0.000000000000000000e+00
0.000000000000000000e+00
0.000000000000000000e+00
4.941427711457890837e-09
0.000000000000000000e+00
7.804440427250369794e-10
1.024561768758758262e-09
0.000000000000000000e+00
2.123194065006828168e-09
1.131460880543500025e-08
4.257465207047061995e-06
4.283629839729741207e-10
3.900108680454650312e-09
8.594915001935987675e-09
1.988001568919983697e-10
1.077004014859994641e-07
1.162209328775531958e-09
4.149289623001095606e-08
5.784197583125205711e-07
3.035473525869747391e-07
6.019013909508430515e-08
1.058601100112355198e-07
3.456869421825103927e-07
1.141616394306765869e-06
4.698261761859612307e-07
8.311662469395741937e-08
3.953898186637161416e-08
1.637858986214268953e-07
6.264701255531690549e-07
3.908028531895979540e-07
8.253132932622975204e-08
1.006546085591253359e-06
7.532767085649538785e-07
6.985854383856349159e-07
2.040639373035446624e-07
9.521805566237162566e-08
7.550094949237973196e-08
1.749312446008843835e-07
2.184142147143575130e-07
4.865609071202925406e-08
7.191472377598984167e-07
1.665269110162626021e-06
2.732361110702186124e-07
1.481457303498245892e-07
4.785763394465902820e-07
1.613679145862079167e-08
5.899665893593919463e-07
3.265074326463945908e-07
1.748888145414184692e-08
6.695875498508030432e-08
1.060976728695095517e-08
8.829142217336993781e-08
6.023380194619676331e-08
4.901647798760677688e-07
2.393937714728622268e-09
6.201724431775801349e-07
3.825389072176221816e-08
1.328646249021403491e-06
3.462917774754714628e-08
7.293376569350584759e-08
2.651385955232399283e-07
9.230824957739969250e-07
5.833946215005880731e-09
2.106796728185145184e-07
1.366414092984769013e-09
5.304389461002756434e-08
3.784573152643133653e-07
1.724414602222168469e-07
3.153451899606807274e-08
2.014592270782600281e-09
5.489914300937925873e-09
2.173575097685898072e-08
3.919626934134612384e-08
8.223818213082267903e-07
1.100511326512787491e-07
1.124127038565347902e-06
6.026608545539602346e-09
3.630791001185684763e-09
4.752990445666682717e-09
4.156727939630400215e-08
0.000000000000000000e+00
0.000000000000000000e+00
0.000000000000000000e+00
1.740962716212379746e-07
3.742923126992536709e-07
2.058192549725390563e-08
7.245498068186861929e-08
4.553857252176385373e-06
0.000000000000000000e+00
0.000000000000000000e+00
0.000000000000000000e+00
1.236117458391916557e-10
0.000000000000000000e+00
8.085492595455434639e-07
1.087926193577004597e-07
7.291156567390544296e-10
0.000000000000000000e+00
0.000000000000000000e+00
1.158186364591529127e-06
3.193219022534776741e-10
0.000000000000000000e+00
0.000000000000000000e+00
1.059235144040826526e-09
0.000000000000000000e+00
1.606998445424778765e-08
1.136084382125090997e-08
0.000000000000000000e+00
2.491304471746724758e-12
9.765632746905339445e-09
9.617459051369792178e-10
0.000000000000000000e+00
7.510181920800107491e-10
1.066088817225363528e-08
1.238604596665027202e-07
2.799728235913789831e-07
3.498238591165270250e-12
1.936334648178217321e-08
9.712739768019673647e-08
9.543692947033832752e-09
1.001399425604176940e-07
2.909564145170406846e-08
4.478256376838629649e-10
3.091452782655323972e-08
0.000000000000000000e+00
7.480184006924961437e-12
6.136307573179067276e-10
0.000000000000000000e+00
0.000000000000000000e+00
0.000000000000000000e+00
1.785640940665800258e-10
0.000000000000000000e+00
1.570121753502462525e-06
3.430773221069216561e-09
0.000000000000000000e+00
6.399424279379672953e-08
0.000000000000000000e+00
5.979212236439934713e-09
0.000000000000000000e+00
9.762342045860350481e-09
0.000000000000000000e+00
0.000000000000000000e+00
0.000000000000000000e+00
8.964111231080096331e-09
2.901897389051555365e-08
3.639560759438609239e-07
0.000000000000000000e+00
3.804289105957536776e-10
1.207513644629898408e-08
0.000000000000000000e+00
9.071159468021505745e-08
0.000000000000000000e+00
1.194261756154446630e-07
0.000000000000000000e+00
0.000000000000000000e+00
3.784148994157021662e-09
6.046176537211067625e-08
2.216448136138637892e-09
2.525164105593447061e-12
7.069382235158627736e-08
5.050736717748804949e-07
7.988606443021240011e-10
0.000000000000000000e+00
3.885955663918139180e-07
1.588523090845228580e-08
0.000000000000000000e+00
0.000000000000000000e+00
2.640170393419793982e-08
0.000000000000000000e+00
5.663636670760752168e-07
7.548192293427291588e-09
4.445464796276610286e-08
1.164999097191810051e-09
2.487719363841733866e-09
6.793673037464031950e-07
3.653441069673135644e-07
6.408672703628326417e-08
2.011055499906433397e-07
3.462328095338307321e-06
2.518254973438160960e-07
3.264500136879178172e-08
1.945374350498241256e-08
4.811681053595862068e-10
1.007705577649176121e-06
1.365901539429614786e-06
2.515688947823946364e-06
1.238712775375461206e-05
1.904225882753962651e-06
6.689506193424676894e-08
2.157704102501156740e-06
1.334011358267161995e-05
6.054230539120908361e-07
1.207274749503994826e-06
6.846717610642372165e-07
7.706129849793796893e-07
3.148493760818382725e-06
3.184302613590261899e-06
1.170632003777427599e-06
7.812398621354077477e-07
3.407828216950292699e-06
5.920780949963955209e-07
3.897952467468712712e-07
1.149714421444514301e-06
2.897855438277474605e-06
1.497950506745837629e-06
2.028827793765231036e-06
1.172056727227754891e-07
1.480972589007478746e-08
3.355111175551428460e-06
6.198894197950721718e-08
6.203483167155354749e-07
1.154284404947247822e-06
4.170405887293782143e-08
6.189235080000798916e-08
1.209317815664689988e-06
8.264515116707116249e-08
1.010535470413742587e-06
5.659739599650492892e-06
8.596451266384974588e-07
4.145585918990946084e-08
8.049234612172995185e-10
1.191344267681415658e-06
5.121934165686070628e-08
5.325504162101424299e-07
1.636823526496300474e-06
6.635829663537151646e-08
3.857924468775308924e-07
5.958146402917918749e-07
1.571535108269017655e-06
3.894530209436197765e-07
2.253382120898095309e-07
8.991829503202097840e-08
2.055701088465866633e-06
9.517102483869166463e-08
7.195421403594082221e-06
4.139596683216950623e-07
2.948225301224738359e-06
4.483270004129735753e-07
3.095324814239575062e-07
1.212504372460898594e-07
4.332929393058293499e-07
2.679834576468920204e-09
1.070167510164310443e-08
1.470294137106975541e-06
5.294504035191494040e-08
1.112906460321028135e-07
4.576533569888852071e-07
9.195515531246201135e-07
6.299749344407246099e-08
2.070959368438707315e-07
3.217475921246659709e-07
1.726345431052322965e-06
2.855939101209514774e-06
2.040897015831433237e-06
3.120800045053329086e-07
6.710446314173168503e-07
1.209064066642895341e-06
6.117296607044409029e-07
9.191965659738343675e-07
4.764522714140184689e-07
3.048131702598766424e-08
1.186457666335627437e-06
4.382243787404149771e-06
3.394393104372284142e-07
2.699072751966014039e-07
7.610051966366881970e-07
1.268727942260738928e-06
3.600406728310190374e-08
6.057442192286544014e-07
1.901152302252739901e-07
5.965331979496113490e-07
1.230483849212760106e-05
1.880033778434153646e-06
8.718142225916380994e-07
4.751400410896167159e-07
6.822714908594207373e-07
1.265278228856914211e-06
3.997744499883992830e-07
3.760058042701075465e-09
5.765863786422187331e-09
6.327832124952692538e-07
2.800250342716026353e-07
8.372706616910363664e-08
5.501521460615776959e-09
4.217164217834579176e-08
3.123010628769407049e-06
6.492061288554396015e-08
2.164983214925086941e-08
8.266606243978458224e-08
5.563293470345342939e-08
7.461836304401003872e-08
1.812982418414321728e-06
9.841448189717993955e-08
9.098935151996556669e-07
2.231386361017939635e-06
1.328888515672588255e-06
7.737553930908802613e-10
9.891522267935215496e-08
1.000737711365218274e-06
4.772003194375429302e-06
4.989876600802745088e-08
2.887686321173532633e-07
2.278573951741691417e-08
1.362447505925956648e-07
3.084586523982579820e-06
2.965558643097665481e-08
1.554405884007792338e-07
9.326424788014264777e-07
4.944028546560730319e-07
6.121248929957801010e-07
4.566758349255906069e-08
1.402502334713062737e-06
4.683394365656567970e-07
3.572777700355800334e-07
3.432461994634650182e-07
2.235633019154192880e-06
1.360979808850970585e-06
1.330164991486526560e-06
5.962338036624714732e-07
2.371898517594672740e-06
1.001096961772418581e-06
9.215337399837153498e-07
6.753301022399682552e-06
1.093901232707139570e-06
2.720834572755848058e-06
1.375779447698732838e-06
1.149348349827050697e-07
1.223671574734908063e-06
9.134129008714353404e-09
1.097426327589801076e-08
4.969977496216415602e-08
8.006946359273570124e-07
9.714123052617651410e-07
4.984719907952239737e-07
1.748103500176512171e-06
7.865247653171536513e-08
2.892690417866106145e-06
2.981243341082517873e-08
1.758535290719009936e-07
3.994462986156577244e-06
1.641981725697405636e-06
1.254731955668830778e-06
3.604107178034610115e-06
2.093717284878948703e-06
1.638777803236735053e-06
5.356466772354906425e-07
1.198009158542845398e-06
2.996394599108498369e-08
1.081378044887060241e-07
4.939920472679659724e-08
8.422522768114504288e-08
2.500517348735797896e-09
6.598222768161576823e-08
1.246501426521717804e-07
1.506015081531586475e-07
2.591675354324252112e-07
1.516068095952505246e-06
2.079093292195466347e-06
1.143116037383151706e-07
5.351101783901413000e-09
8.889809777201662655e-09
0.000000000000000000e+00
1.807176275292476930e-08
4.194453595118829980e-06
0.000000000000000000e+00
2.174195969928405248e-07
9.873715178798647685e-09
1.381069392181188960e-08
1.815682160177800597e-09
2.937151633020107511e-10
1.118652974696487945e-07
4.904446996079059318e-06
4.629750947060529143e-07
1.349850631271465318e-08
0.000000000000000000e+00
2.690679856698352523e-08
2.691519895847704902e-09
7.485451902766726562e-08
0.000000000000000000e+00
1.512453025043214438e-07
9.144091563939582556e-06
5.605240289696666878e-07
2.556720801294432022e-06
5.771391897724242881e-07
6.160764343121627462e-08
8.596211387157381978e-08
5.869982260264805518e-07
1.605275201654876582e-06
3.183746173363033449e-07
1.144911720984964631e-06
1.105432488657243084e-06
9.944353678292827681e-07
4.960993919667089358e-06
2.296743275564949727e-07
1.742242034197261091e-06
5.580418473982717842e-07
9.974436352422344498e-07
7.268991453202033881e-07
1.592283354057144606e-07
2.100184019582229666e-06
1.717268901302304585e-06
4.225226177823060425e-07
7.202810365924960934e-07
3.538609234965406358e-06
1.616877796095650410e-07
2.438475021904196183e-08
1.196395714941900223e-06
2.108074994566777605e-07
4.217484956825501285e-07
1.102610781344992574e-06
1.764822314953562454e-07
5.619074272544821724e-07
3.282604552623524796e-07
0.000000000000000000e+00
5.326349139522790210e-08
5.092263677397568244e-07
8.544178058400575537e-07
2.594786607801324863e-08
0.000000000000000000e+00
1.264908533471498231e-08
1.174250314761593472e-06
2.704485950744128786e-07
6.589493839470605963e-09
0.000000000000000000e+00
0.000000000000000000e+00
9.310836546205791819e-09
0.000000000000000000e+00
0.000000000000000000e+00
0.000000000000000000e+00
6.348066250438932911e-08
3.870582077070139349e-07
6.869486668392710271e-08
5.579867945471050916e-08
4.299046167943743058e-07
1.969108751609383035e-07
3.364842271480483760e-08
2.295469130331184715e-06
1.101314808238385012e-07
4.170723855168034788e-07
9.943013079549700706e-10
1.428464315722521860e-07
1.301946475840620385e-14
1.000034721698739304e-09
0.000000000000000000e+00
0.000000000000000000e+00
0.000000000000000000e+00
3.426643502280057874e-08
0.000000000000000000e+00
2.501122686737744516e-08
6.806664714531507343e-06
3.517543945008583250e-08
7.421650849437355646e-08
5.309075845616462175e-07
1.501722522334603127e-06
0.000000000000000000e+00
4.842521869607985252e-11
5.131976195116294548e-07
0.000000000000000000e+00
4.270918729787354096e-09
3.182446732807875378e-07
7.907415238150861114e-07
0.000000000000000000e+00
0.000000000000000000e+00
1.409870122870415798e-07
7.957809522451952944e-09
1.340999062904302264e-07
3.372640833276818739e-08
0.000000000000000000e+00
2.813699666148750111e-06
8.925040262397487822e-09
0.000000000000000000e+00
4.617654951744043501e-07
7.884676165303972084e-07
1.062362684933759738e-06
4.411206191434757784e-06
4.510960991410684073e-07
3.864534221520443680e-07
1.707095634628785774e-06
2.017698079725960270e-06
3.632659115737624234e-07
5.342618578652036376e-07
1.739153503876877949e-06
2.585631818874389865e-06
5.982743687127367593e-07
2.447483211653889157e-07
9.098123427975224331e-07
2.447756912715703947e-07
1.767907065186591353e-06
2.675664347862038994e-07
2.894901399486116134e-06
4.445035628464211186e-08
9.413597013008256909e-07
6.791537543904269114e-06
1.952481909484049538e-08
3.131232460873434320e-06
7.536195880675222725e-07
4.272122566817415645e-07
4.022502935185912065e-07
7.172830009949393570e-07
9.993217418013955466e-07
4.435936489244340919e-07
1.514304059924143075e-08
8.000889692993951030e-07
0.000000000000000000e+00
2.858693903817766113e-07
9.260439242098073009e-07
7.315013021980121266e-07
2.704642156459158286e-06
1.413608003986155381e-07
1.400679593643872067e-06
0.000000000000000000e+00
8.974459575483706431e-08
3.756939292998140445e-08
9.269744083439945825e-09
0.000000000000000000e+00
0.000000000000000000e+00
0.000000000000000000e+00
4.397406883072108030e-06
6.905748417551649254e-09
3.834653838907797763e-08
1.238774871126224753e-06
5.196530992179759778e-07
7.414408855765941553e-07
9.634102404731947900e-09
8.480168389723985456e-08
1.794273885025177151e-07
1.342806825732623111e-07
8.088533398620256776e-09
1.861008769310501521e-08
0.000000000000000000e+00
0.000000000000000000e+00
0.000000000000000000e+00
8.676852125688583328e-09
8.950137520002954261e-09
1.096833148039877415e-05
1.612029953967919482e-09
6.129126983722699151e-09
1.598505292577101500e-07
3.354844624325892255e-09
0.000000000000000000e+00
4.051865509779872809e-10
0.000000000000000000e+00
5.710181838480821170e-08
1.825372919483925216e-08
3.565447173059510533e-07
1.201548684548470192e-06
1.174317048935336061e-06
1.105533531386981849e-08
8.433706177868316445e-09
2.559005906732636504e-06
1.475860500477210735e-07
6.466004975891337381e-08
5.013644113205373287e-07
4.168223881606536452e-07
1.319456600867852103e-06
1.575737883285910357e-06
5.138770120538538322e-07
3.820325389369827462e-08
5.262576223685755394e-07
7.844544143154053017e-07
6.341730909298348706e-07
1.197517349282861687e-06
7.782219881846685894e-07
3.802133505814708769e-06
1.093743890123732854e-06
5.512524126061180141e-07
1.017406248138286173e-06
3.067848410864826292e-07
7.493038651773531456e-07
1.205431317430338822e-06
3.529833350057742791e-07
1.477435603192134295e-06
2.406582950698066270e-07
1.175308511847106274e-06
1.065429078295210275e-08
2.920394081229460426e-06
9.648293719521916501e-09
1.993349314943770878e-06
4.699350938608404249e-06
6.100198106651077978e-07
7.132547921173681971e-07
2.796667217808135320e-07
6.521984687424264848e-06
2.334973032702691853e-07
2.197327830799622461e-07
1.661032058564160252e-07
1.333120422941647121e-07
2.480319949427212123e-08
1.165052481155726127e-06
1.218928787238837685e-06
2.285853497596690431e-06
8.227671628446842078e-07
2.326194362467504106e-06
0.000000000000000000e+00
0.000000000000000000e+00
3.136960557981183229e-08
7.743217906863719691e-07
0.000000000000000000e+00
3.103324264230877816e-09
0.000000000000000000e+00
2.101630158790612768e-08
8.833007569819528726e-08
5.061021965957479551e-07
2.276523636268734663e-09
2.652804642622186293e-09
3.731421429620240815e-07
6.714247380301685553e-09
5.124779178800054069e-08
2.362636024599851226e-07
6.041086741959134088e-09
2.577164650574559346e-07
2.502069094134640181e-07
6.370385108311893418e-07
1.257002168131293729e-06
7.614617913986876374e-08
9.173069059897898114e-08
2.686101879589841701e-06
8.911757731766556390e-08
2.834684096342243720e-07
1.031614942803571466e-06
3.202002929469927039e-08
1.706480219354489236e-07
4.627614998753415421e-06
0.000000000000000000e+00
1.507598540229082573e-06
1.540897898166804225e-07
1.108948453065750073e-07
0.000000000000000000e+00
2.441509217021575751e-10
6.106233296776508723e-09
4.757728675031103194e-06
3.424602113000219106e-08
1.014948125543924107e-08
9.117991695006821828e-09
3.194622877344954759e-08
2.949257282836015293e-09
1.566567959798703669e-07
9.285311186602029920e-09
1.341433009116599351e-08
8.560461850493084057e-08
8.525216088628440048e-09
4.664553671318572015e-06
6.338169100672530476e-07
2.550849274030042579e-07
4.999626071366947144e-06
2.219581745066534495e-07
1.022922560878214426e-06
1.346922999800881371e-06
5.046042588219279423e-06
3.652096154382888926e-07
3.899229454873420764e-07
5.799460041089332663e-07
7.865615771152079105e-06
7.595743909405427985e-07
1.751054128362738993e-07
2.209096464866888709e-06
1.977318362378355232e-07
7.290157100214855745e-07
7.705825737502891570e-07
1.386591861773922574e-06
2.542710944908321835e-06
1.169192728411871940e-06
1.194697574646852445e-06
3.131488597318821121e-07
6.994188197495532222e-07
5.868466246283787768e-08
5.923675985286536161e-07
3.032302515748597216e-07
4.333730601047136588e-07
8.627213219369878061e-07
4.179814823146443814e-07
5.244184109187699505e-08
3.086274489305651514e-07
3.763823887975581428e-12
1.229441409122955520e-06
4.962111233908217400e-06
8.173465175786986947e-07
3.212509682271047495e-06
2.627736250815360108e-08
5.874565189856184588e-08
4.611595613823737949e-06
1.452966671422473155e-07
1.405752527716686018e-06
7.265279577950423118e-07
2.959092526566564629e-08
0.000000000000000000e+00
2.304581556700213696e-07
1.669459379627369344e-06
1.588572757782458211e-07
2.543449340031145312e-10
1.176382902201567049e-08
1.685429018571937831e-09
0.000000000000000000e+00
1.612925765170913905e-10
0.000000000000000000e+00
7.503086294491367880e-07
9.464631745004226104e-09
3.310963236913266883e-08
8.239828375167235208e-09
1.155022411047923470e-09
6.874204245832515880e-07
6.999173507438172237e-08
0.000000000000000000e+00
0.000000000000000000e+00
9.324310781266831327e-07
4.044075012643588707e-07
7.171906872827094048e-07
7.548613467633913388e-08
0.000000000000000000e+00
3.112032187502222769e-09
1.321102899964898825e-06
0.000000000000000000e+00
0.000000000000000000e+00
4.482900806124234805e-08
0.000000000000000000e+00
0.000000000000000000e+00
3.337643272871559930e-09
0.000000000000000000e+00
0.000000000000000000e+00
0.000000000000000000e+00
0.000000000000000000e+00
0.000000000000000000e+00
0.000000000000000000e+00
2.673304422273758973e-08
9.427695317754114512e-07
4.754061592393554747e-06
0.000000000000000000e+00
0.000000000000000000e+00
0.000000000000000000e+00
2.638865908011212014e-07
2.367533653568898444e-07
1.876319828397754463e-07
9.542639567428068403e-09
1.668253048592305277e-06
2.990258707313842024e-09
0.000000000000000000e+00
2.682726574221305782e-07
5.396110225319716847e-09
2.357553263721001713e-09
1.835710250475131033e-08
3.579028089006897062e-06
2.167930546193019836e-07
2.768650233520020265e-07
4.778893014645291260e-08
2.784375965347862802e-06
8.773005788498267066e-07
1.607302692718803883e-06
1.481191475249943323e-06
2.956351181637728587e-07
7.287111202458618209e-06
3.082196371906320564e-06
1.631105192245740909e-06
6.006985699968936387e-07
1.213680604905675864e-07
1.299604605264903512e-06
1.095606876333476976e-07
8.840845566737698391e-07
4.269875830686942209e-07
2.765916349289909704e-07
8.117758198977753636e-08
6.062455781830067281e-07
5.227919928074697964e-07
6.740698381690890528e-07
7.207010526144586038e-07
7.583545880152087193e-07
7.862489042054221500e-07
2.933241489699867088e-07
4.658042769278836204e-07
2.616811514144501416e-07
2.590498297649901360e-06
1.466953904127876740e-06
5.075984290670021437e-07
2.486002017576538492e-07
1.046504507939971518e-06
4.426946631497230555e-08
2.867298292130726622e-07
5.946114924881840125e-07
2.653536341767903650e-07
2.544591779951588251e-06
3.815759157532738755e-07
7.021796477602038067e-07
5.281283961267035920e-07
1.438082222193770576e-07
8.236546555906443245e-09
5.764865136370644905e-07
2.836788439708470833e-07
0.000000000000000000e+00
0.000000000000000000e+00
8.930257422434806358e-08
0.000000000000000000e+00
3.818410831968321872e-08
4.894646963293780573e-07
6.270514774087132537e-09
5.194325467527960427e-07
7.834727533406748989e-09
2.712037030505598523e-07
1.432658450539747719e-06
5.194452157297746453e-08
8.094791041912685614e-07
0.000000000000000000e+00
9.525006561261761817e-08
1.552441553087646753e-08
7.712201544052277313e-09
5.610253150933885991e-09
5.757549548235374459e-09
4.585845592153248163e-10
8.783143101709356415e-09
9.548410950799279817e-09
6.644262029453784635e-09
2.440595153530011885e-06
5.638010058817144454e-10
3.363954448332151514e-09
0.000000000000000000e+00
9.786687087398604490e-07
7.608003671499830034e-10
5.808327152578840469e-09
2.052636816074482340e-08
1.464308780896317330e-07
4.034996781143718181e-09
2.071080196230923320e-09
9.178388715724850044e-09
8.465408818381092715e-09
4.277542320352267780e-09
0.000000000000000000e+00
1.301144858523173298e-09
0.000000000000000000e+00
7.355394160413197824e-08
9.768982955904448318e-09
0.000000000000000000e+00
0.000000000000000000e+00
5.763797883417964840e-09
6.144464048674080914e-09
6.218778825228810092e-10
6.122168549893558520e-09
1.907965341274575621e-09
4.243631224198907148e-09
8.376025206757731212e-09
7.241280854941578582e-07
3.788523201819771202e-07
5.592249294750217814e-07
5.897752544115064666e-07
6.041095730324741453e-07
5.926930839450506028e-07
8.692216397321317345e-06
2.101385234709596261e-06
4.577098934532841668e-06
8.555417139177734498e-07
6.730940640409244224e-07
1.008521508083504159e-06
4.795310246663575526e-07
4.449956350072170608e-07
4.830391731047711801e-07
5.567837320086255204e-07
5.480500941956734096e-09
1.751779592495950055e-07
7.564014481431513559e-07
4.855616680288221687e-06
2.138801846740534529e-07
1.254411927220644429e-06
7.778288022564083803e-07
5.526744928374682786e-08
1.414211055816849694e-06
1.463426997361239046e-06
1.481768322264542803e-06
9.184409677231997193e-09
1.669736775511410087e-07
6.346457439576624893e-07
1.785569111234508455e-06
0.000000000000000000e+00
4.670154794439440593e-06
0.000000000000000000e+00
5.871284347591654296e-09
1.794385440234691487e-07
1.472869382013186623e-08
0.000000000000000000e+00
0.000000000000000000e+00
0.000000000000000000e+00
0.000000000000000000e+00
0.000000000000000000e+00
0.000000000000000000e+00
3.994631114778712799e-08
4.181136773695470765e-06
0.000000000000000000e+00
0.000000000000000000e+00
3.819886185141285750e-09
0.000000000000000000e+00
1.392911341824287774e-09
4.754586169219976455e-10
7.670435024920152500e-07
2.404850718562556722e-08
2.307131552470309543e-08
2.289494659635238349e-06
1.441905350674232977e-08
1.351132823401712812e-06
2.683591127095041884e-08
3.376649182484925404e-09
0.000000000000000000e+00
0.000000000000000000e+00
5.354510790311906021e-07
0.000000000000000000e+00
0.000000000000000000e+00
0.000000000000000000e+00
0.000000000000000000e+00
0.000000000000000000e+00
0.000000000000000000e+00
3.843087981181270152e-08
0.000000000000000000e+00
0.000000000000000000e+00
0.000000000000000000e+00
0.000000000000000000e+00
0.000000000000000000e+00
6.344826886106602615e-09
6.426022824967958513e-09
5.959297055824208655e-09
5.060683871960236502e-09
0.000000000000000000e+00
1.606271780474344268e-06
2.548427175952383550e-07
4.673395608278951840e-07
2.330726545096695190e-07
1.735552785930849495e-07
3.178314784690883243e-07
2.518941073503810912e-06
9.822667834669118747e-07
2.214256028310046531e-06
1.206948923027084675e-06
7.339713192777708173e-07
1.456755569506640313e-07
3.353616477852483513e-07
4.216848381588533812e-08
3.800410866006131982e-07
3.168734394876082661e-07
2.806895622597949114e-07
2.272144996595670818e-07
1.572608852029588888e-07
4.270964950592315290e-07
2.042673514779380639e-07
8.648657967569306493e-08
1.038112486639874987e-06
4.242374629370715411e-08
5.990870022287708707e-08
4.411045395613655273e-08
2.361670567552209832e-06
3.374711923243012279e-07
1.885307909788025427e-07
8.382303917642275337e-08
4.390904280171525897e-07
4.613389847918369924e-08
5.955955089120834600e-07
1.330153986955906475e-09
1.440365622329409234e-07
5.427057203633012250e-07
4.760758827160316287e-07
1.478842932556290179e-07
6.403495831364125479e-07
5.030703853492468625e-09
3.770513146150733519e-08
1.215400260434762458e-07
5.570792716014238977e-10
1.101372390621691011e-06
1.323206106462748721e-06
6.282585562900067089e-09
3.647101465276136878e-08
1.783276530886723776e-07
5.556536564199632267e-09
2.158911627248016885e-08
3.536802353210077854e-07
1.951435901759168701e-09
5.396557753556407988e-06
5.824604443205316784e-08
3.650544755373630323e-08
6.343541372189065441e-07
4.676387277413596166e-07
5.630031996162188079e-09
6.386591167029109783e-08
1.901921109492832329e-06
1.409569683197275936e-10
7.604095486613005050e-08
0.000000000000000000e+00
6.607726810159419983e-09
1.259312512047472410e-07
5.182045583751460072e-07
6.402308940778311808e-07
1.791139311535516754e-06
2.027771017765189754e-07
1.560232476549572311e-06
1.801210032681410667e-06
7.796589898134698160e-07
6.345395604512304999e-07
1.866119532678567339e-06
1.814751612982945517e-06
1.433056922905961983e-06
3.579006317977473373e-07
3.873328182635304984e-07
2.092408067255746573e-06
1.246910187546745874e-06
2.471384505042806268e-06
1.198521772494132165e-06
4.663321533371345140e-07
2.931475080458767479e-07
3.020890630978101399e-07
1.960700188874398009e-07
3.900515253008052241e-07
4.572226259824674344e-07
3.078323800309590297e-07
1.646619267603455228e-07
7.677911639802914578e-08
7.092995701896143146e-08
2.382846098214486119e-08
7.773586219173012068e-08
3.761003597446688218e-07
1.287722284359915648e-06
7.891322439945724909e-08
2.732612074396456592e-07
3.451403358667448629e-07
1.455250782100847573e-07
1.652464760582006420e-07
1.678691461393100326e-07
1.030393036671739537e-06
2.308205750978231663e-07
4.764198990869772388e-07
7.734766427347494755e-07
3.339912666433519917e-07
5.813682264488306828e-07
1.151814672084583435e-06
0.000000000000000000e+00
1.133116370510833804e-06
4.655047014523461257e-09
0.000000000000000000e+00
0.000000000000000000e+00
0.000000000000000000e+00
0.000000000000000000e+00
8.161180176102789119e-09
0.000000000000000000e+00
7.887317465815613104e-09
0.000000000000000000e+00
0.000000000000000000e+00
8.355142995242204051e-07
0.000000000000000000e+00
0.000000000000000000e+00
0.000000000000000000e+00
0.000000000000000000e+00
0.000000000000000000e+00
0.000000000000000000e+00
0.000000000000000000e+00
0.000000000000000000e+00
0.000000000000000000e+00
0.000000000000000000e+00
4.622854543612220368e-09
0.000000000000000000e+00
1.758237777593762985e-09
0.000000000000000000e+00
0.000000000000000000e+00
6.534885965692183163e-09
0.000000000000000000e+00
0.000000000000000000e+00
0.000000000000000000e+00
6.778041665711498354e-07
1.265635374281259828e-09
0.000000000000000000e+00
9.069595741095781705e-09
5.578304929088062636e-09
1.676528285088352277e-07
1.367453563716480858e-07
2.849606346444488736e-07
6.283761990744096693e-07
0.000000000000000000e+00
3.323289661238959525e-07
1.047093519446207210e-06
3.992008501541022270e-09
4.691507058396382490e-07
8.288959918445470976e-08
1.496133904765883926e-06
9.619578804631601088e-07
0.000000000000000000e+00
1.483992946305079386e-07
0.000000000000000000e+00
0.000000000000000000e+00
0.000000000000000000e+00
3.023566819138068240e-08
0.000000000000000000e+00
0.000000000000000000e+00
0.000000000000000000e+00
0.000000000000000000e+00
0.000000000000000000e+00
0.000000000000000000e+00
1.716874753476815840e-09
2.469303428398461620e-09
1.245433089991365705e-08
3.463171083240013104e-09
4.983121826285241696e-08
0.000000000000000000e+00
0.000000000000000000e+00
0.000000000000000000e+00
3.892793642990000080e-09
7.255736012012903302e-09
0.000000000000000000e+00
0.000000000000000000e+00
0.000000000000000000e+00
0.000000000000000000e+00
0.000000000000000000e+00
0.000000000000000000e+00
0.000000000000000000e+00
3.766068790156396062e-09
6.127807150591024765e-10
1.358686052554958223e-09
0.000000000000000000e+00
0.000000000000000000e+00
3.585443275611055469e-09
1.043111819143405228e-09
0.000000000000000000e+00
0.000000000000000000e+00
6.658303391304798424e-06
8.582499155806999624e-09
3.192076292179990560e-08
2.110212893313700988e-09
0.000000000000000000e+00
0.000000000000000000e+00
0.000000000000000000e+00
0.000000000000000000e+00
8.141336138578481041e-08
7.253694978004432414e-09
0.000000000000000000e+00
0.000000000000000000e+00
8.167338333420204322e-12
6.210804648354439905e-10
5.385843948602087039e-08
4.521893137710009114e-10
0.000000000000000000e+00
0.000000000000000000e+00
0.000000000000000000e+00
3.008341131760516873e-09
0.000000000000000000e+00
8.532628076318715671e-11
0.000000000000000000e+00
0.000000000000000000e+00
0.000000000000000000e+00
0.000000000000000000e+00
0.000000000000000000e+00
0.000000000000000000e+00
0.000000000000000000e+00
0.000000000000000000e+00
4.031106527691008523e-06
1.094530125556048006e-05
1.107748914819239872e-07
1.078127866094291676e-06
4.837418146053096280e-07
1.131680207322460774e-07
2.388470079495164100e-07
2.584768026281381026e-06
4.230709862440562574e-07
1.550040678921504878e-06
6.262082479224773124e-06
3.231977530049334746e-07
1.474297960157855414e-06
1.961202769962255843e-06
6.709529429826943669e-07
3.140482931485166773e-07
1.186572262668050826e-06
4.612691952843306353e-07
4.098818351394584170e-07
1.005571107270952780e-06
5.712633424082014244e-07
6.893242954220113461e-08
8.103521054181328509e-07
3.485147090032114647e-06
6.457187851083290298e-07
9.216217478069665958e-08
1.390975370441083214e-07
4.438458631739194971e-07
6.539179420173013568e-09
4.162432105658808723e-07
4.389775938307138858e-07
6.474067504314007238e-07
2.671150127753207926e-07
0.000000000000000000e+00
1.054199628924834542e-06
0.000000000000000000e+00
0.000000000000000000e+00
8.845051979733398184e-08
0.000000000000000000e+00
0.000000000000000000e+00
4.333388758936962404e-08
0.000000000000000000e+00
5.269082947734204936e-08
0.000000000000000000e+00
1.493612273861799622e-07
1.677262773114307493e-08
5.175094486276066164e-08
0.000000000000000000e+00
0.000000000000000000e+00
0.000000000000000000e+00
4.915664764126859154e-09
0.000000000000000000e+00
4.807531595041325545e-10
1.175179207280052651e-07
2.782524916256079450e-06
0.000000000000000000e+00
1.090494095024041599e-07
7.520931433191435644e-09
0.000000000000000000e+00
0.000000000000000000e+00
8.178707133765783510e-08
0.000000000000000000e+00
1.686368250375380740e-06
0.000000000000000000e+00
3.236273471429740312e-10
0.000000000000000000e+00
0.000000000000000000e+00
0.000000000000000000e+00
0.000000000000000000e+00
3.199587794711078459e-08
0.000000000000000000e+00
0.000000000000000000e+00
0.000000000000000000e+00
1.349472199763113167e-06
0.000000000000000000e+00
0.000000000000000000e+00
0.000000000000000000e+00
0.000000000000000000e+00
1.472963084836464986e-08
0.000000000000000000e+00
4.044681256587523421e-11
0.000000000000000000e+00
0.000000000000000000e+00
0.000000000000000000e+00
1.435731746823876165e-07
0.000000000000000000e+00
0.000000000000000000e+00
0.000000000000000000e+00
1.534302962458156117e-10
0.000000000000000000e+00
0.000000000000000000e+00
4.535806175098855419e-10
0.000000000000000000e+00
0.000000000000000000e+00
6.259539553354898089e-09
7.826268983990303241e-07
1.802651139470867747e-09
3.297272233027115362e-09
6.906336613710095662e-11
0.000000000000000000e+00
0.000000000000000000e+00
1.324100562527519287e-08
0.000000000000000000e+00
0.000000000000000000e+00
0.000000000000000000e+00
0.000000000000000000e+00
0.000000000000000000e+00
0.000000000000000000e+00
2.805462750998799493e-09
0.000000000000000000e+00
1.333974819495153952e-09
0.000000000000000000e+00
1.918001402145819156e-07
0.000000000000000000e+00
0.000000000000000000e+00
0.000000000000000000e+00
2.990235259403561940e-08
7.248764291034603957e-07
7.437805606969050132e-07
4.424337873842887348e-08
6.898005153743724804e-07
1.816592600789590506e-07
2.606928546811104752e-06
4.429961791174719110e-06
6.665513865300454199e-07
6.202173494784801733e-07
3.220289386263175402e-07
2.118846964549447875e-07
4.579280812322394922e-07
5.917860335102886893e-07
3.836995574602042325e-07
6.225018864824960474e-07
1.261019946241503931e-07
1.405566763423848897e-06
8.462928349217690993e-07
2.779951557840831811e-07
1.841657535806007218e-06
4.812001748177863192e-07
9.861935978960900684e-08
1.190134298667544499e-06
1.367182449030224234e-06
2.101288920641763980e-08
6.666657554887933657e-07
5.845457735631498508e-07
5.016211730435315985e-07
8.056131761691176507e-09
2.440140747239638586e-07
4.351667485025245696e-06
3.030019115612958558e-07
1.392030526403686963e-07
0.000000000000000000e+00
2.642845515765657183e-07
5.109943117531656753e-07
1.036694730061071823e-09
4.717870979220606387e-06
1.632810153751051985e-07
4.697971576206327882e-07
0.000000000000000000e+00
0.000000000000000000e+00
6.876126779076230378e-09
6.303629902504326310e-07
3.749653032514288498e-09
6.947433739412645082e-09
9.612343809806134232e-09
0.000000000000000000e+00
1.038664976249492611e-08
4.986324242395312467e-09
1.434410257239449038e-09
2.072837901323509868e-08
0.000000000000000000e+00
3.470358933554962277e-06
6.341525971009787099e-09
0.000000000000000000e+00
4.457432112303649774e-07
8.133823143907648046e-07
0.000000000000000000e+00
4.463755431061144918e-06
3.237419221591153473e-09
2.062606618835616246e-08
4.027938427242361286e-09
0.000000000000000000e+00
0.000000000000000000e+00
0.000000000000000000e+00
7.690132974857988302e-10
0.000000000000000000e+00
0.000000000000000000e+00
4.859459750150563195e-07
1.089582383428933099e-06
0.000000000000000000e+00
5.244678302762650901e-11
0.000000000000000000e+00
6.360867246257839724e-06
0.000000000000000000e+00
0.000000000000000000e+00
0.000000000000000000e+00
1.495990331612517821e-09
0.000000000000000000e+00
0.000000000000000000e+00
9.931883759861648286e-09
0.000000000000000000e+00
0.000000000000000000e+00
2.276172722526226266e-10
0.000000000000000000e+00
7.269419288746803431e-09
0.000000000000000000e+00
0.000000000000000000e+00
1.992656137872472755e-07
1.011686208585160784e-06
7.296723669725224681e-09
3.729360741999698803e-06
2.588851657492341474e-06
6.281694595600129105e-07
3.921712163901247550e-07
2.179623379561235197e-06
1.309366780333220959e-06
4.721572167909471318e-06
7.220207294267311227e-07
4.115610181543161161e-07
2.745091762790252687e-07
4.160055766533332644e-07
1.130254190684354398e-06
5.145896579961117823e-07
5.101106808069744147e-07
1.390668671774619725e-06
5.062471700512105599e-06
8.356297257705591619e-06
9.229983675140829291e-07
1.712458583824627567e-06
2.288638967229417176e-07
6.668146284027898218e-07
1.559351062496716622e-06
3.533413348577596480e-07
6.510117032121343073e-07
1.644230337660701480e-06
2.048341457339120097e-06
1.487982927983466652e-07
5.555346547225781251e-07
6.804722829656384420e-07
8.457278113382926676e-07
1.285518806071195286e-06
3.595316968585393624e-07
5.691092042070522439e-07
3.608534271393182280e-08
8.320199071931710932e-07
2.553448894104803912e-06
5.844328370585571975e-06
2.649552754974138224e-07
3.562124391010002000e-07
3.149081749143078923e-06
5.108450995550128937e-09
0.000000000000000000e+00
7.649395006303905120e-10
0.000000000000000000e+00
0.000000000000000000e+00
8.808338236576673808e-08
0.000000000000000000e+00
9.330183736722119647e-09
0.000000000000000000e+00
0.000000000000000000e+00
5.603317276836605743e-07
1.301816041632264387e-07
0.000000000000000000e+00
7.377032318345300155e-08
3.783679858315736055e-06
4.325654851672355861e-12
9.996122152244879544e-09
5.673828518126811105e-09
6.573240562968152290e-11
9.385557220298323955e-09
6.922304951473279289e-09
1.719827835700016294e-08
2.404238408360015455e-08
4.926189234311095788e-08
9.190893024424440227e-08
1.779473564056388568e-07
5.871416988156852312e-07
9.536603329252102412e-07
1.052529512435285142e-07
6.533303320566119510e-08
0.000000000000000000e+00
1.579836261811351505e-09
2.923621025274769636e-07
8.611456223661662079e-07
0.000000000000000000e+00
4.572143996739441718e-09
0.000000000000000000e+00
8.701340981076555181e-09
2.314932467939456728e-09
1.688149609435640741e-06
3.367311478541523684e-07
1.612660412320110481e-06
9.544609156364458613e-07
7.690455277042929083e-07
1.228606720360403415e-06
1.245500811819511000e-06
1.148456362898286898e-06
8.098436410364229232e-07
3.362051188560144510e-07
1.976563225980498828e-06
1.797388335944560822e-07
5.488016086019342765e-07
1.269679614779306576e-06
3.105915311607532203e-07
1.776326485014578793e-06
2.514126890673651360e-06
7.140759521462314297e-07
8.963668847172812093e-07
1.125809376389952376e-06
1.432603767170803621e-06
4.377373898023506626e-06
1.197577432776597561e-07
3.356907996021618601e-07
3.758221964744734578e-07
5.944767167420650367e-07
5.795363335892034229e-07
0.000000000000000000e+00
5.744452735712002323e-08
2.826492675467306981e-07
8.669955775530979736e-08
9.217337719746865332e-07
7.049741270748199895e-07
9.710040416166521027e-08
0.000000000000000000e+00
0.000000000000000000e+00
2.973980870596415471e-12
0.000000000000000000e+00
2.985576508240939120e-10
1.876642699016883853e-07
0.000000000000000000e+00
0.000000000000000000e+00
0.000000000000000000e+00
0.000000000000000000e+00
0.000000000000000000e+00
0.000000000000000000e+00
0.000000000000000000e+00
0.000000000000000000e+00
0.000000000000000000e+00
0.000000000000000000e+00
0.000000000000000000e+00
7.487330577760076267e-08
0.000000000000000000e+00
0.000000000000000000e+00
0.000000000000000000e+00
0.000000000000000000e+00
0.000000000000000000e+00
1.822029389586532488e-07
0.000000000000000000e+00
0.000000000000000000e+00
0.000000000000000000e+00
0.000000000000000000e+00
0.000000000000000000e+00
0.000000000000000000e+00
0.000000000000000000e+00
0.000000000000000000e+00
0.000000000000000000e+00
0.000000000000000000e+00
0.000000000000000000e+00
0.000000000000000000e+00
3.070053988807330825e-09
0.000000000000000000e+00
0.000000000000000000e+00
0.000000000000000000e+00
0.000000000000000000e+00
7.225798412946460303e-07
0.000000000000000000e+00
0.000000000000000000e+00
0.000000000000000000e+00
5.061485808255383745e-07
6.825433107593426030e-09
3.551033911364243068e-09
1.803213800499747776e-09
2.007309234386411845e-07
0.000000000000000000e+00
1.281344452763732988e-07
9.072555151590222522e-09
0.000000000000000000e+00
0.000000000000000000e+00
0.000000000000000000e+00
0.000000000000000000e+00
0.000000000000000000e+00
2.414107598269765731e-07
5.967497163084090062e-09
0.000000000000000000e+00
0.000000000000000000e+00
0.000000000000000000e+00
2.275774946269848442e-08
8.725105082874051732e-09
6.637382199414787465e-09
6.153721976431825169e-09
0.000000000000000000e+00
0.000000000000000000e+00
1.527683508584232186e-07
3.304358415334718302e-06
0.000000000000000000e+00
3.102912815577951733e-09
0.000000000000000000e+00
0.000000000000000000e+00
1.404182992104097139e-09
1.366031643357246139e-08
0.000000000000000000e+00
9.647497911657865188e-09
0.000000000000000000e+00
1.036369390305935667e-08
0.000000000000000000e+00
0.000000000000000000e+00
7.998424145228000270e-09
4.150902896071784198e-06
1.547295369164203294e-06
4.943098247167654335e-06
3.429252615205768961e-07
1.355953941128973383e-06
1.733363546918553766e-06
4.849993615607672837e-07
3.275125664004008286e-06
1.276497073376958724e-06
2.982494379466515966e-06
2.902444293795269914e-07
3.141812840112834238e-06
1.948960516529041342e-06
5.796003961222595535e-07
4.084104148205369711e-06
8.492533538628777023e-07
1.488020529905043077e-06
7.350823238994053099e-08
2.550602857809280977e-06
4.071845012276753550e-07
1.222121710497958702e-07
3.228933792343013920e-06
9.588845841790316626e-07
0.000000000000000000e+00
0.000000000000000000e+00
4.806786790823025513e-08
3.405107662501904997e-08
9.359742421111150179e-07
1.568617875591371558e-07
0.000000000000000000e+00
7.534072032910898997e-09
1.231370220011740457e-06
3.459907986780308420e-07
8.180065833585103974e-07
0.000000000000000000e+00
0.000000000000000000e+00
4.973967975274717901e-07
0.000000000000000000e+00
0.000000000000000000e+00
0.000000000000000000e+00
0.000000000000000000e+00
0.000000000000000000e+00
0.000000000000000000e+00
0.000000000000000000e+00
0.000000000000000000e+00
0.000000000000000000e+00
0.000000000000000000e+00
0.000000000000000000e+00
5.634543853716422745e-08
0.000000000000000000e+00
9.734984729448115104e-08
7.080096509071154287e-08
0.000000000000000000e+00
0.000000000000000000e+00
6.719069745031447383e-09
0.000000000000000000e+00
0.000000000000000000e+00
0.000000000000000000e+00
1.010840522397415953e-09
2.049263692072145204e-08
0.000000000000000000e+00
0.000000000000000000e+00
0.000000000000000000e+00
0.000000000000000000e+00
0.000000000000000000e+00
0.000000000000000000e+00
0.000000000000000000e+00
0.000000000000000000e+00
8.822583197343192296e-08
0.000000000000000000e+00
5.105200706623236329e-09
3.638748469203534341e-10
2.154792733133348293e-10
0.000000000000000000e+00
0.000000000000000000e+00
0.000000000000000000e+00
0.000000000000000000e+00
0.000000000000000000e+00
0.000000000000000000e+00
0.000000000000000000e+00
0.000000000000000000e+00
0.000000000000000000e+00
0.000000000000000000e+00
0.000000000000000000e+00
0.000000000000000000e+00
8.633869660878978891e-12
0.000000000000000000e+00
0.000000000000000000e+00
0.000000000000000000e+00
0.000000000000000000e+00
0.000000000000000000e+00
1.036431882539545768e-07
0.000000000000000000e+00
0.000000000000000000e+00
0.000000000000000000e+00
2.423995738354278728e-06
3.496213878406706499e-07
4.205261916467861738e-08
1.575060970537833782e-09
0.000000000000000000e+00
0.000000000000000000e+00
0.000000000000000000e+00
0.000000000000000000e+00
5.106487037664919626e-07
1.866841444098099601e-06
6.721134013787377626e-07
4.135170286190259503e-07
1.261383545170247089e-06
3.325068860249302816e-07
2.084621200992842205e-06
2.024472223638440482e-06
2.102688085869885981e-06
4.901319812233850826e-07
1.303463818658201490e-06
9.089267223316710442e-07
1.980707338589127176e-06
1.301905058426200412e-06
5.765935497947793920e-07
3.637637178144359495e-07
5.081155904917977750e-07
9.034421850628859829e-07
4.489443199418019503e-06
6.202016606948745903e-07
1.895957524311597808e-08
8.033188123590662144e-07
8.120429129121475853e-07
4.927917984787200112e-07
1.690850353952555452e-06
5.616308499156730250e-06
9.754643315318389796e-08
6.111107495598844253e-07
3.563969741549044556e-08
4.547020893141962006e-08
3.763965139569336316e-07
0.000000000000000000e+00
0.000000000000000000e+00
0.000000000000000000e+00
0.000000000000000000e+00
3.273611426379829936e-08
0.000000000000000000e+00
2.663492537635647750e-08
0.000000000000000000e+00
0.000000000000000000e+00
0.000000000000000000e+00
0.000000000000000000e+00
0.000000000000000000e+00
0.000000000000000000e+00
3.286542593627927999e-08
0.000000000000000000e+00
0.000000000000000000e+00
0.000000000000000000e+00
0.000000000000000000e+00
0.000000000000000000e+00
0.000000000000000000e+00
0.000000000000000000e+00
9.608664558458102078e-11
9.371309950267914246e-09
2.908277281221671728e-07
1.311031923023620038e-07
1.813482839452262851e-07
7.572717564130471146e-09
5.369124700393967942e-09
1.076697619950550688e-09
3.865398279234710799e-10
8.199821195375989191e-07
1.299902237406058703e-06
5.548282722145359003e-09
1.068250266023085260e-09
5.702078809122212988e-09
1.262694482306869759e-08
1.167635410581624456e-08
0.000000000000000000e+00
2.025553698103976785e-07
9.937241429724963382e-08
2.521376018194132484e-06
0.000000000000000000e+00
0.000000000000000000e+00
0.000000000000000000e+00
6.449988987355936843e-09
4.386601517580857035e-07
1.157978815058413602e-07
1.512861217634053901e-06
1.382586674480990041e-06
2.226162450824631378e-06
1.456490508644492365e-06
6.901588562868710142e-07
2.874200163205387071e-06
6.473466669376648497e-07
8.524984878022223711e-07
5.806739409308647737e-07
2.038060983977629803e-06
3.125813009319244884e-06
1.323887431681214366e-06
3.596153135276836110e-07
6.638206286879722029e-07
1.854795300459954888e-06
1.909245526121594594e-07
1.098717703484908270e-07
1.661778014749870636e-06
1.220684225700097159e-06
7.300332072190940380e-07
0.000000000000000000e+00
0.000000000000000000e+00
3.390856662122132548e-08
2.767998921626713127e-06
0.000000000000000000e+00
0.000000000000000000e+00
2.073667348945207323e-10
0.000000000000000000e+00
0.000000000000000000e+00
0.000000000000000000e+00
0.000000000000000000e+00
0.000000000000000000e+00
0.000000000000000000e+00
0.000000000000000000e+00
0.000000000000000000e+00
0.000000000000000000e+00
0.000000000000000000e+00
0.000000000000000000e+00
0.000000000000000000e+00
0.000000000000000000e+00
0.000000000000000000e+00
0.000000000000000000e+00
0.000000000000000000e+00
0.000000000000000000e+00
0.000000000000000000e+00
1.272788949790992774e-06
2.722921976783254649e-08
3.136385942070774036e-07
0.000000000000000000e+00
4.027435274167601165e-09
0.000000000000000000e+00
0.000000000000000000e+00
9.666483613557375065e-09
6.830983778627341962e-09
0.000000000000000000e+00
0.000000000000000000e+00
0.000000000000000000e+00
7.644220367808429728e-09
0.000000000000000000e+00
4.041687517997161194e-08
0.000000000000000000e+00
1.709456398657493992e-08
7.295650750194226930e-09
1.281301024391723331e-06
0.000000000000000000e+00
0.000000000000000000e+00
0.000000000000000000e+00
0.000000000000000000e+00
4.122351811020052992e-07
6.807761465665862488e-09
0.000000000000000000e+00
0.000000000000000000e+00
0.000000000000000000e+00
0.000000000000000000e+00
2.066753712615110317e-11
0.000000000000000000e+00
0.000000000000000000e+00
0.000000000000000000e+00
0.000000000000000000e+00
0.000000000000000000e+00
0.000000000000000000e+00
0.000000000000000000e+00
0.000000000000000000e+00
0.000000000000000000e+00
0.000000000000000000e+00
0.000000000000000000e+00
0.000000000000000000e+00
2.819928340613842010e-06
9.652962944528553635e-07
9.235184279532404616e-07
4.046263711643405259e-06
3.448132304129103431e-07
6.967377885302994400e-06
2.891364147217245772e-06
1.470291408622870222e-06
4.226933924655895680e-06
3.547746985077537829e-07
6.715055747008591425e-07
2.749135092017240822e-06
1.065934498001297470e-06
9.031353442878753413e-07
3.419590257180971093e-06
1.913821847665531095e-07
6.215230428097129334e-07
1.664812884882849175e-06
5.484636744768067729e-08
6.511476158266304992e-07
1.619990541712468257e-07
6.286189773163641803e-07
1.041506703103323161e-08
7.341906780311546754e-07
0.000000000000000000e+00
7.270650304036507805e-09
0.000000000000000000e+00
0.000000000000000000e+00
3.190347683812433388e-07
3.186879951044829795e-07
0.000000000000000000e+00
0.000000000000000000e+00
1.360355561530468549e-08
3.199717113488986797e-08
2.506367913213125576e-08
4.352248694772242743e-08
3.493708788937510690e-07
0.000000000000000000e+00
1.959752804481240673e-09
2.162111201187144616e-07
0.000000000000000000e+00
0.000000000000000000e+00
0.000000000000000000e+00
0.000000000000000000e+00
0.000000000000000000e+00
3.502706036329072958e-08
0.000000000000000000e+00
0.000000000000000000e+00
1.163846121698952629e-07
0.000000000000000000e+00
1.178846353866447316e-08
3.269824446761049330e-06
5.152613269387984474e-08
0.000000000000000000e+00
6.075600254007440526e-07
3.275858029283540418e-09
1.030117076084025030e-07
0.000000000000000000e+00
5.892865715395601001e-07
5.398315128246622407e-09
0.000000000000000000e+00
4.280615306662127750e-10
7.078964081586036627e-09
1.351236960545065813e-06
1.795243520064104814e-06
8.730165177439630497e-07
1.677662680776847992e-06
6.458295160882698838e-07
2.082648734358372167e-06
1.081163077287783381e-06
1.457538360227772500e-06
3.594002180307143135e-07
1.802240490178519394e-06
5.217605121288215742e-07
5.634122999254032038e-07
9.128442002293013502e-07
1.684986045802361332e-06
7.219738336061709560e-07
4.729973284156585578e-07
8.213268074541701935e-07
6.222964202606817707e-06
7.723745056864572689e-07
8.954550594353349879e-07
5.977908017484878656e-07
1.229118311130150687e-06
7.436765372403897345e-07
1.049092020366515499e-06
0.000000000000000000e+00
0.000000000000000000e+00
3.502329946059035137e-07
2.659525307535659522e-06
4.307027666072826833e-06
8.762577330401200015e-09
0.000000000000000000e+00
0.000000000000000000e+00
1.865084975349873275e-09
0.000000000000000000e+00
1.338130040801077669e-11
0.000000000000000000e+00
1.422604896106349770e-06
0.000000000000000000e+00
0.000000000000000000e+00
2.108861174576759367e-08
2.120650988146621785e-09
4.170931600100402648e-09
0.000000000000000000e+00
0.000000000000000000e+00
0.000000000000000000e+00
1.330047960657054773e-09
7.711127292253650012e-10
3.939565118571408675e-08
0.000000000000000000e+00
0.000000000000000000e+00
0.000000000000000000e+00
0.000000000000000000e+00
0.000000000000000000e+00
0.000000000000000000e+00
0.000000000000000000e+00
9.904252920023282059e-07
3.159540540309535572e-08
0.000000000000000000e+00
1.368139823654246356e-09
0.000000000000000000e+00
0.000000000000000000e+00
2.073349349984709988e-07
7.470644103335644104e-10
1.388767600474238861e-06
5.955381539024529047e-07
0.000000000000000000e+00
6.792610207639881992e-08
0.000000000000000000e+00
0.000000000000000000e+00
0.000000000000000000e+00
1.698972027952549979e-06
3.017695648921403517e-09
2.892042857638443820e-06
2.049356226052623242e-06
5.276089609651535284e-07
6.769984111087978818e-07
2.301217818967415951e-06
2.022824673986178823e-06
2.669287084700044943e-07
8.279143912659492344e-06
4.345447450759820640e-06
1.005720491775718983e-06
1.579608124302467331e-07
3.195201259131863480e-08
5.308044705998327117e-07
7.195952775873593055e-07
5.108543064125115052e-07
1.837377112678950652e-06
2.351197565531037981e-07
5.587967848441621754e-07
7.358094222809086205e-08
1.121612399401783478e-06
0.000000000000000000e+00
0.000000000000000000e+00
1.545287204862688668e-06
0.000000000000000000e+00
1.758898235948436195e-07
6.643748662327197962e-09
0.000000000000000000e+00
2.646081895818497287e-07
0.000000000000000000e+00
0.000000000000000000e+00
3.070061666221590713e-06
0.000000000000000000e+00
0.000000000000000000e+00
4.302685283619211987e-06
0.000000000000000000e+00
0.000000000000000000e+00
0.000000000000000000e+00
0.000000000000000000e+00
0.000000000000000000e+00
0.000000000000000000e+00
0.000000000000000000e+00
0.000000000000000000e+00
0.000000000000000000e+00
0.000000000000000000e+00
1.544575525258551352e-07
0.000000000000000000e+00
0.000000000000000000e+00
0.000000000000000000e+00
0.000000000000000000e+00
0.000000000000000000e+00
0.000000000000000000e+00
0.000000000000000000e+00
0.000000000000000000e+00
0.000000000000000000e+00
3.234677858898749037e-09
5.986799056501013183e-09
0.000000000000000000e+00
1.421462236805837165e-08
6.049350603776204593e-11
0.000000000000000000e+00
0.000000000000000000e+00
0.000000000000000000e+00
0.000000000000000000e+00
2.521508113417780805e-09
0.000000000000000000e+00
0.000000000000000000e+00
8.059889561318200890e-12
1.472822361847647699e-07
6.228031566024583299e-07
1.217262934005702846e-06
2.141965271817980465e-09
1.908214253276696581e-09
3.747355203920221811e-10
1.613335371075663716e-06
5.170687433775356112e-09
1.719919345832821023e-10
2.131833696239482379e-07
0.000000000000000000e+00
4.833023314887441302e-09
0.000000000000000000e+00
0.000000000000000000e+00
1.916716882988112047e-07
2.196588411607081071e-06
0.000000000000000000e+00
5.721884743792315930e-09
0.000000000000000000e+00
0.000000000000000000e+00
0.000000000000000000e+00
0.000000000000000000e+00
1.970572157006245106e-06
2.891950998673564754e-06
1.264620550500694662e-06
2.938711531896842644e-06
3.333466565891285427e-06
2.797820798150496557e-06
1.658276346461207140e-06
6.004251531521731522e-07
1.304913894273340702e-06
3.569912223611027002e-06
2.273124209750676528e-06
2.892953034461243078e-06
3.419958147787838243e-06
1.531399902887642384e-06
8.206562824852881022e-07
1.145116016232350376e-06
1.247261366188467946e-06
1.884409130070707761e-06
3.534129078275327629e-08
3.560398909030482173e-07
6.259412543840880971e-07
2.242128687157673994e-07
8.002399454198894091e-07
2.643435550453432370e-07
2.470798676768026780e-08
0.000000000000000000e+00
0.000000000000000000e+00
0.000000000000000000e+00
0.000000000000000000e+00
2.817495392548607924e-08
3.674042545753763989e-07
0.000000000000000000e+00
4.665114072821552327e-09
0.000000000000000000e+00
0.000000000000000000e+00
0.000000000000000000e+00
0.000000000000000000e+00
0.000000000000000000e+00
1.051404012741841143e-07
6.395300955475136107e-10
0.000000000000000000e+00
0.000000000000000000e+00
0.000000000000000000e+00
0.000000000000000000e+00
4.415646344568813220e-06
2.223634965048404410e-08
3.377623514211336442e-08
8.040278512422283086e-12
2.238966317236190662e-06
0.000000000000000000e+00
0.000000000000000000e+00
0.000000000000000000e+00
0.000000000000000000e+00
8.517086058645872981e-08
0.000000000000000000e+00
3.604230025544552518e-09
1.281267625330428928e-08
2.137866204066085629e-06
0.000000000000000000e+00
7.130139465516549535e-07
4.939100239909066659e-10
6.981691669238898612e-09
0.000000000000000000e+00
0.000000000000000000e+00
0.000000000000000000e+00
0.000000000000000000e+00
1.945837198036315385e-07
4.944456577504752204e-06
7.281512921508692671e-07
7.368993465206585824e-06
3.524708290569833480e-06
1.082530502571898978e-06
1.981862396860378794e-06
2.574578502390068024e-06
9.405297305420390330e-07
2.370707989030051976e-06
2.301521590197808109e-06
1.814243205444654450e-06
7.008865168245392852e-07
1.607868512110144366e-06
7.904130825409083627e-07
1.859298890849458985e-06
4.800497777068812866e-07
1.918650696097756736e-06
3.344598326293635182e-06
2.442349568809731863e-06
1.644682015466969460e-06
5.988000566503615119e-07
1.251331980256509269e-07
2.133799625880783424e-06
7.986385242020332953e-08
4.943494786857627332e-07
0.000000000000000000e+00
0.000000000000000000e+00
9.740425355175830191e-09
1.773597659848746844e-07
2.110358252593869111e-07
0.000000000000000000e+00
0.000000000000000000e+00
0.000000000000000000e+00
0.000000000000000000e+00
0.000000000000000000e+00
0.000000000000000000e+00
0.000000000000000000e+00
0.000000000000000000e+00
0.000000000000000000e+00
0.000000000000000000e+00
0.000000000000000000e+00
0.000000000000000000e+00
0.000000000000000000e+00
0.000000000000000000e+00
0.000000000000000000e+00
0.000000000000000000e+00
0.000000000000000000e+00
0.000000000000000000e+00
0.000000000000000000e+00
0.000000000000000000e+00
0.000000000000000000e+00
0.000000000000000000e+00
0.000000000000000000e+00
0.000000000000000000e+00
8.069238610630691255e-09
0.000000000000000000e+00
0.000000000000000000e+00
0.000000000000000000e+00
0.000000000000000000e+00
0.000000000000000000e+00
0.000000000000000000e+00
0.000000000000000000e+00
0.000000000000000000e+00
0.000000000000000000e+00
0.000000000000000000e+00
0.000000000000000000e+00
0.000000000000000000e+00
0.000000000000000000e+00
0.000000000000000000e+00
0.000000000000000000e+00
0.000000000000000000e+00
0.000000000000000000e+00
1.546957145714955573e-10
0.000000000000000000e+00
0.000000000000000000e+00
0.000000000000000000e+00
7.483406797882674599e-13
1.935481179771159077e-07
0.000000000000000000e+00
0.000000000000000000e+00
0.000000000000000000e+00
6.739290938639896922e-07
0.000000000000000000e+00
4.986128399053768590e-09
1.677603904681745917e-07
0.000000000000000000e+00
1.686336190687143244e-07
0.000000000000000000e+00
1.505303544035996310e-06
0.000000000000000000e+00
0.000000000000000000e+00
1.447953312805339010e-09
0.000000000000000000e+00
1.322716247642574672e-08
0.000000000000000000e+00
2.671130232556606643e-07
2.826017180268536322e-07
4.768518806486099493e-07
6.812454103055642918e-07
0.000000000000000000e+00
0.000000000000000000e+00
0.000000000000000000e+00
0.000000000000000000e+00
0.000000000000000000e+00
0.000000000000000000e+00
0.000000000000000000e+00
0.000000000000000000e+00
0.000000000000000000e+00
1.737528010359312702e-09
0.000000000000000000e+00
3.113793525244545890e-07
1.374069825033075176e-06
1.253357481800776441e-06
1.017933868752152193e-06
3.124491740891244262e-07
7.643567414561402984e-07
1.068087931344052777e-05
3.713274736583116464e-06
5.933947022640495561e-07
2.231943426522775553e-06
1.017118847812525928e-06
4.121342954022111371e-06
3.114777200607932173e-07
3.585645345083321445e-07
5.382514700613683090e-07
1.098201707350199285e-07
0.000000000000000000e+00
2.394444322817435022e-07
0.000000000000000000e+00
0.000000000000000000e+00
0.000000000000000000e+00
0.000000000000000000e+00
3.092749466304667294e-06
0.000000000000000000e+00
0.000000000000000000e+00
0.000000000000000000e+00
0.000000000000000000e+00
0.000000000000000000e+00
0.000000000000000000e+00
0.000000000000000000e+00
8.551912955567786412e-09
1.951292603052934282e-07
2.008622033145002206e-07
9.736370820689899119e-09
5.630243826715286559e-09
1.435515484260463381e-09
0.000000000000000000e+00
0.000000000000000000e+00
0.000000000000000000e+00
4.637352724046195362e-09
0.000000000000000000e+00
0.000000000000000000e+00
7.535741808339935233e-09
2.548402322499754291e-10
0.000000000000000000e+00
3.013776677107671276e-07
8.716179777934485173e-09
0.000000000000000000e+00
1.039039148054143880e-06
7.027201263554161415e-06
2.453404931657132693e-06
5.837304343003779650e-06
6.497377285086258780e-07
4.832242161967315042e-09
1.478457875236927066e-06
0.000000000000000000e+00
1.662907493482634891e-06
0.000000000000000000e+00
0.000000000000000000e+00
0.000000000000000000e+00
0.000000000000000000e+00
0.000000000000000000e+00
0.000000000000000000e+00
0.000000000000000000e+00
0.000000000000000000e+00
0.000000000000000000e+00
0.000000000000000000e+00
0.000000000000000000e+00
0.000000000000000000e+00
0.000000000000000000e+00
0.000000000000000000e+00
0.000000000000000000e+00
0.000000000000000000e+00
0.000000000000000000e+00
0.000000000000000000e+00
0.000000000000000000e+00
0.000000000000000000e+00
0.000000000000000000e+00
0.000000000000000000e+00
3.626390077116070643e-09
8.885941760183868610e-09
0.000000000000000000e+00
8.415461216770836472e-09
0.000000000000000000e+00
0.000000000000000000e+00
0.000000000000000000e+00
0.000000000000000000e+00
0.000000000000000000e+00
0.000000000000000000e+00
4.393475805386515276e-09
9.139663234236650169e-06
0.000000000000000000e+00
0.000000000000000000e+00
0.000000000000000000e+00
1.279274575161082339e-09
0.000000000000000000e+00
5.048592210954438997e-09
0.000000000000000000e+00
0.000000000000000000e+00
0.000000000000000000e+00
0.000000000000000000e+00
0.000000000000000000e+00
0.000000000000000000e+00
0.000000000000000000e+00
0.000000000000000000e+00
0.000000000000000000e+00
6.999226798143354245e-08
0.000000000000000000e+00
2.194148418510621923e-09
0.000000000000000000e+00
1.273719931305095088e-06
0.000000000000000000e+00
0.000000000000000000e+00
0.000000000000000000e+00
3.032467388308646150e-09
