4.726661018139566295e-07
1.027198166525522538e-07
1.524213644188421313e-06
1.776462994484973024e-07
4.965985844762599299e-09
2.779535002161992452e-08
2.444171798288152786e-08
3.420460581438078407e-09
2.940174681498319842e-06
1.481068494513237965e-07
2.374700216023484245e-06
1.933116600127959828e-08
9.793679112135578180e-08
1.743729171721497551e-06
8.937857273849658668e-06
0.000000000000000000e+00
1.434509897535463097e-07
2.132960048584209289e-07
3.561229533488585730e-09
2.581895230946429365e-08
2.402206433771425509e-08
0.000000000000000000e+00
2.186232904932694510e-06
1.695242133337160340e-07
2.070445771096274257e-05
1.785991443625789543e-08
3.630816536315251142e-08
4.758172167385055218e-08
7.271709705491957720e-07
2.038351709643393406e-08
2.101817813127127010e-07
3.663778045392973581e-07
1.381692538160450567e-08
6.897891591250981946e-09
1.736114199957228266e-06
2.374056066400953569e-06
3.999080945504829288e-06
2.194481041328799620e-08
1.263759486391791143e-06
1.389043688959645806e-07
9.039960957579751266e-08
1.791305379583718604e-07
0.000000000000000000e+00
2.193504577974181302e-08
5.005577349947998300e-06
1.553376569063402712e-05
2.574222435214323923e-08
1.229630299803829985e-07
4.520771881288965233e-07
1.099842847906984389e-07
4.488900806620677031e-09
4.246818434694432653e-07
7.186479678011892247e-08
8.585332693655800540e-07
8.976428034657146782e-06
7.948202807028792449e-08
6.106845830800011754e-06
0.000000000000000000e+00
0.000000000000000000e+00
1.714530526442104019e-07
1.922297165890540782e-08
1.852338755270466208e-06
1.010288208647125430e-08
4.027894107139218249e-08
9.477115980871531065e-08
2.053026904036414635e-08
0.000000000000000000e+00
1.087602527150011156e-06
4.902161435893503949e-06
3.128304797428427264e-06
2.386799167197750648e-07
4.877055630458926316e-07
3.526685787846872699e-08
3.408525728332278959e-08
1.718145085760625079e-06
5.398296707426197827e-07
1.052183597494149581e-05
0.000000000000000000e+00
1.240270307789614890e-06
1.044340297085000202e-05
2.655425078046391718e-06
3.779407052206806839e-06
2.645442407356313197e-07
6.514547123970260145e-09
0.000000000000000000e+00
0.000000000000000000e+00
2.332315141018170834e-08
7.902552390248729353e-09
5.525802393435697013e-08
1.096592114890881930e-07
4.214608679831144400e-07
5.556857729516195832e-08
7.019052450374374530e-09
1.798436414901516400e-06
1.590697173980970547e-08
1.470834405381538090e-07
2.425015850349154789e-07
3.698054085177204797e-10
3.094765999023252334e-09
3.212444426026195288e-06
1.039840640260081273e-06
2.383734276634186244e-08
5.171122197111799323e-08
6.598829926929283829e-09
1.857170062180557579e-08
1.430083274023274953e-09
3.237601520211796924e-09
4.957701449370688351e-08
2.788737907266636284e-09
7.080708286366643733e-08
2.463805381935912919e-09
1.220226142351066301e-08
2.476821236996329390e-08
1.729386300830526579e-09
2.442889623921473685e-08
1.506241460447199643e-07
1.871618593440871336e-07
1.288850626224302687e-08
3.330044151539368613e-08
1.241085989533985412e-08
2.365046825048011669e-08
3.395185288468383078e-08
6.851086595816013869e-07
2.430250312102089083e-08
6.391325513277479331e-08
3.850896845847273653e-08
7.131048391784133855e-07
0.000000000000000000e+00
2.316186353823468380e-08
4.794542363129039586e-08
5.951299044681945816e-06
5.426297775557031855e-06
2.589226824056822807e-06
1.441170667249025428e-07
1.052216447305909242e-07
4.740512622447567992e-07
6.350246167130535468e-06
2.594522108267938165e-08
1.539134899530836265e-07
1.477731448318309049e-08
1.048040498830005163e-08
2.132027177026429854e-08
1.281247907769511585e-08
5.532349689474358456e-08
6.709974798013718100e-08
4.718836521533376072e-08
2.159788294875397696e-07
3.027113564257888356e-07
4.058083291624825506e-08
1.138629315278194554e-07
2.624998707290160382e-08
1.828031503947613601e-09
1.013857399811968207e-06
2.452326498314505443e-06
1.100917074836615939e-06
8.466974463772203308e-07
1.098913493535746966e-08
4.848375851906894241e-07
3.626073663554052473e-08
5.911055723117897287e-06
2.616161509649828076e-08
1.809576843925242429e-08
2.604848425846739701e-08
2.299048844633944100e-07
4.999058234034237103e-08
4.070840109449136435e-09
8.733019996043367428e-08
8.520880889761883736e-09
4.832819300304436183e-08
4.850948798207355139e-08
1.670547966625690606e-08
1.299939977883468600e-08
2.306023283438207727e-08
2.008956982990639517e-07
0.000000000000000000e+00
3.414581684069162293e-08
2.538660126560898789e-08
3.555526006948639406e-08
7.334557722060708329e-06
8.270363061058105814e-09
7.314546301984137244e-09
2.700457280013779382e-08
2.134760421768078231e-07
1.193524894915753976e-05
3.782254509587801294e-07
4.835915135004142940e-08
3.311249940907146083e-08
1.067078528649290092e-06
3.914443524877242453e-08
1.017947681702935370e-07
1.612249775462260004e-06
1.606743580850888975e-06
1.295036611281830119e-07
2.496325123502174392e-06
1.451052776246797293e-05
7.221416353786480613e-08
8.895531209418550134e-06
1.524932713437010534e-06
2.006979912039241754e-06
0.000000000000000000e+00
4.757214355777250603e-08
2.832287293585977750e-08
8.404835512010322418e-07
0.000000000000000000e+00
0.000000000000000000e+00
8.305497800620287308e-08
3.558361277100630105e-05
1.771487312396402558e-08
6.778116556915847468e-08
2.949670196983333881e-08
9.905411388899665326e-07
1.834493218666466419e-06
4.751631479393836344e-07
0.000000000000000000e+00
0.000000000000000000e+00
5.301952299419099290e-08
6.640195806539850309e-06
2.045823748630937189e-06
3.914058481768734055e-07
5.066924657626259432e-10
5.251298418329497508e-08
1.214750398048636271e-07
1.299426344303356018e-07
3.016653806753311073e-07
3.747037524703955569e-08
5.237739486574355396e-08
3.461226185663690558e-07
0.000000000000000000e+00
4.244640905426422250e-08
6.531104990159519730e-09
1.425260762744073872e-07
3.709084239744697697e-08
1.575894117422649288e-07
2.681013278049704240e-08
9.086964780635753414e-08
6.868177848673440167e-08
7.539205881812449661e-08
6.676420525764115155e-06
2.425767853253546491e-08
2.420874238850956317e-07
2.904755902477518248e-08
5.920524515090619389e-08
1.029746954372967593e-06
2.686177538180345437e-07
3.415676474105566740e-06
4.058842364429438021e-07
9.146996404751916998e-08
2.589898073779295373e-08
1.787998087365849642e-07
0.000000000000000000e+00
0.000000000000000000e+00
2.164246204472419777e-08
1.670285655563930050e-06
3.050919076486025006e-06
1.340957993534175330e-07
2.130222492269240320e-05
3.548887761439800670e-08
5.736129423894453794e-06
7.524637624101160327e-08
2.578663149677140609e-08
1.851997843971275870e-08
1.018669237851099751e-07
4.535088038437606883e-08
1.359097836939326953e-06
4.295029754075585515e-08
3.665240910777356476e-07
4.204069592450565551e-10
3.838059456029441208e-06
4.651958533941069618e-06
2.351164994252030738e-06
2.600210180503381707e-08
7.695965678067295812e-07
7.528355161490196679e-10
8.658776806669266080e-08
1.221980312493542442e-07
8.831419623378522488e-11
1.100606255022285040e-06
4.569430529954843223e-06
2.085802641715872596e-09
4.176227363927864644e-09
2.887170012400019914e-06
2.492922249075490981e-06
1.825014237510913517e-07
2.698554226299165748e-06
2.869553782147704624e-06
5.326367613633919973e-07
0.000000000000000000e+00
2.338923223987876554e-07
3.940699144777681795e-08
0.000000000000000000e+00
7.488549336187588779e-09
0.000000000000000000e+00
1.141415992833572091e-07
2.587047909230477671e-08
0.000000000000000000e+00
1.860478187154512852e-05
1.090804779835252702e-08
2.843773572180907649e-08
6.569211308260491933e-08
5.497123467534947849e-08
8.234544424112755223e-08
6.045389682185486890e-07
9.530447897532212664e-08
4.659458152644901929e-09
1.759198120510063745e-08
3.838434903258303166e-09
3.283206950754902209e-08
1.232910662452013639e-08
1.573498442652976337e-09
2.623175099358832085e-08
2.696969580995300930e-08
9.349923146828587051e-08
5.056562258687335998e-06
6.568980470689211870e-09
3.876378684708470246e-08
2.202423132757758140e-07
5.248289269843553484e-08
1.427728335556821548e-08
4.186562208019495301e-08
6.830376975131002837e-08
2.991785708061911464e-09
3.650749533790076384e-07
5.014013382265147811e-08
4.625026761573280965e-08
1.276334504751730492e-08
2.028453565117160906e-07
6.253439721604081569e-08
8.983514376836865267e-09
0.000000000000000000e+00
1.299276561894657789e-07
2.088390829158015549e-06
2.993132966366829351e-06
1.041887855990353273e-07
5.876387731973409245e-08
9.318848981365590589e-08
3.203253299943753518e-06
4.048034043080406263e-06
6.725304615429195110e-07
1.021979551296681166e-05
1.400530777573294472e-06
2.398797278146957979e-06
1.901007351534644840e-07
3.439600959609379061e-08
1.622572227688579005e-07
1.669033764528649044e-07
8.827824160562158795e-08
1.609268309721301193e-07
2.053385550482289545e-08
4.111159412900633470e-09
3.385611790918119368e-08
7.261095902322267648e-08
4.696686062288790708e-08
1.907736901785028749e-08
2.817318600634166614e-09
1.672561866783439655e-09
1.146993788836425665e-08
4.400027364681591280e-08
7.591508932591750636e-08
1.591923592059174553e-06
2.955740001198137179e-06
4.444511318979493808e-07
3.925887085642898455e-06
5.073735792393563315e-06
1.463587580019520829e-07
1.866825698471075157e-07
1.416867423387202507e-08
1.561470064359582466e-08
0.000000000000000000e+00
3.057553385588107631e-06
4.673904186347499490e-06
9.055495908683042217e-09
2.876776683535808843e-08
1.483377189970269683e-07
1.718097109915106557e-06
1.327063046119292267e-07
2.086836126125035662e-08
1.008834238369615832e-09
1.462338587998601724e-07
5.534581148936013051e-08
2.560476453083992965e-08
3.976452234155658516e-08
1.079778257917496376e-07
4.751270488156933425e-09
4.087327454271871829e-08
2.033272217261128390e-08
7.532495516215931275e-08
8.910319593269377947e-08
1.972928842519650061e-08
2.555111393576225964e-07
3.713902785307254817e-08
3.922343694284791127e-08
1.305945573903954937e-08
2.944184700481855543e-07
2.948759236787168447e-09
6.222484749685008865e-09
8.631150194560177624e-06
2.129134735184834426e-08
2.846406133016898821e-08
1.751828193619076046e-08
4.174274792489995889e-08
1.783332770344259188e-08
8.091178642644081265e-06
8.657979151394101791e-07
0.000000000000000000e+00
4.703250056081742514e-07
0.000000000000000000e+00
4.300015454816730198e-09
0.000000000000000000e+00
0.000000000000000000e+00
2.822082656450675131e-08
7.675163942622020841e-06
6.536721031125125592e-08
2.237286800266247155e-08
3.386030789087612902e-09
6.239155414533570365e-09
2.196308379609490657e-08
1.769243596072556102e-08
0.000000000000000000e+00
4.001896058980491944e-08
2.689003224531916203e-07
5.371119300434656907e-07
7.448507943763615913e-08
1.201734107780794147e-07
2.342077465300462791e-08
5.367233057995690615e-08
1.562411711120148539e-07
1.465177348336510477e-07
4.266028099664254114e-06
3.531771199050126597e-06
3.390893198229605332e-06
5.208681841395446099e-07
3.260443008912261575e-06
2.542750507927848957e-06
2.828478340433093763e-09
5.588631211139727384e-07
2.893110817581145966e-08
3.360318245881899202e-08
1.966971296951669501e-08
8.826752662116632564e-09
2.515012376136382954e-08
3.414323401784713496e-08
5.694578817383444402e-07
4.727428404294187203e-07
1.289892566092021298e-06
6.815579922658798750e-08
1.110564511463962845e-07
2.168450485839912290e-08
3.420837302314794215e-08
2.687401412515555421e-08
1.577529928908916190e-08
2.901472043959074654e-06
3.343175691838951025e-08
1.149410309153608978e-05
1.268185645386665783e-08
3.026323611265979707e-06
3.049205815841560252e-06
2.529473341894572513e-08
2.344315142011055286e-08
8.215065463446080685e-06
2.700664758492621331e-08
1.135339425673009828e-05
1.546734165458474308e-05
7.508609201067883987e-07
2.745379106272594072e-06
1.017299595673648582e-07
2.432196595236746361e-07
1.897528636618517339e-05
4.427150770425214432e-07
0.000000000000000000e+00
0.000000000000000000e+00
6.397031029337085783e-06
8.699798854649998248e-07
9.434989465262333397e-07
1.023948357214976568e-07
4.272739033694961108e-07
0.000000000000000000e+00
5.552132734010228887e-06
1.041679595914501988e-07
1.506528292338771280e-06
2.406505927865509875e-08
2.409728416807865869e-09
0.000000000000000000e+00
0.000000000000000000e+00
4.894808114386250963e-09
2.172144149881205522e-06
1.825870184213318481e-12
2.266206820422667079e-06
1.474768254183800309e-07
1.356090848503299640e-07
3.164395856458668277e-09
2.487489325631031534e-09
1.453419145036605187e-06
4.627959242498036474e-06
5.349754772510095790e-08
1.252200149792770389e-06
5.756591292538359994e-08
5.024754727855906822e-07
5.111781220534794556e-09
0.000000000000000000e+00
6.678199770959736270e-09
1.346379785438500676e-09
3.539274473496334394e-08
2.442613720177178038e-07
1.158634222520049661e-05
4.057885405472916318e-07
6.500462035319287679e-08
1.786365970701808692e-07
1.204846711289064842e-07
3.773170931253844174e-08
1.449494924088412517e-08
4.379506535201471706e-08
3.207066967547689273e-08
2.246132453365135007e-06
3.864569589495658875e-05
7.116179290278523695e-07
6.051326550959856831e-08
7.545321700774820783e-09
0.000000000000000000e+00
3.165756083944870625e-07
0.000000000000000000e+00
0.000000000000000000e+00
2.002653758381711668e-07
2.717738709634431871e-07
0.000000000000000000e+00
4.822302344109630212e-07
5.828563303111877758e-07
6.175223887794345501e-08
2.353061290705227293e-06
2.668535969974072941e-08
0.000000000000000000e+00
2.207789862040954176e-07
6.364682576531777158e-07
2.480408909377729287e-07
2.946005395187967224e-07
1.379563929759797247e-08
1.195238468199022464e-07
1.487297140556620434e-06
2.938038967670308921e-08
7.144172542439264362e-08
8.065583045890889480e-08
7.032543862806051038e-07
5.003103979106526822e-06
6.249413854675367475e-05
2.442391400236942900e-09
3.970985673618088185e-08
9.760253760759951547e-07
0.000000000000000000e+00
1.281809272768441588e-05
1.567361636034547701e-07
0.000000000000000000e+00
4.511742645263439044e-06
0.000000000000000000e+00
3.420972689127665944e-06
8.991087270260322839e-06
9.242389751307200640e-06
1.860851597257351386e-07
2.761111517202152754e-08
9.253988082491559908e-07
0.000000000000000000e+00
1.606994374014902860e-06
9.473527740055942559e-09
5.205863740087579572e-09
1.750319000848321593e-07
1.390789520883117802e-06
5.506594334292458370e-06
4.802569151252100710e-07
4.534743311523925513e-06
2.736676287895534188e-05
2.354033341589456541e-07
7.443633421644335613e-06
4.117583557672332972e-06
0.000000000000000000e+00
0.000000000000000000e+00
0.000000000000000000e+00
2.692895941436290741e-05
0.000000000000000000e+00
0.000000000000000000e+00
0.000000000000000000e+00
1.469758075245408691e-07
0.000000000000000000e+00
2.011769902310334146e-05
3.938267127523431554e-06
0.000000000000000000e+00
4.875444119534222409e-06
2.330653359194911900e-07
6.854805292277887929e-07
2.031480562436627224e-06
5.438989774120273069e-06
9.036384085447934922e-07
5.526952691070619039e-07
9.296341886511072516e-06
1.837096306189778261e-06
1.603133341632201336e-06
3.199044613211299293e-06
4.089936737727839500e-06
1.469732922032562783e-07
1.250036893907235935e-05
2.816662814097981027e-08
1.090089972421992570e-05
1.055703819474729244e-06
4.928120347358344588e-07
1.452127980883233249e-05
8.512988358688744484e-08
5.560535143445122230e-09
2.124315415130695328e-06
8.322749067701806780e-08
1.338826223218347877e-07
5.194448426948383712e-09
6.108920924674521302e-09
1.757406039359921124e-06
2.958838877020752989e-06
5.762959517596755177e-06
1.680806599324569106e-05
1.016144324239576235e-05
4.856112354900687933e-06
1.992384750337805599e-05
5.657317615259671584e-06
1.674235704740567598e-06
7.531702522101113573e-06
1.542382051411550492e-06
1.338644324277993292e-06
1.240110464095778298e-06
6.798979484301526099e-06
5.755830443376908079e-06
4.184944835117221373e-09
7.743434252915903926e-06
2.482430090822163038e-06
5.418385626398958266e-06
3.722803754158121592e-08
3.360311211508815177e-06
5.229603175394004211e-06
4.998438726033782586e-06
3.453181079748901539e-06
4.964936579199275002e-06
4.568350504996487871e-06
1.191881528939120471e-05
5.315187991072889417e-06
8.617034836788661778e-06
9.736797437653876841e-06
3.880040537751483498e-07
1.591490945429541171e-05
1.464251113247883040e-06
2.307661191025545122e-07
3.196438456143368967e-06
4.252015514794038609e-06
1.505249019828625023e-05
8.814469651952094864e-07
5.358333964977646247e-06
2.252023250548518263e-06
1.207175864692544565e-05
5.831839189340826124e-06
2.554114416852826253e-06
8.652687029098160565e-06
2.569873686297796667e-06
6.775393046609679004e-08
3.967439710095277405e-08
2.323084089539406705e-07
6.085213044570991769e-06
5.115604650995919656e-08
7.614676178491208702e-08
7.704389304308278952e-07
2.310404306626878679e-05
5.251239940662344452e-07
2.078747911582468078e-06
5.091204911877866834e-06
1.028522456181235611e-05
2.550899807829409838e-06
2.092955355692538433e-06
1.918668203870765865e-06
3.564898179320152849e-06
8.538531801605131477e-06
5.495784080267185345e-06
1.465958462176786270e-06
1.051151321007637307e-05
8.006738426047377288e-06
4.694606658972588775e-08
4.550102858047466725e-06
5.167648087223142284e-09
1.637530999687442090e-06
6.268999186431756243e-07
4.263043592800386250e-06
1.456361678719986230e-05
9.273436262446921319e-06
6.895515980431810021e-07
5.106806497678917367e-07
1.326360465903064778e-09
4.628625926983431782e-09
3.851656856568297371e-06
1.731472210053652816e-08
1.609721800299723782e-09
2.125861442436871585e-08
2.141168486957667483e-08
2.675328225620887679e-08
7.384990396985813277e-08
3.178354006649897201e-07
4.590991011355072260e-06
1.469623725824931171e-06
1.434945534128928557e-05
1.424084075551945716e-05
7.812688522790267598e-07
1.865104081844037864e-06
4.262083308503861190e-08
2.015656491494155489e-06
1.286539941247610841e-06
1.996103947021765634e-06
4.012015040188998682e-07
3.250456848125082843e-11
1.676861984378774650e-06
7.145389613327779443e-09
3.622508074840879999e-06
6.394840966095216572e-06
2.517253278710995801e-06
4.834487477012316958e-09
1.215564793710655067e-06
8.268226565633085556e-07
1.812734694794926327e-06
6.871460300317266956e-06
5.525216124624421354e-07
7.508491535190842114e-07
1.001058421934430953e-06
3.336455847602337599e-06
7.086282227675155809e-09
1.113571546085267983e-08
2.554706725277355872e-06
1.775839905349130277e-06
2.279033424201770686e-06
3.928834075850318186e-07
4.704079259454374551e-08
1.321403715337510221e-06
3.615371724663418718e-06
2.442047843942418694e-06
1.085967824110412039e-06
5.925268851569853723e-06
3.162283324087411529e-09
9.822016266980426735e-08
7.779426880460960092e-08
2.319222858204739168e-06
7.947237463667988777e-07
2.767778369161533192e-06
1.799252657974648173e-08
8.250434291312558344e-08
6.367525884343194775e-07
3.340157945785904303e-07
2.041662355622975156e-06
2.297461634270803188e-07
3.286321543782833032e-06
2.078112856906955130e-06
1.926730647028307430e-06
9.685433042250224389e-07
1.375365627609426156e-06
1.712457553537660715e-08
3.539850467859650962e-06
8.192894540570705431e-08
6.334703357424587011e-06
4.818146948082357994e-08
3.164454710713471286e-06
3.475837218047672650e-07
2.395996034465497360e-06
2.064356067421613261e-06
6.810007224800074255e-09
3.463744860709994100e-06
1.831369104365876410e-06
1.273782686439517420e-06
2.491383838787442073e-06
2.166615331589127891e-07
1.289710667151666712e-06
3.991333983321965206e-07
2.655561956999008544e-07
1.064193067001895088e-09
5.529984914431906873e-09
3.504126433462317891e-10
9.664723421565213357e-08
1.121347636967584549e-08
6.082981229837969295e-09
1.493835832810930242e-09
1.648747094407099212e-08
3.099563627984025516e-08
4.444487728960666573e-07
8.356204261872335337e-07
8.635254999944663723e-08
1.273208454222185537e-05
6.930791940362723835e-09
3.438075964368181303e-06
5.980682971085116151e-08
1.201841314468765631e-06
6.153913290063428576e-08
7.021213832558714785e-08
1.344317279716733537e-08
2.631979896250413731e-07
2.117856467975798296e-07
1.017102135847380850e-07
3.139080773095770382e-09
3.821611755938647548e-07
6.855842684672097676e-07
2.894646797813038575e-07
1.868785659553395817e-08
1.172806705085349677e-07
4.360583361062708718e-08
9.303811765448699589e-08
3.603146865316375624e-07
1.637878085603006184e-06
2.472767846484202892e-06
2.504669964764616452e-07
1.695046080385509413e-06
4.480426923691993579e-06
1.294960725317650940e-07
2.133219595634727739e-06
1.970378349369639182e-07
5.849236117683176417e-07
0.000000000000000000e+00
1.787181815871008439e-07
2.870404387067537755e-06
5.663234148300944071e-08
2.471390914138282824e-08
1.366057933438469263e-08
5.757073751055941102e-08
1.833604414969158825e-07
6.739452373949461617e-08
2.281962139250026667e-07
2.070118299002388085e-08
6.083548100832558703e-07
3.349221060489071533e-07
6.059592010387859773e-07
7.864626283549114305e-09
6.492111310762993526e-07
1.171423946288996376e-06
3.101529046034556814e-06
6.900719995428516995e-09
9.598208094985238858e-08
6.342754659272031859e-07
1.441966219317691866e-06
2.279860609633033164e-06
8.563505389247438870e-07
5.454841698337986600e-07
2.115726545071083819e-07
1.213362477159307673e-08
2.903589191305400163e-08
2.302846411339487531e-07
2.564325313869630918e-06
4.370956503407796845e-06
3.103111339441966265e-06
7.996288331924006343e-06
1.763653330044689937e-07
7.582345347145746928e-07
1.258628458344901446e-06
2.965413747890721652e-10
7.473837513316539116e-07
1.983238178127066931e-07
3.153416638923545179e-09
1.270897342919852235e-08
1.150721232079376932e-06
1.166931951956939884e-06
4.177012957740089405e-09
2.471017978677991778e-06
0.000000000000000000e+00
1.382774694747013200e-08
1.188397391160833649e-06
0.000000000000000000e+00
8.447713639725407120e-10
8.053743272284918930e-07
0.000000000000000000e+00
8.922325100968464540e-09
0.000000000000000000e+00
6.729960091433895286e-07
0.000000000000000000e+00
0.000000000000000000e+00
2.134171381840133108e-06
1.076544577927052160e-07
4.860575586462800857e-07
1.014550363720445603e-07
2.013817734791700786e-08
5.004758349969051778e-06
2.260658220620825887e-07
4.482851867493309328e-09
4.778240469960337578e-09
4.127738861825491767e-07
2.692918315005954355e-07
3.963540393669973128e-07
4.169123258179752156e-06
7.195763487288786564e-07
5.042274509037270036e-08
1.841724724727100693e-06
1.000052929356343157e-08
4.387438366393325850e-06
3.324814423777411321e-09
0.000000000000000000e+00
1.488054863330035005e-06
5.663408956024795771e-06
4.036712653032736853e-06
2.786272943922085688e-06
4.621536788818048080e-07
2.564281203376594931e-06
2.305529278601170518e-07
5.989165274833396779e-10
5.900879429532324139e-08
3.312800629373668926e-07
2.298210574736003764e-06
3.944218747164995875e-07
4.355158012003812473e-08
1.777048339590692194e-07
8.024768476388999261e-07
3.145565869999700226e-07
7.581078875773528125e-07
0.000000000000000000e+00
2.190803769508420373e-07
1.832261204981477931e-07
6.581138300987277034e-09
4.464557434857852058e-08
2.682615161120338598e-07
4.149210326431784779e-07
2.633095448345557088e-07
1.997521167140803300e-06
3.861701429741515312e-07
2.662445979240146698e-07
3.039035334495565621e-07
0.000000000000000000e+00
4.546327261323312996e-07
9.354903340863529593e-07
0.000000000000000000e+00
6.486665711236128118e-07
0.000000000000000000e+00
0.000000000000000000e+00
0.000000000000000000e+00
1.662188964246524847e-07
5.338671144272666425e-06
0.000000000000000000e+00
1.582532007660120144e-07
0.000000000000000000e+00
2.083036854116926406e-08
5.344016926756012253e-07
9.081379204189943266e-09
8.705547394072254974e-09
3.287482286395970732e-07
0.000000000000000000e+00
2.150111981791269500e-07
1.148664949823796633e-07
0.000000000000000000e+00
0.000000000000000000e+00
0.000000000000000000e+00
1.009473976409935858e-06
1.360791770821379032e-06
6.567815091784723336e-08
3.899187195344211432e-09
2.273349064552121490e-09
8.384021299434607499e-08
1.244248664988845121e-06
0.000000000000000000e+00
2.994413961232567090e-08
2.557631606503463217e-10
1.942503331520128995e-06
1.008738976793210895e-07
1.244222517016169149e-06
5.218046439381396340e-09
8.026610771594278049e-07
2.115721209339227471e-10
6.823221951890445780e-07
3.525345846355776303e-06
2.144113864233077038e-07
2.803662857431277189e-09
1.217123557495369823e-08
1.371847588416130748e-06
4.781107065809919732e-08
1.302372609757185273e-08
7.290823305083904415e-07
5.815601298309047706e-07
5.984887252452608664e-07
2.556734898462309502e-06
2.678458258742466569e-06
1.762380748004943598e-07
8.996440556074958295e-06
8.299429055114160292e-07
5.457732754621247295e-08
1.609664623813955586e-09
3.154362048007897101e-06
1.383741891913814470e-05
7.041633498516830514e-09
2.306294710763268085e-08
2.041409263853211087e-09
1.503463977314822841e-06
4.407366915870625235e-08
5.812701147078769282e-06
0.000000000000000000e+00
7.288497272384120151e-07
3.742056264854909386e-07
1.481066789210672141e-07
5.687812887344989576e-08
2.249393844522273866e-07
4.144374543102458119e-06
5.931721602792094927e-07
7.806969293255860975e-09
1.339734723160290741e-08
7.147315272959531285e-08
6.674315500276861712e-08
1.276397028959763702e-06
4.121160372960730456e-07
3.009089510896956199e-08
2.492011041965724871e-09
5.756022005698469002e-07
8.226319181403596303e-08
3.669617285595450085e-07
7.341264449678419624e-07
5.008624611946288496e-06
1.176164914795663208e-06
8.255664596390488441e-09
7.226956881822843570e-07
0.000000000000000000e+00
9.051424498807136843e-09
8.525863570696401439e-09
0.000000000000000000e+00
2.378324737151160662e-08
2.431802137436989142e-08
1.284914219468191732e-08
1.022975624209720991e-07
9.916106158414095262e-09
0.000000000000000000e+00
6.325333590240234116e-09
7.956443681678138091e-08
1.449040087919684083e-08
6.403844281521742232e-07
0.000000000000000000e+00
1.492075654141444829e-07
1.640933500191010808e-10
1.306804620071488898e-07
0.000000000000000000e+00
4.871293768360374088e-08
0.000000000000000000e+00
0.000000000000000000e+00
0.000000000000000000e+00
3.764039092857274227e-06
0.000000000000000000e+00
1.332430059619582607e-07
0.000000000000000000e+00
0.000000000000000000e+00
0.000000000000000000e+00
1.190617524571280228e-07
0.000000000000000000e+00
0.000000000000000000e+00
2.176420110799881513e-07
0.000000000000000000e+00
6.884936176732026070e-09
2.673483656678854459e-09
0.000000000000000000e+00
0.000000000000000000e+00
2.165874812831702911e-09
8.905917070478608366e-07
1.595878984517185017e-07
1.100194850778279942e-07
0.000000000000000000e+00
3.461923938630206976e-07
1.771555457885654050e-09
0.000000000000000000e+00
1.673913061495113652e-07
0.000000000000000000e+00
5.096130628601258650e-09
9.386145052303618286e-07
1.697099794029099940e-09
1.422415834895218723e-06
1.315532074386283057e-07
6.124733431533968542e-07
8.967623976730010327e-09
7.917035986793052871e-07
8.693184838648448931e-08
8.629631054191122530e-08
2.592567796000366798e-07
1.663554571873504528e-10
1.820955120024336793e-08
2.338921722966347261e-09
6.774203420434332656e-09
5.084914711517285468e-09
6.458455459323886316e-08
2.644309233801322989e-06
2.141836603186675347e-06
7.100084786770821665e-08
3.020310890278210536e-09
4.601504883794405032e-07
5.687739701443206286e-08
1.969578988791909069e-06
5.727776510866533499e-07
3.396716685699630034e-09
1.156994471784855705e-06
1.025411044963675522e-08
3.665551773224251519e-08
3.046098299819277599e-06
6.951293585188977886e-07
6.767435056787007852e-09
1.748623912334323904e-09
8.933623121265554801e-07
1.467348511141608469e-06
7.051259558465972077e-07
2.113906916179075779e-08
4.692513755344407400e-08
2.347946519876131788e-06
2.415464450677973218e-06
5.948361803120860714e-10
4.406372227094834670e-06
6.181359868406843816e-09
3.134252324343833607e-08
6.540644221786351409e-07
2.372967855990282260e-06
5.868895982530375477e-07
4.805749043157447886e-08
3.752317212502020993e-08
4.127177362533984706e-06
2.719239546422613785e-06
8.754509508435148746e-07
1.322695538874540944e-06
6.433900807678583078e-07
6.840966193522035610e-07
2.431053802709470801e-09
6.403459451576054562e-08
8.473414823129132856e-07
6.462014994212950114e-07
2.790911253214289900e-07
2.311289790668524802e-07
1.413337258782121353e-06
3.917313762258345378e-08
9.038250823323323857e-07
2.023146805640863022e-08
2.291338660143082961e-06
5.145249815541319549e-06
1.211799087741383119e-07
4.427363694842895159e-13
4.376838802500060410e-08
1.668956173261904041e-08
8.896795833379655960e-08
9.108151743930648081e-07
7.064754559138464174e-09
0.000000000000000000e+00
6.228723350432119332e-07
0.000000000000000000e+00
2.358916617595241405e-08
0.000000000000000000e+00
0.000000000000000000e+00
1.735047305828629760e-07
5.973210814858020967e-09
1.187248813039332163e-06
0.000000000000000000e+00
4.654590668451419333e-07
6.186752887771262976e-09
9.482822065365326125e-07
5.548742478822532576e-07
9.401156120247833314e-08
0.000000000000000000e+00
2.475535687551655428e-08
0.000000000000000000e+00
9.830927893972329912e-08
0.000000000000000000e+00
0.000000000000000000e+00
9.194554451141812024e-09
2.908075558138989436e-08
0.000000000000000000e+00
0.000000000000000000e+00
4.553342236590651737e-08
2.970687307257691145e-10
0.000000000000000000e+00
0.000000000000000000e+00
7.509667554472798656e-09
0.000000000000000000e+00
1.150041043729288504e-06
0.000000000000000000e+00
7.066760758789314423e-07
2.386508590745961556e-08
4.193887903625181934e-09
4.501310613136411121e-08
3.190474018310851534e-08
2.520635478120425432e-09
8.947855008045735303e-07
2.115176130246254615e-06
1.539442848752514692e-07
2.336785653866968460e-09
0.000000000000000000e+00
2.513885192456655204e-06
1.114667913526545817e-09
1.168629069070448168e-06
1.482363131799502298e-06
0.000000000000000000e+00
7.090874998283425157e-09
3.857922195038554491e-07
1.234040647446477124e-10
4.230383598979869930e-09
1.598499466126668267e-08
1.367296675880425028e-08
3.410964177774644668e-09
2.792016005059849704e-07
7.462740086339181289e-06
9.214998613060743082e-07
1.287418285755848046e-06
2.010521711781620979e-06
2.957490963240161364e-08
1.304087277276266832e-06
0.000000000000000000e+00
3.614588308664679062e-07
2.923555484812823124e-06
3.783527745326864533e-06
5.510430014510347974e-07
9.219462526743882336e-08
2.278966206858967780e-07
0.000000000000000000e+00
4.125274244870524853e-06
3.376160975676611997e-06
8.370016679748459865e-09
5.415659476426526453e-09
4.334235637060146473e-09
1.288801776411219180e-08
2.543920913922192995e-07
5.119289312460750807e-07
4.301512035453924909e-09
0.000000000000000000e+00
1.430970399951547734e-07
2.447277491768318214e-09
1.659125388187021599e-07
7.911738819643687748e-09
2.302710377932726260e-08
2.187893866079093641e-09
9.526630861955709406e-08
1.146389990935858805e-06
4.478989694689516909e-07
1.681563759348136955e-07
6.832439680692914408e-08
8.493602194903360214e-07
7.244910307235841174e-07
1.138073798756522592e-06
4.259028969499922823e-07
2.112933605857847397e-09
0.000000000000000000e+00
3.238860415422095684e-07
5.942421807958453428e-07
5.904694067027094206e-09
2.557403036007599439e-07
1.347123316008946858e-06
3.721160712899518330e-09
0.000000000000000000e+00
0.000000000000000000e+00
0.000000000000000000e+00
5.072157693852830107e-10
0.000000000000000000e+00
0.000000000000000000e+00
0.000000000000000000e+00
2.894096269301371649e-07
1.118423278967384249e-05
0.000000000000000000e+00
3.405513426812944999e-09
0.000000000000000000e+00
0.000000000000000000e+00
1.384401482340535949e-09
3.401120522994460771e-07
6.814986797110123007e-09
9.788275079358754738e-09
0.000000000000000000e+00
2.732475135047707226e-09
9.125829869560675434e-09
3.855633394778124057e-07
2.602268400764273792e-09
0.000000000000000000e+00
0.000000000000000000e+00
4.627102700993646067e-09
8.624375880117440829e-09
1.318714648590457728e-08
0.000000000000000000e+00
9.119022870152093674e-09
1.435444971775723388e-07
4.507293738242879044e-08
1.645080516254893155e-07
0.000000000000000000e+00
0.000000000000000000e+00
1.294277041097302572e-07
2.270375716761918738e-06
1.959973815246485174e-06
0.000000000000000000e+00
0.000000000000000000e+00
0.000000000000000000e+00
7.601330231921110681e-09
3.149118811052176170e-06
1.683065846691533807e-07
3.631599554410058772e-07
3.422379222683957778e-06
1.985409170401908341e-07
2.042500995003138087e-07
1.319902409591122705e-08
3.789907943030357274e-09
1.232142832208182881e-08
2.335172553102893289e-07
6.206732905411627144e-07
3.201763774995924905e-06
2.968534715819259873e-07
2.725273043324705213e-05
5.699283519788878039e-06
6.403248789865756407e-06
4.526862085185712203e-07
6.957331493140372913e-07
1.331449311692267656e-06
2.459442157487501390e-06
1.494120056122483220e-06
1.933747162397025932e-09
2.725298145378474146e-06
2.248176826924463967e-07
3.342222044011577964e-06
3.120727569694281556e-07
1.187891939480323344e-06
7.310101409530034289e-06
3.012163915627752431e-06
2.566229966305400012e-07
1.023996901494683698e-06
8.884459816727030557e-07
2.498030085007485468e-07
1.785759540240405840e-09
7.134773483130629756e-08
1.030097109833150171e-06
1.533313991330942372e-07
5.134592129252268933e-08
3.370178376371768536e-07
7.941981721160118468e-07
3.074151209148112684e-07
1.896029431236456730e-07
7.457629513929475706e-10
9.577847777109127492e-07
1.947656755874049850e-06
2.453597062412882224e-06
0.000000000000000000e+00
5.914561143072205596e-07
1.099383073466242422e-08
0.000000000000000000e+00
0.000000000000000000e+00
6.525515914290735964e-07
7.047310646157711744e-07
1.606864117320583318e-07
2.057185071180356317e-07
0.000000000000000000e+00
7.949537028650865977e-09
0.000000000000000000e+00
7.859748052396753337e-08
3.198526201231288724e-06
1.489489953598877037e-08
9.460478054279519711e-07
1.477393851700981031e-08
0.000000000000000000e+00
0.000000000000000000e+00
4.639926842742170265e-08
8.804582840582497738e-09
2.366097760386765003e-06
2.186301095719045406e-08
3.938372117318067467e-08
1.429650620110578529e-08
1.399012461433812859e-09
7.544713298557326198e-09
4.691879951224109391e-08
3.636704377640853636e-07
0.000000000000000000e+00
0.000000000000000000e+00
3.299895752206793986e-07
1.439714196749264374e-07
0.000000000000000000e+00
2.202320104061072925e-09
0.000000000000000000e+00
9.659689936825088807e-09
9.034059189616527874e-08
4.099647981092857663e-07
3.289630123859410560e-09
0.000000000000000000e+00
3.096874934271909297e-08
4.561955790904903552e-07
1.085481149409872614e-09
8.825273312140780035e-07
2.946675792259156879e-09
0.000000000000000000e+00
8.656508398985351960e-09
0.000000000000000000e+00
0.000000000000000000e+00
4.999788916215663903e-10
1.463878795959772106e-09
0.000000000000000000e+00
0.000000000000000000e+00
0.000000000000000000e+00
8.542856200222104235e-09
1.433274263717976282e-07
0.000000000000000000e+00
0.000000000000000000e+00
1.335471324637182988e-06
3.095851184298226144e-07
8.654691896481381264e-07
0.000000000000000000e+00
0.000000000000000000e+00
0.000000000000000000e+00
0.000000000000000000e+00
1.075249755899676529e-08
1.122687365295860218e-07
0.000000000000000000e+00
7.879913610508992861e-09
4.258811713953036815e-06
1.063633376929828955e-07
8.636154014141084190e-10
0.000000000000000000e+00
4.768563144352810923e-07
2.505539598018913239e-08
6.444428635177246179e-08
9.901405064738355577e-07
4.146064611632027663e-07
2.096435537168872543e-06
0.000000000000000000e+00
2.046627287199953571e-06
2.287474529794053524e-07
4.978012839274015278e-06
1.487001632938245166e-08
4.178727763815004437e-08
0.000000000000000000e+00
1.061336888596997596e-06
1.573346679606402176e-07
1.412262463418301195e-06
2.131857996801045374e-07
5.702772341464878991e-06
1.299337895943608601e-06
4.796941084350692108e-07
6.961283247619576287e-07
9.016780100346011295e-10
2.031588110185111873e-06
1.805697635859360162e-08
2.150537284251186065e-06
5.453088078866130672e-07
3.520840863302510115e-08
1.556154813897592248e-07
1.156879875452432316e-06
3.493412123134476133e-06
8.089173064718124806e-08
1.164619689575374650e-07
1.820036743538366864e-08
6.232672689066021121e-08
1.119161311180505436e-06
1.873105361482885201e-06
2.211807696994583239e-07
0.000000000000000000e+00
0.000000000000000000e+00
2.747614358256100786e-10
6.052068179940306436e-09
4.339804490882670507e-06
0.000000000000000000e+00
3.514145873850793578e-06
0.000000000000000000e+00
2.728128549733810360e-07
1.290211230298154987e-06
7.094849707733885680e-11
0.000000000000000000e+00
1.094312338523195649e-07
1.118957637658013482e-08
0.000000000000000000e+00
8.474552259940537624e-08
0.000000000000000000e+00
0.000000000000000000e+00
0.000000000000000000e+00
8.732627065910492092e-07
0.000000000000000000e+00
0.000000000000000000e+00
2.040395763458491274e-08
0.000000000000000000e+00
1.930689279561192961e-07
2.894650151574751362e-06
4.791903318590584604e-09
4.335288110723922728e-07
0.000000000000000000e+00
0.000000000000000000e+00
2.855603531415340512e-09
0.000000000000000000e+00
1.813675964967842447e-07
0.000000000000000000e+00
0.000000000000000000e+00
0.000000000000000000e+00
2.934849590019439347e-07
1.239442212863650639e-06
4.210363613310619257e-09
0.000000000000000000e+00
0.000000000000000000e+00
0.000000000000000000e+00
2.125676417108479654e-07
0.000000000000000000e+00
3.275988147422026486e-09
4.335617642681199868e-09
2.480879857102991082e-07
6.148835218766635080e-09
0.000000000000000000e+00
0.000000000000000000e+00
3.617599020344641758e-07
1.683100769866996416e-08
1.147021477798659816e-09
0.000000000000000000e+00
0.000000000000000000e+00
3.059788533654739240e-10
0.000000000000000000e+00
3.904337297910842608e-09
1.557860862533289037e-08
2.029893948929384351e-06
0.000000000000000000e+00
9.053163552152909688e-09
2.405089638557456055e-08
7.537543069702223875e-07
7.351827235879682121e-08
0.000000000000000000e+00
0.000000000000000000e+00
3.465600029173288021e-09
0.000000000000000000e+00
0.000000000000000000e+00
7.603483176410463784e-09
2.433110921629122458e-07
0.000000000000000000e+00
9.682535164756700397e-07
0.000000000000000000e+00
3.560568018201593077e-08
1.855699260921994664e-09
7.345276387127341877e-09
4.577217538326294743e-08
8.887246139011040214e-08
1.168740368484577630e-06
1.032881186802114826e-06
1.276801420146966848e-08
3.369801770958247289e-09
1.795867632381487056e-08
8.331406675665675721e-09
8.687795371997708571e-09
3.208109333741049340e-08
1.595996792502774042e-07
3.158819197324191919e-07
8.847282018109581259e-09
5.211466600485437084e-07
2.721773398661753163e-06
2.756913772827829234e-07
1.876437863757018931e-06
7.999450645002070814e-06
0.000000000000000000e+00
4.131096853488003262e-11
1.242211311591745471e-07
1.252537007445653217e-08
1.956034566319431178e-06
0.000000000000000000e+00
1.814272110323145171e-08
9.473069439991377294e-07
1.038341768122563735e-08
3.339664829127286794e-07
1.298591012499628050e-08
2.349418437574968266e-09
4.598057401494770602e-08
1.448240425361291273e-07
2.280313111668874626e-07
7.020461907814024016e-06
3.804549564279113838e-09
4.328327349867322482e-07
9.487364991400681902e-07
4.389347996180958944e-09
2.507851526445392665e-08
3.443004548131511910e-09
7.065902973835136436e-09
3.646793700351480538e-10
3.199188114422213403e-08
1.272877625524415635e-07
0.000000000000000000e+00
3.808142778893852665e-08
2.979287216930970317e-07
0.000000000000000000e+00
7.387476741449461315e-10
0.000000000000000000e+00
8.352155411728290346e-09
8.273099183497834019e-08
1.824258674787415657e-06
3.178035967721370980e-07
4.943744302821073688e-10
9.919241392708499916e-07
5.477590434566081967e-07
0.000000000000000000e+00
3.143049411846732255e-07
0.000000000000000000e+00
1.261688620246559367e-08
3.146040983281750414e-09
3.330745812490931712e-07
0.000000000000000000e+00
2.485607410562806763e-06
4.783067311109334696e-07
0.000000000000000000e+00
1.457274549920839490e-07
3.358059830205206708e-09
0.000000000000000000e+00
1.212439428854850121e-06
0.000000000000000000e+00
1.611197980588841006e-10
1.680387562430496473e-08
7.870830209810719680e-09
0.000000000000000000e+00
5.298408467524495791e-08
4.033944378534215502e-08
7.377008870435020071e-08
1.792746928686028696e-08
4.214764715015917318e-08
3.535786063935120183e-08
0.000000000000000000e+00
1.223142920281361512e-09
1.179638609016819828e-09
2.369475726737846344e-09
1.984204800464794971e-06
4.794750338987796567e-07
7.720645456288366404e-09
1.133038495026994497e-06
0.000000000000000000e+00
0.000000000000000000e+00
2.103379728168874863e-07
1.039814900849478363e-08
0.000000000000000000e+00
4.422234383127943147e-07
5.316836677593528293e-07
0.000000000000000000e+00
8.796106953923299443e-09
3.491200686767115258e-06
0.000000000000000000e+00
0.000000000000000000e+00
0.000000000000000000e+00
1.578570589799710433e-07
6.755139558833889168e-09
2.753319516823893309e-10
5.222064487497846130e-07
7.178701252996688709e-06
1.430869533969314489e-09
0.000000000000000000e+00
2.524954645366506156e-08
0.000000000000000000e+00
0.000000000000000000e+00
1.988407944963910268e-07
2.886040295635439179e-09
0.000000000000000000e+00
0.000000000000000000e+00
5.026324956247663067e-08
0.000000000000000000e+00
6.389638542714237701e-07
3.227038902764434170e-08
5.979114536813767700e-09
6.545592512452458323e-09
0.000000000000000000e+00
1.998577374706655974e-07
0.000000000000000000e+00
1.132070526210782191e-08
3.603292331177954111e-09
8.248471772276388947e-07
4.309711343353228585e-08
7.983802561284392141e-07
5.480174092298284449e-09
5.495713217840147991e-09
4.778128115390245512e-09
1.718576925213710638e-08
1.808891703092285752e-08
2.386956111877225339e-06
1.082587246514776780e-07
3.309090246261803259e-08
1.638167490547459693e-09
0.000000000000000000e+00
1.903174364770165994e-07
8.495441079503507353e-07
2.445030077069532126e-06
2.675160430953837931e-07
3.747846921697828293e-09
6.012364828222871438e-09
1.154529982727581228e-08
2.396609261268167756e-06
8.879852089194173459e-07
0.000000000000000000e+00
4.955328222422394902e-06
0.000000000000000000e+00
1.923095460654167255e-08
1.464534079786972143e-06
0.000000000000000000e+00
3.355259403647892213e-09
3.387411595667799702e-08
9.258457112082396634e-08
5.758881016504346917e-08
1.076126295629364904e-06
1.209021593240322545e-05
5.023971239026536750e-10
2.947145389953220729e-07
3.900055673966562608e-07
1.071069899438725770e-08
1.574026782691362314e-06
6.830669576629588846e-07
2.908769003440170309e-09
2.916646091311037026e-11
5.299889416221503780e-09
3.927733160935531487e-08
1.436487462314062213e-08
5.304871208977601782e-09
5.764110522221699284e-09
0.000000000000000000e+00
1.145797568824491464e-06
1.097642776670681997e-08
1.633850388316204771e-09
9.741543038899180829e-08
5.167457288735022303e-07
3.488702077447669581e-06
5.715548354601196479e-07
4.545358756047335191e-09
1.332235569861950353e-06
0.000000000000000000e+00
9.239014886475160893e-09
2.100616569578050985e-08
3.225021828257013112e-06
4.712437018383752729e-08
0.000000000000000000e+00
1.051883828040445223e-06
1.542470506876725267e-08
7.414613811818071554e-09
0.000000000000000000e+00
0.000000000000000000e+00
1.045240249908374608e-08
1.336110670990819926e-07
5.992964347001361602e-09
0.000000000000000000e+00
5.315262119331976010e-11
0.000000000000000000e+00
6.581648790415783878e-07
5.708703199047704402e-08
1.172643848690313462e-07
0.000000000000000000e+00
9.698144367575878277e-07
2.296319792094436707e-07
9.681918378134923842e-09
7.272320523554753890e-09
0.000000000000000000e+00
0.000000000000000000e+00
3.409647604257770581e-07
0.000000000000000000e+00
7.790655445205629803e-07
0.000000000000000000e+00
1.669306357143796049e-06
5.500953914605588579e-09
3.018639205265571945e-08
1.336254301653738708e-10
1.391135100448082085e-07
2.342048111003691702e-09
9.068604533979396365e-09
0.000000000000000000e+00
2.105860801293601980e-07
0.000000000000000000e+00
8.093893555383147032e-09
2.728802961371457059e-09
5.554454318712487293e-08
1.931155679812945891e-08
1.435506574720690764e-10
0.000000000000000000e+00
5.827907045841129730e-09
6.856578949054892291e-08
5.370225930612093634e-10
5.125387669835390625e-09
4.745031922936959745e-09
8.809104201645823196e-08
4.205642500920703242e-09
1.960113493737480894e-08
2.619829686523189594e-09
0.000000000000000000e+00
9.058655159321915562e-09
7.099316690073464997e-09
3.296539219377336849e-08
5.574823447318522085e-08
7.196727835889760172e-08
0.000000000000000000e+00
2.825288092367372883e-08
8.890420758689288050e-06
0.000000000000000000e+00
3.756862043680087027e-10
0.000000000000000000e+00
0.000000000000000000e+00
4.138174247714232479e-09
2.005833366069964541e-08
0.000000000000000000e+00
5.206426845205669451e-09
0.000000000000000000e+00
0.000000000000000000e+00
1.236081015321133236e-08
0.000000000000000000e+00
2.064504300847147533e-08
2.092040496393110516e-08
0.000000000000000000e+00
1.270381855267288529e-10
3.773249943606060697e-07
2.410836287547457601e-11
0.000000000000000000e+00
6.359850885928608477e-06
2.968824144855553016e-11
0.000000000000000000e+00
2.247471911687171087e-06
1.064557686447642482e-08
6.110349772825429682e-07
1.058479970339476495e-10
8.049627631123712490e-09
0.000000000000000000e+00
6.671503349764407176e-10
0.000000000000000000e+00
0.000000000000000000e+00
0.000000000000000000e+00
0.000000000000000000e+00
0.000000000000000000e+00
0.000000000000000000e+00
0.000000000000000000e+00
3.622840694106344017e-09
0.000000000000000000e+00
0.000000000000000000e+00
7.214198571858787545e-09
6.419112708044849569e-08
1.865100740516822952e-09
0.000000000000000000e+00
8.342660784421696007e-09
0.000000000000000000e+00
1.343707145551320536e-09
6.666817853329121135e-08
6.933994711744162487e-09
1.048223225552646909e-06
1.602770822728416533e-07
4.190778923884863616e-08
1.108000219574023504e-06
2.786623554129619151e-08
3.005591109328520361e-09
9.493036827734613325e-07
1.771798110894451384e-06
1.957128681340236653e-08
8.423707242855016375e-08
3.579838221412501298e-06
3.133156099011102924e-07
1.103367885946227034e-08
8.939347253544838168e-07
1.214146283512462787e-10
0.000000000000000000e+00
1.863427087300806306e-06
9.629620763007551432e-07
1.917416780905512041e-10
4.034700964439252857e-07
3.152823335739185495e-09
1.461468279728705966e-08
2.006465216197739210e-09
8.027443527680588886e-07
1.109478716898593120e-06
4.547654253173050165e-09
3.913725095117115416e-07
2.464242854216536216e-08
6.033011867856430399e-09
1.521662966297299135e-06
5.981412982691836078e-07
3.020160761479928624e-07
0.000000000000000000e+00
1.202608457262499542e-09
0.000000000000000000e+00
6.030517596400386537e-08
3.457690809227642603e-07
1.033107022152535137e-08
6.540882395711378194e-07
8.888710212318073900e-09
7.002229907016044308e-10
1.715301436888694298e-06
5.025274731451645494e-06
7.288963956852967385e-07
1.489602574622495013e-08
4.235571893218548212e-09
3.717452443652291549e-07
0.000000000000000000e+00
0.000000000000000000e+00
4.794387677975464612e-07
8.279297247781869373e-09
8.984357702246370536e-10
1.123739394870426622e-07
2.914503749451569092e-09
2.004013310852315044e-08
6.360401094696044311e-09
0.000000000000000000e+00
1.703632435123836331e-08
7.225136755550920498e-08
4.602514707130467286e-07
1.699803298116364658e-09
1.314232775939672138e-07
5.855012030764328301e-09
4.157344246635830132e-09
0.000000000000000000e+00
0.000000000000000000e+00
1.805841094437710126e-07
1.142858394587165094e-07
9.425786817729431277e-10
0.000000000000000000e+00
5.165784244809401571e-08
9.880833928832544188e-09
4.184906856607994996e-07
8.704306253548566019e-08
7.633749632418584952e-09
2.253967013032820432e-09
9.876008988385365228e-08
2.773102210085198749e-07
0.000000000000000000e+00
8.716515509377131821e-08
1.492859524887535372e-08
0.000000000000000000e+00
1.793451720466521238e-09
1.113588794510178559e-07
2.128510701027153118e-08
4.244840243194936136e-11
2.420893565613368992e-07
2.035112744991351974e-09
2.384347794759378303e-07
2.868989668058929965e-06
1.211479028206952080e-09
6.042890845492365770e-07
0.000000000000000000e+00
3.279341243000999384e-09
1.271312083384046332e-10
2.053247385447320994e-07
7.437132687471148529e-09
3.222529798563300574e-08
7.610827523762964120e-10
8.596720135756186210e-08
1.751980249764528708e-08
0.000000000000000000e+00
0.000000000000000000e+00
1.218323518514807802e-06
3.188191044500854332e-09
2.763693203178263502e-07
9.287835778248876295e-11
2.982658386940784112e-08
7.920347115941694938e-07
0.000000000000000000e+00
0.000000000000000000e+00
2.116803399232480842e-09
0.000000000000000000e+00
0.000000000000000000e+00
1.432251295341302466e-08
2.898245643478958300e-09
1.274255851058114786e-06
9.232331166231233510e-08
2.484043193362595048e-07
2.622591921408456983e-09
1.375556557547952252e-09
1.558039173232828034e-07
2.369292539938783193e-09
7.960315961952346697e-09
5.851931716982505804e-10
2.905732969793461962e-07
0.000000000000000000e+00
0.000000000000000000e+00
3.299344797369485605e-08
1.061258014800614546e-08
1.334764210270122931e-08
1.219933665197459050e-08
6.020664855554969108e-09
5.699178906581892079e-09
2.272243282419594834e-09
6.836160793000090052e-08
3.481400767668674234e-08
1.224630885587885132e-08
2.811665638091653818e-07
1.327892640290428972e-08
6.059102020117279608e-08
2.469051629816476634e-09
1.127666404698857150e-08
3.222473310415807646e-08
0.000000000000000000e+00
2.424626188712863950e-08
1.052858280559121340e-07
2.013285005375564651e-08
8.258007255790289491e-08
4.197097425162610307e-08
5.568050710280658677e-06
1.382375325320595039e-09
2.339339744139579125e-06
1.418791555352072464e-07
2.228239850410318468e-07
1.016266804043652883e-08
0.000000000000000000e+00
1.346683653480340581e-08
1.286598831029550638e-06
9.045735716028957540e-09
2.876979987576078202e-09
5.640820859298401047e-07
5.829102533994046098e-08
0.000000000000000000e+00
9.146809532012412092e-09
1.780664860007163952e-08
2.258564563817344606e-06
1.566185801493702456e-06
0.000000000000000000e+00
3.233900827126490185e-07
1.587444486972344748e-08
2.136827532694951515e-07
5.900977839701226912e-07
5.680636050442444684e-08
3.353779050030425424e-07
2.196037574009324089e-09
9.253641906070697587e-07
7.420651826350876945e-08
1.042984862920093292e-07
1.391612840961897746e-06
3.569860629326626622e-09
1.037293912986569921e-07
2.348135730301237345e-08
5.041668487137940247e-07
2.374345697830904101e-08
0.000000000000000000e+00
6.042066846845273176e-09
8.889113445320617757e-08
5.018031856707239058e-07
3.127482273157511372e-08
1.560883902129717171e-07
0.000000000000000000e+00
4.026412341318064136e-07
9.091763786273077130e-09
0.000000000000000000e+00
7.324580053591489559e-09
6.605534175196936530e-11
0.000000000000000000e+00
8.742790669202804565e-08
2.667930232291837456e-08
8.282245111956854089e-09
3.241447998902913241e-08
2.631615991788294195e-08
8.339412005398116889e-08
2.440566504446906038e-08
3.621379862650542236e-10
3.031590007241541374e-13
3.099882794899144756e-09
4.724492441710026469e-08
3.989667263226692739e-08
1.179592334921153451e-08
1.509728662085763062e-07
0.000000000000000000e+00
2.388986564128003920e-09
6.725419865460935398e-08
3.088228694991812517e-08
0.000000000000000000e+00
1.295577931159641594e-06
1.327949945562068024e-07
1.818080797022503248e-08
2.589465308844296487e-09
7.044848757686850149e-07
7.487963138430586696e-09
4.690630106551907375e-09
2.501457707637655403e-09
2.299266332883576069e-09
0.000000000000000000e+00
3.787261615428860750e-10
4.039125997223891318e-06
1.343718736279697623e-06
1.412585532989396597e-07
0.000000000000000000e+00
5.975747008335474675e-09
1.725283804709931701e-09
1.184909503848530221e-09
6.568716059973667143e-08
8.773811543960619019e-08
3.391251368611847283e-08
0.000000000000000000e+00
0.000000000000000000e+00
2.115278334713366348e-07
0.000000000000000000e+00
0.000000000000000000e+00
8.050843880447189349e-10
2.642779918460291810e-06
1.450157583349209744e-06
0.000000000000000000e+00
6.172231792334059719e-07
3.308814999769538190e-09
0.000000000000000000e+00
4.597282554641424213e-07
0.000000000000000000e+00
0.000000000000000000e+00
0.000000000000000000e+00
2.023513800963883114e-09
0.000000000000000000e+00
0.000000000000000000e+00
2.432734014234938513e-09
8.329163279086060356e-07
2.011298420256935060e-06
9.075018283510871697e-07
5.465110142210960475e-09
0.000000000000000000e+00
0.000000000000000000e+00
0.000000000000000000e+00
6.323031431776371392e-09
7.260805290343341767e-10
0.000000000000000000e+00
7.012474489975772940e-10
0.000000000000000000e+00
7.617761532685562997e-09
0.000000000000000000e+00
4.010110465912930522e-09
2.667096543618185933e-09
0.000000000000000000e+00
1.201807764417139879e-09
0.000000000000000000e+00
7.128831414071612471e-10
6.205676417181393845e-09
2.193000003813949661e-09
6.151016407329734648e-08
3.182698993242638608e-09
6.619231385229795706e-08
2.006027344236827048e-08
6.049280045772320591e-07
7.606276497540420678e-09
1.005757521710393121e-08
2.748610405944873492e-08
3.224782219035660091e-08
4.304630238038953394e-06
9.184488725111350504e-09
2.000141607894079243e-09
1.577602233737707138e-06
6.105896659391873982e-07
1.324720555473390959e-09
0.000000000000000000e+00
3.711453899768457632e-08
5.939188554293650668e-07
1.224925995302328374e-06
1.077489955036980973e-07
2.577281975391088054e-06
9.555383151393925800e-09
4.694288236350985244e-06
2.688673816919617821e-07
4.507280770837951422e-09
0.000000000000000000e+00
3.816412572632543743e-06
1.392286549162236042e-06
1.032135372724951594e-07
2.452466674185416196e-09
2.359684003749862313e-08
3.551819105496178963e-08
0.000000000000000000e+00
3.414533011891762726e-08
6.241394601147476351e-08
4.115658924774834304e-09
1.763070223148588411e-08
0.000000000000000000e+00
1.139617467060816125e-08
2.974948756673256867e-06
0.000000000000000000e+00
2.620013717091751460e-08
3.846897413950500777e-07
9.404756973196981562e-10
3.974475475843064487e-06
0.000000000000000000e+00
0.000000000000000000e+00
1.090578322093804786e-10
6.257721896218981783e-09
7.956761916005916646e-10
2.549001898444203107e-08
5.835145344690317870e-08
1.381512571008158829e-09
5.522751393982616719e-07
7.079256736375327819e-09
0.000000000000000000e+00
7.648729649645247264e-09
5.478638809980340696e-12
8.465952987535274588e-07
0.000000000000000000e+00
8.037345899936099158e-09
0.000000000000000000e+00
7.683092384525025409e-09
0.000000000000000000e+00
0.000000000000000000e+00
4.399294262213970796e-10
6.472499869403236517e-09
2.514472363657205278e-08
0.000000000000000000e+00
0.000000000000000000e+00
3.987347785283645862e-09
0.000000000000000000e+00
1.297279705880782785e-08
6.282223186104829438e-09
1.007333505498309023e-08
5.189213538869807962e-07
1.944551186738863180e-09
8.281529062514891848e-07
5.006880687830062016e-09
4.557396238169530989e-08
5.174757689019315876e-08
2.534381167151877889e-07
2.525467612812803964e-09
0.000000000000000000e+00
2.271986154767091648e-08
3.815932014816780793e-09
1.754380463125926326e-07
0.000000000000000000e+00
5.197231871534313541e-07
8.715887567234403832e-09
0.000000000000000000e+00
7.496190890243781269e-10
6.061437574089723057e-09
1.116259173983280562e-08
9.593813388164562639e-08
2.775490670625657685e-10
1.189798126688401680e-07
1.663834070519953912e-10
2.430994527458096854e-06
7.684812771913129836e-06
0.000000000000000000e+00
1.335279331549088511e-09
8.785765892582730885e-09
4.054078461823706903e-10
6.869143476251338143e-08
2.463734460889099864e-08
0.000000000000000000e+00
0.000000000000000000e+00
0.000000000000000000e+00
0.000000000000000000e+00
0.000000000000000000e+00
3.257120795296941651e-09
0.000000000000000000e+00
0.000000000000000000e+00
0.000000000000000000e+00
0.000000000000000000e+00
0.000000000000000000e+00
4.757775506902817142e-09
1.346017057812787243e-07
7.508066346417763270e-08
1.534036528028082103e-06
1.926849790834239684e-08
2.264164411514002495e-09
0.000000000000000000e+00
0.000000000000000000e+00
5.233512734292844470e-09
1.432350586583197583e-06
4.743361703418713660e-09
0.000000000000000000e+00
0.000000000000000000e+00
0.000000000000000000e+00
0.000000000000000000e+00
0.000000000000000000e+00
7.256826251023085206e-10
0.000000000000000000e+00
2.545263333431080355e-09
4.061942102118187847e-11
3.687118578454828821e-06
4.083349722350249067e-06
1.640103830524708428e-09
5.257625801391441200e-08
1.048880982068567391e-09
3.298835427045787583e-09
6.259735130242916057e-08
2.705997701468731975e-07
1.360673884676089074e-08
3.180277303727052640e-07
5.929589974584814627e-07
1.155024278887140099e-06
4.162534317231347814e-09
4.051440782859572209e-07
4.890521321243568309e-10
2.121037994129437720e-07
4.055763440646842355e-07
8.167982734619272378e-09
4.080748396972921910e-07
1.223003920358678442e-07
5.478988640561510692e-08
2.384955450907000341e-06
4.085541718268359546e-07
2.971065100609848741e-07
2.985851551784435287e-06
4.217568516651226673e-07
1.007026284582934750e-08
3.011155058629810810e-08
6.735367605870123953e-07
1.433037510878421017e-07
2.579907176780693590e-09
1.436710661550932855e-08
5.160848193241918125e-09
9.597432892860524589e-08
9.991617844207212329e-08
9.253217285731807351e-07
2.984902778280229541e-07
1.291562853111827280e-06
2.244051074740127660e-06
4.966192346245179579e-09
3.144376981012442229e-09
4.422346137289423496e-06
8.194698608576800325e-08
0.000000000000000000e+00
8.885946840564429294e-07
4.371716499917965848e-07
1.000642100734694395e-06
1.425299501534027513e-06
8.125818240500848333e-09
5.062378818365687039e-07
1.589848181993147591e-07
0.000000000000000000e+00
9.212416607340401242e-09
0.000000000000000000e+00
0.000000000000000000e+00
4.521731966633524280e-08
8.254954053654728341e-09
1.627050551178399473e-06
3.422610816983251425e-08
0.000000000000000000e+00
0.000000000000000000e+00
6.902035352140956093e-07
1.074326902994471311e-07
7.575826077577119122e-11
4.126570019025166403e-08
3.593924802203218860e-08
2.385507684721233090e-07
0.000000000000000000e+00
0.000000000000000000e+00
5.558356406254461035e-07
8.692530286680266727e-07
0.000000000000000000e+00
8.439772045676363632e-07
0.000000000000000000e+00
0.000000000000000000e+00
1.001934265332238283e-06
5.121563390275696293e-06
6.790999407257913845e-08
4.669383102395840979e-08
4.764808636537054554e-08
0.000000000000000000e+00
2.443708568833358186e-09
6.641434424636827316e-07
0.000000000000000000e+00
0.000000000000000000e+00
1.116961723113263361e-08
4.593232816318959522e-08
5.012224857381397669e-09
0.000000000000000000e+00
6.717348011164858690e-09
4.498111252360104118e-07
4.643044064778223401e-07
0.000000000000000000e+00
1.311983022223017770e-10
5.278361072669213172e-07
1.522626575933827553e-07
5.657590804730716627e-07
2.615461980326472258e-08
2.480357474965444453e-09
1.480109101947846284e-08
1.005889682659244500e-08
0.000000000000000000e+00
2.128435738768530427e-08
0.000000000000000000e+00
2.311873913640738465e-06
3.740501142601715401e-06
7.474914909266772156e-09
0.000000000000000000e+00
0.000000000000000000e+00
0.000000000000000000e+00
0.000000000000000000e+00
7.905303789357276401e-08
0.000000000000000000e+00
7.714472189945809077e-07
0.000000000000000000e+00
3.271325113018974662e-07
1.082442691036078486e-09
8.446916055504516407e-09
0.000000000000000000e+00
8.288084801799655565e-11
0.000000000000000000e+00
3.924381175579583214e-08
6.178401434908664669e-08
7.189916717553757053e-11
5.337049024944917619e-09
2.915690744398347078e-10
6.241861427724870737e-08
2.252890425324949319e-07
0.000000000000000000e+00
1.362990786901718820e-07
7.636543064570844308e-10
2.245621744112469287e-10
0.000000000000000000e+00
8.016863839443999495e-10
3.351165389631205471e-07
0.000000000000000000e+00
1.968241347682919695e-09
0.000000000000000000e+00
2.264679416219550490e-11
5.336485919826827740e-09
1.516956729119556258e-07
1.726212772723556554e-08
8.812749641151640390e-09
2.458797098370268941e-06
2.025648910830568639e-07
1.664287374580908363e-08
8.776053306291942135e-08
8.131760154128642171e-09
1.700264647297444753e-06
2.248068085464183241e-06
6.682181474815251931e-10
7.757897435567429056e-09
1.255294819202390499e-06
7.165514261942007579e-07
8.790865422270144336e-07
1.836191927395702805e-06
7.801565615750405414e-09
4.648400775408845220e-08
3.170532352214650018e-07
1.991104454646119848e-07
3.748174322026898153e-07
7.649512134833003074e-09
5.092132937534188386e-07
0.000000000000000000e+00
9.445070077163109090e-07
2.105043428457520349e-08
7.864947292546276003e-06
5.781456202669232880e-09
2.752624794766234118e-08
2.291433020218391903e-06
8.203343782042793464e-09
5.776806119683897123e-06
3.969122630564925203e-08
7.104595312057426781e-08
5.777004616902559064e-07
2.787694768358051078e-07
8.159393161122352467e-08
0.000000000000000000e+00
3.268154102897824487e-07
9.027776570746937068e-08
7.914136013198458386e-09
1.721949161037628073e-07
6.363638060946641417e-09
4.601537817450207513e-09
1.504602664681442548e-07
1.572113461634216947e-07
5.398991476113224053e-09
9.297457381762797013e-08
5.387563533076900057e-07
7.120864609078125795e-08
1.395663275616243482e-06
4.165290778956887152e-09
4.008234369412555509e-11
0.000000000000000000e+00
1.024139439920190853e-09
0.000000000000000000e+00
1.603063992661191151e-07
1.005250105379218439e-08
2.666941156803659396e-07
3.363931355693239311e-09
0.000000000000000000e+00
5.019625177737907507e-07
1.042007582441328850e-07
1.260624660215370341e-10
0.000000000000000000e+00
4.522939889284316450e-08
4.133511241621867782e-11
4.635333539226849098e-07
0.000000000000000000e+00
1.303111275774426758e-06
1.014407530419703107e-06
1.535167086785804713e-07
1.269824451810563914e-06
3.660195924126696809e-09
1.244263074795526336e-07
1.580600184070135583e-07
0.000000000000000000e+00
4.802522823865729151e-10
0.000000000000000000e+00
1.449336317627114568e-09
1.254805965800187550e-07
3.283991247826634208e-07
1.318084574819522459e-08
1.090894841127010295e-08
0.000000000000000000e+00
0.000000000000000000e+00
0.000000000000000000e+00
0.000000000000000000e+00
0.000000000000000000e+00
0.000000000000000000e+00
0.000000000000000000e+00
2.403031329478722000e-09
7.172918259357174975e-08
0.000000000000000000e+00
0.000000000000000000e+00
0.000000000000000000e+00
3.961137338137632469e-07
9.582188376100475580e-09
3.834928463675169041e-08
4.573587730760664272e-09
0.000000000000000000e+00
3.672716886171656370e-08
2.367377227585620858e-08
8.803033857418540720e-09
0.000000000000000000e+00
3.229065903553873795e-09
1.323976661637971119e-08
0.000000000000000000e+00
9.287203783792108425e-10
5.892787768857488118e-08
1.559329554368105164e-08
8.422738950741859298e-09
6.497526072735126945e-09
3.861778119507164320e-10
7.818963609906859347e-08
4.300992451078400336e-09
1.246501994955906412e-07
0.000000000000000000e+00
0.000000000000000000e+00
1.018496220694942167e-08
0.000000000000000000e+00
1.775085476827739650e-13
9.053800908986886498e-08
8.321763544927307521e-08
2.122804403370537329e-07
3.960722949614137178e-08
2.967005343634809833e-07
9.809085810275064432e-08
4.107891804494556709e-09
9.598477390682091936e-08
3.406036341857543448e-08
9.148409958470438141e-07
1.118974637392966542e-07
1.212169031816756615e-08
7.691924874819733304e-10
0.000000000000000000e+00
1.358139911644684616e-07
1.553906940898741595e-06
1.349248236692801584e-06
1.223949510631427984e-07
1.137076299784212097e-08
4.462880497158039361e-06
7.961747883200587239e-08
1.701853165059219464e-07
1.380157186758879106e-06
1.701793735264800489e-06
2.150148645796434721e-07
1.173863282133424946e-07
3.770137624314884306e-08
1.894640178079498583e-08
0.000000000000000000e+00
4.652609391087025870e-07
3.554291936325171264e-07
6.385926010210596360e-09
1.662376547528765514e-07
2.435683210677552779e-09
1.811010452712480401e-09
0.000000000000000000e+00
5.859589236933970824e-06
5.690551918569042300e-10
3.084230648653374374e-09
0.000000000000000000e+00
1.875877586599017377e-07
3.185509633851779654e-10
2.483823458021561237e-08
2.366318874180706189e-08
3.231993339625205408e-09
6.772994165515910936e-09
3.543872253430890851e-06
3.424695860232418454e-09
2.466837756287532102e-08
9.762737285257117037e-10
4.667871280616964214e-07
3.426661621119819756e-08
2.078864582699679886e-07
3.484188937363796867e-09
8.836186005112267594e-09
1.291508944234465162e-08
5.175411388336215168e-07
2.363481854672500049e-07
1.024653215608850587e-06
1.229023069981849403e-07
0.000000000000000000e+00
1.375898506239536800e-07
0.000000000000000000e+00
2.530129847855278058e-07
1.450996212071231639e-08
0.000000000000000000e+00
5.197603680784368407e-09
9.868939443435920111e-09
0.000000000000000000e+00
3.680891609292302746e-07
5.946006353951815981e-09
0.000000000000000000e+00
4.077256576806576049e-08
2.551062694422512322e-10
5.961153703992749797e-08
3.614605645907431608e-07
6.065337121441416457e-09
4.666381503426464405e-09
5.409997925198695157e-07
5.392244983859484364e-10
4.901216099639782442e-10
4.407278595408570254e-07
2.339634797010603506e-08
3.928668057540107839e-09
5.571909600377011884e-10
0.000000000000000000e+00
1.659569420553452801e-06
4.779955728104190449e-13
1.021807527479268174e-08
4.201326646580127999e-07
5.486067156112994780e-09
1.111653791241451472e-08
7.605581942016215180e-08
3.067716818350163521e-07
2.114272064090982894e-07
0.000000000000000000e+00
0.000000000000000000e+00
1.038635630834505719e-07
4.433720945939967351e-09
4.379863582926191157e-09
9.046265958545518515e-09
2.051384839774073043e-08
1.064727328525805206e-07
1.665613780232888530e-08
9.170149972703711683e-09
4.119723939766117837e-07
0.000000000000000000e+00
0.000000000000000000e+00
5.822017867807005587e-10
1.881168554263012993e-09
1.028310876449722855e-07
5.595635954591671180e-09
1.750367073505287863e-09
1.352848130409256555e-06
7.986914241087106348e-09
0.000000000000000000e+00
4.248755125502157171e-09
2.080424792438861914e-06
9.048394531419035047e-07
0.000000000000000000e+00
0.000000000000000000e+00
4.230388128689810401e-07
3.290631767072227376e-09
0.000000000000000000e+00
7.926066913910290168e-09
6.014893028094547844e-09
0.000000000000000000e+00
0.000000000000000000e+00
8.052442268535742187e-09
0.000000000000000000e+00
2.297909560411426355e-07
0.000000000000000000e+00
0.000000000000000000e+00
8.714604038395634689e-10
0.000000000000000000e+00
0.000000000000000000e+00
0.000000000000000000e+00
5.248116941025671167e-10
0.000000000000000000e+00
0.000000000000000000e+00
3.497983058764475572e-08
0.000000000000000000e+00
0.000000000000000000e+00
0.000000000000000000e+00
0.000000000000000000e+00
5.184807694291748703e-09
0.000000000000000000e+00
8.624379432831119630e-09
1.915832399390637875e-06
3.835483486369639650e-09
1.432245767318818253e-06
5.043501423787621896e-13
1.042564505837617617e-07
6.489813699772639666e-07
1.334611141601271811e-07
1.887375233877719438e-08
1.354856049573527343e-08
6.315406864132455667e-08
3.615551591451549029e-08
2.677970067921364716e-09
1.365351636195555329e-07
1.996232867895741947e-07
5.710139028280991624e-09
1.483875848862226121e-07
0.000000000000000000e+00
1.109202951710130947e-09
6.456210854821620160e-08
3.984459340244939085e-07
4.507273221321383971e-09
1.474335431517204142e-09
1.513610641268314794e-06
3.539205408742418513e-07
5.528178803615446668e-07
0.000000000000000000e+00
2.883070351344940718e-07
3.965724459931152523e-08
8.041376809223010902e-13
8.966327236237248144e-09
5.656389703290187754e-07
2.805095107305533020e-07
1.058232115269674978e-07
7.516916866734391078e-07
2.808499566242517176e-08
2.449231095713599871e-10
3.734725737558619585e-07
6.795928708669407570e-09
2.602255563033395447e-06
6.466080115785644011e-09
6.967747481212427374e-07
1.085348130813734713e-10
2.409818193882529158e-07
7.941646451570250065e-09
2.801786802564265599e-09
6.113967856435920112e-07
1.101490738619759213e-07
5.118134254189499188e-07
9.380791965440948843e-08
6.616464531816745875e-08
2.134054710722921300e-09
8.291767272794459132e-09
0.000000000000000000e+00
3.063311382334177324e-08
1.397426530047596316e-07
4.805234610216757574e-08
1.399321689632415655e-07
1.213307343483904788e-09
0.000000000000000000e+00
2.427749905109521933e-06
5.830042368870635983e-07
0.000000000000000000e+00
2.750301852927350410e-08
5.383654411161842290e-07
3.763310871818248415e-07
0.000000000000000000e+00
5.632991850745838747e-09
1.080669598252370633e-08
0.000000000000000000e+00
6.013280540173582267e-08
8.125836004069242335e-09
2.557241707279445109e-08
5.056391416680128259e-10
1.019979094962764066e-06
1.196615784238019842e-07
8.653767480382157373e-08
1.260590520857363117e-09
0.000000000000000000e+00
3.045761104658595286e-06
2.018718969765131988e-09
9.904171233143799213e-12
4.867007685760427194e-09
4.928621955002654431e-09
5.698119753816399680e-10
1.120369120144459885e-06
9.316325488839538593e-09
5.217399916546128225e-07
4.153890529323689407e-07
3.744380308035033522e-07
6.643323331445571966e-07
1.068475263821255794e-08
1.560907847419912287e-08
7.229774610095773824e-07
1.278882848509965697e-07
2.045993952037861163e-08
3.565708395214528537e-09
5.531617262022336945e-07
1.616681117866392015e-07
1.743104688367580479e-10
0.000000000000000000e+00
2.471520303970464738e-07
1.645514231540801120e-07
2.516008512642997630e-09
0.000000000000000000e+00
0.000000000000000000e+00
6.478185810010472778e-07
8.479431379271318292e-09
4.422634133915970267e-11
0.000000000000000000e+00
0.000000000000000000e+00
1.453934334039175269e-10
1.025615464951556977e-12
0.000000000000000000e+00
0.000000000000000000e+00
1.969245744248837582e-07
0.000000000000000000e+00
0.000000000000000000e+00
3.050725538855658669e-08
4.028006728162836225e-08
1.153945845544512849e-06
3.206331911087545450e-08
3.545138627103483486e-09
1.222043465531896800e-06
0.000000000000000000e+00
9.982255022578101489e-09
0.000000000000000000e+00
0.000000000000000000e+00
1.491814893839205070e-09
1.337897681530364480e-09
3.068928888794175691e-09
5.109640710543317255e-07
0.000000000000000000e+00
0.000000000000000000e+00
5.427523319667670876e-09
0.000000000000000000e+00
0.000000000000000000e+00
1.255516912657128614e-09
0.000000000000000000e+00
1.520741865768115986e-09
0.000000000000000000e+00
0.000000000000000000e+00
0.000000000000000000e+00
1.939449248311575502e-06
8.095597081592131872e-08
5.434546324067923706e-07
1.439558250382333426e-08
8.817638175173669879e-09
8.871377410457625956e-09
3.311141583139942668e-09
1.612607469780868996e-08
3.724000308125141601e-08
1.139550764861496646e-08
0.000000000000000000e+00
4.408960307955567259e-07
0.000000000000000000e+00
2.736974806794023607e-07
4.054948377074651944e-09
6.667204388577374630e-07
1.754145557697484037e-07
1.354821144161633129e-08
1.902898702610400505e-06
1.066644461644727926e-08
8.482238911255990388e-09
1.721478270155785140e-06
1.642466850171331316e-05
1.634192159372105380e-07
2.655013631169822474e-08
3.847176230920013040e-07
0.000000000000000000e+00
3.271466084697749466e-06
0.000000000000000000e+00
2.560849225119454786e-06
3.101164622876240173e-07
2.012481445490266196e-06
7.279467695298080798e-07
3.348806956182670547e-07
9.599811612304165465e-09
4.372875821445632027e-07
3.624470279461888822e-09
1.237396940467760942e-08
1.530356144030520227e-07
3.809252291375742061e-07
2.274776988997473381e-08
1.334477246928145178e-06
5.632282196188498347e-09
9.241817338079272304e-07
1.259242878859367920e-07
3.782262183449347503e-07
1.403985407932850649e-07
5.102247158106365532e-08
3.025084893693019694e-08
0.000000000000000000e+00
0.000000000000000000e+00
1.882450106904798304e-08
7.869730325182899833e-07
2.581802505119412672e-07
6.527256068977749237e-09
1.056452814118813421e-09
1.280332071473821998e-06
4.276118374946236145e-07
6.602375091091516879e-09
2.902637106672045775e-06
8.363099368580151349e-08
0.000000000000000000e+00
3.275566129445905972e-08
1.878363953267125908e-08
0.000000000000000000e+00
0.000000000000000000e+00
7.158863724043840193e-09
4.062064906662499197e-09
1.953579840119346045e-07
0.000000000000000000e+00
3.413251192796451505e-08
0.000000000000000000e+00
3.948390414620916999e-08
3.221294093691540183e-07
1.075990667231963016e-06
0.000000000000000000e+00
5.841241659254592378e-07
0.000000000000000000e+00
1.162629928330716211e-06
1.448797304348659054e-09
7.889482844802842010e-09
2.800370824118658675e-09
4.215824134234935627e-09
1.167687013747809033e-08
1.698142426675985917e-07
1.238843907458431204e-07
0.000000000000000000e+00
9.584034899035032140e-09
8.459475786537495878e-09
1.316369775850034785e-06
0.000000000000000000e+00
2.892762438477802789e-07
1.069634780748174308e-08
1.521641923574179600e-09
0.000000000000000000e+00
1.410392069800536774e-08
1.065611400008492637e-06
0.000000000000000000e+00
2.779499894134396243e-11
0.000000000000000000e+00
1.036160934830832048e-09
3.562329320416779410e-09
0.000000000000000000e+00
5.508147751243086532e-07
1.666486504348085873e-08
2.260934763853583718e-07
8.505498527711097267e-09
1.903507040879048873e-08
0.000000000000000000e+00
5.758032273206481477e-09
8.036773913033812278e-09
0.000000000000000000e+00
0.000000000000000000e+00
6.748208762619167800e-13
4.219826710283314242e-09
8.661290351597017434e-09
3.387817315569918719e-08
1.955567370259814197e-07
1.311713901941402582e-07
5.532041669198406453e-08
1.571859939986097743e-07
9.889056240552918098e-10
6.877138414296268820e-09
4.340074077902045246e-09
1.026993103891982173e-07
5.380145662314816946e-09
7.598443403367127758e-07
6.644499617181054418e-09
1.272352619707817212e-06
0.000000000000000000e+00
2.594965053503983654e-06
2.707694761738821398e-07
6.181870162436098326e-07
1.862428291588003049e-07
1.334252459628260112e-07
7.696236536958167562e-09
2.008910541917430237e-06
2.201529412104719086e-07
2.105611827118991641e-07
0.000000000000000000e+00
8.362387120541825425e-07
8.121652399495360442e-07
2.322352865569143887e-10
3.229617732358747162e-06
8.697481916897231713e-07
1.078815614619088592e-07
6.701197463598873583e-08
1.668170739321794827e-07
2.010822015563462628e-07
1.776070917003380600e-06
8.573342036299891333e-09
7.407287228033965221e-08
1.208337074842802394e-08
6.144894655335519928e-07
4.253868812753580642e-09
8.779044158302440337e-09
3.291195014298864407e-07
7.278624281070733559e-08
3.403374876143061556e-06
1.582399590915883891e-06
1.894028400784009136e-08
1.557613948932612402e-08
1.449085296201246820e-10
4.019950665679061785e-06
2.263240759248219547e-07
3.713493242685217410e-06
3.220489759314659750e-07
2.682415924937231466e-07
2.125163822697118121e-09
3.443034468642025558e-10
1.982829678226494252e-09
6.273726427252768190e-08
2.063837882815278135e-07
3.249489211043510295e-08
3.017233893842785619e-07
3.618265225213690428e-07
4.772088502136284660e-08
6.166372656934981933e-08
4.423322508273486164e-08
0.000000000000000000e+00
0.000000000000000000e+00
7.682753100368699961e-09
0.000000000000000000e+00
2.732542687402476217e-14
3.349076678205165081e-07
2.625803574574092636e-07
3.438979234715588973e-08
2.572630592112545855e-06
1.422515172322391663e-08
2.115442931938105176e-09
1.690161965939296351e-08
1.928975734699633904e-06
4.965050592886655068e-08
4.696439148688114074e-08
5.756736753959046382e-10
3.935299019985905034e-08
6.340037117524843779e-08
0.000000000000000000e+00
0.000000000000000000e+00
0.000000000000000000e+00
0.000000000000000000e+00
5.957968340908337268e-09
0.000000000000000000e+00
3.048411301165288023e-09
1.698827105656164349e-07
0.000000000000000000e+00
8.967275810789487878e-09
2.046428804192146345e-09
6.271541792557400186e-07
9.738815087700913864e-09
0.000000000000000000e+00
0.000000000000000000e+00
2.016125044690397772e-08
1.229143708769697696e-05
1.519786110293352976e-06
9.314589100029024848e-10
1.301257952945888974e-06
1.023266182897941690e-08
0.000000000000000000e+00
3.497692432574694976e-06
7.928255740807799157e-08
7.546181279849406565e-08
9.085777463724298286e-09
5.439745986990374149e-09
1.125005755220342962e-09
1.759572398896125378e-08
3.298686124253435992e-07
3.594688635644160968e-08
7.252909028920839773e-08
9.157432145912025589e-08
2.018492466504540062e-07
2.229312201507127611e-07
1.248560010935761966e-07
2.654442710081639234e-08
4.848438095450546825e-09
0.000000000000000000e+00
1.024617688472062582e-07
6.233094929086746561e-09
1.486406858930422459e-06
1.041503150389644361e-08
1.860986742485692957e-08
4.702928322330990341e-07
7.780310617988561717e-09
1.989553084058570676e-06
5.910030687061862409e-09
1.686415913582095527e-07
1.691708817475046089e-08
1.407992499480315018e-06
7.500293577322736382e-07
2.840177870666593662e-08
3.393683130070712650e-07
1.634817010653932812e-07
4.292083701784576988e-07
4.888506737188436091e-07
1.026155072025858317e-08
7.893496558608603664e-07
2.821837208344391001e-09
1.916997121043095831e-07
2.762842541415011510e-06
4.565923177324293647e-07
6.149398501520408900e-08
1.094601209672418918e-08
1.568084115888268570e-07
2.836213468526693759e-07
1.001786529286619043e-07
5.242457579157644432e-09
1.939037019837996922e-08
1.007816052833732101e-09
0.000000000000000000e+00
1.044674263539491221e-06
2.782147134894330520e-08
3.106860049228998832e-07
1.677377570175053734e-09
3.150565675014149747e-08
1.081205880382185569e-08
3.894060398579313187e-07
4.541830378457234474e-07
0.000000000000000000e+00
1.492837071737085353e-07
5.183494966587431918e-09
1.430573917104993598e-07
0.000000000000000000e+00
0.000000000000000000e+00
0.000000000000000000e+00
0.000000000000000000e+00
1.619240606487437617e-06
1.498571009506122209e-06
9.849180969467852265e-06
4.577544732153882023e-10
8.997917575470637530e-07
6.968595300804736326e-08
9.881014895185558089e-10
0.000000000000000000e+00
0.000000000000000000e+00
1.248622311322833411e-06
0.000000000000000000e+00
1.418290139554301277e-06
4.047718249466925045e-08
0.000000000000000000e+00
8.686980579319936169e-10
5.277431380790176263e-09
1.305796448747287286e-08
1.669118887548393104e-08
1.191001519629253380e-09
1.727715016386355273e-06
2.487240635673515499e-09
8.247297067498493561e-09
2.881023597467446962e-08
0.000000000000000000e+00
5.640239351123454981e-07
1.413437544783846533e-08
9.841019164014142007e-07
4.205817027980174316e-09
4.831614575095954933e-08
1.358829280206919066e-07
9.461404104627035849e-09
3.931376340915448964e-06
4.592055180552279126e-09
0.000000000000000000e+00
9.631771291651602951e-08
5.807207603680808461e-09
3.297318926342995837e-06
2.021329770229840506e-09
3.510038482090749312e-08
0.000000000000000000e+00
1.180806350475904765e-07
8.641767976769187953e-07
6.442493827307771426e-08
7.372958776841187500e-08
0.000000000000000000e+00
2.521346971207094612e-07
5.407159164860786404e-09
1.365547177556436509e-07
2.798221210298379447e-09
2.920649055937474259e-09
1.538635885367511946e-09
0.000000000000000000e+00
8.675299589810947509e-09
3.421580174745031400e-08
3.278187277189203996e-09
0.000000000000000000e+00
0.000000000000000000e+00
2.573516288961741338e-09
2.026824404310900718e-06
2.833566437043799624e-10
1.994192011522954999e-08
1.267948874783542124e-07
0.000000000000000000e+00
1.233729449268139433e-06
7.761641285242149024e-08
2.999904102907180459e-09
0.000000000000000000e+00
1.797985205165275602e-09
0.000000000000000000e+00
2.163978551905643144e-09
0.000000000000000000e+00
4.832885758254690245e-10
0.000000000000000000e+00
0.000000000000000000e+00
0.000000000000000000e+00
8.699329590022841785e-10
4.979704499419312924e-06
3.597864450810561721e-09
1.031259344586032967e-07
8.370606678909098264e-07
1.482280111986256088e-07
2.202252289862371981e-06
8.441143677373474929e-07
8.810345093479554635e-07
1.458599854231579229e-07
9.988535794036579318e-07
1.573242684571596328e-06
8.726027544980752282e-07
1.206258389174763579e-06
3.685197782488103257e-07
6.141754056443460286e-07
2.331094464125271770e-07
1.691322921715254779e-07
4.449462721822783351e-06
5.325617848939145915e-07
8.575294430102076149e-08
8.868940426509652752e-07
9.780170273643307155e-08
2.161756107454948506e-08
2.719264386996655958e-07
9.946047612174879760e-07
2.896643422900524456e-07
3.661417480316231376e-08
2.379337900038080988e-07
2.240325436275725224e-08
9.638219466978625860e-08
5.100782232148048934e-07
3.282961813511064975e-07
9.194090466735360678e-07
5.703910677112844496e-10
1.046694592332642060e-06
4.021987365376844537e-07
4.907650730245904924e-09
2.251756086479872465e-06
8.525554221705533564e-06
1.758938950047195249e-08
5.734547130487044342e-07
2.841571600242787099e-08
0.000000000000000000e+00
4.012340184544882504e-07
0.000000000000000000e+00
7.700040214331238531e-07
0.000000000000000000e+00
1.556870188323955517e-06
4.198192868898331653e-07
1.256229076318504667e-08
8.938189921536832117e-07
8.600044765216807718e-08
9.789500410306573031e-08
2.148240128008183092e-07
2.800952136894352407e-09
3.860285957557607617e-08
6.575920252771538799e-08
2.655420949793096952e-08
2.058464865228870622e-08
9.119588972872350041e-10
0.000000000000000000e+00
0.000000000000000000e+00
5.807953584735514596e-07
1.898891177631867322e-08
3.434648476741131162e-07
4.308882139980596548e-09
0.000000000000000000e+00
0.000000000000000000e+00
7.359884257596149837e-09
3.387504648344474845e-06
6.448629186195375951e-09
0.000000000000000000e+00
3.485313072815188207e-06
5.031377092734601320e-09
6.737352897800974461e-09
4.824785015955512790e-09
0.000000000000000000e+00
0.000000000000000000e+00
7.873548213410686003e-08
9.627463271044689463e-09
0.000000000000000000e+00
1.665407722839518101e-07
0.000000000000000000e+00
7.255986034238048887e-09
6.682674413838185501e-10
0.000000000000000000e+00
0.000000000000000000e+00
2.149181987931569893e-08
6.918585704340785014e-09
1.538682514734546203e-09
2.376794594471931532e-10
1.216273943782653078e-07
1.573712826719031455e-10
1.582787589882173052e-08
0.000000000000000000e+00
1.406166632023087004e-07
0.000000000000000000e+00
2.374883791844695224e-07
1.738535502227023244e-07
6.840786270778664857e-10
2.669368726060383779e-08
8.796170014591098152e-09
6.671137953162542544e-08
1.504637836546862673e-08
2.769195184271211474e-08
3.582621532771668171e-09
6.639676826125651132e-07
0.000000000000000000e+00
6.983951266192889307e-07
1.877421690332781168e-10
6.634163357555067364e-11
6.995957733124669176e-07
2.209374088124604896e-07
0.000000000000000000e+00
1.345683120490548390e-09
7.879483732153858000e-09
7.671286939014976269e-10
2.326855508272274164e-08
3.202086872988729738e-06
3.323244186503870878e-07
6.569803367995064036e-09
1.356175630462530535e-06
2.203255604626974673e-07
6.135379067018220667e-07
6.037819844095793087e-07
6.810404101997846738e-06
8.390651373701984994e-07
0.000000000000000000e+00
5.989449618937214836e-06
4.026662892009369443e-10
2.845577995458370424e-08
8.720101085657461226e-09
7.058827122818911448e-07
1.073439150900412642e-07
1.879876236898780917e-07
1.060886560821927560e-07
1.526009651975357428e-09
8.798910471341514494e-07
1.000646498994228750e-08
1.078053379899301945e-08
4.275919618379475651e-09
2.638351759287616005e-07
2.766703346424037591e-07
2.317506719862194586e-08
1.959985638677608222e-05
2.182172637033019669e-10
9.788019497136701830e-07
5.083931498006677430e-08
5.225481158888101163e-11
1.641538176500034751e-07
3.808260089499526657e-07
8.949738372621141025e-08
2.682609512305589305e-08
0.000000000000000000e+00
1.580393482747410872e-09
5.661574334347996285e-11
3.516968263284070417e-07
4.122640007153677288e-07
1.120924707720405422e-06
5.172439045963983517e-07
1.563589709097090719e-11
8.923048078202100442e-09
4.625367644450761873e-09
0.000000000000000000e+00
8.171620038410765119e-07
6.891851533907811245e-09
6.457993606545642251e-08
2.131753717549145222e-06
3.230269385312567465e-08
6.488130921411539020e-09
2.658060111571103334e-06
0.000000000000000000e+00
4.509943529740212398e-09
6.078636261008796282e-08
1.144777428407905973e-07
9.974155545933172107e-07
4.572420052176631722e-14
0.000000000000000000e+00
2.013865518790680653e-09
7.896092807380128420e-11
3.221601332370482851e-07
0.000000000000000000e+00
9.952841395488576381e-08
3.032256188362225657e-07
9.357167485291029152e-09
2.063718262945712922e-08
7.286563796782274949e-09
5.038687959313392639e-06
1.130025793827371672e-06
2.659542863714392524e-10
1.364231962952544563e-07
8.823612951402992621e-09
1.662201185581579921e-07
1.465943114453693852e-06
1.503454996054642834e-06
1.942685301514757157e-08
4.482714757614303380e-06
1.589888540820538765e-07
2.428244556540448684e-07
4.471913950254702286e-09
1.735847263262257911e-06
1.410181638128449322e-09
1.769699679243785795e-06
1.380476390977491974e-07
7.184352557310091925e-10
4.004368463483842788e-07
5.431390377452771645e-07
0.000000000000000000e+00
4.898879080172946487e-09
2.126523401813074088e-10
3.830955275230252255e-10
1.420655060258013691e-08
2.042741243712953292e-06
4.577492607182875872e-09
3.837016393504200096e-08
8.126239237071786192e-08
4.889741736513464332e-11
7.386929610220249742e-07
4.103009487721465121e-09
1.525522641543375357e-08
7.117141365142742870e-08
4.919379392731570988e-08
3.672694504075479927e-07
8.714466162018652540e-07
6.924674949004838709e-07
3.120700000636134064e-07
5.531795750357559882e-07
9.285824376092932653e-08
1.469352195471174127e-08
0.000000000000000000e+00
2.497388740252404205e-09
0.000000000000000000e+00
3.094520195645600324e-07
1.366267525781950098e-07
7.970545539137674496e-07
2.340005877954354219e-08
3.521006135542847915e-07
5.130085267181228037e-13
2.984614013712416636e-07
4.711781897981381917e-08
0.000000000000000000e+00
0.000000000000000000e+00
6.259334023317464357e-11
1.294363016768329544e-08
1.502831609156984882e-10
0.000000000000000000e+00
7.113644340250857567e-09
3.304418783045548480e-08
0.000000000000000000e+00
1.206471551995491609e-06
2.625519846333190799e-05
1.421000384027593100e-08
3.418909955144044943e-08
0.000000000000000000e+00
1.036376261254190467e-06
0.000000000000000000e+00
3.444819753894989844e-07
0.000000000000000000e+00
3.316361851801730154e-09
1.416603026882512495e-06
0.000000000000000000e+00
5.687163628920188785e-09
2.565569047874305397e-06
4.706192768821892969e-09
9.004800176626304165e-07
4.569873226500931196e-07
3.567793100955896080e-07
5.345186515626210166e-10
0.000000000000000000e+00
1.587715292572511316e-09
7.120505962632250885e-09
9.442864268294215435e-10
9.592947947112406837e-08
7.267717592185363173e-07
2.790893294246643563e-09
3.435306439314445015e-07
4.406972777815099107e-07
3.593084159092541086e-07
1.275513750442769378e-05
3.092209155397540599e-09
2.914330288206201658e-08
2.092389422614360228e-06
0.000000000000000000e+00
6.989784306909996303e-09
1.759473917672949028e-07
4.308435563871171325e-06
1.547932697576470673e-07
6.087815336286439560e-07
2.712724551656719996e-07
4.070430804858915508e-06
3.270047841397172306e-07
9.166994345832790714e-07
5.755754500569310039e-06
8.262925803137477487e-06
6.600367896680836566e-07
1.752964884360608266e-08
0.000000000000000000e+00
1.783211473593837582e-06
1.744830569805344567e-06
7.291745163229279569e-08
1.409303784782878211e-08
2.468133004640549188e-07
5.452326590216216573e-09
5.589435545516607817e-07
1.016445168033897062e-07
1.985970129680936225e-06
4.282679583411663771e-06
4.896874727933209215e-08
1.320725999676142237e-07
4.122151509022842220e-10
3.703447930547554279e-07
1.757113494704753975e-07
5.883683762419877894e-09
3.364528140537004219e-07
1.487084327206344980e-12
6.816809339227347664e-10
6.393831686324347174e-09
3.288647576482617296e-07
1.021390403366240207e-07
4.880866981693543494e-07
9.076805440599855501e-07
0.000000000000000000e+00
1.083560277947981376e-06
2.531299969632527791e-07
3.827312866633292288e-07
2.471700781825347804e-06
2.295602570256960462e-07
1.429527571872313274e-07
1.558977373861125670e-06
6.472675728730337141e-09
1.968993718071132548e-10
3.891981847914394166e-09
1.728619025698208134e-07
0.000000000000000000e+00
4.462778520064603072e-07
0.000000000000000000e+00
3.990961516819879762e-08
0.000000000000000000e+00
5.148899084872482490e-09
1.513366925109949079e-07
9.350756613457633648e-09
6.972258881354775895e-10
1.234490110135766372e-08
3.988886021488724509e-07
2.245821804081060691e-07
7.565766763084624813e-11
1.517438136033888441e-06
9.662741149440989830e-07
3.910687240704646683e-08
9.133739098388105049e-08
0.000000000000000000e+00
0.000000000000000000e+00
2.676728616535228866e-09
0.000000000000000000e+00
4.156558708334756602e-10
0.000000000000000000e+00
1.067281800715136342e-06
1.710275370214731083e-07
2.331543846878503246e-08
0.000000000000000000e+00
2.891192008025456062e-10
7.466539955203188583e-07
0.000000000000000000e+00
5.085475152100116247e-09
0.000000000000000000e+00
2.244258556771683288e-09
5.040875272754874459e-09
1.339533355348976329e-07
3.881841692532361776e-08
1.170767371938552515e-09
0.000000000000000000e+00
2.963609269102107646e-08
2.348938778595766053e-06
8.328094658338613954e-09
2.913587981989707032e-10
5.654407075894596346e-08
2.065590198885303153e-10
7.603894403018784942e-09
2.618645522645124402e-09
3.508774170768447220e-06
6.209730063488905216e-09
8.355359071288148698e-09
0.000000000000000000e+00
0.000000000000000000e+00
9.840703363295233430e-09
7.211237971205264330e-07
1.065703436609055643e-08
1.004296336759580299e-06
8.560436413063143846e-07
5.238675839791540056e-07
5.743113540290778474e-09
1.360843793207777708e-08
2.685910658328793943e-07
6.842925017735979054e-07
7.466131535238673678e-08
8.541483076385247841e-09
2.804372911668906454e-07
2.627740158800406789e-08
1.400404840978808352e-07
2.673728545232734177e-07
1.208822368425899185e-06
5.154748627944627515e-09
6.597201007707553799e-08
2.734162762862979434e-06
5.273960255181009416e-07
6.132011520776359248e-08
5.916080567658354994e-07
1.264884303964208812e-07
2.157625431209453382e-06
4.821090193729560269e-09
1.402723000865080394e-06
5.334803154788403390e-10
6.382945230143377557e-07
4.498402483843477739e-10
0.000000000000000000e+00
6.352963737299432978e-07
3.016116920662170742e-07
3.476023380244441796e-07
4.474100645524003994e-09
9.496056208035952295e-08
2.165569185308413580e-06
1.055252152326602300e-08
3.399149591132299975e-06
3.014441318782701273e-08
1.383538915433746297e-06
6.371827954154696272e-09
2.448217855999246240e-06
2.545833055478397000e-08
6.175903877192467917e-07
2.926441844408600446e-08
3.588442964996829687e-08
3.691440209063756583e-10
0.000000000000000000e+00
1.043541260514757596e-06
3.882151489165153180e-08
3.083847786911064759e-06
6.281247522110788850e-09
1.544648853268881794e-09
3.502373431274463655e-07
6.896463844441313995e-09
8.940471474261357798e-09
4.071217517775949091e-06
4.358573502116769305e-09
0.000000000000000000e+00
4.328591529656478087e-08
6.875934044359155450e-09
0.000000000000000000e+00
4.041642398533440428e-08
7.551576004516391549e-07
5.082127430000582535e-08
1.736858989964673583e-09
3.582229846088580416e-09
3.349859127865784103e-07
9.694019098560602288e-08
8.827984743220440578e-08
2.315207048297907022e-08
5.041801287575253809e-08
1.210034611176524777e-06
6.751842818175646244e-08
8.908631166093528009e-09
9.999672201388420945e-09
1.587507014733091637e-08
4.947531100085722500e-12
1.826238005264713138e-08
1.831924265616180492e-07
2.315595963864325313e-07
0.000000000000000000e+00
9.650248102843761444e-07
8.993748856767069810e-09
1.391218376056713169e-07
0.000000000000000000e+00
0.000000000000000000e+00
1.947190741979909490e-10
5.152591131540873448e-10
1.423568485314774534e-09
1.910239234348409809e-06
7.081000035213946830e-07
1.766966573057970891e-10
2.976580759650460095e-09
0.000000000000000000e+00
0.000000000000000000e+00
0.000000000000000000e+00
1.956018635951295437e-08
5.645329537173893186e-08
0.000000000000000000e+00
1.484760425718434362e-09
2.978078200710498891e-11
1.199935650220140815e-05
4.736058212273519530e-10
7.433284281432861462e-07
1.614072964173374203e-08
9.352490337732888293e-07
1.588030262844597473e-09
6.288234288831517915e-08
0.000000000000000000e+00
0.000000000000000000e+00
5.842137085210197256e-08
0.000000000000000000e+00
0.000000000000000000e+00
0.000000000000000000e+00
8.778666682474067784e-11
2.291269218801517127e-08
1.348009732282662299e-06
5.148851300873502623e-07
9.143556134461050533e-09
9.536720995129144285e-07
1.215760221384698525e-06
4.659098976844688877e-06
1.049477802439469087e-07
1.388034860383413616e-07
7.416741709675989114e-07
0.000000000000000000e+00
1.490564500272739679e-06
1.212821487683868327e-08
8.961992953304687148e-11
0.000000000000000000e+00
1.521655157432633132e-08
3.297809314517508028e-08
1.114576235750064370e-07
1.253601400463821847e-08
7.632976917193445843e-07
1.012163330926796334e-08
5.081107978810450732e-09
1.082869744095660280e-06
2.225212227813244681e-07
1.863323007000872167e-08
1.180433400804759003e-06
9.379468757231279596e-09
2.699873924427720340e-08
3.103159396111720980e-11
2.172704824943139101e-07
0.000000000000000000e+00
1.976523122948492528e-08
6.776465255597940995e-08
9.808821914703003131e-07
2.177423965576963383e-07
4.292645598980016075e-07
1.092899371002431508e-08
2.132070353599857526e-10
5.034704386730481929e-08
2.875806437430128426e-08
0.000000000000000000e+00
9.116490673477528617e-08
4.817294119163761934e-09
0.000000000000000000e+00
8.939724516210389993e-09
9.675993339897104306e-09
5.163229275240155403e-07
6.213114289721488603e-08
1.042134467610367210e-08
0.000000000000000000e+00
9.274927492697315756e-09
1.772179203385348956e-08
0.000000000000000000e+00
0.000000000000000000e+00
6.273285890756596928e-09
0.000000000000000000e+00
0.000000000000000000e+00
4.927760983264306560e-06
0.000000000000000000e+00
2.048163949552872509e-08
2.268745447508990765e-06
1.828803277703627828e-07
6.205960745298000347e-10
0.000000000000000000e+00
7.653825946363213006e-07
0.000000000000000000e+00
4.042410850502164976e-09
0.000000000000000000e+00
3.143715730402618647e-06
0.000000000000000000e+00
2.665875399543438107e-06
7.715279970454957947e-09
7.486936404177413351e-09
8.459472269350953866e-07
2.411392419077174054e-09
8.832333975306028151e-08
8.887236724319791392e-09
1.821443760263719014e-07
2.496712281363500097e-10
0.000000000000000000e+00
0.000000000000000000e+00
9.026171454706855002e-08
2.495994067430729046e-06
1.044547914830218360e-08
5.937624281138198512e-10
7.079463415493592038e-08
1.275484273755012055e-09
2.279520572301407810e-07
4.561713467410299927e-06
1.733768613121355884e-06
4.416829924025478249e-08
8.217124047860124847e-08
9.366958764189803333e-09
2.773549567791633308e-07
8.750757451991830749e-09
9.125913891239179065e-08
3.681330129623461289e-09
1.422280035967560252e-07
1.034879915096098557e-08
1.126954600749741076e-07
2.366269402642728892e-09
2.103649698881326913e-08
3.168642459527859501e-09
7.785890687728169723e-08
3.514841637297649868e-06
0.000000000000000000e+00
2.796890541389984719e-08
5.626580446005391423e-07
6.170365107749375966e-09
6.112667279012384824e-07
2.655013986441190355e-06
0.000000000000000000e+00
4.059360492192354286e-07
2.810511645634505840e-08
6.480256775631687560e-09
5.779270395578350872e-07
5.494729293786804192e-07
5.299274263848019473e-08
1.034852381565087853e-08
4.628898864211805630e-08
4.800039477004247601e-09
1.777544156311705592e-07
9.572435205607021658e-11
1.252738801582609085e-09
5.617700793436597451e-08
2.614209222429053625e-07
1.764962953565429871e-09
4.385976859477835887e-10
0.000000000000000000e+00
2.259450226915760140e-08
1.073479616309214180e-08
0.000000000000000000e+00
7.381604660849916399e-09
0.000000000000000000e+00
1.414239125807625896e-08
2.667806313638720894e-07
1.314708480970594451e-10
9.968672998184047174e-09
4.562791033890789549e-09
3.146447795643325662e-07
1.632604451629049436e-08
3.986755530149821425e-07
4.656820262738392557e-09
1.702410479254012898e-08
8.718745725388998835e-09
4.401970343792527274e-09
2.383949464501711191e-07
1.510228315737549565e-07
3.066411480290298641e-08
8.976027032758793212e-09
0.000000000000000000e+00
1.999368004490520434e-09
6.986221601223974176e-10
0.000000000000000000e+00
1.228133470476677758e-07
0.000000000000000000e+00
1.360052806376188528e-06
6.184327272507061934e-09
9.388471333693360066e-09
0.000000000000000000e+00
2.494716682122088969e-06
0.000000000000000000e+00
6.726823471581155900e-07
0.000000000000000000e+00
3.353553523766095168e-08
3.902441747527518601e-08
2.284691724696585879e-08
3.097662215623131488e-08
7.188785389189433772e-08
1.149876766248780768e-06
1.547116994515818078e-06
1.794631998564000241e-09
1.569731011841213331e-09
1.574115344737947453e-07
0.000000000000000000e+00
0.000000000000000000e+00
2.926259590196877980e-08
4.072851993441872764e-07
1.269793159508481040e-08
1.014587667214073008e-07
1.086628842461578870e-10
0.000000000000000000e+00
9.506847531426387832e-10
5.014849424611611539e-09
9.089903052483805368e-09
2.417817484001716366e-07
2.985927616272476826e-10
6.918457273741296376e-08
3.651611679700295099e-09
0.000000000000000000e+00
1.959796058770280069e-08
8.014144903256692487e-10
1.286611450268537737e-06
3.373152202001961086e-09
4.541088287624006625e-07
1.268199838477812591e-07
0.000000000000000000e+00
5.270912595278787194e-10
6.006861230645199612e-09
1.013531272797685290e-10
6.235910898766405808e-09
3.334036158264552796e-09
3.299682020951877348e-07
0.000000000000000000e+00
5.062084973417313449e-09
1.160784677267656662e-07
2.373565592961313087e-07
7.951050484678034991e-09
8.156396233971463516e-07
1.209934463730633070e-08
4.291868904715556710e-08
4.185561124359082896e-07
4.294597744092243374e-08
1.057876062304785592e-07
6.948022018837818337e-11
3.903895817725100414e-10
4.795364816345681902e-08
1.092874235553153994e-09
3.412189997220593796e-08
3.272537574261491500e-09
3.198802005499601364e-07
1.396675884279829916e-06
5.747751856688410044e-07
1.942808012245222926e-07
3.426439221243526845e-08
8.779732638686255086e-07
1.610998090484372369e-08
3.977548601596936351e-07
1.881183386842621985e-08
3.900617002727813087e-07
5.374521379053476267e-07
9.106508969125570729e-07
6.908560408191988245e-07
9.427659506400232203e-07
2.444724600536574144e-07
6.825072773608553689e-08
6.856402112731529996e-09
6.077942771298694424e-07
1.229118709034082713e-07
3.604330345297057647e-07
6.803681458222854417e-07
2.663572695738025686e-09
0.000000000000000000e+00
1.649569867367972620e-07
1.563367959533934481e-06
7.286806713580062933e-09
1.186761178217921042e-08
1.850268827041645636e-10
3.528905878624755132e-08
6.407900343674555188e-08
1.646477358008269221e-06
1.049723650226042082e-07
3.255673064472830447e-08
5.302520644789865401e-09
0.000000000000000000e+00
1.347184763744735392e-07
5.002974603485199623e-07
5.998442187404862125e-09
9.549545154641236877e-08
1.334585419954237295e-08
8.782213001268246444e-08
0.000000000000000000e+00
2.407932697678916156e-06
4.496885139815276489e-06
0.000000000000000000e+00
1.829785958307184046e-07
2.999241530687868362e-07
8.342575519293404795e-09
7.081475672521264642e-08
7.975771154633548576e-09
6.468017090810462832e-07
0.000000000000000000e+00
5.039969437348190695e-07
3.771457812717926572e-09
2.345869773989761597e-07
0.000000000000000000e+00
2.636840745751101167e-09
3.875626042315616360e-09
2.408275463494646829e-07
7.268444733199430630e-06
0.000000000000000000e+00
0.000000000000000000e+00
0.000000000000000000e+00
0.000000000000000000e+00
1.254993531318859823e-08
7.020450425443414133e-07
2.110559726986593887e-08
8.313166290463414043e-06
1.756192702373482462e-08
9.347234986023522652e-09
2.984077696055464912e-07
0.000000000000000000e+00
2.909288809860299807e-09
8.237654114395809302e-09
0.000000000000000000e+00
3.692828709489504035e-09
0.000000000000000000e+00
1.373388158754096366e-06
6.103756389208569999e-11
2.780412167169288296e-08
3.265542147801170358e-08
0.000000000000000000e+00
4.297676525766291888e-07
1.044247355252991838e-07
0.000000000000000000e+00
5.095874389127175164e-09
0.000000000000000000e+00
1.132037658058138163e-10
1.791246262428103364e-09
1.754371925510866959e-10
7.365574816731168539e-10
9.816555568420426425e-09
0.000000000000000000e+00
0.000000000000000000e+00
8.248470351190917427e-09
1.180207391371368431e-06
2.501158924417268281e-08
2.223327015826725983e-07
2.870489179684909686e-09
6.197058723955706228e-07
1.839336682962766645e-09
4.766846473103214521e-09
1.140175299951806664e-05
2.525357785998494364e-06
2.330085568935658102e-10
1.000692736852215603e-05
5.602254660175276513e-08
1.709929847493185662e-06
2.084021288872861533e-10
2.669071363925468177e-07
3.238352519474574365e-08
3.902302481151309621e-09
2.118500788128585555e-07
2.359709441179802525e-07
6.229155928849650081e-07
2.150384034393937327e-06
2.078649714576386032e-07
8.757427139016726869e-08
2.453369006616412662e-06
7.233773302584012299e-11
9.397644440412022959e-09
2.398437857209501090e-07
2.659213578226626851e-07
1.545047751960737514e-07
1.757986751727003139e-06
2.446437497027886820e-09
0.000000000000000000e+00
2.031114165745862010e-09
8.589247357804197236e-08
1.100288482547284730e-08
6.413547453121282160e-07
7.963751613715430722e-08
8.554519759229606279e-09
1.326879157659277553e-07
2.024874987682778738e-07
1.424743523159577308e-08
4.375009687862529972e-09
1.269540117476708474e-08
9.529176168143749237e-06
9.564200986744708644e-09
4.268315933586563915e-06
7.308975114028726239e-07
2.220698860355696524e-07
0.000000000000000000e+00
3.020934968844812829e-08
8.326569513883441687e-07
2.091278616944691748e-07
3.611206267351008137e-08
0.000000000000000000e+00
5.308928643921184687e-11
9.022224958243896253e-07
1.511623715089172038e-08
1.098154189804745329e-08
9.933500244585502514e-09
6.400827090580207823e-10
4.452775481667003987e-09
3.323177111269615125e-08
8.773613835444393771e-09
9.703742698263795319e-09
0.000000000000000000e+00
9.089318631083642686e-09
2.399454217538732337e-07
1.498866031290901901e-09
1.118782044784438767e-08
1.637712898627796676e-08
1.339629651653240217e-08
3.059552966533374274e-07
1.656993639520543127e-11
3.741642551347013068e-09
1.527938707113207784e-06
3.823253678092441987e-07
3.366242026459076442e-06
2.201584869965245161e-08
7.690640346780241998e-10
3.148985797452041879e-06
3.488199354251264594e-06
9.693129854326798522e-09
2.584110037062714582e-09
7.833365067710928997e-09
0.000000000000000000e+00
1.809011251907577389e-08
1.248423245669982862e-06
3.666586756434497829e-10
1.404858451792279084e-09
0.000000000000000000e+00
0.000000000000000000e+00
4.385882323987289055e-09
3.324626796086249669e-09
2.366432605427348790e-09
0.000000000000000000e+00
5.025793559099156482e-09
3.659089031771145528e-09
7.582776184733575064e-09
4.591741209480915131e-09
0.000000000000000000e+00
4.182044432976539383e-10
9.253575683487724746e-11
5.404596770119951543e-10
5.164814353975089034e-09
2.011261557299803826e-08
2.939319065919931973e-10
2.614028327130313301e-09
8.066411538720785757e-09
1.475990387689307681e-07
0.000000000000000000e+00
0.000000000000000000e+00
4.354778759818600520e-09
1.551124739762599347e-07
0.000000000000000000e+00
5.724849643229390495e-07
5.909838840523207182e-09
6.533442729050875641e-07
0.000000000000000000e+00
4.642232820373237701e-09
3.034122215625489893e-12
2.792842179744070563e-09
2.678442800885250108e-09
8.520484762186697481e-09
0.000000000000000000e+00
2.644737984169864831e-09
0.000000000000000000e+00
0.000000000000000000e+00
0.000000000000000000e+00
2.406699561863234749e-10
4.221219762623462657e-10
0.000000000000000000e+00
2.011650179767343616e-09
2.621964201310333920e-09
5.754652310230312651e-09
4.404293374449252951e-09
1.040218577941232070e-08
0.000000000000000000e+00
7.534816326426607702e-09
4.276884124632118755e-10
1.237131619369336022e-09
3.010752092080792863e-09
0.000000000000000000e+00
0.000000000000000000e+00
1.507700186920146734e-09
7.406772417617446536e-10
1.959471751522556815e-10
1.068233146384045540e-07
1.088030221474411974e-09
6.996297230443815351e-08
1.280663930458558752e-08
1.054561721502977889e-06
0.000000000000000000e+00
6.362493431416593737e-12
1.637171976653917227e-06
2.122312636743117764e-08
2.871185789121710741e-10
1.813136691453109961e-06
2.924898989675739358e-09
1.230385127115596333e-08
5.729240371010746458e-08
6.501502461397912214e-12
0.000000000000000000e+00
1.294402977691788692e-06
1.419233853994228411e-06
0.000000000000000000e+00
7.261975465411296682e-09
7.595288309403258609e-08
1.850370345835017361e-08
1.725727116763664526e-08
1.590466069956164574e-08
4.700093256815307541e-07
1.202470789607446022e-09
0.000000000000000000e+00
6.045035206625470892e-06
5.370865419074277725e-10
3.005491472016230681e-12
8.745690820433082990e-07
1.883871050267771352e-07
7.184677852656307095e-10
1.026863483133411137e-09
1.242970526504905138e-08
1.368186190120468382e-06
2.521634030472341692e-07
9.855259719415698783e-08
1.092672690106155642e-07
5.140688585925090592e-07
2.946046961938009190e-09
4.025666271445516031e-07
8.276062999357236549e-07
2.856871788026182912e-07
2.886099714771717117e-08
1.631935732382405746e-11
4.881988591165509206e-09
1.276956709261867218e-07
2.393080222873322782e-08
6.631973192838813702e-09
2.875246991607127711e-07
2.288727785071387189e-07
3.958707139872785774e-08
0.000000000000000000e+00
1.223641934305907952e-11
1.819446424633497372e-06
1.697491747165713605e-08
0.000000000000000000e+00
0.000000000000000000e+00
1.759186574190607644e-07
7.697044779320094676e-09
1.396814923282363452e-06
1.045340525251958752e-08
0.000000000000000000e+00
5.138342089594516438e-07
5.907025979468016885e-09
7.036475402344422037e-09
3.066332965317997150e-08
7.799836332367249270e-09
1.233581431447916543e-10
0.000000000000000000e+00
3.069298486479965504e-07
6.112013579695485532e-07
0.000000000000000000e+00
1.301653895779963932e-08
9.542399093120934594e-10
2.646475536494108383e-07
5.866661600961720069e-10
1.727332610279574965e-09
8.332585288428617787e-09
6.383259698594656584e-09
6.327630330815736670e-08
1.386967607430733551e-08
1.380254938121439068e-10
8.100234025198993493e-12
1.115096370796209158e-08
2.425375669190543704e-07
2.017547018340337672e-08
4.270952480567302700e-09
0.000000000000000000e+00
5.902780930711060137e-09
1.244653269338868995e-08
0.000000000000000000e+00
2.035710711112415083e-09
1.239880997871978252e-08
0.000000000000000000e+00
9.261146516337248613e-09
1.067724936243408251e-10
0.000000000000000000e+00
2.185771785789825117e-09
5.184040752226337645e-09
0.000000000000000000e+00
0.000000000000000000e+00
3.209802201808997779e-08
6.005436858913526521e-08
4.962600996805122122e-09
0.000000000000000000e+00
9.338465112307403615e-09
8.729292488851569942e-08
1.954795436631684424e-08
4.438602818623849089e-09
0.000000000000000000e+00
0.000000000000000000e+00
1.589567193149843405e-11
3.313398888593610536e-09
7.445892151736188680e-07
4.711655208211595891e-07
1.125999347095785197e-06
3.313814644911872165e-08
1.167545406133285724e-06
2.331348170070413062e-10
3.591201789276965428e-07
4.027702260600563022e-08
1.472718125228311692e-08
3.913446562364697456e-07
0.000000000000000000e+00
2.456042238918598741e-06
0.000000000000000000e+00
5.258155511000950355e-07
6.257911078222377910e-09
8.452594180141659308e-10
2.895860689022811130e-07
1.060151953424792737e-05
1.227687675964261871e-06
1.905470625729321910e-08
2.773624032670340966e-07
3.616214172552645323e-08
5.208660169842005416e-10
0.000000000000000000e+00
3.889381616772880079e-07
2.043487512537467410e-07
7.506569943416252499e-08
3.994318831246346235e-08
2.043959845821063936e-08
3.180941519076441182e-07
1.767603407643036917e-06
2.025208126199551373e-11
4.945870387018658221e-06
1.520398882348672487e-07
5.935634916909293679e-08
4.248323364208772546e-07
2.657813347184401209e-08
1.892230372391168203e-08
4.898928636976052076e-06
5.305266768118599430e-07
2.596998527337746054e-08
1.055848542819148861e-06
1.434597834304440767e-06
1.029876628422243812e-09
8.634156500875178608e-08
1.013795380977455807e-09
0.000000000000000000e+00
2.630849316176409047e-08
6.792570395042218934e-10
2.736361466304515488e-06
2.623463046802498866e-07
2.979153312931970277e-10
2.906851470640958723e-08
4.958023769319197527e-09
1.915447427336403052e-07
1.143288130833752803e-08
9.779560059541836381e-07
7.146214731079680860e-09
1.454143330192891881e-06
2.931368499048403464e-07
2.228760109801442013e-07
1.298289021178788971e-06
2.805866117228106305e-08
9.405587420019401179e-09
6.238527916480052227e-09
1.165860463725465479e-10
0.000000000000000000e+00
2.277235289227519388e-09
4.411504050949588418e-08
2.308140567564009871e-09
2.991029361965047428e-07
1.112303351646914962e-07
3.788566260709558264e-08
9.209713311975065153e-07
3.199612663706830062e-08
0.000000000000000000e+00
0.000000000000000000e+00
2.614881089435527883e-10
4.189278115518391132e-07
5.084127607801747217e-08
2.843119091266999021e-07
4.079614424057353972e-09
1.133676690301399503e-07
0.000000000000000000e+00
4.892043747872776294e-08
5.348780405256547965e-07
7.734227480682420719e-09
1.560732272587461722e-11
3.198015463556913573e-10
0.000000000000000000e+00
1.274385823535340023e-07
0.000000000000000000e+00
1.403553540058055660e-08
0.000000000000000000e+00
1.001583260773486472e-08
3.685019933641342504e-08
3.413146316688653314e-07
9.928553623694824637e-08
3.946011295496987259e-10
1.090037571316315734e-07
2.350140277940226952e-07
1.210671896068049591e-09
1.975067576154287963e-08
0.000000000000000000e+00
1.632854264244087972e-06
7.704251459017541492e-09
7.229804168673581444e-07
2.413365685072221822e-08
3.231051550756092183e-07
1.763200316418078728e-06
2.807059792941934973e-11
6.455837642249662167e-09
1.075906766345724463e-06
1.018996726998011582e-06
2.027107370849989820e-07
1.066789323544981016e-08
3.544491367080127020e-09
8.949776031386136310e-09
0.000000000000000000e+00
2.012952471375228924e-08
6.091069870706178335e-09
0.000000000000000000e+00
3.577850122837844538e-07
2.544062738252250711e-07
1.121230525313876569e-06
6.273686015134671834e-09
7.231233922766477917e-08
4.017548462798004039e-07
9.949243207074687234e-08
1.980603485662868479e-07
4.401305979829378545e-13
5.576517736471942044e-08
6.927576290394199532e-09
6.040563675924204290e-07
3.664585165097378194e-06
4.352909588334341606e-09
1.128808424510907571e-08
0.000000000000000000e+00
2.999416253562925405e-12
5.307636570250906516e-07
6.680477004916696160e-11
1.115180907618196215e-06
2.679739807831538201e-08
5.483135510075953789e-07
2.357504236272234266e-08
6.343600644775904129e-10
0.000000000000000000e+00
8.628427394796744920e-07
1.422212747570483771e-08
6.126935403472089092e-09
8.714864065950678196e-07
0.000000000000000000e+00
0.000000000000000000e+00
7.906737486962356343e-09
1.913970537614773093e-09
4.927459258396993391e-07
0.000000000000000000e+00
0.000000000000000000e+00
1.052027982950676233e-06
1.430548650205309968e-06
2.047195692966852221e-07
3.265993725465321518e-11
1.357441163918338134e-07
4.345854165421769721e-07
0.000000000000000000e+00
1.002660976467950604e-08
1.892197731834244223e-09
7.715355465620632458e-09
1.430141427505304819e-08
0.000000000000000000e+00
0.000000000000000000e+00
0.000000000000000000e+00
4.474626003059256618e-09
5.312314588223898681e-09
8.855582378508586316e-10
2.531845400000065638e-09
5.323439467019852600e-09
1.905494073639601993e-08
3.048151029361179098e-07
0.000000000000000000e+00
1.235660729292931137e-08
1.697711068948670743e-11
4.088442639993417060e-10
3.215310309667707145e-11
2.655094135661784094e-07
8.049397592913010158e-09
3.013089511227917683e-08
0.000000000000000000e+00
0.000000000000000000e+00
6.423046983172753244e-08
1.038886754400891732e-09
0.000000000000000000e+00
0.000000000000000000e+00
9.272548062710939121e-09
0.000000000000000000e+00
0.000000000000000000e+00
0.000000000000000000e+00
0.000000000000000000e+00
0.000000000000000000e+00
0.000000000000000000e+00
5.083028997709959640e-10
0.000000000000000000e+00
4.181136548098152161e-10
9.001544398756777809e-09
0.000000000000000000e+00
7.336250273937139355e-09
3.409779347762764701e-09
0.000000000000000000e+00
0.000000000000000000e+00
0.000000000000000000e+00
0.000000000000000000e+00
0.000000000000000000e+00
5.139521253028078718e-09
0.000000000000000000e+00
0.000000000000000000e+00
1.592162165997557111e-11
5.886156984047374863e-08
0.000000000000000000e+00
3.614818000485797711e-09
0.000000000000000000e+00
1.238709468331933294e-09
1.453611814250521661e-10
0.000000000000000000e+00
1.634874458034119016e-09
2.686949471808475209e-07
6.431979837628887253e-09
0.000000000000000000e+00
1.812780169530014973e-06
5.766432220610795412e-09
0.000000000000000000e+00
0.000000000000000000e+00
1.701716434432398728e-09
9.675673027231823653e-07
0.000000000000000000e+00
0.000000000000000000e+00
0.000000000000000000e+00
0.000000000000000000e+00
5.095664862286852781e-11
1.054706808001348861e-10
8.442485821547052183e-09
6.309435196527601875e-09
7.334754315024838434e-08
0.000000000000000000e+00
0.000000000000000000e+00
7.080642294710060014e-09
0.000000000000000000e+00
0.000000000000000000e+00
0.000000000000000000e+00
0.000000000000000000e+00
0.000000000000000000e+00
0.000000000000000000e+00
0.000000000000000000e+00
0.000000000000000000e+00
0.000000000000000000e+00
0.000000000000000000e+00
1.964169278612093450e-12
0.000000000000000000e+00
7.773590660065110569e-09
0.000000000000000000e+00
9.118951815878517664e-09
6.547048680971556678e-09
0.000000000000000000e+00
1.500492885497806128e-08
0.000000000000000000e+00
1.456493037288453252e-09
6.504221516934194369e-08
7.292070058895205875e-09
6.093184845568089258e-10
1.479553457528481886e-08
5.480635678623002605e-08
5.586579732153040823e-08
1.296665459449286573e-07
6.820525300099689048e-08
1.654016614338615909e-06
2.069579352337314049e-08
3.122161373880771862e-08
3.613844228311791085e-07
2.465632178427767940e-07
1.056195984006080835e-07
1.054280573953292333e-08
4.353556751213183418e-11
8.042530907914624549e-07
0.000000000000000000e+00
2.406186183634417830e-08
0.000000000000000000e+00
6.697669050481636077e-07
1.101363068300997838e-06
5.861472800461342558e-07
3.578468295017955825e-07
1.177192299195439773e-08
6.586200917979567748e-09
2.057507117569912225e-06
2.111545200023101643e-06
3.046937081307987683e-06
2.629185928526567295e-06
1.134648428546825016e-07
5.172815349396842066e-07
1.836533414234509110e-08
1.752961553691534391e-09
4.154868804562283913e-07
9.313693816181967122e-09
1.937057504619588144e-06
2.253953468311920005e-08
4.095046080010433798e-09
5.937647884479702043e-08
1.815623901224583392e-10
1.560912510356615712e-09
1.084190293099140945e-09
3.514006863269969472e-09
4.475392856306825706e-08
8.127853945438801020e-09
8.141783069959274144e-08
0.000000000000000000e+00
1.982586582016665488e-06
5.894761123670377856e-09
4.281174303955026517e-10
4.224011973530394926e-10
0.000000000000000000e+00
9.889095618775822771e-12
0.000000000000000000e+00
0.000000000000000000e+00
7.784977995584085875e-09
1.034551289080809511e-08
3.136936584269278683e-06
5.932477975534311554e-08
1.061491957443649881e-06
1.220756303155212663e-06
0.000000000000000000e+00
2.803941470119752921e-06
2.620835175548563711e-06
1.615117781739172642e-07
2.089837352059475961e-07
0.000000000000000000e+00
1.459304939999128692e-06
6.907397764877032387e-09
1.035189178821838141e-08
8.224786407495798812e-10
0.000000000000000000e+00
0.000000000000000000e+00
0.000000000000000000e+00
1.420198403323524872e-09
0.000000000000000000e+00
3.701327466743009609e-09
2.569683843489656283e-08
0.000000000000000000e+00
2.989723191237914079e-10
0.000000000000000000e+00
2.066825643964875781e-08
7.392296108577056657e-09
5.147401616056868079e-09
6.048667788860484507e-09
4.158789146391228542e-10
1.194522702974154527e-09
3.321573016634715714e-09
9.492941543953747896e-09
5.603864110526046716e-07
6.282914910116232932e-06
5.961882010296903900e-08
1.504643307725928025e-07
1.012879735640126455e-08
3.311532168481789995e-07
1.192821841300428787e-08
0.000000000000000000e+00
3.151090499642350551e-09
6.677317969661089592e-07
2.812204797919548582e-07
0.000000000000000000e+00
8.375936388915761199e-09
0.000000000000000000e+00
3.664143234704056451e-14
0.000000000000000000e+00
0.000000000000000000e+00
5.834650096403493080e-09
3.951819962821900845e-06
1.363605850457361157e-08
9.710568349419190781e-09
9.778024612216995592e-09
8.583067057088555885e-08
5.838972860772173590e-09
2.763485218437722324e-09
4.634712240658700466e-06
0.000000000000000000e+00
4.110152496128449684e-10
0.000000000000000000e+00
0.000000000000000000e+00
0.000000000000000000e+00
2.536902243832628301e-09
2.973130852623739884e-09
0.000000000000000000e+00
2.426086886941902776e-09
3.661517089526000746e-09
6.764654614244136610e-08
4.750130844222155702e-10
1.156057194418025347e-10
0.000000000000000000e+00
0.000000000000000000e+00
0.000000000000000000e+00
0.000000000000000000e+00
5.832154670315503608e-07
0.000000000000000000e+00
1.384694137129827141e-08
0.000000000000000000e+00
5.222562382556361626e-10
1.084570229181736067e-07
9.548141122195374919e-08
6.603429625329226837e-08
3.146652050034504100e-09
5.980212769429726904e-09
1.399120286293964455e-08
0.000000000000000000e+00
1.202920252296735271e-08
1.126082679547835141e-06
8.879461055322224183e-10
2.898388196115320170e-09
9.641483167399655940e-09
8.367567083666926919e-09
8.734867829041093046e-10
9.995577698873603367e-09
1.344690225835165620e-08
0.000000000000000000e+00
5.755125265238802967e-09
1.031056740430358332e-06
5.930150948074697226e-08
3.181932584084279370e-07
0.000000000000000000e+00
0.000000000000000000e+00
9.121918331800316082e-09
4.746722879644948989e-06
2.253214717029550229e-07
8.806979590048058526e-10
2.921482291640131734e-06
9.514917742592388095e-09
1.963541684801839438e-08
7.702957987021363806e-07
4.280602095008134711e-09
3.910646112492699444e-11
1.204061703674597084e-07
7.392172847175970674e-07
3.490590927412995370e-09
1.128917915593774524e-06
5.339977793283878782e-09
1.710023269652083400e-07
2.641128205027598597e-09
4.417753132202051347e-07
1.932931453785258213e-10
1.044199393618328031e-07
4.099153308456671141e-11
3.807712545267349924e-08
6.413604314303711362e-09
7.319453629861527588e-07
6.017976375005673617e-07
5.868720176493980034e-09
2.966156102957029361e-07
2.589230234661954455e-07
3.325205852888757363e-07
3.587133257099139882e-09
4.344439918924081212e-09
1.810599781215671555e-09
1.043871975525689777e-06
7.989298751454043668e-07
5.059075824931369425e-09
0.000000000000000000e+00
0.000000000000000000e+00
0.000000000000000000e+00
3.335921689995302586e-07
0.000000000000000000e+00
6.329651469627606275e-09
1.153874684689526475e-08
3.453922658991359640e-07
0.000000000000000000e+00
4.625290443982521538e-07
0.000000000000000000e+00
0.000000000000000000e+00
7.191684744611848146e-06
4.414802745600354683e-09
8.626365177732964185e-10
7.989524419826921076e-07
1.844897035141457309e-08
6.859237178247212796e-09
3.553015881507803897e-09
1.038000050357368309e-06
6.514746360153367277e-07
6.313074063513113288e-09
2.776987741981429281e-07
5.188952400203561410e-06
1.566566321109519322e-09
8.296840547927786247e-09
1.092002821501125709e-09
6.658938733750119354e-09
3.156381267466201734e-10
5.910159917021928777e-09
8.999525569208799425e-09
3.331355413749292893e-09
7.515448174899574951e-08
1.235894497852996210e-09
6.799830476467150220e-09
2.039503925743701984e-07
9.537042267027118214e-10
0.000000000000000000e+00
2.614575578263611533e-07
9.335754498351889197e-07
7.934787937813325698e-09
4.361690386645022954e-08
3.276230700066662394e-07
4.424473161179776071e-07
0.000000000000000000e+00
8.711921462012384154e-11
9.540321865841860927e-10
8.550343721935860231e-08
8.787014138533777441e-08
3.371522505624113819e-10
2.096211204616338364e-09
4.700170475047116270e-09
1.728773124654026105e-09
2.492521522512447518e-09
1.714759112481090142e-09
3.992627842924756365e-12
0.000000000000000000e+00
3.258088465685204937e-09
3.691359040658426238e-08
7.815955882506386843e-09
0.000000000000000000e+00
0.000000000000000000e+00
4.847584555989215005e-09
3.075309562561301391e-09
3.511454238491751312e-09
1.189191745076811912e-09
1.647935787829624132e-09
0.000000000000000000e+00
5.121096435800609470e-09
0.000000000000000000e+00
1.609863978235814841e-11
7.034132831762462956e-09
3.958587069252672563e-10
0.000000000000000000e+00
0.000000000000000000e+00
0.000000000000000000e+00
1.345511591033243803e-09
4.290454658217868200e-09
4.199570913243633186e-09
1.570487517810192912e-09
1.681710841694439296e-07
2.559098355447986251e-08
1.703684660014914698e-08
2.297318957289462560e-08
2.642457630486205744e-08
4.026987596716935514e-07
5.885722487164457561e-08
1.318365949742883458e-08
2.247075947536814056e-08
1.984876689675729722e-07
2.522307909202936571e-07
3.475735921298905851e-09
0.000000000000000000e+00
5.150112514229476801e-08
0.000000000000000000e+00
4.892493166153144557e-08
2.731544270773156313e-07
4.151976042976457393e-07
9.070873829841730185e-07
7.975925200298661366e-07
2.313504476967459533e-13
7.169259760506085932e-14
2.961282916658092290e-07
4.569848499613726744e-09
5.618600695811437618e-08
9.799738798221824254e-09
2.297550416585636412e-08
5.328778307500670053e-09
3.693887435929354979e-07
1.335414938352652570e-11
1.861757965571086970e-07
3.215989252680628852e-08
3.393607173052259895e-08
4.376107298753595387e-08
9.242864251746141235e-09
4.271223019713943359e-08
2.277801974814863684e-10
7.386509182083500491e-09
2.336864257657111921e-09
4.954890187036653515e-07
6.823530895871954272e-08
1.663764059856021049e-08
3.362505935911030974e-07
8.972259740724908283e-11
1.499537773952397401e-07
3.151325529415771598e-07
1.515380517957964912e-06
1.259520043817019541e-09
6.831935479567619041e-07
6.718713763120831572e-08
5.134272118567650978e-09
1.725910614425174572e-08
1.078639488838462057e-08
5.119016805110732093e-06
7.034783777726261178e-08
9.890412933089010039e-09
2.737910786976271993e-09
5.862521845756418770e-08
2.634708664572826819e-07
5.501607347468961962e-07
0.000000000000000000e+00
1.580494313202507328e-07
3.399838135464960942e-07
6.745243918970800223e-09
2.177208635600891284e-08
2.861820676269832830e-11
1.883265383639809443e-07
5.998178664867737098e-08
1.622796830247352773e-08
2.715178304413257138e-08
7.459593498460037608e-10
4.318247874834924005e-07
1.107015350498841144e-06
1.594286681838585906e-11
2.450241254337015562e-08
0.000000000000000000e+00
5.670342528851790576e-10
1.479906757140270201e-07
4.598814484779722989e-08
1.529662174704071731e-09
0.000000000000000000e+00
6.677586839032301214e-08
5.769949780187744182e-07
1.595014564870211871e-09
6.289870402298447516e-09
6.567593135997640275e-10
1.730189658211145343e-09
1.349953026967554148e-12
2.966605983090175869e-08
4.345090758306469070e-07
1.351430682916543446e-07
3.177440177637436136e-08
7.358131881574081490e-09
0.000000000000000000e+00
8.621094025329512078e-07
1.854998799899476580e-06
3.451098962159449002e-08
9.678561951886877068e-09
0.000000000000000000e+00
4.907889206151594408e-07
1.786037842066434678e-07
6.009397424122653320e-09
1.878512563280310133e-07
1.152915629631934280e-07
3.738569898104060485e-09
0.000000000000000000e+00
8.218193556785990950e-07
7.058782447444400532e-09
8.389238193018400125e-10
4.313966517344169915e-09
5.339305175766639877e-08
1.365607715797523269e-08
5.335055175414993300e-10
0.000000000000000000e+00
4.706975254009648779e-09
9.859402183565180167e-09
3.158162371619255282e-07
3.512500938995799515e-07
1.900839379231911153e-06
1.633779223020326299e-09
9.498542397068376886e-09
7.802543500190495251e-09
2.556165057399084617e-08
1.360675128125876654e-07
1.130600502108336514e-08
1.855078494372719433e-06
4.498392325302802419e-09
0.000000000000000000e+00
2.543073485128388711e-08
5.152409610076347235e-09
1.599332676960329991e-06
8.312370169960558997e-08
7.405127462334348820e-07
2.808312729030149058e-07
8.254290833065169863e-07
9.139637313637649640e-08
3.216284483187337173e-07
8.433115539219215862e-09
6.872766800114504804e-10
7.048996621961123310e-07
1.248734537995233040e-08
0.000000000000000000e+00
1.541693848139402689e-07
8.260180379693338182e-07
4.070425347890704870e-07
2.219785670831697644e-07
3.704597162368372665e-08
1.183763531642512135e-09
6.064263402549840976e-07
4.347489479528121592e-09
9.815653179146011098e-09
3.611109411494339838e-09
2.275496013837141618e-09
7.146053082607295437e-09
2.110092656160134084e-10
2.336436155658816460e-09
3.490087330249025399e-09
2.430855516877272748e-08
0.000000000000000000e+00
1.901764301592834272e-09
4.392030561461979232e-08
6.759749027196448878e-08
0.000000000000000000e+00
0.000000000000000000e+00
7.314820749115824583e-09
6.160371981422940735e-07
7.606767438161909922e-10
0.000000000000000000e+00
1.417830333139136201e-07
2.209778804385109652e-09
1.939608182510710321e-06
1.889838685542599706e-08
0.000000000000000000e+00
2.448881843974959338e-07
0.000000000000000000e+00
1.743143407395564282e-08
5.131245983669430188e-10
5.495636834496053780e-09
2.635892171198861433e-09
9.831054192943611270e-09
0.000000000000000000e+00
1.249931983693386428e-06
0.000000000000000000e+00
4.478814652486562409e-09
2.778577368189871777e-07
1.429169856237422209e-06
1.522347758964315290e-07
8.504474902082392873e-10
6.110768779876707413e-09
2.124587832053048686e-12
4.056064373259005151e-09
0.000000000000000000e+00
0.000000000000000000e+00
8.199827483679200668e-09
0.000000000000000000e+00
0.000000000000000000e+00
0.000000000000000000e+00
0.000000000000000000e+00
2.690738369892642368e-07
0.000000000000000000e+00
0.000000000000000000e+00
0.000000000000000000e+00
0.000000000000000000e+00
0.000000000000000000e+00
0.000000000000000000e+00
5.195800234503167303e-09
1.981308228593547938e-09
2.344811234067378791e-09
1.695008466917613532e-09
5.639506284182971285e-08
1.315032349680222978e-08
1.972937901939531002e-08
1.995870579918346266e-09
0.000000000000000000e+00
3.647854587840448914e-11
9.351277086011577921e-09
5.156348237278507440e-09
2.037537250032528391e-09
0.000000000000000000e+00
4.792523782271018717e-07
9.705180659125289822e-09
0.000000000000000000e+00
0.000000000000000000e+00
2.006650623442851611e-09
0.000000000000000000e+00
3.052088715094214422e-08
4.591763858030617484e-09
9.844165482775224518e-10
1.933670645826168766e-08
1.626195142989672604e-07
0.000000000000000000e+00
0.000000000000000000e+00
5.194840113631471468e-09
3.458940023293166632e-09
1.869045263447333127e-06
0.000000000000000000e+00
6.806621399846335407e-08
0.000000000000000000e+00
3.938277481907448418e-10
9.273460221947971149e-09
3.092107236923880009e-09
4.096849082202425052e-09
0.000000000000000000e+00
0.000000000000000000e+00
0.000000000000000000e+00
1.208508937367014369e-08
6.225969517714702306e-09
8.825390196420812572e-09
2.999156256677792953e-09
3.593980002492003223e-09
1.844068342471416599e-09
1.056566389934232575e-07
1.757861411988415057e-08
4.140872020275132570e-11
0.000000000000000000e+00
1.926609627389552770e-07
0.000000000000000000e+00
0.000000000000000000e+00
3.127053787466138601e-06
2.052472636293600772e-09
5.961459104142363685e-10
0.000000000000000000e+00
3.969553574734163703e-07
0.000000000000000000e+00
6.004349906163497508e-09
3.867386766387426178e-08
0.000000000000000000e+00
1.016144390852957713e-09
9.728156946664512361e-09
8.653310601403063629e-08
6.492859370155201759e-07
5.305158978785584623e-09
2.310196478561010736e-09
2.075556437830528012e-08
7.969497772819522652e-08
5.848309569955745246e-07
1.963265390259039123e-07
2.575036717189504998e-07
1.335713136541016866e-06
9.898676545105900004e-09
1.808286853588469967e-08
0.000000000000000000e+00
8.187917566182534301e-10
3.915138222509995103e-06
1.191585056403710041e-06
2.145777813211680041e-07
1.007270157060702331e-06
5.244646494872995390e-09
1.108176320485654287e-06
2.779227514793092269e-08
3.183666308359534014e-08
2.254187165817711502e-07
0.000000000000000000e+00
2.919603794837577482e-11
6.945061414853626047e-08
1.001023916535892511e-10
1.333784439339069650e-06
5.261512892040798306e-10
5.697972937923623249e-07
5.904021804781223182e-08
3.623980262545956066e-07
1.641162839405296836e-06
0.000000000000000000e+00
5.002663101549842395e-07
1.255463910609933009e-08
0.000000000000000000e+00
1.614335509714237560e-08
0.000000000000000000e+00
4.636941497437874204e-08
2.165796075814796495e-08
2.597057680020498083e-08
0.000000000000000000e+00
0.000000000000000000e+00
2.919372477094839269e-08
3.566308637292792127e-10
0.000000000000000000e+00
1.563409909977053758e-06
4.156482269479511160e-09
1.451895315085494076e-07
9.824788804735362646e-08
5.648848055983535232e-10
0.000000000000000000e+00
6.761982831449131481e-07
0.000000000000000000e+00
1.922728500858283951e-07
7.067972660479426850e-07
9.583749971397992340e-08
0.000000000000000000e+00
1.970359164715773659e-08
2.517528173484606668e-06
4.095825190120194748e-08
2.096238294058139218e-09
2.320567546121310443e-06
1.877909916458975204e-08
2.003954051588152652e-07
2.771717966254527710e-09
3.506533952091217543e-09
5.833035388036478253e-09
0.000000000000000000e+00
2.101864038719924999e-12
0.000000000000000000e+00
0.000000000000000000e+00
0.000000000000000000e+00
0.000000000000000000e+00
2.178110802830701687e-09
0.000000000000000000e+00
0.000000000000000000e+00
0.000000000000000000e+00
1.205944322180130257e-08
5.275723857778302772e-09
0.000000000000000000e+00
0.000000000000000000e+00
2.982064728485056548e-08
1.616682121508006276e-09
0.000000000000000000e+00
0.000000000000000000e+00
0.000000000000000000e+00
3.186394437193484919e-08
5.880635853827698156e-07
5.601718200409777637e-08
5.162529959079620312e-09
0.000000000000000000e+00
4.551982968337142665e-08
1.592977241671178490e-06
1.131917670704751799e-07
1.037027019812342132e-09
6.527838825043374982e-10
8.755779212776815257e-09
0.000000000000000000e+00
0.000000000000000000e+00
0.000000000000000000e+00
0.000000000000000000e+00
1.209219135489547625e-06
0.000000000000000000e+00
0.000000000000000000e+00
0.000000000000000000e+00
0.000000000000000000e+00
6.099197147335644331e-09
1.185722680929757189e-06
0.000000000000000000e+00
1.673906152577231410e-10
1.987799009839363862e-07
0.000000000000000000e+00
0.000000000000000000e+00
0.000000000000000000e+00
2.167351631499059295e-09
0.000000000000000000e+00
0.000000000000000000e+00
0.000000000000000000e+00
5.117954628985899035e-07
6.707712429943057941e-08
4.452743507243894783e-09
1.937538129936910991e-09
5.037255235151860688e-08
0.000000000000000000e+00
9.198590333880929393e-09
4.187062074834102532e-08
5.629550603458710611e-09
1.048949980031466112e-05
5.670458769202468829e-09
3.281262195287126815e-07
4.982032919542689342e-07
1.029575643490820980e-11
8.639909232499576319e-09
2.523050035563301208e-08
2.480050227404717589e-07
0.000000000000000000e+00
1.039715016304398887e-06
2.306893698289513850e-08
1.812729522043809993e-08
1.044377199832524639e-06
3.918073900877061533e-07
1.417176864748626031e-08
1.330099497209857873e-08
1.408515526435394349e-08
1.539759892921210849e-07
1.367535134022546117e-07
1.748729374639879097e-07
1.525190782558638602e-07
5.713539508178655524e-07
2.842941171365964692e-07
3.935052973247366026e-06
5.819763160275215341e-08
2.168102852806441661e-08
2.896490512716010102e-11
8.453271860275890504e-09
1.327656540262012186e-09
1.461662805013475008e-06
3.066272711294004694e-07
9.611071050130703952e-09
1.359833490255368815e-08
4.441956802381241687e-10
0.000000000000000000e+00
1.750033007397178153e-08
7.247299294022013783e-08
5.157051230497700089e-09
5.003241154710735827e-10
9.899938504531746730e-07
1.818617079152318183e-08
2.402380694377370673e-08
5.247635570526654192e-08
7.317387940020125825e-08
0.000000000000000000e+00
2.140553734264472041e-09
1.214852218822670693e-09
9.721737193046919856e-09
0.000000000000000000e+00
2.912358532114467380e-08
4.506928164005330473e-08
2.923337683036209000e-10
2.097583973181826877e-08
1.651347725228902164e-09
1.217397516128926327e-09
0.000000000000000000e+00
1.096078117157617271e-09
0.000000000000000000e+00
0.000000000000000000e+00
1.766538737513201340e-08
3.431254169683484179e-09
0.000000000000000000e+00
2.408718025037615007e-08
0.000000000000000000e+00
8.805780282727937447e-08
3.561134942486887667e-09
3.278089577563036983e-09
0.000000000000000000e+00
3.462797693032371171e-08
4.440218859258493467e-08
1.802755167368275124e-09
9.511488769931020215e-07
0.000000000000000000e+00
0.000000000000000000e+00
0.000000000000000000e+00
0.000000000000000000e+00
0.000000000000000000e+00
4.651089966500876471e-06
0.000000000000000000e+00
7.190202211404539412e-09
0.000000000000000000e+00
6.737353430708026281e-08
6.213130898657936996e-09
8.270554019418341340e-09
0.000000000000000000e+00
0.000000000000000000e+00
2.450024538802608731e-08
0.000000000000000000e+00
0.000000000000000000e+00
2.774736351796036615e-08
1.490360368450183159e-08
0.000000000000000000e+00
0.000000000000000000e+00
6.374563377153918964e-11
0.000000000000000000e+00
8.130941059336649346e-11
0.000000000000000000e+00
2.834507029092492303e-07
2.390539179941697512e-07
1.087621726014731394e-08
0.000000000000000000e+00
3.081476904753799317e-07
2.747976282080344390e-07
7.809628499444443150e-10
3.666374084332346683e-07
6.318962686435725118e-09
6.494543791646378850e-10
6.417030249394883867e-07
1.975492978090187535e-06
4.387095131619389576e-10
4.801376007890212350e-07
2.509132627892540768e-06
6.901972882111806484e-10
1.540755420137429610e-06
4.306345502413932991e-09
7.352783541136886925e-06
6.994734791376799876e-10
2.019514340645400807e-06
3.315707930440225937e-09
1.262967952442295427e-09
6.620711019422742538e-07
6.662953921932057710e-08
2.591745555946545210e-07
6.163422661131789937e-09
5.220849086384760085e-09
1.129838791968929002e-10
1.234376554748450872e-06
2.794975806352795189e-09
9.084221375132983667e-08
2.026764889251353452e-07
1.267868299237306928e-08
3.802826427090622019e-07
1.099202284748912462e-09
1.382699110763496719e-08
0.000000000000000000e+00
2.369100471355523041e-09
1.434698693181246654e-09
4.259522938809823245e-07
9.701814462914626347e-08
1.664968829473423284e-09
0.000000000000000000e+00
6.423818632583788713e-08
0.000000000000000000e+00
8.155255954989115708e-07
1.630478294600834488e-07
5.424248272767329127e-10
0.000000000000000000e+00
1.931606874450153555e-09
8.583530330952271470e-08
0.000000000000000000e+00
0.000000000000000000e+00
0.000000000000000000e+00
0.000000000000000000e+00
0.000000000000000000e+00
0.000000000000000000e+00
0.000000000000000000e+00
1.288143258726393015e-09
0.000000000000000000e+00
5.704411609741555367e-09
1.793899806479259951e-09
0.000000000000000000e+00
1.232648760840504565e-09
0.000000000000000000e+00
0.000000000000000000e+00
0.000000000000000000e+00
0.000000000000000000e+00
0.000000000000000000e+00
0.000000000000000000e+00
0.000000000000000000e+00
3.144090987561298789e-09
7.158548953611898469e-08
0.000000000000000000e+00
0.000000000000000000e+00
0.000000000000000000e+00
1.084462084577353380e-07
8.624100877874241178e-10
0.000000000000000000e+00
0.000000000000000000e+00
8.757029945627436973e-08
1.953562787093687803e-06
2.647490873641800135e-06
1.200361232633895270e-08
4.334760606017340479e-10
3.773362422521131521e-08
6.366954963255011535e-09
0.000000000000000000e+00
3.998837649898945301e-10
1.665307822196204768e-11
0.000000000000000000e+00
0.000000000000000000e+00
0.000000000000000000e+00
0.000000000000000000e+00
0.000000000000000000e+00
0.000000000000000000e+00
0.000000000000000000e+00
0.000000000000000000e+00
0.000000000000000000e+00
1.230821400355353035e-08
1.246785927833116148e-07
1.094553891967109394e-09
3.636109413562849113e-09
0.000000000000000000e+00
2.102804819159587169e-09
0.000000000000000000e+00
0.000000000000000000e+00
1.062382679606344027e-07
0.000000000000000000e+00
0.000000000000000000e+00
0.000000000000000000e+00
2.824125377998143449e-09
9.677882495395806473e-09
8.659071237815396671e-10
1.213423528323431810e-10
3.558250583068911510e-09
1.175260688768275941e-08
6.253868534145112790e-10
0.000000000000000000e+00
0.000000000000000000e+00
1.002698795105061436e-07
7.814262126260018704e-09
0.000000000000000000e+00
7.614885610962573992e-09
1.218223577570398675e-10
1.385786707608360757e-09
2.462282644444258040e-08
1.518624799246026669e-06
2.779265514618600719e-06
3.033964901533181546e-07
2.349065368889569072e-07
4.342273740576274577e-08
7.662899204063933212e-10
6.030639809750937275e-08
4.265055864038913569e-09
1.804304133656842168e-06
1.123385717782809934e-09
5.973574968010098019e-09
9.871718997800371653e-10
4.485248084051818296e-08
1.904684410192203359e-09
1.338568367259540537e-09
2.388575559564287687e-08
7.564802733880937602e-13
3.723775989783462137e-07
1.748620359620645104e-09
5.203873998382846366e-10
2.176320679225796084e-09
1.707210040002848928e-09
1.801873708018320031e-07
7.177749505871133806e-09
1.354012653109748499e-07
0.000000000000000000e+00
6.140438824075999946e-09
2.386171047419338720e-07
3.565438930763775716e-07
2.212052698132016548e-13
8.757780847190588247e-07
1.363694823730554617e-09
1.014089767020776023e-11
4.400060760190172005e-09
1.971893898167209613e-10
8.853461963553854730e-09
6.749977465858592041e-09
1.974371883761705249e-07
2.557263067970438897e-09
2.024487457674695179e-07
1.123389603563396122e-09
1.740391013527187170e-07
1.633531887534900306e-08
1.806131280090994551e-07
0.000000000000000000e+00
2.065609372436938429e-08
3.310639540288207172e-09
5.581842543733728235e-08
5.650712536775515105e-12
1.475519359472876602e-12
3.267921897531778086e-07
7.213634134473068116e-09
9.867919814610104368e-09
5.796172217742423527e-07
0.000000000000000000e+00
1.479858791064714296e-09
4.990684843164672202e-08
1.301852137203241000e-07
6.331177249130348628e-10
4.000085240818407328e-08
1.011389599625545088e-06
1.241312741484534854e-08
5.884522380483758752e-08
1.529476811867880315e-08
3.639372891939274268e-08
0.000000000000000000e+00
4.849537216244925730e-09
5.293035432694936926e-13
9.662078248595662444e-09
1.251624026643582965e-09
2.177867344244077685e-07
1.672581930733940681e-07
7.386466904790722765e-08
6.105429974923026748e-07
3.244282993364322465e-07
1.263523131456167903e-06
3.587307881303125612e-11
1.823472075557219796e-07
8.881218677148083884e-11
4.461671920807930292e-09
0.000000000000000000e+00
9.115635329903781781e-11
0.000000000000000000e+00
0.000000000000000000e+00
2.903623563810242558e-09
9.999518990611022673e-10
0.000000000000000000e+00
2.037057633685890323e-09
7.684807457053466351e-09
9.940266387786778068e-09
4.404173381544751464e-08
6.616087944166793022e-08
3.666619896591782890e-09
1.817866190911843205e-09
1.972836294328317308e-08
1.033034436659363564e-06
6.441435402848583180e-07
5.614183464786037803e-07
2.158949463648696110e-09
4.923305141346645541e-07
3.123696501461381558e-07
7.146577774008733286e-10
1.358463919132191222e-07
2.266925633875871426e-07
3.198974809492938221e-07
1.123806114833314496e-07
0.000000000000000000e+00
2.401087158432346769e-06
1.628643747642044559e-10
2.274616235808935016e-06
3.793614311575765896e-08
1.242535319079252076e-07
5.306908246183184019e-09
5.831466420858077981e-09
9.792426425292433123e-08
1.207348191201162990e-06
1.622745271490089181e-10
2.413806612366897753e-07
5.667470404091545788e-08
2.944324535292253131e-07
0.000000000000000000e+00
0.000000000000000000e+00
3.923374691794379032e-08
3.708010343217438276e-09
3.312573539915319998e-07
3.527661843194529467e-11
7.509337152100670210e-09
3.601889453364037763e-09
1.440871415070432704e-06
1.908175839560044551e-08
1.407499272687573466e-08
5.656564212586090434e-07
4.883446536041446961e-07
5.964834737248736474e-10
0.000000000000000000e+00
9.492782560016621574e-09
1.845136154976501075e-09
1.784421638229005680e-10
3.724839245933253551e-07
2.806211929495816548e-10
1.137657301697458934e-09
3.040862450731651734e-09
9.225432223702867418e-11
5.522621790987614077e-07
2.983816102641867474e-06
2.127423792686045090e-09
2.515848196438241757e-09
0.000000000000000000e+00
1.359028374281479046e-06
1.247722252628591377e-06
2.337326122869853862e-06
1.057351983746457336e-09
6.967673105151561685e-09
3.625245028615609044e-07
2.128290930158982519e-07
1.809094207771977381e-08
2.571170170995173976e-06
1.918387511068431195e-07
0.000000000000000000e+00
0.000000000000000000e+00
0.000000000000000000e+00
0.000000000000000000e+00
3.587155683604237311e-09
2.630377027301733506e-09
1.160348553352896772e-10
7.015621861228282796e-09
0.000000000000000000e+00
2.300938772847871405e-09
6.222342108230805025e-08
2.869994242260531792e-09
8.072004398229637445e-09
1.243398051187227793e-09
6.186172130107081557e-10
2.375304952728640728e-10
1.433760887792345784e-09
0.000000000000000000e+00
6.283490172620531666e-09
2.613859884093017172e-08
3.196329867449776430e-09
0.000000000000000000e+00
2.294915759648574749e-07
4.290191313316427113e-08
2.042760405274179902e-09
0.000000000000000000e+00
1.141334049492570557e-08
0.000000000000000000e+00
0.000000000000000000e+00
2.507677621110815380e-09
7.829781267787438992e-09
1.843652874811141373e-08
0.000000000000000000e+00
0.000000000000000000e+00
1.094215278385490819e-07
4.452941837485013821e-08
3.120097291642309756e-09
8.496249037648340163e-09
2.416578297470550751e-07
3.472808529636495223e-08
3.705111772944746917e-10
3.267700110498594768e-09
2.523362852002719592e-08
8.129755997288157232e-07
1.044938215954971383e-07
4.066997121299209539e-07
0.000000000000000000e+00
1.769132218498725706e-08
0.000000000000000000e+00
2.022940748247492593e-07
1.462459708889696230e-09
0.000000000000000000e+00
0.000000000000000000e+00
3.322041530751107530e-09
8.912867666133195144e-10
9.800138478510689310e-09
0.000000000000000000e+00
5.029446015214489307e-07
9.427475688994491065e-09
7.046726864246011246e-07
9.642123544040259731e-09
2.136685708364893799e-07
7.374466122200828977e-07
1.516795435918538715e-07
4.765060523936881509e-08
9.698455372131320473e-09
6.053798351501882280e-09
2.901372198049756435e-10
1.605182262665039161e-07
1.535165807808880345e-07
9.045685800401770393e-08
1.978596397833598530e-09
3.195889064500079257e-07
1.747768152426942834e-08
1.202685808721071226e-07
1.393633652924108901e-09
7.559309551652404480e-07
9.515915166957711335e-09
6.082655659156444017e-07
3.430505728374555474e-07
0.000000000000000000e+00
9.221846397622357472e-09
6.343989222834522934e-10
2.733219730544078629e-07
0.000000000000000000e+00
1.728532872391497222e-08
0.000000000000000000e+00
0.000000000000000000e+00
8.550862795608793476e-10
1.634688651108717750e-08
3.011557114795948564e-10
0.000000000000000000e+00
0.000000000000000000e+00
6.530186169584339950e-07
7.952356995133413875e-09
4.687366228495193354e-08
0.000000000000000000e+00
0.000000000000000000e+00
0.000000000000000000e+00
1.834625229513164868e-10
0.000000000000000000e+00
0.000000000000000000e+00
6.093528099881950766e-07
3.717848029438641788e-09
0.000000000000000000e+00
0.000000000000000000e+00
0.000000000000000000e+00
0.000000000000000000e+00
0.000000000000000000e+00
0.000000000000000000e+00
4.189103606222488452e-07
8.178660415580907284e-09
8.209050328389366769e-09
3.281888982797909193e-09
4.687247781021142146e-07
0.000000000000000000e+00
1.942134986165910959e-08
1.706949359636666941e-09
2.858884656786742084e-11
5.859478680037000231e-09
4.423446886558934921e-10
5.354030463422532193e-08
8.193870115746904048e-08
1.009233252524666113e-09
1.542941703291944577e-07
3.020368621875491044e-09
4.359425531674787635e-08
0.000000000000000000e+00
0.000000000000000000e+00
0.000000000000000000e+00
0.000000000000000000e+00
0.000000000000000000e+00
2.125080023063219414e-08
0.000000000000000000e+00
0.000000000000000000e+00
4.038922085669582884e-08
0.000000000000000000e+00
0.000000000000000000e+00
8.700059339616927900e-09
0.000000000000000000e+00
0.000000000000000000e+00
0.000000000000000000e+00
5.151862270125207033e-10
4.768261896437309133e-10
0.000000000000000000e+00
6.677038366653675894e-10
0.000000000000000000e+00
2.605654358944775595e-08
1.355361511912178685e-08
2.575334434595788480e-08
1.125948529079323635e-06
1.181933484417641012e-07
1.206999122871366126e-08
1.997333498593434342e-07
0.000000000000000000e+00
9.149359492255371151e-09
6.887785843900928739e-07
2.205603948368661804e-07
6.830085794717888348e-07
6.507967775792877774e-11
0.000000000000000000e+00
4.363030257081845775e-07
2.039760166328008495e-10
1.558356530040327925e-06
1.917592085121100354e-09
3.257293545999573325e-09
9.437443395654554479e-07
1.082417533382340480e-08
1.713474340192533418e-08
1.700936849147183239e-07
5.904596367400927193e-09
8.205849333364767517e-09
1.352345577743108151e-07
6.428734877772512846e-08
2.405623078516327951e-08
6.558687815072516969e-09
0.000000000000000000e+00
1.440768482297016817e-08
3.859767332414776320e-07
5.275545333915943047e-09
0.000000000000000000e+00
0.000000000000000000e+00
5.624781351798446849e-07
8.954873464972479269e-08
3.979955476296481720e-09
1.669351092914439505e-07
9.400495659672714055e-11
1.401737250716905692e-07
1.914637337563362962e-09
1.506945039864149294e-07
1.589749859531863763e-10
2.360418083213744467e-09
1.133988121182483155e-06
2.621635530886123888e-06
4.951543175479855563e-09
7.844798588507728709e-09
4.037601115669531282e-07
0.000000000000000000e+00
1.383350545225425776e-09
2.356246575629938889e-08
2.258660480869423282e-10
1.556985154138601501e-07
4.653389851227984764e-08
5.939566616319780223e-09
8.199605616709959577e-08
3.192857533917958790e-08
1.045861086623744995e-08
7.754396236236971163e-09
1.677508443265196547e-08
9.342188134198181615e-10
4.956250965193476077e-09
0.000000000000000000e+00
5.464678043409776365e-09
8.507267779123139917e-09
4.760705163420198005e-09
7.231791609996207626e-09
0.000000000000000000e+00
0.000000000000000000e+00
9.936349520955900516e-10
2.841893547156360000e-07
9.020379110324938665e-08
0.000000000000000000e+00
1.025644361107858060e-10
1.159315976551056337e-09
3.801170933570574562e-08
2.987778469076829424e-09
5.196184371669687607e-09
9.018416569084308776e-10
9.145276536060009676e-09
0.000000000000000000e+00
0.000000000000000000e+00
0.000000000000000000e+00
1.156857165618419003e-09
1.709396096893911476e-10
8.244279925406772236e-09
1.117610337608709870e-09
0.000000000000000000e+00
7.994752309059549589e-07
5.011894010920059372e-09
0.000000000000000000e+00
7.853720451755918930e-11
0.000000000000000000e+00
0.000000000000000000e+00
0.000000000000000000e+00
2.281606459320073554e-09
0.000000000000000000e+00
7.861713697820960078e-07
4.731129266133393685e-09
2.783991648325212509e-10
8.265669260154595577e-10
0.000000000000000000e+00
1.620469425311910072e-09
7.416936398385587381e-09
9.456926797213327518e-09
1.422648132631820772e-08
3.639411545464099618e-07
5.005684755587935797e-09
0.000000000000000000e+00
3.400282651000452461e-07
0.000000000000000000e+00
4.110544370161672845e-12
8.411125129725860461e-09
5.584188667029366115e-09
7.565353676852737408e-09
1.525427451021243996e-09
3.604952425462215615e-08
2.945119703667842259e-09
2.711446067671374749e-10
1.155825390952713860e-08
3.988954233591357479e-08
3.364429517205280717e-07
2.415912270237186021e-08
2.060649421764537692e-06
6.660911822109483182e-07
2.557748075560084544e-07
5.367446078707871493e-07
1.720269970917343016e-08
2.092258810648672807e-08
5.246063139452417090e-09
1.108377885999933810e-11
0.000000000000000000e+00
1.029170789479394443e-06
4.826216581932385452e-07
1.456612874761731291e-08
2.109079986212236690e-07
3.069008869260869687e-08
5.039061079514794983e-07
3.376907198315848291e-09
1.225965107209958660e-08
6.736307511800987413e-08
8.864044047374175506e-12
1.921737435850445763e-07
8.708642695864909911e-10
2.578663860219876369e-08
2.043284155206492869e-07
3.932673076079140628e-10
8.126126544993894640e-07
1.807635356954051531e-07
1.247336900433992923e-08
3.257456739902409026e-07
1.464410548379646571e-08
1.349775047287948837e-08
0.000000000000000000e+00
3.662938174997520946e-09
9.832169780565891415e-07
0.000000000000000000e+00
4.105647349206265062e-06
1.062156570696970448e-06
4.384792759992706124e-07
6.434547561440240315e-09
1.349029776775978462e-09
1.502818804510752670e-06
2.198255515395430848e-07
6.041421838709828962e-14
3.750731669693863068e-10
5.648334990837611258e-07
8.941240281501450227e-08
0.000000000000000000e+00
2.025263228233598056e-07
0.000000000000000000e+00
3.748334975739453512e-09
0.000000000000000000e+00
3.170557594245337896e-09
0.000000000000000000e+00
1.902449725532662228e-11
1.194731453324493486e-06
0.000000000000000000e+00
0.000000000000000000e+00
0.000000000000000000e+00
2.993976400134101823e-09
0.000000000000000000e+00
0.000000000000000000e+00
0.000000000000000000e+00
0.000000000000000000e+00
0.000000000000000000e+00
5.415784709583704171e-09
0.000000000000000000e+00
0.000000000000000000e+00
4.003775977423629229e-09
0.000000000000000000e+00
0.000000000000000000e+00
0.000000000000000000e+00
0.000000000000000000e+00
5.856656937197612933e-09
4.560298094702375238e-08
0.000000000000000000e+00
1.012234207564688404e-08
0.000000000000000000e+00
5.097154698319172894e-09
6.039479671926528681e-08
0.000000000000000000e+00
0.000000000000000000e+00
0.000000000000000000e+00
0.000000000000000000e+00
0.000000000000000000e+00
0.000000000000000000e+00
0.000000000000000000e+00
0.000000000000000000e+00
0.000000000000000000e+00
2.234210256801816286e-07
1.474905975129559010e-08
0.000000000000000000e+00
0.000000000000000000e+00
0.000000000000000000e+00
0.000000000000000000e+00
0.000000000000000000e+00
2.333054409386914330e-11
0.000000000000000000e+00
0.000000000000000000e+00
3.356599220794009852e-09
1.899123081017251025e-10
7.804854852688780653e-12
6.908977834285678910e-10
1.746223610155084316e-08
5.574081751724691003e-10
8.621476865755539620e-10
0.000000000000000000e+00
7.172881733019664807e-10
0.000000000000000000e+00
0.000000000000000000e+00
1.188457954270916161e-08
0.000000000000000000e+00
6.563369847611966179e-10
7.487960473895327596e-09
0.000000000000000000e+00
8.016273866928713687e-09
0.000000000000000000e+00
0.000000000000000000e+00
0.000000000000000000e+00
0.000000000000000000e+00
1.728327592154244030e-09
1.005115191077265990e-08
0.000000000000000000e+00
0.000000000000000000e+00
0.000000000000000000e+00
7.386461442493441609e-10
0.000000000000000000e+00
1.250053038859277876e-08
1.205421207295387376e-09
0.000000000000000000e+00
4.711939727286562629e-09
0.000000000000000000e+00
3.658883862556194799e-09
6.402467889188301342e-09
1.752384478845292470e-12
5.471663122591507999e-09
1.636030616536388038e-10
1.600201748885865527e-09
1.337017496716441656e-09
1.989316267270169192e-08
1.255061610194729838e-09
8.042932542196012946e-09
8.123092420930788649e-09
4.968318645381941678e-09
0.000000000000000000e+00
2.591106706972823304e-08
1.599535970342458313e-08
4.575399170647642677e-09
1.349481379975259188e-07
1.795024573425507697e-09
5.711455752788197060e-09
1.346964381809812039e-06
1.027255848384811543e-06
3.084873299030732596e-07
2.252361355203902349e-06
5.410739131045394501e-13
3.163985411447356455e-07
1.640296005689378944e-07
3.420490202188375406e-08
6.498457878478802741e-07
2.143063056792016141e-06
6.477700935647590086e-07
2.441824875631937175e-08
8.876948953684404842e-09
4.007404470485198544e-07
4.681218683799670544e-07
3.099763716818415560e-07
1.345282907294631514e-08
1.747646333205565838e-10
2.007653066016246157e-08
8.622938382210273978e-14
6.270060026736246073e-08
2.505606175873253960e-07
8.087024383485186263e-08
4.679414841723961160e-11
3.652852187396860018e-10
2.116968147447551019e-07
2.838993484743923545e-09
1.100532642794860294e-07
3.164108086650685436e-09
4.254965713101910296e-09
0.000000000000000000e+00
7.287373371411831613e-09
2.714523605895635683e-10
3.334238440899639500e-09
4.177158530183078256e-07
0.000000000000000000e+00
3.418051397474641817e-09
6.479265266534639522e-06
3.803588128903356846e-07
1.548913775017979333e-09
0.000000000000000000e+00
2.302347867910725654e-09
6.848543399051720826e-10
8.165135789717226089e-10
0.000000000000000000e+00
0.000000000000000000e+00
3.403778370270060805e-09
2.595215775613723963e-08
1.400987684974097647e-06
1.959286066721688258e-07
5.793443502710715620e-09
3.300102857650699661e-09
0.000000000000000000e+00
0.000000000000000000e+00
0.000000000000000000e+00
3.320129282613493160e-09
1.149028783231642592e-08
1.083016911707090912e-07
6.894444126714915910e-09
7.312856542540657756e-09
3.319819974478832592e-10
2.362700257663163939e-07
3.393705094723031834e-09
1.545899586119503510e-08
3.834031314653429945e-09
3.762965050668753975e-09
7.701703315897423519e-13
2.972745278384536505e-06
1.822440393040025697e-10
0.000000000000000000e+00
1.012561369861941785e-06
9.582236337735139386e-09
0.000000000000000000e+00
3.789172031698484489e-10
0.000000000000000000e+00
2.686594280376652932e-10
7.217244024637636812e-10
1.066712407293834985e-08
2.531471560152098732e-12
6.034022703715891112e-07
0.000000000000000000e+00
1.376306890676914918e-08
8.507909043942163407e-09
0.000000000000000000e+00
9.687618485187954320e-10
7.576848037871286579e-10
8.961657194106464885e-09
0.000000000000000000e+00
3.719516014633050816e-11
2.565364143336523739e-09
0.000000000000000000e+00
7.189049799904978499e-09
1.118594883386947458e-09
9.127344924308999907e-08
4.792762187122434625e-09
0.000000000000000000e+00
8.323247646657705445e-10
6.832714949389639969e-10
1.638524982361388993e-09
1.251227232934581934e-09
3.118248415034940990e-08
4.257970420695755820e-09
3.816515159460465156e-10
1.209299824722620542e-07
8.330070855322446732e-09
9.126122222369303927e-07
1.544746552895048808e-10
1.593549470157995529e-08
6.050703973414783832e-07
8.601935164165297465e-09
1.715701247739787050e-09
7.470568874623495503e-08
1.166280938491581765e-08
8.542023977042845218e-09
1.228334411962350714e-08
6.369608396283865659e-09
3.420098551032424439e-07
1.138633933805976994e-07
4.565038125292630866e-07
3.123042802144482266e-08
5.900856248075569965e-09
1.635873331906623207e-06
1.695805309509523795e-07
0.000000000000000000e+00
4.280354126695584682e-10
2.699308832010416381e-10
9.590953595761675388e-07
4.513931344263255596e-07
3.441592255626346741e-08
6.334819602216157364e-08
0.000000000000000000e+00
1.887275613565719823e-10
6.293698362469513086e-08
3.170739546476397663e-07
0.000000000000000000e+00
3.476901895282935584e-07
0.000000000000000000e+00
0.000000000000000000e+00
5.652268653122405340e-10
1.573620920680696145e-06
5.824012418997881468e-07
5.809661018929546117e-08
2.494815465325928017e-10
1.781709224601968344e-09
3.271768775903183268e-07
2.919388064626105006e-09
2.268168408647852630e-08
0.000000000000000000e+00
0.000000000000000000e+00
1.666864513083510246e-08
7.628663256653567259e-10
7.716529353274381720e-07
4.098829275989146481e-09
2.544172730267746374e-07
1.517896919267514022e-08
5.964073324093988049e-08
9.864568717432575795e-09
1.154439033257403935e-07
1.786435319672818878e-07
8.506137461061769045e-10
0.000000000000000000e+00
5.697682468053244520e-07
2.260958503752519277e-10
1.434867513694371155e-08
1.948354588776624041e-09
0.000000000000000000e+00
1.402578817533139954e-07
9.138735990177337953e-09
8.746328994391205924e-09
1.033496292018876161e-11
2.461053725255624158e-07
5.976119865636064787e-08
4.316177415475408452e-10
2.784673804479692594e-13
0.000000000000000000e+00
3.873938114740127503e-10
0.000000000000000000e+00
0.000000000000000000e+00
0.000000000000000000e+00
0.000000000000000000e+00
2.048389236009029446e-09
0.000000000000000000e+00
0.000000000000000000e+00
0.000000000000000000e+00
0.000000000000000000e+00
6.204503133488969979e-09
0.000000000000000000e+00
0.000000000000000000e+00
0.000000000000000000e+00
0.000000000000000000e+00
0.000000000000000000e+00
0.000000000000000000e+00
5.973244121548759722e-09
3.921107634141662857e-07
1.006332126962661278e-06
0.000000000000000000e+00
1.351244227620895799e-09
0.000000000000000000e+00
1.473440125465685924e-08
6.952264985926603913e-09
3.228352252193644745e-09
0.000000000000000000e+00
0.000000000000000000e+00
0.000000000000000000e+00
2.651891817251339489e-09
0.000000000000000000e+00
0.000000000000000000e+00
0.000000000000000000e+00
0.000000000000000000e+00
1.228891433058265648e-09
1.440032204591545906e-09
0.000000000000000000e+00
0.000000000000000000e+00
0.000000000000000000e+00
0.000000000000000000e+00
1.937288524045399640e-11
3.221337196990248231e-09
0.000000000000000000e+00
4.847720092016061244e-08
0.000000000000000000e+00
2.092871292935782890e-10
0.000000000000000000e+00
0.000000000000000000e+00
3.866234976612759056e-07
1.739491466423714883e-07
0.000000000000000000e+00
2.729642900600737221e-12
1.313664938606962096e-06
6.724486212306146626e-08
1.969406412172247656e-06
0.000000000000000000e+00
5.876786417502444237e-07
7.736580442951890291e-08
4.469458136924231439e-10
6.510415317961815163e-08
3.371919854444627163e-09
0.000000000000000000e+00
0.000000000000000000e+00
0.000000000000000000e+00
1.405181304647840079e-09
0.000000000000000000e+00
0.000000000000000000e+00
1.552913353464191459e-09
0.000000000000000000e+00
5.725579121929058601e-09
1.550795603044718973e-09
0.000000000000000000e+00
1.368310222460422665e-06
2.837841295288967558e-09
0.000000000000000000e+00
1.533221660743322445e-09
0.000000000000000000e+00
1.645977354414185356e-09
2.846729740824116561e-09
9.351857066519642103e-09
5.809141612189705484e-09
0.000000000000000000e+00
1.437242130863936040e-10
5.956417137298330999e-09
7.301523385905284158e-09
2.939290766335034277e-08
2.375800889353740786e-08
5.253191770471232758e-10
0.000000000000000000e+00
0.000000000000000000e+00
3.154111425374139799e-07
2.642113727802097856e-08
1.242387668298761128e-07
1.811953568415201887e-14
7.608247187818051316e-07
1.396648396934097036e-08
3.425043360039126128e-07
9.074809348419421440e-09
0.000000000000000000e+00
2.349064276430112841e-09
1.203566284857515711e-06
6.308789046727270033e-09
4.293694733092934257e-09
7.997011408633625251e-08
3.050511168112279847e-07
3.668166570491848688e-08
3.621874355985710281e-09
3.394224679098556408e-09
3.075239760619297158e-07
1.434932812571787508e-07
2.127080449554341612e-07
0.000000000000000000e+00
1.327212089563545305e-06
1.478875910621013645e-09
2.263603526841961866e-09
1.803630844676717970e-08
6.563627863442889065e-09
9.766436791236454695e-13
2.777075636117842805e-08
2.894518236207233031e-10
5.239676054147324180e-11
3.829772481367399450e-07
3.568443105450569419e-07
6.740797289239708334e-07
5.896292520901624812e-08
1.401066929140881712e-09
2.969364913951721974e-07
0.000000000000000000e+00
9.323152916351773456e-09
3.910299994913657429e-08
5.066689823252090719e-08
4.790816632294081501e-10
2.276469075468412484e-07
1.054454834559237497e-08
4.244497020522430830e-08
9.343159135255518777e-09
6.190075563239361145e-09
6.010200670480969620e-10
2.637663865101558258e-09
2.138489740843851905e-08
5.642094720315071754e-07
1.561167341235236705e-11
3.437418456542218337e-07
1.798058661961476901e-07
0.000000000000000000e+00
5.604539978776301723e-07
7.499902032748195779e-09
9.858247031202527211e-13
1.120943124988116324e-06
1.632165336218349694e-08
1.114668293666909449e-06
3.802508974359852800e-09
3.031718733836896718e-06
1.069039853973663412e-06
0.000000000000000000e+00
1.125827098213960653e-09
5.181175765756051987e-06
3.570048647816292942e-07
5.454152240957910180e-09
0.000000000000000000e+00
0.000000000000000000e+00
1.806287008854212672e-09
8.734514778119262246e-10
0.000000000000000000e+00
3.100214751583507677e-09
2.243049834760313388e-08
6.434830446266914805e-09
9.662587174830150616e-09
1.602129806599350559e-08
2.095536046908819117e-06
5.789597778971256048e-08
9.078589613409349113e-08
4.236661879986058921e-06
0.000000000000000000e+00
1.374363289841085134e-08
3.109935420297915698e-09
0.000000000000000000e+00
5.041436565988988150e-07
1.546027839083308209e-08
0.000000000000000000e+00
5.513929224321145739e-08
1.103975799665590785e-09
7.805085466827677010e-09
2.728379522309865024e-09
2.720287106683372258e-08
8.670522633202892848e-10
8.696234288230186849e-10
2.407508414847825406e-09
1.065613787432084791e-06
2.890604662297846517e-07
3.053982666756382969e-08
2.418021161076921999e-08
3.032527562396580834e-10
1.697130080913211714e-08
1.882682632015075797e-08
6.655217710260785680e-09
4.323589486432410922e-09
5.080338927321292886e-10
1.624580647785478504e-08
4.691649166943534510e-07
0.000000000000000000e+00
2.028375511997637659e-08
8.275487175524176564e-07
1.118145992462515892e-10
1.484567357934452048e-09
0.000000000000000000e+00
9.428860470173106023e-11
7.803986346033298105e-10
6.409632646864338312e-07
3.620691018113575410e-07
0.000000000000000000e+00
8.108275856288926775e-11
2.601645121558249230e-09
0.000000000000000000e+00
3.230034295587103088e-10
1.104356712744447577e-07
1.998863297103525838e-09
7.178397876117514897e-09
3.721847718907156377e-09
4.372350659309631737e-08
2.942672105987753639e-09
2.155123901559363730e-08
2.727435628457897110e-07
0.000000000000000000e+00
3.712084112317270979e-11
7.575167160212004092e-09
3.327566000521642309e-09
0.000000000000000000e+00
1.467826082901524387e-09
2.338174738270026864e-07
1.683704198285340681e-08
2.840403467985197494e-09
0.000000000000000000e+00
1.909483682283052985e-09
1.309020003503746921e-09
2.438788615499731804e-10
1.129976445746194713e-09
5.357871373234956991e-07
2.243277341662519575e-09
5.712756379061545431e-10
1.447055183234624565e-06
3.803994064188742641e-10
5.077906095607431780e-09
2.830844181289648986e-08
1.962881945871686185e-08
1.027630780470190075e-08
8.253419059300881599e-10
5.713098403248295654e-07
9.885854801439108996e-09
5.933161739690717695e-10
2.205807959398953244e-06
1.396810134224324429e-08
9.371640130595437768e-10
1.350358758145375759e-08
1.681961098176643077e-10
4.048913204712789593e-09
7.387586009599544923e-08
6.469642812589881942e-07
2.242277918895752009e-09
5.643640665908833398e-09
1.005941143716881925e-07
2.275701227461013332e-08
2.194340487093882075e-09
2.020219103116005499e-09
5.691835625043495384e-08
5.783766243716570443e-10
9.972051628892586450e-09
6.555898046656238876e-09
5.022408004151657224e-06
9.013734647567162028e-09
0.000000000000000000e+00
6.683936043527793913e-11
3.744115062431774277e-08
1.865115617505352930e-09
2.525216480364633753e-08
2.223708150950187701e-07
9.835391665546922013e-07
4.532991204619918335e-10
2.124512787915477929e-09
2.975830692975023339e-10
2.257101172631337249e-09
0.000000000000000000e+00
2.079432448454099358e-08
1.314138686758781205e-09
0.000000000000000000e+00
3.723005903566445340e-09
6.354566650657034188e-09
4.612737303233416242e-09
0.000000000000000000e+00
1.265138536155063775e-07
1.809364436056171144e-09
1.757636027832631953e-07
1.244050196191892610e-09
3.897206113379070302e-08
5.056779994738747064e-10
7.633105258975092511e-10
4.082897214763292482e-13
2.989029246336372125e-09
0.000000000000000000e+00
0.000000000000000000e+00
1.377880365360795167e-09
3.806910897630189083e-10
9.160833087662467733e-07
2.576649338337233530e-09
5.741926031865851598e-11
4.756621208024114367e-10
2.051970824368254398e-07
0.000000000000000000e+00
5.959727822357763216e-09
2.452299474597907647e-09
2.837654555776225607e-09
0.000000000000000000e+00
2.813680177737865051e-09
7.557308556727093674e-09
3.711139484607883787e-08
8.329595857503591105e-07
1.074173816562051798e-08
1.790444947857849911e-08
9.141004397861252073e-07
5.815822934351899676e-09
1.335831861792868835e-10
0.000000000000000000e+00
0.000000000000000000e+00
3.391389924445320503e-08
3.011656701801257441e-09
0.000000000000000000e+00
0.000000000000000000e+00
0.000000000000000000e+00
4.367396968518733047e-07
0.000000000000000000e+00
9.059183625481637137e-09
2.040201252384576946e-06
0.000000000000000000e+00
6.545609831931642475e-09
0.000000000000000000e+00
0.000000000000000000e+00
0.000000000000000000e+00
0.000000000000000000e+00
0.000000000000000000e+00
1.047033393319907191e-08
9.024499370013927546e-09
1.559525664163174952e-08
8.653120442403405832e-10
3.793755976033708066e-09
2.621678873993005254e-09
2.677891464131221255e-09
3.012734950402773393e-09
1.483279499225886866e-09
8.973083560903649669e-12
3.956870386900845915e-09
1.738212129787086724e-09
3.822664851327317592e-08
6.020437037790316026e-09
1.002691263352062379e-07
1.424322420007229084e-07
7.317502159764899261e-09
6.534643659517058722e-11
2.215442691522184759e-07
4.133073883139104510e-10
6.391485953827213962e-07
1.000269875817139109e-07
2.098519136239929139e-09
4.348812296939286171e-07
5.432984617748104483e-10
2.175244731006387156e-07
4.236562656245723701e-09
7.114881555025931448e-07
2.914504637629988792e-09
1.129932397647692710e-10
2.661317388685802143e-09
0.000000000000000000e+00
3.440439710900022874e-09
9.773329701090460730e-09
7.237470622811770227e-10
1.600278309865643678e-08
2.008069486691965722e-06
6.249848416572945098e-10
4.483653981424140511e-08
0.000000000000000000e+00
1.905632096566023392e-09
5.502613920072008113e-09
8.326286859983156319e-08
1.343526889741042396e-08
4.351579097061630819e-09
5.852166751196818950e-09
3.384366051295550903e-11
1.887068279415871075e-08
1.343826649957691188e-08
0.000000000000000000e+00
1.041039965343770746e-08
0.000000000000000000e+00
4.788068830308134238e-10
0.000000000000000000e+00
3.729488540216152614e-08
8.454411926095417584e-08
0.000000000000000000e+00
4.680336562756792773e-09
2.185759129247344390e-08
3.683941374177379657e-09
3.192899944437499471e-09
2.864375936439955694e-08
0.000000000000000000e+00
2.331017157075621071e-09
1.261230841986815676e-10
6.211401948341688239e-10
6.459648460577227524e-08
2.082251967294723727e-06
3.795521119620559602e-10
3.822912039014303431e-13
6.402868457655586099e-09
0.000000000000000000e+00
5.305635681907006074e-07
1.862711984657039466e-09
0.000000000000000000e+00
0.000000000000000000e+00
1.352987965219654143e-06
3.416206650896924657e-09
6.600226356567873154e-07
1.860782750107148331e-09
1.512434844030963177e-09
1.651370098443294410e-07
1.591775489195867976e-09
2.368547846742785623e-08
1.567408162372885272e-06
0.000000000000000000e+00
1.799395121793168073e-08
0.000000000000000000e+00
1.924456682900199667e-08
0.000000000000000000e+00
6.545207487107518318e-09
4.427687372299260460e-08
0.000000000000000000e+00
2.608008253801585852e-09
0.000000000000000000e+00
0.000000000000000000e+00
0.000000000000000000e+00
0.000000000000000000e+00
1.187923501788645808e-07
8.650053118230971450e-09
1.519337544664267625e-09
0.000000000000000000e+00
0.000000000000000000e+00
0.000000000000000000e+00
0.000000000000000000e+00
0.000000000000000000e+00
3.511342328010869096e-10
2.173599744637044751e-09
0.000000000000000000e+00
4.829901811831405212e-09
1.353545187043891929e-08
1.102753000026268637e-09
2.211220317960282955e-09
6.629054638551679091e-09
3.157015315835565161e-09
5.303018468794107321e-09
8.105238258337976731e-09
0.000000000000000000e+00
1.293287421599842446e-10
8.721597666294655937e-09
0.000000000000000000e+00
0.000000000000000000e+00
0.000000000000000000e+00
6.149907805230725444e-10
1.445867383154109120e-06
4.104478090738439278e-09
2.278159030311144306e-07
4.517163532113954716e-08
0.000000000000000000e+00
0.000000000000000000e+00
3.379678048531786771e-08
3.351302846343884312e-10
8.966703074486659375e-11
1.509061625659668948e-10
1.042292696595836787e-09
2.074273863783560046e-09
6.015400622061406466e-09
9.732198380518752856e-11
1.990387943351379363e-07
4.310078072222722767e-09
6.985107603441065294e-08
2.672788745883281081e-08
1.690880822025064845e-07
1.898929326671350282e-06
7.252970135596115142e-07
6.194171078277577180e-07
2.439469653836567886e-06
0.000000000000000000e+00
1.325319765044241649e-08
3.155103343033260899e-07
7.592834094793943223e-08
3.405373050213711394e-08
0.000000000000000000e+00
2.416173749963945738e-08
6.917416861540459649e-09
1.538905820552827208e-07
3.972331352741775845e-09
1.246403158461362182e-08
2.540396337735728594e-07
9.306894699356860201e-10
1.864835894593852572e-06
1.254442594245119835e-08
4.884703130869638699e-08
2.830666971931350417e-07
5.228341137808456551e-07
5.154890914127463475e-07
3.071097509632636502e-08
1.657902437557368103e-08
7.474873342516730190e-08
0.000000000000000000e+00
1.524967235821961253e-10
5.385734311857959256e-07
0.000000000000000000e+00
0.000000000000000000e+00
0.000000000000000000e+00
1.121794639402651228e-07
0.000000000000000000e+00
1.836914520936261397e-06
1.719864854976549395e-07
0.000000000000000000e+00
0.000000000000000000e+00
0.000000000000000000e+00
1.619487988158141434e-09
0.000000000000000000e+00
0.000000000000000000e+00
3.299847435300762299e-07
6.040908573368142243e-08
3.577083074191023115e-10
0.000000000000000000e+00
4.592463298536131333e-09
5.460675023272187900e-09
8.267183915222631185e-08
1.297404310207639355e-06
1.664544697632663883e-07
0.000000000000000000e+00
4.000346791599440621e-07
2.078143701567114476e-08
4.526147012740011633e-09
0.000000000000000000e+00
7.267484392059486709e-09
7.415031255675330613e-09
0.000000000000000000e+00
5.719683837668299020e-09
1.000757029329113479e-11
8.404332785261203753e-10
6.301625177229652763e-08
3.689673278017835401e-08
0.000000000000000000e+00
6.789687478914174790e-09
0.000000000000000000e+00
6.021703484293539077e-06
6.170497499624616466e-07
5.995182164042489603e-07
1.583586453079988132e-07
7.949216183078533504e-07
1.370844557868622360e-07
2.448261859910871863e-08
2.257374944747425616e-06
1.252521997230360284e-07
7.940589341615122976e-08
4.516652154507028172e-07
5.375991918299405370e-07
3.279994587046530796e-07
7.122760621314228047e-07
1.777892748577869497e-06
1.332567421741259750e-06
4.880512847194040660e-07
9.776409797268570401e-07
7.239277124426735099e-07
8.470544230476662051e-07
1.313315806328319013e-06
2.547984934153646464e-07
9.368526434627710842e-07
1.236772618540271651e-06
1.326155938841111492e-06
3.312022727186558768e-07
4.973627483195741661e-07
4.907914217255893163e-07
7.411635039034081274e-08
4.154895805186242796e-07
3.220817745841486612e-07
7.141519375863936148e-09
1.045272881583514391e-07
7.638994325986914191e-09
5.914861958444816992e-06
7.856470318756691995e-08
3.399244405954959802e-07
1.029090856974335111e-08
1.736536781038466870e-08
1.149757267171480635e-07
7.849296679296458024e-08
5.593239649215320242e-08
8.405779112763411831e-07
1.609332400676066754e-07
3.749455856905115070e-07
7.703192750341258943e-07
1.944429897093868931e-07
5.326656893345216304e-09
5.308646322532695194e-08
3.435731343870429555e-07
1.523810965409211349e-06
4.427549527008523000e-07
6.140620598671375774e-07
2.665685805425255239e-08
1.231405093449211563e-07
2.072663846774958074e-06
5.804628926853183657e-06
8.363497272512177005e-07
8.583033377362880856e-07
6.081091328269394580e-07
1.734718011903169099e-06
1.304757688558311202e-07
1.389179686839270289e-07
1.424233886382353376e-07
2.283166850247653201e-06
6.635798968090966810e-07
3.274060986768745352e-07
2.698903472264646553e-06
4.487440889988647541e-07
1.287892814616498072e-06
1.780858610800351016e-06
7.150230771912902128e-07
1.161933710136509035e-06
8.834105003074910201e-09
8.529487445230188314e-07
3.635302164184395224e-06
2.834080135016847635e-07
9.092122468246088829e-07
2.052791387541219592e-06
2.136465582225355320e-06
1.689597866061376408e-06
3.409134308185457485e-07
2.767441458217945183e-07
2.759596213763870765e-07
1.249915021617198363e-05
9.448633022657304537e-07
4.689978254646121059e-07
4.121216932162496960e-07
5.060414309809857514e-07
1.620076773178880103e-06
7.999503850442124531e-07
2.238957819145070971e-07
1.440992832613119390e-06
1.873632697879656916e-07
3.821396035164070781e-07
1.415745828126091510e-06
1.093766786652849987e-05
2.722441195146529935e-06
3.005045527970651165e-06
1.041776954480155837e-06
6.248957333809812553e-07
1.647936187509912997e-06
1.439511152057093568e-06
5.704474688172922470e-07
6.735037914040731266e-07
4.739339658499375219e-07
1.046785200742306188e-06
3.995692168246023357e-07
1.757059777673930512e-07
1.762585810638483963e-07
1.000741804091376252e-06
1.002615249490190763e-06
2.387590347652235323e-09
7.722720170022512320e-07
7.175978566920093726e-07
8.494073000520074856e-09
1.191603473671420943e-06
0.000000000000000000e+00
8.788135552606490819e-09
7.788042353240598459e-07
2.520944519801560091e-07
9.238096509989190963e-09
1.089267556153572514e-07
1.771515712789550889e-06
1.910973423946416005e-06
8.112504588098090608e-07
5.660115220962325111e-07
3.446951382102270145e-07
2.024107743636704981e-06
2.420964335669850698e-07
4.977700314157118555e-07
8.514898581779561937e-07
6.934932571311946958e-06
2.168835067095642444e-07
6.372222856043663342e-07
6.223516635373016470e-08
4.644197133529814892e-07
1.332543035914568463e-07
5.684989332621626090e-07
1.357692411829702905e-07
1.430047291250957642e-06
3.176782570335490163e-07
3.323850137348927092e-07
7.673917821193754207e-07
1.767009734976454638e-06
2.586875780252739787e-07
1.136001060331182089e-06
8.676414040564850438e-07
4.119356731280277018e-07
3.643428954092087224e-07
4.435000846569892019e-07
1.866475400902345427e-07
1.262684008906944655e-06
9.581724498275434598e-07
4.130625370635243598e-07
1.333929056102078903e-08
8.151732799888122827e-07
2.388394548802352801e-08
1.116559786851212266e-07
7.959929604339777143e-08
2.635784767335280776e-06
4.264379924734384986e-07
4.510415596570283014e-09
1.479734237364027649e-07
3.931036189896985888e-07
0.000000000000000000e+00
3.677852467021125449e-09
3.785440640058368444e-06
3.457678232621219649e-08
6.340463265530615899e-09
5.097254618391389158e-09
3.654823501619830495e-07
7.905683929720908054e-08
2.815457378346764017e-07
9.099357498598692473e-07
7.238263037834258284e-07
1.710299670776294079e-06
1.670423785071761813e-06
2.925174555912235519e-07
9.334767128166276962e-07
2.865441047106287442e-06
1.456469021832162980e-06
1.315103418164653704e-06
1.791125782801827881e-06
8.284421824100718368e-07
1.053965434039128013e-06
3.124913234842097154e-07
7.852777912376041058e-07
1.875993262956399121e-07
8.128907325044565368e-07
1.800940026441821828e-06
0.000000000000000000e+00
5.563530862673360389e-07
1.384966541451149169e-08
1.850630269473185763e-06
5.060754233454645146e-07
2.464602522067593782e-09
2.293994612045935355e-07
0.000000000000000000e+00
2.612285072700615274e-07
0.000000000000000000e+00
1.902202342307646177e-07
6.175966404953214806e-09
3.414275084878681810e-08
7.992086352714977693e-07
8.564176141589996405e-07
7.053220087982481346e-07
3.444582034717313945e-06
3.488797517547936877e-07
2.430702750189084327e-07
2.220360784122021869e-07
7.954508873808663338e-07
1.031391505534884345e-08
1.203877900479710661e-06
4.913939619655138813e-07
3.413972251564700855e-07
9.308503763350017834e-07
6.758644985893624835e-07
1.354025584987539332e-06
1.768592454709505546e-07
5.750721356889698654e-07
1.141728375841921661e-06
1.540448010928230360e-06
2.520130692573729903e-06
2.706157999909919454e-07
8.051870281633455306e-08
9.314994331433013031e-10
1.139725469556651660e-08
1.496617585416970542e-07
5.422705617874612471e-10
4.510078088770796967e-09
1.378326999201817671e-07
2.741686522256259195e-08
8.053010787989478558e-06
9.778359455481222540e-09
2.880378247027692851e-07
7.782973376890822692e-09
1.784138817129132804e-06
8.731098205316811800e-06
3.182179398208972998e-06
5.774840516892254527e-08
1.280395849789783824e-06
1.949053739735973068e-06
1.496376398790744133e-06
4.544028797681676224e-07
1.137016056418360677e-06
1.605400967719106120e-07
1.246213855665700976e-06
2.798288960548234172e-06
5.189757303014630452e-06
3.210235036021913402e-06
1.876515625554020517e-06
3.543679270023858408e-07
1.280722813135071192e-06
4.011964392702793702e-06
1.162075136562634725e-06
8.008612439880380407e-07
9.571220971338334493e-08
1.072842678695451468e-06
2.608845306895091198e-06
6.954253617408312493e-09
1.468710820518026594e-06
6.071329750056975172e-08
4.511652385019715439e-09
1.218257494883800973e-07
2.068478806904749945e-06
4.172663921053754166e-06
6.752669889920071000e-08
2.112182784230753896e-07
0.000000000000000000e+00
2.908772778198454034e-09
2.212862852957186988e-07
0.000000000000000000e+00
3.832665296243931152e-09
7.812363946868572384e-07
1.640671172253860277e-07
5.465851700137136504e-07
3.498112448596657487e-07
2.712719606279279105e-06
1.510133387228052015e-07
2.479663123722275486e-07
4.382468716812581988e-07
3.196245756953430828e-07
7.016531071712961420e-07
1.189399540635349695e-06
2.322678028576774523e-06
3.016584173565206584e-07
4.764068819440581137e-07
1.907300998027494643e-06
1.021806838252814487e-06
0.000000000000000000e+00
0.000000000000000000e+00
1.293408002228657594e-11
1.969152663150453009e-07
2.106305458937640651e-07
0.000000000000000000e+00
2.787951380867070839e-08
2.131459808651925414e-08
4.909579274681163952e-06
6.963038856611092342e-08
0.000000000000000000e+00
0.000000000000000000e+00
1.475667517070178292e-07
2.121363280593868694e-07
8.586293454015958559e-09
1.629961161597748287e-06
4.696033006901245699e-10
0.000000000000000000e+00
4.546693901374965208e-07
0.000000000000000000e+00
7.037385431341025566e-12
0.000000000000000000e+00
6.186058332247057479e-09
0.000000000000000000e+00
0.000000000000000000e+00
0.000000000000000000e+00
0.000000000000000000e+00
8.238589366271753534e-09
4.118201246683383943e-08
3.710745204443810508e-07
7.691682668564681080e-08
3.849821439416700741e-07
3.893790676556818653e-07
3.349957523823832162e-06
1.874693566605856176e-06
7.022727004368789494e-07
7.509234364988515154e-06
1.180350295726384502e-06
1.241599392187708872e-07
1.114445126404461917e-06
1.335317506345745642e-06
8.685570485056359757e-09
1.557015072428669100e-10
0.000000000000000000e+00
4.139669442793092458e-07
0.000000000000000000e+00
7.038370881673472468e-07
1.086935981220449321e-07
1.126394977291056421e-09
0.000000000000000000e+00
7.654216460650786757e-08
2.681625588252245507e-09
4.295085886951710563e-07
3.217716226799893775e-08
6.491703008482119230e-11
1.446379229719241266e-07
1.019273554447863717e-06
2.025700496233184822e-08
9.138139134279299469e-10
1.050583620099132531e-08
1.463904286680417499e-08
4.908494943833829893e-08
1.441922758971259100e-08
2.061427267108228989e-06
8.174720846909622196e-07
3.349226972204633057e-06
2.886555137138202554e-07
3.085746982378623215e-07
2.849307918495469494e-07
3.344576668951049214e-07
2.080719696095911786e-06
6.837732371423044242e-07
3.741687635283597047e-07
1.197570327349239960e-07
1.489026658418879379e-06
2.622921044803661061e-07
4.946500666846986860e-07
5.441644468362483167e-09
0.000000000000000000e+00
2.659835445228964090e-06
0.000000000000000000e+00
0.000000000000000000e+00
2.038606394805242417e-09
1.992451181820342754e-08
0.000000000000000000e+00
0.000000000000000000e+00
0.000000000000000000e+00
0.000000000000000000e+00
0.000000000000000000e+00
1.277320365034029237e-07
0.000000000000000000e+00
4.582768831085104466e-09
0.000000000000000000e+00
0.000000000000000000e+00
2.273032890798276640e-07
3.010863110830541700e-06
1.500332587056618650e-07
4.352975508936651750e-07
3.982830776294576935e-07
2.015643332242689212e-07
5.124740596329502296e-07
3.976983862230554223e-07
1.490072918386431411e-06
2.073727216611587210e-07
1.500497660344990436e-06
6.155117944217636250e-07
4.517962679528864101e-07
2.926342688169825124e-07
6.729829920004704036e-07
4.446535797342221485e-07
4.038846839193865890e-07
1.121657575708923105e-07
3.104522932062536711e-07
1.515898702564300038e-06
5.806209060210676398e-07
1.133845941581057559e-07
2.450539568599197082e-06
1.354774781248124782e-06
4.175701349140581442e-07
5.901383701711893082e-07
9.265608582609274890e-07
1.506072862866858486e-06
2.236465235228024540e-07
1.025962319545214996e-06
0.000000000000000000e+00
2.949980455468903529e-07
1.505519122702025925e-07
3.649606128419691231e-07
2.886256744716320100e-08
1.345962346022133715e-06
9.857621563469365356e-08
4.588991032505873591e-06
2.128561163772246800e-06
0.000000000000000000e+00
9.410725670955244482e-11
4.985966750581383167e-09
6.304161956904863473e-07
4.248290110808738973e-07
4.126078181343473261e-07
3.076634413901047083e-07
9.374734872835688293e-07
8.715729222785739694e-07
6.380203103617532179e-07
4.337110226515505929e-07
1.706699549686163664e-06
1.596998117747716606e-06
6.176357487674977165e-07
1.065411424860940315e-06
1.409592528034409042e-06
4.617225783931644401e-07
2.208609117815285572e-07
1.890869043563725427e-07
4.040766725665889680e-07
2.329484374286039383e-07
4.586923751048743725e-06
2.686798779905075207e-06
3.104911741047544638e-07
1.513359848104300909e-06
2.058985046460293233e-06
2.054942314089203137e-07
4.202827881272241939e-07
1.032702357406378724e-06
3.722880990153498715e-07
5.077084210824978072e-07
7.058208240096064401e-08
0.000000000000000000e+00
0.000000000000000000e+00
8.560203212937267381e-09
0.000000000000000000e+00
0.000000000000000000e+00
0.000000000000000000e+00
9.368418432131875306e-07
0.000000000000000000e+00
5.634056492453964893e-07
4.527137420495819242e-08
1.484773406446038280e-06
3.884787531660549575e-07
1.059806209013913758e-06
4.646331888125132537e-07
2.207885074767546030e-07
1.356426082566031255e-06
1.438800989461697100e-08
4.613957571564242244e-07
7.086093773978063837e-07
6.929487312845594715e-07
2.869640638891723938e-06
2.251430402111509466e-07
4.558460659609409049e-06
1.559451106913911644e-06
6.091308932809624821e-07
0.000000000000000000e+00
0.000000000000000000e+00
0.000000000000000000e+00
0.000000000000000000e+00
0.000000000000000000e+00
1.486149692198068806e-08
0.000000000000000000e+00
0.000000000000000000e+00
2.740924628596985713e-06
6.318898613244527951e-07
1.650871922720398288e-06
2.255671383011303988e-08
7.054826056673846324e-09
5.156884697044006316e-09
1.054687359669514990e-07
7.490169942614421927e-12
0.000000000000000000e+00
0.000000000000000000e+00
4.428112987397980760e-08
7.004879343242009782e-09
1.759327830086476752e-07
9.778935918802744709e-07
9.777664899957017042e-07
1.043560814650845714e-06
9.606825415175990202e-07
3.935672054922179086e-07
3.679611211282463046e-07
1.799061237761634402e-06
2.258729409732040949e-06
5.205640150052204262e-07
1.126843400811594620e-07
2.871270908144651912e-06
2.042759916776049067e-07
1.004033407525639632e-07
7.934140739962458611e-07
3.882923635956103681e-07
0.000000000000000000e+00
2.355707692913711071e-06
3.280184728282620199e-07
6.449984084611060098e-07
2.393176828263676725e-06
0.000000000000000000e+00
9.174728532457265828e-09
5.429026828096539248e-07
6.666528662435666774e-09
2.484408696545870043e-07
2.511111688363598660e-06
0.000000000000000000e+00
3.821106486778802491e-10
0.000000000000000000e+00
5.845291806139130131e-09
3.818259319832151277e-10
6.236813732130030985e-09
0.000000000000000000e+00
9.267388634270901093e-08
6.669077290410996284e-09
1.118139136835338832e-09
1.353777889789853361e-08
4.581582402352069039e-08
3.806742938650131691e-07
0.000000000000000000e+00
1.979621577774537400e-09
3.761361014320563356e-11
0.000000000000000000e+00
9.541157623971230350e-07
9.657352393332985230e-07
1.470534925829269923e-06
1.161913132818881422e-06
1.874957661129883491e-06
1.340984454145655036e-06
9.069449333765078336e-07
6.557507958859787323e-07
1.659179019952716772e-06
4.987089141650358215e-07
1.280464658748314832e-07
6.240151719794084784e-07
4.970775648871494923e-07
1.261801457985711750e-06
2.593328360944724409e-07
7.673968866583891213e-06
3.785882540796592366e-07
3.201720346623915248e-06
8.502441806168548055e-11
2.125525497831404209e-06
0.000000000000000000e+00
1.086592646970530041e-06
1.299385132824681932e-07
4.088725802375847707e-08
6.731401214210563921e-08
1.719531326216383604e-07
7.697857427046983503e-07
2.691697318368824199e-07
2.407831289019668475e-06
2.263753486886344035e-07
2.984255843330174685e-06
7.544559252892213408e-07
8.013282126739795785e-08
6.557069696100370493e-07
5.635533284475968685e-07
1.187381485578953288e-06
3.307168867650034372e-07
8.136266842484474182e-06
8.782814688856888097e-07
1.686059221128743957e-07
5.801119300485879648e-07
1.563517741942632711e-07
3.543152615748113021e-07
5.405888714449247345e-07
0.000000000000000000e+00
7.067393426041235216e-07
0.000000000000000000e+00
1.474187172334495699e-07
1.099708242691121995e-06
2.881895397877087817e-07
5.701107988476117328e-11
2.450394049446913414e-06
5.245503416517749429e-06
1.610023758757961332e-07
2.179965576942777261e-07
5.538728373721824028e-07
3.940227202292589936e-07
1.059053261087683495e-06
2.100147042938260711e-07
4.488328158913645893e-06
4.658959369407966733e-06
7.648444579899660312e-07
3.013173568433558103e-07
1.180311073767370544e-06
5.338915229913254734e-07
0.000000000000000000e+00
3.239895818296645302e-07
7.829926857993996236e-07
2.979700930438866635e-09
4.043892829486139817e-07
0.000000000000000000e+00
0.000000000000000000e+00
0.000000000000000000e+00
2.602449367117287693e-09
0.000000000000000000e+00
4.712865098177587697e-10
0.000000000000000000e+00
0.000000000000000000e+00
8.937134765574228368e-08
0.000000000000000000e+00
0.000000000000000000e+00
5.451858964278244457e-09
3.038128113530547125e-07
6.803013974376881379e-08
3.321117603150014475e-08
0.000000000000000000e+00
3.194199507561279461e-06
1.102518467632762622e-06
4.581087580390885705e-07
3.868782414429006167e-07
4.374799686956976075e-07
1.599359734427707735e-06
2.959013727377168834e-07
6.642292191827436909e-07
1.444132493588767829e-07
1.027785629048594274e-06
0.000000000000000000e+00
0.000000000000000000e+00
2.826258116428448375e-10
4.694684321293607354e-06
0.000000000000000000e+00
0.000000000000000000e+00
2.378783165113418363e-06
3.312583263248569665e-10
0.000000000000000000e+00
2.277408261974755987e-09
9.027096403713130712e-09
3.447681473645047845e-09
1.196334125097564538e-07
2.680486277384375171e-09
0.000000000000000000e+00
0.000000000000000000e+00
2.088509063469246030e-07
1.233538114320253953e-06
8.800431032796041109e-07
1.251631829291000031e-06
1.186947065434651449e-05
1.284802920054062270e-06
4.759723424285766669e-07
0.000000000000000000e+00
2.370495053582999390e-07
4.639200597011949867e-06
1.459256626645810684e-08
2.619276983750751242e-06
4.201222925104275419e-09
2.043647100435919128e-07
2.661861131514342560e-08
5.548988610826199874e-06
1.193100501950539183e-06
3.625995532274828292e-06
2.806547172440332361e-06
2.441814558551413938e-06
1.012600591820955742e-06
5.302605131873860955e-06
1.545857344353862572e-06
2.515773076083860360e-06
9.732976877785404213e-07
6.566714887412672397e-07
8.140322279359679669e-06
4.325988243181200232e-07
2.408929411501503637e-08
5.723080676034442149e-08
4.468113559141784208e-07
7.964250698933028616e-07
6.110929916758323088e-06
3.799861588049679995e-06
0.000000000000000000e+00
1.428391897206893191e-06
1.812494247133145109e-06
1.223581193698919378e-06
1.214083567901980132e-06
2.545703182477154769e-06
2.647575456649065018e-07
1.685470323309345986e-07
8.309237387038592715e-07
9.574893056196742691e-07
2.347825545090387322e-10
0.000000000000000000e+00
0.000000000000000000e+00
0.000000000000000000e+00
0.000000000000000000e+00
1.388653636524850299e-09
3.876007070857667713e-09
5.901631183746758325e-08
0.000000000000000000e+00
3.088950052188010886e-06
2.113307147055820678e-07
2.177068303410578665e-09
2.932329379312648143e-10
7.534621815352693375e-09
8.617049435111212574e-11
1.696054852118322742e-09
9.045095783477563600e-10
2.785590334786203215e-12
6.076052017078836798e-08
3.820480820593274984e-09
2.474089555448699684e-08
4.504313892539357767e-06
6.627968218708701897e-07
9.627993335925566498e-08
1.788973463590082247e-06
2.904543634940637276e-06
2.982168041398836067e-07
0.000000000000000000e+00
5.347375235942308791e-07
9.292788760717485275e-09
0.000000000000000000e+00
3.877460983403580030e-07
1.988359144888818264e-06
3.814340288954554126e-06
3.657468369056005031e-06
