1.092839511329657398e-06
5.425477400677891637e-09
2.051190222118748352e-07
1.293732765361710335e-08
8.464747224934399128e-06
1.511074856352934148e-06
0.000000000000000000e+00
3.880478871565173904e-08
2.101048579561393126e-07
5.460435090753890108e-07
5.356578114401600033e-08
6.195730293256929144e-06
3.269801482019829564e-06
2.721605163458207244e-08
7.648423888895194978e-06
0.000000000000000000e+00
2.556068920966936275e-06
1.351148029016258079e-07
6.613502989694097778e-08
8.430174602835904807e-08
2.615962113594605398e-09
5.490372132044285536e-06
1.135563479692791589e-06
1.845117549237329513e-05
1.839864671637769789e-05
0.000000000000000000e+00
6.748880423401715234e-07
1.773574808794364799e-06
2.657428922248072922e-06
3.974904529968625866e-07
1.328264609412599384e-08
1.828910171752795577e-06
1.565183893603716569e-08
2.416610414002207108e-06
1.610619983694050461e-05
3.552882844815030694e-06
1.224878587890998460e-06
7.083060040713462513e-07
9.366375230968060350e-09
1.846321424636698794e-07
0.000000000000000000e+00
0.000000000000000000e+00
1.793630843849314260e-08
1.623340358491986990e-05
1.403224132445757277e-07
3.577243390395778988e-09
3.977783080699737184e-07
0.000000000000000000e+00
9.177426818496314809e-07
2.356769300604355522e-06
6.963515716051915661e-06
1.755076937115518376e-06
2.075853217320400290e-06
1.365447701573430095e-06
2.404309270787052810e-06
7.530356924689840525e-06
3.971362616539408918e-08
2.403011194473947398e-07
1.990065584323019721e-06
0.000000000000000000e+00
3.447154739433244686e-08
1.391027126373955980e-05
1.060086418647188111e-07
1.998963853111490607e-06
0.000000000000000000e+00
1.425430617985057324e-08
0.000000000000000000e+00
1.424418769602198154e-06
2.270881616084352572e-08
6.189261512190569192e-06
9.340459428130998276e-07
4.534161490710175713e-08
1.884086628933800966e-07
9.164702419184322935e-08
1.723215490301299724e-07
8.398835404932469828e-09
9.838309722454141593e-08
3.693364078571903519e-06
1.158386680799594615e-06
1.984093955798016395e-08
2.409441357542618789e-08
1.845061170513417892e-08
4.498135908193034993e-08
4.569009348642794066e-08
4.055062561292288592e-07
5.749189568859947030e-08
1.174342173726472538e-06
8.166550458099663956e-08
1.282670382352080196e-06
2.502611550880828872e-06
3.020522569840977667e-07
0.000000000000000000e+00
1.236826165040838532e-06
7.109624888812504651e-09
6.516617759189102799e-06
6.460924595330652664e-08
9.024544311841964372e-08
1.189781073662743438e-06
9.232448974216822535e-07
4.362067329566343687e-08
2.078660600091097876e-06
3.404252879590785597e-09
3.212068691027525347e-07
2.065149971031132736e-07
9.643455456398442038e-08
3.502271184174787777e-08
4.856309843148665095e-08
1.404161366735934280e-06
1.640709434980180959e-08
2.761958910468820250e-07
2.003727388455445180e-07
9.137428946814907249e-07
1.063429451164665807e-07
9.667784439670867869e-08
5.425325966257332766e-08
1.025782303543110174e-08
1.855469666800502182e-09
3.204600584894023996e-09
3.980965743721753825e-07
6.913708716638211627e-07
1.151718061009887606e-05
1.402170157760451730e-09
1.271054657081549522e-06
2.099072617056663148e-06
1.566975882383303542e-09
1.024010771288885735e-06
1.616861453612727928e-07
6.998585178052962874e-08
1.627356027711357456e-07
2.891920530601055361e-06
2.288254137283729506e-07
3.296217698789405404e-08
1.951103314468127792e-07
3.293297301532049914e-10
9.401986062584910542e-06
0.000000000000000000e+00
3.445010463565267855e-07
1.762309238984016702e-06
9.575533965744398301e-08
9.785274102114271955e-08
1.732858656566804711e-08
2.295147538688979694e-07
1.114274539304460632e-07
4.380275186122162268e-06
3.712865037641677191e-08
1.113343842007452622e-06
1.085494290009592078e-07
2.045058096200591535e-07
4.114028229196264874e-07
1.209647280120407231e-07
6.055299763829680160e-06
5.254286747913283762e-07
1.847086537054565270e-06
1.151917695096926764e-05
2.499214360796031542e-06
3.862197957005264470e-07
1.858276846178341657e-06
5.492303898790851235e-06
2.733634801188600250e-06
5.244668344062120013e-08
0.000000000000000000e+00
0.000000000000000000e+00
1.584982527447209577e-07
1.495279633445534273e-08
9.239569408237002790e-06
0.000000000000000000e+00
0.000000000000000000e+00
7.507353672053795890e-08
8.910752512747421861e-06
1.762307647368288599e-06
4.198083161099930294e-07
0.000000000000000000e+00
0.000000000000000000e+00
1.662958766246447340e-06
2.671089305295026861e-06
2.404369752184720710e-06
9.529566341370809823e-06
3.263407677422947017e-07
4.379769880102912794e-09
5.662850455223633617e-08
4.689060872919981193e-08
6.785425625821517315e-07
0.000000000000000000e+00
6.270863195823039860e-06
4.760359928468460566e-08
7.213585462295668549e-08
3.834502422250807285e-07
1.959966944298230374e-08
8.104461244329286274e-07
4.604601144819753245e-06
1.460825860277736865e-08
2.541829147162388836e-08
9.718360871602271800e-08
2.413591460026509594e-07
2.006941173249288113e-07
1.045958200052155007e-07
3.788975959650997538e-07
1.656901531532639638e-06
1.963017304262848484e-09
1.064971257846991648e-07
3.961365280247264309e-08
0.000000000000000000e+00
9.507997447144589387e-07
0.000000000000000000e+00
1.725042579892033245e-07
3.618433481733518420e-07
3.831743015325628221e-06
1.058739651504936319e-09
2.304778803363660700e-07
1.184713553925575980e-07
5.234420541455619968e-07
7.564960213812810252e-08
6.729387678205966949e-07
2.999488287969143130e-06
1.177220610770746134e-06
1.304030519122534315e-07
9.011697557070874609e-07
6.591496912733418867e-07
7.814310265530366451e-08
6.103302325338733070e-12
9.096879693970549852e-09
0.000000000000000000e+00
1.612207233847584575e-05
4.314385932957520708e-06
4.615860405010607792e-07
5.718318789149634540e-06
0.000000000000000000e+00
0.000000000000000000e+00
0.000000000000000000e+00
3.214081445435112983e-08
3.868125531880650669e-06
5.516729288501664996e-06
7.497139449696987867e-06
4.318250201862383619e-09
9.216024920988274971e-08
9.504277045380149502e-07
2.186898662159819651e-08
1.683807568042539060e-06
9.634961273263797921e-09
3.233330714280668872e-09
7.021997561196258175e-08
4.948157652506779414e-07
1.214949179484392516e-06
2.407510010016267188e-06
2.748824812215389102e-08
1.649798832659143955e-06
4.619511855707969517e-06
1.988756110904432717e-07
2.319520717719569802e-07
2.433981904914617189e-08
5.833884983985626604e-07
2.785800461424514651e-07
6.375735210895072669e-07
2.802569497362128459e-06
2.240987305413000286e-05
2.396599029452772811e-06
1.834447438398001395e-08
2.920832855579647003e-07
2.617394123660687910e-08
2.834123336015181849e-07
7.226565656992534059e-08
8.069383028441734496e-08
5.087057886044021870e-08
5.042530574428383261e-06
5.599669350431213388e-08
2.768941385511425324e-06
0.000000000000000000e+00
1.185724795504938811e-05
1.128769099523196928e-06
0.000000000000000000e+00
6.929990831849863753e-06
1.544708005951633822e-08
1.166131369245704263e-06
4.088560672244057059e-07
5.094907464808784425e-07
2.518250141747557791e-07
6.485491326202463824e-07
2.909379645643639378e-06
4.913228046632411861e-09
1.827754317673679907e-06
5.336124786481377669e-07
4.149528194830054417e-06
2.149481872493197443e-07
1.044024315888236742e-06
1.349967192254553083e-06
2.705017152493383037e-07
7.947974722810613457e-07
3.990175173385068774e-06
3.878243205690523610e-06
3.486549030640162528e-05
2.229038000223226845e-05
4.894451066661531513e-08
2.224379613835480995e-06
6.070345989428460598e-06
2.693629994610091671e-07
4.599946350936079398e-06
5.305496983964985702e-07
3.631155891525850166e-07
3.141611614410066977e-06
3.466407747509947512e-07
2.702315396163612604e-05
7.196581009338842705e-06
1.523879404885519762e-06
1.570769541103800293e-06
3.139784894301556051e-06
4.542714577837614343e-06
2.046288500423543155e-06
2.931280050688656047e-06
3.034225983356009237e-06
1.261384204553905874e-05
3.767945145227713510e-06
3.786213483181199990e-06
2.499991978766047396e-06
4.777480171469505876e-06
1.097843323805136606e-06
6.318191026366548613e-06
4.198456338144751498e-08
1.067019366018939763e-05
3.004473728651646525e-05
3.164705503877485171e-06
2.346426481381058693e-05
1.812607450801806408e-07
5.748365765612106770e-06
3.794575150095624849e-06
2.593304998299572617e-06
2.946871369147174846e-08
7.121998805814655498e-06
7.595711082331035868e-08
1.926900495163863525e-06
1.382822802042937838e-06
1.693401100055780262e-05
5.144851911609293893e-06
2.106040028593270108e-06
2.694587919904734008e-06
1.094628487408044748e-06
1.557746509206481278e-05
1.122616367865703069e-06
3.602207925723632798e-06
2.643872448970796540e-06
1.845221618168579880e-06
8.635067388240713626e-06
3.334952907607657835e-06
6.257036147871986032e-06
3.369409569131676108e-06
5.361762873690167908e-07
1.830444148254173342e-06
6.813667823735158890e-06
6.272850896493764594e-06
3.995803581346990541e-06
3.042295702471164986e-06
3.489652044663671404e-06
1.369188794342335314e-05
1.703564703348092735e-05
4.137795713177183643e-06
6.951876798666489776e-07
2.234123774869090084e-09
2.084143716274411418e-06
2.185004859711625613e-06
4.807593541045207530e-06
1.031293504638597369e-05
1.914860149554442614e-06
3.910554369213059545e-06
4.541484031506115571e-06
5.863730166311142966e-06
3.550844439814682119e-06
6.030137456036754884e-07
6.677966553070291411e-07
7.874352377257309854e-06
1.435438861108195852e-07
2.690518101644556737e-07
1.077477804756199475e-06
3.975787024046439910e-07
4.094293217349331826e-06
1.816704752855002880e-06
2.520399220884428360e-06
7.117670520528918132e-06
1.441103995603043586e-05
3.445017455305787735e-06
1.212175902765011415e-05
3.834508333966368809e-06
2.862276460291468538e-06
8.092332791420631111e-06
8.724727194930892438e-06
9.305800290348997805e-07
1.835436250985367224e-06
4.131015884922817349e-07
2.388490429439116269e-06
4.771616659127175808e-06
7.626480964972870424e-06
1.794528316167998128e-06
8.273113962786737829e-07
5.583892743743490428e-07
4.145279035583371297e-07
1.818372879824892152e-06
1.732533405629510526e-06
4.290353672331548296e-07
9.892789876175811514e-07
9.000269862724508130e-09
7.338517775679065380e-07
6.873580105093424208e-07
1.519918669146136381e-06
6.671428423032921273e-07
3.537567636158200912e-06
8.623445069133595098e-07
2.705755264287290629e-08
1.480402261222479865e-06
3.197113073838409036e-06
1.153681864707323257e-06
2.162045802833745256e-06
3.369025989741203375e-06
1.382183927489677444e-05
1.287728963461631793e-07
1.929845666381879710e-06
5.802065743409912102e-07
1.486128908823047823e-08
6.927526214894896839e-07
2.721770897551323287e-06
1.622819468138914090e-06
1.243524536675977288e-07
3.767192708892252995e-07
3.799185833486262709e-06
1.525501829746644944e-06
1.315153781433764379e-06
1.465205059503205121e-06
3.072069830523105338e-06
6.289063549047568813e-06
2.804850282700499520e-06
4.363696916698245332e-06
7.657081368961371481e-06
5.648449814543710090e-07
2.291249984409660101e-06
2.131698693119687960e-06
1.780493562364426907e-06
9.345357057100045495e-07
1.801873054319003131e-06
2.135679899595288589e-08
1.957459119239501888e-07
3.866985025524627417e-06
2.169619392589083873e-06
3.805684656299490598e-08
8.403665674450166989e-08
1.067089385742292507e-07
2.073330961138708517e-06
6.758720019206521101e-07
1.541780193292652257e-06
2.374572574126432301e-07
0.000000000000000000e+00
1.043410293277702294e-06
6.727163537334490684e-08
2.271844934398359328e-08
2.202134297135671659e-08
2.786792038023122586e-06
3.820394795184256509e-06
1.619895556359551847e-06
1.533509390583276399e-07
3.713600790433702059e-06
1.658527594372571912e-06
5.703859073946659919e-07
1.920719796544290148e-06
1.215932456943846773e-07
8.328146172686956561e-09
8.636284860585874412e-07
1.574253616354326368e-07
5.636994515612059331e-08
6.956439335681352532e-08
6.205983140716853086e-07
2.564884198363870382e-06
4.966390747540572193e-07
3.551949490088190942e-08
1.558187392447507591e-07
4.581972135042633454e-08
8.548834557586815208e-06
2.922363862012389291e-08
1.381923908638782450e-07
1.205783178193087224e-06
2.168158914628293132e-07
7.940419891383498907e-06
1.528077632428903598e-06
3.032003803582483670e-07
2.829585525887523545e-07
1.234345745615428314e-06
2.103246288243099116e-07
8.043610364438791294e-07
4.719668140751309693e-06
1.162650164587830659e-06
1.774435531842755154e-07
3.108232249360298738e-06
1.186095701655176526e-07
8.061026051109365653e-07
1.510135128057754628e-08
0.000000000000000000e+00
9.486638532507640775e-07
2.869823312323660502e-08
1.104351667891023681e-06
1.270297275368648116e-06
6.540203116855991539e-07
1.244587792825768702e-06
8.265623705483449157e-07
4.113072463951539248e-06
1.363377919005870353e-06
1.741221566931017151e-08
1.197586357193358708e-06
0.000000000000000000e+00
3.898425688930728938e-07
1.081142613656993490e-06
7.586196488773566671e-07
1.940561844548938097e-07
9.265541223157924833e-08
2.543620666983770207e-06
1.661312126088887453e-06
0.000000000000000000e+00
1.765283059285138734e-06
9.312742577094468288e-08
4.150258519075578079e-06
2.837867363325585757e-08
3.039303464902332053e-06
1.261581861200511412e-08
1.774265143694719882e-07
0.000000000000000000e+00
6.920879513927502558e-07
3.574947868401068263e-06
1.266830849999678321e-06
6.253618494156398810e-07
9.041251303187891608e-08
1.629865131747010309e-09
2.016553679595745052e-07
1.969105142052285373e-06
1.971973460968001746e-06
1.225830487783241551e-06
7.089432187967759091e-07
1.116072212425933685e-06
1.541585334052797407e-06
6.443185043281118851e-07
1.106924045757295971e-07
3.157295225264533656e-07
3.052845158890704624e-07
0.000000000000000000e+00
6.145838256088609342e-07
9.288629598813713528e-07
5.359978416663579992e-08
1.207259742841415573e-06
0.000000000000000000e+00
1.551183572701120283e-07
0.000000000000000000e+00
0.000000000000000000e+00
0.000000000000000000e+00
4.113490376767003909e-06
6.143827135929313954e-07
4.716669721460675646e-08
1.372364355489708032e-08
4.662246055886498652e-07
2.971318622257967945e-07
4.791932894931960618e-08
2.899705293657461880e-07
6.797611149522708729e-07
1.428379050594230648e-06
0.000000000000000000e+00
9.441122301723225974e-07
3.947069160403771093e-08
1.434232558494841214e-06
3.746372101431916235e-07
2.733424082634883234e-07
1.692501314209948760e-06
1.734041319423340610e-07
6.440690185627317987e-07
5.105672698846319690e-06
1.411879225088341627e-06
0.000000000000000000e+00
6.761353574802342337e-07
4.866407721237919759e-07
8.208122181940780138e-08
1.009814468488912098e-06
6.050810839042242151e-07
3.513905824092944385e-07
1.145147621173236985e-06
1.417944531567627564e-06
1.180527874566905666e-06
5.418127102529979311e-07
3.642875071818707511e-06
1.671198179842292575e-09
0.000000000000000000e+00
0.000000000000000000e+00
1.760970917530357838e-06
0.000000000000000000e+00
0.000000000000000000e+00
0.000000000000000000e+00
1.432964154446381144e-06
0.000000000000000000e+00
0.000000000000000000e+00
7.919751965346222278e-07
0.000000000000000000e+00
3.703346740380197843e-09
2.138643367288750596e-06
3.134215603495249525e-06
4.197206582290391452e-09
4.959725075082133117e-09
6.156985250527213793e-07
2.203504294584490708e-07
2.248504493707059737e-09
1.140731569648778532e-06
0.000000000000000000e+00
7.348444963639622074e-09
0.000000000000000000e+00
4.127654307239936315e-08
3.196605575794819742e-06
3.149262397528218571e-07
3.172245328642020468e-07
9.763836317233653972e-08
1.233669536304660141e-06
6.572739721377729438e-07
0.000000000000000000e+00
7.653775924154615495e-08
1.251486992259742692e-06
5.521613744008391222e-08
2.265910694632111699e-07
2.989247832374530844e-06
1.770085162888790364e-07
1.401765075570438057e-06
2.321642824654190917e-07
1.040166580423829146e-06
7.281369107658974826e-07
8.241590876423288137e-07
1.189297563541913405e-06
2.451913587719900534e-06
1.058678549270553049e-06
4.326294344991765684e-07
3.932734387035452528e-07
4.026766760034661274e-07
8.724554589889521594e-08
1.013237920233223122e-06
8.840315501856821356e-08
1.456695372326066718e-06
2.738063358265208080e-06
2.683375441847601905e-06
6.317360856655795942e-08
3.009305693524311209e-09
1.734122633934020996e-06
8.044295185527516878e-08
1.749920386373560177e-07
4.103236861396908353e-08
6.683930564577167388e-07
6.707484772050520405e-07
4.744483419472089736e-07
0.000000000000000000e+00
2.669392813459126046e-07
0.000000000000000000e+00
0.000000000000000000e+00
0.000000000000000000e+00
9.698069902697170619e-08
1.117579927267797757e-06
0.000000000000000000e+00
1.767821777853839649e-09
9.961160003513214178e-07
4.385855945088223962e-08
2.176196431946664234e-07
2.285097906451483141e-07
2.531138250105868792e-07
1.533525022523463122e-07
2.863747905479385736e-09
2.053144214642088627e-07
2.151390816607090528e-07
2.364758273643019493e-07
2.295442502742162105e-09
2.483153821231098846e-06
7.864366935450561868e-09
0.000000000000000000e+00
0.000000000000000000e+00
0.000000000000000000e+00
1.766461537044961005e-06
7.772232493152841926e-07
4.083898730300461466e-08
4.805874596058856696e-07
0.000000000000000000e+00
0.000000000000000000e+00
0.000000000000000000e+00
1.744630750977194111e-08
0.000000000000000000e+00
0.000000000000000000e+00
0.000000000000000000e+00
0.000000000000000000e+00
0.000000000000000000e+00
0.000000000000000000e+00
1.100791346964058448e-09
0.000000000000000000e+00
1.621981660093751998e-08
0.000000000000000000e+00
9.981075965725949573e-10
1.872963707683084067e-06
4.068786267907853471e-07
3.607297230701078661e-06
2.933687994755018735e-07
0.000000000000000000e+00
0.000000000000000000e+00
0.000000000000000000e+00
5.118425683292571193e-09
8.379360538768310107e-10
0.000000000000000000e+00
1.409280372399734915e-07
2.266198862344026566e-06
0.000000000000000000e+00
1.085639269149396569e-06
1.178788693323440384e-07
7.926158218651835341e-07
4.504993356135855720e-08
1.012308871395362075e-06
2.235075271528330632e-06
4.135910502967021785e-10
7.738830390735529363e-06
2.049485630095659872e-07
8.811414886622515041e-08
1.128725024557297729e-08
7.033515316834382247e-07
4.676607190390313917e-08
1.093928769790863953e-08
1.136149876401759684e-06
1.057117842151455989e-07
0.000000000000000000e+00
0.000000000000000000e+00
1.263907051907153800e-06
1.276926475668460625e-08
2.124749727272501332e-07
1.934743210085798637e-07
9.693948754829762038e-09
2.168753326259320602e-06
1.588730498269796954e-07
2.509574548170689923e-09
1.685538563833688386e-06
3.325777129248308484e-07
9.306559149990789592e-07
1.133592704150032660e-07
9.612189266761106410e-09
4.655691654420479608e-08
1.767755719583874452e-07
4.750674964526524491e-09
0.000000000000000000e+00
6.047346801096864510e-07
6.191375412356592278e-09
1.202898118890516344e-07
0.000000000000000000e+00
1.113018086584816047e-07
0.000000000000000000e+00
1.529825599533296554e-09
0.000000000000000000e+00
8.635564796577455127e-08
1.681867729530495126e-06
4.931267767460667528e-07
1.476846364312223159e-06
2.960717004896196158e-08
0.000000000000000000e+00
9.484886618338350672e-07
0.000000000000000000e+00
0.000000000000000000e+00
1.110062486375795743e-09
1.483346636632631999e-06
0.000000000000000000e+00
1.206656634167302400e-06
9.154680356004973873e-07
2.804323742111591855e-07
8.736199319514525996e-09
5.522245487554755528e-07
0.000000000000000000e+00
1.494001253377064131e-06
1.374945401977356596e-08
0.000000000000000000e+00
0.000000000000000000e+00
0.000000000000000000e+00
0.000000000000000000e+00
7.079901820361556020e-08
4.528123724867327837e-07
5.348761789036871050e-08
3.410408311310675344e-08
2.062645307887578383e-07
0.000000000000000000e+00
0.000000000000000000e+00
3.969853779040022346e-08
0.000000000000000000e+00
8.526577666145840340e-09
5.734414543212551507e-08
5.847577977391438253e-09
2.823237643667653174e-08
0.000000000000000000e+00
3.841741857968372642e-08
0.000000000000000000e+00
4.962605326674918160e-10
0.000000000000000000e+00
2.135369641109718941e-07
5.962730398323401459e-08
6.996734214226307813e-08
3.216491517576969272e-09
8.384590444165951340e-08
8.125949335635596071e-08
0.000000000000000000e+00
7.080585646690451540e-07
2.882211219912278466e-06
5.308833351591601968e-06
2.285717926042707404e-07
7.661741960873769131e-07
5.605211867987236474e-07
9.896003660969654447e-08
2.927836476374068297e-06
4.283835064455843167e-09
1.087002942767867353e-06
0.000000000000000000e+00
2.705267434066627175e-06
5.289543310027511325e-07
1.479374986956827343e-06
9.304410468757851049e-07
4.805331172974547371e-07
6.850278282399813179e-07
5.928385782283385197e-09
9.606962976249633357e-07
0.000000000000000000e+00
1.445229258933977690e-06
1.278125267845098278e-07
1.930633963809214038e-08
3.270532715760054998e-07
0.000000000000000000e+00
1.644973167458374519e-06
2.098802198702287569e-08
3.723369168540102692e-09
0.000000000000000000e+00
9.009003321125419461e-09
1.104854874256488984e-08
0.000000000000000000e+00
2.344514484775572782e-07
7.257196621424100158e-09
0.000000000000000000e+00
0.000000000000000000e+00
0.000000000000000000e+00
0.000000000000000000e+00
8.281040777546877507e-07
2.469873834343161434e-06
3.574598679279006319e-07
1.574554858052579220e-06
0.000000000000000000e+00
0.000000000000000000e+00
0.000000000000000000e+00
0.000000000000000000e+00
2.964107181924191536e-07
0.000000000000000000e+00
1.741687469802855048e-06
1.176357073973122169e-07
4.700190856965491548e-06
0.000000000000000000e+00
0.000000000000000000e+00
0.000000000000000000e+00
2.918592656442342559e-08
0.000000000000000000e+00
6.604286113542912062e-07
3.093417744182147544e-09
0.000000000000000000e+00
0.000000000000000000e+00
0.000000000000000000e+00
0.000000000000000000e+00
0.000000000000000000e+00
0.000000000000000000e+00
0.000000000000000000e+00
0.000000000000000000e+00
0.000000000000000000e+00
0.000000000000000000e+00
3.410210354104492581e-07
0.000000000000000000e+00
1.136217306907383318e-07
0.000000000000000000e+00
0.000000000000000000e+00
3.067458465011441149e-06
8.230770617956295609e-06
6.420841600629501045e-07
0.000000000000000000e+00
6.267549146343753819e-09
4.433793208136194153e-07
4.138924794006015873e-07
0.000000000000000000e+00
9.391473554387630429e-07
1.804605886945864768e-08
1.463531589251942933e-07
0.000000000000000000e+00
0.000000000000000000e+00
5.511493483822960116e-09
0.000000000000000000e+00
6.575972211209091256e-09
0.000000000000000000e+00
1.379727223138615955e-06
0.000000000000000000e+00
0.000000000000000000e+00
3.405306925330364720e-09
0.000000000000000000e+00
1.049103957484476268e-06
6.635880822614126373e-08
5.207134563534054905e-07
2.319754457857925445e-06
2.973870550704305060e-06
2.123236519935289834e-08
1.743798350162251154e-08
1.996489118027966470e-06
2.348031955534679582e-07
2.413505058029841166e-07
1.396765583194792271e-07
8.968174256551719736e-07
3.674504034378855977e-09
8.272100444628449623e-07
2.018643044721102342e-06
7.284737790769213461e-08
8.732959031476639211e-07
4.200522312203247566e-07
6.107260901444533374e-07
1.391915020576561801e-06
8.378751203963474836e-07
5.342338340597052593e-07
0.000000000000000000e+00
6.345553060782549437e-07
5.003611249776440673e-07
5.096396193948748987e-07
3.121043334886053344e-07
1.344578663520223927e-06
8.719238309140564525e-08
2.352242063352605328e-07
2.472141432008356787e-06
1.529978987946378766e-07
2.770068476820597425e-07
8.838129161858887528e-08
4.541925946455194207e-09
1.452552965020004194e-06
1.638617050048196688e-06
1.594577554442366818e-07
5.674604039995756466e-07
0.000000000000000000e+00
7.813655997779278550e-07
0.000000000000000000e+00
1.038368850458937231e-06
0.000000000000000000e+00
9.370037190592483967e-08
4.656994292417948600e-07
8.328079559305479052e-08
0.000000000000000000e+00
0.000000000000000000e+00
0.000000000000000000e+00
2.024837630898446150e-09
0.000000000000000000e+00
1.359694238090014551e-06
1.691008492343826219e-06
2.017064616666175425e-06
6.219474357749277260e-07
0.000000000000000000e+00
0.000000000000000000e+00
5.716190685234323610e-07
1.371672482264330029e-07
6.942674417587113567e-07
0.000000000000000000e+00
8.583392627770081162e-07
1.668737127147323918e-06
2.591260761519720290e-09
2.509698560970718972e-06
3.448001848482817877e-07
0.000000000000000000e+00
0.000000000000000000e+00
0.000000000000000000e+00
9.822151980642956914e-09
0.000000000000000000e+00
0.000000000000000000e+00
0.000000000000000000e+00
1.007880314318754245e-06
5.889154763849546725e-08
3.254826852483461153e-09
2.352482875167538623e-09
0.000000000000000000e+00
0.000000000000000000e+00
0.000000000000000000e+00
8.309824828245382378e-09
4.827625452175077214e-11
3.182010743785212981e-07
1.410047634209377065e-08
9.896682513499399647e-07
4.090393304068129510e-06
9.262694078415734111e-08
5.794118465018982533e-07
6.685318680865748320e-07
3.901187994870269904e-07
4.674620299738307949e-07
0.000000000000000000e+00
2.751618239926756360e-07
0.000000000000000000e+00
2.726424327192944475e-06
7.891552300520743302e-09
0.000000000000000000e+00
0.000000000000000000e+00
2.384628260188037530e-06
4.332713743337990309e-08
1.316455779942771187e-07
1.178306519022953580e-07
6.343886749249350032e-09
1.220843692806283798e-08
0.000000000000000000e+00
0.000000000000000000e+00
1.664704996073851362e-06
1.702419609728167416e-07
2.598448531898611691e-07
8.315568678085583088e-09
1.188059400192287285e-06
5.108581149215751793e-07
6.921716249053133652e-07
3.414688762859441340e-07
1.449203523407049943e-06
4.661525565552437911e-07
3.584339538065250963e-06
1.891519758601134527e-07
1.400724300992806093e-07
0.000000000000000000e+00
2.605945383038488217e-06
0.000000000000000000e+00
5.451925630950427148e-07
5.704885097657097504e-07
1.345750955117352987e-09
2.391610678387223743e-07
4.449077550816582516e-09
3.212220462955883704e-07
4.595816172070499306e-09
1.398577637701237109e-06
3.009670876963355113e-07
0.000000000000000000e+00
2.182636649195046630e-07
1.501083829680283088e-06
3.980185852014983539e-07
7.890041509028833389e-09
6.727579826559804133e-09
5.150713491275382694e-07
3.807659254562167916e-07
0.000000000000000000e+00
8.535998574643599568e-09
0.000000000000000000e+00
0.000000000000000000e+00
0.000000000000000000e+00
1.108458302923054362e-08
0.000000000000000000e+00
0.000000000000000000e+00
0.000000000000000000e+00
0.000000000000000000e+00
3.499793592709465884e-07
4.393680228531593457e-07
0.000000000000000000e+00
0.000000000000000000e+00
0.000000000000000000e+00
3.271032369411841501e-07
5.489691830007359385e-07
0.000000000000000000e+00
0.000000000000000000e+00
0.000000000000000000e+00
0.000000000000000000e+00
0.000000000000000000e+00
1.249384126822405960e-06
0.000000000000000000e+00
8.715345112264571981e-10
1.857212168943078723e-06
7.629113838447665330e-07
0.000000000000000000e+00
0.000000000000000000e+00
5.283009159029461443e-07
0.000000000000000000e+00
0.000000000000000000e+00
1.427650602181529393e-07
0.000000000000000000e+00
0.000000000000000000e+00
0.000000000000000000e+00
0.000000000000000000e+00
2.115193211693622288e-07
0.000000000000000000e+00
0.000000000000000000e+00
2.271280891363858245e-06
1.215440992297089906e-08
0.000000000000000000e+00
0.000000000000000000e+00
2.991558289977547247e-07
1.834403962064357074e-09
1.528806592432374600e-07
0.000000000000000000e+00
6.573580346724838819e-09
0.000000000000000000e+00
0.000000000000000000e+00
1.281825774412936880e-07
1.211461420069781525e-08
0.000000000000000000e+00
0.000000000000000000e+00
0.000000000000000000e+00
0.000000000000000000e+00
0.000000000000000000e+00
0.000000000000000000e+00
0.000000000000000000e+00
9.342491580355272163e-07
7.570376681087509496e-08
5.908192601822293000e-09
0.000000000000000000e+00
0.000000000000000000e+00
0.000000000000000000e+00
0.000000000000000000e+00
1.650113468087965884e-08
0.000000000000000000e+00
0.000000000000000000e+00
0.000000000000000000e+00
4.105446350877173245e-06
1.345490496795775925e-09
1.617368639017513487e-06
0.000000000000000000e+00
0.000000000000000000e+00
0.000000000000000000e+00
0.000000000000000000e+00
1.251625576514925342e-07
0.000000000000000000e+00
3.995406530066247797e-07
0.000000000000000000e+00
0.000000000000000000e+00
0.000000000000000000e+00
2.873419013837974489e-08
0.000000000000000000e+00
1.850525791269319598e-06
2.617973393626016332e-08
3.303117921404918889e-07
4.681864709255023627e-07
6.088187731734251429e-09
2.926996671703818720e-07
1.171372218777833041e-06
7.623458486705203541e-08
0.000000000000000000e+00
7.944800017867237329e-07
9.865384527074638754e-07
6.792984095227438956e-07
9.318297315985546447e-07
1.320116098213475198e-06
1.050416820191912848e-08
1.242423422809224576e-06
0.000000000000000000e+00
0.000000000000000000e+00
0.000000000000000000e+00
1.556055551077406562e-08
0.000000000000000000e+00
7.127191565814428031e-07
2.970189427742297994e-07
1.871651846840904909e-07
5.605236879091535229e-07
8.368714361495221965e-07
3.125505410039863818e-10
4.918737417369811737e-08
0.000000000000000000e+00
0.000000000000000000e+00
0.000000000000000000e+00
0.000000000000000000e+00
4.569385936292746919e-08
9.688517366157611832e-08
9.571989423307059042e-09
0.000000000000000000e+00
0.000000000000000000e+00
0.000000000000000000e+00
0.000000000000000000e+00
1.095370461001721196e-08
0.000000000000000000e+00
7.558643155824995574e-10
0.000000000000000000e+00
1.625535595017879587e-09
0.000000000000000000e+00
0.000000000000000000e+00
0.000000000000000000e+00
1.639010207554747467e-07
0.000000000000000000e+00
0.000000000000000000e+00
0.000000000000000000e+00
0.000000000000000000e+00
0.000000000000000000e+00
5.971124892312218435e-07
3.726318936969619244e-06
4.733593925720924744e-07
2.360465259698685259e-06
3.170663660512218485e-07
0.000000000000000000e+00
5.575633466037288599e-08
1.074719619964525918e-07
3.021016992121872136e-09
0.000000000000000000e+00
0.000000000000000000e+00
0.000000000000000000e+00
0.000000000000000000e+00
0.000000000000000000e+00
3.107383683698117238e-09
0.000000000000000000e+00
0.000000000000000000e+00
0.000000000000000000e+00
3.851406749078023495e-09
0.000000000000000000e+00
0.000000000000000000e+00
1.234813362671616233e-09
0.000000000000000000e+00
0.000000000000000000e+00
2.239812602056190372e-07
1.192090280710544903e-06
1.106885108015376318e-07
0.000000000000000000e+00
2.998885975102894008e-07
3.141469278489239514e-06
0.000000000000000000e+00
0.000000000000000000e+00
0.000000000000000000e+00
1.402565601438254816e-07
0.000000000000000000e+00
7.669017918487952556e-07
1.757909444677352440e-06
0.000000000000000000e+00
0.000000000000000000e+00
0.000000000000000000e+00
1.131638498463871656e-07
1.988341435943397073e-10
1.200061916506456328e-08
4.151698096421796436e-09
0.000000000000000000e+00
3.749267136754497187e-07
3.485737254393939111e-09
4.740505765710167907e-09
0.000000000000000000e+00
0.000000000000000000e+00
0.000000000000000000e+00
0.000000000000000000e+00
5.440719874627575336e-08
6.672647145933296997e-08
2.161740866313266451e-07
3.019448513441602699e-06
1.452100093501940137e-07
0.000000000000000000e+00
3.338852820888860151e-06
2.129785059423738858e-07
5.917459020565729588e-06
3.797053977905306965e-06
1.775741367282535066e-07
2.126207391484058462e-06
4.955023769070976414e-07
1.387050758694385877e-07
1.935374029926606454e-06
2.541731873861863278e-07
1.474776856191795105e-09
2.236834461655234918e-06
2.403660346317337826e-07
1.892459067676099949e-06
2.074536453733344388e-08
0.000000000000000000e+00
9.390533683983903757e-09
2.017644646912231110e-07
0.000000000000000000e+00
0.000000000000000000e+00
4.222975302781151186e-09
1.521644499291596730e-08
6.521019031424657442e-07
3.427736032790562604e-07
1.038639041439637367e-08
0.000000000000000000e+00
1.167653174150018458e-08
5.924932988676800960e-09
1.097509198189072777e-06
4.286818011678406037e-08
0.000000000000000000e+00
5.992371399088369799e-08
1.665410991336102597e-07
3.747294030631564965e-09
0.000000000000000000e+00
0.000000000000000000e+00
2.578890345716899901e-08
0.000000000000000000e+00
2.332357098566717468e-07
2.681672306437121733e-08
0.000000000000000000e+00
3.938204784503795963e-08
4.250109153502990011e-09
1.682407635428262438e-08
0.000000000000000000e+00
0.000000000000000000e+00
2.149795008676846919e-08
0.000000000000000000e+00
3.128740218016901053e-07
2.818903226398106199e-07
0.000000000000000000e+00
0.000000000000000000e+00
4.560907385098289524e-08
0.000000000000000000e+00
0.000000000000000000e+00
0.000000000000000000e+00
0.000000000000000000e+00
0.000000000000000000e+00
0.000000000000000000e+00
0.000000000000000000e+00
0.000000000000000000e+00
0.000000000000000000e+00
0.000000000000000000e+00
9.847685333852496115e-09
0.000000000000000000e+00
0.000000000000000000e+00
3.748216848009633395e-09
8.125024208993636421e-09
1.233300750413945934e-08
0.000000000000000000e+00
8.414409080614859704e-07
6.777480354713816268e-09
1.105538672163675074e-06
0.000000000000000000e+00
1.449694142507951256e-09
3.169510209843906523e-09
0.000000000000000000e+00
4.099286172731808620e-07
4.686373245021968614e-07
0.000000000000000000e+00
0.000000000000000000e+00
0.000000000000000000e+00
2.154917382313215057e-07
0.000000000000000000e+00
0.000000000000000000e+00
0.000000000000000000e+00
1.562401319432638047e-10
0.000000000000000000e+00
2.312081859301429176e-09
1.884668847651482793e-07
0.000000000000000000e+00
5.674320124882115124e-09
0.000000000000000000e+00
3.049741348348788961e-09
0.000000000000000000e+00
0.000000000000000000e+00
0.000000000000000000e+00
1.689175244123930497e-09
0.000000000000000000e+00
0.000000000000000000e+00
1.206812338949703189e-08
1.874568624771200120e-07
1.751030653807106319e-09
3.781776740652276203e-07
8.795929602456453722e-07
0.000000000000000000e+00
1.456062603821806078e-09
5.930208768489819704e-09
6.298684638750273734e-06
0.000000000000000000e+00
0.000000000000000000e+00
0.000000000000000000e+00
0.000000000000000000e+00
0.000000000000000000e+00
0.000000000000000000e+00
0.000000000000000000e+00
0.000000000000000000e+00
0.000000000000000000e+00
0.000000000000000000e+00
3.701181015003385255e-07
0.000000000000000000e+00
7.937707380278880009e-08
7.765014409244486160e-09
1.870534394043943394e-09
0.000000000000000000e+00
0.000000000000000000e+00
4.531239383709362301e-09
0.000000000000000000e+00
0.000000000000000000e+00
0.000000000000000000e+00
0.000000000000000000e+00
0.000000000000000000e+00
0.000000000000000000e+00
0.000000000000000000e+00
0.000000000000000000e+00
0.000000000000000000e+00
0.000000000000000000e+00
0.000000000000000000e+00
0.000000000000000000e+00
0.000000000000000000e+00
0.000000000000000000e+00
0.000000000000000000e+00
0.000000000000000000e+00
0.000000000000000000e+00
0.000000000000000000e+00
0.000000000000000000e+00
1.022134981099043216e-07
0.000000000000000000e+00
0.000000000000000000e+00
4.884662416770879645e-07
1.353065272269304842e-06
2.174083846284702304e-08
1.767567141541803721e-07
2.074262717144392809e-08
1.746009843373030890e-07
3.254154279375143233e-09
7.529945946771476883e-07
7.838719398023386020e-07
1.131734594927991111e-09
2.897895114983839449e-07
1.895439112331587239e-07
5.174293704612864531e-08
2.297764694958459586e-06
2.953210298528574640e-07
1.029927034323918633e-06
6.587568890381589881e-08
3.174005414052771812e-08
9.658534509071614593e-06
2.186984744412256987e-07
1.342451394492627514e-08
2.328434447917970829e-06
7.171491400725926724e-09
2.082633727695792913e-07
1.941645223269006237e-06
1.359426619274017867e-06
2.129413871898577781e-07
1.019406568047998007e-07
5.408631750469794497e-06
3.094219493959826650e-07
6.632772198145175935e-08
1.022362766889273189e-06
1.657900483564844762e-10
5.273880532286057132e-08
3.958551175742286432e-08
9.506051412699889624e-08
3.499380625271442113e-07
1.681370690675976221e-06
8.253486782905383734e-09
0.000000000000000000e+00
2.904446603224641876e-07
1.334281250819913112e-06
9.072218531969156174e-10
1.577360961846352438e-07
0.000000000000000000e+00
2.073210225717048161e-07
0.000000000000000000e+00
8.063786083312152186e-09
2.244848644750163658e-07
7.416573311047613970e-08
1.232799377248738892e-06
2.824027056647082645e-08
0.000000000000000000e+00
0.000000000000000000e+00
5.475842557167709401e-10
0.000000000000000000e+00
9.214542018298743642e-09
1.604354316064871000e-09
7.918079063529148698e-07
0.000000000000000000e+00
0.000000000000000000e+00
5.656885377902654000e-07
0.000000000000000000e+00
0.000000000000000000e+00
0.000000000000000000e+00
8.806288143148321979e-09
8.108131765993675799e-08
5.005057701623627509e-09
3.299031714476541310e-09
3.442486331550753675e-07
0.000000000000000000e+00
2.154508393914511544e-08
5.553862365559325553e-07
0.000000000000000000e+00
5.018272730694661732e-08
0.000000000000000000e+00
0.000000000000000000e+00
0.000000000000000000e+00
0.000000000000000000e+00
0.000000000000000000e+00
8.840314080771349836e-08
6.339646585473701634e-09
0.000000000000000000e+00
4.653706753288133768e-07
1.835987140097472547e-09
3.148358700855169445e-06
5.708618004973686766e-07
0.000000000000000000e+00
0.000000000000000000e+00
0.000000000000000000e+00
7.723851780383483856e-09
0.000000000000000000e+00
1.515068447588419076e-06
0.000000000000000000e+00
0.000000000000000000e+00
7.989823913590043958e-09
0.000000000000000000e+00
0.000000000000000000e+00
0.000000000000000000e+00
0.000000000000000000e+00
0.000000000000000000e+00
4.017253374399842869e-08
0.000000000000000000e+00
0.000000000000000000e+00
0.000000000000000000e+00
1.279129833164915908e-07
3.429066752769216464e-11
1.627496892808721896e-08
7.438608395915480287e-09
0.000000000000000000e+00
0.000000000000000000e+00
4.834906874862099357e-08
9.296177694295693072e-08
4.525299459601228591e-07
1.781577481096974225e-07
1.976970452233217657e-06
3.756756825623597251e-07
0.000000000000000000e+00
0.000000000000000000e+00
3.877999699142264944e-09
7.522864109432703117e-09
2.120636466429459688e-08
5.790044554920825703e-10
0.000000000000000000e+00
0.000000000000000000e+00
0.000000000000000000e+00
9.611934359554652474e-09
1.443109596266367589e-07
2.024356016150363757e-09
0.000000000000000000e+00
0.000000000000000000e+00
5.442038855107966810e-06
7.789865641427695664e-09
7.294899684318068012e-10
0.000000000000000000e+00
0.000000000000000000e+00
8.633516124234574818e-09
0.000000000000000000e+00
5.906425144530658145e-07
8.808051177311426727e-09
0.000000000000000000e+00
5.193957804294768721e-06
3.437750351054091880e-08
5.848490047810628312e-08
9.630529262949494296e-08
3.451715429036994465e-07
8.225727583521802444e-07
1.062702949639060535e-06
2.087819339635643701e-08
7.700075599359479384e-08
1.282199377783399541e-07
2.664651788109040353e-08
0.000000000000000000e+00
4.039387476950651035e-06
1.437079255595108407e-08
9.389157185069052503e-08
1.588217628523125313e-06
2.288006726303137839e-06
2.340213356433196168e-08
6.068462710118183168e-08
2.860587073882925324e-07
1.513753545623330865e-06
9.220630659001471940e-08
0.000000000000000000e+00
1.358320105282473378e-07
2.732253733483958058e-06
1.291096812794378934e-10
5.172706778466817923e-07
1.075785462489875499e-06
2.104317673001787625e-06
1.450272263392449190e-10
6.638056220253929496e-07
0.000000000000000000e+00
2.187345984339117422e-07
0.000000000000000000e+00
0.000000000000000000e+00
3.316377927831126726e-08
8.903251114134036470e-07
2.036464774590740490e-09
9.434397013619033601e-11
1.074423153113457374e-06
3.148426186427855100e-09
0.000000000000000000e+00
2.473305782402235309e-09
0.000000000000000000e+00
0.000000000000000000e+00
1.632593260580961214e-08
0.000000000000000000e+00
0.000000000000000000e+00
5.431751404216811352e-08
9.368446463042801042e-09
2.593108945347921690e-07
0.000000000000000000e+00
8.316043249578797258e-07
0.000000000000000000e+00
2.853926446277910145e-07
7.215955122319428483e-08
0.000000000000000000e+00
1.376384091145155253e-07
5.748796549909229725e-09
0.000000000000000000e+00
8.088802516681425914e-09
2.007939414738757478e-08
4.529094610461470438e-08
0.000000000000000000e+00
0.000000000000000000e+00
0.000000000000000000e+00
0.000000000000000000e+00
0.000000000000000000e+00
0.000000000000000000e+00
0.000000000000000000e+00
9.521942345713796385e-09
4.851158337260130793e-07
4.355954263957073636e-09
4.555372754566633375e-07
5.184499496380112760e-09
0.000000000000000000e+00
7.652448061890027020e-07
0.000000000000000000e+00
0.000000000000000000e+00
9.980307247303699114e-09
7.661803635983233107e-09
0.000000000000000000e+00
0.000000000000000000e+00
0.000000000000000000e+00
0.000000000000000000e+00
0.000000000000000000e+00
4.839208713747211732e-07
0.000000000000000000e+00
0.000000000000000000e+00
0.000000000000000000e+00
8.763382908227868029e-09
9.413213319930946454e-08
7.920858635657168634e-09
5.981962925005746001e-09
3.391845098121848423e-07
2.758802111202385277e-07
4.634095063238419243e-08
1.274666594497375627e-09
7.311010676858131774e-07
1.907795592615002533e-07
1.076134403810158346e-09
0.000000000000000000e+00
9.161376546273913846e-09
4.004823583869665526e-09
0.000000000000000000e+00
8.947483109977838467e-08
4.745843966702523176e-07
1.533776412543375045e-06
0.000000000000000000e+00
1.529041696812782902e-06
0.000000000000000000e+00
2.725086289956379915e-08
0.000000000000000000e+00
5.165354810543476560e-10
3.420213834370855466e-10
0.000000000000000000e+00
1.379694367642514408e-05
3.365474288141712123e-10
0.000000000000000000e+00
1.467381327557859549e-09
0.000000000000000000e+00
0.000000000000000000e+00
0.000000000000000000e+00
0.000000000000000000e+00
3.380970156618978706e-11
0.000000000000000000e+00
0.000000000000000000e+00
0.000000000000000000e+00
0.000000000000000000e+00
3.421128935698902751e-10
0.000000000000000000e+00
7.055703576952510048e-07
0.000000000000000000e+00
0.000000000000000000e+00
0.000000000000000000e+00
0.000000000000000000e+00
0.000000000000000000e+00
1.830235873967467342e-07
0.000000000000000000e+00
9.240075371508282842e-09
0.000000000000000000e+00
0.000000000000000000e+00
0.000000000000000000e+00
0.000000000000000000e+00
9.147739232773233198e-10
1.952084494050154717e-09
0.000000000000000000e+00
8.252810346220940119e-08
6.602888902307313401e-08
1.693320115236929269e-07
1.507446768300724216e-06
2.641465357555716764e-07
3.390750862308777869e-07
5.378391421118067228e-08
4.745986927900958108e-07
1.223962726726313122e-07
2.836302037678706256e-08
9.952315593864113907e-08
6.469587532365039806e-09
5.219031322667433415e-07
8.361886898455850314e-07
6.322612193798704538e-07
1.834527267874364043e-07
6.249328166063605750e-09
4.513636042702273699e-07
6.555717959599860478e-07
5.798031565973360557e-07
9.099265980694326572e-07
1.028232873068191111e-06
3.484990074298366380e-08
7.292413073400894064e-08
2.798470575271494454e-07
1.655265791100646311e-08
6.674217729596421123e-07
2.818333314280607738e-06
0.000000000000000000e+00
0.000000000000000000e+00
0.000000000000000000e+00
0.000000000000000000e+00
2.893016270988368888e-09
0.000000000000000000e+00
1.790419190683678607e-07
0.000000000000000000e+00
5.848733053426258266e-07
8.425064379480318166e-08
7.025383297332155053e-07
0.000000000000000000e+00
0.000000000000000000e+00
3.701738471306725842e-09
0.000000000000000000e+00
2.085223655967638479e-07
2.492095632078417111e-07
0.000000000000000000e+00
0.000000000000000000e+00
0.000000000000000000e+00
1.518663168553757714e-07
0.000000000000000000e+00
0.000000000000000000e+00
3.577392826414893534e-09
0.000000000000000000e+00
0.000000000000000000e+00
0.000000000000000000e+00
1.646866754079212569e-09
4.541084308584686369e-08
8.406964013829565374e-08
6.365392657414759015e-09
0.000000000000000000e+00
0.000000000000000000e+00
0.000000000000000000e+00
0.000000000000000000e+00
0.000000000000000000e+00
1.695328251116734464e-07
0.000000000000000000e+00
0.000000000000000000e+00
0.000000000000000000e+00
0.000000000000000000e+00
0.000000000000000000e+00
0.000000000000000000e+00
5.782369072449000669e-08
5.949810089056484230e-10
0.000000000000000000e+00
1.087991502446428171e-10
6.419249132250115508e-08
4.822204413557074076e-09
0.000000000000000000e+00
2.328446058186273149e-08
0.000000000000000000e+00
0.000000000000000000e+00
0.000000000000000000e+00
0.000000000000000000e+00
0.000000000000000000e+00
0.000000000000000000e+00
3.149986582684505265e-07
0.000000000000000000e+00
1.615030470469847046e-10
5.793045154689480114e-09
0.000000000000000000e+00
8.172195364863910072e-09
1.342606914533917006e-08
3.487989488348830491e-07
2.157915162115386920e-07
2.711580464165308513e-06
1.944657554986406467e-07
0.000000000000000000e+00
6.406416730442288099e-08
0.000000000000000000e+00
3.264636461608461104e-06
4.022768393951992039e-07
1.435594896292968770e-07
0.000000000000000000e+00
0.000000000000000000e+00
0.000000000000000000e+00
0.000000000000000000e+00
0.000000000000000000e+00
0.000000000000000000e+00
0.000000000000000000e+00
3.089887101737076591e-08
0.000000000000000000e+00
0.000000000000000000e+00
2.002829660341376439e-06
0.000000000000000000e+00
0.000000000000000000e+00
0.000000000000000000e+00
0.000000000000000000e+00
0.000000000000000000e+00
0.000000000000000000e+00
0.000000000000000000e+00
0.000000000000000000e+00
0.000000000000000000e+00
0.000000000000000000e+00
0.000000000000000000e+00
0.000000000000000000e+00
0.000000000000000000e+00
0.000000000000000000e+00
0.000000000000000000e+00
1.538078886476057505e-09
0.000000000000000000e+00
8.967083999777969439e-07
0.000000000000000000e+00
2.276944087498122826e-06
2.662230826899758540e-07
0.000000000000000000e+00
0.000000000000000000e+00
7.732460893805637170e-09
0.000000000000000000e+00
0.000000000000000000e+00
1.051962712494969310e-07
5.205477382475010018e-09
0.000000000000000000e+00
0.000000000000000000e+00
0.000000000000000000e+00
0.000000000000000000e+00
0.000000000000000000e+00
0.000000000000000000e+00
0.000000000000000000e+00
7.964669812565716711e-09
2.475348459540782642e-08
1.937640270455176505e-09
2.450149239052734629e-08
1.482312768530391622e-06
2.206683973327017156e-07
2.919948549617856770e-08
2.234302769466012251e-07
1.218179335182867362e-07
4.464450498176120163e-08
7.128842298698145896e-07
1.488121142756426707e-06
3.289812866569263861e-09
5.004266778740884547e-09
9.751203833729960024e-06
1.087716555048245937e-06
6.922637680872867350e-07
3.515934565712086624e-07
6.734118755957752001e-07
4.737887877581670182e-07
2.788826805044664070e-07
3.202092102583264932e-07
6.666255671916587744e-07
3.979423013333871495e-07
0.000000000000000000e+00
1.368357516184914857e-06
2.507216123603939195e-08
1.961137741091079079e-08
1.279241701013233978e-06
3.536033261752891121e-07
9.573439996302113286e-08
0.000000000000000000e+00
3.034408280200295849e-07
0.000000000000000000e+00
2.112444406066060765e-07
1.522878960713569541e-07
4.522289742681095959e-08
7.761740334899513982e-07
7.233851295751492216e-10
8.140693674718590955e-10
9.055445957528718282e-07
8.468323819954548526e-10
0.000000000000000000e+00
0.000000000000000000e+00
5.596406253971508704e-07
6.992727890064998064e-07
0.000000000000000000e+00
3.666637269361672224e-07
0.000000000000000000e+00
1.068772917278693058e-06
8.582508570498248446e-08
1.408893668397581678e-09
1.538209204454688006e-08
1.731859583742334507e-06
2.816363586788384055e-09
8.623098892712732777e-07
0.000000000000000000e+00
0.000000000000000000e+00
4.123259884636354400e-07
5.653681611761385284e-08
0.000000000000000000e+00
4.187606705841062649e-09
3.986793561949752984e-09
1.727552444208413363e-06
0.000000000000000000e+00
1.031674230489443289e-07
4.828235091736132745e-07
1.856846665759803727e-06
0.000000000000000000e+00
7.641392407720104529e-09
0.000000000000000000e+00
1.923854187069196087e-09
0.000000000000000000e+00
0.000000000000000000e+00
0.000000000000000000e+00
0.000000000000000000e+00
9.111407962336670607e-06
0.000000000000000000e+00
0.000000000000000000e+00
0.000000000000000000e+00
0.000000000000000000e+00
1.017533506342260807e-07
4.123393182453582995e-07
6.736189384071167296e-10
0.000000000000000000e+00
0.000000000000000000e+00
0.000000000000000000e+00
0.000000000000000000e+00
1.993180148929241113e-06
0.000000000000000000e+00
4.633131656106570517e-09
6.139168817753670737e-08
0.000000000000000000e+00
0.000000000000000000e+00
0.000000000000000000e+00
1.794074222516428563e-07
4.046607315899564128e-08
4.170122167579393135e-07
2.411499508525594138e-06
6.653098694187065121e-08
1.920003143141002511e-07
0.000000000000000000e+00
0.000000000000000000e+00
0.000000000000000000e+00
5.182080187182691589e-08
0.000000000000000000e+00
0.000000000000000000e+00
0.000000000000000000e+00
5.305200261318532284e-07
0.000000000000000000e+00
0.000000000000000000e+00
0.000000000000000000e+00
1.447006159338570797e-08
0.000000000000000000e+00
0.000000000000000000e+00
2.108680874357560242e-08
0.000000000000000000e+00
0.000000000000000000e+00
3.451975771895376965e-08
2.590852421491263158e-09
6.627975608353153802e-07
6.109976169454967021e-08
4.331051517425521524e-09
0.000000000000000000e+00
0.000000000000000000e+00
5.512931693374412134e-07
0.000000000000000000e+00
0.000000000000000000e+00
0.000000000000000000e+00
1.210597815770597663e-06
0.000000000000000000e+00
7.048726935465765564e-09
0.000000000000000000e+00
0.000000000000000000e+00
0.000000000000000000e+00
0.000000000000000000e+00
1.085567902237016824e-08
0.000000000000000000e+00
4.927294683376715057e-10
0.000000000000000000e+00
7.202650476045846517e-09
4.229754768658722242e-09
0.000000000000000000e+00
0.000000000000000000e+00
1.523722126250959263e-08
5.864556840151635697e-08
0.000000000000000000e+00
0.000000000000000000e+00
0.000000000000000000e+00
0.000000000000000000e+00
4.661391272975379252e-10
0.000000000000000000e+00
2.533069975996227186e-09
2.847239954917313298e-07
7.790776912486307992e-09
2.962137202189296659e-09
7.811983282479673107e-10
0.000000000000000000e+00
2.841838542266827972e-09
2.356076009846219677e-07
1.542308041280193720e-07
4.707578398210898740e-07
3.850613836675620405e-07
8.422772452831850387e-07
2.641614855747320689e-06
3.029243487162602833e-07
0.000000000000000000e+00
6.989565690673771314e-07
0.000000000000000000e+00
5.075929152553726453e-07
2.729203174567373935e-07
4.620156232704175636e-06
2.481586534486268647e-06
2.556072615789162228e-07
1.965235014722566120e-07
3.660728225440834649e-06
1.670748162041491014e-08
3.323276587252621539e-07
1.100355575545108877e-07
3.137247404083609581e-07
1.820614102143736091e-06
3.227415561468660599e-07
3.022934720320336055e-07
1.052840872262095218e-07
2.645912536536343396e-05
3.187229822287918068e-06
2.164795063208657666e-07
1.918422327662483440e-07
2.153589804265720886e-07
1.018449546918986925e-09
8.245645943816271028e-09
2.844018354153377004e-07
3.179809082709539325e-09
4.608283088458620114e-09
2.287616140961290512e-08
7.126461554207708105e-08
1.208922100204290473e-07
3.526835490319513156e-10
1.056010745514868177e-07
0.000000000000000000e+00
1.125856897488120012e-06
0.000000000000000000e+00
0.000000000000000000e+00
1.252312387123311055e-08
1.250262027241433316e-08
7.014975835772929713e-07
7.953874501254176721e-07
0.000000000000000000e+00
6.295947514445288107e-07
2.710771241254406050e-06
1.354855605484317493e-08
0.000000000000000000e+00
0.000000000000000000e+00
0.000000000000000000e+00
0.000000000000000000e+00
0.000000000000000000e+00
3.033702853372233221e-07
0.000000000000000000e+00
0.000000000000000000e+00
0.000000000000000000e+00
0.000000000000000000e+00
0.000000000000000000e+00
0.000000000000000000e+00
3.790623992472319514e-08
0.000000000000000000e+00
0.000000000000000000e+00
0.000000000000000000e+00
1.219832568288836683e-10
0.000000000000000000e+00
5.744082045566756278e-07
6.638760208232952209e-09
0.000000000000000000e+00
2.955761431167047704e-07
0.000000000000000000e+00
1.905577917682421685e-10
1.618909379885735689e-07
6.880492176009056493e-09
7.164419457694748417e-07
1.997698063860298134e-06
1.662656501366654993e-07
0.000000000000000000e+00
2.207628302386410724e-09
0.000000000000000000e+00
0.000000000000000000e+00
0.000000000000000000e+00
0.000000000000000000e+00
2.618813166321842800e-09
0.000000000000000000e+00
0.000000000000000000e+00
2.959564682214477216e-08
0.000000000000000000e+00
0.000000000000000000e+00
0.000000000000000000e+00
1.271777128053486194e-09
0.000000000000000000e+00
3.048580481390672503e-07
2.972469159701063290e-09
1.879209179378449335e-07
0.000000000000000000e+00
7.537566126813999290e-09
0.000000000000000000e+00
0.000000000000000000e+00
2.965095724505317776e-09
1.530179474684700835e-06
0.000000000000000000e+00
0.000000000000000000e+00
1.372797875376363663e-09
0.000000000000000000e+00
0.000000000000000000e+00
3.774752510565804187e-09
1.183495346168683682e-08
0.000000000000000000e+00
0.000000000000000000e+00
4.219315563602776820e-09
0.000000000000000000e+00
0.000000000000000000e+00
7.392082945756328627e-09
1.192581255970992515e-09
0.000000000000000000e+00
0.000000000000000000e+00
5.422423621226357682e-10
0.000000000000000000e+00
0.000000000000000000e+00
6.794890679577472031e-15
0.000000000000000000e+00
4.107360229710366184e-09
0.000000000000000000e+00
1.145676087332958559e-08
1.780897651570967355e-09
0.000000000000000000e+00
1.657773829322195525e-08
0.000000000000000000e+00
0.000000000000000000e+00
3.221798294816835551e-08
5.999531538236624328e-09
2.969720981127466075e-06
4.555757584512321046e-07
1.008704231253432226e-07
2.494605553238216089e-07
0.000000000000000000e+00
0.000000000000000000e+00
1.237640674389695050e-07
0.000000000000000000e+00
5.701089023091299168e-08
2.281022375427710358e-07
7.912306898560927948e-08
5.648421108617185382e-08
0.000000000000000000e+00
3.161572692533809459e-08
0.000000000000000000e+00
2.705573933781124651e-06
1.107692213508926216e-07
0.000000000000000000e+00
2.418718167973565869e-07
1.285108242043975224e-09
7.940274571183181251e-08
4.246712426159149345e-10
1.132723696173343342e-06
0.000000000000000000e+00
1.273354754971478542e-08
0.000000000000000000e+00
2.469542323524365202e-06
6.420474392143660225e-07
0.000000000000000000e+00
9.621102492474165047e-08
2.690929079562920379e-08
1.432288058822450694e-06
3.699572346249624388e-07
1.605381356739599141e-07
4.671906594921892975e-07
1.323546854337109835e-07
2.738787543421494775e-06
0.000000000000000000e+00
0.000000000000000000e+00
2.088957984369699261e-08
3.410262294778476644e-08
0.000000000000000000e+00
0.000000000000000000e+00
0.000000000000000000e+00
1.077511981861789536e-07
3.367118495134491241e-07
2.156463665414776187e-07
1.054153031532223395e-07
3.040252522623632103e-06
2.655485786817735061e-07
5.369531663745874539e-07
1.246947878286164269e-09
0.000000000000000000e+00
1.405872129822682837e-08
0.000000000000000000e+00
0.000000000000000000e+00
9.262737989956804086e-07
2.026396828114229720e-08
7.281098390876650228e-08
1.441210429220518563e-06
3.252557974064984592e-07
1.883424829429714009e-07
2.219242389855935471e-08
9.494188475400733296e-07
2.532293130741436471e-08
0.000000000000000000e+00
0.000000000000000000e+00
0.000000000000000000e+00
0.000000000000000000e+00
1.635974911096127471e-08
0.000000000000000000e+00
0.000000000000000000e+00
1.581513515702681616e-07
0.000000000000000000e+00
0.000000000000000000e+00
0.000000000000000000e+00
1.236007960869756062e-06
1.772208868544566940e-08
2.314053062946186401e-06
4.982982027001980896e-09
0.000000000000000000e+00
9.844672632652873290e-09
8.634921755401592236e-07
0.000000000000000000e+00
0.000000000000000000e+00
0.000000000000000000e+00
0.000000000000000000e+00
0.000000000000000000e+00
1.874741029084248112e-09
0.000000000000000000e+00
0.000000000000000000e+00
0.000000000000000000e+00
0.000000000000000000e+00
2.635646296766935848e-07
1.539306850872890209e-07
7.594738349325780291e-07
0.000000000000000000e+00
4.088571969873555645e-08
2.696900196497153956e-07
1.042925987349008210e-06
2.003884674195433035e-06
1.239386149265442327e-09
0.000000000000000000e+00
0.000000000000000000e+00
0.000000000000000000e+00
0.000000000000000000e+00
0.000000000000000000e+00
0.000000000000000000e+00
0.000000000000000000e+00
0.000000000000000000e+00
4.479216997310686565e-09
0.000000000000000000e+00
1.120682895816571545e-06
2.606351927170180716e-06
0.000000000000000000e+00
8.918546789971060207e-09
0.000000000000000000e+00
4.255758057070124778e-08
5.211459708220900211e-09
0.000000000000000000e+00
0.000000000000000000e+00
0.000000000000000000e+00
6.451065814871981274e-07
0.000000000000000000e+00
0.000000000000000000e+00
0.000000000000000000e+00
0.000000000000000000e+00
0.000000000000000000e+00
3.076768734899815172e-06
5.665260232490254566e-06
1.015350221678090747e-07
7.292251780199876521e-07
6.111202566216888954e-08
4.123589292248652782e-07
4.166286871054580843e-08
1.671772480449362774e-07
8.556568076301118708e-08
0.000000000000000000e+00
7.330692852747233701e-08
1.150944441974388610e-07
0.000000000000000000e+00
0.000000000000000000e+00
1.708503738484523637e-08
1.556734446239715908e-06
4.539344047316262731e-07
1.191543645973069943e-07
1.728262901679045171e-07
3.911037538273376413e-07
5.529445388674503192e-06
1.300283884120290168e-06
2.320437715752632357e-06
1.012897314467409160e-06
2.645654433308664011e-07
1.168960110931038798e-07
2.908209069119038759e-07
2.376015606486703291e-09
8.377623430533276405e-07
1.628942385423215455e-07
3.364930876159633044e-07
4.924402787764847744e-07
3.533243955189391272e-07
3.113894990747212432e-07
1.542068730486789718e-07
3.423843395466974471e-07
2.730874939516070299e-06
0.000000000000000000e+00
9.139165868532472814e-09
2.218393149178154999e-07
7.881424402000902774e-09
0.000000000000000000e+00
0.000000000000000000e+00
1.387129628938055248e-07
2.666631189640611410e-06
9.922894150804495439e-08
0.000000000000000000e+00
1.648479752702769474e-08
0.000000000000000000e+00
0.000000000000000000e+00
0.000000000000000000e+00
0.000000000000000000e+00
0.000000000000000000e+00
0.000000000000000000e+00
0.000000000000000000e+00
0.000000000000000000e+00
0.000000000000000000e+00
4.079295123915471777e-09
5.003314740292807983e-08
0.000000000000000000e+00
7.928839806936593959e-09
0.000000000000000000e+00
6.351461223630394670e-08
1.338623718538656249e-07
1.249594106411677785e-06
0.000000000000000000e+00
9.158284797194937710e-09
0.000000000000000000e+00
3.306252382984098404e-09
9.977913606462607277e-09
1.100164404022052622e-08
1.377397484958464702e-08
0.000000000000000000e+00
0.000000000000000000e+00
4.667628275001334259e-07
5.374181455408688635e-07
2.615053062982042320e-07
2.372245067050471334e-09
2.998940260567906080e-07
0.000000000000000000e+00
2.560203711254871450e-07
0.000000000000000000e+00
0.000000000000000000e+00
3.721243615473213140e-07
0.000000000000000000e+00
3.843282136983816599e-09
0.000000000000000000e+00
7.699296755703244344e-10
0.000000000000000000e+00
0.000000000000000000e+00
9.187392890908085974e-08
4.033545621950906934e-07
0.000000000000000000e+00
3.076929444741083319e-13
0.000000000000000000e+00
0.000000000000000000e+00
0.000000000000000000e+00
0.000000000000000000e+00
0.000000000000000000e+00
0.000000000000000000e+00
7.437383597874713814e-09
0.000000000000000000e+00
8.538575713146201451e-08
1.594211198607808910e-06
0.000000000000000000e+00
1.095038555831706617e-06
2.334300233997055329e-06
0.000000000000000000e+00
3.176391927262045556e-10
0.000000000000000000e+00
0.000000000000000000e+00
0.000000000000000000e+00
0.000000000000000000e+00
0.000000000000000000e+00
0.000000000000000000e+00
5.485495391255312825e-10
8.948457086432881624e-09
0.000000000000000000e+00
0.000000000000000000e+00
0.000000000000000000e+00
0.000000000000000000e+00
0.000000000000000000e+00
0.000000000000000000e+00
0.000000000000000000e+00
0.000000000000000000e+00
0.000000000000000000e+00
0.000000000000000000e+00
0.000000000000000000e+00
2.277959509910942870e-08
5.775165234922496893e-09
1.740622337820241228e-06
0.000000000000000000e+00
0.000000000000000000e+00
1.048646254275809042e-07
7.235882435452367645e-07
9.750165474997629644e-08
1.710068175952983438e-08
4.946006697537086438e-07
1.211799144584801979e-06
4.100935768747149268e-07
4.880287178821163252e-06
0.000000000000000000e+00
1.932599218434916111e-07
1.934913143486483023e-06
7.208938512803797494e-08
0.000000000000000000e+00
0.000000000000000000e+00
2.213358385461106081e-08
9.180992854851410812e-09
1.003232554808164423e-07
1.000346969703969080e-06
0.000000000000000000e+00
5.793389732389186975e-07
3.355172850660892436e-07
1.765990589319699211e-07
5.250205248330530594e-08
8.237133215516223572e-07
2.644785190852871892e-08
2.734306860929791583e-07
0.000000000000000000e+00
7.910481372164213099e-07
4.866840299655450508e-07
9.546548795924536535e-08
2.643618834952121688e-08
4.408084208762375056e-08
3.347176757984016149e-09
0.000000000000000000e+00
0.000000000000000000e+00
1.387185744050611902e-08
0.000000000000000000e+00
0.000000000000000000e+00
1.125539661472885200e-08
0.000000000000000000e+00
0.000000000000000000e+00
0.000000000000000000e+00
8.327635248051024064e-10
1.667324767140598851e-08
0.000000000000000000e+00
0.000000000000000000e+00
2.752507943792892320e-10
4.759089051731280051e-07
0.000000000000000000e+00
0.000000000000000000e+00
0.000000000000000000e+00
0.000000000000000000e+00
2.859944459032703890e-07
0.000000000000000000e+00
3.921245994575883742e-09
0.000000000000000000e+00
0.000000000000000000e+00
0.000000000000000000e+00
0.000000000000000000e+00
0.000000000000000000e+00
0.000000000000000000e+00
3.730976083637926877e-10
0.000000000000000000e+00
0.000000000000000000e+00
1.092970123295344820e-07
8.095904391325348115e-09
0.000000000000000000e+00
4.386731120575859677e-07
0.000000000000000000e+00
8.124938943865345209e-08
0.000000000000000000e+00
3.220473221432484934e-09
8.549861973961014883e-08
2.654997501849720720e-07
0.000000000000000000e+00
0.000000000000000000e+00
2.804943505907431245e-06
6.711292854788553086e-08
3.446704477383377707e-09
1.354131086372944992e-06
8.305001841790726758e-08
4.723057145383791067e-07
0.000000000000000000e+00
0.000000000000000000e+00
1.292689120191425900e-07
9.251239134755451232e-07
9.352445040633483586e-09
0.000000000000000000e+00
0.000000000000000000e+00
0.000000000000000000e+00
0.000000000000000000e+00
0.000000000000000000e+00
1.994366357394028455e-06
0.000000000000000000e+00
1.326187515360288671e-07
0.000000000000000000e+00
0.000000000000000000e+00
8.254902468252112158e-07
0.000000000000000000e+00
1.227148338500683167e-08
6.148065168076755072e-09
6.440662225770665827e-09
0.000000000000000000e+00
0.000000000000000000e+00
0.000000000000000000e+00
3.308760199161042692e-07
1.490670626935752807e-07
1.957710992428474128e-06
7.752247910275400500e-08
5.922569243921316229e-07
1.337142396806711986e-09
1.493205203928482661e-08
3.333408642447466264e-07
4.196377858534106053e-07
9.160651615047754603e-08
1.273165963766587083e-07
0.000000000000000000e+00
1.480678292864467949e-06
3.822125620445149252e-07
3.566837047941362471e-09
1.736489025461196434e-06
1.533078943793952931e-07
1.772174584857566515e-07
5.194060577196069062e-07
8.538601825591740635e-09
1.944560779065795941e-07
7.681714464524702635e-08
1.929147174450918101e-06
1.706285956970532425e-07
6.980627631492097862e-08
2.732715245201688958e-07
3.073270818276796490e-06
1.315017016167985275e-06
9.115134247394962586e-08
3.777643769353744574e-06
9.593245522410143167e-07
5.517918907571583986e-06
2.450008651067037135e-06
1.029019369713779497e-10
2.184827252449395019e-07
7.221020155157020781e-07
1.599978389776879339e-07
3.489020343749871245e-07
3.421335748043929925e-08
0.000000000000000000e+00
7.617836672579869628e-07
5.735105546023078205e-08
2.280367006335382030e-08
0.000000000000000000e+00
7.982193039879348362e-08
0.000000000000000000e+00
1.701342625892721117e-06
9.996989014382506866e-09
0.000000000000000000e+00
0.000000000000000000e+00
0.000000000000000000e+00
0.000000000000000000e+00
0.000000000000000000e+00
0.000000000000000000e+00
0.000000000000000000e+00
0.000000000000000000e+00
6.309042419161414728e-06
1.370432528347009793e-06
8.229410752846888499e-08
6.211817726864410361e-09
3.819622396150634813e-09
0.000000000000000000e+00
0.000000000000000000e+00
8.833457521006948809e-09
2.715725031521287747e-07
0.000000000000000000e+00
0.000000000000000000e+00
9.333534833899648220e-09
5.610763764707371593e-07
8.002733125067607034e-07
9.778760023948507296e-09
2.629312945146011771e-08
2.344017069333403924e-08
2.856427272490691394e-07
1.313318342965885677e-08
1.630094814686344762e-08
4.297393729757459369e-08
0.000000000000000000e+00
7.309247651576811222e-10
0.000000000000000000e+00
1.680370842471745618e-10
2.967134871134646801e-10
0.000000000000000000e+00
5.767038757653608627e-08
1.367361051052284893e-07
4.639196049538441002e-08
1.100881252824592593e-08
3.885678268034098437e-07
0.000000000000000000e+00
0.000000000000000000e+00
1.383192227422114229e-08
0.000000000000000000e+00
5.596838548171945149e-09
0.000000000000000000e+00
3.556228421075502411e-06
2.233432550013958462e-09
2.497993989436508855e-08
0.000000000000000000e+00
0.000000000000000000e+00
7.623288524882809725e-07
6.193854318325975328e-09
0.000000000000000000e+00
4.241413442684915935e-09
6.197943775987369008e-07
0.000000000000000000e+00
9.345165494778484572e-07
3.198289277861476876e-07
2.480188868503319100e-06
4.286860288971183763e-08
1.513523557150620036e-06
2.018329468000956695e-07
3.921013274066353915e-07
0.000000000000000000e+00
2.834542556229280308e-07
3.485052957330481149e-07
7.627082965200315812e-08
2.988707876738772029e-07
0.000000000000000000e+00
2.218710335455398308e-07
1.241443641220030258e-07
0.000000000000000000e+00
0.000000000000000000e+00
0.000000000000000000e+00
2.964614850498037413e-06
4.891845151178131346e-07
9.681643859948962927e-07
3.195645703613081423e-08
6.380246304615866393e-07
4.469597580936124359e-09
3.220988844532257644e-07
4.911200335300236475e-09
8.487077707286516670e-09
3.468469458312029019e-07
6.419013942604578915e-08
7.584447416775219608e-07
5.156852012078161351e-07
1.329276022588032902e-09
2.102209073484573310e-09
5.757638277259502502e-08
3.571631452814472141e-07
1.286277306888905514e-08
4.603491277066495968e-07
3.090643190262198914e-07
0.000000000000000000e+00
0.000000000000000000e+00
6.189286239077773644e-08
5.028211624846790073e-09
0.000000000000000000e+00
4.265884356868809846e-08
1.101011761761583330e-07
2.766599891401710920e-07
0.000000000000000000e+00
1.530288386675238144e-06
0.000000000000000000e+00
0.000000000000000000e+00
1.501017266036797082e-08
3.226322542460025034e-09
0.000000000000000000e+00
5.718728601777911535e-09
2.355308448276360878e-10
5.956953597063829875e-09
2.554522392228530947e-11
0.000000000000000000e+00
9.227560049396288377e-09
0.000000000000000000e+00
3.763528155786843854e-09
8.626109271325788086e-10
0.000000000000000000e+00
2.527603328417171724e-06
0.000000000000000000e+00
2.017696676404057143e-09
0.000000000000000000e+00
0.000000000000000000e+00
0.000000000000000000e+00
1.790850023830614646e-09
1.149236608655179737e-10
0.000000000000000000e+00
0.000000000000000000e+00
0.000000000000000000e+00
0.000000000000000000e+00
0.000000000000000000e+00
0.000000000000000000e+00
7.842523963574876689e-09
8.710144827617227747e-10
0.000000000000000000e+00
1.287195794397177906e-09
0.000000000000000000e+00
1.575151031829591375e-08
0.000000000000000000e+00
0.000000000000000000e+00
0.000000000000000000e+00
0.000000000000000000e+00
0.000000000000000000e+00
0.000000000000000000e+00
1.377206682029452622e-09
0.000000000000000000e+00
0.000000000000000000e+00
0.000000000000000000e+00
6.673102070919867401e-09
1.391619264268229017e-07
0.000000000000000000e+00
4.637432482468284434e-08
2.745802873960201396e-07
0.000000000000000000e+00
0.000000000000000000e+00
4.364572134818445193e-07
2.129242773207806749e-07
1.974025165552006911e-09
0.000000000000000000e+00
9.861929939347646723e-09
0.000000000000000000e+00
0.000000000000000000e+00
0.000000000000000000e+00
0.000000000000000000e+00
8.911570148484315723e-09
8.094135139913305466e-09
0.000000000000000000e+00
6.016001030673123751e-09
0.000000000000000000e+00
0.000000000000000000e+00
0.000000000000000000e+00
7.171225835378436386e-09
3.419457383913027115e-09
0.000000000000000000e+00
1.015326578368558330e-08
0.000000000000000000e+00
0.000000000000000000e+00
0.000000000000000000e+00
0.000000000000000000e+00
0.000000000000000000e+00
3.865804387714888435e-08
0.000000000000000000e+00
1.827396012288318161e-08
8.371120685524147120e-09
1.667287278905860148e-06
3.347733423808563202e-09
3.903188314779981738e-07
0.000000000000000000e+00
1.706174979076990894e-09
0.000000000000000000e+00
0.000000000000000000e+00
8.892113712022364780e-09
7.448820671385192327e-09
0.000000000000000000e+00
0.000000000000000000e+00
0.000000000000000000e+00
0.000000000000000000e+00
3.474557308535963784e-09
0.000000000000000000e+00
0.000000000000000000e+00
0.000000000000000000e+00
3.234460450585174840e-07
2.241809085035129101e-07
1.667855542564211646e-07
2.958909817607491277e-06
1.009964734066670644e-08
2.232630095022614114e-06
4.938246433994208928e-07
4.780092126566160005e-07
9.257811370844137855e-07
3.634943595898221247e-06
6.913813876963104121e-07
3.035077327240287559e-07
5.004349645787442569e-07
1.457441157981520519e-06
1.683257693230189034e-07
4.154941962042357773e-06
1.704791330325861054e-08
1.138381094278884120e-06
5.969050587140145581e-09
5.771671567345038056e-07
0.000000000000000000e+00
5.820908199893892743e-07
6.526245766025340345e-09
9.532162152936507482e-07
0.000000000000000000e+00
0.000000000000000000e+00
0.000000000000000000e+00
1.990177764810141525e-07
0.000000000000000000e+00
7.296524984212737763e-08
2.317729013157077134e-06
0.000000000000000000e+00
0.000000000000000000e+00
0.000000000000000000e+00
0.000000000000000000e+00
0.000000000000000000e+00
0.000000000000000000e+00
5.048577111921304095e-09
0.000000000000000000e+00
9.918903742800466716e-07
0.000000000000000000e+00
2.063340165392446579e-09
0.000000000000000000e+00
0.000000000000000000e+00
0.000000000000000000e+00
0.000000000000000000e+00
6.545645359068430480e-09
0.000000000000000000e+00
9.280314294812797016e-09
4.016987631416668592e-09
3.197050801873047021e-08
3.367582879221231451e-09
0.000000000000000000e+00
4.515225526802169043e-09
3.037649776160833426e-07
0.000000000000000000e+00
0.000000000000000000e+00
1.008195908980269451e-06
1.058272247611569128e-09
0.000000000000000000e+00
2.443223401371596992e-09
4.362963768045347024e-09
2.392911468973579758e-08
9.502817874817992561e-07
6.522288042987156587e-09
2.889787538151722401e-07
1.728355059071873256e-08
2.473224469667911762e-07
4.316124204706284218e-07
2.036772002611542121e-06
6.247678374649012767e-09
2.665995452844072133e-06
2.911949970041405322e-08
8.231183983298251405e-07
9.860709582198978751e-09
1.507053070781694259e-06
9.969429584089084528e-07
3.283448961610702099e-07
1.205524199576757383e-06
6.216111358980924706e-08
1.537700768494687509e-06
0.000000000000000000e+00
3.856316652672830969e-06
1.808005549719382543e-06
0.000000000000000000e+00
1.293507401883831065e-12
7.570546500801356160e-08
2.736985171922917681e-13
1.221908885185030158e-08
3.982415535119798733e-07
1.687997865928991814e-07
2.076914569215659867e-07
1.511671854359519784e-07
1.157354063252569176e-06
3.951092253373644780e-07
3.618283983541914495e-07
4.847020136367063969e-07
7.030912030359104392e-08
1.206586489388428163e-06
4.263315986463567242e-06
3.493286840239306912e-06
1.161375848823809065e-07
1.525376802646860597e-07
1.605000932158873184e-08
1.385481937177246436e-06
3.418874428007256938e-07
6.944111508033756763e-09
0.000000000000000000e+00
1.080175366041657981e-06
2.582350759894325165e-07
5.533636215915294088e-09
3.892233507940545678e-06
3.596293822738516610e-07
1.795735782295082572e-09
3.511889872243045829e-07
0.000000000000000000e+00
0.000000000000000000e+00
4.215341675717354519e-07
1.511069598336689523e-07
8.093887799986987375e-07
1.611792477262952161e-09
0.000000000000000000e+00
0.000000000000000000e+00
8.949674779046290496e-09
2.447953395545710009e-09
8.071679324928027199e-09
0.000000000000000000e+00
8.820681962617982208e-09
6.684371101073338650e-08
1.148589312549574970e-08
1.379014975100290030e-06
0.000000000000000000e+00
1.211007916168682641e-08
9.068659601041417773e-09
2.293571554901063791e-08
4.582161068356072064e-07
3.705697437794697180e-08
1.008149524750479031e-06
4.124720192066888558e-07
4.572740976982458960e-07
1.215880729432683438e-06
8.100148107814675313e-09
4.161455251505685737e-07
2.768014972787113948e-08
1.294996732070785583e-08
7.157634058785333764e-07
6.052369485587405507e-07
2.052746367553481832e-06
7.752067858746158890e-07
0.000000000000000000e+00
0.000000000000000000e+00
3.180869896368676564e-07
2.313909135409630835e-07
0.000000000000000000e+00
0.000000000000000000e+00
3.852937311421555933e-07
7.691565997447469272e-07
9.541914778310456313e-07
2.002679355683767426e-09
1.633107302723146859e-07
1.032426644176354102e-10
0.000000000000000000e+00
0.000000000000000000e+00
1.494393728762588580e-07
6.512214554277306888e-07
0.000000000000000000e+00
1.058629734984606330e-07
3.307968299282038060e-08
3.989084973454737337e-08
5.906184430415351017e-09
7.698249078202934470e-07
1.194876281251922023e-10
1.011803192341176327e-06
2.887908976845210418e-06
1.823037649728576071e-07
0.000000000000000000e+00
0.000000000000000000e+00
1.372049518977291882e-05
1.354382038698531687e-05
0.000000000000000000e+00
0.000000000000000000e+00
3.371171146682172548e-07
3.637944834267159422e-09
4.097736564290244132e-06
0.000000000000000000e+00
1.987539377523717121e-07
0.000000000000000000e+00
0.000000000000000000e+00
1.253335312867420726e-06
0.000000000000000000e+00
3.184976264947181335e-07
0.000000000000000000e+00
0.000000000000000000e+00
0.000000000000000000e+00
6.657460693837435883e-10
0.000000000000000000e+00
0.000000000000000000e+00
1.143250074164825492e-06
2.623551376146338043e-09
2.192675596646154190e-09
2.015575617519971274e-08
3.846433003218407976e-07
1.298970886409733794e-08
8.830875231069512665e-07
1.219491423398721963e-07
5.276229941841847904e-08
2.619767940359452041e-07
1.653317667660303414e-06
6.924096851435024291e-07
1.083755238329153769e-10
3.608911640640144469e-07
3.006719850873196265e-07
3.375694461738021346e-07
4.227283767477274523e-08
1.433587755172993639e-07
1.703386715234955773e-06
4.721336608781712130e-06
4.391986863083729986e-08
0.000000000000000000e+00
1.864019907316105673e-07
1.037763809108582791e-06
4.437827172409924970e-08
8.262717869911284652e-07
1.583450057296431623e-06
2.627642174957145471e-07
8.367877626369590871e-07
2.041291509158327244e-06
4.373318461148301139e-06
5.056738814346317668e-07
0.000000000000000000e+00
0.000000000000000000e+00
0.000000000000000000e+00
0.000000000000000000e+00
1.333060936303809285e-06
0.000000000000000000e+00
1.073360567094283624e-10
1.477557276530205854e-07
5.965809890540185734e-08
3.853152907851153941e-09
2.125299687349979649e-07
6.473444358334745630e-08
0.000000000000000000e+00
0.000000000000000000e+00
0.000000000000000000e+00
3.800699754918923645e-09
8.838449083725663513e-09
1.456372615393775050e-06
0.000000000000000000e+00
5.439688379738072399e-07
3.661554046630044468e-07
0.000000000000000000e+00
2.523723196645732969e-06
3.845945073521761515e-08
0.000000000000000000e+00
2.746781024853817144e-09
0.000000000000000000e+00
1.531704429957869706e-09
6.558736913575557992e-07
0.000000000000000000e+00
4.219695703966408473e-09
0.000000000000000000e+00
9.598148054124067130e-09
3.252227429584308993e-07
0.000000000000000000e+00
6.159755372436848120e-08
0.000000000000000000e+00
0.000000000000000000e+00
5.575923722744846600e-09
0.000000000000000000e+00
0.000000000000000000e+00
0.000000000000000000e+00
1.051566211884846780e-08
1.101079405430027691e-07
0.000000000000000000e+00
1.322355736022018391e-08
0.000000000000000000e+00
1.193093679408008256e-10
0.000000000000000000e+00
2.196203325866008527e-07
3.247611459755717078e-07
4.557480437483718561e-08
0.000000000000000000e+00
5.040179118509513501e-08
1.413015979778720066e-06
1.289257625103346072e-06
1.402688454277267738e-08
2.259005782434542198e-07
2.051912844081016374e-07
0.000000000000000000e+00
8.860536695465270896e-07
5.069248913969204295e-07
5.059353043179726228e-06
1.562481429573381320e-06
4.764287382386100944e-07
1.282292487303493544e-06
6.508172134545020526e-08
1.641092694626422599e-06
1.774706959167815512e-07
5.099889222037745640e-07
2.453076604069792666e-07
0.000000000000000000e+00
0.000000000000000000e+00
4.514891216444993916e-08
1.206365141115384176e-06
1.198911377287004143e-06
4.872169370173651259e-07
0.000000000000000000e+00
0.000000000000000000e+00
6.591966439373209141e-07
2.018482980759017664e-08
1.159687723628621825e-08
9.020862279385255533e-09
5.736908725850753399e-09
5.830189593325485475e-07
5.278732714941725135e-06
0.000000000000000000e+00
9.215958129971113522e-08
0.000000000000000000e+00
7.509184385412481788e-10
0.000000000000000000e+00
1.934568558681348804e-07
1.766678252579367836e-07
4.226410794672119664e-07
2.289255718324056943e-07
1.569806499901460484e-06
2.673399279728982947e-08
1.136593141382036265e-06
0.000000000000000000e+00
0.000000000000000000e+00
3.760302291766492999e-09
7.837734017357433913e-09
7.003382318515605220e-09
0.000000000000000000e+00
0.000000000000000000e+00
0.000000000000000000e+00
1.198640916300064418e-06
0.000000000000000000e+00
1.846511395342531614e-06
2.418994995423418004e-07
5.102041100712995103e-08
9.520583148514560889e-07
0.000000000000000000e+00
0.000000000000000000e+00
0.000000000000000000e+00
0.000000000000000000e+00
0.000000000000000000e+00
0.000000000000000000e+00
0.000000000000000000e+00
2.493116824098251527e-09
3.125098180234431311e-09
0.000000000000000000e+00
0.000000000000000000e+00
1.750093847618927612e-09
0.000000000000000000e+00
0.000000000000000000e+00
6.121259499280995442e-09
9.405939493944970309e-08
1.377475086883350741e-06
0.000000000000000000e+00
0.000000000000000000e+00
6.617160011046507861e-07
2.736867621422334196e-08
0.000000000000000000e+00
6.473671021467453102e-08
0.000000000000000000e+00
0.000000000000000000e+00
0.000000000000000000e+00
1.656022696749914758e-08
1.856326292681842460e-08
4.227810279644472757e-07
7.900596621368549677e-09
0.000000000000000000e+00
5.535008895662940631e-09
7.681285296712303534e-08
1.239710378797553858e-08
0.000000000000000000e+00
0.000000000000000000e+00
1.006985002049987088e-07
3.132681314355068025e-08
9.475278943682496902e-07
6.104323713174153454e-09
0.000000000000000000e+00
4.613477244674868416e-07
1.193409531197175966e-07
2.285673019741807366e-07
6.276214659095558090e-09
9.215481213686871342e-07
4.291754521545954049e-06
3.716930052632960724e-07
7.879847885305935051e-09
3.555864713788992049e-09
2.957625326871493598e-07
2.760702045634388924e-06
2.606669227134261746e-07
3.880279848544887500e-07
2.473845825079479255e-06
4.648820493002858711e-07
4.114315572678606259e-07
0.000000000000000000e+00
5.148516279973591736e-09
2.788442259316070704e-07
1.322388243352179416e-06
0.000000000000000000e+00
1.106791387428529561e-06
1.155361587734660134e-06
0.000000000000000000e+00
1.702176462003990309e-07
0.000000000000000000e+00
3.540616244634975374e-09
3.455893571313595203e-09
0.000000000000000000e+00
3.222796607360578491e-08
3.790419020321955657e-11
0.000000000000000000e+00
0.000000000000000000e+00
1.906153279662703426e-08
2.927115261286417081e-08
0.000000000000000000e+00
6.652837214460305404e-07
0.000000000000000000e+00
0.000000000000000000e+00
4.629333034245064482e-06
2.251661470609178650e-07
8.936478366194933187e-07
2.414963118368973483e-09
0.000000000000000000e+00
0.000000000000000000e+00
4.796539609941419258e-09
4.427458399902661768e-09
0.000000000000000000e+00
0.000000000000000000e+00
0.000000000000000000e+00
0.000000000000000000e+00
5.682555865860194899e-07
2.383608588285568430e-10
0.000000000000000000e+00
0.000000000000000000e+00
0.000000000000000000e+00
0.000000000000000000e+00
9.695269476139856124e-09
0.000000000000000000e+00
5.207718256627913433e-09
3.620255029090913013e-07
2.155893463751112904e-09
0.000000000000000000e+00
0.000000000000000000e+00
0.000000000000000000e+00
7.041644778382760705e-08
0.000000000000000000e+00
0.000000000000000000e+00
0.000000000000000000e+00
8.094706016592567721e-10
0.000000000000000000e+00
0.000000000000000000e+00
0.000000000000000000e+00
0.000000000000000000e+00
0.000000000000000000e+00
0.000000000000000000e+00
0.000000000000000000e+00
4.870523095945600289e-09
0.000000000000000000e+00
6.422277820661292935e-09
0.000000000000000000e+00
0.000000000000000000e+00
0.000000000000000000e+00
0.000000000000000000e+00
6.875539249051598745e-09
0.000000000000000000e+00
2.849379256986139808e-07
0.000000000000000000e+00
0.000000000000000000e+00
0.000000000000000000e+00
5.114121126581494536e-09
0.000000000000000000e+00
0.000000000000000000e+00
0.000000000000000000e+00
0.000000000000000000e+00
1.905934610135773255e-08
6.668992469371914922e-09
7.975795028869470116e-07
0.000000000000000000e+00
2.079777061680943007e-07
4.141424625458967057e-08
4.157615762778732460e-07
3.949700726479932200e-07
5.266380220803057455e-09
4.255786123508187302e-08
2.083552317344583571e-06
0.000000000000000000e+00
1.473902216275746468e-06
0.000000000000000000e+00
0.000000000000000000e+00
2.126852223227615468e-06
3.483339838794563548e-08
0.000000000000000000e+00
0.000000000000000000e+00
2.107560976583044976e-05
3.373839874143413908e-08
2.614930849631491583e-07
0.000000000000000000e+00
1.805082433747884352e-06
2.215093104496190790e-07
2.058776999547262676e-06
8.460133926746493671e-07
4.273029844625853002e-06
2.163694944101735018e-06
2.962055418720410671e-07
8.250073335602792213e-08
0.000000000000000000e+00
1.335368011723403470e-07
2.293158559041330591e-06
3.422761452043232566e-08
3.370045760675566271e-06
8.993215061536830035e-08
1.157415763231028905e-08
8.125939365832834937e-10
2.411410982006145787e-08
4.812511065210856032e-07
1.914539069503007340e-07
0.000000000000000000e+00
7.932844141578243580e-07
7.231381715655516018e-08
6.492270276936551454e-09
0.000000000000000000e+00
0.000000000000000000e+00
2.151353584167736699e-08
0.000000000000000000e+00
5.878367119294125587e-06
0.000000000000000000e+00
1.042656450067624974e-07
1.273119032418890129e-08
4.615748366632033139e-06
1.530838403596135322e-06
1.269428508976488956e-07
0.000000000000000000e+00
3.159421169129927875e-07
6.212135161831611185e-08
7.002911139863954304e-09
5.581923812059130796e-09
0.000000000000000000e+00
4.898873271486081649e-07
2.545552035826403880e-07
6.071198231649699295e-12
9.783971108845435083e-07
1.289056084097239818e-09
6.663931184647253758e-09
6.714613753899811854e-09
3.980918705792646506e-08
5.867456138730631210e-07
4.003158835530484794e-07
4.629816974244249650e-09
1.999014330067439005e-06
1.582487385576314409e-08
0.000000000000000000e+00
2.484970877958403435e-07
0.000000000000000000e+00
0.000000000000000000e+00
2.968210139897564659e-07
3.224065681095567015e-09
2.455618208774268396e-10
0.000000000000000000e+00
1.082614442537987998e-08
0.000000000000000000e+00
0.000000000000000000e+00
5.986106610400554473e-10
4.385008800511513982e-09
8.227329431065300014e-07
3.782330448842685655e-09
0.000000000000000000e+00
0.000000000000000000e+00
0.000000000000000000e+00
0.000000000000000000e+00
0.000000000000000000e+00
0.000000000000000000e+00
0.000000000000000000e+00
0.000000000000000000e+00
3.568854933799769924e-10
0.000000000000000000e+00
3.717006620718166232e-06
0.000000000000000000e+00
0.000000000000000000e+00
2.590679670788631483e-08
1.331925680858603300e-09
1.245453340459334868e-08
0.000000000000000000e+00
0.000000000000000000e+00
7.981824090563804930e-09
0.000000000000000000e+00
3.785382673981985135e-09
1.306753549812356141e-08
0.000000000000000000e+00
0.000000000000000000e+00
0.000000000000000000e+00
5.695417257811641321e-07
0.000000000000000000e+00
1.017166511019240716e-07
6.057825352456802648e-09
0.000000000000000000e+00
2.767727210084558465e-06
1.801507920617950731e-08
7.896919385075307218e-08
9.689923672340228222e-07
4.171395318053328083e-08
1.029703113886171195e-07
8.708396503909199282e-11
6.299459869296697434e-07
4.532124009415383625e-09
4.509302016231231391e-07
3.775620882606744999e-08
1.490148235916421982e-07
1.183242304136911116e-07
5.862096372766245622e-07
2.584692708751390455e-07
6.510811090265633538e-07
1.655735815120351617e-08
1.616903091417043470e-07
3.410134752357407706e-08
1.488393053250547382e-07
1.226653409958089469e-07
1.110094672185368836e-05
2.544200183862699305e-09
4.261542301264853450e-07
9.421283309052341792e-09
3.068398157779483881e-08
0.000000000000000000e+00
1.475809252582394038e-08
8.408045960861532109e-12
4.649729703487537336e-07
1.586796116725963657e-07
2.167718520240669022e-07
3.933761490770848468e-06
5.759992518505896442e-07
3.018688232714339392e-08
8.915101989970253271e-10
1.070625970100991253e-07
8.033616549774080795e-10
0.000000000000000000e+00
6.193857871039654128e-09
1.111983237933600321e-06
0.000000000000000000e+00
0.000000000000000000e+00
2.139835942216450348e-06
1.327946961282577831e-06
0.000000000000000000e+00
1.819162321226031054e-06
0.000000000000000000e+00
0.000000000000000000e+00
0.000000000000000000e+00
0.000000000000000000e+00
2.526166099414695054e-06
4.733801794998271362e-09
4.333228775799113919e-10
4.582791746088332729e-07
0.000000000000000000e+00
8.182112196664093062e-07
0.000000000000000000e+00
0.000000000000000000e+00
0.000000000000000000e+00
3.744438537012229062e-09
5.313533613104937103e-09
8.796170042346673767e-11
5.406497916027319661e-09
0.000000000000000000e+00
0.000000000000000000e+00
0.000000000000000000e+00
0.000000000000000000e+00
6.682006059577361157e-10
1.638421665006717376e-08
0.000000000000000000e+00
7.529421708341033082e-08
3.945903603863598619e-09
0.000000000000000000e+00
1.329548138251368528e-09
2.735575099777065589e-09
3.580064600328114466e-08
3.029565220913355006e-08
0.000000000000000000e+00
0.000000000000000000e+00
0.000000000000000000e+00
4.684972282120725140e-06
2.894124975227896357e-07
0.000000000000000000e+00
0.000000000000000000e+00
0.000000000000000000e+00
9.129701439292148279e-09
5.443086844962585769e-13
0.000000000000000000e+00
0.000000000000000000e+00
0.000000000000000000e+00
0.000000000000000000e+00
1.210458719924645266e-07
0.000000000000000000e+00
0.000000000000000000e+00
6.212756975543243243e-09
1.426581075492094897e-08
3.486988697787296587e-09
0.000000000000000000e+00
0.000000000000000000e+00
0.000000000000000000e+00
0.000000000000000000e+00
6.074942215938960999e-10
0.000000000000000000e+00
0.000000000000000000e+00
0.000000000000000000e+00
0.000000000000000000e+00
0.000000000000000000e+00
0.000000000000000000e+00
0.000000000000000000e+00
0.000000000000000000e+00
0.000000000000000000e+00
1.609317763495710096e-07
2.428190327918855473e-06
8.334942549481638707e-07
2.280665825082905940e-07
1.430302177141129505e-06
1.818509787199218408e-08
2.612026719361892901e-06
0.000000000000000000e+00
4.864324978370859753e-07
2.336029858440724638e-08
1.983780251180178311e-09
1.492571399808184651e-08
0.000000000000000000e+00
4.685360295297869015e-07
0.000000000000000000e+00
3.257169510106905364e-06
2.613157050745940069e-07
5.534137059726162988e-08
0.000000000000000000e+00
4.690075456892373040e-07
1.551542936795158312e-06
5.439213168756396044e-07
3.329838094145998184e-08
1.269895761879524798e-07
5.679569592409450252e-10
8.944907392560708104e-08
7.811681967950789840e-09
3.947897297962299490e-08
7.948028901694215165e-09
3.800221942684700593e-11
3.445841656457560020e-08
2.020817362335947109e-07
0.000000000000000000e+00
1.265552551643622792e-08
3.743181764548353385e-08
7.326117952288768720e-07
3.643832968691640417e-08
1.531534081777863321e-07
2.986500476254150271e-06
0.000000000000000000e+00
5.043397166559770994e-08
2.007495538691728143e-07
0.000000000000000000e+00
2.501135668353526853e-06
0.000000000000000000e+00
2.156699110855697654e-06
3.412271098568453453e-06
0.000000000000000000e+00
1.626673480359386303e-07
3.625512556837406919e-09
0.000000000000000000e+00
0.000000000000000000e+00
0.000000000000000000e+00
1.053289338415197562e-06
0.000000000000000000e+00
3.755424359042081051e-06
4.303408296379984677e-09
0.000000000000000000e+00
0.000000000000000000e+00
3.746301402429708105e-08
0.000000000000000000e+00
5.481636922155530556e-09
2.089232680191344116e-07
1.156938780888516760e-10
2.329736332740139915e-07
0.000000000000000000e+00
0.000000000000000000e+00
6.931624056960572489e-07
0.000000000000000000e+00
0.000000000000000000e+00
0.000000000000000000e+00
0.000000000000000000e+00
8.567972442641291764e-10
0.000000000000000000e+00
0.000000000000000000e+00
0.000000000000000000e+00
0.000000000000000000e+00
0.000000000000000000e+00
0.000000000000000000e+00
0.000000000000000000e+00
9.888069030239421409e-09
0.000000000000000000e+00
0.000000000000000000e+00
9.376972798236238305e-08
0.000000000000000000e+00
0.000000000000000000e+00
1.394747596350498497e-05
3.593776298771444999e-08
7.065721785437517610e-09
0.000000000000000000e+00
0.000000000000000000e+00
0.000000000000000000e+00
0.000000000000000000e+00
0.000000000000000000e+00
0.000000000000000000e+00
0.000000000000000000e+00
0.000000000000000000e+00
0.000000000000000000e+00
0.000000000000000000e+00
0.000000000000000000e+00
0.000000000000000000e+00
0.000000000000000000e+00
1.807518579255429358e-08
0.000000000000000000e+00
2.279069571953229456e-10
2.832643897221487350e-09
0.000000000000000000e+00
0.000000000000000000e+00
0.000000000000000000e+00
0.000000000000000000e+00
1.665716666821026593e-07
0.000000000000000000e+00
0.000000000000000000e+00
0.000000000000000000e+00
0.000000000000000000e+00
0.000000000000000000e+00
0.000000000000000000e+00
1.129119109322118675e-08
0.000000000000000000e+00
5.726546987716574222e-07
0.000000000000000000e+00
0.000000000000000000e+00
0.000000000000000000e+00
1.551127837284838051e-10
0.000000000000000000e+00
0.000000000000000000e+00
1.127885340679313231e-08
0.000000000000000000e+00
4.209256498910463051e-09
0.000000000000000000e+00
0.000000000000000000e+00
0.000000000000000000e+00
0.000000000000000000e+00
0.000000000000000000e+00
0.000000000000000000e+00
0.000000000000000000e+00
0.000000000000000000e+00
0.000000000000000000e+00
0.000000000000000000e+00
0.000000000000000000e+00
0.000000000000000000e+00
0.000000000000000000e+00
0.000000000000000000e+00
0.000000000000000000e+00
9.334699235807875084e-09
1.024245577241345018e-08
0.000000000000000000e+00
0.000000000000000000e+00
1.336428567810798995e-08
6.697987942061445210e-09
1.088180767716551145e-09
0.000000000000000000e+00
0.000000000000000000e+00
5.686977111452051759e-09
0.000000000000000000e+00
0.000000000000000000e+00
9.078157781061690912e-09
9.906026576800286421e-08
9.246388117389869876e-07
1.876722954818887956e-08
9.101729148142112535e-08
5.108331606606952846e-07
1.827212145144585520e-06
2.722513272601645440e-07
5.760239218943752348e-08
5.596505658900241542e-08
1.769292907738417853e-06
0.000000000000000000e+00
2.116019537368174497e-08
0.000000000000000000e+00
5.169165888219140470e-06
4.527957457867159974e-07
2.625370598252629861e-06
7.373029120572027750e-07
3.844535001462645596e-08
3.611283148075017380e-07
2.991790637452140800e-08
2.371446150561951072e-08
0.000000000000000000e+00
2.442446778161411203e-08
4.116349927585361002e-09
1.783997838344930642e-09
3.966695203416747972e-06
1.058414689225628535e-08
3.153814418510592077e-07
0.000000000000000000e+00
4.940412878795541474e-08
0.000000000000000000e+00
0.000000000000000000e+00
5.141147063625339797e-09
0.000000000000000000e+00
1.885744449481308038e-09
0.000000000000000000e+00
8.655890226805240673e-09
0.000000000000000000e+00
2.845790959327132441e-06
0.000000000000000000e+00
2.695587975054536400e-09
0.000000000000000000e+00
0.000000000000000000e+00
5.656214385751923146e-10
0.000000000000000000e+00
0.000000000000000000e+00
7.027433639450464398e-07
0.000000000000000000e+00
0.000000000000000000e+00
0.000000000000000000e+00
1.894598682383730193e-07
0.000000000000000000e+00
3.291514971692777181e-08
0.000000000000000000e+00
0.000000000000000000e+00
0.000000000000000000e+00
0.000000000000000000e+00
0.000000000000000000e+00
0.000000000000000000e+00
0.000000000000000000e+00
0.000000000000000000e+00
0.000000000000000000e+00
3.474213972065598455e-10
1.071844693001366977e-07
7.700122761633565460e-10
0.000000000000000000e+00
7.871061313835525652e-08
4.079398081557883415e-07
6.411269737327529583e-07
6.808727359697286374e-09
0.000000000000000000e+00
0.000000000000000000e+00
0.000000000000000000e+00
0.000000000000000000e+00
0.000000000000000000e+00
6.944139272491156589e-07
0.000000000000000000e+00
1.142966652878385503e-06
0.000000000000000000e+00
3.985273222539831295e-11
6.519957196360337548e-07
9.322365102093499445e-09
0.000000000000000000e+00
0.000000000000000000e+00
0.000000000000000000e+00
0.000000000000000000e+00
9.924400884431250347e-11
0.000000000000000000e+00
3.819090466095076408e-08
5.310492490195883875e-09
0.000000000000000000e+00
2.217217200950472034e-07
1.513987513135361951e-08
0.000000000000000000e+00
0.000000000000000000e+00
0.000000000000000000e+00
0.000000000000000000e+00
0.000000000000000000e+00
6.046875000720319804e-09
0.000000000000000000e+00
0.000000000000000000e+00
0.000000000000000000e+00
0.000000000000000000e+00
0.000000000000000000e+00
0.000000000000000000e+00
5.832306193553904450e-09
0.000000000000000000e+00
0.000000000000000000e+00
0.000000000000000000e+00
6.804922736414198425e-10
0.000000000000000000e+00
8.439776100210849563e-10
0.000000000000000000e+00
0.000000000000000000e+00
0.000000000000000000e+00
1.577255659412912792e-09
4.712083168101344199e-09
3.923090474700074992e-08
0.000000000000000000e+00
6.176226197140977092e-09
7.938888657577081176e-09
2.068618186967796646e-06
9.482858054354892374e-09
9.371648346245819994e-09
6.601077302548219450e-07
1.844999530931090703e-07
2.546400708069995744e-07
2.025838767849563737e-07
1.421561646175462101e-09
4.618745386153477739e-09
1.398922222506371327e-06
7.699529191995679867e-08
1.472881105968326665e-08
1.925456984963602736e-07
3.059372488678491209e-07
1.356201977387172519e-07
3.613946319092065096e-06
3.754562101221381454e-07
2.089447434627800249e-06
1.066061798837836250e-07
4.825857331525185145e-07
1.029722739076532889e-06
4.875322474617860280e-07
0.000000000000000000e+00
1.669250515590192663e-08
1.048472810794010002e-07
1.577600755808816757e-06
2.480071259469696088e-09
8.100335548988368828e-07
4.784948259839438833e-07
2.739873750101651240e-08
3.538064220265368931e-06
5.402458555181510746e-06
8.721269928457786591e-09
1.901892865419085865e-09
1.565464557984341809e-08
5.192683829591260292e-07
4.229389727328225490e-09
0.000000000000000000e+00
1.717916120469453745e-07
3.475805476771398617e-10
0.000000000000000000e+00
0.000000000000000000e+00
0.000000000000000000e+00
1.569745109009090811e-06
6.545653796763417631e-09
5.846962380928744096e-07
5.174946409169933759e-07
0.000000000000000000e+00
0.000000000000000000e+00
1.990887810165986593e-08
1.584793807296591694e-07
8.477660173866752302e-08
9.439520276544044464e-09
3.302850970499093819e-08
0.000000000000000000e+00
0.000000000000000000e+00
5.333795272122188180e-08
0.000000000000000000e+00
0.000000000000000000e+00
6.265846730357793604e-10
2.613631266967786360e-08
0.000000000000000000e+00
0.000000000000000000e+00
3.457316779531538486e-07
0.000000000000000000e+00
8.056941780409943021e-09
9.990883143018436385e-08
0.000000000000000000e+00
1.412198571415501647e-06
1.361602102178949281e-07
3.114307389751047594e-07
4.083964881829160731e-07
0.000000000000000000e+00
0.000000000000000000e+00
0.000000000000000000e+00
7.090152394084725529e-07
8.733836693863850087e-07
0.000000000000000000e+00
4.865354785721365261e-09
0.000000000000000000e+00
0.000000000000000000e+00
0.000000000000000000e+00
1.438360452965525837e-08
8.912087179346883659e-10
8.836732234840383171e-09
3.946391657905223838e-09
0.000000000000000000e+00
0.000000000000000000e+00
0.000000000000000000e+00
5.566064373851986602e-07
0.000000000000000000e+00
0.000000000000000000e+00
0.000000000000000000e+00
0.000000000000000000e+00
1.656771502211995539e-07
0.000000000000000000e+00
2.034328677735786073e-10
8.861007039229207294e-09
0.000000000000000000e+00
0.000000000000000000e+00
0.000000000000000000e+00
0.000000000000000000e+00
0.000000000000000000e+00
1.130730709064664552e-07
0.000000000000000000e+00
0.000000000000000000e+00
6.276684061390369607e-09
5.425966165262252616e-08
0.000000000000000000e+00
8.959191610813377338e-09
0.000000000000000000e+00
1.282986232808980276e-07
1.835421037377216180e-09
0.000000000000000000e+00
2.843288257281528786e-06
0.000000000000000000e+00
5.479716378431476187e-07
2.991974668020702666e-07
5.564838190252885397e-08
1.834925598132031155e-07
2.423109322080563288e-07
2.203799880362566910e-07
1.143522752045100788e-07
1.842442713950731559e-07
2.273946364539369824e-08
5.863182855891935219e-11
9.620457603887189180e-07
8.237052497861441225e-07
5.455329343817538756e-08
9.098660029849270359e-07
1.075043769560579676e-06
1.630224062409979524e-07
0.000000000000000000e+00
1.831498686044596980e-08
6.818751074888496078e-08
6.806823993343869006e-09
8.183508037884479336e-11
6.691264502478588838e-07
3.931865943940238139e-09
6.584760292582814145e-09
8.102266235709976172e-08
6.771609832867397927e-07
6.129219798367557814e-08
5.137029347679344937e-06
1.039139689851253934e-07
0.000000000000000000e+00
9.222425489952001953e-09
1.279669370468639045e-09
0.000000000000000000e+00
5.432535754579248533e-09
1.217283283949655015e-06
5.230949895462799759e-08
3.650954383260796021e-08
0.000000000000000000e+00
0.000000000000000000e+00
0.000000000000000000e+00
3.491023026214179481e-09
7.333875942094891798e-07
5.142011332281981595e-07
9.474250362018210581e-08
0.000000000000000000e+00
0.000000000000000000e+00
8.003216755980702146e-09
1.025320486292002897e-07
0.000000000000000000e+00
0.000000000000000000e+00
0.000000000000000000e+00
0.000000000000000000e+00
5.477490958583075553e-07
2.655286479580354353e-08
0.000000000000000000e+00
2.244959631525489385e-07
0.000000000000000000e+00
0.000000000000000000e+00
1.286210675743859611e-07
0.000000000000000000e+00
0.000000000000000000e+00
0.000000000000000000e+00
0.000000000000000000e+00
0.000000000000000000e+00
2.273194752433482790e-07
0.000000000000000000e+00
0.000000000000000000e+00
0.000000000000000000e+00
0.000000000000000000e+00
0.000000000000000000e+00
0.000000000000000000e+00
0.000000000000000000e+00
2.141697734714398393e-07
0.000000000000000000e+00
0.000000000000000000e+00
0.000000000000000000e+00
0.000000000000000000e+00
0.000000000000000000e+00
1.041581265681656987e-09
0.000000000000000000e+00
0.000000000000000000e+00
0.000000000000000000e+00
0.000000000000000000e+00
0.000000000000000000e+00
0.000000000000000000e+00
0.000000000000000000e+00
0.000000000000000000e+00
0.000000000000000000e+00
8.238680493377614766e-07
1.150297634922026191e-09
1.959459723366308026e-07
1.350496319219018915e-07
9.900538167073591467e-09
0.000000000000000000e+00
0.000000000000000000e+00
0.000000000000000000e+00
0.000000000000000000e+00
0.000000000000000000e+00
0.000000000000000000e+00
0.000000000000000000e+00
0.000000000000000000e+00
0.000000000000000000e+00
2.923607800298100301e-09
0.000000000000000000e+00
0.000000000000000000e+00
0.000000000000000000e+00
0.000000000000000000e+00
0.000000000000000000e+00
0.000000000000000000e+00
3.677528638945659623e-06
0.000000000000000000e+00
3.970898887484253237e-10
4.821926857800917787e-09
0.000000000000000000e+00
0.000000000000000000e+00
0.000000000000000000e+00
0.000000000000000000e+00
0.000000000000000000e+00
0.000000000000000000e+00
0.000000000000000000e+00
0.000000000000000000e+00
0.000000000000000000e+00
0.000000000000000000e+00
0.000000000000000000e+00
0.000000000000000000e+00
0.000000000000000000e+00
0.000000000000000000e+00
0.000000000000000000e+00
0.000000000000000000e+00
0.000000000000000000e+00
0.000000000000000000e+00
0.000000000000000000e+00
0.000000000000000000e+00
0.000000000000000000e+00
0.000000000000000000e+00
0.000000000000000000e+00
0.000000000000000000e+00
0.000000000000000000e+00
0.000000000000000000e+00
0.000000000000000000e+00
0.000000000000000000e+00
0.000000000000000000e+00
0.000000000000000000e+00
0.000000000000000000e+00
6.700138222015539213e-09
0.000000000000000000e+00
0.000000000000000000e+00
2.843071911229344551e-07
2.173948487893540005e-08
0.000000000000000000e+00
0.000000000000000000e+00
0.000000000000000000e+00
3.828321837318071630e-07
8.168563603305756260e-09
3.237110579590307680e-09
0.000000000000000000e+00
0.000000000000000000e+00
0.000000000000000000e+00
0.000000000000000000e+00
0.000000000000000000e+00
0.000000000000000000e+00
0.000000000000000000e+00
0.000000000000000000e+00
0.000000000000000000e+00
1.227036250384117011e-10
9.466133654711939016e-09
0.000000000000000000e+00
0.000000000000000000e+00
0.000000000000000000e+00
0.000000000000000000e+00
0.000000000000000000e+00
0.000000000000000000e+00
0.000000000000000000e+00
0.000000000000000000e+00
0.000000000000000000e+00
0.000000000000000000e+00
0.000000000000000000e+00
0.000000000000000000e+00
0.000000000000000000e+00
0.000000000000000000e+00
0.000000000000000000e+00
0.000000000000000000e+00
0.000000000000000000e+00
0.000000000000000000e+00
0.000000000000000000e+00
3.623653599404974557e-09
5.285744730798569435e-09
1.042054886823962079e-09
3.617116419718513498e-07
9.039833770430050208e-09
2.597257520164930611e-08
6.983647153901983984e-07
6.159505687719502021e-07
2.321455895071267150e-06
5.886313374503515661e-06
1.239697553501173388e-07
4.078102620042045601e-07
2.538348780944943428e-06
1.494411066005341127e-07
3.487285793468686279e-09
2.827907792379846796e-07
6.183996958952775458e-08
1.837480745336961263e-08
2.882358671740803402e-07
3.242334400965773966e-07
1.348557105984582449e-07
5.075292506262485404e-07
9.209995965875350521e-08
2.156890701598968008e-07
6.259805473973756307e-08
3.768658274339031777e-08
3.652097859685454750e-07
0.000000000000000000e+00
2.058110482039410272e-08
5.622923708870075643e-06
1.344642299727638601e-07
1.716233981596815283e-07
2.274771020438492997e-07
4.959861854558766936e-09
2.056732455457677133e-07
1.171621111240028767e-08
9.085886487625316477e-10
6.381387152032402810e-07
1.615166445034788012e-09
0.000000000000000000e+00
8.544277818600676255e-08
0.000000000000000000e+00
0.000000000000000000e+00
0.000000000000000000e+00
0.000000000000000000e+00
2.392225496805622242e-06
0.000000000000000000e+00
0.000000000000000000e+00
0.000000000000000000e+00
0.000000000000000000e+00
1.138585687954218884e-07
3.579593066405095669e-09
0.000000000000000000e+00
0.000000000000000000e+00
9.241911129720392637e-07
6.270269636843295302e-09
0.000000000000000000e+00
0.000000000000000000e+00
0.000000000000000000e+00
0.000000000000000000e+00
0.000000000000000000e+00
0.000000000000000000e+00
0.000000000000000000e+00
1.287163176044714419e-08
8.882678592669890349e-09
9.224511821059877548e-09
0.000000000000000000e+00
0.000000000000000000e+00
0.000000000000000000e+00
0.000000000000000000e+00
0.000000000000000000e+00
1.089525653696910013e-06
0.000000000000000000e+00
0.000000000000000000e+00
0.000000000000000000e+00
0.000000000000000000e+00
7.110098620977112205e-11
0.000000000000000000e+00
1.231507837928802473e-07
0.000000000000000000e+00
0.000000000000000000e+00
5.112712919697059988e-09
1.342120071967656258e-06
0.000000000000000000e+00
0.000000000000000000e+00
0.000000000000000000e+00
5.532787028528218798e-08
6.640012539804729386e-09
0.000000000000000000e+00
0.000000000000000000e+00
7.794938305938359235e-11
0.000000000000000000e+00
0.000000000000000000e+00
0.000000000000000000e+00
0.000000000000000000e+00
0.000000000000000000e+00
0.000000000000000000e+00
0.000000000000000000e+00
0.000000000000000000e+00
0.000000000000000000e+00
1.626119794373437344e-10
1.183884208444396791e-07
0.000000000000000000e+00
0.000000000000000000e+00
0.000000000000000000e+00
1.722126086178832338e-08
9.083402119358652271e-07
0.000000000000000000e+00
0.000000000000000000e+00
0.000000000000000000e+00
8.698653353178542602e-09
0.000000000000000000e+00
0.000000000000000000e+00
0.000000000000000000e+00
1.467727051007727823e-09
0.000000000000000000e+00
8.230423276245346642e-08
0.000000000000000000e+00
0.000000000000000000e+00
9.922954014029983227e-09
0.000000000000000000e+00
5.194074614855992422e-10
0.000000000000000000e+00
9.750078522330341002e-11
0.000000000000000000e+00
6.423621079498786912e-10
0.000000000000000000e+00
0.000000000000000000e+00
4.761713245926557647e-10
6.972518118431025869e-09
3.254002400865374511e-09
0.000000000000000000e+00
3.998023956341967278e-08
4.337158827638631919e-07
1.186933218377816956e-08
1.454901976671862940e-08
1.542873633297858760e-07
4.794137709041024209e-08
9.199402484227903187e-08
8.022103514804257429e-08
0.000000000000000000e+00
7.642100285920605529e-08
6.202553208822791930e-07
9.967605407723567623e-09
3.381873003860391691e-09
1.412292789382263436e-07
0.000000000000000000e+00
0.000000000000000000e+00
1.841391039647533034e-08
3.026046613285870990e-08
8.085388799372594804e-06
4.146668008964127239e-10
4.119229686239123112e-07
4.025549060315825045e-06
4.368316197655985889e-08
2.633811163832433522e-06
2.718437883686419809e-07
3.594670161533031205e-08
8.425744795204082038e-07
1.685214243707378046e-07
0.000000000000000000e+00
8.571792164957514615e-08
4.061796943233275670e-08
2.862719156837556511e-06
2.738297837368008913e-07
0.000000000000000000e+00
1.031530473483144306e-06
0.000000000000000000e+00
8.308762033948369208e-08
0.000000000000000000e+00
1.961226070434918256e-09
2.469564996943063306e-09
1.085576215587025217e-07
0.000000000000000000e+00
0.000000000000000000e+00
0.000000000000000000e+00
0.000000000000000000e+00
0.000000000000000000e+00
1.067793505171721336e-06
0.000000000000000000e+00
2.766847501334268600e-06
0.000000000000000000e+00
1.217615363202639855e-06
0.000000000000000000e+00
6.233078124751045834e-07
0.000000000000000000e+00
0.000000000000000000e+00
0.000000000000000000e+00
5.315569978847634047e-06
9.487513352723908611e-07
0.000000000000000000e+00
0.000000000000000000e+00
0.000000000000000000e+00
0.000000000000000000e+00
4.054487412474827579e-09
0.000000000000000000e+00
0.000000000000000000e+00
0.000000000000000000e+00
0.000000000000000000e+00
0.000000000000000000e+00
0.000000000000000000e+00
0.000000000000000000e+00
0.000000000000000000e+00
0.000000000000000000e+00
0.000000000000000000e+00
0.000000000000000000e+00
9.427725961019817191e-11
0.000000000000000000e+00
9.700234393505979824e-09
0.000000000000000000e+00
3.242625279398225757e-09
7.867146933904223260e-09
0.000000000000000000e+00
2.689689893031754764e-08
0.000000000000000000e+00
0.000000000000000000e+00
0.000000000000000000e+00
1.945472121178681846e-07
0.000000000000000000e+00
0.000000000000000000e+00
0.000000000000000000e+00
0.000000000000000000e+00
0.000000000000000000e+00
0.000000000000000000e+00
1.468519750247310185e-09
8.721694939595181495e-07
0.000000000000000000e+00
0.000000000000000000e+00
0.000000000000000000e+00
0.000000000000000000e+00
0.000000000000000000e+00
2.216290617695904075e-08
0.000000000000000000e+00
0.000000000000000000e+00
0.000000000000000000e+00
0.000000000000000000e+00
0.000000000000000000e+00
0.000000000000000000e+00
0.000000000000000000e+00
0.000000000000000000e+00
0.000000000000000000e+00
0.000000000000000000e+00
0.000000000000000000e+00
0.000000000000000000e+00
0.000000000000000000e+00
0.000000000000000000e+00
4.954543372792663547e-11
0.000000000000000000e+00
0.000000000000000000e+00
4.431391005255136406e-07
0.000000000000000000e+00
8.644786930744885467e-07
3.260137715344058051e-09
8.069362955609449273e-09
2.969474337533029029e-07
9.295560943201053306e-08
0.000000000000000000e+00
0.000000000000000000e+00
0.000000000000000000e+00
0.000000000000000000e+00
0.000000000000000000e+00
0.000000000000000000e+00
0.000000000000000000e+00
0.000000000000000000e+00
0.000000000000000000e+00
0.000000000000000000e+00
2.050930536512396429e-09
2.210848837336243378e-09
0.000000000000000000e+00
1.593385201559271991e-09
4.069789127925105277e-08
0.000000000000000000e+00
3.242027446503925603e-08
5.895684385137656136e-09
3.381659041679085931e-08
0.000000000000000000e+00
0.000000000000000000e+00
4.896996586012392072e-08
2.456456726918077038e-08
3.896104772138642147e-06
0.000000000000000000e+00
0.000000000000000000e+00
0.000000000000000000e+00
5.720339757431247563e-08
2.241968388716486515e-08
3.451730989922907611e-08
4.576595102889768896e-08
0.000000000000000000e+00
3.967759176770613294e-10
2.704808537146163872e-07
3.423566568017122336e-07
0.000000000000000000e+00
2.275818815178354271e-06
0.000000000000000000e+00
5.778105993670124008e-09
3.305605559944524430e-06
2.995244869907764951e-07
1.447700128665019292e-07
0.000000000000000000e+00
1.260339388409192907e-07
3.145779885471711168e-07
1.217260181540780195e-09
3.153737049288451999e-09
2.606294060569780413e-07
8.363943493350234348e-08
1.305323422684523393e-07
1.798685957510315347e-06
3.416893434859957779e-09
2.182310652187879896e-07
4.172779455302588758e-08
1.380258538574707927e-07
4.706900469386710029e-08
1.712744079895855975e-07
7.940416679730333271e-08
2.738676982971810503e-07
9.953113000449320680e-09
6.182340683835718664e-08
1.204615358574301354e-07
1.574099428580666427e-08
0.000000000000000000e+00
1.136383964706055849e-08
0.000000000000000000e+00
0.000000000000000000e+00
0.000000000000000000e+00
1.387380349493483322e-10
2.798933849135210039e-07
2.432213097591784390e-09
6.513819705844525743e-09
0.000000000000000000e+00
0.000000000000000000e+00
1.411415269103599712e-07
0.000000000000000000e+00
0.000000000000000000e+00
0.000000000000000000e+00
0.000000000000000000e+00
0.000000000000000000e+00
0.000000000000000000e+00
0.000000000000000000e+00
0.000000000000000000e+00
8.116251137835206464e-08
0.000000000000000000e+00
0.000000000000000000e+00
0.000000000000000000e+00
1.494795731638021152e-09
0.000000000000000000e+00
0.000000000000000000e+00
0.000000000000000000e+00
5.466108898843913266e-09
3.486037236655192828e-09
0.000000000000000000e+00
1.361886461381800473e-06
0.000000000000000000e+00
0.000000000000000000e+00
2.452463149893446825e-06
0.000000000000000000e+00
9.231592712488634334e-10
3.196077402733976669e-09
5.874920550041906608e-09
0.000000000000000000e+00
2.547654087692308167e-09
0.000000000000000000e+00
0.000000000000000000e+00
0.000000000000000000e+00
6.736418356467765989e-08
0.000000000000000000e+00
5.355311194499279281e-10
0.000000000000000000e+00
0.000000000000000000e+00
5.975357014742499473e-11
4.315564183343667537e-06
9.513203025335315033e-08
3.806072186307574157e-07
2.459556469602830475e-08
1.557360129744722599e-09
0.000000000000000000e+00
1.303782637407380207e-09
1.689385520364794502e-08
3.984967733572375437e-08
1.202692146762274206e-06
1.258595858644184773e-07
9.099899216380435973e-07
2.536742158554261550e-06
2.101375855545484228e-07
7.400864809881113615e-09
3.195592768179267296e-08
1.818987925616966095e-06
0.000000000000000000e+00
2.010985582501234603e-07
1.199515820005103706e-09
1.993130993582781230e-09
1.173585314973024651e-05
6.376777719196979888e-07
8.503835147166682873e-07
0.000000000000000000e+00
7.089318909692110537e-09
0.000000000000000000e+00
1.102058263313665520e-06
8.214817057705658954e-07
0.000000000000000000e+00
8.417119374826143030e-07
0.000000000000000000e+00
1.913077252169159692e-09
4.075986623774952022e-07
1.727199361312159454e-08
6.620986398031547537e-11
9.722667115852345887e-09
2.148177635774572991e-08
0.000000000000000000e+00
5.452465146049689793e-08
4.050040303127389052e-08
1.657025211487805905e-11
8.232785120299013215e-09
2.042857687456489657e-07
5.457752472182164638e-09
0.000000000000000000e+00
1.851213582426680659e-08
1.310510128860187251e-06
1.175681347831414314e-07
0.000000000000000000e+00
0.000000000000000000e+00
0.000000000000000000e+00
6.826537557458323136e-09
0.000000000000000000e+00
0.000000000000000000e+00
3.683322091774243745e-08
0.000000000000000000e+00
0.000000000000000000e+00
3.001860565676750525e-11
3.290909988962198440e-09
0.000000000000000000e+00
0.000000000000000000e+00
0.000000000000000000e+00
0.000000000000000000e+00
0.000000000000000000e+00
0.000000000000000000e+00
4.596456104621893246e-09
0.000000000000000000e+00
0.000000000000000000e+00
0.000000000000000000e+00
0.000000000000000000e+00
0.000000000000000000e+00
0.000000000000000000e+00
0.000000000000000000e+00
0.000000000000000000e+00
0.000000000000000000e+00
0.000000000000000000e+00
1.445173438696656376e-07
2.378192903051967733e-06
0.000000000000000000e+00
0.000000000000000000e+00
0.000000000000000000e+00
0.000000000000000000e+00
0.000000000000000000e+00
0.000000000000000000e+00
0.000000000000000000e+00
0.000000000000000000e+00
0.000000000000000000e+00
0.000000000000000000e+00
0.000000000000000000e+00
0.000000000000000000e+00
0.000000000000000000e+00
0.000000000000000000e+00
0.000000000000000000e+00
0.000000000000000000e+00
0.000000000000000000e+00
0.000000000000000000e+00
0.000000000000000000e+00
0.000000000000000000e+00
5.443198602961274446e-08
0.000000000000000000e+00
0.000000000000000000e+00
0.000000000000000000e+00
0.000000000000000000e+00
3.144473292859828462e-10
0.000000000000000000e+00
0.000000000000000000e+00
1.386681658388511096e-09
0.000000000000000000e+00
0.000000000000000000e+00
0.000000000000000000e+00
0.000000000000000000e+00
0.000000000000000000e+00
0.000000000000000000e+00
0.000000000000000000e+00
0.000000000000000000e+00
0.000000000000000000e+00
3.167011541904685146e-08
0.000000000000000000e+00
0.000000000000000000e+00
0.000000000000000000e+00
0.000000000000000000e+00
5.893849408522555677e-09
6.394787810393154359e-09
0.000000000000000000e+00
0.000000000000000000e+00
0.000000000000000000e+00
1.354477241477525240e-08
6.042133460226750685e-09
3.123699909846067158e-10
0.000000000000000000e+00
0.000000000000000000e+00
0.000000000000000000e+00
5.430731562228174880e-07
0.000000000000000000e+00
5.976981576338857849e-09
0.000000000000000000e+00
0.000000000000000000e+00
6.375120875645734486e-09
0.000000000000000000e+00
5.585156781506839252e-09
0.000000000000000000e+00
0.000000000000000000e+00
6.469669244779652217e-08
0.000000000000000000e+00
4.229711692005366785e-09
0.000000000000000000e+00
2.838324908438494276e-09
1.003938390753411625e-10
0.000000000000000000e+00
0.000000000000000000e+00
0.000000000000000000e+00
0.000000000000000000e+00
0.000000000000000000e+00
0.000000000000000000e+00
0.000000000000000000e+00
0.000000000000000000e+00
9.936688805112225964e-09
0.000000000000000000e+00
0.000000000000000000e+00
1.305273489293767852e-08
0.000000000000000000e+00
0.000000000000000000e+00
0.000000000000000000e+00
0.000000000000000000e+00
0.000000000000000000e+00
0.000000000000000000e+00
1.109466074566967109e-09
0.000000000000000000e+00
0.000000000000000000e+00
0.000000000000000000e+00
0.000000000000000000e+00
0.000000000000000000e+00
0.000000000000000000e+00
0.000000000000000000e+00
0.000000000000000000e+00
0.000000000000000000e+00
0.000000000000000000e+00
0.000000000000000000e+00
1.030131002721645928e-07
3.954674411943415180e-06
0.000000000000000000e+00
5.132639646632242147e-09
1.167258112388935842e-08
1.370324639538011979e-06
0.000000000000000000e+00
0.000000000000000000e+00
1.381675787115455023e-07
4.513566693731263513e-07
0.000000000000000000e+00
2.070985605229225257e-09
1.057132763548906951e-07
9.085042051992786583e-08
4.211662201214494416e-07
4.012392196273140144e-07
6.315378442423025263e-08
3.176322094233796633e-09
0.000000000000000000e+00
0.000000000000000000e+00
2.577985185325815110e-07
5.332914998490423386e-09
2.798690168503981113e-08
2.075394789358142589e-08
0.000000000000000000e+00
1.305570584975157544e-08
0.000000000000000000e+00
1.534968760097399354e-06
0.000000000000000000e+00
2.792957047859090380e-07
0.000000000000000000e+00
1.825905399099880810e-10
0.000000000000000000e+00
0.000000000000000000e+00
0.000000000000000000e+00
1.132556803895568009e-07
0.000000000000000000e+00
0.000000000000000000e+00
0.000000000000000000e+00
0.000000000000000000e+00
0.000000000000000000e+00
0.000000000000000000e+00
0.000000000000000000e+00
0.000000000000000000e+00
6.993617240880212194e-09
0.000000000000000000e+00
3.248134987643425120e-07
0.000000000000000000e+00
0.000000000000000000e+00
0.000000000000000000e+00
0.000000000000000000e+00
1.880167275203348254e-07
0.000000000000000000e+00
0.000000000000000000e+00
0.000000000000000000e+00
6.633699740632437170e-07
0.000000000000000000e+00
0.000000000000000000e+00
0.000000000000000000e+00
0.000000000000000000e+00
0.000000000000000000e+00
6.695175525095464764e-09
0.000000000000000000e+00
1.285236539416700907e-08
0.000000000000000000e+00
0.000000000000000000e+00
0.000000000000000000e+00
0.000000000000000000e+00
0.000000000000000000e+00
6.840120931883575395e-07
0.000000000000000000e+00
0.000000000000000000e+00
0.000000000000000000e+00
0.000000000000000000e+00
0.000000000000000000e+00
1.080564743460854515e-06
0.000000000000000000e+00
0.000000000000000000e+00
0.000000000000000000e+00
0.000000000000000000e+00
0.000000000000000000e+00
0.000000000000000000e+00
1.366053492546370762e-09
0.000000000000000000e+00
1.471757059334777296e-06
0.000000000000000000e+00
0.000000000000000000e+00
0.000000000000000000e+00
0.000000000000000000e+00
0.000000000000000000e+00
3.953744442952711324e-09
5.782513579077885879e-09
0.000000000000000000e+00
6.169543542711153350e-09
2.132956979039590806e-06
0.000000000000000000e+00
2.820916243650994915e-11
0.000000000000000000e+00
0.000000000000000000e+00
6.294150978192192269e-09
2.449321989672625932e-08
0.000000000000000000e+00
0.000000000000000000e+00
0.000000000000000000e+00
3.883382760250242427e-06
7.788834466282423818e-09
0.000000000000000000e+00
0.000000000000000000e+00
0.000000000000000000e+00
2.331155407597762519e-11
1.079923706015506468e-07
1.091206968339974992e-06
3.353462929567285755e-08
7.758743869601403276e-09
2.336292027393938042e-06
0.000000000000000000e+00
5.293974822961899918e-07
2.488456630089785904e-06
5.746669984318941715e-08
1.816496109086074284e-08
5.298903715811320581e-08
1.491083025939587969e-07
8.807530207377567422e-07
2.409266528502485016e-07
1.047899633732640723e-08
9.241622050959463763e-11
3.081962063333776314e-08
0.000000000000000000e+00
0.000000000000000000e+00
5.703014721802901477e-06
1.301769572137345676e-07
0.000000000000000000e+00
0.000000000000000000e+00
0.000000000000000000e+00
0.000000000000000000e+00
0.000000000000000000e+00
0.000000000000000000e+00
0.000000000000000000e+00
0.000000000000000000e+00
0.000000000000000000e+00
2.464944600433227606e-06
0.000000000000000000e+00
0.000000000000000000e+00
9.700958258918035426e-09
0.000000000000000000e+00
0.000000000000000000e+00
0.000000000000000000e+00
0.000000000000000000e+00
0.000000000000000000e+00
0.000000000000000000e+00
0.000000000000000000e+00
0.000000000000000000e+00
0.000000000000000000e+00
1.511749125882033695e-08
0.000000000000000000e+00
0.000000000000000000e+00
0.000000000000000000e+00
0.000000000000000000e+00
0.000000000000000000e+00
7.799631163152298541e-08
0.000000000000000000e+00
1.208031119581676194e-09
0.000000000000000000e+00
0.000000000000000000e+00
0.000000000000000000e+00
0.000000000000000000e+00
2.723357681588822743e-07
0.000000000000000000e+00
0.000000000000000000e+00
2.534746501234308447e-13
0.000000000000000000e+00
0.000000000000000000e+00
0.000000000000000000e+00
0.000000000000000000e+00
0.000000000000000000e+00
0.000000000000000000e+00
0.000000000000000000e+00
0.000000000000000000e+00
0.000000000000000000e+00
0.000000000000000000e+00
0.000000000000000000e+00
0.000000000000000000e+00
0.000000000000000000e+00
0.000000000000000000e+00
0.000000000000000000e+00
0.000000000000000000e+00
0.000000000000000000e+00
0.000000000000000000e+00
0.000000000000000000e+00
0.000000000000000000e+00
0.000000000000000000e+00
0.000000000000000000e+00
0.000000000000000000e+00
0.000000000000000000e+00
0.000000000000000000e+00
0.000000000000000000e+00
0.000000000000000000e+00
0.000000000000000000e+00
0.000000000000000000e+00
0.000000000000000000e+00
4.760121896651980933e-08
7.139457913751812157e-09
8.936134499037962087e-09
0.000000000000000000e+00
0.000000000000000000e+00
1.584389792697038502e-07
2.395057663306943141e-07
1.375087865795876496e-08
0.000000000000000000e+00
2.004680027312133461e-06
1.120915840147063136e-06
2.182824233865066077e-11
5.133562019921100728e-09
0.000000000000000000e+00
1.115955328145901149e-08
0.000000000000000000e+00
0.000000000000000000e+00
6.659375717532611816e-09
0.000000000000000000e+00
0.000000000000000000e+00
0.000000000000000000e+00
0.000000000000000000e+00
0.000000000000000000e+00
0.000000000000000000e+00
0.000000000000000000e+00
0.000000000000000000e+00
2.566096446443566492e-09
0.000000000000000000e+00
0.000000000000000000e+00
1.307660386373754591e-05
3.341237009291120330e-10
4.923810248413929003e-09
0.000000000000000000e+00
0.000000000000000000e+00
0.000000000000000000e+00
4.639963968600113731e-09
0.000000000000000000e+00
0.000000000000000000e+00
0.000000000000000000e+00
0.000000000000000000e+00
7.703278570581062468e-10
0.000000000000000000e+00
2.388549635856662690e-10
0.000000000000000000e+00
0.000000000000000000e+00
0.000000000000000000e+00
0.000000000000000000e+00
0.000000000000000000e+00
5.461118224303618263e-09
1.202256250110167457e-08
0.000000000000000000e+00
0.000000000000000000e+00
1.790632225828758806e-10
0.000000000000000000e+00
1.605129223980483744e-10
4.126703601059489301e-08
7.403045287901477423e-09
7.061055384838255122e-07
2.627184025882911556e-10
7.007229783084767405e-07
5.528132618337622262e-08
2.138070158252958208e-06
9.066641837307543028e-08
1.301595602853922173e-06
4.921899476525992689e-13
0.000000000000000000e+00
0.000000000000000000e+00
3.194410957974014309e-09
2.212574372606468387e-06
3.914808246463508112e-07
2.179266100910126625e-09
3.207423446838220116e-07
0.000000000000000000e+00
5.643914224862101037e-09
3.760832896659849212e-06
0.000000000000000000e+00
1.987815778647927800e-08
0.000000000000000000e+00
2.618521648400928825e-07
1.813460812627454288e-07
2.840193644715327537e-07
3.037900171420915285e-07
1.546263490581623046e-07
0.000000000000000000e+00
0.000000000000000000e+00
3.208149053079978330e-07
5.891153875836607767e-08
1.152831998751935316e-07
0.000000000000000000e+00
6.349684866790994420e-08
0.000000000000000000e+00
0.000000000000000000e+00
2.634400573242601240e-07
0.000000000000000000e+00
0.000000000000000000e+00
3.290481629392161267e-07
2.322496861495437770e-08
1.399619122821604833e-07
0.000000000000000000e+00
4.665007963255973777e-11
0.000000000000000000e+00
0.000000000000000000e+00
3.720452923516859300e-07
0.000000000000000000e+00
0.000000000000000000e+00
0.000000000000000000e+00
0.000000000000000000e+00
0.000000000000000000e+00
0.000000000000000000e+00
0.000000000000000000e+00
0.000000000000000000e+00
5.012070314336369847e-09
0.000000000000000000e+00
0.000000000000000000e+00
0.000000000000000000e+00
3.771410774788819253e-06
0.000000000000000000e+00
0.000000000000000000e+00
0.000000000000000000e+00
6.255147866340848850e-08
0.000000000000000000e+00
0.000000000000000000e+00
0.000000000000000000e+00
0.000000000000000000e+00
0.000000000000000000e+00
0.000000000000000000e+00
0.000000000000000000e+00
0.000000000000000000e+00
0.000000000000000000e+00
0.000000000000000000e+00
0.000000000000000000e+00
7.966374226953121251e-09
0.000000000000000000e+00
0.000000000000000000e+00
0.000000000000000000e+00
0.000000000000000000e+00
0.000000000000000000e+00
1.636046590647310950e-06
1.467955144107691012e-06
0.000000000000000000e+00
1.222013992219217471e-07
0.000000000000000000e+00
8.540991913719153672e-09
0.000000000000000000e+00
7.287308676495740656e-07
0.000000000000000000e+00
0.000000000000000000e+00
0.000000000000000000e+00
0.000000000000000000e+00
1.505292743786412757e-06
0.000000000000000000e+00
2.026025413215393201e-06
0.000000000000000000e+00
0.000000000000000000e+00
0.000000000000000000e+00
0.000000000000000000e+00
6.225338022858295517e-09
0.000000000000000000e+00
0.000000000000000000e+00
0.000000000000000000e+00
0.000000000000000000e+00
0.000000000000000000e+00
4.637759953851627870e-09
1.134373590616633010e-07
0.000000000000000000e+00
1.641490939618961420e-06
8.441293175565078855e-08
1.224395305143843871e-07
1.580119601385376882e-06
2.541305477166133642e-08
7.680258136133488733e-07
6.384239554790838156e-07
3.032326167939913830e-09
1.596786347590750665e-08
1.189304071891328363e-10
4.074433661571674747e-07
2.517545226510264911e-06
2.649485850270139053e-06
1.468822006245318335e-06
0.000000000000000000e+00
2.697207150959002320e-07
1.865253125288290903e-07
3.597092046447869507e-08
4.967581617165706120e-07
1.022177045229000214e-07
0.000000000000000000e+00
1.548700652165280189e-06
2.333652382446871343e-08
4.022949724458158016e-07
0.000000000000000000e+00
2.292671013037761441e-07
6.021435865477542393e-07
1.975839714063454267e-09
8.110675686623380898e-09
3.092677447469327490e-09
6.109744390414562076e-07
2.858328969068679726e-07
2.140401193173602223e-06
2.235067455558237270e-07
1.002687000095647818e-08
7.763190978948841803e-08
1.463792273170838598e-06
6.359298936331470031e-07
1.439383945367467277e-09
1.717758664199209306e-07
0.000000000000000000e+00
0.000000000000000000e+00
8.441263616987271234e-07
1.214525702231128435e-10
2.465698756282108661e-08
4.561014463888568571e-07
1.136827787462380002e-08
2.971711587917980069e-08
8.040414058996248059e-07
6.587708156757798861e-08
0.000000000000000000e+00
6.355857351536542410e-08
0.000000000000000000e+00
0.000000000000000000e+00
6.666899565743733547e-08
0.000000000000000000e+00
0.000000000000000000e+00
5.087443355478171725e-09
0.000000000000000000e+00
0.000000000000000000e+00
1.264212642126949504e-06
0.000000000000000000e+00
0.000000000000000000e+00
6.045576483870718221e-09
0.000000000000000000e+00
7.712416483229844744e-09
0.000000000000000000e+00
3.870848086506839536e-09
5.054840990226239228e-09
2.906330394125689054e-07
0.000000000000000000e+00
0.000000000000000000e+00
0.000000000000000000e+00
0.000000000000000000e+00
0.000000000000000000e+00
0.000000000000000000e+00
4.810190024073790482e-10
0.000000000000000000e+00
0.000000000000000000e+00
0.000000000000000000e+00
0.000000000000000000e+00
0.000000000000000000e+00
0.000000000000000000e+00
2.042362865495306323e-07
0.000000000000000000e+00
1.152872552978578824e-08
0.000000000000000000e+00
2.300030166324518177e-09
5.122604207485892402e-08
0.000000000000000000e+00
3.278609312928892905e-07
0.000000000000000000e+00
0.000000000000000000e+00
0.000000000000000000e+00
1.041190316186657583e-07
8.469215884154834839e-10
0.000000000000000000e+00
6.246575168233903241e-08
0.000000000000000000e+00
0.000000000000000000e+00
3.145633442613871011e-08
0.000000000000000000e+00
0.000000000000000000e+00
3.227801803618035592e-09
0.000000000000000000e+00
4.694213906475397380e-09
8.564016162893040018e-09
7.140491309343133253e-09
2.279423370055155829e-06
3.335474785259862074e-09
2.680125135157140903e-07
0.000000000000000000e+00
1.581294384322973201e-08
3.045915875077298551e-08
1.056892315887125733e-07
0.000000000000000000e+00
8.104034776579283061e-08
1.527198256745521121e-09
1.107371616626551258e-07
8.422622954640246462e-08
0.000000000000000000e+00
3.848098799608123954e-07
5.037057917434140109e-07
0.000000000000000000e+00
4.125261909848632058e-07
1.222371821540946257e-07
1.084599489331594668e-06
0.000000000000000000e+00
8.644244076094764750e-08
2.038601065734724216e-09
2.454118241956848578e-09
2.032034818189032421e-10
3.434620907682983670e-07
1.088927774617332034e-06
7.795354917128349825e-10
0.000000000000000000e+00
2.641653793489240343e-07
3.933933001576406241e-08
1.121730065278825350e-06
7.295492423509131186e-07
2.127850677879905561e-07
7.239324162355842418e-08
6.713071343256160617e-07
3.046479378099320456e-06
9.277277612795842288e-09
3.385162699487409554e-06
0.000000000000000000e+00
9.806879752716213261e-09
5.692567697224149015e-07
0.000000000000000000e+00
0.000000000000000000e+00
1.919671319683402544e-07
9.657195221279835096e-08
1.827812012855645207e-09
0.000000000000000000e+00
0.000000000000000000e+00
6.330363788720205775e-09
0.000000000000000000e+00
0.000000000000000000e+00
0.000000000000000000e+00
0.000000000000000000e+00
0.000000000000000000e+00
2.882871941167763907e-09
0.000000000000000000e+00
1.048127029612544447e-09
8.491875536087434284e-10
6.262411744728524354e-08
9.011756618715338618e-11
0.000000000000000000e+00
0.000000000000000000e+00
0.000000000000000000e+00
3.932506231762999960e-08
2.053444063676579390e-07
1.153075481852283701e-05
0.000000000000000000e+00
7.139533408917486668e-07
0.000000000000000000e+00
1.423491741148197320e-10
0.000000000000000000e+00
7.382745526030021210e-09
0.000000000000000000e+00
0.000000000000000000e+00
4.633591732527975182e-09
7.597140694315385190e-09
4.964446816302370280e-06
0.000000000000000000e+00
5.615089904154046963e-08
1.798375564021625905e-07
0.000000000000000000e+00
0.000000000000000000e+00
4.229895864682475803e-07
0.000000000000000000e+00
1.844969066411294989e-09
6.812896202745832852e-08
3.297995831985645054e-08
3.561207449820358306e-06
2.843131774454832339e-08
8.101483928157904302e-08
0.000000000000000000e+00
0.000000000000000000e+00
2.454372918236913392e-07
0.000000000000000000e+00
4.222887355354032479e-07
1.195164259115699679e-06
5.134690006514119887e-09
3.030641835266578710e-07
0.000000000000000000e+00
0.000000000000000000e+00
0.000000000000000000e+00
0.000000000000000000e+00
6.953715683266636916e-07
8.339256964973174036e-07
4.070813020007335581e-07
2.404509359621442854e-06
4.773381245826158192e-09
5.502567734794183707e-09
9.294153002770144667e-09
2.648067436439305311e-07
0.000000000000000000e+00
1.279087200600770302e-06
0.000000000000000000e+00
0.000000000000000000e+00
0.000000000000000000e+00
4.588800095461920137e-07
1.408788752321754600e-09
5.446535169539856724e-07
1.383240189056778036e-09
7.809560109706126241e-09
3.257534519907068216e-10
1.231034332249691943e-07
0.000000000000000000e+00
7.653381817185334057e-10
0.000000000000000000e+00
0.000000000000000000e+00
1.424115225745481439e-08
0.000000000000000000e+00
0.000000000000000000e+00
3.970950146481300180e-08
3.308330276396986847e-09
0.000000000000000000e+00
0.000000000000000000e+00
0.000000000000000000e+00
2.222485591119038872e-07
0.000000000000000000e+00
0.000000000000000000e+00
0.000000000000000000e+00
0.000000000000000000e+00
0.000000000000000000e+00
7.081968789179882151e-08
0.000000000000000000e+00
0.000000000000000000e+00
0.000000000000000000e+00
0.000000000000000000e+00
0.000000000000000000e+00
0.000000000000000000e+00
0.000000000000000000e+00
0.000000000000000000e+00
0.000000000000000000e+00
0.000000000000000000e+00
5.866502283957686359e-10
0.000000000000000000e+00
0.000000000000000000e+00
0.000000000000000000e+00
0.000000000000000000e+00
0.000000000000000000e+00
3.075844688282813877e-06
9.565844116821153875e-09
0.000000000000000000e+00
0.000000000000000000e+00
0.000000000000000000e+00
0.000000000000000000e+00
0.000000000000000000e+00
0.000000000000000000e+00
0.000000000000000000e+00
0.000000000000000000e+00
0.000000000000000000e+00
1.004266253490371241e-10
0.000000000000000000e+00
0.000000000000000000e+00
0.000000000000000000e+00
0.000000000000000000e+00
0.000000000000000000e+00
2.725918449297815016e-11
0.000000000000000000e+00
9.897674679848478263e-09
0.000000000000000000e+00
0.000000000000000000e+00
2.553878886146776495e-09
0.000000000000000000e+00
7.439289184674180433e-09
4.056526563545048703e-07
0.000000000000000000e+00
3.444891039094954976e-09
0.000000000000000000e+00
3.447950813750821908e-10
1.282222399368038168e-07
8.471913588437018916e-07
7.767845886519353371e-07
6.731733837028741618e-09
0.000000000000000000e+00
1.309340902366784576e-08
0.000000000000000000e+00
0.000000000000000000e+00
0.000000000000000000e+00
0.000000000000000000e+00
0.000000000000000000e+00
0.000000000000000000e+00
3.003533866063889946e-09
4.076149195952893933e-09
8.914698810258414596e-06
0.000000000000000000e+00
7.832660742224106798e-09
0.000000000000000000e+00
0.000000000000000000e+00
0.000000000000000000e+00
1.224238985741976649e-07
7.006276114829290691e-10
1.284405584556225222e-06
2.213025709352223203e-06
3.155255834386139213e-09
9.697243541495481622e-08
2.603790676403150428e-07
3.941327264556093724e-08
1.370915754250745522e-07
7.141220947914916906e-09
0.000000000000000000e+00
6.218833004112411800e-09
1.054072868100774940e-06
4.976218903607332322e-08
1.710373731533820774e-09
3.000503845385082968e-09
6.506367071779095568e-07
0.000000000000000000e+00
0.000000000000000000e+00
9.187421312617516378e-08
1.168717176369682420e-07
4.018911425873739063e-08
1.914832409966038540e-06
1.140295353252440691e-06
2.787215258592823375e-08
2.040556381643909845e-07
4.214829818494081337e-09
2.268397338411887176e-06
0.000000000000000000e+00
7.759100029147703026e-09
6.878751457328746710e-10
1.751979894493160828e-08
1.420834081500288448e-07
2.860490440070861951e-07
5.249544443586273701e-08
1.668297045398503542e-06
0.000000000000000000e+00
1.559692999753004017e-11
5.694475446738067603e-10
1.501459756525491684e-08
1.002905833047407214e-06
2.158088250325818080e-07
3.951302218752061890e-08
8.546492722416587640e-07
1.438282049015526809e-09
6.971236530262103770e-07
4.543003910839615855e-07
0.000000000000000000e+00
0.000000000000000000e+00
0.000000000000000000e+00
0.000000000000000000e+00
0.000000000000000000e+00
0.000000000000000000e+00
0.000000000000000000e+00
0.000000000000000000e+00
0.000000000000000000e+00
0.000000000000000000e+00
3.138765913845986688e-09
4.289975485960439983e-09
0.000000000000000000e+00
0.000000000000000000e+00
0.000000000000000000e+00
0.000000000000000000e+00
0.000000000000000000e+00
0.000000000000000000e+00
0.000000000000000000e+00
6.963319698627401522e-09
0.000000000000000000e+00
0.000000000000000000e+00
0.000000000000000000e+00
0.000000000000000000e+00
0.000000000000000000e+00
2.125545295328379325e-09
3.324502273471807712e-08
0.000000000000000000e+00
5.673860936639130159e-09
1.829375690931556164e-07
9.843518888885682827e-09
0.000000000000000000e+00
7.242719313182988117e-09
1.540565541802152438e-08
0.000000000000000000e+00
0.000000000000000000e+00
0.000000000000000000e+00
5.343128606227764976e-09
0.000000000000000000e+00
3.820232166162895737e-07
0.000000000000000000e+00
0.000000000000000000e+00
0.000000000000000000e+00
0.000000000000000000e+00
0.000000000000000000e+00
2.017039513191321021e-08
0.000000000000000000e+00
4.672310183195804711e-07
0.000000000000000000e+00
1.345693590337759815e-06
0.000000000000000000e+00
0.000000000000000000e+00
0.000000000000000000e+00
1.094850432536986773e-08
2.913114016678264306e-08
4.365388122096192092e-07
0.000000000000000000e+00
0.000000000000000000e+00
0.000000000000000000e+00
0.000000000000000000e+00
2.916985319956211242e-09
0.000000000000000000e+00
0.000000000000000000e+00
0.000000000000000000e+00
0.000000000000000000e+00
0.000000000000000000e+00
0.000000000000000000e+00
7.039206106895790072e-09
0.000000000000000000e+00
0.000000000000000000e+00
0.000000000000000000e+00
0.000000000000000000e+00
0.000000000000000000e+00
0.000000000000000000e+00
0.000000000000000000e+00
0.000000000000000000e+00
2.816137600891721604e-11
0.000000000000000000e+00
0.000000000000000000e+00
1.824433160102501006e-09
1.435283962791800150e-07
2.321826109152880235e-08
2.942105368219927186e-07
0.000000000000000000e+00
8.520575534021190833e-08
5.052378735650661645e-15
1.998171228478895500e-07
4.333847059001527668e-08
6.687670417448998705e-09
1.420112738514944795e-08
1.105782644117425662e-06
2.257719188492046669e-06
4.479750614905242401e-08
1.523832793282053899e-06
0.000000000000000000e+00
0.000000000000000000e+00
2.813619630614994094e-07
4.541696085880175815e-08
0.000000000000000000e+00
5.396750779596004577e-08
6.255852014191987109e-08
8.734285295020072226e-09
3.369949297393759480e-08
3.794769440901291091e-07
3.566244402009033365e-07
7.254485012708755676e-09
2.162865797572521842e-07
2.834634749149245181e-10
1.847679527600121219e-06
2.378267254243837669e-06
1.853330928724972182e-07
2.625131969580252189e-07
0.000000000000000000e+00
9.978593951132097573e-09
0.000000000000000000e+00
2.642674132857791847e-07
0.000000000000000000e+00
1.464036927245615516e-07
1.827334017434623092e-07
0.000000000000000000e+00
0.000000000000000000e+00
0.000000000000000000e+00
0.000000000000000000e+00
5.940098048995423596e-07
2.154521183683755226e-08
0.000000000000000000e+00
1.096240609399501409e-07
0.000000000000000000e+00
0.000000000000000000e+00
5.422510795938251249e-08
4.984261003926349076e-09
0.000000000000000000e+00
0.000000000000000000e+00
0.000000000000000000e+00
0.000000000000000000e+00
0.000000000000000000e+00
0.000000000000000000e+00
0.000000000000000000e+00
0.000000000000000000e+00
3.180857177653706458e-08
0.000000000000000000e+00
0.000000000000000000e+00
0.000000000000000000e+00
0.000000000000000000e+00
0.000000000000000000e+00
0.000000000000000000e+00
0.000000000000000000e+00
0.000000000000000000e+00
0.000000000000000000e+00
0.000000000000000000e+00
0.000000000000000000e+00
0.000000000000000000e+00
0.000000000000000000e+00
2.163247359021625016e-09
0.000000000000000000e+00
0.000000000000000000e+00
0.000000000000000000e+00
0.000000000000000000e+00
2.058250014869145161e-09
0.000000000000000000e+00
0.000000000000000000e+00
0.000000000000000000e+00
0.000000000000000000e+00
0.000000000000000000e+00
0.000000000000000000e+00
0.000000000000000000e+00
0.000000000000000000e+00
0.000000000000000000e+00
0.000000000000000000e+00
0.000000000000000000e+00
0.000000000000000000e+00
0.000000000000000000e+00
0.000000000000000000e+00
0.000000000000000000e+00
0.000000000000000000e+00
0.000000000000000000e+00
0.000000000000000000e+00
0.000000000000000000e+00
2.407826604766682976e-09
8.212051056943892036e-07
0.000000000000000000e+00
5.455456399128255640e-12
4.408164056002306097e-09
9.816231738568603760e-08
0.000000000000000000e+00
0.000000000000000000e+00
2.035393187327372289e-08
0.000000000000000000e+00
0.000000000000000000e+00
0.000000000000000000e+00
2.221495348786461932e-10
9.979988391251026769e-09
0.000000000000000000e+00
0.000000000000000000e+00
0.000000000000000000e+00
0.000000000000000000e+00
0.000000000000000000e+00
0.000000000000000000e+00
2.270246657332108953e-09
0.000000000000000000e+00
0.000000000000000000e+00
0.000000000000000000e+00
0.000000000000000000e+00
0.000000000000000000e+00
0.000000000000000000e+00
0.000000000000000000e+00
0.000000000000000000e+00
0.000000000000000000e+00
0.000000000000000000e+00
8.717794486301500001e-09
0.000000000000000000e+00
0.000000000000000000e+00
0.000000000000000000e+00
0.000000000000000000e+00
0.000000000000000000e+00
0.000000000000000000e+00
1.460210508064108126e-09
9.816562851483467966e-07
1.722251319336010056e-08
0.000000000000000000e+00
2.113958714744512690e-07
8.804384066252168850e-08
4.348258073605393292e-07
7.455279273926862516e-07
0.000000000000000000e+00
1.714877129188607796e-07
2.128910026044650294e-08
2.670045340380511334e-08
2.387734232556226743e-09
4.658498653498099884e-07
0.000000000000000000e+00
6.598602997343050447e-09
2.085150718755812704e-09
5.067146844339731615e-07
6.579982709808973595e-07
3.814355693521065405e-07
1.510187086495307085e-09
2.925797559782949975e-07
1.497628971947051468e-07
1.256882796951686032e-06
0.000000000000000000e+00
0.000000000000000000e+00
1.031264559969713446e-06
1.309734471988122095e-07
4.620501572495661069e-13
1.614390896520490060e-07
2.092923097052334924e-07
1.229603530106260223e-08
0.000000000000000000e+00
9.070741935346404716e-10
3.132106130010470224e-08
8.203375045923166908e-08
1.258308884644065984e-06
0.000000000000000000e+00
1.692205700010163127e-07
1.628061774283651175e-08
1.129546831180050503e-06
0.000000000000000000e+00
1.123862669594188901e-09
6.054230006213856541e-09
0.000000000000000000e+00
5.874288167007080119e-09
0.000000000000000000e+00
4.804512059308763128e-07
0.000000000000000000e+00
0.000000000000000000e+00
1.411908900905700648e-08
3.796094105723568646e-09
0.000000000000000000e+00
7.982065852729647304e-08
0.000000000000000000e+00
2.464446702266087641e-10
0.000000000000000000e+00
0.000000000000000000e+00
2.666656371275166748e-07
0.000000000000000000e+00
0.000000000000000000e+00
0.000000000000000000e+00
0.000000000000000000e+00
0.000000000000000000e+00
0.000000000000000000e+00
0.000000000000000000e+00
0.000000000000000000e+00
0.000000000000000000e+00
0.000000000000000000e+00
0.000000000000000000e+00
1.536994354012222175e-08
7.768639065375282371e-09
0.000000000000000000e+00
0.000000000000000000e+00
0.000000000000000000e+00
3.536581161256435735e-08
0.000000000000000000e+00
0.000000000000000000e+00
0.000000000000000000e+00
0.000000000000000000e+00
3.365485223838504680e-09
9.169477266368630808e-08
5.691179298661364072e-12
2.889838146558076915e-09
5.907667688376250226e-10
0.000000000000000000e+00
1.180893707472541188e-12
0.000000000000000000e+00
1.878283306666617136e-08
3.699010221680509858e-06
0.000000000000000000e+00
1.339502659902791493e-07
2.955387223835259647e-08
5.172265673536458053e-07
7.279386426972678237e-09
1.114968206650246429e-08
3.782184307965508197e-07
4.217714888454793254e-08
2.215070971089971863e-08
2.775327079262979169e-09
1.132915713242255151e-06
0.000000000000000000e+00
4.037098619846801739e-07
1.701448240964964498e-06
0.000000000000000000e+00
2.378629005761467852e-06
4.426111388511344558e-07
2.574037125668837689e-07
0.000000000000000000e+00
1.108814262629209679e-09
9.489837804466105808e-10
4.467153869036621927e-10
6.814378821218269877e-07
5.015219883830468461e-08
4.390602104109575521e-09
8.234577535404241644e-07
1.719574190071210262e-13
1.053770315451174611e-08
3.571712259287096458e-09
0.000000000000000000e+00
2.495903800081578083e-06
3.065535736368474318e-07
0.000000000000000000e+00
5.870449959477497259e-11
4.693198718541680137e-07
3.688431249315726745e-08
7.780878163998750097e-09
0.000000000000000000e+00
7.408256785801370370e-10
9.202789783557818737e-07
3.003110577992629260e-07
1.027525939889528672e-07
0.000000000000000000e+00
8.452897826138894288e-10
0.000000000000000000e+00
0.000000000000000000e+00
3.044423024789466581e-08
5.299733984998056258e-08
0.000000000000000000e+00
0.000000000000000000e+00
8.577096650697058067e-07
0.000000000000000000e+00
0.000000000000000000e+00
0.000000000000000000e+00
0.000000000000000000e+00
4.135726072718171054e-08
1.817639372347912285e-09
0.000000000000000000e+00
9.502691966645215871e-10
4.323292390751021230e-09
1.147972398030105978e-06
0.000000000000000000e+00
9.131878186963149346e-08
0.000000000000000000e+00
0.000000000000000000e+00
0.000000000000000000e+00
0.000000000000000000e+00
0.000000000000000000e+00
0.000000000000000000e+00
1.199924337669244778e-08
6.223118020898255054e-09
0.000000000000000000e+00
0.000000000000000000e+00
7.694210546471680345e-11
0.000000000000000000e+00
0.000000000000000000e+00
0.000000000000000000e+00
0.000000000000000000e+00
0.000000000000000000e+00
0.000000000000000000e+00
0.000000000000000000e+00
0.000000000000000000e+00
0.000000000000000000e+00
0.000000000000000000e+00
0.000000000000000000e+00
0.000000000000000000e+00
0.000000000000000000e+00
0.000000000000000000e+00
0.000000000000000000e+00
0.000000000000000000e+00
0.000000000000000000e+00
0.000000000000000000e+00
0.000000000000000000e+00
0.000000000000000000e+00
0.000000000000000000e+00
0.000000000000000000e+00
8.723413991162942693e-09
0.000000000000000000e+00
0.000000000000000000e+00
0.000000000000000000e+00
0.000000000000000000e+00
0.000000000000000000e+00
0.000000000000000000e+00
0.000000000000000000e+00
0.000000000000000000e+00
0.000000000000000000e+00
0.000000000000000000e+00
0.000000000000000000e+00
0.000000000000000000e+00
0.000000000000000000e+00
0.000000000000000000e+00
0.000000000000000000e+00
5.242436600383371115e-07
2.563530365762289875e-08
0.000000000000000000e+00
5.947734665889825578e-11
0.000000000000000000e+00
0.000000000000000000e+00
0.000000000000000000e+00
0.000000000000000000e+00
2.850966129841481234e-09
0.000000000000000000e+00
0.000000000000000000e+00
8.230551884480519220e-08
0.000000000000000000e+00
1.601914050297637004e-06
1.836131247046068893e-07
0.000000000000000000e+00
0.000000000000000000e+00
9.938215583815690479e-09
0.000000000000000000e+00
0.000000000000000000e+00
0.000000000000000000e+00
0.000000000000000000e+00
3.023701466986494779e-08
0.000000000000000000e+00
0.000000000000000000e+00
9.553959898767061532e-07
3.906281964560776032e-09
0.000000000000000000e+00
0.000000000000000000e+00
0.000000000000000000e+00
3.084453581436719105e-08
1.797854753959882146e-09
0.000000000000000000e+00
1.767942421793122776e-06
0.000000000000000000e+00
0.000000000000000000e+00
2.179104363619899232e-08
0.000000000000000000e+00
1.100294788614064601e-08
3.097937018026186706e-09
3.724943908878231014e-08
3.634796428286790615e-07
9.138017986742852372e-08
1.178543129753961693e-08
7.261342638287260343e-09
1.054046038007072639e-06
2.057638781582937781e-11
3.283546732291142689e-07
0.000000000000000000e+00
3.844218667836685199e-07
0.000000000000000000e+00
2.696647793953843575e-09
1.382890104650869034e-07
1.820095690163725521e-06
6.096311722103564534e-07
0.000000000000000000e+00
2.899967199709863053e-08
2.644849450561537196e-09
8.386599859022680903e-09
9.226709951626332895e-10
0.000000000000000000e+00
0.000000000000000000e+00
2.288951321816057316e-07
3.681226417029392906e-07
0.000000000000000000e+00
1.132265303738222428e-08
3.666474457375556995e-09
2.702248366404091939e-06
1.568615237701465048e-10
5.312950634106528014e-06
0.000000000000000000e+00
4.692684463236673764e-09
0.000000000000000000e+00
0.000000000000000000e+00
1.297581661674485076e-06
0.000000000000000000e+00
4.552486245756881544e-07
0.000000000000000000e+00
0.000000000000000000e+00
4.740878921438707039e-06
2.668404164296589443e-08
0.000000000000000000e+00
0.000000000000000000e+00
1.856001858868694399e-06
0.000000000000000000e+00
0.000000000000000000e+00
2.178332375590841252e-10
5.220527565796828640e-09
0.000000000000000000e+00
1.294490403758175034e-09
0.000000000000000000e+00
0.000000000000000000e+00
0.000000000000000000e+00
0.000000000000000000e+00
8.516270355585220386e-09
0.000000000000000000e+00
5.708276944460521918e-07
2.987924574426870095e-07
0.000000000000000000e+00
0.000000000000000000e+00
0.000000000000000000e+00
5.053643548080799519e-08
7.469990848107954662e-09
0.000000000000000000e+00
9.606735407174937791e-10
0.000000000000000000e+00
0.000000000000000000e+00
1.051695952547504476e-09
0.000000000000000000e+00
2.189772914107379620e-07
0.000000000000000000e+00
0.000000000000000000e+00
1.959452760047497577e-07
0.000000000000000000e+00
6.771174732023155229e-09
0.000000000000000000e+00
0.000000000000000000e+00
4.831568745089498407e-08
5.786206180857789150e-09
8.979420762500467390e-09
2.852586611368224112e-08
5.361502797285311317e-09
3.677939162116672378e-07
2.401033611931779888e-07
7.733422080491436645e-07
3.501328649235802004e-07
1.043660227684206632e-10
2.254358300035619322e-08
1.016019601784989845e-09
2.340282279078564898e-08
0.000000000000000000e+00
2.628997890496975742e-07
1.152255180159045267e-07
1.483528961898628040e-07
6.926427431608317420e-07
1.665525051208760487e-09
2.317830727349701192e-08
0.000000000000000000e+00
9.275291645849392808e-09
1.566247931350517320e-08
3.364860035048877762e-08
0.000000000000000000e+00
1.440997721147141419e-06
1.280255812474706545e-08
4.608136450201527623e-08
0.000000000000000000e+00
1.060585987033846322e-06
0.000000000000000000e+00
2.413547690593986772e-07
0.000000000000000000e+00
0.000000000000000000e+00
0.000000000000000000e+00
0.000000000000000000e+00
7.086045639148608188e-10
3.227010481055003766e-08
0.000000000000000000e+00
0.000000000000000000e+00
0.000000000000000000e+00
2.196599790948994269e-09
0.000000000000000000e+00
0.000000000000000000e+00
0.000000000000000000e+00
0.000000000000000000e+00
5.764874799751851242e-08
0.000000000000000000e+00
1.374569458256758026e-09
2.957517911128526578e-11
0.000000000000000000e+00
0.000000000000000000e+00
0.000000000000000000e+00
0.000000000000000000e+00
0.000000000000000000e+00
0.000000000000000000e+00
0.000000000000000000e+00
0.000000000000000000e+00
0.000000000000000000e+00
0.000000000000000000e+00
0.000000000000000000e+00
0.000000000000000000e+00
0.000000000000000000e+00
0.000000000000000000e+00
0.000000000000000000e+00
0.000000000000000000e+00
0.000000000000000000e+00
0.000000000000000000e+00
0.000000000000000000e+00
0.000000000000000000e+00
7.935539447778694466e-10
5.498607720255677123e-07
0.000000000000000000e+00
0.000000000000000000e+00
0.000000000000000000e+00
0.000000000000000000e+00
4.451046198283847843e-10
6.264384150300728038e-11
1.312835848921167781e-07
0.000000000000000000e+00
6.543155706140169059e-08
1.807012317556200287e-10
0.000000000000000000e+00
2.188808423397858860e-07
0.000000000000000000e+00
0.000000000000000000e+00
2.096083562719286419e-06
0.000000000000000000e+00
4.852233281837925460e-09
0.000000000000000000e+00
1.379472678308957256e-06
0.000000000000000000e+00
0.000000000000000000e+00
0.000000000000000000e+00
8.629199328424874693e-07
0.000000000000000000e+00
0.000000000000000000e+00
0.000000000000000000e+00
9.797922195797781342e-11
0.000000000000000000e+00
0.000000000000000000e+00
4.456225427725002408e-14
0.000000000000000000e+00
0.000000000000000000e+00
0.000000000000000000e+00
0.000000000000000000e+00
0.000000000000000000e+00
0.000000000000000000e+00
1.279550332355938735e-08
3.569084805477018563e-09
9.126535083225917333e-09
3.957068894777648893e-09
2.041247393336220739e-09
3.169387197132778056e-09
2.561961025548953330e-07
1.659558165556518361e-06
5.806850111866879161e-09
3.646121626843523700e-09
0.000000000000000000e+00
5.730746721610557870e-08
6.613545622258243384e-08
0.000000000000000000e+00
3.951581284411531669e-09
8.721541462364257313e-07
7.731304663138871547e-07
0.000000000000000000e+00
4.734829062158496527e-08
0.000000000000000000e+00
0.000000000000000000e+00
1.430343221642260687e-08
0.000000000000000000e+00
4.809671327876685609e-09
6.068366786848855554e-08
4.305805045845545465e-09
7.179124850154039450e-07
9.478740459201162594e-09
1.969185490224845125e-07
0.000000000000000000e+00
0.000000000000000000e+00
2.358781259204079106e-08
2.422366840448830771e-08
9.245519905221044610e-09
1.399893423403852921e-09
7.642208288416441064e-08
3.803969761406733596e-08
7.320068817762148683e-08
3.359207596531632589e-07
0.000000000000000000e+00
4.308104962547076866e-06
0.000000000000000000e+00
2.234244789178774226e-07
0.000000000000000000e+00
3.244333157681467128e-08
2.127074139934848063e-06
0.000000000000000000e+00
0.000000000000000000e+00
0.000000000000000000e+00
0.000000000000000000e+00
0.000000000000000000e+00
2.613481913521509270e-12
0.000000000000000000e+00
0.000000000000000000e+00
7.358544706903558108e-08
0.000000000000000000e+00
0.000000000000000000e+00
0.000000000000000000e+00
0.000000000000000000e+00
0.000000000000000000e+00
6.832147292357149126e-09
0.000000000000000000e+00
0.000000000000000000e+00
3.617566335378796794e-07
0.000000000000000000e+00
3.257521141719621482e-09
0.000000000000000000e+00
0.000000000000000000e+00
0.000000000000000000e+00
0.000000000000000000e+00
6.114149631031295939e-09
0.000000000000000000e+00
4.519430873983765196e-08
1.351828249340769617e-08
6.651256767575830509e-10
0.000000000000000000e+00
0.000000000000000000e+00
0.000000000000000000e+00
2.408761856642627208e-09
6.723560819210661066e-09
7.746087327120676491e-09
1.490636378775889170e-07
9.100051556742982939e-08
0.000000000000000000e+00
0.000000000000000000e+00
0.000000000000000000e+00
0.000000000000000000e+00
7.412999658562569039e-10
9.229220859774400765e-11
2.510486396545275056e-08
7.287515479958983633e-09
0.000000000000000000e+00
0.000000000000000000e+00
0.000000000000000000e+00
0.000000000000000000e+00
0.000000000000000000e+00
0.000000000000000000e+00
0.000000000000000000e+00
0.000000000000000000e+00
0.000000000000000000e+00
0.000000000000000000e+00
0.000000000000000000e+00
0.000000000000000000e+00
0.000000000000000000e+00
0.000000000000000000e+00
1.000347992885508575e-06
2.577083364485588390e-07
4.914302849101659376e-07
5.296216158967581578e-07
0.000000000000000000e+00
4.174066532414144604e-07
6.438942818931536749e-07
3.256596325940108727e-09
7.831939910829532892e-06
0.000000000000000000e+00
0.000000000000000000e+00
0.000000000000000000e+00
1.372769560248343623e-07
0.000000000000000000e+00
3.050030272788717411e-07
0.000000000000000000e+00
0.000000000000000000e+00
0.000000000000000000e+00
0.000000000000000000e+00
0.000000000000000000e+00
0.000000000000000000e+00
0.000000000000000000e+00
0.000000000000000000e+00
0.000000000000000000e+00
0.000000000000000000e+00
1.002211320155765861e-06
0.000000000000000000e+00
0.000000000000000000e+00
0.000000000000000000e+00
7.495570136795137728e-11
4.523376340159757092e-09
0.000000000000000000e+00
0.000000000000000000e+00
0.000000000000000000e+00
0.000000000000000000e+00
0.000000000000000000e+00
0.000000000000000000e+00
0.000000000000000000e+00
2.243504695798037574e-06
0.000000000000000000e+00
9.172353543362987693e-07
4.511594852374400944e-06
0.000000000000000000e+00
4.555605244149774080e-07
8.879976007847290020e-07
2.467441220233013155e-07
1.715619646347477101e-08
5.453106410868713283e-09
1.017284944282437209e-06
9.873659223558206577e-09
0.000000000000000000e+00
3.988530394849476579e-08
8.976346066447149497e-08
4.541666953628009651e-07
7.902033161144572659e-08
2.348313756783682038e-07
3.233033112337579951e-07
0.000000000000000000e+00
9.282161705925773276e-09
0.000000000000000000e+00
7.584857186770932458e-09
3.513630986162752379e-08
3.140938815704430453e-07
1.001078997475701726e-09
9.729120620249886997e-07
3.079948296402790220e-09
3.448027143804210937e-07
1.855427633756789874e-08
7.612901953280015732e-08
1.388961322845716495e-06
2.261445919415905337e-09
1.699653608966400498e-07
3.119022551345551619e-07
9.361727393297769595e-09
2.006494810302683618e-07
2.894702447520103306e-06
5.541423320210014936e-07
1.270107503614781308e-07
3.606887446494511096e-07
0.000000000000000000e+00
7.936092174531950150e-07
1.105436808757076506e-06
0.000000000000000000e+00
2.959814935366011923e-07
4.567316835846213507e-08
2.495252715561946388e-08
9.887502372407652729e-09
4.273244424979338874e-09
5.204016702009539586e-07
0.000000000000000000e+00
1.368562607240164652e-06
0.000000000000000000e+00
3.320112966775923269e-07
0.000000000000000000e+00
0.000000000000000000e+00
0.000000000000000000e+00
0.000000000000000000e+00
8.777887217092938954e-08
7.097554544088779949e-09
0.000000000000000000e+00
0.000000000000000000e+00
8.703259446463107452e-09
0.000000000000000000e+00
1.071377440098331135e-07
2.264938103735403274e-08
3.754696206725860463e-13
1.319896796303510200e-06
2.858413381545688026e-07
2.378146746195852757e-07
2.509106877823796822e-07
4.338955079674633453e-07
5.138081746736133937e-07
1.367095059379153099e-08
3.645456558842852246e-07
2.981238367283367552e-08
1.496326812455706090e-10
9.694110303826164454e-06
1.852742883556857123e-07
7.382533473432317805e-10
2.314753944077097003e-11
4.379370110996205767e-08
2.535685553084476851e-06
5.804870966130692977e-07
1.060034151123545598e-06
3.431328821079659974e-08
7.214341479766517296e-08
0.000000000000000000e+00
8.967737699094868731e-07
6.695515253341000061e-10
6.703777216898743063e-06
0.000000000000000000e+00
3.844849061351851560e-07
0.000000000000000000e+00
0.000000000000000000e+00
0.000000000000000000e+00
0.000000000000000000e+00
0.000000000000000000e+00
0.000000000000000000e+00
6.045665301712688233e-09
9.792953505893819965e-07
4.370843271317426115e-06
4.802748776455700863e-08
1.234555838891537860e-05
6.972417088135784979e-10
9.261575534269539389e-11
0.000000000000000000e+00
0.000000000000000000e+00
0.000000000000000000e+00
0.000000000000000000e+00
8.632877190883903040e-10
0.000000000000000000e+00
3.550673532970449742e-09
3.855526564677802526e-09
1.958352839892540942e-07
7.761540743445038970e-09
3.695417660765087930e-08
7.643237154297821689e-07
9.826346847319200606e-09
0.000000000000000000e+00
6.565508137157394231e-09
2.585001652732898947e-07
1.506663392138174462e-12
1.866568055675088544e-07
1.557121436235320289e-07
1.042646431415050756e-06
1.238668279057719701e-08
5.522488422116111906e-08
4.203500125754544570e-08
1.871646837514617800e-08
1.511188997938006651e-06
1.419899035681737587e-06
3.373753498792098071e-10
8.896976488870222965e-09
5.485498604684835300e-06
3.697378403444417927e-09
3.681944463096442632e-06
0.000000000000000000e+00
3.518960056680953130e-07
4.118460683599778349e-09
1.328588705717947960e-08
0.000000000000000000e+00
0.000000000000000000e+00
1.516915403954044450e-06
1.345167675026459619e-07
3.066011515784339281e-07
4.851000934280591537e-09
1.774171920487788157e-07
1.057695087069987494e-08
0.000000000000000000e+00
0.000000000000000000e+00
0.000000000000000000e+00
0.000000000000000000e+00
0.000000000000000000e+00
0.000000000000000000e+00
0.000000000000000000e+00
0.000000000000000000e+00
9.120473820622976291e-11
0.000000000000000000e+00
5.384903634109150516e-11
0.000000000000000000e+00
4.917641405199901783e-09
1.043726105542930327e-09
5.354316385819402058e-07
3.881180532516737003e-08
7.779538124808027533e-10
3.626792249633581378e-06
4.065273628839349840e-07
2.352280290551789221e-07
2.463015214004826703e-08
1.793006958905607462e-06
6.584506273554779909e-10
2.686981815713807009e-06
6.643544026019299054e-08
4.672001807648484828e-08
1.077453816833440214e-06
2.359143849162137485e-07
3.106888080139924568e-09
5.128758857608772814e-07
3.782471580393576005e-08
5.409451775406637353e-10
1.653063890216799336e-07
8.418688253186701331e-07
7.378492909992928617e-07
0.000000000000000000e+00
0.000000000000000000e+00
0.000000000000000000e+00
4.577061507582413924e-10
0.000000000000000000e+00
0.000000000000000000e+00
9.235910880533992895e-08
3.947494331413281543e-09
6.119526005932129920e-07
2.146729940477598575e-07
0.000000000000000000e+00
1.316723396982411032e-09
2.134087822014407720e-07
0.000000000000000000e+00
0.000000000000000000e+00
0.000000000000000000e+00
0.000000000000000000e+00
0.000000000000000000e+00
0.000000000000000000e+00
0.000000000000000000e+00
0.000000000000000000e+00
0.000000000000000000e+00
2.838062584942235844e-08
0.000000000000000000e+00
0.000000000000000000e+00
1.157199580603673894e-08
0.000000000000000000e+00
3.300936270989041077e-07
9.923246580001432449e-08
3.555276180122746155e-06
9.044352395903842989e-07
4.115893403877635137e-09
5.055991891822486650e-08
9.722181282256769919e-09
0.000000000000000000e+00
1.124923159068202949e-07
7.844911920074082445e-08
3.271373770985519513e-06
2.124430054095682863e-08
1.045449380399077199e-06
2.090482675853877481e-09
3.028902142432343680e-07
4.406816689339621007e-09
8.254219356629288740e-12
5.011069674765167292e-07
3.614521348893617869e-09
2.442964408544412436e-08
1.347799752693390474e-06
6.240661321044171927e-09
2.608377291934971254e-09
2.863896142457633687e-08
9.468626416264669388e-08
8.013512911020370666e-07
1.449811826148561522e-08
2.122042819241443112e-10
1.185316165219774120e-07
1.917438339660293423e-06
0.000000000000000000e+00
2.124678388781831018e-07
0.000000000000000000e+00
0.000000000000000000e+00
0.000000000000000000e+00
4.965904665255038708e-08
1.120397219445123937e-09
5.583135020970075857e-08
0.000000000000000000e+00
0.000000000000000000e+00
7.032852522570465226e-09
0.000000000000000000e+00
0.000000000000000000e+00
1.323565562705297793e-11
0.000000000000000000e+00
0.000000000000000000e+00
0.000000000000000000e+00
0.000000000000000000e+00
7.614246455567297289e-10
0.000000000000000000e+00
0.000000000000000000e+00
0.000000000000000000e+00
0.000000000000000000e+00
0.000000000000000000e+00
0.000000000000000000e+00
5.390325075183000081e-09
0.000000000000000000e+00
4.029611844202918292e-08
5.366764366243614859e-09
0.000000000000000000e+00
1.010880339435971109e-07
0.000000000000000000e+00
4.466515406420512591e-07
9.429641067981719971e-09
2.530278209178504767e-07
0.000000000000000000e+00
0.000000000000000000e+00
0.000000000000000000e+00
0.000000000000000000e+00
5.857674345577379427e-09
2.016423028550207164e-09
9.606254991467721993e-08
2.659962028417339752e-08
1.369992896904648205e-09
1.057763711287407205e-06
3.596137958084000275e-06
7.081307096257205558e-09
1.877586157661426114e-07
4.300157456782471854e-07
1.152402091975091025e-06
0.000000000000000000e+00
1.427106610663031461e-07
5.996467962177121080e-07
2.609318805468774372e-08
1.540940530730949831e-08
3.640559853579361516e-09
0.000000000000000000e+00
2.223306125870294636e-07
1.858359723883040715e-07
6.195982109602482524e-07
1.710355832074128557e-06
3.006811937211750774e-07
3.387579226910020225e-06
1.611331867934495676e-07
3.002508464078346151e-09
0.000000000000000000e+00
0.000000000000000000e+00
1.541677505656480207e-07
0.000000000000000000e+00
1.190184093502466567e-06
0.000000000000000000e+00
1.539092631119842736e-09
0.000000000000000000e+00
3.769164536038260849e-09
5.081619569580198004e-09
0.000000000000000000e+00
0.000000000000000000e+00
5.148832749046761137e-11
2.571000550233293325e-06
0.000000000000000000e+00
0.000000000000000000e+00
0.000000000000000000e+00
0.000000000000000000e+00
3.309824592179211322e-08
9.129785638606335851e-08
0.000000000000000000e+00
0.000000000000000000e+00
5.475075326444311941e-08
2.531702648411737755e-06
0.000000000000000000e+00
0.000000000000000000e+00
9.969875947035689023e-08
1.004963678497006185e-06
9.012460111534892349e-08
1.225932351189840119e-07
1.836289129641954787e-07
1.662206550179234910e-08
0.000000000000000000e+00
8.840215173222532030e-07
2.861895382011425681e-06
3.245978064114751760e-08
5.797068070023669861e-07
2.023254452865330677e-09
1.693827016424620524e-07
2.987904963447363116e-07
1.471632572247472126e-06
1.093182220301969210e-07
1.391748241985624190e-06
0.000000000000000000e+00
8.773319848387473030e-09
3.750444648176198825e-07
4.151397448026727943e-08
8.382647820326383226e-07
0.000000000000000000e+00
2.216611443006666349e-11
7.674493929243908497e-09
1.200524366140598431e-06
0.000000000000000000e+00
0.000000000000000000e+00
8.611984389506055493e-12
2.597187176434090361e-06
6.384259343406029075e-09
2.811441106587153627e-07
2.647591035298546558e-09
2.945905634987866506e-07
1.600858922756742686e-06
4.422039694418344880e-07
1.351263136939451215e-07
0.000000000000000000e+00
0.000000000000000000e+00
0.000000000000000000e+00
0.000000000000000000e+00
4.005318299249438496e-09
1.073131628004375671e-08
0.000000000000000000e+00
0.000000000000000000e+00
1.443884087848346098e-07
0.000000000000000000e+00
8.502536452681397350e-09
0.000000000000000000e+00
9.959740587817123014e-09
5.082261850475333631e-06
4.595923996930650901e-08
0.000000000000000000e+00
0.000000000000000000e+00
3.434983497641042050e-08
0.000000000000000000e+00
2.003466725852831587e-09
4.837693579062829485e-10
0.000000000000000000e+00
1.860917253626581669e-10
6.269869601283062366e-08
2.548405291236122139e-07
1.227005100190581288e-06
4.275559035704645794e-07
1.122318394664034713e-06
5.156155058472222663e-09
3.448524921623175032e-06
2.176834925649018260e-07
6.074489533602900337e-08
1.930226467550255620e-08
6.026139942605368560e-08
9.454785754314798396e-08
5.642719770548865199e-06
6.685387798910369384e-10
1.613122151411516825e-07
4.871495207225962076e-07
1.117823899221548345e-06
0.000000000000000000e+00
3.669427087515941821e-06
1.456288600820698775e-07
0.000000000000000000e+00
8.608473763160873204e-06
0.000000000000000000e+00
1.159077056556157004e-09
0.000000000000000000e+00
0.000000000000000000e+00
1.528991239174715133e-10
2.013433419989496542e-09
0.000000000000000000e+00
0.000000000000000000e+00
0.000000000000000000e+00
0.000000000000000000e+00
0.000000000000000000e+00
0.000000000000000000e+00
0.000000000000000000e+00
5.283160362523631193e-07
1.347870592915967336e-09
0.000000000000000000e+00
0.000000000000000000e+00
0.000000000000000000e+00
0.000000000000000000e+00
0.000000000000000000e+00
0.000000000000000000e+00
4.772308415113002411e-08
8.655471894769561914e-09
7.357970677190905917e-09
0.000000000000000000e+00
0.000000000000000000e+00
5.228168564741508817e-09
0.000000000000000000e+00
4.656210972342478271e-10
0.000000000000000000e+00
0.000000000000000000e+00
0.000000000000000000e+00
0.000000000000000000e+00
0.000000000000000000e+00
3.919380011513373674e-12
0.000000000000000000e+00
0.000000000000000000e+00
7.576393401542702577e-10
6.789697692966001341e-10
3.647888435764912174e-09
0.000000000000000000e+00
0.000000000000000000e+00
0.000000000000000000e+00
8.257170946990299853e-09
0.000000000000000000e+00
0.000000000000000000e+00
0.000000000000000000e+00
1.211800526590423033e-08
0.000000000000000000e+00
0.000000000000000000e+00
0.000000000000000000e+00
0.000000000000000000e+00
0.000000000000000000e+00
3.160969868076790590e-07
8.202113832567192730e-08
0.000000000000000000e+00
6.814223491025117596e-11
0.000000000000000000e+00
3.372561119263650653e-10
1.497298512731504161e-06
0.000000000000000000e+00
3.499006417939654057e-09
1.130642246494062420e-08
7.667218943074871618e-11
8.197103085194612504e-08
8.130082278512418270e-07
9.447000515194758918e-09
0.000000000000000000e+00
1.255537995348277036e-06
2.318026446346266312e-07
9.983416475733974949e-07
2.843174051747610065e-08
1.399498501086782198e-06
1.184291022582328878e-06
1.815108419123134809e-08
6.826109029134386219e-07
9.240361809048636133e-10
5.872982811183646845e-08
1.076543565403653702e-08
8.568774134687373589e-09
1.530977442598668858e-06
2.584804315031163924e-10
3.824909811100951629e-07
6.624642501229516256e-10
0.000000000000000000e+00
9.523441235614882316e-07
2.433355632547318237e-07
2.069826310346911669e-09
4.884781468206256250e-09
3.503366201584867667e-07
6.660469398234170058e-10
1.245989267317781923e-07
1.758032794896280393e-06
0.000000000000000000e+00
0.000000000000000000e+00
0.000000000000000000e+00
9.305408354975952534e-08
0.000000000000000000e+00
8.468059036204067525e-07
0.000000000000000000e+00
0.000000000000000000e+00
7.249576938761492784e-09
7.031310200744655958e-09
0.000000000000000000e+00
6.662867479967360396e-11
0.000000000000000000e+00
2.053366809917633873e-09
2.258638289731607074e-07
0.000000000000000000e+00
1.246965117968068526e-11
0.000000000000000000e+00
1.770814748169868835e-07
1.036703700663110794e-08
0.000000000000000000e+00
0.000000000000000000e+00
0.000000000000000000e+00
0.000000000000000000e+00
3.309681915197870694e-07
0.000000000000000000e+00
0.000000000000000000e+00
0.000000000000000000e+00
0.000000000000000000e+00
0.000000000000000000e+00
0.000000000000000000e+00
0.000000000000000000e+00
1.383785956932115369e-07
0.000000000000000000e+00
2.534688292588072045e-10
5.810256165084126678e-10
6.712167710531957709e-09
0.000000000000000000e+00
0.000000000000000000e+00
0.000000000000000000e+00
0.000000000000000000e+00
0.000000000000000000e+00
3.043152618786848507e-09
0.000000000000000000e+00
0.000000000000000000e+00
1.342866928766284218e-09
0.000000000000000000e+00
0.000000000000000000e+00
1.280760989175178111e-05
2.617790357817284530e-07
0.000000000000000000e+00
2.494490836113527621e-09
0.000000000000000000e+00
9.217047569620717695e-09
9.428044123183099146e-09
0.000000000000000000e+00
0.000000000000000000e+00
0.000000000000000000e+00
6.154430298721536019e-10
6.666422275314332069e-11
1.586964892830167173e-09
0.000000000000000000e+00
0.000000000000000000e+00
1.993456208992938627e-07
0.000000000000000000e+00
2.064416415592518206e-09
0.000000000000000000e+00
0.000000000000000000e+00
0.000000000000000000e+00
0.000000000000000000e+00
0.000000000000000000e+00
2.846755080554430606e-07
4.362060365692421726e-11
2.528161857640043308e-08
7.897906471043825150e-06
2.093852799589512870e-06
6.285646350079332478e-07
6.383757522598898504e-09
0.000000000000000000e+00
2.102090723710148268e-10
1.098628299445181256e-08
5.672836778103373945e-07
2.281683464389061555e-06
1.085209144768839451e-09
2.133119551217532717e-06
1.531588651459969697e-07
3.600707287887416896e-08
2.795851798964577029e-07
1.778934777263430078e-09
3.948770554984548653e-08
3.398723038117168471e-06
2.163836043678202259e-08
8.401767104260216001e-08
0.000000000000000000e+00
0.000000000000000000e+00
0.000000000000000000e+00
0.000000000000000000e+00
7.470462470848815428e-09
7.620015729514761915e-09
0.000000000000000000e+00
0.000000000000000000e+00
0.000000000000000000e+00
3.100812939749175712e-09
0.000000000000000000e+00
0.000000000000000000e+00
1.653645881560805719e-06
0.000000000000000000e+00
2.395002809407742461e-07
1.941408811489964137e-07
0.000000000000000000e+00
0.000000000000000000e+00
0.000000000000000000e+00
0.000000000000000000e+00
0.000000000000000000e+00
6.680259456715020860e-09
0.000000000000000000e+00
0.000000000000000000e+00
0.000000000000000000e+00
0.000000000000000000e+00
0.000000000000000000e+00
0.000000000000000000e+00
0.000000000000000000e+00
3.297388140310886229e-09
0.000000000000000000e+00
0.000000000000000000e+00
0.000000000000000000e+00
6.299256938291364349e-07
0.000000000000000000e+00
0.000000000000000000e+00
0.000000000000000000e+00
0.000000000000000000e+00
5.502208466623415006e-09
0.000000000000000000e+00
0.000000000000000000e+00
2.680408499600162031e-07
2.530667941869069182e-08
4.247770846177445492e-07
4.164026634612127964e-08
3.279641141995526255e-11
0.000000000000000000e+00
6.780862094046824495e-09
1.080855227542087960e-08
1.300294456996198278e-06
2.184780498737382004e-07
9.322137728418056213e-09
9.343530393834953429e-10
4.537961615369567880e-07
9.272202987631317228e-07
3.838909776732180035e-07
3.793039979882451007e-07
3.161216682201484218e-06
0.000000000000000000e+00
2.681675141502637416e-06
1.658341375332383905e-06
1.410855543504396792e-09
3.283741989434929565e-07
0.000000000000000000e+00
1.504195438428723719e-06
2.628544280014466494e-07
5.511107126210390561e-10
2.577213251697685337e-07
1.194354837252831203e-08
5.261335900286212564e-07
2.626166519803518895e-07
1.446813371330790687e-06
0.000000000000000000e+00
0.000000000000000000e+00
0.000000000000000000e+00
0.000000000000000000e+00
0.000000000000000000e+00
5.358496082408237271e-07
4.847129275731276721e-08
3.675960442706127651e-07
0.000000000000000000e+00
0.000000000000000000e+00
4.455570579153800281e-09
0.000000000000000000e+00
8.979587619251105934e-06
2.102886309529594655e-09
0.000000000000000000e+00
6.757109316524179121e-10
8.676455536260618828e-07
0.000000000000000000e+00
0.000000000000000000e+00
5.241971479108542553e-08
1.150428303731132473e-07
2.636918416953903943e-08
4.382264080504683079e-07
7.571567266495549120e-07
1.320920173242257079e-08
1.184088546324346680e-06
1.356206666969228536e-06
5.917571570535073988e-07
9.775628306840644655e-09
6.178466094297618838e-08
3.784741693380055949e-07
2.432512351269178197e-11
2.116037904897893895e-07
4.874580668001726735e-07
1.431438612087276852e-08
1.623581602494539311e-09
1.424233033731070464e-07
2.337126581153370353e-08
9.842680128713254817e-07
2.044729896510943945e-08
3.283677330045975395e-08
3.003265902634666418e-08
2.700496892771298008e-08
1.820086414916488593e-09
1.045086506223924516e-08
4.783328677149256691e-06
1.301445422541291919e-07
3.898504019606008342e-10
4.765704943565651774e-06
1.920814383993274532e-06
1.123486299547948875e-07
0.000000000000000000e+00
3.526982439439052541e-08
3.508775492377935734e-09
4.302906688735674834e-07
0.000000000000000000e+00
8.234944282037304220e-09
4.736903314039864199e-09
1.128842313846689649e-06
0.000000000000000000e+00
0.000000000000000000e+00
0.000000000000000000e+00
3.112196054644300602e-06
6.096434468361167092e-09
5.648547407588466740e-09
0.000000000000000000e+00
0.000000000000000000e+00
0.000000000000000000e+00
0.000000000000000000e+00
0.000000000000000000e+00
3.041035201434283408e-10
0.000000000000000000e+00
1.007708078759605996e-06
6.026888854648859706e-08
1.849181363589025295e-09
0.000000000000000000e+00
5.089914711930987323e-09
4.061492919760212317e-09
4.265452435703309675e-09
0.000000000000000000e+00
0.000000000000000000e+00
7.859182638014772238e-09
2.473611289133259561e-07
1.011965977681938966e-08
0.000000000000000000e+00
0.000000000000000000e+00
6.786383677237495249e-10
5.783250767166236983e-09
6.147165887426808695e-09
5.006336891710816417e-07
8.798461692549608415e-08
1.251828063431048577e-08
1.899843304897785856e-08
3.632578959855692347e-10
8.722052484699815977e-07
1.147266104339905723e-07
6.585522600334459131e-13
0.000000000000000000e+00
1.477667410654248670e-07
1.295367675971381694e-12
1.103128326462865516e-07
2.546959194660303183e-07
5.338011987987556495e-07
1.336309310318029020e-06
2.433699535231426125e-07
1.679158572187589016e-07
1.669858584740779861e-09
6.558455112326555536e-09
1.894616730169218499e-06
0.000000000000000000e+00
1.195340050899607043e-12
6.952206810240113555e-09
0.000000000000000000e+00
4.786998353267790662e-09
3.692992223136570829e-08
9.406393886024488893e-09
3.848534788630786352e-07
1.483597316109808162e-06
0.000000000000000000e+00
0.000000000000000000e+00
0.000000000000000000e+00
8.162726494731487037e-09
1.362565527074366400e-08
3.598435993623638751e-10
0.000000000000000000e+00
0.000000000000000000e+00
0.000000000000000000e+00
0.000000000000000000e+00
0.000000000000000000e+00
0.000000000000000000e+00
0.000000000000000000e+00
0.000000000000000000e+00
0.000000000000000000e+00
0.000000000000000000e+00
9.074473616976774792e-09
0.000000000000000000e+00
0.000000000000000000e+00
2.662821088961209171e-06
7.192713535886241516e-09
4.018678723127777630e-09
0.000000000000000000e+00
0.000000000000000000e+00
5.378165024438885666e-09
7.270573973983118776e-07
3.959436156719675637e-08
7.296369064491159406e-11
0.000000000000000000e+00
9.118949151343258563e-09
0.000000000000000000e+00
0.000000000000000000e+00
3.097422318631970484e-09
9.495142450077764806e-09
0.000000000000000000e+00
0.000000000000000000e+00
4.785993268363597508e-10
1.929682191814663383e-09
0.000000000000000000e+00
0.000000000000000000e+00
0.000000000000000000e+00
1.749422267494082917e-06
0.000000000000000000e+00
0.000000000000000000e+00
0.000000000000000000e+00
1.625490000378704281e-07
4.458256171346874908e-06
4.268737807677780438e-09
9.006667056610240252e-08
4.465667018394015031e-07
1.456521658838028088e-07
8.416770924668526277e-08
8.122087002959688107e-09
0.000000000000000000e+00
2.489508510450377798e-08
1.368896729303514803e-08
2.529885136937082279e-07
8.698618714220174297e-09
7.502861110175729209e-10
4.883546900202873076e-10
1.330280156253138557e-06
6.347030989672930446e-07
4.085901839090411158e-09
1.218678757908264743e-08
1.257857547898311168e-06
0.000000000000000000e+00
9.785105170578844991e-09
0.000000000000000000e+00
0.000000000000000000e+00
4.523103029896446969e-07
3.108304724719346268e-09
0.000000000000000000e+00
0.000000000000000000e+00
5.473420969792641699e-07
0.000000000000000000e+00
0.000000000000000000e+00
0.000000000000000000e+00
3.793414578012743732e-07
0.000000000000000000e+00
0.000000000000000000e+00
0.000000000000000000e+00
0.000000000000000000e+00
0.000000000000000000e+00
6.789351747471528142e-09
0.000000000000000000e+00
9.518228490535546316e-14
0.000000000000000000e+00
0.000000000000000000e+00
0.000000000000000000e+00
0.000000000000000000e+00
0.000000000000000000e+00
0.000000000000000000e+00
0.000000000000000000e+00
0.000000000000000000e+00
0.000000000000000000e+00
0.000000000000000000e+00
0.000000000000000000e+00
0.000000000000000000e+00
0.000000000000000000e+00
0.000000000000000000e+00
0.000000000000000000e+00
0.000000000000000000e+00
9.102908982150381689e-10
6.435537898141774349e-07
6.201379409986884639e-09
0.000000000000000000e+00
0.000000000000000000e+00
8.350053093408860150e-09
6.064837965169544987e-09
0.000000000000000000e+00
6.612816197404391971e-12
8.550035346388540347e-09
1.541387177894648630e-07
0.000000000000000000e+00
0.000000000000000000e+00
0.000000000000000000e+00
0.000000000000000000e+00
1.410835182014125166e-08
0.000000000000000000e+00
0.000000000000000000e+00
9.582543647468355630e-09
3.274892135252116532e-09
0.000000000000000000e+00
3.340050680478157119e-09
0.000000000000000000e+00
0.000000000000000000e+00
3.384581148679899343e-08
5.137403036314935889e-07
5.459306784416639857e-09
1.947269367974513443e-07
0.000000000000000000e+00
2.774062535237931115e-09
7.523576073253934737e-08
7.369382046817918308e-07
3.029052564329504094e-08
6.767960485376534052e-07
2.518222963487914967e-08
3.918214872555836337e-07
1.547814576952077914e-06
0.000000000000000000e+00
6.223201398647404403e-10
1.975776520168892603e-08
1.781368297315566451e-07
4.579563395168406714e-10
2.524791852920316160e-06
0.000000000000000000e+00
1.387392785545671359e-06
2.955625966194475041e-09
0.000000000000000000e+00
2.742859521731588757e-07
8.109654281440725754e-09
1.550104600234192276e-09
3.702636863778252518e-09
1.097465514021678246e-07
7.683300395910919178e-07
2.354474446519816411e-07
1.358973662490825518e-07
5.497321264869015067e-09
3.108189927658600027e-09
2.432659584883367643e-08
9.510772613907647610e-09
4.538686759758547851e-09
0.000000000000000000e+00
0.000000000000000000e+00
1.953467148041454493e-07
0.000000000000000000e+00
0.000000000000000000e+00
5.184215723375018570e-09
3.293110228952400576e-09
3.799551784311461233e-09
5.852538897954673303e-09
0.000000000000000000e+00
2.086084860408732311e-09
0.000000000000000000e+00
8.508588393851823639e-07
3.418280414280161494e-07
0.000000000000000000e+00
0.000000000000000000e+00
9.619967045182420406e-10
1.432873286688618464e-08
0.000000000000000000e+00
9.773652109856811876e-09
0.000000000000000000e+00
2.431781997991322442e-10
5.802754804440368730e-11
3.809128656939719804e-08
3.063846509832046650e-09
0.000000000000000000e+00
0.000000000000000000e+00
7.984659156079487730e-09
8.418371777452193783e-09
0.000000000000000000e+00
9.879006945823221031e-09
4.080598969835591561e-09
1.672939453634114670e-09
0.000000000000000000e+00
2.186910705859190784e-06
2.807749524436076172e-06
0.000000000000000000e+00
7.428502257766922412e-09
6.788679485225657118e-08
3.319972075033206238e-10
4.282761700835635565e-09
3.771988588141539367e-08
3.882815458045030255e-10
5.702425642795105887e-09
2.135905958766670665e-07
3.694337351589638274e-07
1.877204908851126675e-06
8.128017725539393723e-07
3.879699672637570984e-09
0.000000000000000000e+00
5.297630991663027089e-07
1.316095787906590431e-09
2.135052667995296360e-08
4.787549801044121978e-10
6.144417419307046657e-09
1.603881685241503874e-07
1.077611528899069526e-07
5.170126105014105633e-09
2.240883304693852551e-06
1.090013856952509741e-08
1.628792212216012558e-09
0.000000000000000000e+00
0.000000000000000000e+00
2.288813760742414161e-08
1.595660235886864342e-11
0.000000000000000000e+00
0.000000000000000000e+00
0.000000000000000000e+00
0.000000000000000000e+00
0.000000000000000000e+00
0.000000000000000000e+00
0.000000000000000000e+00
0.000000000000000000e+00
0.000000000000000000e+00
1.927202980533948562e-10
0.000000000000000000e+00
3.329797095830144826e-07
0.000000000000000000e+00
1.984849440361813322e-08
0.000000000000000000e+00
9.384591237449058099e-08
0.000000000000000000e+00
1.473101036708612810e-07
0.000000000000000000e+00
4.203834080840351817e-08
6.590610723833378870e-09
5.658993718071769763e-09
0.000000000000000000e+00
0.000000000000000000e+00
9.412618462434352296e-10
0.000000000000000000e+00
0.000000000000000000e+00
0.000000000000000000e+00
0.000000000000000000e+00
0.000000000000000000e+00
0.000000000000000000e+00
0.000000000000000000e+00
0.000000000000000000e+00
3.706467666120261129e-08
0.000000000000000000e+00
6.832411081347800064e-09
0.000000000000000000e+00
0.000000000000000000e+00
0.000000000000000000e+00
0.000000000000000000e+00
6.285700293595652965e-10
0.000000000000000000e+00
1.263016913277681397e-09
0.000000000000000000e+00
0.000000000000000000e+00
0.000000000000000000e+00
5.201287844869284527e-09
2.709620616769825574e-08
0.000000000000000000e+00
1.751033273933444434e-08
4.460430318431463093e-07
2.111344699073924858e-08
0.000000000000000000e+00
1.793678094941242307e-09
1.360769608105272255e-09
9.258431532543909270e-08
1.858594611547914610e-09
0.000000000000000000e+00
5.942191023677878547e-07
4.374157072106754640e-07
3.475548293607744199e-09
0.000000000000000000e+00
2.606003746130625132e-10
6.986707212774945219e-09
7.055867854433017783e-07
8.602619949726886261e-09
6.850800815527691157e-08
9.395487055030571355e-09
2.032889142355998047e-06
5.686806403559785394e-08
2.330576798215133749e-08
1.029727680901260101e-08
4.130899924348341301e-07
0.000000000000000000e+00
3.069022258550546667e-10
9.764573860593372956e-08
4.614868043262276842e-09
4.720996571450086776e-07
1.273267713486347930e-09
8.208482227267666076e-10
1.503563662463847095e-10
4.357614784566976596e-07
1.450036052119685337e-06
0.000000000000000000e+00
3.828090910928949597e-08
0.000000000000000000e+00
0.000000000000000000e+00
0.000000000000000000e+00
2.364993861192488112e-06
0.000000000000000000e+00
0.000000000000000000e+00
1.426758622358192952e-08
0.000000000000000000e+00
0.000000000000000000e+00
0.000000000000000000e+00
0.000000000000000000e+00
0.000000000000000000e+00
1.057926368730477407e-08
0.000000000000000000e+00
0.000000000000000000e+00
0.000000000000000000e+00
7.350821817908581579e-08
0.000000000000000000e+00
2.823022704490085744e-09
0.000000000000000000e+00
0.000000000000000000e+00
0.000000000000000000e+00
0.000000000000000000e+00
3.282709437613107184e-09
0.000000000000000000e+00
0.000000000000000000e+00
0.000000000000000000e+00
0.000000000000000000e+00
0.000000000000000000e+00
7.828487302852238372e-10
0.000000000000000000e+00
0.000000000000000000e+00
2.591707772871265636e-13
7.986438390616967808e-07
0.000000000000000000e+00
0.000000000000000000e+00
3.361509470778401010e-06
0.000000000000000000e+00
1.139292271634673170e-10
1.707192831545967238e-09
0.000000000000000000e+00
0.000000000000000000e+00
0.000000000000000000e+00
0.000000000000000000e+00
4.420988922171353863e-11
7.681440195028699236e-08
1.842587522560279467e-07
0.000000000000000000e+00
0.000000000000000000e+00
3.235415846347677871e-08
8.984530808220370091e-08
9.969085112970788032e-09
1.315546005464796053e-09
3.500189471594694623e-09
6.765596971547438443e-09
1.606593116321164416e-07
6.318520462400556426e-08
2.137759136378036828e-10
1.035797314585806816e-08
6.289068323894753121e-07
3.672068649152038233e-09
1.548807482265601720e-08
0.000000000000000000e+00
2.772991649635514477e-07
0.000000000000000000e+00
4.507878372805862455e-07
4.148472783072065795e-07
0.000000000000000000e+00
6.799923824019060703e-08
0.000000000000000000e+00
6.195544989176906062e-15
0.000000000000000000e+00
1.840536389963176589e-09
0.000000000000000000e+00
0.000000000000000000e+00
0.000000000000000000e+00
0.000000000000000000e+00
0.000000000000000000e+00
0.000000000000000000e+00
0.000000000000000000e+00
0.000000000000000000e+00
0.000000000000000000e+00
1.061920151812500990e-08
0.000000000000000000e+00
3.148839823552407324e-06
0.000000000000000000e+00
0.000000000000000000e+00
0.000000000000000000e+00
0.000000000000000000e+00
0.000000000000000000e+00
0.000000000000000000e+00
4.677803717295647701e-12
0.000000000000000000e+00
3.715750276911400363e-11
2.307577489091272582e-07
0.000000000000000000e+00
9.476736551050635171e-08
8.384185790077935962e-09
0.000000000000000000e+00
9.251836630141951900e-09
0.000000000000000000e+00
6.434549337797079716e-09
1.613817190992961059e-09
0.000000000000000000e+00
5.083247156534298483e-09
0.000000000000000000e+00
0.000000000000000000e+00
7.760255549271732889e-09
0.000000000000000000e+00
0.000000000000000000e+00
4.391453867214067941e-09
9.336750816935079911e-11
1.111906087203351490e-07
1.789324954870608053e-07
5.629748223157093889e-09
8.514747240617737134e-11
0.000000000000000000e+00
2.930925973032572074e-07
1.881926863234184566e-07
0.000000000000000000e+00
3.118851736871874891e-07
0.000000000000000000e+00
0.000000000000000000e+00
2.228689677252759793e-09
1.016925011754210573e-06
9.417323667548771482e-07
5.058833352222791291e-08
4.786312235438572316e-09
0.000000000000000000e+00
6.659305551437455506e-09
2.111601816068287008e-06
5.054692428507756574e-11
2.237467015220317990e-06
1.055000176108933374e-08
0.000000000000000000e+00
6.540683994415985580e-09
6.483100722931567361e-09
0.000000000000000000e+00
0.000000000000000000e+00
1.678171557273344661e-08
0.000000000000000000e+00
3.519569986565329600e-07
1.509571911917362286e-09
3.167379025725836073e-09
3.377562052264693193e-07
3.676908999494798991e-09
3.142892834873123320e-09
0.000000000000000000e+00
3.047503083219993414e-10
1.490139567295045708e-09
0.000000000000000000e+00
9.724538507782654051e-09
0.000000000000000000e+00
1.782106462400179225e-09
4.996292659598111641e-07
8.916271054815183561e-10
9.622782570772869803e-09
4.448355850339424933e-10
0.000000000000000000e+00
0.000000000000000000e+00
1.708790364318701904e-06
8.168140830377979000e-09
3.832060446740115367e-09
5.237247524547683497e-09
1.555229829364179750e-07
4.344331117067667947e-08
1.474727042705126223e-07
1.164559080280014314e-07
1.433971533515432384e-06
8.661441341928366455e-09
1.088081020839126722e-07
7.001083712765421296e-09
5.226774568711789470e-09
3.815035540810640668e-07
8.773208151069411542e-07
5.506013422973410343e-09
1.185267300973791293e-10
1.063643395582403173e-09
4.296024656014196808e-07
0.000000000000000000e+00
6.308003563937347735e-10
1.666392677179828752e-07
2.210380444012116641e-06
4.520926211171172326e-07
0.000000000000000000e+00
0.000000000000000000e+00
5.041856265819433247e-09
1.266579374714638107e-07
7.826561443380342098e-08
1.583352542411375907e-07
9.051381510971623356e-08
0.000000000000000000e+00
0.000000000000000000e+00
0.000000000000000000e+00
0.000000000000000000e+00
8.586670219301595353e-08
2.139110577559222293e-08
0.000000000000000000e+00
1.421237953991294489e-07
0.000000000000000000e+00
0.000000000000000000e+00
1.513031975264311768e-07
0.000000000000000000e+00
9.392168986988025381e-11
6.764514282053823990e-09
0.000000000000000000e+00
0.000000000000000000e+00
0.000000000000000000e+00
9.948602830434083444e-09
5.102603495288349222e-07
1.824007682671435759e-07
4.335461767368542496e-08
0.000000000000000000e+00
3.237669687905508908e-09
0.000000000000000000e+00
0.000000000000000000e+00
6.180041367542798980e-09
0.000000000000000000e+00
5.661008231072628405e-07
8.750506097499055613e-09
1.409999185852939263e-06
0.000000000000000000e+00
0.000000000000000000e+00
0.000000000000000000e+00
3.462512552232510643e-07
0.000000000000000000e+00
7.568823789938505797e-09
0.000000000000000000e+00
3.112724655807141971e-08
0.000000000000000000e+00
1.067697780854359735e-06
1.004132855086936615e-06
2.772594098754410652e-10
2.824954270508328591e-09
4.516522267294931225e-07
2.855880332219840056e-08
8.689109431969654906e-10
2.180381653005269982e-09
0.000000000000000000e+00
1.001263161271026547e-08
3.506339112391287927e-07
5.828926532558398321e-07
0.000000000000000000e+00
2.068682931621879106e-07
6.469207548126520990e-12
8.841105625378986588e-09
5.016194677409657743e-07
4.702259914779460814e-08
5.093324034532997757e-06
7.826649550679576350e-09
1.027035182232793886e-06
5.663926003762753680e-07
0.000000000000000000e+00
9.121253086163960688e-09
4.888992322094054543e-09
0.000000000000000000e+00
0.000000000000000000e+00
1.910096436574804102e-08
0.000000000000000000e+00
0.000000000000000000e+00
0.000000000000000000e+00
0.000000000000000000e+00
5.396676101554476190e-07
0.000000000000000000e+00
0.000000000000000000e+00
0.000000000000000000e+00
5.380700773827129524e-09
5.474173576658358797e-07
0.000000000000000000e+00
1.154375883771763256e-08
7.341571262031720835e-08
0.000000000000000000e+00
0.000000000000000000e+00
0.000000000000000000e+00
6.907832972302685448e-09
0.000000000000000000e+00
4.101771811093612996e-09
0.000000000000000000e+00
0.000000000000000000e+00
1.356760481741048352e-09
0.000000000000000000e+00
0.000000000000000000e+00
0.000000000000000000e+00
0.000000000000000000e+00
0.000000000000000000e+00
0.000000000000000000e+00
2.769564355631359831e-09
3.968776596252610034e-08
0.000000000000000000e+00
6.427669063668872695e-08
3.807397452870731058e-11
2.756684041194806811e-13
1.681394508068478899e-07
2.181781699750473535e-10
7.913704358486484125e-09
2.044913713916685083e-07
0.000000000000000000e+00
0.000000000000000000e+00
4.179204609044973040e-07
0.000000000000000000e+00
6.532519591928576119e-08
0.000000000000000000e+00
5.634205546556358968e-09
0.000000000000000000e+00
7.766468357317535265e-09
0.000000000000000000e+00
1.285917328175401053e-08
1.526857040801132825e-08
0.000000000000000000e+00
1.022602713618425696e-08
1.126104720583498420e-08
7.164454132180253509e-07
2.318792695632510004e-07
7.789147993264577963e-09
6.955497511285102519e-09
8.729690748054963478e-09
3.973649742583518218e-10
5.556215114665974397e-07
1.234933847626962233e-06
1.830744267294903693e-08
4.996631997045142271e-09
0.000000000000000000e+00
0.000000000000000000e+00
5.111790102318991558e-09
0.000000000000000000e+00
0.000000000000000000e+00
6.026557919369679439e-09
0.000000000000000000e+00
0.000000000000000000e+00
8.727815692388674051e-11
0.000000000000000000e+00
0.000000000000000000e+00
0.000000000000000000e+00
0.000000000000000000e+00
0.000000000000000000e+00
0.000000000000000000e+00
0.000000000000000000e+00
4.972562361871268877e-10
0.000000000000000000e+00
0.000000000000000000e+00
1.118176551351268699e-09
0.000000000000000000e+00
0.000000000000000000e+00
0.000000000000000000e+00
0.000000000000000000e+00
0.000000000000000000e+00
0.000000000000000000e+00
0.000000000000000000e+00
1.483233258436911228e-10
0.000000000000000000e+00
5.530373048401315828e-09
9.069134776495957340e-09
0.000000000000000000e+00
6.386351003584422870e-08
2.911484608958403442e-09
1.161570750696228060e-07
5.874672481809284363e-08
5.108356617711251602e-07
9.024915925692766905e-08
3.185681407558149658e-07
0.000000000000000000e+00
6.468196811493243104e-11
2.755830905698530842e-07
0.000000000000000000e+00
2.792676525587012293e-07
1.088469844034989364e-06
3.324316599773169401e-09
0.000000000000000000e+00
0.000000000000000000e+00
8.395601014399289852e-08
0.000000000000000000e+00
0.000000000000000000e+00
0.000000000000000000e+00
4.734226788372097872e-09
0.000000000000000000e+00
0.000000000000000000e+00
0.000000000000000000e+00
1.361666932098160032e-06
2.140897015223686140e-09
8.112539973126331461e-09
2.889751632428882999e-11
2.303862629560171627e-07
1.152511686086654663e-08
0.000000000000000000e+00
0.000000000000000000e+00
8.275337748386846215e-09
0.000000000000000000e+00
5.282279946783319247e-09
0.000000000000000000e+00
9.825025415466370760e-08
0.000000000000000000e+00
0.000000000000000000e+00
0.000000000000000000e+00
6.925174034222436603e-08
0.000000000000000000e+00
0.000000000000000000e+00
1.048199860242959858e-09
9.335106021524097741e-09
1.136485305863743633e-08
9.212093865507142709e-10
4.121685215352499654e-09
5.487137966220245744e-10
5.379284240270010287e-10
1.257360054296441376e-06
0.000000000000000000e+00
4.300816414115615771e-08
4.551898058480219333e-08
7.798738010933448095e-07
1.054376551345992397e-11
4.057712317262485158e-07
1.100520918839720252e-08
2.191368366766255349e-07
2.132750864802801516e-08
0.000000000000000000e+00
9.284743782700388692e-07
8.001115503648847938e-13
0.000000000000000000e+00
1.233295332525585764e-08
8.523719507991245337e-09
0.000000000000000000e+00
1.446118403691798449e-06
4.330863223600545098e-09
0.000000000000000000e+00
0.000000000000000000e+00
0.000000000000000000e+00
9.122230082425630826e-09
4.664591490843861266e-10
0.000000000000000000e+00
0.000000000000000000e+00
1.277437462476882502e-07
0.000000000000000000e+00
0.000000000000000000e+00
0.000000000000000000e+00
0.000000000000000000e+00
9.460234817737500634e-10
2.358047446193722863e-08
0.000000000000000000e+00
0.000000000000000000e+00
0.000000000000000000e+00
0.000000000000000000e+00
1.601041382803813917e-10
0.000000000000000000e+00
0.000000000000000000e+00
0.000000000000000000e+00
0.000000000000000000e+00
0.000000000000000000e+00
1.162280440780705248e-07
0.000000000000000000e+00
0.000000000000000000e+00
6.851328393508993031e-09
0.000000000000000000e+00
0.000000000000000000e+00
0.000000000000000000e+00
1.087643197728027644e-09
3.591186725770967314e-08
4.053311908336354463e-09
0.000000000000000000e+00
4.855224666755475482e-09
0.000000000000000000e+00
0.000000000000000000e+00
0.000000000000000000e+00
4.632365158130369309e-09
9.017029345415039643e-10
0.000000000000000000e+00
0.000000000000000000e+00
6.367915084126707370e-09
3.565027739682591346e-08
8.965288067486198997e-09
4.723490487634762758e-10
7.671285828791951644e-09
8.775281612471985682e-10
0.000000000000000000e+00
0.000000000000000000e+00
1.486507983372575836e-08
1.925158817084327012e-12
1.285558548502763188e-09
3.450504237889617798e-08
1.533017695010130410e-07
9.644098781791399233e-07
0.000000000000000000e+00
1.214821931938558919e-08
3.529532888180142436e-09
4.218813742795646249e-08
2.640747898130513249e-10
0.000000000000000000e+00
0.000000000000000000e+00
1.515025758180854609e-07
2.514043217161088251e-06
0.000000000000000000e+00
1.289443787300115218e-07
7.773090615614819399e-09
0.000000000000000000e+00
0.000000000000000000e+00
0.000000000000000000e+00
0.000000000000000000e+00
2.274046210004598834e-06
0.000000000000000000e+00
5.440992367766739335e-08
0.000000000000000000e+00
0.000000000000000000e+00
0.000000000000000000e+00
0.000000000000000000e+00
0.000000000000000000e+00
0.000000000000000000e+00
0.000000000000000000e+00
0.000000000000000000e+00
0.000000000000000000e+00
0.000000000000000000e+00
7.339350238666497717e-10
0.000000000000000000e+00
3.166992446068661593e-09
0.000000000000000000e+00
8.993907840704196133e-09
0.000000000000000000e+00
9.337920658936127438e-09
3.524057934356505939e-09
0.000000000000000000e+00
2.030954071585711063e-09
0.000000000000000000e+00
0.000000000000000000e+00
0.000000000000000000e+00
5.456439300388638003e-09
0.000000000000000000e+00
0.000000000000000000e+00
0.000000000000000000e+00
0.000000000000000000e+00
8.218894897993322957e-09
0.000000000000000000e+00
0.000000000000000000e+00
0.000000000000000000e+00
0.000000000000000000e+00
2.316510316902054001e-09
0.000000000000000000e+00
0.000000000000000000e+00
0.000000000000000000e+00
5.382073897663985917e-09
3.046027208242207962e-09
0.000000000000000000e+00
7.445180916221261214e-09
0.000000000000000000e+00
0.000000000000000000e+00
0.000000000000000000e+00
2.133547852278816492e-11
0.000000000000000000e+00
0.000000000000000000e+00
0.000000000000000000e+00
0.000000000000000000e+00
1.237772462303610155e-08
4.163047510885586888e-12
0.000000000000000000e+00
2.664543252706152998e-09
1.138057426075533840e-09
5.353883238967682701e-07
1.630221180271007597e-09
2.322489534023475244e-09
1.793926251991706522e-08
5.190268481669590983e-08
2.090246425723307766e-06
4.981251322533353232e-08
4.664692521139102155e-10
2.146940261127383565e-07
0.000000000000000000e+00
0.000000000000000000e+00
9.441271098253878336e-10
3.557429195666372834e-08
1.675222094377204485e-08
5.051634275332617108e-07
8.249529059867199976e-07
3.952015104058403949e-10
2.451662339808535762e-08
8.663624271321168635e-07
1.971521896848571487e-06
9.464641570477994037e-11
1.022297890784784613e-08
3.987471186572832949e-10
2.904794271785249293e-08
0.000000000000000000e+00
0.000000000000000000e+00
2.844540401836237464e-11
0.000000000000000000e+00
4.656332919239503099e-07
0.000000000000000000e+00
8.235919501942134957e-09
0.000000000000000000e+00
0.000000000000000000e+00
6.064081237155960480e-09
0.000000000000000000e+00
0.000000000000000000e+00
6.208461300616363587e-09
2.035726609506127716e-08
5.833270311228488936e-09
0.000000000000000000e+00
5.863833862917999795e-09
0.000000000000000000e+00
0.000000000000000000e+00
2.726374237482787066e-09
1.209391520262670383e-08
7.029101301014861747e-09
0.000000000000000000e+00
0.000000000000000000e+00
1.170717922605035710e-08
0.000000000000000000e+00
0.000000000000000000e+00
8.631329961872324930e-08
7.873462298801925385e-11
1.066369437197067782e-09
1.101392727020922280e-10
3.792371148017559257e-13
0.000000000000000000e+00
3.369887124904380471e-08
0.000000000000000000e+00
6.633555510449085091e-11
2.139510826282275957e-07
5.820729676031533018e-09
1.840774999095629028e-08
1.303064550484123174e-06
1.232755231228566117e-09
5.753885368164901593e-09
0.000000000000000000e+00
3.422601594138541259e-06
9.033566672478343662e-10
1.591303422365797360e-09
3.305287918919930235e-07
5.745935324763529195e-11
9.355057528637189534e-08
5.801055191767545693e-10
3.379112545331963702e-09
9.970940517689541593e-09
8.296759119730268139e-07
5.070897923786787942e-09
0.000000000000000000e+00
1.802391014216198073e-10
0.000000000000000000e+00
1.095570190123851262e-09
4.795791141987137962e-07
0.000000000000000000e+00
3.621746316184726311e-07
4.034114819972955956e-09
3.721324637329104235e-11
4.227866412520597805e-08
0.000000000000000000e+00
0.000000000000000000e+00
1.437289824934850913e-07
5.177253825650041108e-08
4.204818715436431376e-09
1.342628265510459329e-11
1.091395418484353286e-08
4.156161637069999415e-09
0.000000000000000000e+00
0.000000000000000000e+00
0.000000000000000000e+00
0.000000000000000000e+00
0.000000000000000000e+00
7.095286580494075679e-09
0.000000000000000000e+00
0.000000000000000000e+00
0.000000000000000000e+00
0.000000000000000000e+00
0.000000000000000000e+00
2.945255259297063777e-13
0.000000000000000000e+00
0.000000000000000000e+00
2.238994989411935421e-09
5.857979772372345906e-07
0.000000000000000000e+00
2.926839783867762890e-07
0.000000000000000000e+00
0.000000000000000000e+00
0.000000000000000000e+00
0.000000000000000000e+00
1.536713654104460147e-07
0.000000000000000000e+00
0.000000000000000000e+00
0.000000000000000000e+00
0.000000000000000000e+00
2.240403240705290955e-08
2.995902637081826470e-09
0.000000000000000000e+00
5.871918773436846095e-08
0.000000000000000000e+00
7.474128871365337545e-09
0.000000000000000000e+00
1.301833918443406901e-10
2.083449999190634117e-07
1.001112934773118468e-07
3.205935295014228359e-09
3.031424000710103428e-07
1.588517335449068923e-07
3.908563783738827624e-08
6.123551443693031615e-09
7.394250474135333207e-07
3.787806512889346777e-09
2.109693753027386265e-09
7.510253396958432859e-08
8.407762486228875787e-09
6.247327100084021367e-10
8.509736915129906265e-08
1.904695290377844685e-09
0.000000000000000000e+00
0.000000000000000000e+00
1.257988913039298495e-08
9.707971232453260768e-11
3.293896839312582259e-12
1.865867238493024161e-09
3.463769360223523108e-07
3.031960602584149456e-07
0.000000000000000000e+00
1.810291805348640537e-09
1.295797318334734882e-07
0.000000000000000000e+00
0.000000000000000000e+00
1.836782672626213753e-07
0.000000000000000000e+00
2.656267099609976867e-07
1.778103175809064851e-08
2.783388275418019475e-08
0.000000000000000000e+00
0.000000000000000000e+00
7.717502370496731601e-08
5.407992720307674972e-09
1.687380546400163439e-07
0.000000000000000000e+00
8.240687776606137049e-08
1.164980473200571964e-10
0.000000000000000000e+00
4.541778935163165443e-07
0.000000000000000000e+00
0.000000000000000000e+00
0.000000000000000000e+00
7.155963377414309434e-09
9.744244522380540730e-09
1.554040451878790918e-09
1.615907585517106781e-08
0.000000000000000000e+00
0.000000000000000000e+00
0.000000000000000000e+00
0.000000000000000000e+00
8.996128286753446446e-08
0.000000000000000000e+00
9.454740990122445510e-09
2.349529459877430781e-09
0.000000000000000000e+00
0.000000000000000000e+00
0.000000000000000000e+00
3.089972722136735683e-08
0.000000000000000000e+00
0.000000000000000000e+00
1.108475800037922454e-08
0.000000000000000000e+00
5.639684275138279190e-09
0.000000000000000000e+00
4.921633101062639071e-10
3.012447846728605327e-09
0.000000000000000000e+00
0.000000000000000000e+00
1.994877818489726451e-09
0.000000000000000000e+00
0.000000000000000000e+00
3.971114992395996524e-09
2.191484611557825701e-07
0.000000000000000000e+00
1.208576794198279458e-08
2.612782212807474025e-09
2.592577708071530651e-08
0.000000000000000000e+00
6.056958312683491386e-08
2.852793112850804391e-09
8.137053808532357380e-10
2.674050980644437914e-09
1.821362261011927330e-08
1.110029188566841185e-07
4.783413595776941918e-11
2.792586994981860471e-10
1.137170801968068190e-08
8.370977866434259340e-07
3.904873757676341484e-09
1.095346480184389293e-08
4.536996911497226392e-08
7.438314497676401515e-08
6.906151384100667201e-08
0.000000000000000000e+00
0.000000000000000000e+00
0.000000000000000000e+00
1.525391013501575799e-07
0.000000000000000000e+00
0.000000000000000000e+00
7.368078058789251372e-08
5.744357878256778349e-08
6.687665177196322475e-07
2.224010273721432895e-07
4.652551410799787845e-07
0.000000000000000000e+00
0.000000000000000000e+00
0.000000000000000000e+00
2.374838325991390775e-09
8.889210079132681130e-08
2.763328943444776087e-08
5.959733151428281417e-09
9.859547844826010987e-09
0.000000000000000000e+00
1.101706170736349577e-09
0.000000000000000000e+00
3.018278675881447271e-06
6.251055673089922493e-09
3.734136999611337160e-09
6.979920114114079865e-13
0.000000000000000000e+00
6.068148206139767353e-09
7.770557530761834641e-09
0.000000000000000000e+00
0.000000000000000000e+00
2.434109580562449082e-09
6.228877680314326426e-08
8.536332231356968947e-12
3.980045737428383745e-10
5.658097546046292337e-09
0.000000000000000000e+00
3.117280584774562158e-07
1.004913841029519972e-08
4.427909630067006219e-07
3.374122314880878548e-08
1.189089516628882848e-06
5.053312861491576768e-07
1.343590952274098527e-06
4.559345256893720943e-07
3.187627157785755116e-07
8.266198392448131926e-07
2.193215777879231609e-06
5.978668013995047659e-07
3.676967708088341169e-07
5.774861051577317994e-07
6.032363444319344126e-07
1.182503410745994188e-06
7.727504858223710471e-09
6.110230401645821985e-07
6.817218718424555846e-07
9.688596946944016963e-08
3.979374127993651200e-07
1.472033090976765379e-07
8.898690140313192387e-08
5.033522825215186458e-07
4.438142241269815713e-06
1.777848524397995789e-06
4.889029696641955525e-07
1.667016476858407259e-06
8.989024422589864116e-07
4.678088316723005846e-06
9.266184974876523484e-07
5.322514766703534406e-07
0.000000000000000000e+00
0.000000000000000000e+00
3.539163060395367211e-07
5.980830337648512796e-07
1.972030759134213440e-06
1.788410600056522526e-06
4.093123209258919815e-07
1.176452883555612061e-06
1.806727709663391579e-07
0.000000000000000000e+00
0.000000000000000000e+00
6.307258881843580411e-11
1.554376467538531870e-06
0.000000000000000000e+00
4.064087590904819081e-07
1.105570532899946556e-07
7.219596795948746148e-07
0.000000000000000000e+00
8.787891303541073285e-09
2.718121265843365109e-07
1.850497284294760902e-07
1.695642026788846124e-07
7.324913440243108198e-07
5.982788024994079024e-07
2.352309820707887411e-06
0.000000000000000000e+00
4.727299369733373169e-07
0.000000000000000000e+00
1.691654006208409555e-06
2.102955249938531779e-06
6.461149837377888616e-07
1.291389821744814981e-06
0.000000000000000000e+00
1.558275585011870135e-06
0.000000000000000000e+00
5.101413762531592511e-07
2.254586917160850135e-08
0.000000000000000000e+00
0.000000000000000000e+00
0.000000000000000000e+00
1.823708316806005314e-06
0.000000000000000000e+00
5.204525255209091483e-09
4.016133516415720806e-06
2.512477067284635268e-06
9.210989304619943141e-09
0.000000000000000000e+00
2.955625177492038347e-06
0.000000000000000000e+00
0.000000000000000000e+00
